t_sec,source,mac,rssi,rate,n_sub,std,doppler,raw_csi_iq...(2*n_sub) then amp...(n_sub) then phase...(n_sub)
0.07701995499519398,router,ba:bd:de:13:68:55,-83,99.33757690488115,64,0.9808135761954454,6.7885792349497915,0,0,-21,-4,-19,-4,-19,-4,-17,-4,-14,-2,-13,-2,-13,-1,-12,-1,-11,-1,-12,-1,-11,0,-10,0,-10,1,-11,1,-9,1,-10,0,-10,0,-9,0,-10,1,-10,1,-8,0,-9,-1,-10,0,-9,0,-9,1,-8,2,0,0,0,0,0,0,0,0,0,0,0,0,0,0,0,0,0,0,0,0,0,0,-8,0,-8,1,-9,0,-10,-1,-11,-1,-12,-1,-12,-1,-13,-1,-14,-1,-13,-1,-13,-2,-14,-1,-15,-1,-15,-2,-14,-2,-15,-2,-16,-1,-17,-1,-17,-3,-16,-4,-17,-4,-17,-4,-18,-3,-18,-3,-18,-4,-19,-4,0.0,21.37755832643195,19.4164878389476,19.4164878389476,17.46424919657298,14.142135623730951,13.152946437965905,13.038404810405298,12.041594578792296,11.045361017187261,12.041594578792296,11.0,10.0,10.04987562112089,11.045361017187261,9.055385138137417,10.0,10.0,9.0,10.04987562112089,10.04987562112089,8.0,9.055385138137417,10.0,9.0,9.055385138137417,8.246211251235321,0.0,0.0,0.0,0.0,0.0,0.0,0.0,0.0,0.0,0.0,0.0,8.0,8.06225774829855,9.0,10.04987562112089,11.045361017187261,12.041594578792296,12.041594578792296,13.038404810405298,14.035668847618199,13.038404810405298,13.152946437965905,14.035668847618199,15.033296378372908,15.132745950421556,14.142135623730951,15.132745950421556,16.0312195418814,17.029386365926403,17.26267650163207,16.492422502470642,17.46424919657298,17.46424919657298,18.24828759089466,18.24828759089466,18.439088914585774,19.4164878389476,0.0,-2.9533711482850227,-2.9340964271545906,-2.9340964271545906,-2.9105019863938963,-2.999695598985629,-2.988943325194528,-3.064820762320015,-3.058451421701352,-3.050932766389048,-3.058451421701352,3.141592653589793,3.141592653589793,3.0419240010986313,3.050932766389048,3.0309354324158977,3.141592653589793,3.141592653589793,3.141592653589793,3.0419240010986313,3.0419240010986313,3.141592653589793,-3.0309354324158977,3.141592653589793,3.141592653589793,3.0309354324158977,2.896613990462929,0.0,0.0,0.0,0.0,0.0,0.0,0.0,0.0,0.0,0.0,0.0,3.141592653589793,3.017237659043032,3.141592653589793,-3.0419240010986313,-3.050932766389048,-3.058451421701352,-3.058451421701352,-3.064820762320015,-3.070285188804503,-3.064820762320015,-2.988943325194528,-3.070285188804503,-3.0750244898139694,-3.0090411212931194,-2.999695598985629,-3.0090411212931194,-3.079173843593836,-3.0828368308740703,-2.9669204545815537,-2.896613990462929,-2.9105019863938963,-2.9105019863938963,-2.976443976175166,-2.976443976175166,-2.922923707715851,-2.9340964271545906
0.17766679599299096,router,ba:bd:de:13:68:55,-84,99.33757690488115,64,0.97849394419756,6.772149076394196,0,0,-19,1,-18,-1,-16,-1,-14,-1,-14,-2,-13,0,-13,0,-11,-1,-11,0,-11,1,-10,2,-10,2,-9,2,-9,2,-10,2,-10,3,-9,4,-8,4,-8,3,-8,2,-8,2,-8,2,-7,1,-7,2,-7,2,-6,2,0,0,0,0,0,0,0,0,0,0,0,0,0,0,0,0,0,0,0,0,0,0,-8,-1,-9,-1,-9,-1,-9,-2,-10,-2,-11,-2,-12,-2,-11,-3,-11,-3,-12,-3,-13,-2,-13,-1,-14,0,-15,-1,-15,-2,-15,-2,-15,-1,-15,-1,-16,0,-16,-1,-17,-3,-17,-2,-17,-2,-18,-1,-18,-2,-17,-2,0.0,19.026297590440446,18.027756377319946,16.0312195418814,14.035668847618199,14.142135623730951,13.0,13.0,11.045361017187261,11.0,11.045361017187261,10.198039027185569,10.198039027185569,9.219544457292887,9.219544457292887,10.198039027185569,10.44030650891055,9.848857801796104,8.94427190999916,8.54400374531753,8.246211251235321,8.246211251235321,8.246211251235321,7.0710678118654755,7.280109889280518,7.280109889280518,6.324555320336759,0.0,0.0,0.0,0.0,0.0,0.0,0.0,0.0,0.0,0.0,0.0,8.06225774829855,9.055385138137417,9.055385138137417,9.219544457292887,10.198039027185569,11.180339887498949,12.165525060596439,11.40175425099138,11.40175425099138,12.36931687685298,13.152946437965905,13.038404810405298,14.0,15.033296378372908,15.132745950421556,15.132745950421556,15.033296378372908,15.033296378372908,16.0,16.0312195418814,17.26267650163207,17.11724276862369,17.11724276862369,18.027756377319946,18.110770276274835,17.11724276862369,0.0,3.0890095919788516,-3.0860941483440762,-3.079173843593836,-3.070285188804503,-2.999695598985629,3.141592653589793,3.141592653589793,-3.050932766389048,3.141592653589793,3.050932766389048,2.9441970937399127,2.9441970937399127,2.922923707715851,2.922923707715851,2.9441970937399127,2.8501358591119264,2.723368324010564,2.677945044588987,2.782821983319221,2.896613990462929,2.896613990462929,2.896613990462929,2.999695598985629,2.8632929945846817,2.8632929945846817,2.819842099193151,0.0,0.0,0.0,0.0,0.0,0.0,0.0,0.0,0.0,0.0,0.0,-3.017237659043032,-3.0309354324158977,-3.0309354324158977,-2.922923707715851,-2.9441970937399127,-2.961739153797315,-2.976443976175166,-2.875340604438868,-2.875340604438868,-2.896613990462929,-2.988943325194528,-3.064820762320015,3.141592653589793,-3.0750244898139694,-3.0090411212931194,-3.0090411212931194,-3.0750244898139694,-3.0750244898139694,3.141592653589793,-3.079173843593836,-2.9669204545815537,-3.024483909022929,-3.024483909022929,-3.0860941483440762,-3.0309354324158977,-3.024483909022929
0.2775860969995847,router,ba:bd:de:13:68:55,-83,99.33757690488115,64,0.9770182597366623,6.751452729662567,0,0,17,-2,18,-2,16,-1,15,-1,15,-3,14,-3,13,-3,13,-3,12,-3,11,-3,11,-3,10,-3,9,-3,8,-4,8,-4,8,-4,8,-4,8,-4,8,-4,8,-3,8,-3,8,-3,8,-2,6,-2,6,-2,7,-4,0,0,0,0,0,0,0,0,0,0,0,0,0,0,0,0,0,0,0,0,0,0,6,-4,6,-4,7,-5,7,-5,7,-5,8,-4,10,-3,11,-4,12,-4,12,-4,12,-4,13,-4,13,-4,13,-4,13,-5,13,-5,14,-5,16,-4,16,-4,15,-5,15,-5,16,-4,17,-3,18,-4,19,-4,18,-3,0.0,17.11724276862369,18.110770276274835,16.0312195418814,15.033296378372908,15.297058540778355,14.317821063276353,13.341664064126334,13.341664064126334,12.36931687685298,11.40175425099138,11.40175425099138,10.44030650891055,9.486832980505138,8.94427190999916,8.94427190999916,8.94427190999916,8.94427190999916,8.94427190999916,8.94427190999916,8.54400374531753,8.54400374531753,8.54400374531753,8.246211251235321,6.324555320336759,6.324555320336759,8.06225774829855,0.0,0.0,0.0,0.0,0.0,0.0,0.0,0.0,0.0,0.0,0.0,7.211102550927978,7.211102550927978,8.602325267042627,8.602325267042627,8.602325267042627,8.94427190999916,10.44030650891055,11.704699910719626,12.649110640673518,12.649110640673518,12.649110640673518,13.601470508735444,13.601470508735444,13.601470508735444,13.92838827718412,13.92838827718412,14.866068747318506,16.492422502470642,16.492422502470642,15.811388300841896,15.811388300841896,16.492422502470642,17.26267650163207,18.439088914585774,19.4164878389476,18.24828759089466,0.0,-0.11710874456686428,-0.11065722117389565,-0.06241880999595735,-0.06656816377582381,-0.19739555984988075,-0.21109333322274654,-0.22679884805388587,-0.22679884805388587,-0.24497866312686414,-0.2662520491509254,-0.2662520491509254,-0.2914567944778671,-0.3217505543966422,-0.4636476090008061,-0.4636476090008061,-0.4636476090008061,-0.4636476090008061,-0.4636476090008061,-0.4636476090008061,-0.35877067027057225,-0.35877067027057225,-0.35877067027057225,-0.24497866312686414,-0.3217505543966422,-0.3217505543966422,-0.5191461142465229,0.0,0.0,0.0,0.0,0.0,0.0,0.0,0.0,0.0,0.0,0.0,-0.5880026035475675,-0.5880026035475675,-0.6202494859828215,-0.6202494859828215,-0.6202494859828215,-0.4636476090008061,-0.2914567944778671,-0.348771003583907,-0.3217505543966422,-0.3217505543966422,-0.3217505543966422,-0.2984989315861793,-0.2984989315861793,-0.2984989315861793,-0.3671738338182192,-0.3671738338182192,-0.3430239404207034,-0.24497866312686414,-0.24497866312686414,-0.3217505543966422,-0.3217505543966422,-0.24497866312686414,-0.1746721990082397,-0.21866894587394195,-0.20749622643520266,-0.16514867741462683
0.386045336999814,router,ba:bd:de:13:68:55,-83,99.33757690488115,64,0.9750971475650227,6.752777837906804,0,0,-17,7,-17,6,-16,6,-15,6,-15,5,-14,5,-13,5,-12,5,-11,5,-11,6,-10,6,-10,6,-9,5,-9,5,-8,6,-8,6,-7,6,-7,5,-8,5,-8,6,-8,5,-7,3,-6,4,-7,4,-7,3,-4,2,0,0,0,0,0,0,0,0,0,0,0,0,0,0,0,0,0,0,0,0,0,0,-6,4,-7,4,-8,4,-8,5,-9,5,-9,5,-10,5,-12,5,-13,5,-11,6,-11,6,-12,5,-13,5,-14,6,-15,5,-15,5,-15,6,-15,7,-15,7,-17,6,-17,7,-17,8,-17,7,-16,7,-17,7,-18,7,0.0,18.384776310850235,18.027756377319946,17.08800749063506,16.15549442140351,15.811388300841896,14.866068747318506,13.92838827718412,13.0,12.083045973594572,12.529964086141668,11.661903789690601,11.661903789690601,10.295630140987,10.295630140987,10.0,10.0,9.219544457292887,8.602325267042627,9.433981132056603,10.0,9.433981132056603,7.615773105863909,7.211102550927978,8.06225774829855,7.615773105863909,4.47213595499958,0.0,0.0,0.0,0.0,0.0,0.0,0.0,0.0,0.0,0.0,0.0,7.211102550927978,8.06225774829855,8.94427190999916,9.433981132056603,10.295630140987,10.295630140987,11.180339887498949,13.0,13.92838827718412,12.529964086141668,12.529964086141668,13.0,13.92838827718412,15.231546211727817,15.811388300841896,15.811388300841896,16.15549442140351,16.55294535724685,16.55294535724685,18.027756377319946,18.384776310850235,18.788294228055936,18.384776310850235,17.46424919657298,18.384776310850235,19.313207915827967,0.0,2.7509856098921066,2.8023000391357487,2.782821983319221,2.761086276477428,2.819842099193151,2.79856871316909,2.774418819771574,2.746801533890032,2.714965160462917,2.642245931909663,2.601173153319209,2.601173153319209,2.6344941491974563,2.6344941491974563,2.498091544796509,2.498091544796509,2.432966381462123,2.5213431676069717,2.5829933382462307,2.498091544796509,2.5829933382462307,2.7367008673047097,2.5535900500422257,2.62244653934327,2.7367008673047097,2.677945044588987,0.0,0.0,0.0,0.0,0.0,0.0,0.0,0.0,0.0,0.0,0.0,2.5535900500422257,2.62244653934327,2.677945044588987,2.5829933382462307,2.6344941491974563,2.6344941491974563,2.677945044588987,2.746801533890032,2.774418819771574,2.642245931909663,2.642245931909663,2.746801533890032,2.774418819771574,2.7367008673047097,2.819842099193151,2.819842099193151,2.761086276477428,2.704965493776252,2.704965493776252,2.8023000391357487,2.7509856098921066,2.701750070774057,2.7509856098921066,2.729182211992406,2.7509856098921066,2.770701364777131
0.49600279899459565,router,ba:bd:de:13:68:55,-83,99.33757690488115,64,0.9741449371562947,6.769214831040838,0,0,-19,4,-16,5,-14,7,-14,7,-13,6,-13,5,-13,6,-12,6,-10,5,-9,4,-9,4,-10,4,-10,4,-8,5,-7,5,-8,5,-8,5,-8,5,-7,4,-6,4,-7,3,-8,3,-8,3,-6,3,-6,2,-6,0,0,0,0,0,0,0,0,0,0,0,0,0,0,0,0,0,0,0,0,0,0,0,-5,2,-4,3,-5,4,-8,5,-9,4,-8,3,-8,3,-9,4,-10,5,-11,6,-12,7,-12,8,-12,8,-15,7,-14,4,-12,5,-13,7,-14,7,-14,8,-15,9,-16,7,-17,7,-17,8,-17,7,-17,6,-19,8,0.0,19.4164878389476,16.76305461424021,15.652475842498529,15.652475842498529,14.317821063276353,13.92838827718412,14.317821063276353,13.416407864998739,11.180339887498949,9.848857801796104,9.848857801796104,10.770329614269007,10.770329614269007,9.433981132056603,8.602325267042627,9.433981132056603,9.433981132056603,9.433981132056603,8.06225774829855,7.211102550927978,7.615773105863909,8.54400374531753,8.54400374531753,6.708203932499369,6.324555320336759,6.0,0.0,0.0,0.0,0.0,0.0,0.0,0.0,0.0,0.0,0.0,0.0,5.385164807134504,5.0,6.4031242374328485,9.433981132056603,9.848857801796104,8.54400374531753,8.54400374531753,9.848857801796104,11.180339887498949,12.529964086141668,13.892443989449804,14.422205101855956,14.422205101855956,16.55294535724685,14.560219778561036,13.0,14.7648230602334,15.652475842498529,16.1245154965971,17.4928556845359,17.46424919657298,18.384776310850235,18.788294228055936,18.384776310850235,18.027756377319946,20.615528128088304,0.0,2.9340964271545906,2.838707785214822,2.677945044588987,2.677945044588987,2.7091848780192556,2.774418819771574,2.7091848780192556,2.677945044588987,2.677945044588987,2.723368324010564,2.723368324010564,2.761086276477428,2.761086276477428,2.5829933382462307,2.5213431676069717,2.5829933382462307,2.5829933382462307,2.5829933382462307,2.62244653934327,2.5535900500422257,2.7367008673047097,2.782821983319221,2.782821983319221,2.677945044588987,2.819842099193151,3.141592653589793,0.0,0.0,0.0,0.0,0.0,0.0,0.0,0.0,0.0,0.0,0.0,2.761086276477428,2.498091544796509,2.4668517113662407,2.5829933382462307,2.723368324010564,2.782821983319221,2.782821983319221,2.723368324010564,2.677945044588987,2.642245931909663,2.6135182051634334,2.5535900500422257,2.5535900500422257,2.704965493776252,2.8632929945846817,2.746801533890032,2.647651284670212,2.677945044588987,2.62244653934327,2.601173153319209,2.729182211992406,2.7509856098921066,2.701750070774057,2.7509856098921066,2.8023000391357487,2.743070207923373
0.606781686998147,router,ba:bd:de:13:68:55,-84,99.33757690488115,64,0.9727235804906074,6.795794033769402,0,0,10,14,10,14,10,14,9,13,8,12,9,10,9,10,8,10,7,10,7,8,7,7,7,8,8,7,8,6,7,8,7,7,7,5,6,5,5,5,6,5,7,4,7,5,7,5,6,5,5,4,5,0,0,0,0,0,0,0,0,0,0,0,0,0,0,0,0,0,0,0,0,0,0,0,5,4,5,5,6,6,7,7,7,7,7,8,7,9,7,10,7,11,7,11,8,10,8,11,8,12,9,12,10,11,12,11,11,12,9,14,9,14,10,14,10,13,11,13,11,14,10,15,10,17,10,17,0.0,17.204650534085253,17.204650534085253,17.204650534085253,15.811388300841896,14.422205101855956,13.45362404707371,13.45362404707371,12.806248474865697,12.206555615733702,10.63014581273465,9.899494936611665,10.63014581273465,10.63014581273465,10.0,10.63014581273465,9.899494936611665,8.602325267042627,7.810249675906654,7.0710678118654755,7.810249675906654,8.06225774829855,8.602325267042627,8.602325267042627,7.810249675906654,6.4031242374328485,5.0,0.0,0.0,0.0,0.0,0.0,0.0,0.0,0.0,0.0,0.0,0.0,6.4031242374328485,7.0710678118654755,8.48528137423857,9.899494936611665,9.899494936611665,10.63014581273465,11.40175425099138,12.206555615733702,13.038404810405298,13.038404810405298,12.806248474865697,13.601470508735444,14.422205101855956,15.0,14.866068747318506,16.278820596099706,16.278820596099706,16.64331697709324,16.64331697709324,17.204650534085253,16.401219466856727,17.029386365926403,17.804493814764857,18.027756377319946,19.72308292331602,19.72308292331602,0.0,0.9505468408120752,0.9505468408120752,0.9505468408120752,0.9652516631899266,0.982793723247329,0.83798122500839,0.83798122500839,0.8960553845713439,0.960070362405688,0.8519663271732721,0.7853981633974483,0.8519663271732721,0.7188299996216245,0.6435011087932844,0.8519663271732721,0.7853981633974483,0.6202494859828215,0.6947382761967031,0.7853981633974483,0.6947382761967031,0.5191461142465229,0.6202494859828215,0.6202494859828215,0.6947382761967031,0.6747409422235526,0.0,0.0,0.0,0.0,0.0,0.0,0.0,0.0,0.0,0.0,0.0,0.0,0.6747409422235526,0.7853981633974483,0.7853981633974483,0.7853981633974483,0.7853981633974483,0.8519663271732721,0.9097531579442097,0.960070362405688,1.0040671092713902,1.0040671092713902,0.8960553845713439,0.9420000403794636,0.982793723247329,0.9272952180016122,0.8329812666744317,0.7419472680059175,0.8288490587889792,0.9994588469612699,0.9994588469612699,0.9505468408120752,0.9151007005533605,0.8685393952858895,0.9048270894157867,0.982793723247329,1.039072259536091,1.039072259536091
0.7171972509968327,router,ba:bd:de:13:68:55,-83,99.33757690488115,64,0.9738239009814866,6.828942169872532,0,0,-19,2,-20,0,-19,0,-18,0,-16,0,-14,2,-13,2,-12,2,-12,1,-13,2,-14,2,-14,2,-13,2,-10,2,-9,3,-11,3,-11,4,-10,4,-10,4,-10,4,-9,3,-9,2,-9,2,-10,3,-11,3,-11,3,0,0,0,0,0,0,0,0,0,0,0,0,0,0,0,0,0,0,0,0,0,0,-10,2,-9,1,-10,2,-9,1,-8,1,-9,1,-11,1,-11,0,-11,1,-12,1,-13,1,-12,1,-12,-2,-13,-3,-15,-2,-16,-1,-16,0,-16,0,-17,-1,-17,-3,-15,-3,-16,-2,-17,0,-18,1,-18,2,-18,1,0.0,19.1049731745428,20.0,19.0,18.0,16.0,14.142135623730951,13.152946437965905,12.165525060596439,12.041594578792296,13.152946437965905,14.142135623730951,14.142135623730951,13.152946437965905,10.198039027185569,9.486832980505138,11.40175425099138,11.704699910719626,10.770329614269007,10.770329614269007,10.770329614269007,9.486832980505138,9.219544457292887,9.219544457292887,10.44030650891055,11.40175425099138,11.40175425099138,0.0,0.0,0.0,0.0,0.0,0.0,0.0,0.0,0.0,0.0,0.0,10.198039027185569,9.055385138137417,10.198039027185569,9.055385138137417,8.06225774829855,9.055385138137417,11.045361017187261,11.0,11.045361017187261,12.041594578792296,13.038404810405298,12.041594578792296,12.165525060596439,13.341664064126334,15.132745950421556,16.0312195418814,16.0,16.0,17.029386365926403,17.26267650163207,15.297058540778355,16.1245154965971,17.0,18.027756377319946,18.110770276274835,18.027756377319946,0.0,3.036715714859559,3.141592653589793,3.141592653589793,3.141592653589793,3.141592653589793,2.999695598985629,2.988943325194528,2.976443976175166,3.058451421701352,2.988943325194528,2.999695598985629,2.999695598985629,2.988943325194528,2.9441970937399127,2.819842099193151,2.875340604438868,2.7928216500058864,2.761086276477428,2.761086276477428,2.761086276477428,2.819842099193151,2.922923707715851,2.922923707715851,2.8501358591119264,2.875340604438868,2.875340604438868,0.0,0.0,0.0,0.0,0.0,0.0,0.0,0.0,0.0,0.0,0.0,2.9441970937399127,3.0309354324158977,2.9441970937399127,3.0309354324158977,3.017237659043032,3.0309354324158977,3.050932766389048,3.141592653589793,3.050932766389048,3.058451421701352,3.064820762320015,3.058451421701352,-2.976443976175166,-2.9147938055359073,-3.0090411212931194,-3.079173843593836,3.141592653589793,3.141592653589793,-3.0828368308740703,-2.9669204545815537,-2.9441970937399127,-3.017237659043032,3.141592653589793,3.0860941483440762,3.0309354324158977,3.0860941483440762
0.8207447249951656,router,ba:bd:de:13:68:55,-81,98.80990417018612,64,0.9740711303299849,6.86610208889029,0,0,-2,-17,0,-19,0,-18,-1,-16,-1,-15,0,-14,0,-15,-2,-14,-3,-13,-2,-12,-3,-11,-4,-11,-4,-10,-5,-10,-5,-10,-5,-9,-5,-9,-5,-8,-4,-8,-4,-8,-4,-8,-4,-8,-4,-9,-4,-9,-3,-9,-1,-9,0,0,0,0,0,0,0,0,0,0,0,0,0,0,0,0,0,0,0,0,0,0,-1,-8,0,-9,1,-10,-1,-10,-1,-11,0,-13,0,-13,0,-12,0,-12,1,-13,2,-14,3,-13,2,-13,1,-14,1,-13,1,-13,1,-14,1,-16,1,-17,0,-16,-1,-16,0,-18,0,-19,0,-18,0,-17,0,-19,0.0,17.11724276862369,19.0,18.0,16.0312195418814,15.033296378372908,14.0,15.0,14.142135623730951,13.341664064126334,12.165525060596439,11.40175425099138,11.704699910719626,10.770329614269007,11.180339887498949,11.180339887498949,10.295630140987,10.295630140987,9.433981132056603,8.94427190999916,8.94427190999916,8.94427190999916,8.94427190999916,9.848857801796104,9.848857801796104,9.486832980505138,9.055385138137417,0.0,0.0,0.0,0.0,0.0,0.0,0.0,0.0,0.0,0.0,0.0,8.06225774829855,9.0,10.04987562112089,10.04987562112089,11.045361017187261,13.0,13.0,12.0,12.0,13.038404810405298,14.142135623730951,13.341664064126334,13.152946437965905,14.035668847618199,13.038404810405298,13.038404810405298,14.035668847618199,16.0312195418814,17.029386365926403,16.0,16.0312195418814,18.0,19.0,18.0,17.0,19.0,0.0,-1.687905071361761,-1.5707963267948966,-1.5707963267948966,-1.633215136790854,-1.6373644905707205,-1.5707963267948966,-1.5707963267948966,-1.7126933813990606,-1.7975951748487824,-1.7359450042095235,-1.837048375945822,-1.9195673303788037,-1.9513027039072615,-2.0344439357957027,-2.0344439357957027,-2.0778948311872334,-2.0778948311872334,-2.129395642138459,-2.0344439357957027,-2.0344439357957027,-2.0344439357957027,-2.0344439357957027,-1.9890206563741257,-1.9890206563741257,-1.892546881191539,-1.6814535479687922,0.0,0.0,0.0,0.0,0.0,0.0,0.0,0.0,0.0,0.0,0.0,-1.695151321341658,-1.5707963267948966,-1.4711276743037347,-1.6704649792860586,-1.6614562139956417,-1.5707963267948966,-1.5707963267948966,-1.5707963267948966,-1.5707963267948966,-1.4940244355251187,-1.4288992721907328,-1.3439974787410107,-1.4181469983996315,-1.4994888620096063,-1.4940244355251187,-1.4940244355251187,-1.4994888620096063,-1.5083775167989393,-1.512040504079174,-1.5707963267948966,-1.633215136790854,-1.5707963267948966,-1.5707963267948966,-1.5707963267948966,-1.5707963267948966,-1.5707963267948966
0.9271714289934607,router,ba:bd:de:13:68:55,-80,98.80990417018612,64,0.9744687096498736,6.9054865863075925,0,0,8,-15,8,-16,8,-15,8,-14,8,-14,7,-14,6,-14,5,-12,5,-11,5,-11,5,-11,4,-11,3,-11,3,-10,3,-10,3,-11,4,-12,4,-11,3,-10,3,-9,4,-9,4,-9,3,-8,3,-8,4,-8,5,-8,0,0,0,0,0,0,0,0,0,0,0,0,0,0,0,0,0,0,0,0,0,0,3,-9,3,-9,3,-9,3,-10,4,-11,4,-12,5,-11,5,-11,5,-11,6,-12,6,-12,6,-12,7,-11,8,-11,8,-11,8,-12,8,-13,9,-13,9,-14,9,-14,8,-14,8,-15,9,-15,9,-15,9,-15,10,-16,0.0,17.0,17.88854381999832,17.0,16.1245154965971,16.1245154965971,15.652475842498529,15.231546211727817,13.0,12.083045973594572,12.083045973594572,12.083045973594572,11.704699910719626,11.40175425099138,10.44030650891055,10.44030650891055,11.40175425099138,12.649110640673518,11.704699910719626,10.44030650891055,9.486832980505138,9.848857801796104,9.848857801796104,8.54400374531753,8.54400374531753,8.94427190999916,9.433981132056603,0.0,0.0,0.0,0.0,0.0,0.0,0.0,0.0,0.0,0.0,0.0,9.486832980505138,9.486832980505138,9.486832980505138,10.44030650891055,11.704699910719626,12.649110640673518,12.083045973594572,12.083045973594572,12.083045973594572,13.416407864998739,13.416407864998739,13.416407864998739,13.038404810405298,13.601470508735444,13.601470508735444,14.422205101855956,15.264337522473747,15.811388300841896,16.64331697709324,16.64331697709324,16.1245154965971,17.0,17.4928556845359,17.4928556845359,17.4928556845359,18.867962264113206,0.0,-1.0808390005411683,-1.1071487177940904,-1.0808390005411683,-1.0516502125483738,-1.0516502125483738,-1.1071487177940904,-1.1659045405098132,-1.176005207095135,-1.1441688336680205,-1.1441688336680205,-1.1441688336680205,-1.2220253232109897,-1.3045442776439713,-1.2793395323170296,-1.2793395323170296,-1.3045442776439713,-1.2490457723982544,-1.2220253232109897,-1.2793395323170296,-1.2490457723982544,-1.1525719972156676,-1.1525719972156676,-1.2120256565243244,-1.2120256565243244,-1.1071487177940904,-1.0121970114513341,0.0,0.0,0.0,0.0,0.0,0.0,0.0,0.0,0.0,0.0,0.0,-1.2490457723982544,-1.2490457723982544,-1.2490457723982544,-1.2793395323170296,-1.2220253232109897,-1.2490457723982544,-1.1441688336680205,-1.1441688336680205,-1.1441688336680205,-1.1071487177940904,-1.1071487177940904,-1.1071487177940904,-1.0040671092713902,-0.9420000403794636,-0.9420000403794636,-0.982793723247329,-1.0191413442663497,-0.9652516631899266,-0.9994588469612699,-0.9994588469612699,-1.0516502125483738,-1.0808390005411683,-1.0303768265243125,-1.0303768265243125,-1.0303768265243125,-1.0121970114513341
1.0354858799983049,router,ba:bd:de:13:68:55,-79,98.80990417018612,64,0.9753125678852825,6.9458579732281205,0,0,-15,9,-15,9,-15,8,-14,7,-14,7,-14,7,-13,8,-12,8,-11,8,-11,7,-11,6,-10,6,-10,6,-10,7,-8,8,-8,8,-8,7,-8,7,-8,7,-8,6,-8,6,-7,5,-7,5,-7,4,-7,4,-7,5,0,0,0,0,0,0,0,0,0,0,0,0,0,0,0,0,0,0,0,0,0,0,-8,4,-8,4,-9,5,-9,6,-9,6,-9,5,-11,5,-12,5,-12,5,-12,5,-12,5,-13,6,-13,6,-14,6,-14,6,-14,6,-14,6,-14,6,-15,7,-16,7,-15,7,-15,7,-16,8,-16,9,-16,8,-16,7,0.0,17.4928556845359,17.4928556845359,17.0,15.652475842498529,15.652475842498529,15.652475842498529,15.264337522473747,14.422205101855956,13.601470508735444,13.038404810405298,12.529964086141668,11.661903789690601,11.661903789690601,12.206555615733702,11.313708498984761,11.313708498984761,10.63014581273465,10.63014581273465,10.63014581273465,10.0,10.0,8.602325267042627,8.602325267042627,8.06225774829855,8.06225774829855,8.602325267042627,0.0,0.0,0.0,0.0,0.0,0.0,0.0,0.0,0.0,0.0,0.0,8.94427190999916,8.94427190999916,10.295630140987,10.816653826391969,10.816653826391969,10.295630140987,12.083045973594572,13.0,13.0,13.0,13.0,14.317821063276353,14.317821063276353,15.231546211727817,15.231546211727817,15.231546211727817,15.231546211727817,15.231546211727817,16.55294535724685,17.46424919657298,16.55294535724685,16.55294535724685,17.88854381999832,18.35755975068582,17.88854381999832,17.46424919657298,0.0,2.601173153319209,2.601173153319209,2.651635327336065,2.677945044588987,2.677945044588987,2.677945044588987,2.5899376710612465,2.5535900500422257,2.5127963671743605,2.5748634360662868,2.642245931909663,2.601173153319209,2.601173153319209,2.5308666892005847,2.356194490192345,2.356194490192345,2.4227626539681686,2.4227626539681686,2.4227626539681686,2.498091544796509,2.498091544796509,2.5213431676069717,2.5213431676069717,2.62244653934327,2.62244653934327,2.5213431676069717,0.0,0.0,0.0,0.0,0.0,0.0,0.0,0.0,0.0,0.0,0.0,2.677945044588987,2.677945044588987,2.6344941491974563,2.5535900500422257,2.5535900500422257,2.6344941491974563,2.714965160462917,2.746801533890032,2.746801533890032,2.746801533890032,2.746801533890032,2.7091848780192556,2.7091848780192556,2.7367008673047097,2.7367008673047097,2.7367008673047097,2.7367008673047097,2.7367008673047097,2.704965493776252,2.729182211992406,2.704965493776252,2.704965493776252,2.677945044588987,2.6292031932790554,2.677945044588987,2.729182211992406
1.1604573779986822,router,ba:bd:de:13:68:55,-81,98.80990417018612,64,0.9763176878242632,6.986292523993815,0,0,7,-16,7,-16,7,-16,7,-16,7,-15,6,-14,5,-13,4,-13,3,-13,2,-13,2,-12,2,-12,2,-11,1,-12,1,-12,1,-11,1,-11,0,-12,0,-11,0,-11,0,-10,1,-10,1,-10,1,-9,1,-8,1,-7,0,0,0,0,0,0,0,0,0,0,0,0,0,0,0,0,0,0,0,0,0,0,1,-8,1,-9,1,-10,2,-11,3,-12,5,-11,6,-11,7,-11,6,-12,6,-12,7,-12,8,-12,6,-12,6,-12,6,-13,7,-14,7,-14,8,-14,7,-14,6,-15,6,-16,8,-17,9,-17,8,-16,7,-17,8,-18,0.0,17.46424919657298,17.46424919657298,17.46424919657298,17.46424919657298,16.55294535724685,15.231546211727817,13.92838827718412,13.601470508735444,13.341664064126334,13.152946437965905,12.165525060596439,12.165525060596439,11.180339887498949,12.041594578792296,12.041594578792296,11.045361017187261,11.045361017187261,12.0,11.0,11.0,10.0,10.04987562112089,10.04987562112089,9.055385138137417,8.06225774829855,7.0710678118654755,0.0,0.0,0.0,0.0,0.0,0.0,0.0,0.0,0.0,0.0,0.0,8.06225774829855,9.055385138137417,10.04987562112089,11.180339887498949,12.36931687685298,12.083045973594572,12.529964086141668,13.038404810405298,13.416407864998739,13.416407864998739,13.892443989449804,14.422205101855956,13.416407864998739,13.416407864998739,14.317821063276353,15.652475842498529,15.652475842498529,16.1245154965971,15.652475842498529,16.15549442140351,17.08800749063506,18.788294228055936,19.235384061671343,17.88854381999832,18.384776310850235,19.697715603592208,0.0,-1.1583858851975093,-1.1583858851975093,-1.1583858851975093,-1.1583858851975093,-1.1341691669813554,-1.1659045405098132,-1.2036224929766774,-1.2722973952087173,-1.3439974787410107,-1.4181469983996315,-1.4056476493802699,-1.4056476493802699,-1.3909428270024184,-1.4876550949064553,-1.4876550949064553,-1.4801364395941514,-1.4801364395941514,-1.5707963267948966,-1.5707963267948966,-1.5707963267948966,-1.5707963267948966,-1.4711276743037347,-1.4711276743037347,-1.460139105621001,-1.446441332248135,-1.4288992721907328,0.0,0.0,0.0,0.0,0.0,0.0,0.0,0.0,0.0,0.0,0.0,-1.446441332248135,-1.460139105621001,-1.4711276743037347,-1.3909428270024184,-1.3258176636680326,-1.1441688336680205,-1.0714496051147666,-1.0040671092713902,-1.1071487177940904,-1.1071487177940904,-1.042721878368537,-0.982793723247329,-1.1071487177940904,-1.1071487177940904,-1.1383885512243588,-1.1071487177940904,-1.1071487177940904,-1.0516502125483738,-1.1071487177940904,-1.1902899496825317,-1.2120256565243244,-1.1309537439791604,-1.0838970949836275,-1.1071487177940904,-1.1801892830972098,-1.1525719972156676
1.2674085239996202,router,ba:bd:de:13:68:55,-79,98.80990417018612,64,0.980449456767664,7.026013039838261,0,0,-14,-12,-14,-13,-14,-14,-13,-12,-12,-12,-12,-11,-11,-10,-12,-9,-13,-8,-12,-8,-12,-8,-12,-7,-12,-6,-12,-5,-11,-5,-11,-6,-11,-7,-10,-7,-10,-6,-10,-6,-9,-6,-9,-6,-9,-5,-8,-6,-7,-6,-8,-6,0,0,0,0,0,0,0,0,0,0,0,0,0,0,0,0,0,0,0,0,0,0,-8,-6,-9,-6,-10,-6,-10,-6,-10,-7,-10,-8,-10,-9,-10,-9,-10,-10,-11,-10,-11,-11,-10,-12,-9,-12,-9,-12,-9,-12,-11,-12,-12,-12,-12,-11,-12,-12,-12,-13,-14,-13,-14,-13,-14,-14,-14,-14,-14,-15,-14,-15,0.0,18.439088914585774,19.1049731745428,19.79898987322333,17.69180601295413,16.97056274847714,16.278820596099706,14.866068747318506,15.0,15.264337522473747,14.422205101855956,14.422205101855956,13.892443989449804,13.416407864998739,13.0,12.083045973594572,12.529964086141668,13.038404810405298,12.206555615733702,11.661903789690601,11.661903789690601,10.816653826391969,10.816653826391969,10.295630140987,10.0,9.219544457292887,10.0,0.0,0.0,0.0,0.0,0.0,0.0,0.0,0.0,0.0,0.0,0.0,10.0,10.816653826391969,11.661903789690601,11.661903789690601,12.206555615733702,12.806248474865697,13.45362404707371,13.45362404707371,14.142135623730951,14.866068747318506,15.556349186104045,15.620499351813308,15.0,15.0,15.0,16.278820596099706,16.97056274847714,16.278820596099706,16.97056274847714,17.69180601295413,19.1049731745428,19.1049731745428,19.79898987322333,19.79898987322333,20.518284528683193,20.518284528683193,0.0,-2.432966381462123,-2.393214606066275,-2.356194490192345,-2.396173177315635,-2.356194490192345,-2.399645385583876,-2.403777593469328,-2.498091544796509,-2.5899376710612465,-2.5535900500422257,-2.5535900500422257,-2.6135182051634334,-2.677945044588987,-2.746801533890032,-2.714965160462917,-2.642245931909663,-2.5748634360662868,-2.5308666892005847,-2.601173153319209,-2.601173153319209,-2.5535900500422257,-2.5535900500422257,-2.6344941491974563,-2.498091544796509,-2.432966381462123,-2.498091544796509,0.0,0.0,0.0,0.0,0.0,0.0,0.0,0.0,0.0,0.0,0.0,-2.498091544796509,-2.5535900500422257,-2.601173153319209,-2.601173153319209,-2.5308666892005847,-2.4668517113662407,-2.408777551803287,-2.408777551803287,-2.356194490192345,-2.403777593469328,-2.356194490192345,-2.2655346029916,-2.214297435588181,-2.214297435588181,-2.214297435588181,-2.312743594800814,-2.356194490192345,-2.399645385583876,-2.356194490192345,-2.316215803069055,-2.393214606066275,-2.393214606066275,-2.356194490192345,-2.356194490192345,-2.321725389192837,-2.321725389192837
1.375775894994149,router,ba:bd:de:13:68:55,-80,98.80990417018612,64,0.9824260246331472,7.064300728051723,0,0,-9,16,-9,17,-8,17,-7,16,-7,14,-7,13,-6,13,-5,13,-5,12,-4,11,-3,10,-3,10,-3,11,-3,11,-2,10,-2,10,-2,10,-3,10,-2,9,-3,9,-3,9,-3,9,-4,8,-4,7,-5,7,-6,6,0,0,0,0,0,0,0,0,0,0,0,0,0,0,0,0,0,0,0,0,0,0,-2,7,-2,8,-3,8,-3,8,-4,9,-5,10,-5,10,-5,11,-5,11,-6,12,-6,12,-7,12,-7,12,-7,12,-7,12,-8,13,-8,14,-8,13,-7,14,-8,14,-8,15,-8,16,-8,15,-8,15,-8,16,-8,15,0.0,18.35755975068582,19.235384061671343,18.788294228055936,17.46424919657298,15.652475842498529,14.7648230602334,14.317821063276353,13.92838827718412,13.0,11.704699910719626,10.44030650891055,10.44030650891055,11.40175425099138,11.40175425099138,10.198039027185569,10.198039027185569,10.198039027185569,10.44030650891055,9.219544457292887,9.486832980505138,9.486832980505138,9.486832980505138,8.94427190999916,8.06225774829855,8.602325267042627,8.48528137423857,0.0,0.0,0.0,0.0,0.0,0.0,0.0,0.0,0.0,0.0,0.0,7.280109889280518,8.246211251235321,8.54400374531753,8.54400374531753,9.848857801796104,11.180339887498949,11.180339887498949,12.083045973594572,12.083045973594572,13.416407864998739,13.416407864998739,13.892443989449804,13.892443989449804,13.892443989449804,13.892443989449804,15.264337522473747,16.1245154965971,15.264337522473747,15.652475842498529,16.1245154965971,17.0,17.88854381999832,17.0,17.0,17.88854381999832,17.0,0.0,2.0831857871056343,2.0576955586061656,2.0106389096106327,1.9832067683922838,2.0344439357957027,2.0647376957144776,2.0032041023654346,1.9379701606131159,1.965587446494658,1.9195673303788037,1.8622531212727638,1.8622531212727638,1.837048375945822,1.837048375945822,1.7681918866447774,1.7681918866447774,1.7681918866447774,1.8622531212727638,1.7894652726688385,1.892546881191539,1.892546881191539,1.892546881191539,2.0344439357957027,2.0899424410414196,2.191045812777718,2.356194490192345,0.0,0.0,0.0,0.0,0.0,0.0,0.0,0.0,0.0,0.0,0.0,1.849095985800008,1.8157749899217608,1.9295669970654687,1.9295669970654687,1.9890206563741257,2.0344439357957027,2.0344439357957027,1.9974238199217726,1.9974238199217726,2.0344439357957027,2.0344439357957027,2.0988707752212563,2.0988707752212563,2.0988707752212563,2.0988707752212563,2.1224513093234436,2.0899424410414196,2.1224513093234436,2.0344439357957027,2.0899424410414196,2.060753653048625,2.0344439357957027,2.060753653048625,2.060753653048625,2.0344439357957027,2.060753653048625
1.4871971339962329,router,ba:bd:de:13:68:55,-81,98.80990417018612,64,0.9879234512748802,7.100471625336047,0,0,-12,-10,-11,-11,-11,-11,-11,-11,-10,-11,-10,-11,-10,-10,-9,-10,-9,-10,-9,-9,-9,-8,-9,-7,-8,-7,-8,-7,-8,-8,-7,-9,-8,-8,-8,-8,-7,-8,-7,-8,-6,-8,-5,-8,-6,-8,-5,-8,-4,-8,-3,-9,0,0,0,0,0,0,0,0,0,0,0,0,0,0,0,0,0,0,0,0,0,0,-1,0,-5,1,-5,2,-4,0,-5,-6,-8,-9,-9,-4,-7,-1,-7,-3,-8,-4,-10,-4,-11,-6,-10,-8,-9,-8,-9,-8,-10,-9,-12,-10,-12,-8,-12,-8,-13,-10,-13,-11,-12,-11,-12,-11,-12,-11,-12,-12,-12,-12,0.0,15.620499351813308,15.556349186104045,15.556349186104045,15.556349186104045,14.866068747318506,14.866068747318506,14.142135623730951,13.45362404707371,13.45362404707371,12.727922061357855,12.041594578792296,11.40175425099138,10.63014581273465,10.63014581273465,11.313708498984761,11.40175425099138,11.313708498984761,11.313708498984761,10.63014581273465,10.63014581273465,10.0,9.433981132056603,10.0,9.433981132056603,8.94427190999916,9.486832980505138,0.0,0.0,0.0,0.0,0.0,0.0,0.0,0.0,0.0,0.0,0.0,1.0,5.0990195135927845,5.385164807134504,4.0,7.810249675906654,12.041594578792296,9.848857801796104,7.0710678118654755,7.615773105863909,8.94427190999916,10.770329614269007,12.529964086141668,12.806248474865697,12.041594578792296,12.041594578792296,13.45362404707371,15.620499351813308,14.422205101855956,14.422205101855956,16.401219466856727,17.029386365926403,16.278820596099706,16.278820596099706,16.278820596099706,16.97056274847714,16.97056274847714,0.0,-2.44685437739309,-2.356194490192345,-2.356194490192345,-2.356194490192345,-2.3086113869153615,-2.3086113869153615,-2.356194490192345,-2.3036114285814033,-2.3036114285814033,-2.356194490192345,-2.4149503129080676,-2.4805494847391065,-2.4227626539681686,-2.4227626539681686,-2.356194490192345,-2.2318394956455836,-2.356194490192345,-2.356194490192345,-2.289626326416521,-2.289626326416521,-2.214297435588181,-2.129395642138459,-2.214297435588181,-2.129395642138459,-2.0344439357957027,-1.892546881191539,0.0,0.0,0.0,0.0,0.0,0.0,0.0,0.0,0.0,0.0,0.0,3.141592653589793,2.9441970937399127,2.761086276477428,3.141592653589793,-2.2655346029916,-2.297438667476622,-2.723368324010564,-2.999695598985629,-2.7367008673047097,-2.677945044588987,-2.761086276477428,-2.642245931909663,-2.4668517113662407,-2.4149503129080676,-2.4149503129080676,-2.408777551803287,-2.44685437739309,-2.5535900500422257,-2.5535900500422257,-2.485897027348257,-2.439335722080786,-2.399645385583876,-2.399645385583876,-2.399645385583876,-2.356194490192345,-2.356194490192345
1.5955158839933574,router,ba:bd:de:13:68:55,-83,98.80990417018612,64,0.9925597902210295,7.1338879673704065,0,0,15,3,16,2,16,2,16,3,14,2,13,1,13,2,12,1,10,-1,11,-1,11,-1,11,-2,10,-2,9,-2,10,-3,10,-3,10,-3,9,-3,8,-4,9,-4,9,-3,8,-2,9,-2,9,-1,8,-1,6,-3,0,0,0,0,0,0,0,0,0,0,0,0,0,0,0,0,0,0,0,0,0,0,10,2,10,3,9,1,9,1,10,2,10,4,10,4,11,5,12,6,13,6,12,6,12,7,13,8,14,5,15,2,16,4,14,6,13,6,14,5,14,5,15,5,16,7,17,7,16,5,15,4,16,7,0.0,15.297058540778355,16.1245154965971,16.1245154965971,16.278820596099706,14.142135623730951,13.038404810405298,13.152946437965905,12.041594578792296,10.04987562112089,11.045361017187261,11.045361017187261,11.180339887498949,10.198039027185569,9.219544457292887,10.44030650891055,10.44030650891055,10.44030650891055,9.486832980505138,8.94427190999916,9.848857801796104,9.486832980505138,8.246211251235321,9.219544457292887,9.055385138137417,8.06225774829855,6.708203932499369,0.0,0.0,0.0,0.0,0.0,0.0,0.0,0.0,0.0,0.0,0.0,10.198039027185569,10.44030650891055,9.055385138137417,9.055385138137417,10.198039027185569,10.770329614269007,10.770329614269007,12.083045973594572,13.416407864998739,14.317821063276353,13.416407864998739,13.892443989449804,15.264337522473747,14.866068747318506,15.132745950421556,16.492422502470642,15.231546211727817,14.317821063276353,14.866068747318506,14.866068747318506,15.811388300841896,17.46424919657298,18.384776310850235,16.76305461424021,15.524174696260024,17.46424919657298,0.0,0.19739555984988075,0.12435499454676144,0.12435499454676144,0.18534794999569476,0.14189705460416394,0.07677189126977804,0.15264932839526515,0.08314123188844123,-0.09966865249116202,-0.09065988720074511,-0.09065988720074511,-0.17985349979247828,-0.19739555984988075,-0.21866894587394195,-0.2914567944778671,-0.2914567944778671,-0.2914567944778671,-0.3217505543966422,-0.4636476090008061,-0.4182243295792291,-0.3217505543966422,-0.24497866312686414,-0.21866894587394195,-0.11065722117389565,-0.12435499454676144,-0.4636476090008061,0.0,0.0,0.0,0.0,0.0,0.0,0.0,0.0,0.0,0.0,0.0,0.19739555984988075,0.2914567944778671,0.11065722117389565,0.11065722117389565,0.19739555984988075,0.3805063771123649,0.3805063771123649,0.4266274931268761,0.4636476090008061,0.43240777557053783,0.4636476090008061,0.5280744484263596,0.5516549825285468,0.3430239404207034,0.13255153229667402,0.24497866312686414,0.40489178628508343,0.43240777557053783,0.3430239404207034,0.3430239404207034,0.3217505543966422,0.4124104415973873,0.3906070436976868,0.3028848683749714,0.260602391747341,0.4124104415973873
1.6965481849983917,router,ba:bd:de:13:68:55,-81,98.80990417018612,64,0.9966954347739833,7.16400577073539,0,0,-19,-7,-19,-7,-17,-7,-16,-7,-16,-7,-15,-7,-14,-6,-13,-5,-13,-3,-12,-2,-13,-3,-13,-3,-13,-3,-12,-3,-11,-2,-11,-1,-12,-1,-12,-1,-11,-1,-11,-1,-11,-1,-11,-1,-10,-1,-10,0,-10,-2,-12,-5,0,0,0,0,0,0,0,0,0,0,0,0,0,0,0,0,0,0,0,0,0,0,-7,-6,-7,-6,-8,-6,-9,-6,-9,-7,-9,-7,-9,-7,-10,-8,-11,-9,-12,-9,-11,-7,-10,-7,-10,-9,-11,-10,-12,-10,-11,-9,-12,-8,-13,-8,-13,-9,-14,-9,-14,-7,-14,-8,-15,-8,-17,-8,-17,-9,-15,-9,0.0,20.248456731316587,20.248456731316587,18.384776310850235,17.46424919657298,17.46424919657298,16.55294535724685,15.231546211727817,13.92838827718412,13.341664064126334,12.165525060596439,13.341664064126334,13.341664064126334,13.341664064126334,12.36931687685298,11.180339887498949,11.045361017187261,12.041594578792296,12.041594578792296,11.045361017187261,11.045361017187261,11.045361017187261,11.045361017187261,10.04987562112089,10.0,10.198039027185569,13.0,0.0,0.0,0.0,0.0,0.0,0.0,0.0,0.0,0.0,0.0,0.0,9.219544457292887,9.219544457292887,10.0,10.816653826391969,11.40175425099138,11.40175425099138,11.40175425099138,12.806248474865697,14.212670403551895,15.0,13.038404810405298,12.206555615733702,13.45362404707371,14.866068747318506,15.620499351813308,14.212670403551895,14.422205101855956,15.264337522473747,15.811388300841896,16.64331697709324,15.652475842498529,16.1245154965971,17.0,18.788294228055936,19.235384061671343,17.4928556845359,0.0,-2.788602265762883,-2.788602265762883,-2.7509856098921066,-2.729182211992406,-2.729182211992406,-2.704965493776252,-2.7367008673047097,-2.774418819771574,-2.9147938055359073,-2.976443976175166,-2.9147938055359073,-2.9147938055359073,-2.9147938055359073,-2.896613990462929,-2.961739153797315,-3.050932766389048,-3.058451421701352,-3.058451421701352,-3.050932766389048,-3.050932766389048,-3.050932766389048,-3.050932766389048,-3.0419240010986313,3.141592653589793,-2.9441970937399127,-2.746801533890032,0.0,0.0,0.0,0.0,0.0,0.0,0.0,0.0,0.0,0.0,0.0,-2.432966381462123,-2.432966381462123,-2.498091544796509,-2.5535900500422257,-2.4805494847391065,-2.4805494847391065,-2.4805494847391065,-2.4668517113662407,-2.455863142683507,-2.498091544796509,-2.5748634360662868,-2.5308666892005847,-2.408777551803287,-2.403777593469328,-2.44685437739309,-2.455863142683507,-2.5535900500422257,-2.5899376710612465,-2.5360479899848234,-2.5702551737561663,-2.677945044588987,-2.62244653934327,-2.651635327336065,-2.701750070774057,-2.654693421778524,-2.601173153319209
1.797459010995226,router,ba:bd:de:13:68:55,-82,100.25170622737002,64,0.999146927403922,7.005686053498729,0,0,4,18,3,18,3,17,3,15,3,15,3,15,3,14,4,13,4,12,4,12,4,11,4,11,4,11,4,10,4,9,4,9,4,10,3,10,3,9,3,8,3,8,2,9,1,8,1,8,1,7,0,7,0,0,0,0,0,0,0,0,0,0,0,0,0,0,0,0,0,0,0,0,0,0,3,6,3,7,3,8,4,8,3,9,3,9,3,10,3,11,2,12,3,12,3,12,2,12,1,13,2,14,3,14,2,15,1,15,1,15,3,16,3,16,4,17,4,17,4,16,4,17,4,18,5,18,0.0,18.439088914585774,18.24828759089466,17.26267650163207,15.297058540778355,15.297058540778355,15.297058540778355,14.317821063276353,13.601470508735444,12.649110640673518,12.649110640673518,11.704699910719626,11.704699910719626,11.704699910719626,10.770329614269007,9.848857801796104,9.848857801796104,10.770329614269007,10.44030650891055,9.486832980505138,8.54400374531753,8.54400374531753,9.219544457292887,8.06225774829855,8.06225774829855,7.0710678118654755,7.0,0.0,0.0,0.0,0.0,0.0,0.0,0.0,0.0,0.0,0.0,0.0,6.708203932499369,7.615773105863909,8.54400374531753,8.94427190999916,9.486832980505138,9.486832980505138,10.44030650891055,11.40175425099138,12.165525060596439,12.36931687685298,12.36931687685298,12.165525060596439,13.038404810405298,14.142135623730951,14.317821063276353,15.132745950421556,15.033296378372908,15.033296378372908,16.278820596099706,16.278820596099706,17.46424919657298,17.46424919657298,16.492422502470642,17.46424919657298,18.439088914585774,18.681541692269406,0.0,1.3521273809209546,1.4056476493802699,1.396124127786657,1.373400766945016,1.373400766945016,1.373400766945016,1.35970299357215,1.2722973952087173,1.2490457723982544,1.2490457723982544,1.2220253232109897,1.2220253232109897,1.2220253232109897,1.1902899496825317,1.1525719972156676,1.1525719972156676,1.1902899496825317,1.2793395323170296,1.2490457723982544,1.2120256565243244,1.2120256565243244,1.3521273809209546,1.446441332248135,1.446441332248135,1.4288992721907328,1.5707963267948966,0.0,0.0,0.0,0.0,0.0,0.0,0.0,0.0,0.0,0.0,0.0,1.1071487177940904,1.1659045405098132,1.2120256565243244,1.1071487177940904,1.2490457723982544,1.2490457723982544,1.2793395323170296,1.3045442776439713,1.4056476493802699,1.3258176636680326,1.3258176636680326,1.4056476493802699,1.4940244355251187,1.4288992721907328,1.35970299357215,1.4382447944982226,1.5042281630190728,1.5042281630190728,1.3854483767992019,1.3854483767992019,1.3397056595989996,1.3397056595989996,1.3258176636680326,1.3397056595989996,1.3521273809209546,1.299849476456476
1.9061915860002046,router,ba:bd:de:13:68:55,-85,100.25170622737002,64,0.9993067903372252,6.896381631740652,0,0,17,-8,17,-7,15,-6,13,-6,12,-7,11,-7,11,-7,10,-7,10,-7,10,-7,9,-8,8,-8,8,-9,7,-8,8,-9,8,-10,8,-9,8,-9,8,-9,9,-9,8,-7,9,-6,9,-6,8,-5,8,-4,9,-3,0,0,0,0,0,0,0,0,0,0,0,0,0,0,0,0,0,0,0,0,0,0,8,-4,7,-3,7,-4,8,-4,9,-4,9,-5,9,-4,10,-3,11,-3,11,-3,12,-2,12,-1,11,-2,11,-3,13,-3,13,-3,14,-4,14,-4,14,-5,14,-5,14,-5,15,-6,15,-6,16,-5,16,-5,16,-6,0.0,18.788294228055936,18.384776310850235,16.15549442140351,14.317821063276353,13.892443989449804,13.038404810405298,13.038404810405298,12.206555615733702,12.206555615733702,12.206555615733702,12.041594578792296,11.313708498984761,12.041594578792296,10.63014581273465,12.041594578792296,12.806248474865697,12.041594578792296,12.041594578792296,12.041594578792296,12.727922061357855,10.63014581273465,10.816653826391969,10.816653826391969,9.433981132056603,8.94427190999916,9.486832980505138,0.0,0.0,0.0,0.0,0.0,0.0,0.0,0.0,0.0,0.0,0.0,8.94427190999916,7.615773105863909,8.06225774829855,8.94427190999916,9.848857801796104,10.295630140987,9.848857801796104,10.44030650891055,11.40175425099138,11.40175425099138,12.165525060596439,12.041594578792296,11.180339887498949,11.40175425099138,13.341664064126334,13.341664064126334,14.560219778561036,14.560219778561036,14.866068747318506,14.866068747318506,14.866068747318506,16.15549442140351,16.15549442140351,16.76305461424021,16.76305461424021,17.08800749063506,0.0,-0.4398425828157362,-0.3906070436976868,-0.3805063771123649,-0.43240777557053783,-0.5280744484263596,-0.5667292175235064,-0.5667292175235064,-0.6107259643892086,-0.6107259643892086,-0.6107259643892086,-0.7266423406817256,-0.7853981633974483,-0.844153986113171,-0.8519663271732721,-0.844153986113171,-0.8960553845713439,-0.844153986113171,-0.844153986113171,-0.844153986113171,-0.7853981633974483,-0.7188299996216245,-0.5880026035475675,-0.5880026035475675,-0.5585993153435624,-0.4636476090008061,-0.3217505543966422,0.0,0.0,0.0,0.0,0.0,0.0,0.0,0.0,0.0,0.0,0.0,-0.4636476090008061,-0.40489178628508343,-0.5191461142465229,-0.4636476090008061,-0.4182243295792291,-0.507098504392337,-0.4182243295792291,-0.2914567944778671,-0.2662520491509254,-0.2662520491509254,-0.16514867741462683,-0.08314123188844123,-0.17985349979247828,-0.2662520491509254,-0.22679884805388587,-0.22679884805388587,-0.27829965900511133,-0.27829965900511133,-0.3430239404207034,-0.3430239404207034,-0.3430239404207034,-0.3805063771123649,-0.3805063771123649,-0.3028848683749714,-0.3028848683749714,-0.35877067027057225
2.0062772459932603,router,ba:bd:de:13:68:55,-84,100.25170622737002,64,1.0022104448215985,6.822313618351087,0,0,10,7,11,9,10,9,9,8,9,7,10,6,10,6,10,5,10,4,9,4,9,4,9,4,9,3,9,2,9,1,10,1,10,2,10,2,10,1,9,1,8,2,8,2,8,2,8,2,8,2,9,2,0,0,0,0,0,0,0,0,0,0,0,0,0,0,0,0,0,0,0,0,0,0,6,3,6,2,6,3,9,6,10,6,10,6,9,7,9,6,9,6,9,7,9,8,9,8,8,7,9,8,11,9,12,11,12,11,11,11,11,11,10,10,11,9,13,9,12,9,11,8,11,9,11,11,0.0,12.206555615733702,14.212670403551895,13.45362404707371,12.041594578792296,11.40175425099138,11.661903789690601,11.661903789690601,11.180339887498949,10.770329614269007,9.848857801796104,9.848857801796104,9.848857801796104,9.486832980505138,9.219544457292887,9.055385138137417,10.04987562112089,10.198039027185569,10.198039027185569,10.04987562112089,9.055385138137417,8.246211251235321,8.246211251235321,8.246211251235321,8.246211251235321,8.246211251235321,9.219544457292887,0.0,0.0,0.0,0.0,0.0,0.0,0.0,0.0,0.0,0.0,0.0,6.708203932499369,6.324555320336759,6.708203932499369,10.816653826391969,11.661903789690601,11.661903789690601,11.40175425099138,10.816653826391969,10.816653826391969,11.40175425099138,12.041594578792296,12.041594578792296,10.63014581273465,12.041594578792296,14.212670403551895,16.278820596099706,16.278820596099706,15.556349186104045,15.556349186104045,14.142135623730951,14.212670403551895,15.811388300841896,15.0,13.601470508735444,14.212670403551895,15.556349186104045,0.0,0.6107259643892086,0.6857295109062863,0.7328151017865066,0.7266423406817256,0.6610431688506869,0.5404195002705842,0.5404195002705842,0.4636476090008061,0.3805063771123649,0.4182243295792291,0.4182243295792291,0.4182243295792291,0.3217505543966422,0.21866894587394195,0.11065722117389565,0.09966865249116202,0.19739555984988075,0.19739555984988075,0.09966865249116202,0.11065722117389565,0.24497866312686414,0.24497866312686414,0.24497866312686414,0.24497866312686414,0.24497866312686414,0.21866894587394195,0.0,0.0,0.0,0.0,0.0,0.0,0.0,0.0,0.0,0.0,0.0,0.4636476090008061,0.3217505543966422,0.4636476090008061,0.5880026035475675,0.5404195002705842,0.5404195002705842,0.6610431688506869,0.5880026035475675,0.5880026035475675,0.6610431688506869,0.7266423406817256,0.7266423406817256,0.7188299996216245,0.7266423406817256,0.6857295109062863,0.7419472680059175,0.7419472680059175,0.7853981633974483,0.7853981633974483,0.7853981633974483,0.6857295109062863,0.6055446636049701,0.6435011087932844,0.628796286415433,0.6857295109062863,0.7853981633974483
2.109353507999913,router,ba:bd:de:13:68:55,-84,100.25170622737002,64,1.0069032178616302,6.77341772288435,0,0,-13,-8,-12,-10,-11,-10,-12,-10,-12,-9,-12,-7,-12,-6,-12,-7,-11,-6,-11,-5,-11,-5,-11,-4,-11,-3,-11,-4,-12,-5,-12,-5,-12,-4,-12,-2,-12,-3,-12,-3,-11,-4,-9,-3,-9,-4,-10,-5,-9,-5,-8,-4,0,0,0,0,0,0,0,0,0,0,0,0,0,0,0,0,0,0,0,0,0,0,-6,-4,-5,-5,-6,-7,-7,-8,-6,-8,-5,-8,-7,-9,-8,-10,-7,-10,-6,-10,-5,-10,-6,-10,-8,-10,-10,-11,-9,-12,-8,-13,-8,-12,-9,-11,-10,-11,-11,-12,-11,-13,-10,-12,-9,-11,-9,-11,-10,-11,-12,-12,0.0,15.264337522473747,15.620499351813308,14.866068747318506,15.620499351813308,15.0,13.892443989449804,13.416407864998739,13.892443989449804,12.529964086141668,12.083045973594572,12.083045973594572,11.704699910719626,11.40175425099138,11.704699910719626,13.0,13.0,12.649110640673518,12.165525060596439,12.36931687685298,12.36931687685298,11.704699910719626,9.486832980505138,9.848857801796104,11.180339887498949,10.295630140987,8.94427190999916,0.0,0.0,0.0,0.0,0.0,0.0,0.0,0.0,0.0,0.0,0.0,7.211102550927978,7.0710678118654755,9.219544457292887,10.63014581273465,10.0,9.433981132056603,11.40175425099138,12.806248474865697,12.206555615733702,11.661903789690601,11.180339887498949,11.661903789690601,12.806248474865697,14.866068747318506,15.0,15.264337522473747,14.422205101855956,14.212670403551895,14.866068747318506,16.278820596099706,17.029386365926403,15.620499351813308,14.212670403551895,14.212670403551895,14.866068747318506,16.97056274847714,0.0,-2.5899376710612465,-2.44685437739309,-2.403777593469328,-2.44685437739309,-2.498091544796509,-2.6135182051634334,-2.677945044588987,-2.6135182051634334,-2.642245931909663,-2.714965160462917,-2.714965160462917,-2.7928216500058864,-2.875340604438868,-2.7928216500058864,-2.746801533890032,-2.746801533890032,-2.819842099193151,-2.976443976175166,-2.896613990462929,-2.896613990462929,-2.7928216500058864,-2.819842099193151,-2.723368324010564,-2.677945044588987,-2.6344941491974563,-2.677945044588987,0.0,0.0,0.0,0.0,0.0,0.0,0.0,0.0,0.0,0.0,0.0,-2.5535900500422257,-2.356194490192345,-2.279422598922567,-2.289626326416521,-2.214297435588181,-2.129395642138459,-2.2318394956455836,-2.2455372690184494,-2.1815222911841055,-2.1112158270654806,-2.0344439357957027,-2.1112158270654806,-2.2455372690184494,-2.3086113869153615,-2.214297435588181,-2.1224513093234436,-2.158798930342464,-2.256525837701183,-2.3086113869153615,-2.312743594800814,-2.2730532583039036,-2.2655346029916,-2.256525837701183,-2.256525837701183,-2.3086113869153615,-2.356194490192345
2.215506361993903,router,ba:bd:de:13:68:55,-82,100.25170622737002,64,1.0120277609832131,6.742356138051196,0,0,14,3,15,3,14,3,13,2,13,1,14,-1,14,-1,12,-2,11,-3,11,-3,11,-3,11,-3,11,-3,12,-3,12,-3,11,-4,10,-3,11,-3,12,-3,12,-3,11,-4,10,-3,10,-1,10,0,11,-1,12,-1,0,0,0,0,0,0,0,0,0,0,0,0,0,0,0,0,0,0,0,0,0,0,9,-1,8,0,9,1,10,0,10,1,10,1,11,1,11,1,12,2,12,3,13,4,13,4,13,3,14,3,14,3,14,4,14,5,15,5,15,4,15,3,16,3,16,3,16,4,16,4,17,4,17,4,0.0,14.317821063276353,15.297058540778355,14.317821063276353,13.152946437965905,13.038404810405298,14.035668847618199,14.035668847618199,12.165525060596439,11.40175425099138,11.40175425099138,11.40175425099138,11.40175425099138,11.40175425099138,12.36931687685298,12.36931687685298,11.704699910719626,10.44030650891055,11.40175425099138,12.36931687685298,12.36931687685298,11.704699910719626,10.44030650891055,10.04987562112089,10.0,11.045361017187261,12.041594578792296,0.0,0.0,0.0,0.0,0.0,0.0,0.0,0.0,0.0,0.0,0.0,9.055385138137417,8.0,9.055385138137417,10.0,10.04987562112089,10.04987562112089,11.045361017187261,11.045361017187261,12.165525060596439,12.36931687685298,13.601470508735444,13.601470508735444,13.341664064126334,14.317821063276353,14.317821063276353,14.560219778561036,14.866068747318506,15.811388300841896,15.524174696260024,15.297058540778355,16.278820596099706,16.278820596099706,16.492422502470642,16.492422502470642,17.46424919657298,17.46424919657298,0.0,0.21109333322274654,0.19739555984988075,0.21109333322274654,0.15264932839526515,0.07677189126977804,-0.07130746478529032,-0.07130746478529032,-0.16514867741462683,-0.2662520491509254,-0.2662520491509254,-0.2662520491509254,-0.2662520491509254,-0.2662520491509254,-0.24497866312686414,-0.24497866312686414,-0.348771003583907,-0.2914567944778671,-0.2662520491509254,-0.24497866312686414,-0.24497866312686414,-0.348771003583907,-0.2914567944778671,-0.09966865249116202,0.0,-0.09065988720074511,-0.08314123188844123,0.0,0.0,0.0,0.0,0.0,0.0,0.0,0.0,0.0,0.0,0.0,-0.11065722117389565,0.0,0.11065722117389565,0.0,0.09966865249116202,0.09966865249116202,0.09065988720074511,0.09065988720074511,0.16514867741462683,0.24497866312686414,0.2984989315861793,0.2984989315861793,0.22679884805388587,0.21109333322274654,0.21109333322274654,0.27829965900511133,0.3430239404207034,0.3217505543966422,0.260602391747341,0.19739555984988075,0.18534794999569476,0.18534794999569476,0.24497866312686414,0.24497866312686414,0.23109066719589708,0.23109066719589708
2.3162765899978695,router,ba:bd:de:13:68:55,-84,100.25170622737002,64,1.0203275824074873,6.723771810198574,0,0,-14,9,-14,10,-14,10,-12,10,-12,10,-12,8,-10,8,-9,9,-9,10,-9,10,-10,10,-9,10,-8,10,-8,10,-9,9,-9,10,-10,10,-10,10,-9,9,-9,8,-10,8,-10,7,-10,7,-10,7,-11,6,-11,4,0,0,0,0,0,0,0,0,0,0,0,0,0,0,0,0,0,0,0,0,0,0,-7,5,-7,7,-7,7,-8,6,-8,5,-9,5,-10,5,-10,6,-11,7,-11,7,-10,7,-10,7,-10,7,-9,7,-9,7,-10,6,-12,7,-13,8,-12,8,-12,8,-13,8,-12,9,-12,9,-14,8,-15,9,-14,11,0.0,16.64331697709324,17.204650534085253,17.204650534085253,15.620499351813308,15.620499351813308,14.422205101855956,12.806248474865697,12.727922061357855,13.45362404707371,13.45362404707371,14.142135623730951,13.45362404707371,12.806248474865697,12.806248474865697,12.727922061357855,13.45362404707371,14.142135623730951,14.142135623730951,12.727922061357855,12.041594578792296,12.806248474865697,12.206555615733702,12.206555615733702,12.206555615733702,12.529964086141668,11.704699910719626,0.0,0.0,0.0,0.0,0.0,0.0,0.0,0.0,0.0,0.0,0.0,8.602325267042627,9.899494936611665,9.899494936611665,10.0,9.433981132056603,10.295630140987,11.180339887498949,11.661903789690601,13.038404810405298,13.038404810405298,12.206555615733702,12.206555615733702,12.206555615733702,11.40175425099138,11.40175425099138,11.661903789690601,13.892443989449804,15.264337522473747,14.422205101855956,14.422205101855956,15.264337522473747,15.0,15.0,16.1245154965971,17.4928556845359,17.804493814764857,0.0,2.5702551737561663,2.5213431676069717,2.5213431676069717,2.44685437739309,2.44685437739309,2.5535900500422257,2.4668517113662407,2.356194490192345,2.3036114285814033,2.3036114285814033,2.356194490192345,2.3036114285814033,2.2455372690184494,2.2455372690184494,2.356194490192345,2.3036114285814033,2.356194490192345,2.356194490192345,2.356194490192345,2.4149503129080676,2.4668517113662407,2.5308666892005847,2.5308666892005847,2.5308666892005847,2.642245931909663,2.7928216500058864,0.0,0.0,0.0,0.0,0.0,0.0,0.0,0.0,0.0,0.0,0.0,2.5213431676069717,2.356194490192345,2.356194490192345,2.498091544796509,2.5829933382462307,2.6344941491974563,2.677945044588987,2.601173153319209,2.5748634360662868,2.5748634360662868,2.5308666892005847,2.5308666892005847,2.5308666892005847,2.4805494847391065,2.4805494847391065,2.601173153319209,2.6135182051634334,2.5899376710612465,2.5535900500422257,2.5535900500422257,2.5899376710612465,2.498091544796509,2.498091544796509,2.62244653934327,2.601173153319209,2.4756234162106834
2.4343490549945273,router,ba:bd:de:13:68:55,-80,100.25170622737002,64,1.0290959697106927,6.71376506030767,0,0,15,9,14,10,14,10,14,9,13,8,13,8,13,8,13,7,13,6,14,6,14,6,12,5,12,5,12,6,11,5,11,5,12,5,12,5,12,6,11,5,12,5,10,6,9,7,9,8,9,8,8,6,0,0,0,0,0,0,0,0,0,0,0,0,0,0,0,0,0,0,0,0,0,0,8,4,7,3,8,4,8,5,9,5,10,5,10,5,10,6,10,6,10,8,10,8,10,8,9,7,10,7,10,8,10,8,11,9,11,9,12,8,13,8,13,9,14,10,15,11,16,11,15,10,15,10,0.0,17.4928556845359,17.204650534085253,17.204650534085253,16.64331697709324,15.264337522473747,15.264337522473747,15.264337522473747,14.7648230602334,14.317821063276353,15.231546211727817,15.231546211727817,13.0,13.0,13.416407864998739,12.083045973594572,12.083045973594572,13.0,13.0,13.416407864998739,12.083045973594572,13.0,11.661903789690601,11.40175425099138,12.041594578792296,12.041594578792296,10.0,0.0,0.0,0.0,0.0,0.0,0.0,0.0,0.0,0.0,0.0,0.0,8.94427190999916,7.615773105863909,8.94427190999916,9.433981132056603,10.295630140987,11.180339887498949,11.180339887498949,11.661903789690601,11.661903789690601,12.806248474865697,12.806248474865697,12.806248474865697,11.40175425099138,12.206555615733702,12.806248474865697,12.806248474865697,14.212670403551895,14.212670403551895,14.422205101855956,15.264337522473747,15.811388300841896,17.204650534085253,18.601075237738275,19.4164878389476,18.027756377319946,18.027756377319946,0.0,0.5404195002705842,0.6202494859828215,0.6202494859828215,0.5713374798336268,0.5516549825285468,0.5516549825285468,0.5516549825285468,0.49394136891958124,0.43240777557053783,0.40489178628508343,0.40489178628508343,0.3947911196997615,0.3947911196997615,0.4636476090008061,0.4266274931268761,0.4266274931268761,0.3947911196997615,0.3947911196997615,0.4636476090008061,0.4266274931268761,0.3947911196997615,0.5404195002705842,0.6610431688506869,0.7266423406817256,0.7266423406817256,0.6435011087932844,0.0,0.0,0.0,0.0,0.0,0.0,0.0,0.0,0.0,0.0,0.0,0.4636476090008061,0.40489178628508343,0.4636476090008061,0.5585993153435624,0.507098504392337,0.4636476090008061,0.4636476090008061,0.5404195002705842,0.5404195002705842,0.6747409422235526,0.6747409422235526,0.6747409422235526,0.6610431688506869,0.6107259643892086,0.6747409422235526,0.6747409422235526,0.6857295109062863,0.6857295109062863,0.5880026035475675,0.5516549825285468,0.6055446636049701,0.6202494859828215,0.6327488350021832,0.6022873461349642,0.5880026035475675,0.5880026035475675
2.5356009749957593,router,ba:bd:de:13:68:55,-81,100.25170622737002,64,1.0348302935359492,6.73830511702999,0,0,16,-7,15,-8,14,-9,13,-8,12,-7,11,-8,11,-8,10,-8,10,-8,9,-8,8,-7,7,-8,7,-8,7,-8,7,-9,8,-9,8,-9,8,-8,7,-8,7,-7,8,-6,8,-6,8,-6,8,-6,8,-4,9,-1,0,0,0,0,0,0,0,0,0,0,0,0,0,0,0,0,0,0,0,0,0,0,4,-7,5,-6,5,-7,6,-7,8,-7,9,-8,9,-8,9,-8,10,-8,12,-8,12,-8,12,-8,12,-8,11,-8,12,-8,13,-8,13,-7,12,-8,12,-9,12,-9,13,-9,14,-8,15,-8,16,-8,16,-9,15,-11,0.0,17.46424919657298,17.0,16.64331697709324,15.264337522473747,13.892443989449804,13.601470508735444,13.601470508735444,12.806248474865697,12.806248474865697,12.041594578792296,10.63014581273465,10.63014581273465,10.63014581273465,10.63014581273465,11.40175425099138,12.041594578792296,12.041594578792296,11.313708498984761,10.63014581273465,9.899494936611665,10.0,10.0,10.0,10.0,8.94427190999916,9.055385138137417,0.0,0.0,0.0,0.0,0.0,0.0,0.0,0.0,0.0,0.0,0.0,8.06225774829855,7.810249675906654,8.602325267042627,9.219544457292887,10.63014581273465,12.041594578792296,12.041594578792296,12.041594578792296,12.806248474865697,14.422205101855956,14.422205101855956,14.422205101855956,14.422205101855956,13.601470508735444,14.422205101855956,15.264337522473747,14.7648230602334,14.422205101855956,15.0,15.0,15.811388300841896,16.1245154965971,17.0,17.88854381999832,18.35755975068582,18.601075237738275,0.0,-0.4124104415973873,-0.4899573262537283,-0.5713374798336268,-0.5516549825285468,-0.5280744484263596,-0.628796286415433,-0.628796286415433,-0.6747409422235526,-0.6747409422235526,-0.7266423406817256,-0.7188299996216245,-0.8519663271732721,-0.8519663271732721,-0.8519663271732721,-0.9097531579442097,-0.844153986113171,-0.844153986113171,-0.7853981633974483,-0.8519663271732721,-0.7853981633974483,-0.6435011087932844,-0.6435011087932844,-0.6435011087932844,-0.6435011087932844,-0.4636476090008061,-0.11065722117389565,0.0,0.0,0.0,0.0,0.0,0.0,0.0,0.0,0.0,0.0,0.0,-1.0516502125483738,-0.8760580505981934,-0.9505468408120752,-0.8621700546672264,-0.7188299996216245,-0.7266423406817256,-0.7266423406817256,-0.7266423406817256,-0.6747409422235526,-0.5880026035475675,-0.5880026035475675,-0.5880026035475675,-0.5880026035475675,-0.628796286415433,-0.5880026035475675,-0.5516549825285468,-0.49394136891958124,-0.5880026035475675,-0.6435011087932844,-0.6435011087932844,-0.6055446636049701,-0.5191461142465229,-0.4899573262537283,-0.4636476090008061,-0.5123894603107377,-0.6327488350021832
2.6359096769956523,router,ba:bd:de:13:68:55,-81,100.25170622737002,64,1.0417492956279049,6.8254260546596335,0,0,-17,3,-16,3,-16,3,-16,3,-15,2,-14,3,-13,4,-13,5,-13,5,-12,4,-12,4,-12,4,-11,4,-12,5,-13,6,-12,6,-12,5,-12,4,-11,4,-10,4,-10,3,-10,2,-11,2,-11,2,-11,2,-12,3,0,0,0,0,0,0,0,0,0,0,0,0,0,0,0,0,0,0,0,0,0,0,-9,4,-10,4,-11,3,-11,3,-11,3,-11,3,-13,3,-14,3,-13,2,-14,1,-15,1,-14,1,-14,1,-14,1,-15,1,-16,1,-16,1,-16,0,-16,0,-16,1,-17,2,-16,2,-16,2,-15,1,-16,1,-16,1,0.0,17.26267650163207,16.278820596099706,16.278820596099706,16.278820596099706,15.132745950421556,14.317821063276353,13.601470508735444,13.92838827718412,13.92838827718412,12.649110640673518,12.649110640673518,12.649110640673518,11.704699910719626,13.0,14.317821063276353,13.416407864998739,13.0,12.649110640673518,11.704699910719626,10.770329614269007,10.44030650891055,10.198039027185569,11.180339887498949,11.180339887498949,11.180339887498949,12.36931687685298,0.0,0.0,0.0,0.0,0.0,0.0,0.0,0.0,0.0,0.0,0.0,9.848857801796104,10.770329614269007,11.40175425099138,11.40175425099138,11.40175425099138,11.40175425099138,13.341664064126334,14.317821063276353,13.152946437965905,14.035668847618199,15.033296378372908,14.035668847618199,14.035668847618199,14.035668847618199,15.033296378372908,16.0312195418814,16.0312195418814,16.0,16.0,16.0312195418814,17.11724276862369,16.1245154965971,16.1245154965971,15.033296378372908,16.0312195418814,16.0312195418814,0.0,2.9669204545815537,2.9562447035940984,2.9562447035940984,2.9562447035940984,3.0090411212931194,2.930499320367047,2.843093722003614,2.774418819771574,2.774418819771574,2.819842099193151,2.819842099193151,2.819842099193151,2.7928216500058864,2.746801533890032,2.7091848780192556,2.677945044588987,2.746801533890032,2.819842099193151,2.7928216500058864,2.761086276477428,2.8501358591119264,2.9441970937399127,2.961739153797315,2.961739153797315,2.961739153797315,2.896613990462929,0.0,0.0,0.0,0.0,0.0,0.0,0.0,0.0,0.0,0.0,0.0,2.723368324010564,2.761086276477428,2.875340604438868,2.875340604438868,2.875340604438868,2.875340604438868,2.9147938055359073,2.930499320367047,2.988943325194528,3.070285188804503,3.0750244898139694,3.070285188804503,3.070285188804503,3.070285188804503,3.0750244898139694,3.079173843593836,3.079173843593836,3.141592653589793,3.141592653589793,3.079173843593836,3.024483909022929,3.017237659043032,3.017237659043032,3.0750244898139694,3.079173843593836,3.079173843593836
2.736722091998672,router,ba:bd:de:13:68:55,-81,100.25170622737002,64,1.0463131824384957,6.949453053654658,0,0,-16,-4,-17,-4,-16,-4,-15,-4,-13,-3,-13,-2,-13,-3,-12,-2,-11,-1,-11,0,-11,0,-10,0,-10,0,-10,0,-10,1,-11,2,-10,3,-10,3,-10,2,-10,1,-8,1,-8,0,-8,0,-9,1,-9,0,-8,-2,0,0,0,0,0,0,0,0,0,0,0,0,0,0,0,0,0,0,0,0,0,0,-10,-2,-10,-2,-11,-2,-12,-2,-12,-3,-12,-3,-12,-3,-13,-5,-14,-6,-14,-5,-13,-5,-13,-6,-13,-6,-14,-7,-14,-7,-14,-7,-15,-6,-15,-6,-15,-6,-16,-6,-16,-6,-17,-6,-17,-6,-17,-5,-17,-6,-16,-7,0.0,16.492422502470642,17.46424919657298,16.492422502470642,15.524174696260024,13.341664064126334,13.152946437965905,13.341664064126334,12.165525060596439,11.045361017187261,11.0,11.0,10.0,10.0,10.0,10.04987562112089,11.180339887498949,10.44030650891055,10.44030650891055,10.198039027185569,10.04987562112089,8.06225774829855,8.0,8.0,9.055385138137417,9.0,8.246211251235321,0.0,0.0,0.0,0.0,0.0,0.0,0.0,0.0,0.0,0.0,0.0,10.198039027185569,10.198039027185569,11.180339887498949,12.165525060596439,12.36931687685298,12.36931687685298,12.36931687685298,13.92838827718412,15.231546211727817,14.866068747318506,13.92838827718412,14.317821063276353,14.317821063276353,15.652475842498529,15.652475842498529,15.652475842498529,16.15549442140351,16.15549442140351,16.15549442140351,17.08800749063506,17.08800749063506,18.027756377319946,18.027756377319946,17.72004514666935,18.027756377319946,17.46424919657298,0.0,-2.896613990462929,-2.9105019863938963,-2.896613990462929,-2.8809902618424523,-2.9147938055359073,-2.988943325194528,-2.9147938055359073,-2.976443976175166,-3.050932766389048,3.141592653589793,3.141592653589793,3.141592653589793,3.141592653589793,3.141592653589793,3.0419240010986313,2.961739153797315,2.8501358591119264,2.8501358591119264,2.9441970937399127,3.0419240010986313,3.017237659043032,3.141592653589793,3.141592653589793,3.0309354324158977,3.141592653589793,-2.896613990462929,0.0,0.0,0.0,0.0,0.0,0.0,0.0,0.0,0.0,0.0,0.0,-2.9441970937399127,-2.9441970937399127,-2.961739153797315,-2.976443976175166,-2.896613990462929,-2.896613990462929,-2.896613990462929,-2.774418819771574,-2.7367008673047097,-2.79856871316909,-2.774418819771574,-2.7091848780192556,-2.7091848780192556,-2.677945044588987,-2.677945044588987,-2.677945044588987,-2.761086276477428,-2.761086276477428,-2.761086276477428,-2.782821983319221,-2.782821983319221,-2.8023000391357487,-2.8023000391357487,-2.8555412118724752,-2.8023000391357487,-2.729182211992406
2.8383883019996574,router,ba:bd:de:13:68:55,-82,100.03122083313885,64,1.0506086102600474,7.1044790592025695,0,0,-14,-12,-13,-12,-12,-11,-12,-10,-10,-9,-11,-9,-11,-10,-10,-9,-9,-8,-11,-7,-12,-7,-12,-6,-11,-6,-11,-5,-11,-4,-10,-5,-10,-6,-10,-6,-10,-6,-9,-5,-9,-5,-9,-6,-8,-6,-6,-6,-7,-5,-8,-4,0,0,0,0,0,0,0,0,0,0,0,0,0,0,0,0,0,0,0,0,0,0,-8,-5,-8,-4,-9,-5,-10,-6,-10,-6,-11,-7,-11,-8,-10,-9,-10,-10,-11,-9,-12,-9,-11,-9,-11,-9,-10,-10,-11,-10,-11,-10,-11,-10,-11,-11,-11,-12,-12,-11,-12,-11,-13,-11,-13,-11,-12,-12,-13,-12,-13,-12,0.0,18.439088914585774,17.69180601295413,16.278820596099706,15.620499351813308,13.45362404707371,14.212670403551895,14.866068747318506,13.45362404707371,12.041594578792296,13.038404810405298,13.892443989449804,13.416407864998739,12.529964086141668,12.083045973594572,11.704699910719626,11.180339887498949,11.661903789690601,11.661903789690601,11.661903789690601,10.295630140987,10.295630140987,10.816653826391969,10.0,8.48528137423857,8.602325267042627,8.94427190999916,0.0,0.0,0.0,0.0,0.0,0.0,0.0,0.0,0.0,0.0,0.0,9.433981132056603,8.94427190999916,10.295630140987,11.661903789690601,11.661903789690601,13.038404810405298,13.601470508735444,13.45362404707371,14.142135623730951,14.212670403551895,15.0,14.212670403551895,14.212670403551895,14.142135623730951,14.866068747318506,14.866068747318506,14.866068747318506,15.556349186104045,16.278820596099706,16.278820596099706,16.278820596099706,17.029386365926403,17.029386365926403,16.97056274847714,17.69180601295413,17.69180601295413,0.0,-2.432966381462123,-2.396173177315635,-2.399645385583876,-2.44685437739309,-2.408777551803287,-2.455863142683507,-2.403777593469328,-2.408777551803287,-2.4149503129080676,-2.5748634360662868,-2.6135182051634334,-2.677945044588987,-2.642245931909663,-2.714965160462917,-2.7928216500058864,-2.677945044588987,-2.601173153319209,-2.601173153319209,-2.601173153319209,-2.6344941491974563,-2.6344941491974563,-2.5535900500422257,-2.498091544796509,-2.356194490192345,-2.5213431676069717,-2.677945044588987,0.0,0.0,0.0,0.0,0.0,0.0,0.0,0.0,0.0,0.0,0.0,-2.5829933382462307,-2.677945044588987,-2.6344941491974563,-2.601173153319209,-2.601173153319209,-2.5748634360662868,-2.5127963671743605,-2.408777551803287,-2.356194490192345,-2.455863142683507,-2.498091544796509,-2.455863142683507,-2.455863142683507,-2.356194490192345,-2.403777593469328,-2.403777593469328,-2.403777593469328,-2.356194490192345,-2.312743594800814,-2.399645385583876,-2.399645385583876,-2.439335722080786,-2.439335722080786,-2.356194490192345,-2.396173177315635,-2.396173177315635
2.9454254539959948,router,ba:bd:de:13:68:55,-80,100.03122083313885,64,1.0538189357551837,7.289455142901048,0,0,-3,17,-3,17,-3,16,-3,16,-3,15,-3,14,-1,13,-1,13,-1,13,0,12,1,12,1,12,1,12,1,11,0,12,0,12,1,11,1,11,0,11,-1,10,-1,10,-1,9,-1,10,-2,10,-2,8,-1,6,0,0,0,0,0,0,0,0,0,0,0,0,0,0,0,0,0,0,0,0,0,0,0,8,0,8,-1,8,-1,8,-1,8,-2,10,-2,11,-2,12,-2,11,-3,11,-3,12,-3,13,-4,13,-4,13,-4,13,-4,13,-4,13,-4,13,-4,15,-4,16,-4,15,-3,15,-3,15,-4,16,-5,16,-5,16,0.0,17.26267650163207,17.26267650163207,16.278820596099706,16.278820596099706,15.297058540778355,14.317821063276353,13.038404810405298,13.038404810405298,13.038404810405298,12.0,12.041594578792296,12.041594578792296,12.041594578792296,11.045361017187261,12.0,12.0,11.045361017187261,11.045361017187261,11.0,10.04987562112089,10.04987562112089,9.055385138137417,10.04987562112089,10.198039027185569,8.246211251235321,6.082762530298219,0.0,0.0,0.0,0.0,0.0,0.0,0.0,0.0,0.0,0.0,0.0,8.0,8.0,8.06225774829855,8.06225774829855,8.06225774829855,10.198039027185569,11.180339887498949,12.165525060596439,11.180339887498949,11.40175425099138,12.36931687685298,13.341664064126334,13.601470508735444,13.601470508735444,13.601470508735444,13.601470508735444,13.601470508735444,13.601470508735444,15.524174696260024,16.492422502470642,15.524174696260024,15.297058540778355,15.297058540778355,16.492422502470642,16.76305461424021,16.76305461424021,0.0,1.7454685258031364,1.7454685258031364,1.7561442767905915,1.7561442767905915,1.7681918866447774,1.7818896600176433,1.6475682180646747,1.6475682180646747,1.6475682180646747,1.5707963267948966,1.4876550949064553,1.4876550949064553,1.4876550949064553,1.4801364395941514,1.5707963267948966,1.5707963267948966,1.4801364395941514,1.4801364395941514,1.5707963267948966,1.6704649792860586,1.6704649792860586,1.6814535479687922,1.6704649792860586,1.7681918866447774,1.8157749899217608,1.7359450042095235,0.0,0.0,0.0,0.0,0.0,0.0,0.0,0.0,0.0,0.0,0.0,1.5707963267948966,1.5707963267948966,1.695151321341658,1.695151321341658,1.695151321341658,1.7681918866447774,1.750649826587375,1.7359450042095235,1.750649826587375,1.837048375945822,1.8157749899217608,1.7975951748487824,1.8692952583810758,1.8692952583810758,1.8692952583810758,1.8692952583810758,1.8692952583810758,1.8692952583810758,1.8313987185422376,1.8157749899217608,1.8313987185422376,1.7681918866447774,1.7681918866447774,1.8157749899217608,1.873681195169868,1.873681195169868
3.05580168999586,router,ba:bd:de:13:68:55,-79,100.03122083313885,64,1.0565401278161042,7.5001949832465264,0,0,3,-16,4,-17,4,-17,3,-16,3,-15,3,-14,2,-14,1,-14,1,-13,1,-12,0,-12,0,-12,-1,-13,-1,-12,-1,-12,-1,-12,-1,-11,-1,-11,-1,-12,-1,-11,-1,-10,0,-9,0,-9,0,-9,1,-8,1,-7,0,0,0,0,0,0,0,0,0,0,0,0,0,0,0,0,0,0,0,0,0,0,1,-10,2,-10,2,-10,3,-11,4,-11,4,-11,5,-12,6,-13,6,-13,6,-13,6,-13,7,-13,7,-13,6,-13,6,-13,6,-14,6,-14,5,-15,5,-15,5,-15,4,-16,5,-17,6,-16,7,-16,6,-16,6,-17,0.0,16.278820596099706,17.46424919657298,17.46424919657298,16.278820596099706,15.297058540778355,14.317821063276353,14.142135623730951,14.035668847618199,13.038404810405298,12.041594578792296,12.0,12.0,13.038404810405298,12.041594578792296,12.041594578792296,12.041594578792296,11.045361017187261,11.045361017187261,12.041594578792296,11.045361017187261,10.04987562112089,9.0,9.0,9.0,8.06225774829855,7.0710678118654755,0.0,0.0,0.0,0.0,0.0,0.0,0.0,0.0,0.0,0.0,0.0,10.04987562112089,10.198039027185569,10.198039027185569,11.40175425099138,11.704699910719626,11.704699910719626,13.0,14.317821063276353,14.317821063276353,14.317821063276353,14.317821063276353,14.7648230602334,14.7648230602334,14.317821063276353,14.317821063276353,15.231546211727817,15.231546211727817,15.811388300841896,15.811388300841896,15.811388300841896,16.492422502470642,17.72004514666935,17.08800749063506,17.46424919657298,17.08800749063506,18.027756377319946,0.0,-1.3854483767992019,-1.3397056595989996,-1.3397056595989996,-1.3854483767992019,-1.373400766945016,-1.35970299357215,-1.4288992721907328,-1.4994888620096063,-1.4940244355251187,-1.4876550949064553,-1.5707963267948966,-1.5707963267948966,-1.6475682180646747,-1.6539375586833378,-1.6539375586833378,-1.6539375586833378,-1.6614562139956417,-1.6614562139956417,-1.6539375586833378,-1.6614562139956417,-1.6704649792860586,-1.5707963267948966,-1.5707963267948966,-1.5707963267948966,-1.446441332248135,-1.4288992721907328,0.0,0.0,0.0,0.0,0.0,0.0,0.0,0.0,0.0,0.0,0.0,-1.4711276743037347,-1.373400766945016,-1.373400766945016,-1.3045442776439713,-1.2220253232109897,-1.2220253232109897,-1.176005207095135,-1.1383885512243588,-1.1383885512243588,-1.1383885512243588,-1.1383885512243588,-1.0768549578753155,-1.0768549578753155,-1.1383885512243588,-1.1383885512243588,-1.1659045405098132,-1.1659045405098132,-1.2490457723982544,-1.2490457723982544,-1.2490457723982544,-1.3258176636680326,-1.2847448850775784,-1.2120256565243244,-1.1583858851975093,-1.2120256565243244,-1.2315037123408519
3.1654999469974427,router,ba:bd:de:13:68:55,-79,100.03122083313885,64,1.0593112084821983,7.733345765425803,0,0,5,-16,5,-17,5,-16,6,-15,5,-14,3,-15,3,-14,2,-13,1,-13,1,-13,1,-12,2,-12,2,-12,1,-12,0,-12,0,-11,0,-11,0,-11,0,-11,1,-11,1,-11,0,-11,1,-10,1,-9,2,-7,5,-7,0,0,0,0,0,0,0,0,0,0,0,0,0,0,0,0,0,0,0,0,0,0,2,-9,2,-9,2,-10,3,-11,3,-12,4,-12,5,-13,6,-13,6,-13,5,-13,5,-12,5,-12,7,-13,8,-14,8,-14,7,-14,7,-14,7,-15,8,-15,7,-15,6,-15,6,-16,7,-16,7,-16,7,-16,7,-16,0.0,16.76305461424021,17.72004514666935,16.76305461424021,16.15549442140351,14.866068747318506,15.297058540778355,14.317821063276353,13.152946437965905,13.038404810405298,13.038404810405298,12.041594578792296,12.165525060596439,12.165525060596439,12.041594578792296,12.0,11.0,11.0,11.0,11.0,11.045361017187261,11.045361017187261,11.0,10.04987562112089,9.055385138137417,7.280109889280518,8.602325267042627,0.0,0.0,0.0,0.0,0.0,0.0,0.0,0.0,0.0,0.0,0.0,9.219544457292887,9.219544457292887,10.198039027185569,11.40175425099138,12.36931687685298,12.649110640673518,13.92838827718412,14.317821063276353,14.317821063276353,13.92838827718412,13.0,13.0,14.7648230602334,16.1245154965971,16.1245154965971,15.652475842498529,15.652475842498529,16.55294535724685,17.0,16.55294535724685,16.15549442140351,17.08800749063506,17.46424919657298,17.46424919657298,17.46424919657298,17.46424919657298,0.0,-1.2679114584199251,-1.2847448850775784,-1.2679114584199251,-1.1902899496825317,-1.2277723863741932,-1.373400766945016,-1.35970299357215,-1.4181469983996315,-1.4940244355251187,-1.4940244355251187,-1.4876550949064553,-1.4056476493802699,-1.4056476493802699,-1.4876550949064553,-1.5707963267948966,-1.5707963267948966,-1.5707963267948966,-1.5707963267948966,-1.5707963267948966,-1.4801364395941514,-1.4801364395941514,-1.5707963267948966,-1.4711276743037347,-1.460139105621001,-1.2924966677897853,-0.9505468408120752,0.0,0.0,0.0,0.0,0.0,0.0,0.0,0.0,0.0,0.0,0.0,-1.3521273809209546,-1.3521273809209546,-1.373400766945016,-1.3045442776439713,-1.3258176636680326,-1.2490457723982544,-1.2036224929766774,-1.1383885512243588,-1.1383885512243588,-1.2036224929766774,-1.176005207095135,-1.176005207095135,-1.0768549578753155,-1.0516502125483738,-1.0516502125483738,-1.1071487177940904,-1.1071487177940904,-1.1341691669813554,-1.0808390005411683,-1.1341691669813554,-1.1902899496825317,-1.2120256565243244,-1.1583858851975093,-1.1583858851975093,-1.1583858851975093,-1.1583858851975093
3.266015515997424,router,ba:bd:de:13:68:55,-80,100.03122083313885,64,1.0614330690591818,7.979116158611863,0,0,-17,0,-17,-1,-17,-1,-16,-1,-15,0,-14,1,-13,1,-13,1,-12,1,-11,2,-11,2,-10,2,-11,2,-11,2,-10,3,-10,4,-10,4,-10,4,-10,3,-11,3,-10,3,-10,3,-9,3,-9,2,-9,2,-8,1,0,0,0,0,0,0,0,0,0,0,0,0,0,0,0,0,0,0,0,0,0,0,-10,-1,-10,-1,-11,-1,-11,-1,-11,-2,-12,-3,-12,-3,-13,-3,-13,-4,-13,-4,-14,-4,-15,-4,-14,-4,-14,-4,-14,-4,-14,-3,-15,-4,-15,-4,-15,-5,-15,-4,-16,-3,-16,-3,-16,-2,-17,-1,-17,-3,-17,-4,0.0,17.0,17.029386365926403,17.029386365926403,16.0312195418814,15.0,14.035668847618199,13.038404810405298,13.038404810405298,12.041594578792296,11.180339887498949,11.180339887498949,10.198039027185569,11.180339887498949,11.180339887498949,10.44030650891055,10.770329614269007,10.770329614269007,10.770329614269007,10.44030650891055,11.40175425099138,10.44030650891055,10.44030650891055,9.486832980505138,9.219544457292887,9.219544457292887,8.06225774829855,0.0,0.0,0.0,0.0,0.0,0.0,0.0,0.0,0.0,0.0,0.0,10.04987562112089,10.04987562112089,11.045361017187261,11.045361017187261,11.180339887498949,12.36931687685298,12.36931687685298,13.341664064126334,13.601470508735444,13.601470508735444,14.560219778561036,15.524174696260024,14.560219778561036,14.560219778561036,14.560219778561036,14.317821063276353,15.524174696260024,15.524174696260024,15.811388300841896,15.524174696260024,16.278820596099706,16.278820596099706,16.1245154965971,17.029386365926403,17.26267650163207,17.46424919657298,0.0,3.141592653589793,-3.0828368308740703,-3.0828368308740703,-3.079173843593836,3.141592653589793,3.070285188804503,3.064820762320015,3.064820762320015,3.058451421701352,2.961739153797315,2.961739153797315,2.9441970937399127,2.961739153797315,2.961739153797315,2.8501358591119264,2.761086276477428,2.761086276477428,2.761086276477428,2.8501358591119264,2.875340604438868,2.8501358591119264,2.8501358591119264,2.819842099193151,2.922923707715851,2.922923707715851,3.017237659043032,0.0,0.0,0.0,0.0,0.0,0.0,0.0,0.0,0.0,0.0,0.0,-3.0419240010986313,-3.0419240010986313,-3.050932766389048,-3.050932766389048,-2.961739153797315,-2.896613990462929,-2.896613990462929,-2.9147938055359073,-2.843093722003614,-2.843093722003614,-2.8632929945846817,-2.8809902618424523,-2.8632929945846817,-2.8632929945846817,-2.8632929945846817,-2.930499320367047,-2.8809902618424523,-2.8809902618424523,-2.819842099193151,-2.8809902618424523,-2.9562447035940984,-2.9562447035940984,-3.017237659043032,-3.0828368308740703,-2.9669204545815537,-2.9105019863938963
3.3828271249949466,router,ba:bd:de:13:68:55,-81,100.03122083313885,64,1.063776892924557,8.241097244749648,0,0,-18,-6,-17,-5,-16,-5,-15,-5,-14,-4,-13,-4,-13,-4,-12,-3,-13,-3,-13,-3,-13,-2,-12,-1,-12,-1,-12,0,-12,0,-12,0,-12,0,-12,0,-12,0,-12,-1,-12,-2,-12,-1,-11,-2,-11,-2,-10,-2,-8,-2,0,0,0,0,0,0,0,0,0,0,0,0,0,0,0,0,0,0,0,0,0,0,-10,-2,-11,-2,-10,-3,-10,-4,-10,-4,-12,-5,-12,-5,-12,-6,-12,-7,-13,-7,-14,-7,-13,-7,-12,-7,-13,-6,-13,-6,-13,-6,-13,-7,-14,-7,-15,-7,-15,-7,-15,-7,-15,-7,-15,-7,-16,-8,-16,-8,-16,-8,0.0,18.973665961010276,17.72004514666935,16.76305461424021,15.811388300841896,14.560219778561036,13.601470508735444,13.601470508735444,12.36931687685298,13.341664064126334,13.341664064126334,13.152946437965905,12.041594578792296,12.041594578792296,12.0,12.0,12.0,12.0,12.0,12.0,12.041594578792296,12.165525060596439,12.041594578792296,11.180339887498949,11.180339887498949,10.198039027185569,8.246211251235321,0.0,0.0,0.0,0.0,0.0,0.0,0.0,0.0,0.0,0.0,0.0,10.198039027185569,11.180339887498949,10.44030650891055,10.770329614269007,10.770329614269007,13.0,13.0,13.416407864998739,13.892443989449804,14.7648230602334,15.652475842498529,14.7648230602334,13.892443989449804,14.317821063276353,14.317821063276353,14.317821063276353,14.7648230602334,15.652475842498529,16.55294535724685,16.55294535724685,16.55294535724685,16.55294535724685,16.55294535724685,17.88854381999832,17.88854381999832,17.88854381999832,0.0,-2.819842099193151,-2.8555412118724752,-2.838707785214822,-2.819842099193151,-2.8632929945846817,-2.843093722003614,-2.843093722003614,-2.896613990462929,-2.9147938055359073,-2.9147938055359073,-2.988943325194528,-3.058451421701352,-3.058451421701352,3.141592653589793,3.141592653589793,3.141592653589793,3.141592653589793,3.141592653589793,3.141592653589793,-3.058451421701352,-2.976443976175166,-3.058451421701352,-2.961739153797315,-2.961739153797315,-2.9441970937399127,-2.896613990462929,0.0,0.0,0.0,0.0,0.0,0.0,0.0,0.0,0.0,0.0,0.0,-2.9441970937399127,-2.961739153797315,-2.8501358591119264,-2.761086276477428,-2.761086276477428,-2.746801533890032,-2.746801533890032,-2.677945044588987,-2.6135182051634334,-2.647651284670212,-2.677945044588987,-2.647651284670212,-2.6135182051634334,-2.7091848780192556,-2.7091848780192556,-2.7091848780192556,-2.647651284670212,-2.677945044588987,-2.704965493776252,-2.704965493776252,-2.704965493776252,-2.704965493776252,-2.704965493776252,-2.677945044588987,-2.677945044588987,-2.677945044588987
3.4856144309960655,router,ba:bd:de:13:68:55,-83,100.03122083313885,64,1.0648289499213048,8.51868645647417,0,0,-17,7,-16,7,-14,6,-13,6,-13,5,-13,5,-12,5,-11,5,-9,5,-8,5,-8,5,-8,5,-8,5,-9,6,-9,7,-9,7,-10,7,-11,6,-11,6,-10,6,-10,6,-9,5,-9,3,-9,2,-10,3,-9,4,0,0,0,0,0,0,0,0,0,0,0,0,0,0,0,0,0,0,0,0,0,0,-6,5,-7,5,-7,6,-8,7,-9,7,-10,7,-10,8,-10,8,-11,7,-12,6,-12,7,-13,7,-12,6,-12,5,-14,5,-15,7,-14,7,-14,7,-16,7,-16,7,-15,7,-15,7,-15,7,-16,6,-16,7,-17,7,0.0,18.384776310850235,17.46424919657298,15.231546211727817,14.317821063276353,13.92838827718412,13.92838827718412,13.0,12.083045973594572,10.295630140987,9.433981132056603,9.433981132056603,9.433981132056603,9.433981132056603,10.816653826391969,11.40175425099138,11.40175425099138,12.206555615733702,12.529964086141668,12.529964086141668,11.661903789690601,11.661903789690601,10.295630140987,9.486832980505138,9.219544457292887,10.44030650891055,9.848857801796104,0.0,0.0,0.0,0.0,0.0,0.0,0.0,0.0,0.0,0.0,0.0,7.810249675906654,8.602325267042627,9.219544457292887,10.63014581273465,11.40175425099138,12.206555615733702,12.806248474865697,12.806248474865697,13.038404810405298,13.416407864998739,13.892443989449804,14.7648230602334,13.416407864998739,13.0,14.866068747318506,16.55294535724685,15.652475842498529,15.652475842498529,17.46424919657298,17.46424919657298,16.55294535724685,16.55294535724685,16.55294535724685,17.08800749063506,17.46424919657298,18.384776310850235,0.0,2.7509856098921066,2.729182211992406,2.7367008673047097,2.7091848780192556,2.774418819771574,2.774418819771574,2.746801533890032,2.714965160462917,2.6344941491974563,2.5829933382462307,2.5829933382462307,2.5829933382462307,2.5829933382462307,2.5535900500422257,2.4805494847391065,2.4805494847391065,2.5308666892005847,2.642245931909663,2.642245931909663,2.601173153319209,2.601173153319209,2.6344941491974563,2.819842099193151,2.922923707715851,2.8501358591119264,2.723368324010564,0.0,0.0,0.0,0.0,0.0,0.0,0.0,0.0,0.0,0.0,0.0,2.44685437739309,2.5213431676069717,2.432966381462123,2.4227626539681686,2.4805494847391065,2.5308666892005847,2.4668517113662407,2.4668517113662407,2.5748634360662868,2.677945044588987,2.6135182051634334,2.647651284670212,2.677945044588987,2.746801533890032,2.79856871316909,2.704965493776252,2.677945044588987,2.677945044588987,2.729182211992406,2.729182211992406,2.704965493776252,2.704965493776252,2.704965493776252,2.782821983319221,2.729182211992406,2.7509856098921066
3.595578360000218,router,ba:bd:de:13:68:55,-83,100.03122083313885,64,1.0721654836605812,8.803557092096428,0,0,-3,15,-3,15,-2,14,-2,14,-2,14,-1,14,-1,13,-1,13,-1,13,0,12,2,11,1,12,0,13,0,12,0,11,1,13,1,14,1,13,0,13,-1,12,-1,12,-2,12,-3,12,-3,11,-3,10,-4,8,0,0,0,0,0,0,0,0,0,0,0,0,0,0,0,0,0,0,0,0,0,0,-3,4,-4,4,-5,5,-4,7,-3,7,-2,7,-3,7,-4,7,-5,7,-4,8,-3,9,-3,8,-4,8,-4,10,-4,11,-5,11,-5,10,-4,10,-4,12,-4,13,-4,13,-5,14,-5,14,-5,15,-6,16,-6,15,0.0,15.297058540778355,15.297058540778355,14.142135623730951,14.142135623730951,14.142135623730951,14.035668847618199,13.038404810405298,13.038404810405298,13.038404810405298,12.0,11.180339887498949,12.041594578792296,13.0,12.0,11.0,13.038404810405298,14.035668847618199,13.038404810405298,13.0,12.041594578792296,12.041594578792296,12.165525060596439,12.36931687685298,11.40175425099138,10.44030650891055,8.94427190999916,0.0,0.0,0.0,0.0,0.0,0.0,0.0,0.0,0.0,0.0,0.0,5.0,5.656854249492381,7.0710678118654755,8.06225774829855,7.615773105863909,7.280109889280518,7.615773105863909,8.06225774829855,8.602325267042627,8.94427190999916,9.486832980505138,8.54400374531753,8.94427190999916,10.770329614269007,11.704699910719626,12.083045973594572,11.180339887498949,10.770329614269007,12.649110640673518,13.601470508735444,13.601470508735444,14.866068747318506,14.866068747318506,15.811388300841896,17.08800749063506,16.15549442140351,0.0,1.7681918866447774,1.7681918866447774,1.7126933813990606,1.7126933813990606,1.7126933813990606,1.642103791580187,1.6475682180646747,1.6475682180646747,1.6475682180646747,1.5707963267948966,1.3909428270024184,1.4876550949064553,1.5707963267948966,1.5707963267948966,1.5707963267948966,1.4940244355251187,1.4994888620096063,1.4940244355251187,1.5707963267948966,1.6539375586833378,1.6539375586833378,1.7359450042095235,1.8157749899217608,1.837048375945822,1.8622531212727638,2.0344439357957027,0.0,0.0,0.0,0.0,0.0,0.0,0.0,0.0,0.0,0.0,0.0,2.214297435588181,2.356194490192345,2.356194490192345,2.0899424410414196,1.97568811307998,1.849095985800008,1.97568811307998,2.0899424410414196,2.191045812777718,2.0344439357957027,1.892546881191539,1.9295669970654687,2.0344439357957027,1.9513027039072615,1.9195673303788037,1.9974238199217726,2.0344439357957027,1.9513027039072615,1.892546881191539,1.8692952583810758,1.8692952583810758,1.9138202672156,1.9138202672156,1.892546881191539,1.9295669970654687,1.9513027039072615
3.7145562099976814,router,ba:bd:de:13:68:55,-84,100.03122083313885,64,1.0779159268726484,9.090749555177212,0,0,9,-13,9,-12,9,-12,8,-12,8,-12,7,-11,5,-11,4,-11,4,-11,4,-11,5,-11,5,-10,5,-9,4,-10,3,-10,3,-10,4,-10,4,-10,4,-10,4,-9,5,-9,6,-9,6,-9,6,-7,5,-6,3,-7,0,0,0,0,0,0,0,0,0,0,0,0,0,0,0,0,0,0,0,0,0,0,1,-7,2,-8,3,-8,4,-9,5,-10,5,-10,5,-11,6,-11,6,-12,6,-12,6,-10,6,-9,6,-10,7,-11,7,-11,8,-11,8,-11,9,-11,9,-11,9,-11,9,-12,9,-13,10,-13,9,-13,9,-13,9,-14,0.0,15.811388300841896,15.0,15.0,14.422205101855956,14.422205101855956,13.038404810405298,12.083045973594572,11.704699910719626,11.704699910719626,11.704699910719626,12.083045973594572,11.180339887498949,10.295630140987,10.770329614269007,10.44030650891055,10.44030650891055,10.770329614269007,10.770329614269007,10.770329614269007,9.848857801796104,10.295630140987,10.816653826391969,10.816653826391969,9.219544457292887,7.810249675906654,7.615773105863909,0.0,0.0,0.0,0.0,0.0,0.0,0.0,0.0,0.0,0.0,0.0,7.0710678118654755,8.246211251235321,8.54400374531753,9.848857801796104,11.180339887498949,11.180339887498949,12.083045973594572,12.529964086141668,13.416407864998739,13.416407864998739,11.661903789690601,10.816653826391969,11.661903789690601,13.038404810405298,13.038404810405298,13.601470508735444,13.601470508735444,14.212670403551895,14.212670403551895,14.212670403551895,15.0,15.811388300841896,16.401219466856727,15.811388300841896,15.811388300841896,16.64331697709324,0.0,-0.9652516631899266,-0.9272952180016122,-0.9272952180016122,-0.982793723247329,-0.982793723247329,-1.0040671092713902,-1.1441688336680205,-1.2220253232109897,-1.2220253232109897,-1.2220253232109897,-1.1441688336680205,-1.1071487177940904,-1.0636978224025597,-1.1902899496825317,-1.2793395323170296,-1.2793395323170296,-1.1902899496825317,-1.1902899496825317,-1.1902899496825317,-1.1525719972156676,-1.0636978224025597,-0.982793723247329,-0.982793723247329,-0.8621700546672264,-0.8760580505981934,-1.1659045405098132,0.0,0.0,0.0,0.0,0.0,0.0,0.0,0.0,0.0,0.0,0.0,-1.4288992721907328,-1.3258176636680326,-1.2120256565243244,-1.1525719972156676,-1.1071487177940904,-1.1071487177940904,-1.1441688336680205,-1.0714496051147666,-1.1071487177940904,-1.1071487177940904,-1.0303768265243125,-0.982793723247329,-1.0303768265243125,-1.0040671092713902,-1.0040671092713902,-0.9420000403794636,-0.9420000403794636,-0.8850668158886104,-0.8850668158886104,-0.8850668158886104,-0.9272952180016122,-0.9652516631899266,-0.9151007005533605,-0.9652516631899266,-0.9652516631899266,-0.9994588469612699
3.8163532719991053,router,ba:bd:de:13:68:55,-82,99.86469562076475,64,1.0828801533274552,9.60677516717215,0,0,16,-2,17,-2,16,-2,14,-2,14,-2,14,-2,13,-3,12,-3,12,-3,11,-3,11,-3,12,-3,12,-3,11,-4,11,-4,11,-3,11,-3,11,-3,10,-2,9,-2,9,-2,9,-2,9,-1,8,-1,8,-1,8,-2,0,0,0,0,0,0,0,0,0,0,0,0,0,0,0,0,0,0,0,0,0,0,6,-3,6,-3,7,-4,8,-5,9,-4,10,-3,10,-3,10,-2,10,-2,10,-3,11,-3,12,-2,13,-2,14,-2,13,-2,13,-2,13,-2,13,-1,13,-2,14,-3,14,-2,14,-2,14,-3,14,-4,14,-4,15,-3,0.0,16.1245154965971,17.11724276862369,16.1245154965971,14.142135623730951,14.142135623730951,14.142135623730951,13.341664064126334,12.36931687685298,12.36931687685298,11.40175425099138,11.40175425099138,12.36931687685298,12.36931687685298,11.704699910719626,11.704699910719626,11.40175425099138,11.40175425099138,11.40175425099138,10.198039027185569,9.219544457292887,9.219544457292887,9.219544457292887,9.055385138137417,8.06225774829855,8.06225774829855,8.246211251235321,0.0,0.0,0.0,0.0,0.0,0.0,0.0,0.0,0.0,0.0,0.0,6.708203932499369,6.708203932499369,8.06225774829855,9.433981132056603,9.848857801796104,10.44030650891055,10.44030650891055,10.198039027185569,10.198039027185569,10.44030650891055,11.40175425099138,12.165525060596439,13.152946437965905,14.142135623730951,13.152946437965905,13.152946437965905,13.152946437965905,13.038404810405298,13.152946437965905,14.317821063276353,14.142135623730951,14.142135623730951,14.317821063276353,14.560219778561036,14.560219778561036,15.297058540778355,0.0,-0.12435499454676144,-0.11710874456686428,-0.12435499454676144,-0.14189705460416394,-0.14189705460416394,-0.14189705460416394,-0.22679884805388587,-0.24497866312686414,-0.24497866312686414,-0.2662520491509254,-0.2662520491509254,-0.24497866312686414,-0.24497866312686414,-0.348771003583907,-0.348771003583907,-0.2662520491509254,-0.2662520491509254,-0.2662520491509254,-0.19739555984988075,-0.21866894587394195,-0.21866894587394195,-0.21866894587394195,-0.11065722117389565,-0.12435499454676144,-0.12435499454676144,-0.24497866312686414,0.0,0.0,0.0,0.0,0.0,0.0,0.0,0.0,0.0,0.0,0.0,-0.4636476090008061,-0.4636476090008061,-0.5191461142465229,-0.5585993153435624,-0.4182243295792291,-0.2914567944778671,-0.2914567944778671,-0.19739555984988075,-0.19739555984988075,-0.2914567944778671,-0.2662520491509254,-0.16514867741462683,-0.15264932839526515,-0.14189705460416394,-0.15264932839526515,-0.15264932839526515,-0.15264932839526515,-0.07677189126977804,-0.15264932839526515,-0.21109333322274654,-0.14189705460416394,-0.14189705460416394,-0.21109333322274654,-0.27829965900511133,-0.27829965900511133,-0.19739555984988075
3.917166396997345,router,ba:bd:de:13:68:55,-82,99.86469562076475,64,1.0860122897709301,9.99496134033412,0,0,-5,-16,-6,-17,-5,-16,-5,-13,-6,-13,-6,-14,-5,-13,-5,-12,-5,-11,-5,-10,-5,-10,-6,-10,-6,-9,-6,-8,-6,-8,-7,-10,-7,-10,-6,-9,-6,-9,-5,-9,-4,-9,-3,-9,-4,-9,-4,-8,-5,-8,-6,-8,0,0,0,0,0,0,0,0,0,0,0,0,0,0,0,0,0,0,0,0,0,0,-11,-10,-13,-5,-10,-3,-10,-2,-12,-4,-8,-10,-1,-14,-3,-14,-8,-14,-7,-14,-7,-13,-7,-12,-6,-12,-6,-13,-7,-15,-6,-16,-3,-16,-3,-17,-5,-17,-7,-17,-7,-17,-6,-17,-7,-17,-7,-18,-6,-17,-7,-16,0.0,16.76305461424021,18.027756377319946,16.76305461424021,13.92838827718412,14.317821063276353,15.231546211727817,13.92838827718412,13.0,12.083045973594572,11.180339887498949,11.180339887498949,11.661903789690601,10.816653826391969,10.0,10.0,12.206555615733702,12.206555615733702,10.816653826391969,10.816653826391969,10.295630140987,9.848857801796104,9.486832980505138,9.848857801796104,8.94427190999916,9.433981132056603,10.0,0.0,0.0,0.0,0.0,0.0,0.0,0.0,0.0,0.0,0.0,0.0,14.866068747318506,13.92838827718412,10.44030650891055,10.198039027185569,12.649110640673518,12.806248474865697,14.035668847618199,14.317821063276353,16.1245154965971,15.652475842498529,14.7648230602334,13.892443989449804,13.416407864998739,14.317821063276353,16.55294535724685,17.08800749063506,16.278820596099706,17.26267650163207,17.72004514666935,18.384776310850235,18.384776310850235,18.027756377319946,18.384776310850235,19.313207915827967,18.027756377319946,17.46424919657298,0.0,-1.873681195169868,-1.9100889412489412,-1.873681195169868,-1.9379701606131159,-2.0032041023654346,-1.97568811307998,-1.9379701606131159,-1.965587446494658,-1.9974238199217726,-2.0344439357957027,-2.0344439357957027,-2.1112158270654806,-2.158798930342464,-2.214297435588181,-2.214297435588181,-2.1815222911841055,-2.1815222911841055,-2.158798930342464,-2.158798930342464,-2.0778948311872334,-1.9890206563741257,-1.892546881191539,-1.9890206563741257,-2.0344439357957027,-2.129395642138459,-2.214297435588181,0.0,0.0,0.0,0.0,0.0,0.0,0.0,0.0,0.0,0.0,0.0,-2.403777593469328,-2.774418819771574,-2.8501358591119264,-2.9441970937399127,-2.819842099193151,-2.2455372690184494,-1.642103791580187,-1.7818896600176433,-2.0899424410414196,-2.0344439357957027,-2.0647376957144776,-2.0988707752212563,-2.0344439357957027,-2.0032041023654346,-2.007423486608438,-1.9295669970654687,-1.7561442767905915,-1.7454685258031364,-1.856847768512215,-1.9614033704925835,-1.9614033704925835,-1.9100889412489412,-1.9614033704925835,-1.941687615607559,-1.9100889412489412,-1.9832067683922838
4.026287949993275,router,ba:bd:de:13:68:55,-81,99.86469562076475,64,1.0893804511367702,10.313095739737918,0,0,-6,-18,-5,-18,-5,-17,-5,-15,-5,-14,-5,-14,-5,-14,-6,-14,-5,-13,-5,-12,-5,-11,-6,-11,-6,-11,-6,-10,-6,-9,-6,-10,-6,-10,-5,-9,-5,-9,-6,-9,-6,-8,-5,-8,-4,-10,-4,-10,-5,-8,-6,-7,0,0,0,0,0,0,0,0,0,0,0,0,0,0,0,0,0,0,0,0,0,0,-5,-8,-6,-9,-6,-10,-5,-10,-4,-11,-4,-12,-4,-13,-3,-13,-3,-14,-4,-15,-4,-15,-3,-15,-2,-15,-2,-15,-2,-16,-3,-16,-3,-16,-3,-16,-4,-17,-5,-18,-4,-19,-4,-19,-5,-19,-4,-19,-4,-19,-4,-19,0.0,18.973665961010276,18.681541692269406,17.72004514666935,15.811388300841896,14.866068747318506,14.866068747318506,14.866068747318506,15.231546211727817,13.92838827718412,13.0,12.083045973594572,12.529964086141668,12.529964086141668,11.661903789690601,10.816653826391969,11.661903789690601,11.661903789690601,10.295630140987,10.295630140987,10.816653826391969,10.0,9.433981132056603,10.770329614269007,10.770329614269007,9.433981132056603,9.219544457292887,0.0,0.0,0.0,0.0,0.0,0.0,0.0,0.0,0.0,0.0,0.0,9.433981132056603,10.816653826391969,11.661903789690601,11.180339887498949,11.704699910719626,12.649110640673518,13.601470508735444,13.341664064126334,14.317821063276353,15.524174696260024,15.524174696260024,15.297058540778355,15.132745950421556,15.132745950421556,16.1245154965971,16.278820596099706,16.278820596099706,16.278820596099706,17.46424919657298,18.681541692269406,19.4164878389476,19.4164878389476,19.6468827043885,19.4164878389476,19.4164878389476,19.4164878389476,0.0,-1.892546881191539,-1.8417431771333173,-1.856847768512215,-1.892546881191539,-1.9138202672156,-1.9138202672156,-1.9138202672156,-1.97568811307998,-1.9379701606131159,-1.965587446494658,-1.9974238199217726,-2.0701430484750265,-2.0701430484750265,-2.1112158270654806,-2.158798930342464,-2.1112158270654806,-2.1112158270654806,-2.0778948311872334,-2.0778948311872334,-2.158798930342464,-2.214297435588181,-2.129395642138459,-1.9513027039072615,-1.9513027039072615,-2.129395642138459,-2.279422598922567,0.0,0.0,0.0,0.0,0.0,0.0,0.0,0.0,0.0,0.0,0.0,-2.129395642138459,-2.158798930342464,-2.1112158270654806,-2.0344439357957027,-1.9195673303788037,-1.892546881191539,-1.8692952583810758,-1.7975951748487824,-1.7818896600176433,-1.8313987185422376,-1.8313987185422376,-1.7681918866447774,-1.7033478590915707,-1.7033478590915707,-1.695151321341658,-1.7561442767905915,-1.7561442767905915,-1.7561442767905915,-1.8018869939907938,-1.8417431771333173,-1.7782925532300993,-1.7782925532300993,-1.8281200417659853,-1.7782925532300993,-1.7782925532300993,-1.7782925532300993
4.135547746998782,router,ba:bd:de:13:68:55,-79,99.86469562076475,64,1.0908434149282769,10.592216621793888,0,0,-1,16,-2,17,-2,16,-3,16,-3,16,-1,15,-1,13,-1,13,0,13,0,13,0,12,1,12,1,12,2,11,2,11,2,11,2,11,2,10,1,11,2,10,2,10,1,10,1,10,1,9,1,9,1,9,0,0,0,0,0,0,0,0,0,0,0,0,0,0,0,0,0,0,0,0,0,0,0,9,-1,9,-2,9,-2,9,-2,10,-3,10,-3,11,-4,11,-3,12,-3,12,-4,12,-5,13,-4,13,-4,14,-5,14,-5,14,-5,14,-5,15,-5,15,-4,15,-5,16,-4,17,-4,17,-3,18,-3,18,-4,18,0.0,16.0312195418814,17.11724276862369,16.1245154965971,16.278820596099706,16.278820596099706,15.033296378372908,13.038404810405298,13.038404810405298,13.0,13.0,12.0,12.041594578792296,12.041594578792296,11.180339887498949,11.180339887498949,11.180339887498949,11.180339887498949,10.198039027185569,11.045361017187261,10.198039027185569,10.198039027185569,10.04987562112089,10.04987562112089,9.055385138137417,9.055385138137417,9.055385138137417,0.0,0.0,0.0,0.0,0.0,0.0,0.0,0.0,0.0,0.0,0.0,9.0,9.055385138137417,9.219544457292887,9.219544457292887,10.198039027185569,10.44030650891055,11.40175425099138,11.704699910719626,12.36931687685298,12.36931687685298,12.649110640673518,13.92838827718412,13.601470508735444,14.560219778561036,14.866068747318506,14.866068747318506,14.866068747318506,15.811388300841896,15.811388300841896,15.524174696260024,16.76305461424021,17.46424919657298,17.46424919657298,18.24828759089466,18.24828759089466,18.439088914585774,0.0,1.633215136790854,1.687905071361761,1.695151321341658,1.7561442767905915,1.7561442767905915,1.6373644905707205,1.6475682180646747,1.6475682180646747,1.5707963267948966,1.5707963267948966,1.5707963267948966,1.4876550949064553,1.4876550949064553,1.3909428270024184,1.3909428270024184,1.3909428270024184,1.3909428270024184,1.373400766945016,1.4801364395941514,1.373400766945016,1.373400766945016,1.4711276743037347,1.4711276743037347,1.460139105621001,1.460139105621001,1.460139105621001,0.0,0.0,0.0,0.0,0.0,0.0,0.0,0.0,0.0,0.0,0.0,1.5707963267948966,1.6814535479687922,1.7894652726688385,1.7894652726688385,1.7681918866447774,1.8622531212727638,1.837048375945822,1.9195673303788037,1.8157749899217608,1.8157749899217608,1.892546881191539,1.9379701606131159,1.8692952583810758,1.849095985800008,1.9138202672156,1.9138202672156,1.9138202672156,1.892546881191539,1.892546881191539,1.8313987185422376,1.873681195169868,1.8018869939907938,1.8018869939907938,1.7359450042095235,1.7359450042095235,1.7894652726688385
4.246014295997156,router,ba:bd:de:13:68:55,-79,99.86469562076475,64,1.0915251681864575,10.865023235808756,0,0,-9,-15,-9,-16,-9,-16,-9,-15,-8,-14,-8,-13,-8,-13,-8,-13,-8,-12,-9,-11,-9,-11,-9,-9,-8,-9,-9,-9,-9,-8,-8,-8,-9,-7,-10,-8,-9,-8,-8,-8,-8,-8,-7,-8,-7,-7,-7,-7,-6,-7,-5,-8,0,0,0,0,0,0,0,0,0,0,0,0,0,0,0,0,0,0,0,0,0,0,-5,-7,-5,-8,-5,-9,-5,-9,-5,-9,-5,-10,-5,-11,-5,-11,-5,-11,-4,-11,-4,-12,-4,-13,-5,-13,-5,-14,-5,-14,-6,-14,-6,-14,-6,-15,-6,-15,-7,-15,-7,-16,-8,-16,-8,-15,-8,-15,-8,-16,-7,-16,0.0,17.4928556845359,18.35755975068582,18.35755975068582,17.4928556845359,16.1245154965971,15.264337522473747,15.264337522473747,15.264337522473747,14.422205101855956,14.212670403551895,14.212670403551895,12.727922061357855,12.041594578792296,12.727922061357855,12.041594578792296,11.313708498984761,11.40175425099138,12.806248474865697,12.041594578792296,11.313708498984761,11.313708498984761,10.63014581273465,9.899494936611665,9.899494936611665,9.219544457292887,9.433981132056603,0.0,0.0,0.0,0.0,0.0,0.0,0.0,0.0,0.0,0.0,0.0,8.602325267042627,9.433981132056603,10.295630140987,10.295630140987,10.295630140987,11.180339887498949,12.083045973594572,12.083045973594572,12.083045973594572,11.704699910719626,12.649110640673518,13.601470508735444,13.92838827718412,14.866068747318506,14.866068747318506,15.231546211727817,15.231546211727817,16.15549442140351,16.15549442140351,16.55294535724685,17.46424919657298,17.88854381999832,17.0,17.0,17.88854381999832,17.46424919657298,0.0,-2.1112158270654806,-2.0831857871056343,-2.0831857871056343,-2.1112158270654806,-2.0899424410414196,-2.1224513093234436,-2.1224513093234436,-2.1224513093234436,-2.158798930342464,-2.256525837701183,-2.256525837701183,-2.356194490192345,-2.297438667476622,-2.356194490192345,-2.4149503129080676,-2.356194490192345,-2.4805494847391065,-2.4668517113662407,-2.4149503129080676,-2.356194490192345,-2.356194490192345,-2.289626326416521,-2.356194490192345,-2.356194490192345,-2.279422598922567,-2.129395642138459,0.0,0.0,0.0,0.0,0.0,0.0,0.0,0.0,0.0,0.0,0.0,-2.191045812777718,-2.129395642138459,-2.0778948311872334,-2.0778948311872334,-2.0778948311872334,-2.0344439357957027,-1.9974238199217726,-1.9974238199217726,-1.9974238199217726,-1.9195673303788037,-1.892546881191539,-1.8692952583810758,-1.9379701606131159,-1.9138202672156,-1.9138202672156,-1.97568811307998,-1.97568811307998,-1.9513027039072615,-1.9513027039072615,-2.007423486608438,-1.9832067683922838,-2.0344439357957027,-2.060753653048625,-2.060753653048625,-2.0344439357957027,-1.9832067683922838
4.346361627998704,router,ba:bd:de:13:68:55,-79,99.86469562076475,64,1.0920874751371366,11.13944368025804,0,0,-12,-12,-12,-14,-11,-14,-9,-13,-10,-12,-10,-11,-10,-12,-10,-11,-10,-10,-10,-9,-10,-8,-10,-8,-10,-8,-11,-7,-11,-6,-10,-6,-10,-5,-10,-6,-9,-6,-9,-5,-9,-5,-8,-6,-8,-5,-8,-6,-8,-6,-8,-7,0,0,0,0,0,0,0,0,0,0,0,0,0,0,0,0,0,0,0,0,0,0,-4,-7,-4,-8,-4,-9,-4,-8,-4,-8,-5,-9,-5,-10,-5,-11,-5,-11,-5,-12,-5,-13,-5,-13,-6,-13,-6,-13,-6,-13,-7,-14,-7,-14,-6,-13,-6,-13,-7,-14,-8,-15,-9,-15,-10,-15,-10,-15,-9,-15,-8,-15,0.0,16.97056274847714,18.439088914585774,17.804493814764857,15.811388300841896,15.620499351813308,14.866068747318506,15.620499351813308,14.866068747318506,14.142135623730951,13.45362404707371,12.806248474865697,12.806248474865697,12.806248474865697,13.038404810405298,12.529964086141668,11.661903789690601,11.180339887498949,11.661903789690601,10.816653826391969,10.295630140987,10.295630140987,10.0,9.433981132056603,10.0,10.0,10.63014581273465,0.0,0.0,0.0,0.0,0.0,0.0,0.0,0.0,0.0,0.0,0.0,8.06225774829855,8.94427190999916,9.848857801796104,8.94427190999916,8.94427190999916,10.295630140987,11.180339887498949,12.083045973594572,12.083045973594572,13.0,13.92838827718412,13.92838827718412,14.317821063276353,14.317821063276353,14.317821063276353,15.652475842498529,15.652475842498529,14.317821063276353,14.317821063276353,15.652475842498529,17.0,17.4928556845359,18.027756377319946,18.027756377319946,17.4928556845359,17.0,0.0,-2.356194490192345,-2.279422598922567,-2.2367655641740063,-2.1763409903998667,-2.2655346029916,-2.3086113869153615,-2.2655346029916,-2.3086113869153615,-2.356194490192345,-2.408777551803287,-2.4668517113662407,-2.4668517113662407,-2.4668517113662407,-2.5748634360662868,-2.642245931909663,-2.601173153319209,-2.677945044588987,-2.601173153319209,-2.5535900500422257,-2.6344941491974563,-2.6344941491974563,-2.498091544796509,-2.5829933382462307,-2.498091544796509,-2.498091544796509,-2.4227626539681686,0.0,0.0,0.0,0.0,0.0,0.0,0.0,0.0,0.0,0.0,0.0,-2.0899424410414196,-2.0344439357957027,-1.9890206563741257,-2.0344439357957027,-2.0344439357957027,-2.0778948311872334,-2.0344439357957027,-1.9974238199217726,-1.9974238199217726,-1.965587446494658,-1.9379701606131159,-1.9379701606131159,-2.0032041023654346,-2.0032041023654346,-2.0032041023654346,-2.0344439357957027,-2.0344439357957027,-2.0032041023654346,-2.0032041023654346,-2.0344439357957027,-2.060753653048625,-2.1112158270654806,-2.158798930342464,-2.158798930342464,-2.1112158270654806,-2.060753653048625
4.446412047997001,router,ba:bd:de:13:68:55,-80,99.86469562076475,64,1.0932474865251338,11.414773716194421,0,0,-18,-3,-18,-4,-18,-5,-16,-4,-15,-4,-15,-4,-15,-4,-14,-3,-13,-2,-13,-1,-13,-1,-13,-1,-12,0,-12,0,-12,0,-12,0,-12,0,-12,0,-11,0,-11,0,-11,0,-11,0,-10,0,-9,0,-9,-1,-10,-1,0,0,0,0,0,0,0,0,0,0,0,0,0,0,0,0,0,0,0,0,0,0,-10,-3,-10,-3,-10,-3,-10,-3,-11,-4,-11,-4,-11,-4,-11,-4,-11,-5,-12,-6,-14,-6,-14,-5,-13,-5,-13,-6,-14,-6,-14,-6,-14,-5,-15,-5,-15,-5,-16,-5,-16,-5,-17,-5,-17,-6,-17,-6,-18,-6,-17,-6,0.0,18.24828759089466,18.439088914585774,18.681541692269406,16.492422502470642,15.524174696260024,15.524174696260024,15.524174696260024,14.317821063276353,13.152946437965905,13.038404810405298,13.038404810405298,13.038404810405298,12.0,12.0,12.0,12.0,12.0,12.0,11.0,11.0,11.0,11.0,10.0,9.0,9.055385138137417,10.04987562112089,0.0,0.0,0.0,0.0,0.0,0.0,0.0,0.0,0.0,0.0,0.0,10.44030650891055,10.44030650891055,10.44030650891055,10.44030650891055,11.704699910719626,11.704699910719626,11.704699910719626,11.704699910719626,12.083045973594572,13.416407864998739,15.231546211727817,14.866068747318506,13.92838827718412,14.317821063276353,15.231546211727817,15.231546211727817,14.866068747318506,15.811388300841896,15.811388300841896,16.76305461424021,16.76305461424021,17.72004514666935,18.027756377319946,18.027756377319946,18.973665961010276,18.027756377319946,0.0,-2.976443976175166,-2.922923707715851,-2.8706458032513726,-2.896613990462929,-2.8809902618424523,-2.8809902618424523,-2.8809902618424523,-2.930499320367047,-2.988943325194528,-3.064820762320015,-3.064820762320015,-3.064820762320015,3.141592653589793,3.141592653589793,3.141592653589793,3.141592653589793,3.141592653589793,3.141592653589793,3.141592653589793,3.141592653589793,3.141592653589793,3.141592653589793,3.141592653589793,3.141592653589793,-3.0309354324158977,-3.0419240010986313,0.0,0.0,0.0,0.0,0.0,0.0,0.0,0.0,0.0,0.0,0.0,-2.8501358591119264,-2.8501358591119264,-2.8501358591119264,-2.8501358591119264,-2.7928216500058864,-2.7928216500058864,-2.7928216500058864,-2.7928216500058864,-2.714965160462917,-2.677945044588987,-2.7367008673047097,-2.79856871316909,-2.774418819771574,-2.7091848780192556,-2.7367008673047097,-2.7367008673047097,-2.79856871316909,-2.819842099193151,-2.819842099193151,-2.838707785214822,-2.838707785214822,-2.8555412118724752,-2.8023000391357487,-2.8023000391357487,-2.819842099193151,-2.8023000391357487
4.547053743997822,router,ba:bd:de:13:68:55,-82,99.86469562076475,64,1.0958686981214572,11.697619884678542,0,0,-20,-2,-19,-3,-19,-3,-18,-2,-17,-2,-17,-1,-15,-1,-14,-1,-13,0,-13,1,-13,0,-14,1,-13,1,-13,2,-13,2,-13,2,-13,1,-13,1,-13,1,-12,1,-11,0,-12,-1,-12,0,-11,1,-11,1,-12,-1,0,0,0,0,0,0,0,0,0,0,0,0,0,0,0,0,0,0,0,0,0,0,-8,-1,-9,-1,-10,-2,-10,-1,-11,-1,-12,-1,-12,-1,-13,-1,-13,-1,-13,-2,-13,-2,-14,-2,-14,-2,-15,-2,-15,-3,-16,-2,-17,-2,-17,-3,-17,-3,-18,-2,-19,-3,-19,-3,-20,-3,-20,-3,-19,-3,-19,-2,0.0,20.09975124224178,19.235384061671343,19.235384061671343,18.110770276274835,17.11724276862369,17.029386365926403,15.033296378372908,14.035668847618199,13.0,13.038404810405298,13.0,14.035668847618199,13.038404810405298,13.152946437965905,13.152946437965905,13.152946437965905,13.038404810405298,13.038404810405298,13.038404810405298,12.041594578792296,11.0,12.041594578792296,12.0,11.045361017187261,11.045361017187261,12.041594578792296,0.0,0.0,0.0,0.0,0.0,0.0,0.0,0.0,0.0,0.0,0.0,8.06225774829855,9.055385138137417,10.198039027185569,10.04987562112089,11.045361017187261,12.041594578792296,12.041594578792296,13.038404810405298,13.038404810405298,13.152946437965905,13.152946437965905,14.142135623730951,14.142135623730951,15.132745950421556,15.297058540778355,16.1245154965971,17.11724276862369,17.26267650163207,17.26267650163207,18.110770276274835,19.235384061671343,19.235384061671343,20.223748416156685,20.223748416156685,19.235384061671343,19.1049731745428,0.0,-3.0419240010986313,-2.984990776607778,-2.984990776607778,-3.0309354324158977,-3.024483909022929,-3.0828368308740703,-3.0750244898139694,-3.070285188804503,3.141592653589793,3.064820762320015,3.141592653589793,3.070285188804503,3.064820762320015,2.988943325194528,2.988943325194528,2.988943325194528,3.064820762320015,3.064820762320015,3.064820762320015,3.058451421701352,3.141592653589793,-3.058451421701352,3.141592653589793,3.050932766389048,3.050932766389048,-3.058451421701352,0.0,0.0,0.0,0.0,0.0,0.0,0.0,0.0,0.0,0.0,0.0,-3.017237659043032,-3.0309354324158977,-2.9441970937399127,-3.0419240010986313,-3.050932766389048,-3.058451421701352,-3.058451421701352,-3.064820762320015,-3.064820762320015,-2.988943325194528,-2.988943325194528,-2.999695598985629,-2.999695598985629,-3.0090411212931194,-2.9441970937399127,-3.017237659043032,-3.024483909022929,-2.9669204545815537,-2.9669204545815537,-3.0309354324158977,-2.984990776607778,-2.984990776607778,-2.992702705980296,-2.992702705980296,-2.984990776607778,-3.036715714859559
4.662382793998404,router,ba:bd:de:13:68:55,-82,99.86469562076475,64,1.0973699867257916,11.989435533846367,0,0,-19,0,-18,0,-17,0,-16,0,-16,0,-16,0,-15,1,-14,1,-14,1,-13,1,-12,2,-12,3,-11,3,-12,4,-12,4,-12,3,-11,3,-11,3,-12,3,-12,2,-12,2,-12,2,-11,2,-10,1,-10,1,-11,-1,0,0,0,0,0,0,0,0,0,0,0,0,0,0,0,0,0,0,0,0,0,0,-8,0,-8,0,-9,0,-9,-1,-10,-1,-12,0,-12,0,-11,-1,-11,-1,-12,-1,-12,-2,-12,-2,-13,-3,-13,-3,-13,-2,-13,-2,-14,-2,-14,-2,-14,-2,-15,-2,-16,-2,-16,-1,-17,-1,-17,-1,-18,-1,-18,0,0.0,19.0,18.0,17.0,16.0,16.0,16.0,15.033296378372908,14.035668847618199,14.035668847618199,13.038404810405298,12.165525060596439,12.36931687685298,11.40175425099138,12.649110640673518,12.649110640673518,12.36931687685298,11.40175425099138,11.40175425099138,12.36931687685298,12.165525060596439,12.165525060596439,12.165525060596439,11.180339887498949,10.04987562112089,10.04987562112089,11.045361017187261,0.0,0.0,0.0,0.0,0.0,0.0,0.0,0.0,0.0,0.0,0.0,8.0,8.0,9.0,9.055385138137417,10.04987562112089,12.0,12.0,11.045361017187261,11.045361017187261,12.041594578792296,12.165525060596439,12.165525060596439,13.341664064126334,13.341664064126334,13.152946437965905,13.152946437965905,14.142135623730951,14.142135623730951,14.142135623730951,15.132745950421556,16.1245154965971,16.0312195418814,17.029386365926403,17.029386365926403,18.027756377319946,18.0,0.0,3.141592653589793,3.141592653589793,3.141592653589793,3.141592653589793,3.141592653589793,3.141592653589793,3.0750244898139694,3.070285188804503,3.070285188804503,3.064820762320015,2.976443976175166,2.896613990462929,2.875340604438868,2.819842099193151,2.819842099193151,2.896613990462929,2.875340604438868,2.875340604438868,2.896613990462929,2.976443976175166,2.976443976175166,2.976443976175166,2.961739153797315,3.0419240010986313,3.0419240010986313,-3.050932766389048,0.0,0.0,0.0,0.0,0.0,0.0,0.0,0.0,0.0,0.0,0.0,3.141592653589793,3.141592653589793,3.141592653589793,-3.0309354324158977,-3.0419240010986313,3.141592653589793,3.141592653589793,-3.050932766389048,-3.050932766389048,-3.058451421701352,-2.976443976175166,-2.976443976175166,-2.9147938055359073,-2.9147938055359073,-2.988943325194528,-2.988943325194528,-2.999695598985629,-2.999695598985629,-2.999695598985629,-3.0090411212931194,-3.017237659043032,-3.079173843593836,-3.0828368308740703,-3.0828368308740703,-3.0860941483440762,3.141592653589793
4.765548055998806,router,ba:bd:de:13:68:55,-83,100.17466076995602,64,1.1011828487784276,12.491121247657492,0,0,9,-12,9,-13,9,-12,9,-11,9,-11,8,-12,7,-13,6,-12,6,-11,6,-12,7,-12,6,-12,5,-11,4,-11,4,-10,4,-11,4,-11,5,-12,5,-12,6,-11,6,-10,6,-10,5,-9,6,-9,7,-9,9,-10,0,0,0,0,0,0,0,0,0,0,0,0,0,0,0,0,0,0,0,0,0,0,3,-6,3,-6,4,-7,5,-8,4,-8,4,-7,5,-7,7,-8,7,-9,6,-8,7,-8,7,-9,7,-9,7,-9,7,-9,7,-10,8,-11,9,-11,9,-10,9,-10,9,-11,10,-11,10,-11,10,-11,10,-12,9,-12,0.0,15.0,15.811388300841896,15.0,14.212670403551895,14.212670403551895,14.422205101855956,14.7648230602334,13.416407864998739,12.529964086141668,13.416407864998739,13.892443989449804,13.416407864998739,12.083045973594572,11.704699910719626,10.770329614269007,11.704699910719626,11.704699910719626,13.0,13.0,12.529964086141668,11.661903789690601,11.661903789690601,10.295630140987,10.816653826391969,11.40175425099138,13.45362404707371,0.0,0.0,0.0,0.0,0.0,0.0,0.0,0.0,0.0,0.0,0.0,6.708203932499369,6.708203932499369,8.06225774829855,9.433981132056603,8.94427190999916,8.06225774829855,8.602325267042627,10.63014581273465,11.40175425099138,10.0,10.63014581273465,11.40175425099138,11.40175425099138,11.40175425099138,11.40175425099138,12.206555615733702,13.601470508735444,14.212670403551895,13.45362404707371,13.45362404707371,14.212670403551895,14.866068747318506,14.866068747318506,14.866068747318506,15.620499351813308,15.0,0.0,-0.9272952180016122,-0.9652516631899266,-0.9272952180016122,-0.8850668158886104,-0.8850668158886104,-0.982793723247329,-1.0768549578753155,-1.1071487177940904,-1.0714496051147666,-1.1071487177940904,-1.042721878368537,-1.1071487177940904,-1.1441688336680205,-1.2220253232109897,-1.1902899496825317,-1.2220253232109897,-1.2220253232109897,-1.176005207095135,-1.176005207095135,-1.0714496051147666,-1.0303768265243125,-1.0303768265243125,-1.0636978224025597,-0.982793723247329,-0.9097531579442097,-0.83798122500839,0.0,0.0,0.0,0.0,0.0,0.0,0.0,0.0,0.0,0.0,0.0,-1.1071487177940904,-1.1071487177940904,-1.0516502125483738,-1.0121970114513341,-1.1071487177940904,-1.0516502125483738,-0.9505468408120752,-0.8519663271732721,-0.9097531579442097,-0.9272952180016122,-0.8519663271732721,-0.9097531579442097,-0.9097531579442097,-0.9097531579442097,-0.9097531579442097,-0.960070362405688,-0.9420000403794636,-0.8850668158886104,-0.83798122500839,-0.83798122500839,-0.8850668158886104,-0.8329812666744317,-0.8329812666744317,-0.8329812666744317,-0.8760580505981934,-0.9272952180016122
4.867465569994238,router,ba:bd:de:13:68:55,-84,100.17466076995602,64,1.1079250548252888,12.874101755763611,0,0,-6,16,-7,16,-8,15,-7,14,-7,13,-7,13,-6,13,-6,13,-5,13,-4,13,-3,13,-3,13,-3,13,-3,14,-3,14,-2,13,-2,13,-3,13,-3,12,-3,12,-4,13,-5,13,-6,11,-6,9,-5,10,-5,10,0,0,0,0,0,0,0,0,0,0,0,0,0,0,0,0,0,0,0,0,0,0,-2,6,-3,6,-3,6,-3,7,-3,8,-4,7,-5,8,-5,10,-5,11,-5,10,-6,10,-6,10,-6,10,-6,10,-6,10,-7,11,-8,12,-7,11,-7,11,-7,12,-8,12,-7,11,-6,12,-6,13,-6,15,-5,16,0.0,17.08800749063506,17.46424919657298,17.0,15.652475842498529,14.7648230602334,14.7648230602334,14.317821063276353,14.317821063276353,13.92838827718412,13.601470508735444,13.341664064126334,13.341664064126334,13.341664064126334,14.317821063276353,14.317821063276353,13.152946437965905,13.152946437965905,13.341664064126334,12.36931687685298,12.36931687685298,13.601470508735444,13.92838827718412,12.529964086141668,10.816653826391969,11.180339887498949,11.180339887498949,0.0,0.0,0.0,0.0,0.0,0.0,0.0,0.0,0.0,0.0,0.0,6.324555320336759,6.708203932499369,6.708203932499369,7.615773105863909,8.54400374531753,8.06225774829855,9.433981132056603,11.180339887498949,12.083045973594572,11.180339887498949,11.661903789690601,11.661903789690601,11.661903789690601,11.661903789690601,11.661903789690601,13.038404810405298,14.422205101855956,13.038404810405298,13.038404810405298,13.892443989449804,14.422205101855956,13.038404810405298,13.416407864998739,14.317821063276353,16.15549442140351,16.76305461424021,0.0,1.9295669970654687,1.9832067683922838,2.060753653048625,2.0344439357957027,2.0647376957144776,2.0647376957144776,2.0032041023654346,2.0032041023654346,1.9379701606131159,1.8692952583810758,1.7975951748487824,1.7975951748487824,1.7975951748487824,1.7818896600176433,1.7818896600176433,1.7234456551901618,1.7234456551901618,1.7975951748487824,1.8157749899217608,1.8157749899217608,1.8692952583810758,1.9379701606131159,2.0701430484750265,2.158798930342464,2.0344439357957027,2.0344439357957027,0.0,0.0,0.0,0.0,0.0,0.0,0.0,0.0,0.0,0.0,0.0,1.892546881191539,2.0344439357957027,2.0344439357957027,1.97568811307998,1.9295669970654687,2.0899424410414196,2.129395642138459,2.0344439357957027,1.9974238199217726,2.0344439357957027,2.1112158270654806,2.1112158270654806,2.1112158270654806,2.1112158270654806,2.1112158270654806,2.137525544318403,2.158798930342464,2.137525544318403,2.137525544318403,2.0988707752212563,2.158798930342464,2.137525544318403,2.0344439357957027,2.0032041023654346,1.9513027039072615,1.873681195169868
4.995788582993555,router,ba:bd:de:13:68:55,-82,100.17466076995602,64,1.1133393627185224,13.183515718461488,0,0,-16,0,-16,-2,-17,-2,-16,-1,-15,0,-15,1,-15,1,-15,1,-14,0,-13,0,-13,1,-14,2,-14,3,-13,3,-12,4,-11,3,-11,3,-11,3,-12,3,-13,2,-12,1,-11,1,-10,1,-10,1,-10,0,-11,-3,0,0,0,0,0,0,0,0,0,0,0,0,0,0,0,0,0,0,0,0,0,0,-7,-2,-7,-2,-8,-2,-9,-3,-9,-3,-9,-4,-9,-4,-9,-4,-10,-4,-10,-4,-10,-4,-11,-4,-11,-4,-12,-4,-13,-4,-13,-4,-13,-4,-13,-4,-13,-4,-14,-4,-15,-3,-16,-3,-16,-3,-17,-2,-18,-2,-18,-2,0.0,16.0,16.1245154965971,17.11724276862369,16.0312195418814,15.0,15.033296378372908,15.033296378372908,15.033296378372908,14.0,13.0,13.038404810405298,14.142135623730951,14.317821063276353,13.341664064126334,12.649110640673518,11.40175425099138,11.40175425099138,11.40175425099138,12.36931687685298,13.152946437965905,12.041594578792296,11.045361017187261,10.04987562112089,10.04987562112089,10.0,11.40175425099138,0.0,0.0,0.0,0.0,0.0,0.0,0.0,0.0,0.0,0.0,0.0,7.280109889280518,7.280109889280518,8.246211251235321,9.486832980505138,9.486832980505138,9.848857801796104,9.848857801796104,9.848857801796104,10.770329614269007,10.770329614269007,10.770329614269007,11.704699910719626,11.704699910719626,12.649110640673518,13.601470508735444,13.601470508735444,13.601470508735444,13.601470508735444,13.601470508735444,14.560219778561036,15.297058540778355,16.278820596099706,16.278820596099706,17.11724276862369,18.110770276274835,18.110770276274835,0.0,3.141592653589793,-3.017237659043032,-3.024483909022929,-3.079173843593836,3.141592653589793,3.0750244898139694,3.0750244898139694,3.0750244898139694,3.141592653589793,3.141592653589793,3.064820762320015,2.999695598985629,2.930499320367047,2.9147938055359073,2.819842099193151,2.875340604438868,2.875340604438868,2.875340604438868,2.896613990462929,2.988943325194528,3.058451421701352,3.050932766389048,3.0419240010986313,3.0419240010986313,3.141592653589793,-2.875340604438868,0.0,0.0,0.0,0.0,0.0,0.0,0.0,0.0,0.0,0.0,0.0,-2.8632929945846817,-2.8632929945846817,-2.896613990462929,-2.819842099193151,-2.819842099193151,-2.723368324010564,-2.723368324010564,-2.723368324010564,-2.761086276477428,-2.761086276477428,-2.761086276477428,-2.7928216500058864,-2.7928216500058864,-2.819842099193151,-2.843093722003614,-2.843093722003614,-2.843093722003614,-2.843093722003614,-2.843093722003614,-2.8632929945846817,-2.9441970937399127,-2.9562447035940984,-2.9562447035940984,-3.024483909022929,-3.0309354324158977,-3.0309354324158977
5.106636837997939,router,ba:bd:de:13:68:55,-82,100.17466076995602,64,1.1176329898084223,13.457992529359881,0,0,-17,-7,-16,-7,-16,-6,-15,-5,-14,-6,-15,-7,-14,-6,-13,-6,-13,-6,-12,-6,-12,-5,-11,-4,-12,-4,-12,-5,-12,-4,-11,-4,-10,-4,-10,-4,-11,-5,-11,-5,-10,-6,-9,-6,-8,-6,-7,-6,-7,-5,-9,-3,0,0,0,0,0,0,0,0,0,0,0,0,0,0,0,0,0,0,0,0,0,0,-8,-3,-10,-2,-9,-1,-9,-2,-11,-3,-11,-4,-12,-5,-12,-5,-12,-5,-11,-5,-11,-6,-12,-7,-13,-7,-13,-7,-13,-7,-12,-7,-12,-7,-13,-7,-14,-7,-14,-7,-15,-7,-14,-7,-14,-7,-15,-7,-17,-7,-17,-8,0.0,18.384776310850235,17.46424919657298,17.08800749063506,15.811388300841896,15.231546211727817,16.55294535724685,15.231546211727817,14.317821063276353,14.317821063276353,13.416407864998739,13.0,11.704699910719626,12.649110640673518,13.0,12.649110640673518,11.704699910719626,10.770329614269007,10.770329614269007,12.083045973594572,12.083045973594572,11.661903789690601,10.816653826391969,10.0,9.219544457292887,8.602325267042627,9.486832980505138,0.0,0.0,0.0,0.0,0.0,0.0,0.0,0.0,0.0,0.0,0.0,8.54400374531753,10.198039027185569,9.055385138137417,9.219544457292887,11.40175425099138,11.704699910719626,13.0,13.0,13.0,12.083045973594572,12.529964086141668,13.892443989449804,14.7648230602334,14.7648230602334,14.7648230602334,13.892443989449804,13.892443989449804,14.7648230602334,15.652475842498529,15.652475842498529,16.55294535724685,15.652475842498529,15.652475842498529,16.55294535724685,18.384776310850235,18.788294228055936,0.0,-2.7509856098921066,-2.729182211992406,-2.782821983319221,-2.819842099193151,-2.7367008673047097,-2.704965493776252,-2.7367008673047097,-2.7091848780192556,-2.7091848780192556,-2.677945044588987,-2.746801533890032,-2.7928216500058864,-2.819842099193151,-2.746801533890032,-2.819842099193151,-2.7928216500058864,-2.761086276477428,-2.761086276477428,-2.714965160462917,-2.714965160462917,-2.601173153319209,-2.5535900500422257,-2.498091544796509,-2.432966381462123,-2.5213431676069717,-2.819842099193151,0.0,0.0,0.0,0.0,0.0,0.0,0.0,0.0,0.0,0.0,0.0,-2.782821983319221,-2.9441970937399127,-3.0309354324158977,-2.922923707715851,-2.875340604438868,-2.7928216500058864,-2.746801533890032,-2.746801533890032,-2.746801533890032,-2.714965160462917,-2.642245931909663,-2.6135182051634334,-2.647651284670212,-2.647651284670212,-2.647651284670212,-2.6135182051634334,-2.6135182051634334,-2.647651284670212,-2.677945044588987,-2.677945044588987,-2.704965493776252,-2.677945044588987,-2.677945044588987,-2.704965493776252,-2.7509856098921066,-2.701750070774057
5.206815338999149,router,ba:bd:de:13:68:55,-82,100.17466076995602,64,1.1213167342614643,13.726948372408927,0,0,1,-17,2,-17,2,-16,2,-15,2,-15,1,-16,0,-15,0,-14,-1,-14,-1,-13,0,-12,-1,-12,-1,-12,0,-13,0,-12,-1,-12,0,-12,0,-12,-1,-12,-2,-11,-1,-10,0,-10,1,-10,1,-10,1,-9,2,-9,0,0,0,0,0,0,0,0,0,0,0,0,0,0,0,0,0,0,0,0,0,0,0,-7,3,-9,4,-11,3,-10,2,-10,2,-12,3,-13,4,-14,4,-12,4,-12,3,-12,2,-12,3,-12,4,-12,5,-13,5,-13,5,-13,4,-13,4,-14,3,-15,2,-15,2,-15,3,-15,3,-15,3,-15,4,-15,0.0,17.029386365926403,17.11724276862369,16.1245154965971,15.132745950421556,15.132745950421556,16.0312195418814,15.0,14.0,14.035668847618199,13.038404810405298,12.0,12.041594578792296,12.041594578792296,13.0,12.0,12.041594578792296,12.0,12.0,12.041594578792296,11.180339887498949,10.04987562112089,10.0,10.04987562112089,10.04987562112089,9.055385138137417,9.219544457292887,0.0,0.0,0.0,0.0,0.0,0.0,0.0,0.0,0.0,0.0,0.0,7.0,9.486832980505138,11.704699910719626,10.44030650891055,10.198039027185569,12.165525060596439,13.341664064126334,14.560219778561036,12.649110640673518,12.649110640673518,12.36931687685298,12.165525060596439,12.36931687685298,12.649110640673518,13.92838827718412,13.92838827718412,13.92838827718412,13.601470508735444,14.560219778561036,15.297058540778355,15.132745950421556,15.132745950421556,15.297058540778355,15.297058540778355,15.297058540778355,15.524174696260024,0.0,-1.512040504079174,-1.4536875822280324,-1.446441332248135,-1.4382447944982226,-1.4382447944982226,-1.5083775167989393,-1.5707963267948966,-1.5707963267948966,-1.642103791580187,-1.6475682180646747,-1.5707963267948966,-1.6539375586833378,-1.6539375586833378,-1.5707963267948966,-1.5707963267948966,-1.6539375586833378,-1.5707963267948966,-1.5707963267948966,-1.6539375586833378,-1.750649826587375,-1.6704649792860586,-1.5707963267948966,-1.4711276743037347,-1.4711276743037347,-1.460139105621001,-1.3521273809209546,0.0,0.0,0.0,0.0,0.0,0.0,0.0,0.0,0.0,0.0,0.0,-1.5707963267948966,-1.2490457723982544,-1.2220253232109897,-1.2793395323170296,-1.373400766945016,-1.4056476493802699,-1.3439974787410107,-1.2924966677897853,-1.2490457723982544,-1.2490457723982544,-1.3258176636680326,-1.4056476493802699,-1.3258176636680326,-1.2490457723982544,-1.2036224929766774,-1.2036224929766774,-1.2036224929766774,-1.2722973952087173,-1.2924966677897853,-1.373400766945016,-1.4382447944982226,-1.4382447944982226,-1.373400766945016,-1.373400766945016,-1.373400766945016,-1.3101939350475555
5.316516787999717,router,ba:bd:de:13:68:55,-81,100.17466076995602,64,1.124377473508324,13.99737599002717,0,0,-13,-12,-13,-12,-12,-11,-11,-10,-12,-9,-12,-9,-11,-9,-10,-9,-10,-8,-10,-8,-9,-7,-9,-7,-9,-8,-9,-7,-9,-7,-9,-7,-9,-6,-9,-7,-9,-7,-9,-6,-9,-6,-9,-6,-10,-6,-8,-7,-7,-8,-8,-6,0,0,0,0,0,0,0,0,0,0,0,0,0,0,0,0,0,0,0,0,0,0,-9,-4,-8,-4,-9,-5,-9,-6,-9,-6,-9,-6,-9,-7,-10,-8,-10,-8,-10,-8,-9,-8,-9,-9,-9,-9,-9,-9,-10,-9,-10,-10,-10,-10,-10,-9,-10,-10,-10,-11,-11,-11,-11,-12,-11,-12,-12,-12,-13,-12,-13,-12,0.0,17.69180601295413,17.69180601295413,16.278820596099706,14.866068747318506,15.0,15.0,14.212670403551895,13.45362404707371,12.806248474865697,12.806248474865697,11.40175425099138,11.40175425099138,12.041594578792296,11.40175425099138,11.40175425099138,11.40175425099138,10.816653826391969,11.40175425099138,11.40175425099138,10.816653826391969,10.816653826391969,10.816653826391969,11.661903789690601,10.63014581273465,10.63014581273465,10.0,0.0,0.0,0.0,0.0,0.0,0.0,0.0,0.0,0.0,0.0,0.0,9.848857801796104,8.94427190999916,10.295630140987,10.816653826391969,10.816653826391969,10.816653826391969,11.40175425099138,12.806248474865697,12.806248474865697,12.806248474865697,12.041594578792296,12.727922061357855,12.727922061357855,12.727922061357855,13.45362404707371,14.142135623730951,14.142135623730951,13.45362404707371,14.142135623730951,14.866068747318506,15.556349186104045,16.278820596099706,16.278820596099706,16.97056274847714,17.69180601295413,17.69180601295413,0.0,-2.396173177315635,-2.396173177315635,-2.399645385583876,-2.403777593469328,-2.498091544796509,-2.498091544796509,-2.455863142683507,-2.408777551803287,-2.4668517113662407,-2.4668517113662407,-2.4805494847391065,-2.4805494847391065,-2.4149503129080676,-2.4805494847391065,-2.4805494847391065,-2.4805494847391065,-2.5535900500422257,-2.4805494847391065,-2.4805494847391065,-2.5535900500422257,-2.5535900500422257,-2.5535900500422257,-2.601173153319209,-2.4227626539681686,-2.289626326416521,-2.498091544796509,0.0,0.0,0.0,0.0,0.0,0.0,0.0,0.0,0.0,0.0,0.0,-2.723368324010564,-2.677945044588987,-2.6344941491974563,-2.5535900500422257,-2.5535900500422257,-2.5535900500422257,-2.4805494847391065,-2.4668517113662407,-2.4668517113662407,-2.4668517113662407,-2.4149503129080676,-2.356194490192345,-2.356194490192345,-2.356194490192345,-2.408777551803287,-2.356194490192345,-2.356194490192345,-2.408777551803287,-2.356194490192345,-2.3086113869153615,-2.356194490192345,-2.312743594800814,-2.312743594800814,-2.356194490192345,-2.396173177315635,-2.396173177315635
5.416630809995695,router,ba:bd:de:13:68:55,-81,100.17466076995602,64,1.1276224861746074,14.268645791658574,0,0,-16,-10,-16,-11,-15,-11,-14,-9,-13,-8,-13,-8,-13,-7,-12,-7,-11,-6,-10,-5,-10,-5,-11,-5,-11,-4,-11,-3,-10,-3,-10,-3,-11,-4,-11,-4,-11,-3,-10,-3,-10,-4,-10,-4,-9,-5,-9,-4,-8,-4,-7,-5,0,0,0,0,0,0,0,0,0,0,0,0,0,0,0,0,0,0,0,0,0,0,-8,-7,-9,-7,-10,-7,-11,-8,-9,-8,-9,-8,-10,-9,-10,-9,-11,-10,-11,-10,-12,-10,-11,-9,-11,-9,-12,-10,-13,-11,-12,-10,-12,-10,-13,-10,-12,-10,-13,-9,-14,-9,-14,-9,-14,-10,-13,-11,-13,-11,-13,-11,0.0,18.867962264113206,19.4164878389476,18.601075237738275,16.64331697709324,15.264337522473747,15.264337522473747,14.7648230602334,13.892443989449804,12.529964086141668,11.180339887498949,11.180339887498949,12.083045973594572,11.704699910719626,11.40175425099138,10.44030650891055,10.44030650891055,11.704699910719626,11.704699910719626,11.40175425099138,10.44030650891055,10.770329614269007,10.770329614269007,10.295630140987,9.848857801796104,8.94427190999916,8.602325267042627,0.0,0.0,0.0,0.0,0.0,0.0,0.0,0.0,0.0,0.0,0.0,10.63014581273465,11.40175425099138,12.206555615733702,13.601470508735444,12.041594578792296,12.041594578792296,13.45362404707371,13.45362404707371,14.866068747318506,14.866068747318506,15.620499351813308,14.212670403551895,14.212670403551895,15.620499351813308,17.029386365926403,15.620499351813308,15.620499351813308,16.401219466856727,15.620499351813308,15.811388300841896,16.64331697709324,16.64331697709324,17.204650534085253,17.029386365926403,17.029386365926403,17.029386365926403,0.0,-2.5829933382462307,-2.539305307454829,-2.5088438185876103,-2.5702551737561663,-2.5899376710612465,-2.5899376710612465,-2.647651284670212,-2.6135182051634334,-2.642245931909663,-2.677945044588987,-2.677945044588987,-2.714965160462917,-2.7928216500058864,-2.875340604438868,-2.8501358591119264,-2.8501358591119264,-2.7928216500058864,-2.7928216500058864,-2.875340604438868,-2.8501358591119264,-2.761086276477428,-2.761086276477428,-2.6344941491974563,-2.723368324010564,-2.677945044588987,-2.5213431676069717,0.0,0.0,0.0,0.0,0.0,0.0,0.0,0.0,0.0,0.0,0.0,-2.4227626539681686,-2.4805494847391065,-2.5308666892005847,-2.5127963671743605,-2.4149503129080676,-2.4149503129080676,-2.408777551803287,-2.408777551803287,-2.403777593469328,-2.403777593469328,-2.44685437739309,-2.455863142683507,-2.455863142683507,-2.44685437739309,-2.439335722080786,-2.44685437739309,-2.44685437739309,-2.485897027348257,-2.44685437739309,-2.5360479899848234,-2.5702551737561663,-2.5702551737561663,-2.5213431676069717,-2.439335722080786,-2.439335722080786,-2.439335722080786
5.516751105998992,router,ba:bd:de:13:68:55,-81,100.17466076995602,64,1.1292285211030173,14.533393534897078,0,0,-7,-14,-6,-15,-5,-15,-6,-14,-6,-13,-6,-12,-6,-11,-6,-10,-6,-9,-6,-9,-7,-8,-8,-7,-7,-7,-7,-7,-7,-7,-7,-7,-7,-6,-7,-5,-7,-5,-8,-5,-8,-4,-7,-5,-7,-5,-7,-5,-7,-5,-6,-7,0,0,0,0,0,0,0,0,0,0,0,0,0,0,0,0,0,0,0,0,0,0,-3,-10,-4,-10,-4,-10,-4,-12,-3,-13,-2,-13,-2,-13,-3,-13,-3,-14,-2,-14,-2,-14,-2,-14,-2,-15,-3,-15,-3,-15,-3,-16,-2,-16,-3,-16,-3,-15,-3,-16,-3,-16,-3,-16,-4,-16,-5,-16,-5,-16,-5,-16,0.0,15.652475842498529,16.15549442140351,15.811388300841896,15.231546211727817,14.317821063276353,13.416407864998739,12.529964086141668,11.661903789690601,10.816653826391969,10.816653826391969,10.63014581273465,10.63014581273465,9.899494936611665,9.899494936611665,9.899494936611665,9.899494936611665,9.219544457292887,8.602325267042627,8.602325267042627,9.433981132056603,8.94427190999916,8.602325267042627,8.602325267042627,8.602325267042627,8.602325267042627,9.219544457292887,0.0,0.0,0.0,0.0,0.0,0.0,0.0,0.0,0.0,0.0,0.0,10.44030650891055,10.770329614269007,10.770329614269007,12.649110640673518,13.341664064126334,13.152946437965905,13.152946437965905,13.341664064126334,14.317821063276353,14.142135623730951,14.142135623730951,14.142135623730951,15.132745950421556,15.297058540778355,15.297058540778355,16.278820596099706,16.1245154965971,16.278820596099706,15.297058540778355,16.278820596099706,16.278820596099706,16.278820596099706,16.492422502470642,16.76305461424021,16.76305461424021,16.76305461424021,0.0,-2.0344439357957027,-1.9513027039072615,-1.892546881191539,-1.97568811307998,-2.0032041023654346,-2.0344439357957027,-2.0701430484750265,-2.1112158270654806,-2.158798930342464,-2.158798930342464,-2.289626326416521,-2.4227626539681686,-2.356194490192345,-2.356194490192345,-2.356194490192345,-2.356194490192345,-2.432966381462123,-2.5213431676069717,-2.5213431676069717,-2.5829933382462307,-2.677945044588987,-2.5213431676069717,-2.5213431676069717,-2.5213431676069717,-2.5213431676069717,-2.279422598922567,0.0,0.0,0.0,0.0,0.0,0.0,0.0,0.0,0.0,0.0,0.0,-1.8622531212727638,-1.9513027039072615,-1.9513027039072615,-1.892546881191539,-1.7975951748487824,-1.7234456551901618,-1.7234456551901618,-1.7975951748487824,-1.7818896600176433,-1.7126933813990606,-1.7126933813990606,-1.7126933813990606,-1.7033478590915707,-1.7681918866447774,-1.7681918866447774,-1.7561442767905915,-1.695151321341658,-1.7561442767905915,-1.7681918866447774,-1.7561442767905915,-1.7561442767905915,-1.7561442767905915,-1.8157749899217608,-1.873681195169868,-1.873681195169868,-1.873681195169868
5.616917796993221,router,ba:bd:de:13:68:55,-80,100.17466076995602,64,1.1304650764664481,14.800767544149192,0,0,8,-15,9,-15,8,-14,7,-13,7,-13,7,-13,6,-12,6,-12,4,-12,4,-11,4,-11,4,-11,3,-11,2,-11,2,-11,2,-11,3,-10,4,-10,4,-10,3,-10,3,-9,4,-9,4,-9,4,-7,4,-7,3,-6,0,0,0,0,0,0,0,0,0,0,0,0,0,0,0,0,0,0,0,0,0,0,4,-12,3,-11,2,-12,2,-12,4,-11,5,-11,5,-10,5,-10,6,-10,7,-10,7,-11,6,-11,7,-10,8,-11,7,-11,7,-11,8,-11,8,-12,8,-12,8,-13,8,-14,7,-13,8,-13,8,-13,8,-14,8,-15,0.0,17.0,17.4928556845359,16.1245154965971,14.7648230602334,14.7648230602334,14.7648230602334,13.416407864998739,13.416407864998739,12.649110640673518,11.704699910719626,11.704699910719626,11.704699910719626,11.40175425099138,11.180339887498949,11.180339887498949,11.180339887498949,10.44030650891055,10.770329614269007,10.770329614269007,10.44030650891055,9.486832980505138,9.848857801796104,9.848857801796104,8.06225774829855,8.06225774829855,6.708203932499369,0.0,0.0,0.0,0.0,0.0,0.0,0.0,0.0,0.0,0.0,0.0,12.649110640673518,11.40175425099138,12.165525060596439,12.165525060596439,11.704699910719626,12.083045973594572,11.180339887498949,11.180339887498949,11.661903789690601,12.206555615733702,13.038404810405298,12.529964086141668,12.206555615733702,13.601470508735444,13.038404810405298,13.038404810405298,13.601470508735444,14.422205101855956,14.422205101855956,15.264337522473747,16.1245154965971,14.7648230602334,15.264337522473747,15.264337522473747,16.1245154965971,17.0,0.0,-1.0808390005411683,-1.0303768265243125,-1.0516502125483738,-1.0768549578753155,-1.0768549578753155,-1.0768549578753155,-1.1071487177940904,-1.1071487177940904,-1.2490457723982544,-1.2220253232109897,-1.2220253232109897,-1.2220253232109897,-1.3045442776439713,-1.3909428270024184,-1.3909428270024184,-1.3909428270024184,-1.2793395323170296,-1.1902899496825317,-1.1902899496825317,-1.2793395323170296,-1.2490457723982544,-1.1525719972156676,-1.1525719972156676,-1.0516502125483738,-1.0516502125483738,-1.1071487177940904,0.0,0.0,0.0,0.0,0.0,0.0,0.0,0.0,0.0,0.0,0.0,-1.2490457723982544,-1.3045442776439713,-1.4056476493802699,-1.4056476493802699,-1.2220253232109897,-1.1441688336680205,-1.1071487177940904,-1.1071487177940904,-1.0303768265243125,-0.960070362405688,-1.0040671092713902,-1.0714496051147666,-0.960070362405688,-0.9420000403794636,-1.0040671092713902,-1.0040671092713902,-0.9420000403794636,-0.982793723247329,-0.982793723247329,-1.0191413442663497,-1.0516502125483738,-1.0768549578753155,-1.0191413442663497,-1.0191413442663497,-1.0516502125483738,-1.0808390005411683
5.72303432499757,router,ba:bd:de:13:68:55,-84,100.17466076995602,64,1.1356708370348145,15.066372814303215,0,0,14,-7,14,-5,13,-4,11,-4,11,-5,10,-6,10,-6,8,-7,7,-7,7,-7,7,-7,6,-7,5,-8,5,-7,5,-8,4,-8,4,-8,5,-7,5,-6,5,-7,4,-8,4,-8,4,-8,5,-7,6,-8,4,-8,0,0,0,0,0,0,0,0,0,0,0,0,0,0,0,0,0,0,0,0,0,0,8,-1,7,1,7,-1,10,-2,11,-2,11,-2,11,-2,9,-2,11,-4,13,-6,13,-5,11,-3,10,-4,11,-5,10,-5,9,-5,10,-5,11,-5,11,-5,11,-5,11,-5,12,-7,12,-8,12,-5,13,-4,14,-4,0.0,15.652475842498529,14.866068747318506,13.601470508735444,11.704699910719626,12.083045973594572,11.661903789690601,11.661903789690601,10.63014581273465,9.899494936611665,9.899494936611665,9.899494936611665,9.219544457292887,9.433981132056603,8.602325267042627,9.433981132056603,8.94427190999916,8.94427190999916,8.602325267042627,7.810249675906654,8.602325267042627,8.94427190999916,8.94427190999916,8.94427190999916,8.602325267042627,10.0,8.94427190999916,0.0,0.0,0.0,0.0,0.0,0.0,0.0,0.0,0.0,0.0,0.0,8.06225774829855,7.0710678118654755,7.0710678118654755,10.198039027185569,11.180339887498949,11.180339887498949,11.180339887498949,9.219544457292887,11.704699910719626,14.317821063276353,13.92838827718412,11.40175425099138,10.770329614269007,12.083045973594572,11.180339887498949,10.295630140987,11.180339887498949,12.083045973594572,12.083045973594572,12.083045973594572,12.083045973594572,13.892443989449804,14.422205101855956,13.0,13.601470508735444,14.560219778561036,0.0,-0.4636476090008061,-0.3430239404207034,-0.2984989315861793,-0.348771003583907,-0.4266274931268761,-0.5404195002705842,-0.5404195002705842,-0.7188299996216245,-0.7853981633974483,-0.7853981633974483,-0.7853981633974483,-0.8621700546672264,-1.0121970114513341,-0.9505468408120752,-1.0121970114513341,-1.1071487177940904,-1.1071487177940904,-0.9505468408120752,-0.8760580505981934,-0.9505468408120752,-1.1071487177940904,-1.1071487177940904,-1.1071487177940904,-0.9505468408120752,-0.9272952180016122,-1.1071487177940904,0.0,0.0,0.0,0.0,0.0,0.0,0.0,0.0,0.0,0.0,0.0,-0.12435499454676144,0.14189705460416394,-0.14189705460416394,-0.19739555984988075,-0.17985349979247828,-0.17985349979247828,-0.17985349979247828,-0.21866894587394195,-0.348771003583907,-0.43240777557053783,-0.3671738338182192,-0.2662520491509254,-0.3805063771123649,-0.4266274931268761,-0.4636476090008061,-0.507098504392337,-0.4636476090008061,-0.4266274931268761,-0.4266274931268761,-0.4266274931268761,-0.4266274931268761,-0.5280744484263596,-0.5880026035475675,-0.3947911196997615,-0.2984989315861793,-0.27829965900511133
5.827275836993067,router,ba:bd:de:13:68:55,-83,98.88922271027839,64,1.1396085176756214,15.509064391007325,0,0,12,11,11,11,11,10,10,9,9,8,10,8,10,6,9,5,8,5,9,4,9,4,9,4,9,3,9,4,10,4,10,4,9,5,9,4,8,3,8,4,8,5,8,5,8,5,7,6,6,7,5,6,0,0,0,0,0,0,0,0,0,0,0,0,0,0,0,0,0,0,0,0,0,0,8,6,9,5,9,4,9,5,8,5,9,7,9,9,9,9,9,9,9,9,9,10,9,10,8,10,8,10,9,11,8,11,9,11,10,11,10,11,11,11,11,11,11,11,11,11,11,12,12,12,12,11,0.0,16.278820596099706,15.556349186104045,14.866068747318506,13.45362404707371,12.041594578792296,12.806248474865697,11.661903789690601,10.295630140987,9.433981132056603,9.848857801796104,9.848857801796104,9.848857801796104,9.486832980505138,9.848857801796104,10.770329614269007,10.770329614269007,10.295630140987,9.848857801796104,8.54400374531753,8.94427190999916,9.433981132056603,9.433981132056603,9.433981132056603,9.219544457292887,9.219544457292887,7.810249675906654,0.0,0.0,0.0,0.0,0.0,0.0,0.0,0.0,0.0,0.0,0.0,10.0,10.295630140987,9.848857801796104,10.295630140987,9.433981132056603,11.40175425099138,12.727922061357855,12.727922061357855,12.727922061357855,12.727922061357855,13.45362404707371,13.45362404707371,12.806248474865697,12.806248474865697,14.212670403551895,13.601470508735444,14.212670403551895,14.866068747318506,14.866068747318506,15.556349186104045,15.556349186104045,15.556349186104045,15.556349186104045,16.278820596099706,16.97056274847714,16.278820596099706,0.0,0.7419472680059175,0.7853981633974483,0.7378150601204649,0.7328151017865066,0.7266423406817256,0.6747409422235526,0.5404195002705842,0.507098504392337,0.5585993153435624,0.4182243295792291,0.4182243295792291,0.4182243295792291,0.3217505543966422,0.4182243295792291,0.3805063771123649,0.3805063771123649,0.507098504392337,0.4182243295792291,0.35877067027057225,0.4636476090008061,0.5585993153435624,0.5585993153435624,0.5585993153435624,0.7086262721276703,0.8621700546672264,0.8760580505981934,0.0,0.0,0.0,0.0,0.0,0.0,0.0,0.0,0.0,0.0,0.0,0.6435011087932844,0.507098504392337,0.4182243295792291,0.507098504392337,0.5585993153435624,0.6610431688506869,0.7853981633974483,0.7853981633974483,0.7853981633974483,0.7853981633974483,0.83798122500839,0.83798122500839,0.8960553845713439,0.8960553845713439,0.8850668158886104,0.9420000403794636,0.8850668158886104,0.8329812666744317,0.8329812666744317,0.7853981633974483,0.7853981633974483,0.7853981633974483,0.7853981633974483,0.8288490587889792,0.7853981633974483,0.7419472680059175
5.9444014759938,router,ba:bd:de:13:68:55,-83,98.88922271027839,64,1.1440489279948831,15.853329954806956,0,0,15,-4,14,-5,14,-6,14,-7,13,-8,12,-7,11,-7,10,-7,10,-7,11,-7,10,-7,9,-7,10,-8,10,-8,10,-8,10,-8,10,-8,10,-8,10,-8,10,-7,11,-6,11,-6,11,-6,12,-5,11,-3,10,-1,0,0,0,0,0,0,0,0,0,0,0,0,0,0,0,0,0,0,0,0,0,0,11,-4,11,-5,11,-5,10,-4,11,-3,12,-2,12,-2,12,-3,12,-2,13,-3,13,-3,13,-3,13,-3,13,-2,13,-2,13,-3,13,-3,14,-3,14,-4,13,-4,12,-4,12,-4,14,-4,16,-4,15,-4,14,-4,0.0,15.524174696260024,14.866068747318506,15.231546211727817,15.652475842498529,15.264337522473747,13.892443989449804,13.038404810405298,12.206555615733702,12.206555615733702,13.038404810405298,12.206555615733702,11.40175425099138,12.806248474865697,12.806248474865697,12.806248474865697,12.806248474865697,12.806248474865697,12.806248474865697,12.806248474865697,12.206555615733702,12.529964086141668,12.529964086141668,12.529964086141668,13.0,11.40175425099138,10.04987562112089,0.0,0.0,0.0,0.0,0.0,0.0,0.0,0.0,0.0,0.0,0.0,11.704699910719626,12.083045973594572,12.083045973594572,10.770329614269007,11.40175425099138,12.165525060596439,12.165525060596439,12.36931687685298,12.165525060596439,13.341664064126334,13.341664064126334,13.341664064126334,13.341664064126334,13.152946437965905,13.152946437965905,13.341664064126334,13.341664064126334,14.317821063276353,14.560219778561036,13.601470508735444,12.649110640673518,12.649110640673518,14.560219778561036,16.492422502470642,15.524174696260024,14.560219778561036,0.0,-0.260602391747341,-0.3430239404207034,-0.40489178628508343,-0.4636476090008061,-0.5516549825285468,-0.5280744484263596,-0.5667292175235064,-0.6107259643892086,-0.6107259643892086,-0.5667292175235064,-0.6107259643892086,-0.6610431688506869,-0.6747409422235526,-0.6747409422235526,-0.6747409422235526,-0.6747409422235526,-0.6747409422235526,-0.6747409422235526,-0.6747409422235526,-0.6107259643892086,-0.4993467216801301,-0.4993467216801301,-0.4993467216801301,-0.3947911196997615,-0.2662520491509254,-0.09966865249116202,0.0,0.0,0.0,0.0,0.0,0.0,0.0,0.0,0.0,0.0,0.0,-0.348771003583907,-0.4266274931268761,-0.4266274931268761,-0.3805063771123649,-0.2662520491509254,-0.16514867741462683,-0.16514867741462683,-0.24497866312686414,-0.16514867741462683,-0.22679884805388587,-0.22679884805388587,-0.22679884805388587,-0.22679884805388587,-0.15264932839526515,-0.15264932839526515,-0.22679884805388587,-0.22679884805388587,-0.21109333322274654,-0.27829965900511133,-0.2984989315861793,-0.3217505543966422,-0.3217505543966422,-0.27829965900511133,-0.24497866312686414,-0.260602391747341,-0.27829965900511133
6.045482022993383,router,ba:bd:de:13:68:55,-83,98.88922271027839,64,1.147749911885084,16.149448951639094,0,0,14,-8,14,-8,13,-8,11,-7,11,-7,10,-7,9,-7,8,-7,8,-6,8,-7,8,-8,7,-9,6,-9,6,-9,6,-9,6,-9,6,-9,6,-10,6,-10,6,-8,7,-7,8,-8,8,-7,8,-7,7,-6,8,-7,0,0,0,0,0,0,0,0,0,0,0,0,0,0,0,0,0,0,0,0,0,0,9,-7,9,-6,10,-6,11,-6,11,-5,11,-5,12,-5,12,-5,12,-5,13,-4,14,-4,13,-4,13,-5,13,-4,14,-3,13,-3,13,-5,13,-6,13,-6,13,-5,13,-6,14,-6,14,-6,14,-6,15,-6,16,-6,0.0,16.1245154965971,16.1245154965971,15.264337522473747,13.038404810405298,13.038404810405298,12.206555615733702,11.40175425099138,10.63014581273465,10.0,10.63014581273465,11.313708498984761,11.40175425099138,10.816653826391969,10.816653826391969,10.816653826391969,10.816653826391969,10.816653826391969,11.661903789690601,11.661903789690601,10.0,9.899494936611665,11.313708498984761,10.63014581273465,10.63014581273465,9.219544457292887,10.63014581273465,0.0,0.0,0.0,0.0,0.0,0.0,0.0,0.0,0.0,0.0,0.0,11.40175425099138,10.816653826391969,11.661903789690601,12.529964086141668,12.083045973594572,12.083045973594572,13.0,13.0,13.0,13.601470508735444,14.560219778561036,13.601470508735444,13.92838827718412,13.601470508735444,14.317821063276353,13.341664064126334,13.92838827718412,14.317821063276353,14.317821063276353,13.92838827718412,14.317821063276353,15.231546211727817,15.231546211727817,15.231546211727817,16.15549442140351,17.08800749063506,0.0,-0.5191461142465229,-0.5191461142465229,-0.5516549825285468,-0.5667292175235064,-0.5667292175235064,-0.6107259643892086,-0.6610431688506869,-0.7188299996216245,-0.6435011087932844,-0.7188299996216245,-0.7853981633974483,-0.9097531579442097,-0.982793723247329,-0.982793723247329,-0.982793723247329,-0.982793723247329,-0.982793723247329,-1.0303768265243125,-1.0303768265243125,-0.9272952180016122,-0.7853981633974483,-0.7853981633974483,-0.7188299996216245,-0.7188299996216245,-0.7086262721276703,-0.7188299996216245,0.0,0.0,0.0,0.0,0.0,0.0,0.0,0.0,0.0,0.0,0.0,-0.6610431688506869,-0.5880026035475675,-0.5404195002705842,-0.4993467216801301,-0.4266274931268761,-0.4266274931268761,-0.3947911196997615,-0.3947911196997615,-0.3947911196997615,-0.2984989315861793,-0.27829965900511133,-0.2984989315861793,-0.3671738338182192,-0.2984989315861793,-0.21109333322274654,-0.22679884805388587,-0.3671738338182192,-0.43240777557053783,-0.43240777557053783,-0.3671738338182192,-0.43240777557053783,-0.40489178628508343,-0.40489178628508343,-0.40489178628508343,-0.3805063771123649,-0.35877067027057225
6.1568012589996215,router,ba:bd:de:13:68:55,-84,98.88922271027839,64,1.151048167346353,16.41562458743441,0,0,15,-7,14,-5,14,-5,13,-5,12,-5,10,-5,10,-5,9,-6,8,-7,7,-7,6,-7,5,-8,6,-8,6,-8,5,-8,5,-8,5,-8,5,-7,6,-7,6,-7,5,-7,5,-7,5,-7,5,-7,5,-7,5,-9,0,0,0,0,0,0,0,0,0,0,0,0,0,0,0,0,0,0,0,0,0,0,10,-6,9,-5,9,-3,10,-4,10,-5,12,-4,13,-3,13,-2,12,-3,12,-2,13,-2,14,-2,14,-2,14,-2,14,-3,16,-4,16,-4,15,-3,15,-3,15,-3,15,-3,15,-4,15,-5,16,-5,16,-4,15,-3,0.0,16.55294535724685,14.866068747318506,14.866068747318506,13.92838827718412,13.0,11.180339887498949,11.180339887498949,10.816653826391969,10.63014581273465,9.899494936611665,9.219544457292887,9.433981132056603,10.0,10.0,9.433981132056603,9.433981132056603,9.433981132056603,8.602325267042627,9.219544457292887,9.219544457292887,8.602325267042627,8.602325267042627,8.602325267042627,8.602325267042627,8.602325267042627,10.295630140987,0.0,0.0,0.0,0.0,0.0,0.0,0.0,0.0,0.0,0.0,0.0,11.661903789690601,10.295630140987,9.486832980505138,10.770329614269007,11.180339887498949,12.649110640673518,13.341664064126334,13.152946437965905,12.36931687685298,12.165525060596439,13.152946437965905,14.142135623730951,14.142135623730951,14.142135623730951,14.317821063276353,16.492422502470642,16.492422502470642,15.297058540778355,15.297058540778355,15.297058540778355,15.297058540778355,15.524174696260024,15.811388300841896,16.76305461424021,16.492422502470642,15.297058540778355,0.0,-0.43662715981354133,-0.3430239404207034,-0.3430239404207034,-0.3671738338182192,-0.3947911196997615,-0.4636476090008061,-0.4636476090008061,-0.5880026035475675,-0.7188299996216245,-0.7853981633974483,-0.8621700546672264,-1.0121970114513341,-0.9272952180016122,-0.9272952180016122,-1.0121970114513341,-1.0121970114513341,-1.0121970114513341,-0.9505468408120752,-0.8621700546672264,-0.8621700546672264,-0.9505468408120752,-0.9505468408120752,-0.9505468408120752,-0.9505468408120752,-0.9505468408120752,-1.0636978224025597,0.0,0.0,0.0,0.0,0.0,0.0,0.0,0.0,0.0,0.0,0.0,-0.5404195002705842,-0.507098504392337,-0.3217505543966422,-0.3805063771123649,-0.4636476090008061,-0.3217505543966422,-0.22679884805388587,-0.15264932839526515,-0.24497866312686414,-0.16514867741462683,-0.15264932839526515,-0.14189705460416394,-0.14189705460416394,-0.14189705460416394,-0.21109333322274654,-0.24497866312686414,-0.24497866312686414,-0.19739555984988075,-0.19739555984988075,-0.19739555984988075,-0.19739555984988075,-0.260602391747341,-0.3217505543966422,-0.3028848683749714,-0.24497866312686414,-0.19739555984988075
6.277801910997368,router,ba:bd:de:13:68:55,-83,98.88922271027839,64,1.154615510164603,16.66375017126688,0,0,-11,-11,-11,-12,-11,-13,-10,-12,-10,-11,-11,-10,-10,-9,-10,-8,-10,-7,-9,-7,-9,-6,-9,-6,-10,-6,-10,-5,-9,-6,-9,-6,-9,-5,-9,-4,-9,-4,-9,-3,-10,-4,-9,-5,-8,-6,-7,-6,-6,-6,-5,-7,0,0,0,0,0,0,0,0,0,0,0,0,0,0,0,0,0,0,0,0,0,0,-8,-8,-9,-9,-9,-9,-9,-9,-9,-9,-9,-10,-9,-11,-9,-12,-9,-13,-8,-12,-8,-12,-8,-14,-9,-14,-9,-13,-9,-13,-9,-13,-9,-14,-9,-14,-10,-15,-10,-15,-10,-15,-10,-14,-10,-14,-11,-13,-12,-13,-11,-14,0.0,15.556349186104045,16.278820596099706,17.029386365926403,15.620499351813308,14.866068747318506,14.866068747318506,13.45362404707371,12.806248474865697,12.206555615733702,11.40175425099138,10.816653826391969,10.816653826391969,11.661903789690601,11.180339887498949,10.816653826391969,10.816653826391969,10.295630140987,9.848857801796104,9.848857801796104,9.486832980505138,10.770329614269007,10.295630140987,10.0,9.219544457292887,8.48528137423857,8.602325267042627,0.0,0.0,0.0,0.0,0.0,0.0,0.0,0.0,0.0,0.0,0.0,11.313708498984761,12.727922061357855,12.727922061357855,12.727922061357855,12.727922061357855,13.45362404707371,14.212670403551895,15.0,15.811388300841896,14.422205101855956,14.422205101855956,16.1245154965971,16.64331697709324,15.811388300841896,15.811388300841896,15.811388300841896,16.64331697709324,16.64331697709324,18.027756377319946,18.027756377319946,18.027756377319946,17.204650534085253,17.204650534085253,17.029386365926403,17.69180601295413,17.804493814764857,0.0,-2.356194490192345,-2.312743594800814,-2.2730532583039036,-2.2655346029916,-2.3086113869153615,-2.403777593469328,-2.408777551803287,-2.4668517113662407,-2.5308666892005847,-2.4805494847391065,-2.5535900500422257,-2.5535900500422257,-2.601173153319209,-2.677945044588987,-2.5535900500422257,-2.5535900500422257,-2.6344941491974563,-2.723368324010564,-2.723368324010564,-2.819842099193151,-2.761086276477428,-2.6344941491974563,-2.498091544796509,-2.432966381462123,-2.356194490192345,-2.191045812777718,0.0,0.0,0.0,0.0,0.0,0.0,0.0,0.0,0.0,0.0,0.0,-2.356194490192345,-2.356194490192345,-2.356194490192345,-2.356194490192345,-2.356194490192345,-2.3036114285814033,-2.256525837701183,-2.214297435588181,-2.1763409903998667,-2.158798930342464,-2.158798930342464,-2.0899424410414196,-2.1421338066285234,-2.1763409903998667,-2.1763409903998667,-2.1763409903998667,-2.1421338066285234,-2.1421338066285234,-2.158798930342464,-2.158798930342464,-2.158798930342464,-2.191045812777718,-2.191045812777718,-2.2730532583039036,-2.316215803069055,-2.2367655641740063
6.385620134999044,router,ba:bd:de:13:68:55,-82,98.88922271027839,64,1.157815031271411,16.89458533628359,0,0,-5,15,-6,15,-6,14,-5,13,-4,12,-3,12,-3,12,-2,11,-2,11,-1,10,-2,11,-2,11,-1,11,-1,11,-1,11,-2,11,-1,11,-1,11,0,10,0,9,0,10,-2,10,-3,9,-3,8,-3,8,-2,9,0,0,0,0,0,0,0,0,0,0,0,0,0,0,0,0,0,0,0,0,0,0,-1,8,-1,8,-2,8,-2,9,-2,10,-3,10,-3,10,-3,11,-4,11,-5,12,-5,12,-4,11,-4,11,-5,12,-5,12,-5,13,-5,14,-5,13,-4,12,-5,13,-6,15,-6,14,-5,14,-5,15,-5,16,-5,16,0.0,15.811388300841896,16.15549442140351,15.231546211727817,13.92838827718412,12.649110640673518,12.36931687685298,12.36931687685298,11.180339887498949,11.180339887498949,10.04987562112089,11.180339887498949,11.180339887498949,11.045361017187261,11.045361017187261,11.045361017187261,11.180339887498949,11.045361017187261,11.045361017187261,10.0,9.0,10.0,10.198039027185569,9.486832980505138,8.54400374531753,8.54400374531753,9.219544457292887,0.0,0.0,0.0,0.0,0.0,0.0,0.0,0.0,0.0,0.0,0.0,8.06225774829855,8.06225774829855,8.246211251235321,9.219544457292887,10.198039027185569,10.44030650891055,10.44030650891055,11.40175425099138,11.704699910719626,13.0,13.0,11.704699910719626,11.704699910719626,13.0,13.0,13.92838827718412,14.866068747318506,13.92838827718412,12.649110640673518,13.92838827718412,16.15549442140351,15.231546211727817,14.866068747318506,15.811388300841896,16.76305461424021,16.76305461424021,0.0,1.892546881191539,1.9513027039072615,1.97568811307998,1.9379701606131159,1.892546881191539,1.8157749899217608,1.8157749899217608,1.750649826587375,1.750649826587375,1.6704649792860586,1.750649826587375,1.750649826587375,1.6614562139956417,1.6614562139956417,1.6614562139956417,1.750649826587375,1.6614562139956417,1.6614562139956417,1.5707963267948966,1.5707963267948966,1.5707963267948966,1.7681918866447774,1.892546881191539,1.9295669970654687,1.9295669970654687,1.7894652726688385,0.0,0.0,0.0,0.0,0.0,0.0,0.0,0.0,0.0,0.0,0.0,1.695151321341658,1.695151321341658,1.8157749899217608,1.7894652726688385,1.7681918866447774,1.8622531212727638,1.8622531212727638,1.837048375945822,1.9195673303788037,1.965587446494658,1.965587446494658,1.9195673303788037,1.9195673303788037,1.965587446494658,1.965587446494658,1.9379701606131159,1.9138202672156,1.9379701606131159,1.892546881191539,1.9379701606131159,1.9513027039072615,1.97568811307998,1.9138202672156,1.892546881191539,1.873681195169868,1.873681195169868
6.485765934994561,router,ba:bd:de:13:68:55,-82,98.88922271027839,64,1.1608190898526343,17.117315999838485,0,0,16,-2,16,-2,15,-2,13,-3,13,-3,12,-3,12,-3,12,-4,11,-4,11,-4,10,-5,10,-5,10,-5,10,-5,9,-6,9,-6,10,-5,10,-5,10,-5,9,-5,10,-4,10,-3,11,-3,10,-2,9,-2,9,0,0,0,0,0,0,0,0,0,0,0,0,0,0,0,0,0,0,0,0,0,0,0,10,-3,9,-3,9,-4,10,-5,10,-5,10,-3,11,-3,11,-3,12,-3,13,-2,13,-2,13,-2,13,-1,13,-2,14,-2,14,-2,14,-2,14,-3,15,-3,15,-2,15,-2,16,-2,15,-2,14,-2,14,-2,15,-2,0.0,16.1245154965971,16.1245154965971,15.132745950421556,13.341664064126334,13.341664064126334,12.36931687685298,12.36931687685298,12.649110640673518,11.704699910719626,11.704699910719626,11.180339887498949,11.180339887498949,11.180339887498949,11.180339887498949,10.816653826391969,10.816653826391969,11.180339887498949,11.180339887498949,11.180339887498949,10.295630140987,10.770329614269007,10.44030650891055,11.40175425099138,10.198039027185569,9.219544457292887,9.0,0.0,0.0,0.0,0.0,0.0,0.0,0.0,0.0,0.0,0.0,0.0,10.44030650891055,9.486832980505138,9.848857801796104,11.180339887498949,11.180339887498949,10.44030650891055,11.40175425099138,11.40175425099138,12.36931687685298,13.152946437965905,13.152946437965905,13.152946437965905,13.038404810405298,13.152946437965905,14.142135623730951,14.142135623730951,14.142135623730951,14.317821063276353,15.297058540778355,15.132745950421556,15.132745950421556,16.1245154965971,15.132745950421556,14.142135623730951,14.142135623730951,15.132745950421556,0.0,-0.12435499454676144,-0.12435499454676144,-0.13255153229667402,-0.22679884805388587,-0.22679884805388587,-0.24497866312686414,-0.24497866312686414,-0.3217505543966422,-0.348771003583907,-0.348771003583907,-0.4636476090008061,-0.4636476090008061,-0.4636476090008061,-0.4636476090008061,-0.5880026035475675,-0.5880026035475675,-0.4636476090008061,-0.4636476090008061,-0.4636476090008061,-0.507098504392337,-0.3805063771123649,-0.2914567944778671,-0.2662520491509254,-0.19739555984988075,-0.21866894587394195,0.0,0.0,0.0,0.0,0.0,0.0,0.0,0.0,0.0,0.0,0.0,0.0,-0.2914567944778671,-0.3217505543966422,-0.4182243295792291,-0.4636476090008061,-0.4636476090008061,-0.2914567944778671,-0.2662520491509254,-0.2662520491509254,-0.24497866312686414,-0.15264932839526515,-0.15264932839526515,-0.15264932839526515,-0.07677189126977804,-0.15264932839526515,-0.14189705460416394,-0.14189705460416394,-0.14189705460416394,-0.21109333322274654,-0.19739555984988075,-0.13255153229667402,-0.13255153229667402,-0.12435499454676144,-0.13255153229667402,-0.14189705460416394,-0.14189705460416394,-0.13255153229667402
6.586911770995357,router,ba:bd:de:13:68:55,-82,98.88922271027839,64,1.1625379815797052,17.33041275628866,0,0,-7,-16,-4,-15,-4,-16,-5,-15,-5,-14,-5,-13,-6,-13,-6,-12,-5,-12,-5,-12,-6,-11,-7,-11,-8,-10,-8,-10,-7,-10,-7,-11,-7,-9,-6,-9,-7,-9,-7,-10,-6,-10,-6,-9,-5,-9,-5,-9,-4,-9,-3,-10,0,0,0,0,0,0,0,0,0,0,0,0,0,0,0,0,0,0,0,0,0,0,-2,-10,-2,-11,-3,-11,-2,-11,-2,-11,-2,-12,-3,-13,-2,-13,-2,-13,-2,-14,-1,-14,-1,-14,-1,-15,-2,-15,-2,-15,-2,-15,-1,-15,-1,-15,-2,-15,-3,-15,-3,-16,-3,-17,-3,-18,-3,-17,-3,-18,-3,-17,0.0,17.46424919657298,15.524174696260024,16.492422502470642,15.811388300841896,14.866068747318506,13.92838827718412,14.317821063276353,13.416407864998739,13.0,13.0,12.529964086141668,13.038404810405298,12.806248474865697,12.806248474865697,12.206555615733702,13.038404810405298,11.40175425099138,10.816653826391969,11.40175425099138,12.206555615733702,11.661903789690601,10.816653826391969,10.295630140987,10.295630140987,9.848857801796104,10.44030650891055,0.0,0.0,0.0,0.0,0.0,0.0,0.0,0.0,0.0,0.0,0.0,10.198039027185569,11.180339887498949,11.40175425099138,11.180339887498949,11.180339887498949,12.165525060596439,13.341664064126334,13.152946437965905,13.152946437965905,14.142135623730951,14.035668847618199,14.035668847618199,15.033296378372908,15.132745950421556,15.132745950421556,15.132745950421556,15.033296378372908,15.033296378372908,15.132745950421556,15.297058540778355,16.278820596099706,17.26267650163207,18.24828759089466,17.26267650163207,18.24828759089466,17.26267650163207,0.0,-1.9832067683922838,-1.8313987185422376,-1.8157749899217608,-1.892546881191539,-1.9138202672156,-1.9379701606131159,-2.0032041023654346,-2.0344439357957027,-1.965587446494658,-1.965587446494658,-2.0701430484750265,-2.137525544318403,-2.2455372690184494,-2.2455372690184494,-2.1815222911841055,-2.137525544318403,-2.2318394956455836,-2.158798930342464,-2.2318394956455836,-2.1815222911841055,-2.1112158270654806,-2.158798930342464,-2.0778948311872334,-2.0778948311872334,-1.9890206563741257,-1.8622531212727638,0.0,0.0,0.0,0.0,0.0,0.0,0.0,0.0,0.0,0.0,0.0,-1.7681918866447774,-1.750649826587375,-1.837048375945822,-1.750649826587375,-1.750649826587375,-1.7359450042095235,-1.7975951748487824,-1.7234456551901618,-1.7234456551901618,-1.7126933813990606,-1.642103791580187,-1.642103791580187,-1.6373644905707205,-1.7033478590915707,-1.7033478590915707,-1.7033478590915707,-1.6373644905707205,-1.6373644905707205,-1.7033478590915707,-1.7681918866447774,-1.7561442767905915,-1.7454685258031364,-1.7359450042095235,-1.7454685258031364,-1.7359450042095235,-1.7454685258031364
6.686928849994729,router,ba:bd:de:13:68:55,-81,98.88922271027839,64,1.1645247684488722,17.531602379309287,0,0,16,-2,15,-1,15,0,14,-1,13,-1,13,-1,13,-1,12,-1,11,-2,10,-1,10,-1,10,-3,9,-4,8,-4,8,-3,8,-3,9,-3,9,-3,8,-3,7,-2,8,-3,8,-3,7,-2,7,-2,7,-1,6,0,0,0,0,0,0,0,0,0,0,0,0,0,0,0,0,0,0,0,0,0,0,0,9,-1,8,0,8,1,10,1,10,1,10,1,11,1,11,2,11,2,12,3,12,3,13,2,14,2,14,2,14,3,14,3,14,3,14,2,14,2,14,2,14,1,15,1,15,1,15,1,16,1,15,1,0.0,16.1245154965971,15.033296378372908,15.0,14.035668847618199,13.038404810405298,13.038404810405298,13.038404810405298,12.041594578792296,11.180339887498949,10.04987562112089,10.04987562112089,10.44030650891055,9.848857801796104,8.94427190999916,8.54400374531753,8.54400374531753,9.486832980505138,9.486832980505138,8.54400374531753,7.280109889280518,8.54400374531753,8.54400374531753,7.280109889280518,7.280109889280518,7.0710678118654755,6.0,0.0,0.0,0.0,0.0,0.0,0.0,0.0,0.0,0.0,0.0,0.0,9.055385138137417,8.0,8.06225774829855,10.04987562112089,10.04987562112089,10.04987562112089,11.045361017187261,11.180339887498949,11.180339887498949,12.36931687685298,12.36931687685298,13.152946437965905,14.142135623730951,14.142135623730951,14.317821063276353,14.317821063276353,14.317821063276353,14.142135623730951,14.142135623730951,14.142135623730951,14.035668847618199,15.033296378372908,15.033296378372908,15.033296378372908,16.0312195418814,15.033296378372908,0.0,-0.12435499454676144,-0.06656816377582381,0.0,-0.07130746478529032,-0.07677189126977804,-0.07677189126977804,-0.07677189126977804,-0.08314123188844123,-0.17985349979247828,-0.09966865249116202,-0.09966865249116202,-0.2914567944778671,-0.4182243295792291,-0.4636476090008061,-0.35877067027057225,-0.35877067027057225,-0.3217505543966422,-0.3217505543966422,-0.35877067027057225,-0.27829965900511133,-0.35877067027057225,-0.35877067027057225,-0.27829965900511133,-0.27829965900511133,-0.14189705460416394,0.0,0.0,0.0,0.0,0.0,0.0,0.0,0.0,0.0,0.0,0.0,0.0,-0.11065722117389565,0.0,0.12435499454676144,0.09966865249116202,0.09966865249116202,0.09966865249116202,0.09065988720074511,0.17985349979247828,0.17985349979247828,0.24497866312686414,0.24497866312686414,0.15264932839526515,0.14189705460416394,0.14189705460416394,0.21109333322274654,0.21109333322274654,0.21109333322274654,0.14189705460416394,0.14189705460416394,0.14189705460416394,0.07130746478529032,0.06656816377582381,0.06656816377582381,0.06656816377582381,0.06241880999595735,0.06656816377582381
6.795041890996799,router,ba:bd:de:13:68:55,-83,99.12045336871218,64,1.1657168212134659,17.71705246277199,0,0,13,14,13,13,12,11,11,10,10,10,11,10,10,9,9,8,9,7,9,6,9,5,10,4,10,5,9,5,8,5,9,4,10,4,10,5,10,5,9,5,8,5,7,5,6,5,6,5,7,4,7,2,0,0,0,0,0,0,0,0,0,0,0,0,0,0,0,0,0,0,0,0,0,0,9,5,8,5,7,6,8,6,7,7,7,8,8,8,9,10,9,10,9,11,9,10,9,10,9,11,8,12,8,12,9,11,10,11,10,12,10,12,11,12,12,12,12,13,11,13,11,12,11,12,10,13,0.0,19.1049731745428,18.384776310850235,16.278820596099706,14.866068747318506,14.142135623730951,14.866068747318506,13.45362404707371,12.041594578792296,11.40175425099138,10.816653826391969,10.295630140987,10.770329614269007,11.180339887498949,10.295630140987,9.433981132056603,9.848857801796104,10.770329614269007,11.180339887498949,11.180339887498949,10.295630140987,9.433981132056603,8.602325267042627,7.810249675906654,7.810249675906654,8.06225774829855,7.280109889280518,0.0,0.0,0.0,0.0,0.0,0.0,0.0,0.0,0.0,0.0,0.0,10.295630140987,9.433981132056603,9.219544457292887,10.0,9.899494936611665,10.63014581273465,11.313708498984761,13.45362404707371,13.45362404707371,14.212670403551895,13.45362404707371,13.45362404707371,14.212670403551895,14.422205101855956,14.422205101855956,14.212670403551895,14.866068747318506,15.620499351813308,15.620499351813308,16.278820596099706,16.97056274847714,17.69180601295413,17.029386365926403,16.278820596099706,16.278820596099706,16.401219466856727,0.0,0.8224182792713783,0.7853981633974483,0.7419472680059175,0.7378150601204649,0.7853981633974483,0.7378150601204649,0.7328151017865066,0.7266423406817256,0.6610431688506869,0.5880026035475675,0.507098504392337,0.3805063771123649,0.4636476090008061,0.507098504392337,0.5585993153435624,0.4182243295792291,0.3805063771123649,0.4636476090008061,0.4636476090008061,0.507098504392337,0.5585993153435624,0.6202494859828215,0.6947382761967031,0.6947382761967031,0.5191461142465229,0.27829965900511133,0.0,0.0,0.0,0.0,0.0,0.0,0.0,0.0,0.0,0.0,0.0,0.507098504392337,0.5585993153435624,0.7086262721276703,0.6435011087932844,0.7853981633974483,0.8519663271732721,0.7853981633974483,0.83798122500839,0.83798122500839,0.8850668158886104,0.83798122500839,0.83798122500839,0.8850668158886104,0.982793723247329,0.982793723247329,0.8850668158886104,0.8329812666744317,0.8760580505981934,0.8760580505981934,0.8288490587889792,0.7853981633974483,0.8253768505207384,0.8685393952858895,0.8288490587889792,0.8288490587889792,0.9151007005533605
6.895249243993021,router,ba:bd:de:13:68:55,-80,99.12045336871218,64,1.1673167248387448,17.88820591832167,0,0,11,12,11,12,10,12,9,10,9,9,9,9,9,8,8,7,8,6,8,6,8,6,8,5,8,4,8,3,8,3,8,3,7,3,7,3,7,4,6,3,6,2,5,2,6,3,5,3,5,3,4,2,0,0,0,0,0,0,0,0,0,0,0,0,0,0,0,0,0,0,0,0,0,0,7,5,7,6,7,6,7,7,7,8,7,8,7,9,7,9,7,9,8,10,8,10,9,10,9,11,8,11,7,12,8,12,9,12,9,12,9,11,9,11,10,12,12,12,12,13,11,13,10,13,10,14,0.0,16.278820596099706,16.278820596099706,15.620499351813308,13.45362404707371,12.727922061357855,12.727922061357855,12.041594578792296,10.63014581273465,10.0,10.0,10.0,9.433981132056603,8.94427190999916,8.54400374531753,8.54400374531753,8.54400374531753,7.615773105863909,7.615773105863909,8.06225774829855,6.708203932499369,6.324555320336759,5.385164807134504,6.708203932499369,5.830951894845301,5.830951894845301,4.47213595499958,0.0,0.0,0.0,0.0,0.0,0.0,0.0,0.0,0.0,0.0,0.0,8.602325267042627,9.219544457292887,9.219544457292887,9.899494936611665,10.63014581273465,10.63014581273465,11.40175425099138,11.40175425099138,11.40175425099138,12.806248474865697,12.806248474865697,13.45362404707371,14.212670403551895,13.601470508735444,13.892443989449804,14.422205101855956,15.0,15.0,14.212670403551895,14.212670403551895,15.620499351813308,16.97056274847714,17.69180601295413,17.029386365926403,16.401219466856727,17.204650534085253,0.0,0.8288490587889792,0.8288490587889792,0.8760580505981934,0.83798122500839,0.7853981633974483,0.7853981633974483,0.7266423406817256,0.7188299996216245,0.6435011087932844,0.6435011087932844,0.6435011087932844,0.5585993153435624,0.4636476090008061,0.35877067027057225,0.35877067027057225,0.35877067027057225,0.40489178628508343,0.40489178628508343,0.5191461142465229,0.4636476090008061,0.3217505543966422,0.3805063771123649,0.4636476090008061,0.5404195002705842,0.5404195002705842,0.4636476090008061,0.0,0.0,0.0,0.0,0.0,0.0,0.0,0.0,0.0,0.0,0.0,0.6202494859828215,0.7086262721276703,0.7086262721276703,0.7853981633974483,0.8519663271732721,0.8519663271732721,0.9097531579442097,0.9097531579442097,0.9097531579442097,0.8960553845713439,0.8960553845713439,0.83798122500839,0.8850668158886104,0.9420000403794636,1.042721878368537,0.982793723247329,0.9272952180016122,0.9272952180016122,0.8850668158886104,0.8850668158886104,0.8760580505981934,0.7853981633974483,0.8253768505207384,0.8685393952858895,0.9151007005533605,0.9505468408120752
7.001243725993845,router,ba:bd:de:13:68:55,-84,99.12045336871218,64,1.1688361992312986,18.055395510280455,0,0,-2,-15,-1,-16,1,-15,1,-13,0,-12,0,-11,0,-12,-1,-12,-2,-12,-2,-10,-2,-10,-3,-9,-3,-9,-2,-9,-3,-9,-4,-8,-3,-9,-3,-10,-3,-9,-4,-9,-3,-9,-2,-9,-1,-9,-2,-9,-2,-9,-4,-9,0,0,0,0,0,0,0,0,0,0,0,0,0,0,0,0,0,0,0,0,0,0,0,-9,0,-11,1,-12,0,-13,0,-13,0,-14,1,-14,2,-13,2,-13,2,-12,1,-12,1,-14,2,-15,3,-15,3,-15,2,-15,2,-15,1,-15,1,-15,1,-15,1,-15,0,-16,1,-16,1,-17,1,-17,2,-17,0.0,15.132745950421556,16.0312195418814,15.033296378372908,13.038404810405298,12.0,11.0,12.0,12.041594578792296,12.165525060596439,10.198039027185569,10.198039027185569,9.486832980505138,9.486832980505138,9.219544457292887,9.486832980505138,8.94427190999916,9.486832980505138,10.44030650891055,9.486832980505138,9.848857801796104,9.486832980505138,9.219544457292887,9.055385138137417,9.219544457292887,9.219544457292887,9.848857801796104,0.0,0.0,0.0,0.0,0.0,0.0,0.0,0.0,0.0,0.0,0.0,9.0,11.0,12.041594578792296,13.0,13.0,14.0,14.035668847618199,13.152946437965905,13.152946437965905,12.165525060596439,12.041594578792296,14.035668847618199,15.132745950421556,15.297058540778355,15.297058540778355,15.132745950421556,15.132745950421556,15.033296378372908,15.033296378372908,15.033296378372908,15.033296378372908,16.0,16.0312195418814,17.029386365926403,17.029386365926403,17.11724276862369,0.0,-1.7033478590915707,-1.633215136790854,-1.5042281630190728,-1.4940244355251187,-1.5707963267948966,-1.5707963267948966,-1.5707963267948966,-1.6539375586833378,-1.7359450042095235,-1.7681918866447774,-1.7681918866447774,-1.892546881191539,-1.892546881191539,-1.7894652726688385,-1.892546881191539,-2.0344439357957027,-1.892546881191539,-1.8622531212727638,-1.892546881191539,-1.9890206563741257,-1.892546881191539,-1.7894652726688385,-1.6814535479687922,-1.7894652726688385,-1.7894652726688385,-1.9890206563741257,0.0,0.0,0.0,0.0,0.0,0.0,0.0,0.0,0.0,0.0,0.0,-1.5707963267948966,-1.5707963267948966,-1.4876550949064553,-1.5707963267948966,-1.5707963267948966,-1.5707963267948966,-1.4994888620096063,-1.4181469983996315,-1.4181469983996315,-1.4056476493802699,-1.4876550949064553,-1.4994888620096063,-1.4382447944982226,-1.373400766945016,-1.373400766945016,-1.4382447944982226,-1.4382447944982226,-1.5042281630190728,-1.5042281630190728,-1.5042281630190728,-1.5042281630190728,-1.5707963267948966,-1.5083775167989393,-1.512040504079174,-1.512040504079174,-1.4536875822280324
7.104905835993122,router,ba:bd:de:13:68:55,-83,99.12045336871218,64,1.1713861327282054,18.221149225690844,0,0,4,16,4,15,3,14,2,13,3,12,4,11,4,11,3,9,3,8,4,8,5,9,5,9,6,8,6,8,6,8,5,8,5,8,5,7,5,6,4,7,4,7,4,7,3,7,4,7,3,8,2,8,0,0,0,0,0,0,0,0,0,0,0,0,0,0,0,0,0,0,0,0,0,0,3,7,3,8,2,10,2,10,2,11,2,10,2,10,1,10,0,12,1,12,1,12,0,12,-1,12,-1,13,0,13,1,13,1,13,1,13,2,14,2,14,1,14,2,14,2,15,3,15,3,16,2,14,0.0,16.492422502470642,15.524174696260024,14.317821063276353,13.152946437965905,12.36931687685298,11.704699910719626,11.704699910719626,9.486832980505138,8.54400374531753,8.94427190999916,10.295630140987,10.295630140987,10.0,10.0,10.0,9.433981132056603,9.433981132056603,8.602325267042627,7.810249675906654,8.06225774829855,8.06225774829855,8.06225774829855,7.615773105863909,8.06225774829855,8.54400374531753,8.246211251235321,0.0,0.0,0.0,0.0,0.0,0.0,0.0,0.0,0.0,0.0,0.0,7.615773105863909,8.54400374531753,10.198039027185569,10.198039027185569,11.180339887498949,10.198039027185569,10.198039027185569,10.04987562112089,12.0,12.041594578792296,12.041594578792296,12.0,12.041594578792296,13.038404810405298,13.0,13.038404810405298,13.038404810405298,13.038404810405298,14.142135623730951,14.142135623730951,14.035668847618199,14.142135623730951,15.132745950421556,15.297058540778355,16.278820596099706,14.142135623730951,0.0,1.3258176636680326,1.3101939350475555,1.35970299357215,1.4181469983996315,1.3258176636680326,1.2220253232109897,1.2220253232109897,1.2490457723982544,1.2120256565243244,1.1071487177940904,1.0636978224025597,1.0636978224025597,0.9272952180016122,0.9272952180016122,0.9272952180016122,1.0121970114513341,1.0121970114513341,0.9505468408120752,0.8760580505981934,1.0516502125483738,1.0516502125483738,1.0516502125483738,1.1659045405098132,1.0516502125483738,1.2120256565243244,1.3258176636680326,0.0,0.0,0.0,0.0,0.0,0.0,0.0,0.0,0.0,0.0,0.0,1.1659045405098132,1.2120256565243244,1.373400766945016,1.373400766945016,1.3909428270024184,1.373400766945016,1.373400766945016,1.4711276743037347,1.5707963267948966,1.4876550949064553,1.4876550949064553,1.5707963267948966,1.6539375586833378,1.6475682180646747,1.5707963267948966,1.4940244355251187,1.4940244355251187,1.4940244355251187,1.4288992721907328,1.4288992721907328,1.4994888620096063,1.4288992721907328,1.4382447944982226,1.373400766945016,1.3854483767992019,1.4288992721907328
7.223722116999852,router,ba:bd:de:13:68:55,-81,99.12045336871218,64,1.1738882015782617,18.38629587078711,0,0,12,12,12,12,11,12,10,10,9,9,9,9,9,8,9,8,8,7,8,5,8,5,8,5,8,5,7,4,8,3,8,3,7,3,7,2,8,2,7,2,6,2,7,3,7,2,6,1,6,2,6,4,0,0,0,0,0,0,0,0,0,0,0,0,0,0,0,0,0,0,0,0,0,0,8,7,8,8,8,8,8,8,7,9,7,9,9,9,10,10,9,10,8,11,8,11,8,11,8,12,8,12,8,12,8,12,9,13,9,13,9,13,9,12,11,12,11,13,11,13,11,13,11,13,11,13,0.0,16.97056274847714,16.97056274847714,16.278820596099706,14.142135623730951,12.727922061357855,12.727922061357855,12.041594578792296,12.041594578792296,10.63014581273465,9.433981132056603,9.433981132056603,9.433981132056603,9.433981132056603,8.06225774829855,8.54400374531753,8.54400374531753,7.615773105863909,7.280109889280518,8.246211251235321,7.280109889280518,6.324555320336759,7.615773105863909,7.280109889280518,6.082762530298219,6.324555320336759,7.211102550927978,0.0,0.0,0.0,0.0,0.0,0.0,0.0,0.0,0.0,0.0,0.0,10.63014581273465,11.313708498984761,11.313708498984761,11.313708498984761,11.40175425099138,11.40175425099138,12.727922061357855,14.142135623730951,13.45362404707371,13.601470508735444,13.601470508735444,13.601470508735444,14.422205101855956,14.422205101855956,14.422205101855956,14.422205101855956,15.811388300841896,15.811388300841896,15.811388300841896,15.0,16.278820596099706,17.029386365926403,17.029386365926403,17.029386365926403,17.029386365926403,17.029386365926403,0.0,0.7853981633974483,0.7853981633974483,0.8288490587889792,0.7853981633974483,0.7853981633974483,0.7853981633974483,0.7266423406817256,0.7266423406817256,0.7188299996216245,0.5585993153435624,0.5585993153435624,0.5585993153435624,0.5585993153435624,0.5191461142465229,0.35877067027057225,0.35877067027057225,0.40489178628508343,0.27829965900511133,0.24497866312686414,0.27829965900511133,0.3217505543966422,0.40489178628508343,0.27829965900511133,0.16514867741462683,0.3217505543966422,0.5880026035475675,0.0,0.0,0.0,0.0,0.0,0.0,0.0,0.0,0.0,0.0,0.0,0.7188299996216245,0.7853981633974483,0.7853981633974483,0.7853981633974483,0.9097531579442097,0.9097531579442097,0.7853981633974483,0.7853981633974483,0.83798122500839,0.9420000403794636,0.9420000403794636,0.9420000403794636,0.982793723247329,0.982793723247329,0.982793723247329,0.982793723247329,0.9652516631899266,0.9652516631899266,0.9652516631899266,0.9272952180016122,0.8288490587889792,0.8685393952858895,0.8685393952858895,0.8685393952858895,0.8685393952858895,0.8685393952858895
7.326999518998491,router,ba:bd:de:13:68:55,-81,99.12045336871218,64,1.176318498993577,18.547670305000143,0,0,-18,-1,-18,-1,-17,-1,-16,-2,-14,-1,-13,-1,-12,-1,-12,0,-11,1,-11,1,-10,1,-9,1,-9,2,-9,2,-9,2,-8,1,-7,2,-8,2,-9,2,-8,2,-7,2,-7,2,-7,2,-7,2,-7,1,-5,1,0,0,0,0,0,0,0,0,0,0,0,0,0,0,0,0,0,0,0,0,0,0,-10,2,-10,1,-11,1,-12,1,-12,1,-13,0,-14,0,-14,1,-14,0,-14,-1,-15,-1,-16,0,-16,0,-15,0,-16,-1,-17,-1,-17,-1,-17,-2,-17,-1,-18,-1,-18,-1,-18,-1,-18,-1,-18,-2,-19,-2,-18,-1,0.0,18.027756377319946,18.027756377319946,17.029386365926403,16.1245154965971,14.035668847618199,13.038404810405298,12.041594578792296,12.0,11.045361017187261,11.045361017187261,10.04987562112089,9.055385138137417,9.219544457292887,9.219544457292887,9.219544457292887,8.06225774829855,7.280109889280518,8.246211251235321,9.219544457292887,8.246211251235321,7.280109889280518,7.280109889280518,7.280109889280518,7.280109889280518,7.0710678118654755,5.0990195135927845,0.0,0.0,0.0,0.0,0.0,0.0,0.0,0.0,0.0,0.0,0.0,10.198039027185569,10.04987562112089,11.045361017187261,12.041594578792296,12.041594578792296,13.0,14.0,14.035668847618199,14.0,14.035668847618199,15.033296378372908,16.0,16.0,15.0,16.0312195418814,17.029386365926403,17.029386365926403,17.11724276862369,17.029386365926403,18.027756377319946,18.027756377319946,18.027756377319946,18.027756377319946,18.110770276274835,19.1049731745428,18.027756377319946,0.0,-3.0860941483440762,-3.0860941483440762,-3.0828368308740703,-3.017237659043032,-3.070285188804503,-3.064820762320015,-3.058451421701352,3.141592653589793,3.050932766389048,3.050932766389048,3.0419240010986313,3.0309354324158977,2.922923707715851,2.922923707715851,2.922923707715851,3.017237659043032,2.8632929945846817,2.896613990462929,2.922923707715851,2.896613990462929,2.8632929945846817,2.8632929945846817,2.8632929945846817,2.8632929945846817,2.999695598985629,2.9441970937399127,0.0,0.0,0.0,0.0,0.0,0.0,0.0,0.0,0.0,0.0,0.0,2.9441970937399127,3.0419240010986313,3.050932766389048,3.058451421701352,3.058451421701352,3.141592653589793,3.141592653589793,3.070285188804503,3.141592653589793,-3.070285188804503,-3.0750244898139694,3.141592653589793,3.141592653589793,3.141592653589793,-3.079173843593836,-3.0828368308740703,-3.0828368308740703,-3.024483909022929,-3.0828368308740703,-3.0860941483440762,-3.0860941483440762,-3.0860941483440762,-3.0860941483440762,-3.0309354324158977,-3.036715714859559,-3.0860941483440762
7.436471918997995,router,ba:bd:de:13:68:55,-81,99.12045336871218,64,1.1761438059620688,18.693264068261055,0,0,-13,-13,-13,-13,-14,-13,-13,-11,-12,-9,-13,-9,-12,-8,-12,-7,-11,-7,-10,-7,-10,-7,-10,-6,-11,-6,-10,-5,-9,-4,-9,-4,-9,-5,-10,-5,-9,-5,-8,-6,-8,-6,-8,-6,-8,-6,-7,-6,-6,-6,-6,-5,0,0,0,0,0,0,0,0,0,0,0,0,0,0,0,0,0,0,0,0,0,0,-9,-4,-10,-5,-10,-6,-10,-6,-10,-6,-11,-6,-11,-7,-11,-7,-12,-7,-12,-8,-13,-9,-13,-10,-13,-10,-13,-10,-13,-9,-13,-9,-14,-10,-14,-10,-14,-11,-14,-11,-14,-11,-14,-12,-15,-12,-15,-12,-15,-12,-15,-12,0.0,18.384776310850235,18.384776310850235,19.1049731745428,17.029386365926403,15.0,15.811388300841896,14.422205101855956,13.892443989449804,13.038404810405298,12.206555615733702,12.206555615733702,11.661903789690601,12.529964086141668,11.180339887498949,9.848857801796104,9.848857801796104,10.295630140987,11.180339887498949,10.295630140987,10.0,10.0,10.0,10.0,9.219544457292887,8.48528137423857,7.810249675906654,0.0,0.0,0.0,0.0,0.0,0.0,0.0,0.0,0.0,0.0,0.0,9.848857801796104,11.180339887498949,11.661903789690601,11.661903789690601,11.661903789690601,12.529964086141668,13.038404810405298,13.038404810405298,13.892443989449804,14.422205101855956,15.811388300841896,16.401219466856727,16.401219466856727,16.401219466856727,15.811388300841896,15.811388300841896,17.204650534085253,17.204650534085253,17.804493814764857,17.804493814764857,17.804493814764857,18.439088914585774,19.209372712298546,19.209372712298546,19.209372712298546,19.209372712298546,0.0,-2.356194490192345,-2.356194490192345,-2.393214606066275,-2.439335722080786,-2.498091544796509,-2.5360479899848234,-2.5535900500422257,-2.6135182051634334,-2.5748634360662868,-2.5308666892005847,-2.5308666892005847,-2.601173153319209,-2.642245931909663,-2.677945044588987,-2.723368324010564,-2.723368324010564,-2.6344941491974563,-2.677945044588987,-2.6344941491974563,-2.498091544796509,-2.498091544796509,-2.498091544796509,-2.498091544796509,-2.432966381462123,-2.356194490192345,-2.44685437739309,0.0,0.0,0.0,0.0,0.0,0.0,0.0,0.0,0.0,0.0,0.0,-2.723368324010564,-2.677945044588987,-2.601173153319209,-2.601173153319209,-2.601173153319209,-2.642245931909663,-2.5748634360662868,-2.5748634360662868,-2.6135182051634334,-2.5535900500422257,-2.5360479899848234,-2.485897027348257,-2.485897027348257,-2.485897027348257,-2.5360479899848234,-2.5360479899848234,-2.5213431676069717,-2.5213431676069717,-2.4756234162106834,-2.4756234162106834,-2.4756234162106834,-2.432966381462123,-2.4668517113662407,-2.4668517113662407,-2.4668517113662407,-2.4668517113662407
7.556583736994071,router,ba:bd:de:13:68:55,-82,99.12045336871218,64,1.1752464697230698,18.82917229483597,0,0,-18,4,-17,4,-16,3,-14,3,-13,3,-14,3,-14,3,-13,3,-11,4,-11,4,-10,4,-9,4,-9,5,-8,5,-8,4,-9,4,-9,4,-9,4,-8,4,-7,4,-7,4,-8,4,-7,4,-6,3,-6,2,-6,1,0,0,0,0,0,0,0,0,0,0,0,0,0,0,0,0,0,0,0,0,0,0,-9,1,-10,2,-11,3,-11,3,-11,2,-11,2,-12,2,-13,1,-13,1,-14,1,-13,1,-13,1,-14,1,-15,1,-15,1,-15,1,-15,2,-16,2,-16,2,-16,3,-16,3,-17,3,-17,3,-17,3,-18,3,-18,2,0.0,18.439088914585774,17.46424919657298,16.278820596099706,14.317821063276353,13.341664064126334,14.317821063276353,14.317821063276353,13.341664064126334,11.704699910719626,11.704699910719626,10.770329614269007,9.848857801796104,10.295630140987,9.433981132056603,8.94427190999916,9.848857801796104,9.848857801796104,9.848857801796104,8.94427190999916,8.06225774829855,8.06225774829855,8.94427190999916,8.06225774829855,6.708203932499369,6.324555320336759,6.082762530298219,0.0,0.0,0.0,0.0,0.0,0.0,0.0,0.0,0.0,0.0,0.0,9.055385138137417,10.198039027185569,11.40175425099138,11.40175425099138,11.180339887498949,11.180339887498949,12.165525060596439,13.038404810405298,13.038404810405298,14.035668847618199,13.038404810405298,13.038404810405298,14.035668847618199,15.033296378372908,15.033296378372908,15.033296378372908,15.132745950421556,16.1245154965971,16.1245154965971,16.278820596099706,16.278820596099706,17.26267650163207,17.26267650163207,17.26267650163207,18.24828759089466,18.110770276274835,0.0,2.922923707715851,2.9105019863938963,2.9562447035940984,2.930499320367047,2.9147938055359073,2.930499320367047,2.930499320367047,2.9147938055359073,2.7928216500058864,2.7928216500058864,2.761086276477428,2.723368324010564,2.6344941491974563,2.5829933382462307,2.677945044588987,2.723368324010564,2.723368324010564,2.723368324010564,2.677945044588987,2.62244653934327,2.62244653934327,2.677945044588987,2.62244653934327,2.677945044588987,2.819842099193151,2.976443976175166,0.0,0.0,0.0,0.0,0.0,0.0,0.0,0.0,0.0,0.0,0.0,3.0309354324158977,2.9441970937399127,2.875340604438868,2.875340604438868,2.961739153797315,2.961739153797315,2.976443976175166,3.064820762320015,3.064820762320015,3.070285188804503,3.064820762320015,3.064820762320015,3.070285188804503,3.0750244898139694,3.0750244898139694,3.0750244898139694,3.0090411212931194,3.017237659043032,3.017237659043032,2.9562447035940984,2.9562447035940984,2.9669204545815537,2.9669204545815537,2.9669204545815537,2.976443976175166,3.0309354324158977
7.666042288998142,router,ba:bd:de:13:68:55,-81,99.12045336871218,64,1.1747463651327479,18.958999863005157,0,0,-5,17,-5,15,-4,14,-4,14,-4,13,-3,13,-2,13,-3,12,-2,11,-1,11,-1,11,-1,9,-1,9,-1,9,-1,9,-1,9,-1,10,-1,9,-1,7,-1,7,-1,8,-2,8,-3,7,-3,8,-3,7,-2,4,0,0,0,0,0,0,0,0,0,0,0,0,0,0,0,0,0,0,0,0,0,0,0,10,-2,10,-2,11,-2,11,-3,12,-3,13,-3,13,-3,12,-3,12,-4,13,-4,14,-4,14,-5,13,-6,14,-6,15,-6,15,-5,15,-5,15,-5,16,-4,16,-4,16,-5,16,-5,16,-5,17,-5,17,-5,16,0.0,17.72004514666935,15.811388300841896,14.560219778561036,14.560219778561036,13.601470508735444,13.341664064126334,13.152946437965905,12.36931687685298,11.180339887498949,11.045361017187261,11.045361017187261,9.055385138137417,9.055385138137417,9.055385138137417,9.055385138137417,9.055385138137417,10.04987562112089,9.055385138137417,7.0710678118654755,7.0710678118654755,8.06225774829855,8.246211251235321,7.615773105863909,8.54400374531753,7.615773105863909,4.47213595499958,0.0,0.0,0.0,0.0,0.0,0.0,0.0,0.0,0.0,0.0,0.0,10.0,10.198039027185569,11.180339887498949,11.180339887498949,12.36931687685298,13.341664064126334,13.341664064126334,12.36931687685298,12.36931687685298,13.601470508735444,14.560219778561036,14.560219778561036,13.92838827718412,15.231546211727817,16.15549442140351,16.15549442140351,15.811388300841896,15.811388300841896,16.76305461424021,16.492422502470642,16.492422502470642,16.76305461424021,16.76305461424021,17.72004514666935,17.72004514666935,16.76305461424021,0.0,1.856847768512215,1.892546881191539,1.849095985800008,1.849095985800008,1.8692952583810758,1.7975951748487824,1.7234456551901618,1.8157749899217608,1.750649826587375,1.6614562139956417,1.6614562139956417,1.6814535479687922,1.6814535479687922,1.6814535479687922,1.6814535479687922,1.6814535479687922,1.6704649792860586,1.6814535479687922,1.7126933813990606,1.7126933813990606,1.695151321341658,1.8157749899217608,1.97568811307998,1.9295669970654687,1.97568811307998,2.0344439357957027,0.0,0.0,0.0,0.0,0.0,0.0,0.0,0.0,0.0,0.0,0.0,1.5707963267948966,1.7681918866447774,1.750649826587375,1.750649826587375,1.8157749899217608,1.7975951748487824,1.7975951748487824,1.8157749899217608,1.8157749899217608,1.8692952583810758,1.849095985800008,1.849095985800008,1.9379701606131159,1.97568811307998,1.9513027039072615,1.9513027039072615,1.892546881191539,1.892546881191539,1.873681195169868,1.8157749899217608,1.8157749899217608,1.873681195169868,1.873681195169868,1.856847768512215,1.856847768512215,1.873681195169868
7.775828380996245,router,ba:bd:de:13:68:55,-84,99.97055207418927,64,1.1754713212926915,19.090042993978035,0,0,-12,10,-13,10,-13,10,-11,9,-11,9,-10,8,-9,7,-7,7,-5,8,-5,7,-5,7,-5,8,-5,8,-4,7,-3,8,-2,8,-2,6,-3,6,-3,7,-3,8,-3,8,-2,8,-3,7,-4,6,-4,6,-5,6,0,0,0,0,0,0,0,0,0,0,0,0,0,0,0,0,0,0,0,0,0,0,-10,5,-10,5,-9,5,-11,5,-13,6,-14,6,-14,6,-14,6,-15,7,-15,6,-14,6,-14,6,-14,6,-15,6,-14,6,-14,7,-15,7,-15,7,-16,8,-15,8,-14,7,-14,7,-14,7,-14,9,-15,10,-16,9,0.0,15.620499351813308,16.401219466856727,16.401219466856727,14.212670403551895,14.212670403551895,12.806248474865697,11.40175425099138,9.899494936611665,9.433981132056603,8.602325267042627,8.602325267042627,9.433981132056603,9.433981132056603,8.06225774829855,8.54400374531753,8.246211251235321,6.324555320336759,6.708203932499369,7.615773105863909,8.54400374531753,8.54400374531753,8.246211251235321,7.615773105863909,7.211102550927978,7.211102550927978,7.810249675906654,0.0,0.0,0.0,0.0,0.0,0.0,0.0,0.0,0.0,0.0,0.0,11.180339887498949,11.180339887498949,10.295630140987,12.083045973594572,14.317821063276353,15.231546211727817,15.231546211727817,15.231546211727817,16.55294535724685,16.15549442140351,15.231546211727817,15.231546211727817,15.231546211727817,16.15549442140351,15.231546211727817,15.652475842498529,16.55294535724685,16.55294535724685,17.88854381999832,17.0,15.652475842498529,15.652475842498529,15.652475842498529,16.64331697709324,18.027756377319946,18.35755975068582,0.0,2.44685437739309,2.485897027348257,2.485897027348257,2.455863142683507,2.455863142683507,2.4668517113662407,2.4805494847391065,2.356194490192345,2.129395642138459,2.191045812777718,2.191045812777718,2.129395642138459,2.129395642138459,2.0899424410414196,1.9295669970654687,1.8157749899217608,1.892546881191539,2.0344439357957027,1.97568811307998,1.9295669970654687,1.9295669970654687,1.8157749899217608,1.97568811307998,2.158798930342464,2.158798930342464,2.2655346029916,0.0,0.0,0.0,0.0,0.0,0.0,0.0,0.0,0.0,0.0,0.0,2.677945044588987,2.677945044588987,2.6344941491974563,2.714965160462917,2.7091848780192556,2.7367008673047097,2.7367008673047097,2.7367008673047097,2.704965493776252,2.761086276477428,2.7367008673047097,2.7367008673047097,2.7367008673047097,2.761086276477428,2.7367008673047097,2.677945044588987,2.704965493776252,2.704965493776252,2.677945044588987,2.651635327336065,2.677945044588987,2.677945044588987,2.677945044588987,2.5702551737561663,2.5535900500422257,2.6292031932790554
7.885602513997583,router,ba:bd:de:13:68:55,-83,99.97055207418927,64,1.17653976567942,19.210743888609287,0,0,-11,13,-11,12,-12,12,-12,11,-12,11,-10,12,-9,12,-8,11,-7,11,-6,10,-6,9,-6,10,-6,11,-5,10,-5,9,-5,10,-5,11,-5,11,-5,12,-5,10,-5,9,-5,9,-6,8,-8,8,-7,8,-5,9,0,0,0,0,0,0,0,0,0,0,0,0,0,0,0,0,0,0,0,0,0,0,-8,6,-8,6,-8,6,-8,7,-9,8,-9,9,-10,9,-11,8,-10,8,-10,8,-10,8,-10,7,-10,8,-11,7,-11,6,-9,8,-10,9,-11,10,-12,10,-12,9,-12,11,-12,11,-12,11,-12,12,-12,12,-14,11,0.0,17.029386365926403,16.278820596099706,16.97056274847714,16.278820596099706,16.278820596099706,15.620499351813308,15.0,13.601470508735444,13.038404810405298,11.661903789690601,10.816653826391969,11.661903789690601,12.529964086141668,11.180339887498949,10.295630140987,11.180339887498949,12.083045973594572,12.083045973594572,13.0,11.180339887498949,10.295630140987,10.295630140987,10.0,11.313708498984761,10.63014581273465,10.295630140987,0.0,0.0,0.0,0.0,0.0,0.0,0.0,0.0,0.0,0.0,0.0,10.0,10.0,10.0,10.63014581273465,12.041594578792296,12.727922061357855,13.45362404707371,13.601470508735444,12.806248474865697,12.806248474865697,12.806248474865697,12.206555615733702,12.806248474865697,13.038404810405298,12.529964086141668,12.041594578792296,13.45362404707371,14.866068747318506,15.620499351813308,15.0,16.278820596099706,16.278820596099706,16.278820596099706,16.97056274847714,16.97056274847714,17.804493814764857,0.0,2.2730532583039036,2.312743594800814,2.356194490192345,2.399645385583876,2.399645385583876,2.2655346029916,2.214297435588181,2.1995926132103296,2.137525544318403,2.1112158270654806,2.158798930342464,2.1112158270654806,2.0701430484750265,2.0344439357957027,2.0778948311872334,2.0344439357957027,1.9974238199217726,1.9974238199217726,1.965587446494658,2.0344439357957027,2.0778948311872334,2.0778948311872334,2.214297435588181,2.356194490192345,2.289626326416521,2.0778948311872334,0.0,0.0,0.0,0.0,0.0,0.0,0.0,0.0,0.0,0.0,0.0,2.498091544796509,2.498091544796509,2.498091544796509,2.4227626539681686,2.4149503129080676,2.356194490192345,2.408777551803287,2.5127963671743605,2.4668517113662407,2.4668517113662407,2.4668517113662407,2.5308666892005847,2.4668517113662407,2.5748634360662868,2.642245931909663,2.4149503129080676,2.408777551803287,2.403777593469328,2.44685437739309,2.498091544796509,2.399645385583876,2.399645385583876,2.399645385583876,2.356194490192345,2.356194490192345,2.4756234162106834
7.987144398997771,router,ba:bd:de:13:68:55,-81,99.97055207418927,64,1.175910952506966,19.314620933891213,0,0,-13,-12,-13,-12,-12,-12,-12,-11,-10,-10,-10,-9,-10,-8,-10,-8,-9,-7,-9,-7,-10,-7,-10,-6,-11,-6,-11,-5,-11,-5,-10,-5,-9,-5,-8,-5,-9,-4,-9,-4,-9,-5,-9,-5,-8,-5,-7,-5,-7,-5,-7,-7,0,0,0,0,0,0,0,0,0,0,0,0,0,0,0,0,0,0,0,0,0,0,-7,-5,-6,-8,-7,-9,-8,-9,-8,-10,-8,-9,-8,-9,-8,-10,-8,-9,-8,-10,-9,-11,-10,-12,-9,-11,-8,-12,-8,-13,-8,-13,-9,-13,-10,-12,-10,-12,-9,-12,-10,-12,-10,-13,-12,-12,-12,-11,-11,-12,-11,-11,0.0,17.69180601295413,17.69180601295413,16.97056274847714,16.278820596099706,14.142135623730951,13.45362404707371,12.806248474865697,12.806248474865697,11.40175425099138,11.40175425099138,12.206555615733702,11.661903789690601,12.529964086141668,12.083045973594572,12.083045973594572,11.180339887498949,10.295630140987,9.433981132056603,9.848857801796104,9.848857801796104,10.295630140987,10.295630140987,9.433981132056603,8.602325267042627,8.602325267042627,9.899494936611665,0.0,0.0,0.0,0.0,0.0,0.0,0.0,0.0,0.0,0.0,0.0,8.602325267042627,10.0,11.40175425099138,12.041594578792296,12.806248474865697,12.041594578792296,12.041594578792296,12.806248474865697,12.041594578792296,12.806248474865697,14.212670403551895,15.620499351813308,14.212670403551895,14.422205101855956,15.264337522473747,15.264337522473747,15.811388300841896,15.620499351813308,15.620499351813308,15.0,15.620499351813308,16.401219466856727,16.97056274847714,16.278820596099706,16.278820596099706,15.556349186104045,0.0,-2.396173177315635,-2.396173177315635,-2.356194490192345,-2.399645385583876,-2.356194490192345,-2.408777551803287,-2.4668517113662407,-2.4668517113662407,-2.4805494847391065,-2.4805494847391065,-2.5308666892005847,-2.601173153319209,-2.642245931909663,-2.714965160462917,-2.714965160462917,-2.677945044588987,-2.6344941491974563,-2.5829933382462307,-2.723368324010564,-2.723368324010564,-2.6344941491974563,-2.6344941491974563,-2.5829933382462307,-2.5213431676069717,-2.5213431676069717,-2.356194490192345,0.0,0.0,0.0,0.0,0.0,0.0,0.0,0.0,0.0,0.0,0.0,-2.5213431676069717,-2.214297435588181,-2.2318394956455836,-2.297438667476622,-2.2455372690184494,-2.297438667476622,-2.297438667476622,-2.2455372690184494,-2.297438667476622,-2.2455372690184494,-2.256525837701183,-2.2655346029916,-2.256525837701183,-2.158798930342464,-2.1224513093234436,-2.1224513093234436,-2.1763409903998667,-2.2655346029916,-2.2655346029916,-2.214297435588181,-2.2655346029916,-2.2264919530364327,-2.356194490192345,-2.399645385583876,-2.312743594800814,-2.356194490192345
8.095881210996595,router,ba:bd:de:13:68:55,-81,99.97055207418927,64,1.176251806788598,19.414838979339237,0,0,14,6,14,7,14,7,13,6,12,6,11,5,11,4,10,3,10,3,10,2,10,2,9,2,9,2,10,1,10,2,9,3,8,3,8,2,9,2,9,1,9,1,8,2,8,2,7,3,7,3,6,1,0,0,0,0,0,0,0,0,0,0,0,0,0,0,0,0,0,0,0,0,0,0,11,1,11,0,12,1,12,2,11,2,11,2,12,3,12,4,12,5,12,6,12,6,12,6,13,6,12,6,11,6,11,6,12,6,13,6,13,7,13,7,13,6,13,6,13,6,13,6,15,7,16,7,0.0,15.231546211727817,15.652475842498529,15.652475842498529,14.317821063276353,13.416407864998739,12.083045973594572,11.704699910719626,10.44030650891055,10.44030650891055,10.198039027185569,10.198039027185569,9.219544457292887,9.219544457292887,10.04987562112089,10.198039027185569,9.486832980505138,8.54400374531753,8.246211251235321,9.219544457292887,9.055385138137417,9.055385138137417,8.246211251235321,8.246211251235321,7.615773105863909,7.615773105863909,6.082762530298219,0.0,0.0,0.0,0.0,0.0,0.0,0.0,0.0,0.0,0.0,0.0,11.045361017187261,11.0,12.041594578792296,12.165525060596439,11.180339887498949,11.180339887498949,12.36931687685298,12.649110640673518,13.0,13.416407864998739,13.416407864998739,13.416407864998739,14.317821063276353,13.416407864998739,12.529964086141668,12.529964086141668,13.416407864998739,14.317821063276353,14.7648230602334,14.7648230602334,14.317821063276353,14.317821063276353,14.317821063276353,14.317821063276353,16.55294535724685,17.46424919657298,0.0,0.40489178628508343,0.4636476090008061,0.4636476090008061,0.43240777557053783,0.4636476090008061,0.4266274931268761,0.348771003583907,0.2914567944778671,0.2914567944778671,0.19739555984988075,0.19739555984988075,0.21866894587394195,0.21866894587394195,0.09966865249116202,0.19739555984988075,0.3217505543966422,0.35877067027057225,0.24497866312686414,0.21866894587394195,0.11065722117389565,0.11065722117389565,0.24497866312686414,0.24497866312686414,0.40489178628508343,0.40489178628508343,0.16514867741462683,0.0,0.0,0.0,0.0,0.0,0.0,0.0,0.0,0.0,0.0,0.0,0.09065988720074511,0.0,0.08314123188844123,0.16514867741462683,0.17985349979247828,0.17985349979247828,0.24497866312686414,0.3217505543966422,0.3947911196997615,0.4636476090008061,0.4636476090008061,0.4636476090008061,0.43240777557053783,0.4636476090008061,0.4993467216801301,0.4993467216801301,0.4636476090008061,0.43240777557053783,0.49394136891958124,0.49394136891958124,0.43240777557053783,0.43240777557053783,0.43240777557053783,0.43240777557053783,0.43662715981354133,0.4124104415973873
8.20165093599644,router,ba:bd:de:13:68:55,-84,99.97055207418927,64,1.1787416006933333,19.52089522149208,0,0,3,-16,2,-16,1,-16,1,-14,0,-12,-1,-11,-1,-11,-1,-11,-1,-9,0,-8,0,-9,0,-9,-1,-9,-2,-8,-2,-9,-2,-10,-2,-8,-2,-7,-1,-8,1,-9,0,-9,-1,-9,1,-9,2,-9,1,-8,-1,-5,0,0,0,0,0,0,0,0,0,0,0,0,0,0,0,0,0,0,0,0,0,0,-12,-13,-6,-9,-3,-9,-4,-11,-5,-12,-7,-10,-8,-6,-14,-5,-13,-8,-5,-12,-2,-17,-5,-17,-5,-14,-4,-17,-4,-19,-4,-18,-5,-17,-4,-17,-5,-18,-5,-17,-3,-16,-2,-16,-1,-16,-1,-16,-1,-16,0,-16,0.0,16.278820596099706,16.1245154965971,16.0312195418814,14.035668847618199,12.0,11.045361017187261,11.045361017187261,11.045361017187261,9.055385138137417,8.0,9.0,9.0,9.055385138137417,8.246211251235321,9.219544457292887,10.198039027185569,8.246211251235321,7.280109889280518,8.06225774829855,9.055385138137417,9.0,9.055385138137417,9.055385138137417,9.219544457292887,8.06225774829855,5.0990195135927845,0.0,0.0,0.0,0.0,0.0,0.0,0.0,0.0,0.0,0.0,0.0,17.69180601295413,10.816653826391969,9.486832980505138,11.704699910719626,13.0,12.206555615733702,10.0,14.866068747318506,15.264337522473747,13.0,17.11724276862369,17.72004514666935,14.866068747318506,17.46424919657298,19.4164878389476,18.439088914585774,17.72004514666935,17.46424919657298,18.681541692269406,17.72004514666935,16.278820596099706,16.1245154965971,16.0312195418814,16.0312195418814,16.0312195418814,16.0,0.0,-1.3854483767992019,-1.446441332248135,-1.5083775167989393,-1.4994888620096063,-1.5707963267948966,-1.6614562139956417,-1.6614562139956417,-1.6614562139956417,-1.6814535479687922,-1.5707963267948966,-1.5707963267948966,-1.5707963267948966,-1.6814535479687922,-1.8157749899217608,-1.7894652726688385,-1.7681918866447774,-1.8157749899217608,-1.849095985800008,-1.695151321341658,-1.460139105621001,-1.5707963267948966,-1.6814535479687922,-1.460139105621001,-1.3521273809209546,-1.446441332248135,-1.7681918866447774,0.0,0.0,0.0,0.0,0.0,0.0,0.0,0.0,0.0,0.0,0.0,-2.316215803069055,-2.158798930342464,-1.892546881191539,-1.9195673303788037,-1.965587446494658,-2.1815222911841055,-2.498091544796509,-2.79856871316909,-2.5899376710612465,-1.965587446494658,-1.687905071361761,-1.856847768512215,-1.9138202672156,-1.8018869939907938,-1.7782925532300993,-1.7894652726688385,-1.856847768512215,-1.8018869939907938,-1.8417431771333173,-1.856847768512215,-1.7561442767905915,-1.695151321341658,-1.633215136790854,-1.633215136790854,-1.633215136790854,-1.5707963267948966
8.306449660994986,router,ba:bd:de:13:68:55,-84,99.97055207418927,64,1.1819602078266418,19.628534176124372,0,0,14,3,15,4,15,3,13,3,11,2,10,1,11,0,10,0,9,0,9,-1,10,-1,10,0,10,-1,10,-3,9,-3,9,-2,9,-2,9,-3,9,-3,9,-3,10,-2,9,0,8,0,7,0,8,0,9,-2,0,0,0,0,0,0,0,0,0,0,0,0,0,0,0,0,0,0,0,0,0,0,10,1,11,0,12,0,13,0,12,2,11,3,12,3,13,3,13,4,12,5,12,5,13,4,12,4,12,5,12,6,13,6,13,6,14,6,14,5,14,4,13,5,14,4,14,4,15,4,14,5,15,5,0.0,14.317821063276353,15.524174696260024,15.297058540778355,13.341664064126334,11.180339887498949,10.04987562112089,11.0,10.0,9.0,9.055385138137417,10.04987562112089,10.0,10.04987562112089,10.44030650891055,9.486832980505138,9.219544457292887,9.219544457292887,9.486832980505138,9.486832980505138,9.486832980505138,10.198039027185569,9.0,8.0,7.0,8.0,9.219544457292887,0.0,0.0,0.0,0.0,0.0,0.0,0.0,0.0,0.0,0.0,0.0,10.04987562112089,11.0,12.0,13.0,12.165525060596439,11.40175425099138,12.36931687685298,13.341664064126334,13.601470508735444,13.0,13.0,13.601470508735444,12.649110640673518,13.0,13.416407864998739,14.317821063276353,14.317821063276353,15.231546211727817,14.866068747318506,14.560219778561036,13.92838827718412,14.560219778561036,14.560219778561036,15.524174696260024,14.866068747318506,15.811388300841896,0.0,0.21109333322274654,0.260602391747341,0.19739555984988075,0.22679884805388587,0.17985349979247828,0.09966865249116202,0.0,0.0,0.0,-0.11065722117389565,-0.09966865249116202,0.0,-0.09966865249116202,-0.2914567944778671,-0.3217505543966422,-0.21866894587394195,-0.21866894587394195,-0.3217505543966422,-0.3217505543966422,-0.3217505543966422,-0.19739555984988075,0.0,0.0,0.0,0.0,-0.21866894587394195,0.0,0.0,0.0,0.0,0.0,0.0,0.0,0.0,0.0,0.0,0.0,0.09966865249116202,0.0,0.0,0.0,0.16514867741462683,0.2662520491509254,0.24497866312686414,0.22679884805388587,0.2984989315861793,0.3947911196997615,0.3947911196997615,0.2984989315861793,0.3217505543966422,0.3947911196997615,0.4636476090008061,0.43240777557053783,0.43240777557053783,0.40489178628508343,0.3430239404207034,0.27829965900511133,0.3671738338182192,0.27829965900511133,0.27829965900511133,0.260602391747341,0.3430239404207034,0.3217505543966422
8.407736942994234,router,ba:bd:de:13:68:55,-83,99.97055207418927,64,1.1852288244413567,19.725300112793526,0,0,-19,1,-18,1,-18,1,-18,1,-17,3,-15,3,-13,3,-13,3,-13,4,-12,4,-13,4,-13,4,-12,4,-11,5,-11,5,-11,4,-11,4,-10,4,-9,3,-9,3,-11,4,-11,4,-10,3,-10,3,-11,2,-11,1,0,0,0,0,0,0,0,0,0,0,0,0,0,0,0,0,0,0,0,0,0,0,-11,4,-11,3,-11,3,-11,2,-13,2,-14,2,-14,0,-14,1,-15,1,-15,1,-15,0,-15,-1,-15,0,-16,-1,-16,-1,-16,-1,-17,-1,-17,-1,-16,0,-16,1,-16,1,-18,1,-18,1,-17,1,-18,1,-19,1,0.0,19.026297590440446,18.027756377319946,18.027756377319946,18.027756377319946,17.26267650163207,15.297058540778355,13.341664064126334,13.341664064126334,13.601470508735444,12.649110640673518,13.601470508735444,13.601470508735444,12.649110640673518,12.083045973594572,12.083045973594572,11.704699910719626,11.704699910719626,10.770329614269007,9.486832980505138,9.486832980505138,11.704699910719626,11.704699910719626,10.44030650891055,10.44030650891055,11.180339887498949,11.045361017187261,0.0,0.0,0.0,0.0,0.0,0.0,0.0,0.0,0.0,0.0,0.0,11.704699910719626,11.40175425099138,11.40175425099138,11.180339887498949,13.152946437965905,14.142135623730951,14.0,14.035668847618199,15.033296378372908,15.033296378372908,15.0,15.033296378372908,15.0,16.0312195418814,16.0312195418814,16.0312195418814,17.029386365926403,17.029386365926403,16.0,16.0312195418814,16.0312195418814,18.027756377319946,18.027756377319946,17.029386365926403,18.027756377319946,19.026297590440446,0.0,3.0890095919788516,3.0860941483440762,3.0860941483440762,3.0860941483440762,2.9669204545815537,2.9441970937399127,2.9147938055359073,2.9147938055359073,2.843093722003614,2.819842099193151,2.843093722003614,2.843093722003614,2.819842099193151,2.714965160462917,2.714965160462917,2.7928216500058864,2.7928216500058864,2.761086276477428,2.819842099193151,2.819842099193151,2.7928216500058864,2.7928216500058864,2.8501358591119264,2.8501358591119264,2.961739153797315,3.050932766389048,0.0,0.0,0.0,0.0,0.0,0.0,0.0,0.0,0.0,0.0,0.0,2.7928216500058864,2.875340604438868,2.875340604438868,2.961739153797315,2.988943325194528,2.999695598985629,3.141592653589793,3.070285188804503,3.0750244898139694,3.0750244898139694,3.141592653589793,-3.0750244898139694,3.141592653589793,-3.079173843593836,-3.079173843593836,-3.079173843593836,-3.0828368308740703,-3.0828368308740703,3.141592653589793,3.079173843593836,3.079173843593836,3.0860941483440762,3.0860941483440762,3.0828368308740703,3.0860941483440762,3.0890095919788516
8.514576386995031,router,ba:bd:de:13:68:55,-83,99.97055207418927,64,1.1832345484468403,19.795702271461384,0,0,-13,-10,-14,-9,-15,-8,-15,-8,-13,-6,-11,-6,-11,-5,-12,-5,-12,-4,-12,-4,-11,-4,-11,-3,-11,-2,-12,-1,-13,-1,-13,-2,-12,-1,-12,-1,-12,-2,-12,-3,-11,-3,-10,-4,-10,-5,-11,-5,-10,-5,-9,-7,0,0,0,0,0,0,0,0,0,0,0,0,0,0,0,0,0,0,0,0,0,0,-11,-5,-10,-5,-10,-5,-10,-5,-12,-6,-13,-7,-12,-8,-11,-8,-11,-9,-11,-9,-11,-9,-11,-9,-11,-10,-12,-11,-13,-10,-14,-10,-14,-10,-14,-11,-14,-11,-13,-10,-13,-10,-14,-9,-14,-9,-15,-9,-16,-10,-16,-10,0.0,16.401219466856727,16.64331697709324,17.0,17.0,14.317821063276353,12.529964086141668,12.083045973594572,13.0,12.649110640673518,12.649110640673518,11.704699910719626,11.40175425099138,11.180339887498949,12.041594578792296,13.038404810405298,13.152946437965905,12.041594578792296,12.041594578792296,12.165525060596439,12.36931687685298,11.40175425099138,10.770329614269007,11.180339887498949,12.083045973594572,11.180339887498949,11.40175425099138,0.0,0.0,0.0,0.0,0.0,0.0,0.0,0.0,0.0,0.0,0.0,12.083045973594572,11.180339887498949,11.180339887498949,11.180339887498949,13.416407864998739,14.7648230602334,14.422205101855956,13.601470508735444,14.212670403551895,14.212670403551895,14.212670403551895,14.212670403551895,14.866068747318506,16.278820596099706,16.401219466856727,17.204650534085253,17.204650534085253,17.804493814764857,17.804493814764857,16.401219466856727,16.401219466856727,16.64331697709324,16.64331697709324,17.4928556845359,18.867962264113206,18.867962264113206,0.0,-2.485897027348257,-2.5702551737561663,-2.651635327336065,-2.651635327336065,-2.7091848780192556,-2.642245931909663,-2.714965160462917,-2.746801533890032,-2.819842099193151,-2.819842099193151,-2.7928216500058864,-2.875340604438868,-2.961739153797315,-3.058451421701352,-3.064820762320015,-2.988943325194528,-3.058451421701352,-3.058451421701352,-2.976443976175166,-2.896613990462929,-2.875340604438868,-2.761086276477428,-2.677945044588987,-2.714965160462917,-2.677945044588987,-2.4805494847391065,0.0,0.0,0.0,0.0,0.0,0.0,0.0,0.0,0.0,0.0,0.0,-2.714965160462917,-2.677945044588987,-2.677945044588987,-2.677945044588987,-2.677945044588987,-2.647651284670212,-2.5535900500422257,-2.5127963671743605,-2.455863142683507,-2.455863142683507,-2.455863142683507,-2.455863142683507,-2.403777593469328,-2.399645385583876,-2.485897027348257,-2.5213431676069717,-2.5213431676069717,-2.4756234162106834,-2.4756234162106834,-2.485897027348257,-2.485897027348257,-2.5702551737561663,-2.5702551737561663,-2.601173153319209,-2.5829933382462307,-2.5829933382462307
8.615257176999876,router,ba:bd:de:13:68:55,-85,99.97055207418927,64,1.1822382759194714,19.838940405354833,0,0,14,7,14,8,13,6,13,5,12,5,11,6,11,5,11,2,10,1,10,2,11,3,12,3,12,2,10,2,10,3,11,3,12,3,11,4,10,3,10,1,10,1,11,3,11,3,9,3,9,5,11,8,0,0,0,0,0,0,0,0,0,0,0,0,0,0,0,0,0,0,0,0,0,0,8,1,9,0,10,-1,10,-1,10,0,10,1,11,2,11,4,11,4,11,3,12,3,12,4,13,5,13,5,13,5,13,6,12,7,12,7,13,7,13,6,14,6,14,6,13,6,14,6,14,6,14,5,0.0,15.652475842498529,16.1245154965971,14.317821063276353,13.92838827718412,13.0,12.529964086141668,12.083045973594572,11.180339887498949,10.04987562112089,10.198039027185569,11.40175425099138,12.36931687685298,12.165525060596439,10.198039027185569,10.44030650891055,11.40175425099138,12.36931687685298,11.704699910719626,10.44030650891055,10.04987562112089,10.04987562112089,11.40175425099138,11.40175425099138,9.486832980505138,10.295630140987,13.601470508735444,0.0,0.0,0.0,0.0,0.0,0.0,0.0,0.0,0.0,0.0,0.0,8.06225774829855,9.0,10.04987562112089,10.04987562112089,10.0,10.04987562112089,11.180339887498949,11.704699910719626,11.704699910719626,11.40175425099138,12.36931687685298,12.649110640673518,13.92838827718412,13.92838827718412,13.92838827718412,14.317821063276353,13.892443989449804,13.892443989449804,14.7648230602334,14.317821063276353,15.231546211727817,15.231546211727817,14.317821063276353,15.231546211727817,15.231546211727817,14.866068747318506,0.0,0.4636476090008061,0.5191461142465229,0.43240777557053783,0.3671738338182192,0.3947911196997615,0.4993467216801301,0.4266274931268761,0.17985349979247828,0.09966865249116202,0.19739555984988075,0.2662520491509254,0.24497866312686414,0.16514867741462683,0.19739555984988075,0.2914567944778671,0.2662520491509254,0.24497866312686414,0.348771003583907,0.2914567944778671,0.09966865249116202,0.09966865249116202,0.2662520491509254,0.2662520491509254,0.3217505543966422,0.507098504392337,0.628796286415433,0.0,0.0,0.0,0.0,0.0,0.0,0.0,0.0,0.0,0.0,0.0,0.12435499454676144,0.0,-0.09966865249116202,-0.09966865249116202,0.0,0.09966865249116202,0.17985349979247828,0.348771003583907,0.348771003583907,0.2662520491509254,0.24497866312686414,0.3217505543966422,0.3671738338182192,0.3671738338182192,0.3671738338182192,0.43240777557053783,0.5280744484263596,0.5280744484263596,0.49394136891958124,0.43240777557053783,0.40489178628508343,0.40489178628508343,0.43240777557053783,0.40489178628508343,0.40489178628508343,0.3430239404207034
8.71638884999993,router,ba:bd:de:13:68:55,-84,99.97055207418927,64,1.1808553482888935,19.856765226580514,0,0,-14,-10,-14,-10,-14,-10,-13,-9,-13,-9,-13,-9,-12,-8,-12,-7,-11,-6,-11,-6,-10,-6,-11,-6,-12,-4,-11,-5,-10,-5,-9,-6,-10,-5,-10,-5,-10,-4,-10,-4,-10,-5,-9,-5,-9,-4,-8,-5,-7,-6,-6,-6,0,0,0,0,0,0,0,0,0,0,0,0,0,0,0,0,0,0,0,0,0,0,-8,-6,-8,-6,-8,-6,-9,-6,-9,-7,-8,-8,-9,-8,-10,-9,-9,-10,-8,-10,-9,-10,-10,-9,-11,-10,-11,-10,-10,-11,-10,-10,-11,-11,-12,-11,-12,-11,-12,-10,-12,-10,-12,-10,-13,-10,-14,-11,-14,-11,-14,-10,0.0,17.204650534085253,17.204650534085253,17.204650534085253,15.811388300841896,15.811388300841896,15.811388300841896,14.422205101855956,13.892443989449804,12.529964086141668,12.529964086141668,11.661903789690601,12.529964086141668,12.649110640673518,12.083045973594572,11.180339887498949,10.816653826391969,11.180339887498949,11.180339887498949,10.770329614269007,10.770329614269007,11.180339887498949,10.295630140987,9.848857801796104,9.433981132056603,9.219544457292887,8.48528137423857,0.0,0.0,0.0,0.0,0.0,0.0,0.0,0.0,0.0,0.0,0.0,10.0,10.0,10.0,10.816653826391969,11.40175425099138,11.313708498984761,12.041594578792296,13.45362404707371,13.45362404707371,12.806248474865697,13.45362404707371,13.45362404707371,14.866068747318506,14.866068747318506,14.866068747318506,14.142135623730951,15.556349186104045,16.278820596099706,16.278820596099706,15.620499351813308,15.620499351813308,15.620499351813308,16.401219466856727,17.804493814764857,17.804493814764857,17.204650534085253,0.0,-2.5213431676069717,-2.5213431676069717,-2.5213431676069717,-2.5360479899848234,-2.5360479899848234,-2.5360479899848234,-2.5535900500422257,-2.6135182051634334,-2.642245931909663,-2.642245931909663,-2.601173153319209,-2.642245931909663,-2.819842099193151,-2.714965160462917,-2.677945044588987,-2.5535900500422257,-2.677945044588987,-2.677945044588987,-2.761086276477428,-2.761086276477428,-2.677945044588987,-2.6344941491974563,-2.723368324010564,-2.5829933382462307,-2.432966381462123,-2.356194490192345,0.0,0.0,0.0,0.0,0.0,0.0,0.0,0.0,0.0,0.0,0.0,-2.498091544796509,-2.498091544796509,-2.498091544796509,-2.5535900500422257,-2.4805494847391065,-2.356194490192345,-2.4149503129080676,-2.408777551803287,-2.3036114285814033,-2.2455372690184494,-2.3036114285814033,-2.408777551803287,-2.403777593469328,-2.403777593469328,-2.3086113869153615,-2.356194490192345,-2.356194490192345,-2.399645385583876,-2.399645385583876,-2.44685437739309,-2.44685437739309,-2.44685437739309,-2.485897027348257,-2.4756234162106834,-2.4756234162106834,-2.5213431676069717
8.838912470993819,router,ba:bd:de:13:68:55,-82,99.8047864286201,64,1.178964619046366,19.858352433534378,0,0,14,10,14,11,14,11,12,10,12,9,12,8,12,8,12,7,12,6,12,6,12,5,11,5,10,5,10,4,10,4,11,4,11,4,11,4,10,3,10,2,10,3,10,4,8,4,7,4,7,4,7,5,0,0,0,0,0,0,0,0,0,0,0,0,0,0,0,0,0,0,0,0,0,0,8,3,8,4,8,5,8,5,7,6,7,8,8,8,8,8,8,8,8,9,9,10,10,11,9,11,9,11,10,11,11,12,10,11,11,9,11,10,12,11,12,11,12,12,13,11,13,11,13,11,13,11,0.0,17.204650534085253,17.804493814764857,17.804493814764857,15.620499351813308,15.0,14.422205101855956,14.422205101855956,13.892443989449804,13.416407864998739,13.416407864998739,13.0,12.083045973594572,11.180339887498949,10.770329614269007,10.770329614269007,11.704699910719626,11.704699910719626,11.704699910719626,10.44030650891055,10.198039027185569,10.44030650891055,10.770329614269007,8.94427190999916,8.06225774829855,8.06225774829855,8.602325267042627,0.0,0.0,0.0,0.0,0.0,0.0,0.0,0.0,0.0,0.0,0.0,8.54400374531753,8.94427190999916,9.433981132056603,9.433981132056603,9.219544457292887,10.63014581273465,11.313708498984761,11.313708498984761,11.313708498984761,12.041594578792296,13.45362404707371,14.866068747318506,14.212670403551895,14.212670403551895,14.866068747318506,16.278820596099706,14.866068747318506,14.212670403551895,14.866068747318506,16.278820596099706,16.278820596099706,16.97056274847714,17.029386365926403,17.029386365926403,17.029386365926403,17.029386365926403,0.0,0.6202494859828215,0.6659692373791098,0.6659692373791098,0.6947382761967031,0.6435011087932844,0.5880026035475675,0.5880026035475675,0.5280744484263596,0.4636476090008061,0.4636476090008061,0.3947911196997615,0.4266274931268761,0.4636476090008061,0.3805063771123649,0.3805063771123649,0.348771003583907,0.348771003583907,0.348771003583907,0.2914567944778671,0.19739555984988075,0.2914567944778671,0.3805063771123649,0.4636476090008061,0.5191461142465229,0.5191461142465229,0.6202494859828215,0.0,0.0,0.0,0.0,0.0,0.0,0.0,0.0,0.0,0.0,0.0,0.35877067027057225,0.4636476090008061,0.5585993153435624,0.5585993153435624,0.7086262721276703,0.8519663271732721,0.7853981633974483,0.7853981633974483,0.7853981633974483,0.844153986113171,0.83798122500839,0.8329812666744317,0.8850668158886104,0.8850668158886104,0.8329812666744317,0.8288490587889792,0.8329812666744317,0.6857295109062863,0.7378150601204649,0.7419472680059175,0.7419472680059175,0.7853981633974483,0.702256931509007,0.702256931509007,0.702256931509007,0.702256931509007
8.945853215998795,router,ba:bd:de:13:68:55,-82,99.8047864286201,64,1.1771922498386513,19.840160501214786,0,0,16,10,14,9,14,8,13,7,13,7,12,5,12,4,12,4,13,4,13,3,13,3,12,4,12,3,12,2,12,1,12,2,12,1,13,1,13,2,12,3,11,3,10,3,10,3,10,3,9,3,7,4,0,0,0,0,0,0,0,0,0,0,0,0,0,0,0,0,0,0,0,0,0,0,6,4,6,4,7,5,7,5,7,6,7,7,7,7,6,7,7,8,7,9,6,9,7,10,7,11,7,11,9,10,9,10,9,10,9,10,9,10,10,10,10,11,10,11,11,10,13,11,13,11,12,10,0.0,18.867962264113206,16.64331697709324,16.1245154965971,14.7648230602334,14.7648230602334,13.0,12.649110640673518,12.649110640673518,13.601470508735444,13.341664064126334,13.341664064126334,12.649110640673518,12.36931687685298,12.165525060596439,12.041594578792296,12.165525060596439,12.041594578792296,13.038404810405298,13.152946437965905,12.36931687685298,11.40175425099138,10.44030650891055,10.44030650891055,10.44030650891055,9.486832980505138,8.06225774829855,0.0,0.0,0.0,0.0,0.0,0.0,0.0,0.0,0.0,0.0,0.0,7.211102550927978,7.211102550927978,8.602325267042627,8.602325267042627,9.219544457292887,9.899494936611665,9.899494936611665,9.219544457292887,10.63014581273465,11.40175425099138,10.816653826391969,12.206555615733702,13.038404810405298,13.038404810405298,13.45362404707371,13.45362404707371,13.45362404707371,13.45362404707371,13.45362404707371,14.142135623730951,14.866068747318506,14.866068747318506,14.866068747318506,17.029386365926403,17.029386365926403,15.620499351813308,0.0,0.5585993153435624,0.5713374798336268,0.5191461142465229,0.49394136891958124,0.49394136891958124,0.3947911196997615,0.3217505543966422,0.3217505543966422,0.2984989315861793,0.22679884805388587,0.22679884805388587,0.3217505543966422,0.24497866312686414,0.16514867741462683,0.08314123188844123,0.16514867741462683,0.08314123188844123,0.07677189126977804,0.15264932839526515,0.24497866312686414,0.2662520491509254,0.2914567944778671,0.2914567944778671,0.2914567944778671,0.3217505543966422,0.5191461142465229,0.0,0.0,0.0,0.0,0.0,0.0,0.0,0.0,0.0,0.0,0.0,0.5880026035475675,0.5880026035475675,0.6202494859828215,0.6202494859828215,0.7086262721276703,0.7853981633974483,0.7853981633974483,0.8621700546672264,0.8519663271732721,0.9097531579442097,0.982793723247329,0.960070362405688,1.0040671092713902,1.0040671092713902,0.83798122500839,0.83798122500839,0.83798122500839,0.83798122500839,0.83798122500839,0.7853981633974483,0.8329812666744317,0.8329812666744317,0.7378150601204649,0.702256931509007,0.702256931509007,0.6947382761967031
9.046819789997244,router,ba:bd:de:13:68:55,-83,99.8047864286201,64,1.1786058696716017,19.79112135348937,0,0,3,-17,3,-18,2,-19,2,-18,3,-18,3,-17,2,-15,1,-14,0,-14,-1,-15,-1,-14,0,-14,0,-14,0,-15,0,-15,0,-15,0,-14,1,-14,1,-13,1,-13,3,-12,3,-13,3,-12,3,-11,3,-11,2,-10,0,0,0,0,0,0,0,0,0,0,0,0,0,0,0,0,0,0,0,0,0,0,-1,-7,0,-7,0,-7,0,-8,-1,-8,-1,-9,0,-9,1,-10,1,-10,1,-11,1,-12,2,-13,2,-13,2,-12,3,-12,3,-13,3,-12,3,-13,3,-14,3,-13,3,-15,3,-16,2,-16,2,-16,2,-16,3,-16,0.0,17.26267650163207,18.24828759089466,19.1049731745428,18.110770276274835,18.24828759089466,17.26267650163207,15.132745950421556,14.035668847618199,14.0,15.033296378372908,14.035668847618199,14.0,14.0,15.0,15.0,15.0,14.0,14.035668847618199,13.038404810405298,13.038404810405298,12.36931687685298,13.341664064126334,12.36931687685298,11.40175425099138,11.40175425099138,10.198039027185569,0.0,0.0,0.0,0.0,0.0,0.0,0.0,0.0,0.0,0.0,0.0,7.0710678118654755,7.0,7.0,8.0,8.06225774829855,9.055385138137417,9.0,10.04987562112089,10.04987562112089,11.045361017187261,12.041594578792296,13.152946437965905,13.152946437965905,12.165525060596439,12.36931687685298,13.341664064126334,12.36931687685298,13.341664064126334,14.317821063276353,13.341664064126334,15.297058540778355,16.278820596099706,16.1245154965971,16.1245154965971,16.1245154965971,16.278820596099706,0.0,-1.396124127786657,-1.4056476493802699,-1.4659193880646628,-1.460139105621001,-1.4056476493802699,-1.396124127786657,-1.4382447944982226,-1.4994888620096063,-1.5707963267948966,-1.6373644905707205,-1.642103791580187,-1.5707963267948966,-1.5707963267948966,-1.5707963267948966,-1.5707963267948966,-1.5707963267948966,-1.5707963267948966,-1.4994888620096063,-1.4940244355251187,-1.4940244355251187,-1.3258176636680326,-1.3439974787410107,-1.3258176636680326,-1.3045442776439713,-1.3045442776439713,-1.373400766945016,0.0,0.0,0.0,0.0,0.0,0.0,0.0,0.0,0.0,0.0,0.0,-1.7126933813990606,-1.5707963267948966,-1.5707963267948966,-1.5707963267948966,-1.695151321341658,-1.6814535479687922,-1.5707963267948966,-1.4711276743037347,-1.4711276743037347,-1.4801364395941514,-1.4876550949064553,-1.4181469983996315,-1.4181469983996315,-1.4056476493802699,-1.3258176636680326,-1.3439974787410107,-1.3258176636680326,-1.3439974787410107,-1.35970299357215,-1.3439974787410107,-1.373400766945016,-1.3854483767992019,-1.446441332248135,-1.446441332248135,-1.446441332248135,-1.3854483767992019
9.155760456997086,router,ba:bd:de:13:68:55,-85,99.8047864286201,64,1.1810713337685954,19.70685301806022,0,0,6,-13,5,-14,6,-15,6,-14,5,-13,2,-13,2,-13,2,-13,3,-14,2,-14,2,-13,1,-13,1,-13,1,-12,0,-11,0,-13,0,-14,2,-13,3,-14,5,-15,4,-14,4,-13,4,-12,5,-12,5,-10,4,-9,0,0,0,0,0,0,0,0,0,0,0,0,0,0,0,0,0,0,0,0,0,0,1,-7,2,-8,3,-9,5,-10,4,-10,3,-10,4,-11,5,-12,5,-12,5,-11,5,-12,5,-12,6,-12,6,-11,6,-10,5,-11,6,-11,6,-11,7,-12,7,-14,6,-14,5,-14,6,-13,6,-12,6,-13,7,-15,0.0,14.317821063276353,14.866068747318506,16.15549442140351,15.231546211727817,13.92838827718412,13.152946437965905,13.152946437965905,13.152946437965905,14.317821063276353,14.142135623730951,13.152946437965905,13.038404810405298,13.038404810405298,12.041594578792296,11.0,13.0,14.0,13.152946437965905,14.317821063276353,15.811388300841896,14.560219778561036,13.601470508735444,12.649110640673518,13.0,11.180339887498949,9.848857801796104,0.0,0.0,0.0,0.0,0.0,0.0,0.0,0.0,0.0,0.0,0.0,7.0710678118654755,8.246211251235321,9.486832980505138,11.180339887498949,10.770329614269007,10.44030650891055,11.704699910719626,13.0,13.0,12.083045973594572,13.0,13.0,13.416407864998739,12.529964086141668,11.661903789690601,12.083045973594572,12.529964086141668,12.529964086141668,13.892443989449804,15.652475842498529,15.231546211727817,14.866068747318506,14.317821063276353,13.416407864998739,14.317821063276353,16.55294535724685,0.0,-1.1383885512243588,-1.2277723863741932,-1.1902899496825317,-1.1659045405098132,-1.2036224929766774,-1.4181469983996315,-1.4181469983996315,-1.4181469983996315,-1.35970299357215,-1.4288992721907328,-1.4181469983996315,-1.4940244355251187,-1.4940244355251187,-1.4876550949064553,-1.5707963267948966,-1.5707963267948966,-1.5707963267948966,-1.4181469983996315,-1.35970299357215,-1.2490457723982544,-1.2924966677897853,-1.2722973952087173,-1.2490457723982544,-1.176005207095135,-1.1071487177940904,-1.1525719972156676,0.0,0.0,0.0,0.0,0.0,0.0,0.0,0.0,0.0,0.0,0.0,-1.4288992721907328,-1.3258176636680326,-1.2490457723982544,-1.1071487177940904,-1.1902899496825317,-1.2793395323170296,-1.2220253232109897,-1.176005207095135,-1.176005207095135,-1.1441688336680205,-1.176005207095135,-1.176005207095135,-1.1071487177940904,-1.0714496051147666,-1.0303768265243125,-1.1441688336680205,-1.0714496051147666,-1.0714496051147666,-1.042721878368537,-1.1071487177940904,-1.1659045405098132,-1.2277723863741932,-1.1383885512243588,-1.1071487177940904,-1.1383885512243588,-1.1341691669813554
9.266658685999573,router,ba:bd:de:13:68:55,-83,99.8047864286201,64,1.1837426551956338,19.6016156513102,0,0,11,9,10,9,10,9,9,7,9,6,9,6,10,6,10,4,10,3,10,2,10,1,9,2,10,2,10,1,10,2,9,2,9,2,10,1,10,1,10,1,11,2,10,3,9,2,9,1,9,2,8,4,0,0,0,0,0,0,0,0,0,0,0,0,0,0,0,0,0,0,0,0,0,0,7,4,8,5,9,6,9,7,9,8,10,8,9,10,9,10,10,10,9,9,9,10,9,10,9,11,8,11,8,11,9,10,9,10,9,11,9,12,9,11,9,11,10,11,10,10,10,9,10,8,9,9,0.0,14.212670403551895,13.45362404707371,13.45362404707371,11.40175425099138,10.816653826391969,10.816653826391969,11.661903789690601,10.770329614269007,10.44030650891055,10.198039027185569,10.04987562112089,9.219544457292887,10.198039027185569,10.04987562112089,10.198039027185569,9.219544457292887,9.219544457292887,10.04987562112089,10.04987562112089,10.04987562112089,11.180339887498949,10.44030650891055,9.219544457292887,9.055385138137417,9.219544457292887,8.94427190999916,0.0,0.0,0.0,0.0,0.0,0.0,0.0,0.0,0.0,0.0,0.0,8.06225774829855,9.433981132056603,10.816653826391969,11.40175425099138,12.041594578792296,12.806248474865697,13.45362404707371,13.45362404707371,14.142135623730951,12.727922061357855,13.45362404707371,13.45362404707371,14.212670403551895,13.601470508735444,13.601470508735444,13.45362404707371,13.45362404707371,14.212670403551895,15.0,14.212670403551895,14.212670403551895,14.866068747318506,14.142135623730951,13.45362404707371,12.806248474865697,12.727922061357855,0.0,0.6857295109062863,0.7328151017865066,0.7328151017865066,0.6610431688506869,0.5880026035475675,0.5880026035475675,0.5404195002705842,0.3805063771123649,0.2914567944778671,0.19739555984988075,0.09966865249116202,0.21866894587394195,0.19739555984988075,0.09966865249116202,0.19739555984988075,0.21866894587394195,0.21866894587394195,0.09966865249116202,0.09966865249116202,0.09966865249116202,0.17985349979247828,0.2914567944778671,0.21866894587394195,0.11065722117389565,0.21866894587394195,0.4636476090008061,0.0,0.0,0.0,0.0,0.0,0.0,0.0,0.0,0.0,0.0,0.0,0.5191461142465229,0.5585993153435624,0.5880026035475675,0.6610431688506869,0.7266423406817256,0.6747409422235526,0.83798122500839,0.83798122500839,0.7853981633974483,0.7853981633974483,0.83798122500839,0.83798122500839,0.8850668158886104,0.9420000403794636,0.9420000403794636,0.83798122500839,0.83798122500839,0.8850668158886104,0.9272952180016122,0.8850668158886104,0.8850668158886104,0.8329812666744317,0.7853981633974483,0.7328151017865066,0.6747409422235526,0.7853981633974483
9.376202050996653,router,ba:bd:de:13:68:55,-83,99.8047864286201,64,1.1885428756619376,19.500283892243463,0,0,11,-9,10,-9,8,-8,7,-7,8,-6,8,-7,5,-8,4,-7,3,-7,3,-7,2,-8,2,-9,3,-9,2,-9,1,-9,0,-9,1,-9,1,-9,2,-10,2,-11,3,-11,2,-9,3,-8,4,-9,4,-9,4,-8,0,0,0,0,0,0,0,0,0,0,0,0,0,0,0,0,0,0,0,0,0,0,6,-8,5,-7,6,-7,6,-8,6,-10,7,-10,8,-11,9,-10,9,-9,9,-9,10,-10,11,-10,11,-8,12,-8,13,-10,12,-10,11,-9,11,-9,12,-9,13,-9,14,-8,13,-7,12,-8,12,-8,13,-9,13,-9,0.0,14.212670403551895,13.45362404707371,11.313708498984761,9.899494936611665,10.0,10.63014581273465,9.433981132056603,8.06225774829855,7.615773105863909,7.615773105863909,8.246211251235321,9.219544457292887,9.486832980505138,9.219544457292887,9.055385138137417,9.0,9.055385138137417,9.055385138137417,10.198039027185569,11.180339887498949,11.40175425099138,9.219544457292887,8.54400374531753,9.848857801796104,9.848857801796104,8.94427190999916,0.0,0.0,0.0,0.0,0.0,0.0,0.0,0.0,0.0,0.0,0.0,10.0,8.602325267042627,9.219544457292887,10.0,11.661903789690601,12.206555615733702,13.601470508735444,13.45362404707371,12.727922061357855,12.727922061357855,14.142135623730951,14.866068747318506,13.601470508735444,14.422205101855956,16.401219466856727,15.620499351813308,14.212670403551895,14.212670403551895,15.0,15.811388300841896,16.1245154965971,14.7648230602334,14.422205101855956,14.422205101855956,15.811388300841896,15.811388300841896,0.0,-0.6857295109062863,-0.7328151017865066,-0.7853981633974483,-0.7853981633974483,-0.6435011087932844,-0.7188299996216245,-1.0121970114513341,-1.0516502125483738,-1.1659045405098132,-1.1659045405098132,-1.3258176636680326,-1.3521273809209546,-1.2490457723982544,-1.3521273809209546,-1.460139105621001,-1.5707963267948966,-1.460139105621001,-1.460139105621001,-1.373400766945016,-1.3909428270024184,-1.3045442776439713,-1.3521273809209546,-1.2120256565243244,-1.1525719972156676,-1.1525719972156676,-1.1071487177940904,0.0,0.0,0.0,0.0,0.0,0.0,0.0,0.0,0.0,0.0,0.0,-0.9272952180016122,-0.9505468408120752,-0.8621700546672264,-0.9272952180016122,-1.0303768265243125,-0.960070362405688,-0.9420000403794636,-0.83798122500839,-0.7853981633974483,-0.7853981633974483,-0.7853981633974483,-0.7378150601204649,-0.628796286415433,-0.5880026035475675,-0.6556956262415362,-0.6947382761967031,-0.6857295109062863,-0.6857295109062863,-0.6435011087932844,-0.6055446636049701,-0.5191461142465229,-0.49394136891958124,-0.5880026035475675,-0.5880026035475675,-0.6055446636049701,-0.6055446636049701
9.486165214999346,router,ba:bd:de:13:68:55,-84,99.8047864286201,64,1.195435713837685,19.421921823007878,0,0,0,-17,-2,-15,-2,-14,-3,-12,-2,-11,-3,-10,-5,-10,-5,-9,-4,-9,-3,-9,-4,-9,-4,-8,-5,-8,-6,-8,-6,-7,-5,-7,-5,-6,-5,-6,-5,-7,-4,-7,-3,-7,-3,-7,-3,-8,-4,-8,-3,-7,-3,-5,0,0,0,0,0,0,0,0,0,0,0,0,0,0,0,0,0,0,0,0,0,0,-9,-10,-8,-10,-7,-12,-7,-13,-7,-13,-6,-13,-6,-14,-5,-15,-4,-16,-4,-17,-4,-17,-3,-17,-3,-16,-2,-16,-2,-16,-3,-17,-3,-15,-3,-15,-2,-16,-1,-17,-2,-17,-2,-17,-2,-18,-2,-18,-2,-18,-2,-17,0.0,17.0,15.132745950421556,14.142135623730951,12.36931687685298,11.180339887498949,10.44030650891055,11.180339887498949,10.295630140987,9.848857801796104,9.486832980505138,9.848857801796104,8.94427190999916,9.433981132056603,10.0,9.219544457292887,8.602325267042627,7.810249675906654,7.810249675906654,8.602325267042627,8.06225774829855,7.615773105863909,7.615773105863909,8.54400374531753,8.94427190999916,7.615773105863909,5.830951894845301,0.0,0.0,0.0,0.0,0.0,0.0,0.0,0.0,0.0,0.0,0.0,13.45362404707371,12.806248474865697,13.892443989449804,14.7648230602334,14.7648230602334,14.317821063276353,15.231546211727817,15.811388300841896,16.492422502470642,17.46424919657298,17.46424919657298,17.26267650163207,16.278820596099706,16.1245154965971,16.1245154965971,17.26267650163207,15.297058540778355,15.297058540778355,16.1245154965971,17.029386365926403,17.11724276862369,17.11724276862369,18.110770276274835,18.110770276274835,18.110770276274835,17.11724276862369,0.0,-1.5707963267948966,-1.7033478590915707,-1.7126933813990606,-1.8157749899217608,-1.750649826587375,-1.8622531212727638,-2.0344439357957027,-2.0778948311872334,-1.9890206563741257,-1.892546881191539,-1.9890206563741257,-2.0344439357957027,-2.129395642138459,-2.214297435588181,-2.279422598922567,-2.191045812777718,-2.2655346029916,-2.2655346029916,-2.191045812777718,-2.0899424410414196,-1.97568811307998,-1.97568811307998,-1.9295669970654687,-2.0344439357957027,-1.97568811307998,-2.1112158270654806,0.0,0.0,0.0,0.0,0.0,0.0,0.0,0.0,0.0,0.0,0.0,-2.3036114285814033,-2.2455372690184494,-2.0988707752212563,-2.0647376957144776,-2.0647376957144776,-2.0032041023654346,-1.97568811307998,-1.892546881191539,-1.8157749899217608,-1.8018869939907938,-1.8018869939907938,-1.7454685258031364,-1.7561442767905915,-1.695151321341658,-1.695151321341658,-1.7454685258031364,-1.7681918866447774,-1.7681918866447774,-1.695151321341658,-1.6295521495106193,-1.687905071361761,-1.687905071361761,-1.6814535479687922,-1.6814535479687922,-1.6814535479687922,-1.687905071361761
9.586348670993175,router,ba:bd:de:13:68:55,-84,99.8047864286201,64,1.2008552926551295,19.34634462706158,0,0,3,-13,3,-15,2,-15,0,-13,-1,-12,-2,-14,-1,-13,-2,-11,-2,-10,-2,-12,-2,-12,-2,-12,-4,-12,-4,-11,-4,-12,-3,-12,-3,-12,-4,-11,-3,-11,-2,-12,-1,-11,-1,-11,0,-11,1,-10,1,-10,3,-10,0,0,0,0,0,0,0,0,0,0,0,0,0,0,0,0,0,0,0,0,0,0,2,-10,2,-11,2,-11,3,-10,4,-11,3,-11,2,-12,3,-12,4,-13,5,-13,6,-13,6,-13,6,-14,6,-13,7,-13,6,-14,5,-14,6,-14,7,-14,8,-13,6,-13,4,-15,4,-15,4,-14,5,-14,4,-14,0.0,13.341664064126334,15.297058540778355,15.132745950421556,13.0,12.041594578792296,14.142135623730951,13.038404810405298,11.180339887498949,10.198039027185569,12.165525060596439,12.165525060596439,12.165525060596439,12.649110640673518,11.704699910719626,12.649110640673518,12.36931687685298,12.36931687685298,11.704699910719626,11.40175425099138,12.165525060596439,11.045361017187261,11.045361017187261,11.0,10.04987562112089,10.04987562112089,10.44030650891055,0.0,0.0,0.0,0.0,0.0,0.0,0.0,0.0,0.0,0.0,0.0,10.198039027185569,11.180339887498949,11.180339887498949,10.44030650891055,11.704699910719626,11.40175425099138,12.165525060596439,12.36931687685298,13.601470508735444,13.92838827718412,14.317821063276353,14.317821063276353,15.231546211727817,14.317821063276353,14.7648230602334,15.231546211727817,14.866068747318506,15.231546211727817,15.652475842498529,15.264337522473747,14.317821063276353,15.524174696260024,15.524174696260024,14.560219778561036,14.866068747318506,14.560219778561036,0.0,-1.3439974787410107,-1.373400766945016,-1.4382447944982226,-1.5707963267948966,-1.6539375586833378,-1.7126933813990606,-1.6475682180646747,-1.750649826587375,-1.7681918866447774,-1.7359450042095235,-1.7359450042095235,-1.7359450042095235,-1.892546881191539,-1.9195673303788037,-1.892546881191539,-1.8157749899217608,-1.8157749899217608,-1.9195673303788037,-1.837048375945822,-1.7359450042095235,-1.6614562139956417,-1.6614562139956417,-1.5707963267948966,-1.4711276743037347,-1.4711276743037347,-1.2793395323170296,0.0,0.0,0.0,0.0,0.0,0.0,0.0,0.0,0.0,0.0,0.0,-1.373400766945016,-1.3909428270024184,-1.3909428270024184,-1.2793395323170296,-1.2220253232109897,-1.3045442776439713,-1.4056476493802699,-1.3258176636680326,-1.2722973952087173,-1.2036224929766774,-1.1383885512243588,-1.1383885512243588,-1.1659045405098132,-1.1383885512243588,-1.0768549578753155,-1.1659045405098132,-1.2277723863741932,-1.1659045405098132,-1.1071487177940904,-1.0191413442663497,-1.1383885512243588,-1.3101939350475555,-1.3101939350475555,-1.2924966677897853,-1.2277723863741932,-1.2924966677897853
9.698568140993302,router,ba:bd:de:13:68:55,-84,99.8047864286201,64,1.2080698514421477,19.296131982285846,0,0,-18,-3,-16,-2,-15,-1,-14,-1,-13,-1,-12,0,-11,1,-12,1,-11,1,-10,0,-9,-1,-8,0,-8,2,-8,2,-7,1,-8,-1,-8,0,-7,0,-6,0,-5,2,-5,3,-6,1,-6,1,-6,2,-5,0,-5,-1,0,0,0,0,0,0,0,0,0,0,0,0,0,0,0,0,0,0,0,0,0,0,-10,1,-11,2,-12,2,-11,0,-12,0,-13,1,-14,1,-15,0,-17,-1,-17,-2,-17,-2,-17,-2,-18,-2,-17,-2,-16,-2,-17,-3,-18,-2,-18,-1,-17,-2,-18,-3,-18,-3,-18,-2,-19,-2,-19,-3,-18,-4,-18,-4,0.0,18.24828759089466,16.1245154965971,15.033296378372908,14.035668847618199,13.038404810405298,12.0,11.045361017187261,12.041594578792296,11.045361017187261,10.0,9.055385138137417,8.0,8.246211251235321,8.246211251235321,7.0710678118654755,8.06225774829855,8.0,7.0,6.0,5.385164807134504,5.830951894845301,6.082762530298219,6.082762530298219,6.324555320336759,5.0,5.0990195135927845,0.0,0.0,0.0,0.0,0.0,0.0,0.0,0.0,0.0,0.0,0.0,10.04987562112089,11.180339887498949,12.165525060596439,11.0,12.0,13.038404810405298,14.035668847618199,15.0,17.029386365926403,17.11724276862369,17.11724276862369,17.11724276862369,18.110770276274835,17.11724276862369,16.1245154965971,17.26267650163207,18.110770276274835,18.027756377319946,17.11724276862369,18.24828759089466,18.24828759089466,18.110770276274835,19.1049731745428,19.235384061671343,18.439088914585774,18.439088914585774,0.0,-2.976443976175166,-3.017237659043032,-3.0750244898139694,-3.070285188804503,-3.064820762320015,3.141592653589793,3.050932766389048,3.058451421701352,3.050932766389048,3.141592653589793,-3.0309354324158977,3.141592653589793,2.896613990462929,2.896613990462929,2.999695598985629,-3.017237659043032,3.141592653589793,3.141592653589793,3.141592653589793,2.761086276477428,2.601173153319209,2.976443976175166,2.976443976175166,2.819842099193151,3.141592653589793,-2.9441970937399127,0.0,0.0,0.0,0.0,0.0,0.0,0.0,0.0,0.0,0.0,0.0,3.0419240010986313,2.961739153797315,2.976443976175166,3.141592653589793,3.141592653589793,3.064820762320015,3.070285188804503,3.141592653589793,-3.0828368308740703,-3.024483909022929,-3.024483909022929,-3.024483909022929,-3.0309354324158977,-3.024483909022929,-3.017237659043032,-2.9669204545815537,-3.0309354324158977,-3.0860941483440762,-3.024483909022929,-2.976443976175166,-2.976443976175166,-3.0309354324158977,-3.036715714859559,-2.984990776607778,-2.922923707715851,-2.922923707715851
9.802210714995454,router,ba:bd:de:13:68:55,-84,98.05260251787406,64,1.2176904552288637,19.283821848361626,0,0,-13,9,-12,8,-11,8,-9,7,-8,7,-9,7,-9,7,-7,7,-6,6,-6,5,-6,6,-5,6,-3,5,-2,5,-3,6,-3,6,-3,5,-2,5,-2,6,-2,6,-2,6,-1,6,-1,6,-1,5,-1,4,0,4,0,0,0,0,0,0,0,0,0,0,0,0,0,0,0,0,0,0,0,0,0,0,-3,10,-3,10,-4,12,-5,11,-6,10,-6,10,-7,11,-8,12,-8,12,-9,12,-11,12,-12,11,-11,10,-11,10,-11,10,-12,11,-12,12,-11,11,-10,11,-10,10,-12,10,-13,11,-13,11,-13,10,-12,10,-12,11,0.0,15.811388300841896,14.422205101855956,13.601470508735444,11.40175425099138,10.63014581273465,11.40175425099138,11.40175425099138,9.899494936611665,8.48528137423857,7.810249675906654,8.48528137423857,7.810249675906654,5.830951894845301,5.385164807134504,6.708203932499369,6.708203932499369,5.830951894845301,5.385164807134504,6.324555320336759,6.324555320336759,6.324555320336759,6.082762530298219,6.082762530298219,5.0990195135927845,4.123105625617661,4.0,0.0,0.0,0.0,0.0,0.0,0.0,0.0,0.0,0.0,0.0,0.0,10.44030650891055,10.44030650891055,12.649110640673518,12.083045973594572,11.661903789690601,11.661903789690601,13.038404810405298,14.422205101855956,14.422205101855956,15.0,16.278820596099706,16.278820596099706,14.866068747318506,14.866068747318506,14.866068747318506,16.278820596099706,16.97056274847714,15.556349186104045,14.866068747318506,14.142135623730951,15.620499351813308,17.029386365926403,17.029386365926403,16.401219466856727,15.620499351813308,16.278820596099706,0.0,2.5360479899848234,2.5535900500422257,2.5127963671743605,2.4805494847391065,2.4227626539681686,2.4805494847391065,2.4805494847391065,2.356194490192345,2.356194490192345,2.44685437739309,2.356194490192345,2.2655346029916,2.1112158270654806,1.9513027039072615,2.0344439357957027,2.0344439357957027,2.1112158270654806,1.9513027039072615,1.892546881191539,1.892546881191539,1.892546881191539,1.7359450042095235,1.7359450042095235,1.7681918866447774,1.8157749899217608,1.5707963267948966,0.0,0.0,0.0,0.0,0.0,0.0,0.0,0.0,0.0,0.0,0.0,1.8622531212727638,1.8622531212727638,1.892546881191539,1.9974238199217726,2.1112158270654806,2.1112158270654806,2.137525544318403,2.158798930342464,2.158798930342464,2.214297435588181,2.312743594800814,2.399645385583876,2.403777593469328,2.403777593469328,2.403777593469328,2.399645385583876,2.356194490192345,2.356194490192345,2.3086113869153615,2.356194490192345,2.44685437739309,2.439335722080786,2.439335722080786,2.485897027348257,2.44685437739309,2.399645385583876
9.905221367000195,router,ba:bd:de:13:68:55,-83,98.05260251787406,64,1.2248460919832636,19.287898655499927,0,0,-3,12,-2,14,-2,14,-2,13,0,12,0,12,0,11,-1,10,0,10,1,10,1,10,1,10,2,10,3,10,3,9,2,10,3,10,3,10,3,9,2,8,2,9,2,8,2,7,3,7,1,8,-1,9,0,0,0,0,0,0,0,0,0,0,0,0,0,0,0,0,0,0,0,0,0,0,0,11,-1,10,-2,11,-2,11,-3,12,-3,13,-3,13,-4,13,-5,13,-5,13,-5,13,-6,13,-7,13,-7,14,-6,14,-5,15,-5,15,-5,14,-5,14,-5,14,-6,15,-6,15,-5,15,-5,15,-5,15,-6,15,0.0,12.36931687685298,14.142135623730951,14.142135623730951,13.152946437965905,12.0,12.0,11.0,10.04987562112089,10.0,10.04987562112089,10.04987562112089,10.04987562112089,10.198039027185569,10.44030650891055,9.486832980505138,10.198039027185569,10.44030650891055,10.44030650891055,9.486832980505138,8.246211251235321,9.219544457292887,8.246211251235321,7.280109889280518,7.615773105863909,8.06225774829855,9.055385138137417,0.0,0.0,0.0,0.0,0.0,0.0,0.0,0.0,0.0,0.0,0.0,11.0,10.04987562112089,11.180339887498949,11.180339887498949,12.36931687685298,13.341664064126334,13.341664064126334,13.601470508735444,13.92838827718412,13.92838827718412,13.92838827718412,14.317821063276353,14.7648230602334,15.652475842498529,15.231546211727817,15.811388300841896,15.811388300841896,14.866068747318506,14.866068747318506,14.866068747318506,16.15549442140351,16.15549442140351,15.811388300841896,15.811388300841896,15.811388300841896,16.15549442140351,0.0,1.8157749899217608,1.7126933813990606,1.7126933813990606,1.7234456551901618,1.5707963267948966,1.5707963267948966,1.5707963267948966,1.6704649792860586,1.5707963267948966,1.4711276743037347,1.4711276743037347,1.4711276743037347,1.373400766945016,1.2793395323170296,1.2490457723982544,1.373400766945016,1.2793395323170296,1.2793395323170296,1.2490457723982544,1.3258176636680326,1.3521273809209546,1.3258176636680326,1.2924966677897853,1.1659045405098132,1.446441332248135,1.6814535479687922,0.0,0.0,0.0,0.0,0.0,0.0,0.0,0.0,0.0,0.0,0.0,1.5707963267948966,1.6704649792860586,1.750649826587375,1.750649826587375,1.8157749899217608,1.7975951748487824,1.7975951748487824,1.8692952583810758,1.9379701606131159,1.9379701606131159,1.9379701606131159,2.0032041023654346,2.0647376957144776,2.0344439357957027,1.97568811307998,1.892546881191539,1.892546881191539,1.9138202672156,1.9138202672156,1.9138202672156,1.9513027039072615,1.9513027039072615,1.892546881191539,1.892546881191539,1.892546881191539,1.9513027039072615
10.006848488999822,router,ba:bd:de:13:68:55,-82,98.05260251787406,64,1.2297889480812165,19.290375181279963,0,0,-19,-3,-18,-4,-16,-4,-14,-3,-14,-3,-14,-2,-13,-2,-12,-2,-12,-1,-11,0,-11,0,-11,1,-11,1,-10,0,-10,1,-10,3,-10,3,-11,2,-10,2,-9,1,-9,1,-9,1,-9,0,-9,0,-8,0,-7,0,0,0,0,0,0,0,0,0,0,0,0,0,0,0,0,0,0,0,0,0,0,0,-11,-2,-12,-3,-12,-3,-13,-2,-13,-2,-13,-4,-14,-5,-13,-5,-13,-6,-14,-7,-14,-8,-13,-8,-13,-7,-13,-7,-14,-7,-15,-7,-15,-7,-15,-7,-15,-7,-15,-7,-15,-6,-16,-6,-16,-7,-16,-6,-15,-5,-15,-5,0.0,19.235384061671343,18.439088914585774,16.492422502470642,14.317821063276353,14.317821063276353,14.142135623730951,13.152946437965905,12.165525060596439,12.041594578792296,11.0,11.0,11.045361017187261,11.045361017187261,10.0,10.04987562112089,10.44030650891055,10.44030650891055,11.180339887498949,10.198039027185569,9.055385138137417,9.055385138137417,9.055385138137417,9.0,9.0,8.0,7.0,0.0,0.0,0.0,0.0,0.0,0.0,0.0,0.0,0.0,0.0,0.0,11.180339887498949,12.36931687685298,12.36931687685298,13.152946437965905,13.152946437965905,13.601470508735444,14.866068747318506,13.92838827718412,14.317821063276353,15.652475842498529,16.1245154965971,15.264337522473747,14.7648230602334,14.7648230602334,15.652475842498529,16.55294535724685,16.55294535724685,16.55294535724685,16.55294535724685,16.55294535724685,16.15549442140351,17.08800749063506,17.46424919657298,17.08800749063506,15.811388300841896,15.811388300841896,0.0,-2.984990776607778,-2.922923707715851,-2.896613990462929,-2.930499320367047,-2.930499320367047,-2.999695598985629,-2.988943325194528,-2.976443976175166,-3.058451421701352,3.141592653589793,3.141592653589793,3.050932766389048,3.050932766389048,3.141592653589793,3.0419240010986313,2.8501358591119264,2.8501358591119264,2.961739153797315,2.9441970937399127,3.0309354324158977,3.0309354324158977,3.0309354324158977,3.141592653589793,3.141592653589793,3.141592653589793,3.141592653589793,0.0,0.0,0.0,0.0,0.0,0.0,0.0,0.0,0.0,0.0,0.0,-2.961739153797315,-2.896613990462929,-2.896613990462929,-2.988943325194528,-2.988943325194528,-2.843093722003614,-2.79856871316909,-2.774418819771574,-2.7091848780192556,-2.677945044588987,-2.62244653934327,-2.5899376710612465,-2.647651284670212,-2.647651284670212,-2.677945044588987,-2.704965493776252,-2.704965493776252,-2.704965493776252,-2.704965493776252,-2.704965493776252,-2.761086276477428,-2.782821983319221,-2.729182211992406,-2.782821983319221,-2.819842099193151,-2.819842099193151
10.121450980994268,router,ba:bd:de:13:68:55,-82,98.05260251787406,64,1.2325213176882235,19.281819678580423,0,0,-18,-4,-17,-4,-16,-3,-15,-3,-15,-3,-15,-2,-14,-2,-13,-2,-12,-2,-11,-2,-11,-1,-12,-1,-12,0,-13,0,-11,0,-10,-1,-10,-1,-10,-1,-9,0,-8,0,-8,-1,-8,-2,-8,-2,-9,-1,-9,-2,-8,-3,0,0,0,0,0,0,0,0,0,0,0,0,0,0,0,0,0,0,0,0,0,0,-6,1,-6,2,-9,2,-11,2,-11,1,-12,1,-13,1,-13,-1,-13,-1,-14,-1,-15,-2,-14,-1,-12,-1,-13,-3,-16,-2,-17,-3,-17,-3,-16,-4,-17,-4,-17,-4,-16,-4,-17,-5,-18,-4,-19,-3,-18,-3,-17,-3,0.0,18.439088914585774,17.46424919657298,16.278820596099706,15.297058540778355,15.297058540778355,15.132745950421556,14.142135623730951,13.152946437965905,12.165525060596439,11.180339887498949,11.045361017187261,12.041594578792296,12.0,13.0,11.0,10.04987562112089,10.04987562112089,10.04987562112089,9.0,8.0,8.06225774829855,8.246211251235321,8.246211251235321,9.055385138137417,9.219544457292887,8.54400374531753,0.0,0.0,0.0,0.0,0.0,0.0,0.0,0.0,0.0,0.0,0.0,6.082762530298219,6.324555320336759,9.219544457292887,11.180339887498949,11.045361017187261,12.041594578792296,13.038404810405298,13.038404810405298,13.038404810405298,14.035668847618199,15.132745950421556,14.035668847618199,12.041594578792296,13.341664064126334,16.1245154965971,17.26267650163207,17.26267650163207,16.492422502470642,17.46424919657298,17.46424919657298,16.492422502470642,17.72004514666935,18.439088914585774,19.235384061671343,18.24828759089466,17.26267650163207,0.0,-2.922923707715851,-2.9105019863938963,-2.9562447035940984,-2.9441970937399127,-2.9441970937399127,-3.0090411212931194,-2.999695598985629,-2.988943325194528,-2.976443976175166,-2.961739153797315,-3.050932766389048,-3.058451421701352,3.141592653589793,3.141592653589793,3.141592653589793,-3.0419240010986313,-3.0419240010986313,-3.0419240010986313,3.141592653589793,3.141592653589793,-3.017237659043032,-2.896613990462929,-2.896613990462929,-3.0309354324158977,-2.922923707715851,-2.782821983319221,0.0,0.0,0.0,0.0,0.0,0.0,0.0,0.0,0.0,0.0,0.0,2.976443976175166,2.819842099193151,2.922923707715851,2.961739153797315,3.050932766389048,3.058451421701352,3.064820762320015,-3.064820762320015,-3.064820762320015,-3.070285188804503,-3.0090411212931194,-3.070285188804503,-3.058451421701352,-2.9147938055359073,-3.017237659043032,-2.9669204545815537,-2.9669204545815537,-2.896613990462929,-2.9105019863938963,-2.9105019863938963,-2.896613990462929,-2.8555412118724752,-2.922923707715851,-2.984990776607778,-2.976443976175166,-2.9669204545815537
10.22601471300004,router,ba:bd:de:13:68:55,-83,98.05260251787406,64,1.2356664335740781,19.26842271579864,0,0,-10,-13,-10,-14,-9,-15,-8,-13,-8,-12,-9,-11,-9,-11,-9,-9,-8,-8,-9,-8,-9,-8,-9,-7,-8,-7,-9,-7,-9,-6,-9,-6,-9,-6,-9,-6,-8,-5,-8,-5,-8,-5,-7,-5,-6,-5,-6,-4,-7,-4,-8,-6,0,0,0,0,0,0,0,0,0,0,0,0,0,0,0,0,0,0,0,0,0,0,-5,-9,-5,-10,-5,-11,-5,-11,-6,-12,-7,-13,-7,-13,-6,-14,-6,-15,-5,-15,-4,-15,-5,-15,-5,-16,-5,-16,-5,-17,-5,-17,-5,-17,-5,-17,-5,-16,-5,-16,-5,-17,-6,-17,-7,-17,-9,-17,-9,-17,-8,-17,0.0,16.401219466856727,17.204650534085253,17.4928556845359,15.264337522473747,14.422205101855956,14.212670403551895,14.212670403551895,12.727922061357855,11.313708498984761,12.041594578792296,12.041594578792296,11.40175425099138,10.63014581273465,11.40175425099138,10.816653826391969,10.816653826391969,10.816653826391969,10.816653826391969,9.433981132056603,9.433981132056603,9.433981132056603,8.602325267042627,7.810249675906654,7.211102550927978,8.06225774829855,10.0,0.0,0.0,0.0,0.0,0.0,0.0,0.0,0.0,0.0,0.0,0.0,10.295630140987,11.180339887498949,12.083045973594572,12.083045973594572,13.416407864998739,14.7648230602334,14.7648230602334,15.231546211727817,16.15549442140351,15.811388300841896,15.524174696260024,15.811388300841896,16.76305461424021,16.76305461424021,17.72004514666935,17.72004514666935,17.72004514666935,17.72004514666935,16.76305461424021,16.76305461424021,17.72004514666935,18.027756377319946,18.384776310850235,19.235384061671343,19.235384061671343,18.788294228055936,0.0,-2.2264919530364327,-2.191045812777718,-2.1112158270654806,-2.1224513093234436,-2.158798930342464,-2.256525837701183,-2.256525837701183,-2.356194490192345,-2.356194490192345,-2.4149503129080676,-2.4149503129080676,-2.4805494847391065,-2.4227626539681686,-2.4805494847391065,-2.5535900500422257,-2.5535900500422257,-2.5535900500422257,-2.5535900500422257,-2.5829933382462307,-2.5829933382462307,-2.5829933382462307,-2.5213431676069717,-2.44685437739309,-2.5535900500422257,-2.62244653934327,-2.498091544796509,0.0,0.0,0.0,0.0,0.0,0.0,0.0,0.0,0.0,0.0,0.0,-2.0778948311872334,-2.0344439357957027,-1.9974238199217726,-1.9974238199217726,-2.0344439357957027,-2.0647376957144776,-2.0647376957144776,-1.97568811307998,-1.9513027039072615,-1.892546881191539,-1.8313987185422376,-1.892546881191539,-1.873681195169868,-1.873681195169868,-1.856847768512215,-1.856847768512215,-1.856847768512215,-1.856847768512215,-1.873681195169868,-1.873681195169868,-1.856847768512215,-1.9100889412489412,-1.9614033704925835,-2.0576955586061656,-2.0576955586061656,-2.0106389096106327
10.335508817996015,router,ba:bd:de:13:68:55,-82,98.05260251787406,64,1.2382166303405389,19.255889708708814,0,0,-16,2,-16,1,-16,0,-15,0,-14,1,-13,1,-13,1,-12,1,-12,2,-12,2,-11,3,-11,4,-10,4,-9,4,-8,4,-7,4,-7,5,-8,4,-9,3,-9,3,-8,3,-8,3,-8,4,-7,3,-6,3,-7,4,0,0,0,0,0,0,0,0,0,0,0,0,0,0,0,0,0,0,0,0,0,0,-10,3,-10,2,-10,1,-10,1,-12,2,-13,1,-13,-1,-13,0,-15,0,-16,-1,-15,-1,-15,-1,-16,-1,-16,0,-17,1,-17,0,-17,-1,-16,-1,-17,-1,-17,0,-17,0,-17,1,-17,1,-18,1,-18,0,-18,0,0.0,16.1245154965971,16.0312195418814,16.0,15.0,14.035668847618199,13.038404810405298,13.038404810405298,12.041594578792296,12.165525060596439,12.165525060596439,11.40175425099138,11.704699910719626,10.770329614269007,9.848857801796104,8.94427190999916,8.06225774829855,8.602325267042627,8.94427190999916,9.486832980505138,9.486832980505138,8.54400374531753,8.54400374531753,8.94427190999916,7.615773105863909,6.708203932499369,8.06225774829855,0.0,0.0,0.0,0.0,0.0,0.0,0.0,0.0,0.0,0.0,0.0,10.44030650891055,10.198039027185569,10.04987562112089,10.04987562112089,12.165525060596439,13.038404810405298,13.038404810405298,13.0,15.0,16.0312195418814,15.033296378372908,15.033296378372908,16.0312195418814,16.0,17.029386365926403,17.0,17.029386365926403,16.0312195418814,17.029386365926403,17.0,17.0,17.029386365926403,17.029386365926403,18.027756377319946,18.0,18.0,0.0,3.017237659043032,3.079173843593836,3.141592653589793,3.141592653589793,3.070285188804503,3.064820762320015,3.064820762320015,3.058451421701352,2.976443976175166,2.976443976175166,2.875340604438868,2.7928216500058864,2.761086276477428,2.723368324010564,2.677945044588987,2.62244653934327,2.5213431676069717,2.677945044588987,2.819842099193151,2.819842099193151,2.782821983319221,2.782821983319221,2.677945044588987,2.7367008673047097,2.677945044588987,2.62244653934327,0.0,0.0,0.0,0.0,0.0,0.0,0.0,0.0,0.0,0.0,0.0,2.8501358591119264,2.9441970937399127,3.0419240010986313,3.0419240010986313,2.976443976175166,3.064820762320015,-3.064820762320015,3.141592653589793,3.141592653589793,-3.079173843593836,-3.0750244898139694,-3.0750244898139694,-3.079173843593836,3.141592653589793,3.0828368308740703,3.141592653589793,-3.0828368308740703,-3.079173843593836,-3.0828368308740703,3.141592653589793,3.141592653589793,3.0828368308740703,3.0828368308740703,3.0860941483440762,3.141592653589793,3.141592653589793
10.436097868994693,router,ba:bd:de:13:68:55,-82,98.05260251787406,64,1.2401999296790813,19.24265441433885,0,0,-3,-18,-2,-17,-2,-16,-3,-16,-3,-15,-4,-15,-3,-13,-2,-12,-3,-11,-4,-10,-5,-10,-5,-10,-4,-9,-4,-9,-4,-9,-5,-9,-5,-8,-5,-8,-4,-8,-3,-7,-3,-7,-4,-7,-4,-7,-4,-7,-4,-6,-3,-4,0,0,0,0,0,0,0,0,0,0,0,0,0,0,0,0,0,0,0,0,0,0,-5,-8,-5,-11,-5,-12,-4,-13,-3,-14,-4,-14,-3,-14,-2,-14,-2,-14,-2,-14,-2,-15,-1,-13,-1,-13,-2,-14,-2,-15,-2,-16,-2,-17,-3,-16,-2,-17,-3,-17,-4,-18,-4,-18,-2,-18,-1,-17,-2,-18,-3,-19,0.0,18.24828759089466,17.11724276862369,16.1245154965971,16.278820596099706,15.297058540778355,15.524174696260024,13.341664064126334,12.165525060596439,11.40175425099138,10.770329614269007,11.180339887498949,11.180339887498949,9.848857801796104,9.848857801796104,9.848857801796104,10.295630140987,9.433981132056603,9.433981132056603,8.94427190999916,7.615773105863909,7.615773105863909,8.06225774829855,8.06225774829855,8.06225774829855,7.211102550927978,5.0,0.0,0.0,0.0,0.0,0.0,0.0,0.0,0.0,0.0,0.0,0.0,9.433981132056603,12.083045973594572,13.0,13.601470508735444,14.317821063276353,14.560219778561036,14.317821063276353,14.142135623730951,14.142135623730951,14.142135623730951,15.132745950421556,13.038404810405298,13.038404810405298,14.142135623730951,15.132745950421556,16.1245154965971,17.11724276862369,16.278820596099706,17.11724276862369,17.26267650163207,18.439088914585774,18.439088914585774,18.110770276274835,17.029386365926403,18.110770276274835,19.235384061671343,0.0,-1.7359450042095235,-1.687905071361761,-1.695151321341658,-1.7561442767905915,-1.7681918866447774,-1.8313987185422376,-1.7975951748487824,-1.7359450042095235,-1.837048375945822,-1.9513027039072615,-2.0344439357957027,-2.0344439357957027,-1.9890206563741257,-1.9890206563741257,-1.9890206563741257,-2.0778948311872334,-2.129395642138459,-2.129395642138459,-2.0344439357957027,-1.97568811307998,-1.97568811307998,-2.0899424410414196,-2.0899424410414196,-2.0899424410414196,-2.158798930342464,-2.214297435588181,0.0,0.0,0.0,0.0,0.0,0.0,0.0,0.0,0.0,0.0,0.0,-2.129395642138459,-1.9974238199217726,-1.965587446494658,-1.8692952583810758,-1.7818896600176433,-1.849095985800008,-1.7818896600176433,-1.7126933813990606,-1.7126933813990606,-1.7126933813990606,-1.7033478590915707,-1.6475682180646747,-1.6475682180646747,-1.7126933813990606,-1.7033478590915707,-1.695151321341658,-1.687905071361761,-1.7561442767905915,-1.687905071361761,-1.7454685258031364,-1.7894652726688385,-1.7894652726688385,-1.6814535479687922,-1.6295521495106193,-1.6814535479687922,-1.727398203776912
10.536284162997617,router,ba:bd:de:13:68:55,-84,98.05260251787406,64,1.2420212192766387,19.22207295968042,0,0,-9,-17,-9,-15,-8,-14,-8,-12,-7,-11,-8,-12,-8,-12,-8,-12,-8,-11,-8,-11,-8,-10,-8,-9,-8,-8,-7,-8,-7,-9,-8,-9,-8,-9,-6,-9,-6,-8,-6,-7,-6,-7,-6,-8,-6,-7,-5,-8,-4,-9,-2,-9,0,0,0,0,0,0,0,0,0,0,0,0,0,0,0,0,0,0,0,0,0,0,-8,-7,-8,-7,-8,-8,-8,-10,-7,-10,-7,-10,-7,-11,-8,-12,-8,-12,-9,-12,-8,-13,-7,-13,-6,-14,-6,-14,-7,-14,-8,-14,-8,-13,-8,-13,-8,-15,-8,-15,-9,-15,-8,-15,-8,-15,-9,-14,-10,-13,-9,-12,0.0,19.235384061671343,17.4928556845359,16.1245154965971,14.422205101855956,13.038404810405298,14.422205101855956,14.422205101855956,14.422205101855956,13.601470508735444,13.601470508735444,12.806248474865697,12.041594578792296,11.313708498984761,10.63014581273465,11.40175425099138,12.041594578792296,12.041594578792296,10.816653826391969,10.0,9.219544457292887,9.219544457292887,10.0,9.219544457292887,9.433981132056603,9.848857801796104,9.219544457292887,0.0,0.0,0.0,0.0,0.0,0.0,0.0,0.0,0.0,0.0,0.0,10.63014581273465,10.63014581273465,11.313708498984761,12.806248474865697,12.206555615733702,12.206555615733702,13.038404810405298,14.422205101855956,14.422205101855956,15.0,15.264337522473747,14.7648230602334,15.231546211727817,15.231546211727817,15.652475842498529,16.1245154965971,15.264337522473747,15.264337522473747,17.0,17.0,17.4928556845359,17.0,17.0,16.64331697709324,16.401219466856727,15.0,0.0,-2.0576955586061656,-2.1112158270654806,-2.0899424410414196,-2.158798930342464,-2.137525544318403,-2.158798930342464,-2.158798930342464,-2.158798930342464,-2.1995926132103296,-2.1995926132103296,-2.2455372690184494,-2.297438667476622,-2.356194490192345,-2.289626326416521,-2.2318394956455836,-2.297438667476622,-2.297438667476622,-2.158798930342464,-2.214297435588181,-2.279422598922567,-2.279422598922567,-2.214297435588181,-2.279422598922567,-2.129395642138459,-1.9890206563741257,-1.7894652726688385,0.0,0.0,0.0,0.0,0.0,0.0,0.0,0.0,0.0,0.0,0.0,-2.4227626539681686,-2.4227626539681686,-2.356194490192345,-2.2455372690184494,-2.1815222911841055,-2.1815222911841055,-2.137525544318403,-2.158798930342464,-2.158798930342464,-2.214297435588181,-2.1224513093234436,-2.0647376957144776,-1.97568811307998,-1.97568811307998,-2.0344439357957027,-2.0899424410414196,-2.1224513093234436,-2.1224513093234436,-2.060753653048625,-2.060753653048625,-2.1112158270654806,-2.060753653048625,-2.060753653048625,-2.1421338066285234,-2.2264919530364327,-2.214297435588181
10.646200286995736,router,ba:bd:de:13:68:55,-82,98.05260251787406,64,1.2438434356851142,19.188939760471534,0,0,-17,-9,-18,-9,-17,-7,-16,-6,-15,-5,-14,-5,-14,-4,-13,-4,-13,-3,-13,-2,-12,-2,-11,-2,-12,-2,-12,-1,-12,-1,-11,-1,-11,-2,-12,-2,-11,-1,-11,-2,-11,-2,-11,-1,-11,-2,-10,-2,-9,-3,-8,-5,0,0,0,0,0,0,0,0,0,0,0,0,0,0,0,0,0,0,0,0,0,0,-10,-3,-11,-3,-12,-4,-12,-4,-12,-5,-13,-7,-13,-7,-13,-6,-14,-7,-14,-8,-13,-9,-13,-9,-13,-10,-13,-10,-13,-9,-13,-10,-13,-10,-13,-10,-14,-9,-15,-8,-16,-9,-15,-10,-15,-9,-16,-9,-16,-9,-16,-9,0.0,19.235384061671343,20.12461179749811,18.384776310850235,17.08800749063506,15.811388300841896,14.866068747318506,14.560219778561036,13.601470508735444,13.341664064126334,13.152946437965905,12.165525060596439,11.180339887498949,12.165525060596439,12.041594578792296,12.041594578792296,11.045361017187261,11.180339887498949,12.165525060596439,11.045361017187261,11.180339887498949,11.180339887498949,11.045361017187261,11.180339887498949,10.198039027185569,9.486832980505138,9.433981132056603,0.0,0.0,0.0,0.0,0.0,0.0,0.0,0.0,0.0,0.0,0.0,10.44030650891055,11.40175425099138,12.649110640673518,12.649110640673518,13.0,14.7648230602334,14.7648230602334,14.317821063276353,15.652475842498529,16.1245154965971,15.811388300841896,15.811388300841896,16.401219466856727,16.401219466856727,15.811388300841896,16.401219466856727,16.401219466856727,16.401219466856727,16.64331697709324,17.0,18.35755975068582,18.027756377319946,17.4928556845359,18.35755975068582,18.35755975068582,18.35755975068582,0.0,-2.654693421778524,-2.677945044588987,-2.7509856098921066,-2.782821983319221,-2.819842099193151,-2.79856871316909,-2.8632929945846817,-2.843093722003614,-2.9147938055359073,-2.988943325194528,-2.976443976175166,-2.961739153797315,-2.976443976175166,-3.058451421701352,-3.058451421701352,-3.050932766389048,-2.961739153797315,-2.976443976175166,-3.050932766389048,-2.961739153797315,-2.961739153797315,-3.050932766389048,-2.961739153797315,-2.9441970937399127,-2.819842099193151,-2.5829933382462307,0.0,0.0,0.0,0.0,0.0,0.0,0.0,0.0,0.0,0.0,0.0,-2.8501358591119264,-2.875340604438868,-2.819842099193151,-2.819842099193151,-2.746801533890032,-2.647651284670212,-2.647651284670212,-2.7091848780192556,-2.677945044588987,-2.62244653934327,-2.5360479899848234,-2.5360479899848234,-2.485897027348257,-2.485897027348257,-2.5360479899848234,-2.485897027348257,-2.485897027348257,-2.485897027348257,-2.5702551737561663,-2.651635327336065,-2.6292031932790554,-2.5535900500422257,-2.601173153319209,-2.6292031932790554,-2.6292031932790554,-2.6292031932790554
10.755653551997966,router,ba:bd:de:13:68:55,-83,98.05260251787406,64,1.2439941759985618,19.149902062195807,0,0,1,16,0,15,1,15,1,13,2,13,2,12,2,12,3,11,3,11,3,11,4,10,4,9,4,8,3,8,3,8,4,7,5,7,5,7,5,6,5,7,4,7,4,7,4,6,3,7,2,7,2,8,0,0,0,0,0,0,0,0,0,0,0,0,0,0,0,0,0,0,0,0,0,0,2,9,2,9,2,10,1,11,0,12,0,13,-1,13,-1,12,-1,13,0,14,0,15,-1,14,-2,13,-1,14,-1,16,-2,15,-1,15,-2,15,-1,15,0,16,0,17,0,17,1,18,1,18,0,18,0,18,0.0,16.0312195418814,15.0,15.033296378372908,13.038404810405298,13.152946437965905,12.165525060596439,12.165525060596439,11.40175425099138,11.40175425099138,11.40175425099138,10.770329614269007,9.848857801796104,8.94427190999916,8.54400374531753,8.54400374531753,8.06225774829855,8.602325267042627,8.602325267042627,7.810249675906654,8.602325267042627,8.06225774829855,8.06225774829855,7.211102550927978,7.615773105863909,7.280109889280518,8.246211251235321,0.0,0.0,0.0,0.0,0.0,0.0,0.0,0.0,0.0,0.0,0.0,9.219544457292887,9.219544457292887,10.198039027185569,11.045361017187261,12.0,13.0,13.038404810405298,12.041594578792296,13.038404810405298,14.0,15.0,14.035668847618199,13.152946437965905,14.035668847618199,16.0312195418814,15.132745950421556,15.033296378372908,15.132745950421556,15.033296378372908,16.0,17.0,17.0,18.027756377319946,18.027756377319946,18.0,18.0,0.0,1.5083775167989393,1.5707963267948966,1.5042281630190728,1.4940244355251187,1.4181469983996315,1.4056476493802699,1.4056476493802699,1.3045442776439713,1.3045442776439713,1.3045442776439713,1.1902899496825317,1.1525719972156676,1.1071487177940904,1.2120256565243244,1.2120256565243244,1.0516502125483738,0.9505468408120752,0.9505468408120752,0.8760580505981934,0.9505468408120752,1.0516502125483738,1.0516502125483738,0.982793723247329,1.1659045405098132,1.2924966677897853,1.3258176636680326,0.0,0.0,0.0,0.0,0.0,0.0,0.0,0.0,0.0,0.0,0.0,1.3521273809209546,1.3521273809209546,1.373400766945016,1.4801364395941514,1.5707963267948966,1.5707963267948966,1.6475682180646747,1.6539375586833378,1.6475682180646747,1.5707963267948966,1.5707963267948966,1.642103791580187,1.7234456551901618,1.642103791580187,1.633215136790854,1.7033478590915707,1.6373644905707205,1.7033478590915707,1.6373644905707205,1.5707963267948966,1.5707963267948966,1.5707963267948966,1.5152978215491797,1.5152978215491797,1.5707963267948966,1.5707963267948966
10.856375499999558,router,ba:bd:de:13:68:55,-82,101.1210813465507,64,1.245044403995807,19.073837501501913,0,0,-13,10,-14,9,-13,8,-10,7,-10,7,-11,8,-11,8,-10,8,-9,7,-8,8,-7,9,-7,8,-7,6,-7,7,-7,7,-7,7,-7,8,-7,8,-6,8,-6,7,-6,7,-7,6,-7,5,-6,5,-5,5,-4,6,0,0,0,0,0,0,0,0,0,0,0,0,0,0,0,0,0,0,0,0,0,0,-8,7,-8,6,-9,6,-12,8,-15,9,-13,8,-11,7,-12,7,-13,6,-13,6,-14,7,-14,6,-13,6,-13,6,-13,5,-13,5,-13,5,-14,5,-14,6,-13,6,-14,8,-14,9,-14,9,-14,9,-14,10,-14,9,0.0,16.401219466856727,16.64331697709324,15.264337522473747,12.206555615733702,12.206555615733702,13.601470508735444,13.601470508735444,12.806248474865697,11.40175425099138,11.313708498984761,11.40175425099138,10.63014581273465,9.219544457292887,9.899494936611665,9.899494936611665,9.899494936611665,10.63014581273465,10.63014581273465,10.0,9.219544457292887,9.219544457292887,9.219544457292887,8.602325267042627,7.810249675906654,7.0710678118654755,7.211102550927978,0.0,0.0,0.0,0.0,0.0,0.0,0.0,0.0,0.0,0.0,0.0,10.63014581273465,10.0,10.816653826391969,14.422205101855956,17.4928556845359,15.264337522473747,13.038404810405298,13.892443989449804,14.317821063276353,14.317821063276353,15.652475842498529,15.231546211727817,14.317821063276353,14.317821063276353,13.92838827718412,13.92838827718412,13.92838827718412,14.866068747318506,15.231546211727817,14.317821063276353,16.1245154965971,16.64331697709324,16.64331697709324,16.64331697709324,17.204650534085253,16.64331697709324,0.0,2.485897027348257,2.5702551737561663,2.5899376710612465,2.5308666892005847,2.5308666892005847,2.5127963671743605,2.5127963671743605,2.4668517113662407,2.4805494847391065,2.356194490192345,2.2318394956455836,2.289626326416521,2.432966381462123,2.356194490192345,2.356194490192345,2.356194490192345,2.289626326416521,2.289626326416521,2.214297435588181,2.279422598922567,2.279422598922567,2.432966381462123,2.5213431676069717,2.44685437739309,2.356194490192345,2.158798930342464,0.0,0.0,0.0,0.0,0.0,0.0,0.0,0.0,0.0,0.0,0.0,2.4227626539681686,2.498091544796509,2.5535900500422257,2.5535900500422257,2.601173153319209,2.5899376710612465,2.5748634360662868,2.6135182051634334,2.7091848780192556,2.7091848780192556,2.677945044588987,2.7367008673047097,2.7091848780192556,2.7091848780192556,2.774418819771574,2.774418819771574,2.774418819771574,2.79856871316909,2.7367008673047097,2.7091848780192556,2.62244653934327,2.5702551737561663,2.5702551737561663,2.5702551737561663,2.5213431676069717,2.5702551737561663
10.96596534299897,router,ba:bd:de:13:68:55,-81,101.1210813465507,64,1.2447802798032905,19.001664745478852,0,0,-17,-4,-18,-4,-18,-4,-16,-4,-16,-3,-16,-2,-15,-2,-15,-2,-15,-2,-14,-2,-13,-2,-12,-1,-12,0,-13,0,-12,0,-12,0,-13,0,-13,-1,-11,-2,-11,-2,-12,-2,-12,-2,-11,-3,-11,-3,-11,-3,-10,-3,0,0,0,0,0,0,0,0,0,0,0,0,0,0,0,0,0,0,0,0,0,0,-8,-1,-9,-1,-10,-2,-11,-3,-10,-3,-11,-3,-11,-4,-11,-5,-13,-6,-13,-6,-14,-6,-14,-6,-13,-6,-13,-6,-13,-7,-14,-7,-15,-8,-16,-7,-16,-8,-15,-8,-16,-7,-16,-6,-16,-6,-16,-6,-17,-7,-17,-7,0.0,17.46424919657298,18.439088914585774,18.439088914585774,16.492422502470642,16.278820596099706,16.1245154965971,15.132745950421556,15.132745950421556,15.132745950421556,14.142135623730951,13.152946437965905,12.041594578792296,12.0,13.0,12.0,12.0,13.0,13.038404810405298,11.180339887498949,11.180339887498949,12.165525060596439,12.165525060596439,11.40175425099138,11.40175425099138,11.40175425099138,10.44030650891055,0.0,0.0,0.0,0.0,0.0,0.0,0.0,0.0,0.0,0.0,0.0,8.06225774829855,9.055385138137417,10.198039027185569,11.40175425099138,10.44030650891055,11.40175425099138,11.704699910719626,12.083045973594572,14.317821063276353,14.317821063276353,15.231546211727817,15.231546211727817,14.317821063276353,14.317821063276353,14.7648230602334,15.652475842498529,17.0,17.46424919657298,17.88854381999832,17.0,17.46424919657298,17.08800749063506,17.08800749063506,17.08800749063506,18.384776310850235,18.384776310850235,0.0,-2.9105019863938963,-2.922923707715851,-2.922923707715851,-2.896613990462929,-2.9562447035940984,-3.017237659043032,-3.0090411212931194,-3.0090411212931194,-3.0090411212931194,-2.999695598985629,-2.988943325194528,-3.058451421701352,3.141592653589793,3.141592653589793,3.141592653589793,3.141592653589793,3.141592653589793,-3.064820762320015,-2.961739153797315,-2.961739153797315,-2.976443976175166,-2.976443976175166,-2.875340604438868,-2.875340604438868,-2.875340604438868,-2.8501358591119264,0.0,0.0,0.0,0.0,0.0,0.0,0.0,0.0,0.0,0.0,0.0,-3.017237659043032,-3.0309354324158977,-2.9441970937399127,-2.875340604438868,-2.8501358591119264,-2.875340604438868,-2.7928216500058864,-2.714965160462917,-2.7091848780192556,-2.7091848780192556,-2.7367008673047097,-2.7367008673047097,-2.7091848780192556,-2.7091848780192556,-2.647651284670212,-2.677945044588987,-2.651635327336065,-2.729182211992406,-2.677945044588987,-2.651635327336065,-2.729182211992406,-2.782821983319221,-2.782821983319221,-2.782821983319221,-2.7509856098921066,-2.7509856098921066
11.068609531997936,router,ba:bd:de:13:68:55,-84,101.1210813465507,64,1.2444455467915636,18.939381060458487,0,0,-10,-14,-10,-15,-10,-14,-9,-14,-8,-13,-9,-10,-9,-9,-9,-10,-9,-9,-8,-9,-8,-8,-9,-7,-9,-7,-9,-7,-9,-6,-8,-6,-8,-6,-8,-5,-8,-5,-8,-5,-7,-5,-6,-5,-5,-4,-6,-5,-6,-6,-4,-7,0,0,0,0,0,0,0,0,0,0,0,0,0,0,0,0,0,0,0,0,0,0,-8,-8,-7,-8,-7,-9,-8,-10,-9,-10,-8,-11,-8,-11,-8,-11,-7,-13,-6,-14,-6,-14,-7,-13,-7,-14,-8,-15,-8,-15,-8,-15,-7,-15,-7,-14,-7,-14,-7,-14,-8,-14,-8,-15,-9,-15,-10,-14,-10,-14,-10,-14,0.0,17.204650534085253,18.027756377319946,17.204650534085253,16.64331697709324,15.264337522473747,13.45362404707371,12.727922061357855,13.45362404707371,12.727922061357855,12.041594578792296,11.313708498984761,11.40175425099138,11.40175425099138,11.40175425099138,10.816653826391969,10.0,10.0,9.433981132056603,9.433981132056603,9.433981132056603,8.602325267042627,7.810249675906654,6.4031242374328485,7.810249675906654,8.48528137423857,8.06225774829855,0.0,0.0,0.0,0.0,0.0,0.0,0.0,0.0,0.0,0.0,0.0,11.313708498984761,10.63014581273465,11.40175425099138,12.806248474865697,13.45362404707371,13.601470508735444,13.601470508735444,13.601470508735444,14.7648230602334,15.231546211727817,15.231546211727817,14.7648230602334,15.652475842498529,17.0,17.0,17.0,16.55294535724685,15.652475842498529,15.652475842498529,15.652475842498529,16.1245154965971,17.0,17.4928556845359,17.204650534085253,17.204650534085253,17.204650534085253,0.0,-2.191045812777718,-2.158798930342464,-2.191045812777718,-2.1421338066285234,-2.1224513093234436,-2.3036114285814033,-2.356194490192345,-2.3036114285814033,-2.356194490192345,-2.297438667476622,-2.356194490192345,-2.4805494847391065,-2.4805494847391065,-2.4805494847391065,-2.5535900500422257,-2.498091544796509,-2.498091544796509,-2.5829933382462307,-2.5829933382462307,-2.5829933382462307,-2.5213431676069717,-2.44685437739309,-2.4668517113662407,-2.44685437739309,-2.356194490192345,-2.0899424410414196,0.0,0.0,0.0,0.0,0.0,0.0,0.0,0.0,0.0,0.0,0.0,-2.356194490192345,-2.289626326416521,-2.2318394956455836,-2.2455372690184494,-2.3036114285814033,-2.1995926132103296,-2.1995926132103296,-2.1995926132103296,-2.0647376957144776,-1.97568811307998,-1.97568811307998,-2.0647376957144776,-2.0344439357957027,-2.060753653048625,-2.060753653048625,-2.060753653048625,-2.007423486608438,-2.0344439357957027,-2.0344439357957027,-2.0344439357957027,-2.0899424410414196,-2.060753653048625,-2.1112158270654806,-2.191045812777718,-2.191045812777718,-2.191045812777718
11.17535353799758,router,ba:bd:de:13:68:55,-84,101.1210813465507,64,1.2455702195842335,18.8850130354583,0,0,6,-12,6,-11,6,-10,6,-11,6,-10,5,-10,5,-11,4,-11,3,-10,2,-9,2,-9,2,-9,2,-10,1,-9,1,-8,1,-9,2,-10,2,-10,2,-10,2,-10,1,-8,0,-7,0,-8,1,-8,1,-9,1,-9,0,0,0,0,0,0,0,0,0,0,0,0,0,0,0,0,0,0,0,0,0,0,2,-12,3,-11,4,-12,3,-13,4,-13,5,-13,6,-14,6,-14,6,-14,6,-15,7,-15,8,-13,8,-12,8,-13,8,-13,9,-12,9,-12,10,-14,9,-15,9,-15,9,-15,10,-15,10,-15,10,-15,8,-15,7,-15,0.0,13.416407864998739,12.529964086141668,11.661903789690601,12.529964086141668,11.661903789690601,11.180339887498949,12.083045973594572,11.704699910719626,10.44030650891055,9.219544457292887,9.219544457292887,9.219544457292887,10.198039027185569,9.055385138137417,8.06225774829855,9.055385138137417,10.198039027185569,10.198039027185569,10.198039027185569,10.198039027185569,8.06225774829855,7.0,8.0,8.06225774829855,9.055385138137417,9.055385138137417,0.0,0.0,0.0,0.0,0.0,0.0,0.0,0.0,0.0,0.0,0.0,12.165525060596439,11.40175425099138,12.649110640673518,13.341664064126334,13.601470508735444,13.92838827718412,15.231546211727817,15.231546211727817,15.231546211727817,16.15549442140351,16.55294535724685,15.264337522473747,14.422205101855956,15.264337522473747,15.264337522473747,15.0,15.0,17.204650534085253,17.4928556845359,17.4928556845359,17.4928556845359,18.027756377319946,18.027756377319946,18.027756377319946,17.0,16.55294535724685,0.0,-1.1071487177940904,-1.0714496051147666,-1.0303768265243125,-1.0714496051147666,-1.0303768265243125,-1.1071487177940904,-1.1441688336680205,-1.2220253232109897,-1.2793395323170296,-1.3521273809209546,-1.3521273809209546,-1.3521273809209546,-1.373400766945016,-1.460139105621001,-1.446441332248135,-1.460139105621001,-1.373400766945016,-1.373400766945016,-1.373400766945016,-1.373400766945016,-1.446441332248135,-1.5707963267948966,-1.5707963267948966,-1.446441332248135,-1.460139105621001,-1.460139105621001,0.0,0.0,0.0,0.0,0.0,0.0,0.0,0.0,0.0,0.0,0.0,-1.4056476493802699,-1.3045442776439713,-1.2490457723982544,-1.3439974787410107,-1.2722973952087173,-1.2036224929766774,-1.1659045405098132,-1.1659045405098132,-1.1659045405098132,-1.1902899496825317,-1.1341691669813554,-1.0191413442663497,-0.982793723247329,-1.0191413442663497,-1.0191413442663497,-0.9272952180016122,-0.9272952180016122,-0.9505468408120752,-1.0303768265243125,-1.0303768265243125,-1.0303768265243125,-0.982793723247329,-0.982793723247329,-0.982793723247329,-1.0808390005411683,-1.1341691669813554
11.275400897997315,router,ba:bd:de:13:68:55,-83,101.1210813465507,64,1.2459718246455478,18.831664010888037,0,0,7,-15,8,-16,9,-15,8,-13,7,-12,6,-12,5,-13,4,-12,3,-11,2,-11,2,-11,2,-12,1,-13,1,-12,2,-10,1,-9,1,-10,1,-11,1,-10,1,-9,0,-10,0,-10,0,-10,2,-9,2,-8,1,-8,0,0,0,0,0,0,0,0,0,0,0,0,0,0,0,0,0,0,0,0,0,0,2,-10,3,-11,3,-11,4,-10,5,-10,6,-10,6,-10,7,-11,6,-12,6,-12,8,-12,9,-12,9,-13,9,-13,9,-13,8,-14,9,-14,9,-13,9,-13,9,-14,9,-14,8,-14,9,-14,9,-13,9,-13,8,-14,0.0,16.55294535724685,17.88854381999832,17.4928556845359,15.264337522473747,13.892443989449804,13.416407864998739,13.92838827718412,12.649110640673518,11.40175425099138,11.180339887498949,11.180339887498949,12.165525060596439,13.038404810405298,12.041594578792296,10.198039027185569,9.055385138137417,10.04987562112089,11.045361017187261,10.04987562112089,9.055385138137417,10.0,10.0,10.0,9.219544457292887,8.246211251235321,8.06225774829855,0.0,0.0,0.0,0.0,0.0,0.0,0.0,0.0,0.0,0.0,0.0,10.198039027185569,11.40175425099138,11.40175425099138,10.770329614269007,11.180339887498949,11.661903789690601,11.661903789690601,13.038404810405298,13.416407864998739,13.416407864998739,14.422205101855956,15.0,15.811388300841896,15.811388300841896,15.811388300841896,16.1245154965971,16.64331697709324,15.811388300841896,15.811388300841896,16.64331697709324,16.64331697709324,16.1245154965971,16.64331697709324,15.811388300841896,15.811388300841896,16.1245154965971,0.0,-1.1341691669813554,-1.1071487177940904,-1.0303768265243125,-1.0191413442663497,-1.042721878368537,-1.1071487177940904,-1.2036224929766774,-1.2490457723982544,-1.3045442776439713,-1.3909428270024184,-1.3909428270024184,-1.4056476493802699,-1.4940244355251187,-1.4876550949064553,-1.373400766945016,-1.460139105621001,-1.4711276743037347,-1.4801364395941514,-1.4711276743037347,-1.460139105621001,-1.5707963267948966,-1.5707963267948966,-1.5707963267948966,-1.3521273809209546,-1.3258176636680326,-1.446441332248135,0.0,0.0,0.0,0.0,0.0,0.0,0.0,0.0,0.0,0.0,0.0,-1.373400766945016,-1.3045442776439713,-1.3045442776439713,-1.1902899496825317,-1.1071487177940904,-1.0303768265243125,-1.0303768265243125,-1.0040671092713902,-1.1071487177940904,-1.1071487177940904,-0.982793723247329,-0.9272952180016122,-0.9652516631899266,-0.9652516631899266,-0.9652516631899266,-1.0516502125483738,-0.9994588469612699,-0.9652516631899266,-0.9652516631899266,-0.9994588469612699,-0.9994588469612699,-1.0516502125483738,-0.9994588469612699,-0.9652516631899266,-0.9652516631899266,-1.0516502125483738
11.402244572993368,router,ba:bd:de:13:68:55,-85,101.1210813465507,64,1.2464953483578405,18.76663969775818,0,0,5,-13,5,-13,4,-13,3,-12,2,-10,3,-10,1,-12,0,-12,0,-11,-1,-11,0,-13,1,-13,0,-12,-1,-10,-1,-10,-2,-11,-1,-11,1,-11,1,-12,1,-12,1,-12,1,-12,1,-12,0,-10,2,-10,4,-10,0,0,0,0,0,0,0,0,0,0,0,0,0,0,0,0,0,0,0,0,0,0,1,-9,0,-10,0,-11,2,-11,4,-11,3,-13,3,-13,4,-13,5,-12,5,-13,6,-13,8,-12,9,-13,9,-13,7,-13,7,-13,7,-13,6,-14,6,-13,7,-13,8,-12,8,-13,8,-14,7,-14,8,-13,8,-14,0.0,13.92838827718412,13.92838827718412,13.601470508735444,12.36931687685298,10.198039027185569,10.44030650891055,12.041594578792296,12.0,11.0,11.045361017187261,13.0,13.038404810405298,12.0,10.04987562112089,10.04987562112089,11.180339887498949,11.045361017187261,11.045361017187261,12.041594578792296,12.041594578792296,12.041594578792296,12.041594578792296,12.041594578792296,10.0,10.198039027185569,10.770329614269007,0.0,0.0,0.0,0.0,0.0,0.0,0.0,0.0,0.0,0.0,0.0,9.055385138137417,10.0,11.0,11.180339887498949,11.704699910719626,13.341664064126334,13.341664064126334,13.601470508735444,13.0,13.92838827718412,14.317821063276353,14.422205101855956,15.811388300841896,15.811388300841896,14.7648230602334,14.7648230602334,14.7648230602334,15.231546211727817,14.317821063276353,14.7648230602334,14.422205101855956,15.264337522473747,16.1245154965971,15.652475842498529,15.264337522473747,16.1245154965971,0.0,-1.2036224929766774,-1.2036224929766774,-1.2722973952087173,-1.3258176636680326,-1.373400766945016,-1.2793395323170296,-1.4876550949064553,-1.5707963267948966,-1.5707963267948966,-1.6614562139956417,-1.5707963267948966,-1.4940244355251187,-1.5707963267948966,-1.6704649792860586,-1.6704649792860586,-1.750649826587375,-1.6614562139956417,-1.4801364395941514,-1.4876550949064553,-1.4876550949064553,-1.4876550949064553,-1.4876550949064553,-1.4876550949064553,-1.5707963267948966,-1.373400766945016,-1.1902899496825317,0.0,0.0,0.0,0.0,0.0,0.0,0.0,0.0,0.0,0.0,0.0,-1.460139105621001,-1.5707963267948966,-1.5707963267948966,-1.3909428270024184,-1.2220253232109897,-1.3439974787410107,-1.3439974787410107,-1.2722973952087173,-1.176005207095135,-1.2036224929766774,-1.1383885512243588,-0.982793723247329,-0.9652516631899266,-0.9652516631899266,-1.0768549578753155,-1.0768549578753155,-1.0768549578753155,-1.1659045405098132,-1.1383885512243588,-1.0768549578753155,-0.982793723247329,-1.0191413442663497,-1.0516502125483738,-1.1071487177940904,-1.0191413442663497,-1.0516502125483738
11.505010438995669,router,ba:bd:de:13:68:55,-82,101.1210813465507,64,1.2470205302045532,18.69733663116584,0,0,5,15,5,14,5,14,5,13,5,13,5,12,5,11,4,10,3,10,4,9,5,8,6,9,6,8,6,7,6,7,6,8,6,8,5,8,6,8,6,8,4,7,3,7,3,7,3,7,2,8,0,9,0,0,0,0,0,0,0,0,0,0,0,0,0,0,0,0,0,0,0,0,0,0,6,8,6,8,7,9,7,10,6,11,5,11,5,13,5,13,5,13,5,13,4,14,4,15,4,15,3,14,3,15,4,15,4,14,4,14,3,14,4,14,4,15,4,17,4,17,5,16,5,16,6,16,0.0,15.811388300841896,14.866068747318506,14.866068747318506,13.92838827718412,13.92838827718412,13.0,12.083045973594572,10.770329614269007,10.44030650891055,9.848857801796104,9.433981132056603,10.816653826391969,10.0,9.219544457292887,9.219544457292887,10.0,10.0,9.433981132056603,10.0,10.0,8.06225774829855,7.615773105863909,7.615773105863909,7.615773105863909,8.246211251235321,9.0,0.0,0.0,0.0,0.0,0.0,0.0,0.0,0.0,0.0,0.0,0.0,10.0,10.0,11.40175425099138,12.206555615733702,12.529964086141668,12.083045973594572,13.92838827718412,13.92838827718412,13.92838827718412,13.92838827718412,14.560219778561036,15.524174696260024,15.524174696260024,14.317821063276353,15.297058540778355,15.524174696260024,14.560219778561036,14.560219778561036,14.317821063276353,14.560219778561036,15.524174696260024,17.46424919657298,17.46424919657298,16.76305461424021,16.76305461424021,17.08800749063506,0.0,1.2490457723982544,1.2277723863741932,1.2277723863741932,1.2036224929766774,1.2036224929766774,1.176005207095135,1.1441688336680205,1.1902899496825317,1.2793395323170296,1.1525719972156676,1.0121970114513341,0.982793723247329,0.9272952180016122,0.8621700546672264,0.8621700546672264,0.9272952180016122,0.9272952180016122,1.0121970114513341,0.9272952180016122,0.9272952180016122,1.0516502125483738,1.1659045405098132,1.1659045405098132,1.1659045405098132,1.3258176636680326,1.5707963267948966,0.0,0.0,0.0,0.0,0.0,0.0,0.0,0.0,0.0,0.0,0.0,0.9272952180016122,0.9272952180016122,0.9097531579442097,0.960070362405688,1.0714496051147666,1.1441688336680205,1.2036224929766774,1.2036224929766774,1.2036224929766774,1.2036224929766774,1.2924966677897853,1.3101939350475555,1.3101939350475555,1.35970299357215,1.373400766945016,1.3101939350475555,1.2924966677897853,1.2924966677897853,1.35970299357215,1.2924966677897853,1.3101939350475555,1.3397056595989996,1.3397056595989996,1.2679114584199251,1.2679114584199251,1.2120256565243244
11.605363950999163,router,ba:bd:de:13:68:55,-83,101.1210813465507,64,1.2478827210768113,18.627524266608972,0,0,-12,4,-14,5,-14,6,-14,6,-13,5,-11,5,-10,6,-10,6,-10,6,-9,5,-9,5,-8,5,-7,6,-6,7,-6,7,-6,7,-6,7,-6,6,-6,6,-6,7,-6,8,-6,7,-5,6,-6,5,-7,5,-10,6,0,0,0,0,0,0,0,0,0,0,0,0,0,0,0,0,0,0,0,0,0,0,-10,5,-11,5,-10,5,-11,5,-12,5,-12,5,-12,6,-14,5,-14,4,-15,4,-14,4,-14,3,-15,2,-15,2,-15,2,-16,3,-16,3,-17,3,-17,4,-17,4,-16,3,-15,4,-16,5,-16,4,-16,4,-15,4,0.0,12.649110640673518,14.866068747318506,15.231546211727817,15.231546211727817,13.92838827718412,12.083045973594572,11.661903789690601,11.661903789690601,11.661903789690601,10.295630140987,10.295630140987,9.433981132056603,9.219544457292887,9.219544457292887,9.219544457292887,9.219544457292887,9.219544457292887,8.48528137423857,8.48528137423857,9.219544457292887,10.0,9.219544457292887,7.810249675906654,7.810249675906654,8.602325267042627,11.661903789690601,0.0,0.0,0.0,0.0,0.0,0.0,0.0,0.0,0.0,0.0,0.0,11.180339887498949,12.083045973594572,11.180339887498949,12.083045973594572,13.0,13.0,13.416407864998739,14.866068747318506,14.560219778561036,15.524174696260024,14.560219778561036,14.317821063276353,15.132745950421556,15.132745950421556,15.132745950421556,16.278820596099706,16.278820596099706,17.26267650163207,17.46424919657298,17.46424919657298,16.278820596099706,15.524174696260024,16.76305461424021,16.492422502470642,16.492422502470642,15.524174696260024,0.0,2.819842099193151,2.79856871316909,2.7367008673047097,2.7367008673047097,2.774418819771574,2.714965160462917,2.601173153319209,2.601173153319209,2.601173153319209,2.6344941491974563,2.6344941491974563,2.5829933382462307,2.432966381462123,2.279422598922567,2.279422598922567,2.279422598922567,2.279422598922567,2.356194490192345,2.356194490192345,2.279422598922567,2.214297435588181,2.279422598922567,2.2655346029916,2.44685437739309,2.5213431676069717,2.601173153319209,0.0,0.0,0.0,0.0,0.0,0.0,0.0,0.0,0.0,0.0,0.0,2.677945044588987,2.714965160462917,2.677945044588987,2.714965160462917,2.746801533890032,2.746801533890032,2.677945044588987,2.79856871316909,2.8632929945846817,2.8809902618424523,2.8632929945846817,2.930499320367047,3.0090411212931194,3.0090411212931194,3.0090411212931194,2.9562447035940984,2.9562447035940984,2.9669204545815537,2.9105019863938963,2.9105019863938963,2.9562447035940984,2.8809902618424523,2.838707785214822,2.896613990462929,2.896613990462929,2.8809902618424523
11.7059383589949,router,ba:bd:de:13:68:55,-85,101.1210813465507,64,1.2489398341132039,18.559514312361486,0,0,-14,-7,-15,-7,-15,-6,-13,-4,-12,-3,-12,-3,-11,-2,-11,-2,-10,-1,-10,-1,-10,0,-10,0,-11,0,-11,0,-10,0,-9,0,-9,1,-10,1,-11,2,-11,2,-12,2,-11,1,-10,1,-10,0,-10,0,-10,0,0,0,0,0,0,0,0,0,0,0,0,0,0,0,0,0,0,0,0,0,0,0,-12,-3,-12,-2,-13,-3,-14,-4,-14,-5,-14,-6,-13,-6,-14,-7,-14,-7,-14,-8,-15,-9,-15,-9,-14,-9,-13,-7,-14,-7,-15,-8,-15,-8,-14,-8,-15,-9,-15,-8,-14,-8,-15,-9,-16,-8,-17,-8,-16,-9,-16,-9,0.0,15.652475842498529,16.55294535724685,16.15549442140351,13.601470508735444,12.36931687685298,12.36931687685298,11.180339887498949,11.180339887498949,10.04987562112089,10.04987562112089,10.0,10.0,11.0,11.0,10.0,9.0,9.055385138137417,10.04987562112089,11.180339887498949,11.180339887498949,12.165525060596439,11.045361017187261,10.04987562112089,10.0,10.0,10.0,0.0,0.0,0.0,0.0,0.0,0.0,0.0,0.0,0.0,0.0,0.0,12.36931687685298,12.165525060596439,13.341664064126334,14.560219778561036,14.866068747318506,15.231546211727817,14.317821063276353,15.652475842498529,15.652475842498529,16.1245154965971,17.4928556845359,17.4928556845359,16.64331697709324,14.7648230602334,15.652475842498529,17.0,17.0,16.1245154965971,17.4928556845359,17.0,16.1245154965971,17.4928556845359,17.88854381999832,18.788294228055936,18.35755975068582,18.35755975068582,0.0,-2.677945044588987,-2.704965493776252,-2.761086276477428,-2.843093722003614,-2.896613990462929,-2.896613990462929,-2.961739153797315,-2.961739153797315,-3.0419240010986313,-3.0419240010986313,3.141592653589793,3.141592653589793,3.141592653589793,3.141592653589793,3.141592653589793,3.141592653589793,3.0309354324158977,3.0419240010986313,2.961739153797315,2.961739153797315,2.976443976175166,3.050932766389048,3.0419240010986313,3.141592653589793,3.141592653589793,3.141592653589793,0.0,0.0,0.0,0.0,0.0,0.0,0.0,0.0,0.0,0.0,0.0,-2.896613990462929,-2.976443976175166,-2.9147938055359073,-2.8632929945846817,-2.79856871316909,-2.7367008673047097,-2.7091848780192556,-2.677945044588987,-2.677945044588987,-2.62244653934327,-2.601173153319209,-2.601173153319209,-2.5702551737561663,-2.647651284670212,-2.677945044588987,-2.651635327336065,-2.651635327336065,-2.62244653934327,-2.601173153319209,-2.651635327336065,-2.62244653934327,-2.601173153319209,-2.677945044588987,-2.701750070774057,-2.6292031932790554,-2.6292031932790554
11.815781360994151,router,ba:bd:de:13:68:55,-84,97.99064022767428,64,1.2494149540391548,18.376560816488826,0,0,2,17,-1,16,-2,15,-1,14,0,13,1,13,1,14,0,14,1,13,2,13,2,12,1,12,2,12,3,12,3,11,4,11,4,12,4,12,3,12,2,13,2,13,2,13,3,12,2,11,1,10,0,8,0,0,0,0,0,0,0,0,0,0,0,0,0,0,0,0,0,0,0,0,0,0,-1,7,-1,8,-1,9,-2,9,-3,10,-3,11,-3,11,-3,10,-4,10,-4,11,-4,12,-4,13,-3,14,-4,13,-5,14,-4,14,-3,13,-3,13,-3,14,-4,14,-3,14,-3,14,-3,15,-3,15,-3,16,-3,16,0.0,17.11724276862369,16.0312195418814,15.132745950421556,14.035668847618199,13.0,13.038404810405298,14.035668847618199,14.0,13.038404810405298,13.152946437965905,12.165525060596439,12.041594578792296,12.165525060596439,12.36931687685298,11.40175425099138,11.704699910719626,12.649110640673518,12.649110640673518,12.36931687685298,13.152946437965905,13.152946437965905,13.152946437965905,12.36931687685298,11.180339887498949,10.04987562112089,8.0,0.0,0.0,0.0,0.0,0.0,0.0,0.0,0.0,0.0,0.0,0.0,7.0710678118654755,8.06225774829855,9.055385138137417,9.219544457292887,10.44030650891055,11.40175425099138,11.40175425099138,10.44030650891055,10.770329614269007,11.704699910719626,12.649110640673518,13.601470508735444,14.317821063276353,13.601470508735444,14.866068747318506,14.560219778561036,13.341664064126334,13.341664064126334,14.317821063276353,14.560219778561036,14.317821063276353,14.317821063276353,15.297058540778355,15.297058540778355,16.278820596099706,16.278820596099706,0.0,1.4536875822280324,1.633215136790854,1.7033478590915707,1.642103791580187,1.5707963267948966,1.4940244355251187,1.4994888620096063,1.5707963267948966,1.4940244355251187,1.4181469983996315,1.4056476493802699,1.4876550949064553,1.4056476493802699,1.3258176636680326,1.3045442776439713,1.2220253232109897,1.2490457723982544,1.2490457723982544,1.3258176636680326,1.4181469983996315,1.4181469983996315,1.4181469983996315,1.3258176636680326,1.3909428270024184,1.4711276743037347,1.5707963267948966,0.0,0.0,0.0,0.0,0.0,0.0,0.0,0.0,0.0,0.0,0.0,1.7126933813990606,1.695151321341658,1.6814535479687922,1.7894652726688385,1.8622531212727638,1.837048375945822,1.837048375945822,1.8622531212727638,1.9513027039072615,1.9195673303788037,1.892546881191539,1.8692952583810758,1.7818896600176433,1.8692952583810758,1.9138202672156,1.849095985800008,1.7975951748487824,1.7975951748487824,1.7818896600176433,1.849095985800008,1.7818896600176433,1.7818896600176433,1.7681918866447774,1.7681918866447774,1.7561442767905915,1.7561442767905915
11.931085607997375,router,ba:bd:de:13:68:55,-84,97.99064022767428,64,1.2531513685155797,18.21943421260964,0,0,-15,-6,-15,-6,-14,-4,-13,-3,-13,-3,-13,-3,-13,-2,-14,-2,-14,-2,-14,0,-13,0,-13,1,-14,1,-14,0,-14,1,-14,2,-15,1,-17,1,-17,2,-15,1,-13,0,-13,0,-14,0,-15,-1,-15,-2,-16,-3,0,0,0,0,0,0,0,0,0,0,0,0,0,0,0,0,0,0,0,0,0,0,-10,-3,-10,-4,-10,-3,-11,-3,-11,-5,-12,-6,-12,-5,-11,-5,-10,-6,-11,-7,-12,-8,-12,-8,-12,-8,-12,-8,-12,-7,-12,-7,-12,-8,-13,-8,-13,-8,-13,-9,-13,-10,-13,-10,-13,-9,-14,-7,-14,-5,-12,-5,0.0,16.15549442140351,16.15549442140351,14.560219778561036,13.341664064126334,13.341664064126334,13.341664064126334,13.152946437965905,14.142135623730951,14.142135623730951,14.0,13.0,13.038404810405298,14.035668847618199,14.0,14.035668847618199,14.142135623730951,15.033296378372908,17.029386365926403,17.11724276862369,15.033296378372908,13.0,13.0,14.0,15.033296378372908,15.132745950421556,16.278820596099706,0.0,0.0,0.0,0.0,0.0,0.0,0.0,0.0,0.0,0.0,0.0,10.44030650891055,10.770329614269007,10.44030650891055,11.40175425099138,12.083045973594572,13.416407864998739,13.0,12.083045973594572,11.661903789690601,13.038404810405298,14.422205101855956,14.422205101855956,14.422205101855956,14.422205101855956,13.892443989449804,13.892443989449804,14.422205101855956,15.264337522473747,15.264337522473747,15.811388300841896,16.401219466856727,16.401219466856727,15.811388300841896,15.652475842498529,14.866068747318506,13.0,0.0,-2.761086276477428,-2.761086276477428,-2.8632929945846817,-2.9147938055359073,-2.9147938055359073,-2.9147938055359073,-2.988943325194528,-2.999695598985629,-2.999695598985629,3.141592653589793,3.141592653589793,3.064820762320015,3.070285188804503,3.141592653589793,3.070285188804503,2.999695598985629,3.0750244898139694,3.0828368308740703,3.024483909022929,3.0750244898139694,3.141592653589793,3.141592653589793,3.141592653589793,-3.0750244898139694,-3.0090411212931194,-2.9562447035940984,0.0,0.0,0.0,0.0,0.0,0.0,0.0,0.0,0.0,0.0,0.0,-2.8501358591119264,-2.761086276477428,-2.8501358591119264,-2.875340604438868,-2.714965160462917,-2.677945044588987,-2.746801533890032,-2.714965160462917,-2.601173153319209,-2.5748634360662868,-2.5535900500422257,-2.5535900500422257,-2.5535900500422257,-2.5535900500422257,-2.6135182051634334,-2.6135182051634334,-2.5535900500422257,-2.5899376710612465,-2.5899376710612465,-2.5360479899848234,-2.485897027348257,-2.485897027348257,-2.5360479899848234,-2.677945044588987,-2.79856871316909,-2.746801533890032
12.03507357599301,router,ba:bd:de:13:68:55,-83,97.99064022767428,64,1.2553766866443774,18.05950238274641,0,0,1,15,1,15,1,14,1,12,2,13,3,12,4,12,5,11,5,11,5,11,6,11,5,10,6,10,6,10,6,10,6,10,6,10,6,10,6,10,6,11,5,11,5,11,5,11,4,10,4,10,3,11,0,0,0,0,0,0,0,0,0,0,0,0,0,0,0,0,0,0,0,0,0,0,2,7,2,8,1,8,1,8,1,9,1,10,0,10,0,11,1,11,1,12,1,13,1,12,0,12,-1,13,-2,13,-2,13,-1,14,0,13,0,13,1,14,1,15,1,14,1,14,1,15,1,15,0,15,0.0,15.033296378372908,15.033296378372908,14.035668847618199,12.041594578792296,13.152946437965905,12.36931687685298,12.649110640673518,12.083045973594572,12.083045973594572,12.083045973594572,12.529964086141668,11.180339887498949,11.661903789690601,11.661903789690601,11.661903789690601,11.661903789690601,11.661903789690601,11.661903789690601,11.661903789690601,12.529964086141668,12.083045973594572,12.083045973594572,12.083045973594572,10.770329614269007,10.770329614269007,11.40175425099138,0.0,0.0,0.0,0.0,0.0,0.0,0.0,0.0,0.0,0.0,0.0,7.280109889280518,8.246211251235321,8.06225774829855,8.06225774829855,9.055385138137417,10.04987562112089,10.0,11.0,11.045361017187261,12.041594578792296,13.038404810405298,12.041594578792296,12.0,13.038404810405298,13.152946437965905,13.152946437965905,14.035668847618199,13.0,13.0,14.035668847618199,15.033296378372908,14.035668847618199,14.035668847618199,15.033296378372908,15.033296378372908,15.0,0.0,1.5042281630190728,1.5042281630190728,1.4994888620096063,1.4876550949064553,1.4181469983996315,1.3258176636680326,1.2490457723982544,1.1441688336680205,1.1441688336680205,1.1441688336680205,1.0714496051147666,1.1071487177940904,1.0303768265243125,1.0303768265243125,1.0303768265243125,1.0303768265243125,1.0303768265243125,1.0303768265243125,1.0303768265243125,1.0714496051147666,1.1441688336680205,1.1441688336680205,1.1441688336680205,1.1902899496825317,1.1902899496825317,1.3045442776439713,0.0,0.0,0.0,0.0,0.0,0.0,0.0,0.0,0.0,0.0,0.0,1.2924966677897853,1.3258176636680326,1.446441332248135,1.446441332248135,1.460139105621001,1.4711276743037347,1.5707963267948966,1.5707963267948966,1.4801364395941514,1.4876550949064553,1.4940244355251187,1.4876550949064553,1.5707963267948966,1.6475682180646747,1.7234456551901618,1.7234456551901618,1.642103791580187,1.5707963267948966,1.5707963267948966,1.4994888620096063,1.5042281630190728,1.4994888620096063,1.4994888620096063,1.5042281630190728,1.5042281630190728,1.5707963267948966
12.13716942499741,router,ba:bd:de:13:68:55,-82,97.99064022767428,64,1.2558138896964743,17.9020381651006,0,0,14,9,14,10,14,9,13,8,13,7,13,6,13,6,12,5,12,4,12,4,11,4,10,4,10,3,11,3,12,3,13,3,12,2,11,2,10,2,11,1,11,1,11,2,10,3,9,3,9,4,9,5,0,0,0,0,0,0,0,0,0,0,0,0,0,0,0,0,0,0,0,0,0,0,7,4,7,3,7,4,8,4,8,5,8,5,8,6,11,7,12,8,11,8,11,9,10,10,10,9,11,9,11,8,11,8,11,8,12,9,13,9,14,9,13,10,13,11,14,11,15,11,14,11,14,11,0.0,16.64331697709324,17.204650534085253,16.64331697709324,15.264337522473747,14.7648230602334,14.317821063276353,14.317821063276353,13.0,12.649110640673518,12.649110640673518,11.704699910719626,10.770329614269007,10.44030650891055,11.40175425099138,12.36931687685298,13.341664064126334,12.165525060596439,11.180339887498949,10.198039027185569,11.045361017187261,11.045361017187261,11.180339887498949,10.44030650891055,9.486832980505138,9.848857801796104,10.295630140987,0.0,0.0,0.0,0.0,0.0,0.0,0.0,0.0,0.0,0.0,0.0,8.06225774829855,7.615773105863909,8.06225774829855,8.94427190999916,9.433981132056603,9.433981132056603,10.0,13.038404810405298,14.422205101855956,13.601470508735444,14.212670403551895,14.142135623730951,13.45362404707371,14.212670403551895,13.601470508735444,13.601470508735444,13.601470508735444,15.0,15.811388300841896,16.64331697709324,16.401219466856727,17.029386365926403,17.804493814764857,18.601075237738275,17.804493814764857,17.804493814764857,0.0,0.5713374798336268,0.6202494859828215,0.5713374798336268,0.5516549825285468,0.49394136891958124,0.43240777557053783,0.43240777557053783,0.3947911196997615,0.3217505543966422,0.3217505543966422,0.348771003583907,0.3805063771123649,0.2914567944778671,0.2662520491509254,0.24497866312686414,0.22679884805388587,0.16514867741462683,0.17985349979247828,0.19739555984988075,0.09065988720074511,0.09065988720074511,0.17985349979247828,0.2914567944778671,0.3217505543966422,0.4182243295792291,0.507098504392337,0.0,0.0,0.0,0.0,0.0,0.0,0.0,0.0,0.0,0.0,0.0,0.5191461142465229,0.40489178628508343,0.5191461142465229,0.4636476090008061,0.5585993153435624,0.5585993153435624,0.6435011087932844,0.5667292175235064,0.5880026035475675,0.628796286415433,0.6857295109062863,0.7853981633974483,0.7328151017865066,0.6857295109062863,0.628796286415433,0.628796286415433,0.628796286415433,0.6435011087932844,0.6055446636049701,0.5713374798336268,0.6556956262415362,0.702256931509007,0.6659692373791098,0.6327488350021832,0.6659692373791098,0.6659692373791098
12.253137399995467,router,ba:bd:de:13:68:55,-83,97.99064022767428,64,1.2547273646751966,17.743880737488162,0,0,3,-16,5,-16,5,-16,4,-15,3,-14,3,-13,3,-13,2,-13,2,-12,1,-13,1,-13,0,-13,-1,-13,-1,-13,-1,-13,-1,-12,0,-12,0,-13,0,-12,1,-11,1,-12,1,-11,1,-10,1,-10,1,-10,1,-11,0,0,0,0,0,0,0,0,0,0,0,0,0,0,0,0,0,0,0,0,0,0,0,-7,2,-9,3,-10,3,-9,3,-9,4,-9,4,-10,4,-10,4,-11,4,-11,5,-12,5,-11,5,-11,5,-13,5,-14,4,-14,5,-14,5,-14,5,-14,5,-15,5,-16,5,-16,5,-16,6,-16,5,-17,5,-17,0.0,16.278820596099706,16.76305461424021,16.76305461424021,15.524174696260024,14.317821063276353,13.341664064126334,13.341664064126334,13.152946437965905,12.165525060596439,13.038404810405298,13.038404810405298,13.0,13.038404810405298,13.038404810405298,13.038404810405298,12.041594578792296,12.0,13.0,12.0,11.045361017187261,12.041594578792296,11.045361017187261,10.04987562112089,10.04987562112089,10.04987562112089,11.045361017187261,0.0,0.0,0.0,0.0,0.0,0.0,0.0,0.0,0.0,0.0,0.0,7.0,9.219544457292887,10.44030650891055,9.486832980505138,9.486832980505138,9.848857801796104,10.770329614269007,10.770329614269007,11.704699910719626,11.704699910719626,13.0,12.083045973594572,12.083045973594572,13.92838827718412,14.866068747318506,14.560219778561036,14.866068747318506,14.866068747318506,14.866068747318506,15.811388300841896,16.76305461424021,16.76305461424021,16.76305461424021,17.08800749063506,17.72004514666935,17.72004514666935,0.0,-1.3854483767992019,-1.2679114584199251,-1.2679114584199251,-1.3101939350475555,-1.35970299357215,-1.3439974787410107,-1.3439974787410107,-1.4181469983996315,-1.4056476493802699,-1.4940244355251187,-1.4940244355251187,-1.5707963267948966,-1.6475682180646747,-1.6475682180646747,-1.6475682180646747,-1.6539375586833378,-1.5707963267948966,-1.5707963267948966,-1.5707963267948966,-1.4801364395941514,-1.4876550949064553,-1.4801364395941514,-1.4711276743037347,-1.4711276743037347,-1.4711276743037347,-1.4801364395941514,0.0,0.0,0.0,0.0,0.0,0.0,0.0,0.0,0.0,0.0,0.0,-1.5707963267948966,-1.3521273809209546,-1.2793395323170296,-1.2490457723982544,-1.2490457723982544,-1.1525719972156676,-1.1902899496825317,-1.1902899496825317,-1.2220253232109897,-1.2220253232109897,-1.176005207095135,-1.1441688336680205,-1.1441688336680205,-1.2036224929766774,-1.2277723863741932,-1.2924966677897853,-1.2277723863741932,-1.2277723863741932,-1.2277723863741932,-1.2490457723982544,-1.2679114584199251,-1.2679114584199251,-1.2679114584199251,-1.2120256565243244,-1.2847448850775784,-1.2847448850775784
12.361005040998862,router,ba:bd:de:13:68:55,-82,97.99064022767428,64,1.2513428099624264,17.60576657649388,0,0,-19,0,-19,-1,-18,-1,-17,-1,-16,0,-15,1,-14,1,-13,0,-13,1,-13,1,-13,2,-13,2,-13,2,-13,2,-13,2,-13,1,-13,1,-13,1,-12,2,-13,2,-12,2,-11,1,-11,0,-11,0,-10,0,-8,0,0,0,0,0,0,0,0,0,0,0,0,0,0,0,0,0,0,0,0,0,0,0,-7,1,-9,2,-9,1,-10,1,-11,1,-12,2,-11,1,-11,-1,-11,-2,-12,-1,-12,-2,-12,-3,-13,-4,-14,-4,-15,-3,-16,-2,-15,-2,-14,-2,-16,-1,-17,0,-17,0,-17,0,-17,-1,-17,-1,-16,-2,-16,-2,0.0,19.0,19.026297590440446,18.027756377319946,17.029386365926403,16.0,15.033296378372908,14.035668847618199,13.0,13.038404810405298,13.038404810405298,13.152946437965905,13.152946437965905,13.152946437965905,13.152946437965905,13.152946437965905,13.038404810405298,13.038404810405298,13.038404810405298,12.165525060596439,13.152946437965905,12.165525060596439,11.045361017187261,11.0,11.0,10.0,8.0,0.0,0.0,0.0,0.0,0.0,0.0,0.0,0.0,0.0,0.0,0.0,7.0710678118654755,9.219544457292887,9.055385138137417,10.04987562112089,11.045361017187261,12.165525060596439,11.045361017187261,11.045361017187261,11.180339887498949,12.041594578792296,12.165525060596439,12.36931687685298,13.601470508735444,14.560219778561036,15.297058540778355,16.1245154965971,15.132745950421556,14.142135623730951,16.0312195418814,17.0,17.0,17.0,17.029386365926403,17.029386365926403,16.1245154965971,16.1245154965971,0.0,3.141592653589793,-3.0890095919788516,-3.0860941483440762,-3.0828368308740703,3.141592653589793,3.0750244898139694,3.070285188804503,3.141592653589793,3.064820762320015,3.064820762320015,2.988943325194528,2.988943325194528,2.988943325194528,2.988943325194528,2.988943325194528,3.064820762320015,3.064820762320015,3.064820762320015,2.976443976175166,2.988943325194528,2.976443976175166,3.050932766389048,3.141592653589793,3.141592653589793,3.141592653589793,3.141592653589793,0.0,0.0,0.0,0.0,0.0,0.0,0.0,0.0,0.0,0.0,0.0,2.999695598985629,2.922923707715851,3.0309354324158977,3.0419240010986313,3.050932766389048,2.976443976175166,3.050932766389048,-3.050932766389048,-2.961739153797315,-3.058451421701352,-2.976443976175166,-2.896613990462929,-2.843093722003614,-2.8632929945846817,-2.9441970937399127,-3.017237659043032,-3.0090411212931194,-2.999695598985629,-3.079173843593836,3.141592653589793,3.141592653589793,3.141592653589793,-3.0828368308740703,-3.0828368308740703,-3.017237659043032,-3.017237659043032
12.468071128998417,router,ba:bd:de:13:68:55,-84,97.99064022767428,64,1.2479932921499375,17.478529561236545,0,0,-17,2,-16,2,-15,2,-14,1,-12,1,-11,0,-11,0,-11,1,-11,2,-11,2,-10,3,-9,3,-8,3,-8,3,-8,2,-8,3,-9,4,-9,4,-10,4,-9,5,-10,3,-10,3,-9,4,-9,3,-7,2,-5,0,0,0,0,0,0,0,0,0,0,0,0,0,0,0,0,0,0,0,0,0,0,0,-9,1,-9,1,-9,0,-9,0,-9,0,-10,0,-12,2,-14,3,-14,2,-14,2,-13,1,-13,0,-14,0,-15,0,-15,0,-15,-1,-15,-1,-16,1,-15,2,-15,1,-15,1,-15,2,-15,1,-16,0,-17,0,-17,0,0.0,17.11724276862369,16.1245154965971,15.132745950421556,14.035668847618199,12.041594578792296,11.0,11.0,11.045361017187261,11.180339887498949,11.180339887498949,10.44030650891055,9.486832980505138,8.54400374531753,8.54400374531753,8.246211251235321,8.54400374531753,9.848857801796104,9.848857801796104,10.770329614269007,10.295630140987,10.44030650891055,10.44030650891055,9.848857801796104,9.486832980505138,7.280109889280518,5.0,0.0,0.0,0.0,0.0,0.0,0.0,0.0,0.0,0.0,0.0,0.0,9.055385138137417,9.055385138137417,9.0,9.0,9.0,10.0,12.165525060596439,14.317821063276353,14.142135623730951,14.142135623730951,13.038404810405298,13.0,14.0,15.0,15.0,15.033296378372908,15.033296378372908,16.0312195418814,15.132745950421556,15.033296378372908,15.033296378372908,15.132745950421556,15.033296378372908,16.0,17.0,17.0,0.0,3.024483909022929,3.017237659043032,3.0090411212931194,3.070285188804503,3.058451421701352,3.141592653589793,3.141592653589793,3.050932766389048,2.961739153797315,2.961739153797315,2.8501358591119264,2.819842099193151,2.782821983319221,2.782821983319221,2.896613990462929,2.782821983319221,2.723368324010564,2.723368324010564,2.761086276477428,2.6344941491974563,2.8501358591119264,2.8501358591119264,2.723368324010564,2.819842099193151,2.8632929945846817,3.141592653589793,0.0,0.0,0.0,0.0,0.0,0.0,0.0,0.0,0.0,0.0,0.0,3.0309354324158977,3.0309354324158977,3.141592653589793,3.141592653589793,3.141592653589793,3.141592653589793,2.976443976175166,2.930499320367047,2.999695598985629,2.999695598985629,3.064820762320015,3.141592653589793,3.141592653589793,3.141592653589793,3.141592653589793,-3.0750244898139694,-3.0750244898139694,3.079173843593836,3.0090411212931194,3.0750244898139694,3.0750244898139694,3.0090411212931194,3.0750244898139694,3.141592653589793,3.141592653589793,3.141592653589793
12.569703181994555,router,ba:bd:de:13:68:55,-84,97.99064022767428,64,1.2462438297429932,17.37169310126668,0,0,-6,-19,-5,-18,-5,-17,-6,-18,-6,-17,-5,-15,-5,-14,-5,-13,-6,-11,-7,-11,-6,-11,-5,-11,-5,-10,-5,-11,-6,-12,-7,-12,-8,-12,-7,-10,-7,-9,-7,-10,-7,-11,-6,-10,-4,-10,-4,-9,-4,-9,-5,-10,0,0,0,0,0,0,0,0,0,0,0,0,0,0,0,0,0,0,0,0,0,0,-1,-9,-3,-9,-5,-10,-5,-11,-5,-10,-5,-9,-4,-11,-3,-12,-4,-14,-2,-15,-1,-15,-3,-13,-5,-11,-5,-11,-2,-13,-1,-14,-2,-15,-3,-15,-4,-16,-5,-17,-5,-19,-5,-19,-4,-18,-3,-18,-3,-19,-4,-18,0.0,19.924858845171276,18.681541692269406,17.72004514666935,18.973665961010276,18.027756377319946,15.811388300841896,14.866068747318506,13.92838827718412,12.529964086141668,13.038404810405298,12.529964086141668,12.083045973594572,11.180339887498949,12.083045973594572,13.416407864998739,13.892443989449804,14.422205101855956,12.206555615733702,11.40175425099138,12.206555615733702,13.038404810405298,11.661903789690601,10.770329614269007,9.848857801796104,9.848857801796104,11.180339887498949,0.0,0.0,0.0,0.0,0.0,0.0,0.0,0.0,0.0,0.0,0.0,9.055385138137417,9.486832980505138,11.180339887498949,12.083045973594572,11.180339887498949,10.295630140987,11.704699910719626,12.36931687685298,14.560219778561036,15.132745950421556,15.033296378372908,13.341664064126334,12.083045973594572,12.083045973594572,13.152946437965905,14.035668847618199,15.132745950421556,15.297058540778355,16.492422502470642,17.72004514666935,19.6468827043885,19.6468827043885,18.439088914585774,18.24828759089466,19.235384061671343,18.439088914585774,0.0,-1.8766751981997487,-1.8417431771333173,-1.856847768512215,-1.892546881191539,-1.9100889412489412,-1.892546881191539,-1.9138202672156,-1.9379701606131159,-2.0701430484750265,-2.137525544318403,-2.0701430484750265,-1.9974238199217726,-2.0344439357957027,-1.9974238199217726,-2.0344439357957027,-2.0988707752212563,-2.158798930342464,-2.1815222911841055,-2.2318394956455836,-2.1815222911841055,-2.137525544318403,-2.1112158270654806,-1.9513027039072615,-1.9890206563741257,-1.9890206563741257,-2.0344439357957027,0.0,0.0,0.0,0.0,0.0,0.0,0.0,0.0,0.0,0.0,0.0,-1.6814535479687922,-1.892546881191539,-2.0344439357957027,-1.9974238199217726,-2.0344439357957027,-2.0778948311872334,-1.9195673303788037,-1.8157749899217608,-1.849095985800008,-1.7033478590915707,-1.6373644905707205,-1.7975951748487824,-1.9974238199217726,-1.9974238199217726,-1.7234456551901618,-1.642103791580187,-1.7033478590915707,-1.7681918866447774,-1.8157749899217608,-1.856847768512215,-1.8281200417659853,-1.8281200417659853,-1.7894652726688385,-1.7359450042095235,-1.727398203776912,-1.7894652726688385
12.686222226999234,router,ba:bd:de:13:68:55,-85,97.99064022767428,64,1.2450273599735375,17.284896852138772,0,0,-5,-14,-6,-15,-6,-15,-4,-15,-4,-14,-5,-12,-5,-12,-5,-12,-6,-12,-7,-11,-7,-9,-8,-9,-8,-9,-7,-9,-6,-8,-6,-9,-8,-10,-8,-10,-7,-9,-7,-9,-6,-9,-5,-9,-5,-9,-5,-10,-4,-10,-4,-7,0,0,0,0,0,0,0,0,0,0,0,0,0,0,0,0,0,0,0,0,0,0,-3,-12,-2,-13,-3,-12,-3,-11,-2,-12,-2,-13,-3,-13,-2,-13,-1,-13,0,-13,-1,-13,-2,-14,-1,-14,-1,-15,-2,-15,-3,-15,-2,-15,-2,-15,-2,-14,-3,-16,-3,-17,-3,-18,-4,-18,-4,-18,-4,-17,-3,-16,0.0,14.866068747318506,16.15549442140351,16.15549442140351,15.524174696260024,14.560219778561036,13.0,13.0,13.0,13.416407864998739,13.038404810405298,11.40175425099138,12.041594578792296,12.041594578792296,11.40175425099138,10.0,10.816653826391969,12.806248474865697,12.806248474865697,11.40175425099138,11.40175425099138,10.816653826391969,10.295630140987,10.295630140987,11.180339887498949,10.770329614269007,8.06225774829855,0.0,0.0,0.0,0.0,0.0,0.0,0.0,0.0,0.0,0.0,0.0,12.36931687685298,13.152946437965905,12.36931687685298,11.40175425099138,12.165525060596439,13.152946437965905,13.341664064126334,13.152946437965905,13.038404810405298,13.0,13.038404810405298,14.142135623730951,14.035668847618199,15.033296378372908,15.132745950421556,15.297058540778355,15.132745950421556,15.132745950421556,14.142135623730951,16.278820596099706,17.26267650163207,18.24828759089466,18.439088914585774,18.439088914585774,17.46424919657298,16.278820596099706,0.0,-1.9138202672156,-1.9513027039072615,-1.9513027039072615,-1.8313987185422376,-1.849095985800008,-1.965587446494658,-1.965587446494658,-1.965587446494658,-2.0344439357957027,-2.137525544318403,-2.2318394956455836,-2.297438667476622,-2.297438667476622,-2.2318394956455836,-2.214297435588181,-2.158798930342464,-2.2455372690184494,-2.2455372690184494,-2.2318394956455836,-2.2318394956455836,-2.158798930342464,-2.0778948311872334,-2.0778948311872334,-2.0344439357957027,-1.9513027039072615,-2.0899424410414196,0.0,0.0,0.0,0.0,0.0,0.0,0.0,0.0,0.0,0.0,0.0,-1.8157749899217608,-1.7234456551901618,-1.8157749899217608,-1.837048375945822,-1.7359450042095235,-1.7234456551901618,-1.7975951748487824,-1.7234456551901618,-1.6475682180646747,-1.5707963267948966,-1.6475682180646747,-1.7126933813990606,-1.642103791580187,-1.6373644905707205,-1.7033478590915707,-1.7681918866447774,-1.7033478590915707,-1.7033478590915707,-1.7126933813990606,-1.7561442767905915,-1.7454685258031364,-1.7359450042095235,-1.7894652726688385,-1.7894652726688385,-1.8018869939907938,-1.7561442767905915
12.788513611994858,router,ba:bd:de:13:68:55,-81,97.99064022767428,64,1.2428566134530339,17.21353715553819,0,0,-15,-6,-16,-6,-16,-6,-15,-5,-13,-5,-13,-4,-13,-4,-14,-4,-14,-4,-13,-3,-13,-3,-12,-3,-11,-3,-11,-2,-11,-2,-11,-2,-11,-2,-11,-3,-10,-3,-10,-2,-10,-2,-11,-2,-9,-2,-8,-4,-8,-4,-9,-2,0,0,0,0,0,0,0,0,0,0,0,0,0,0,0,0,0,0,0,0,0,0,-12,-1,-12,-2,-12,-3,-12,-3,-12,-3,-11,-4,-11,-5,-11,-6,-13,-6,-14,-6,-14,-6,-13,-7,-13,-7,-13,-7,-12,-7,-12,-7,-13,-7,-13,-7,-13,-7,-14,-6,-15,-6,-15,-6,-15,-6,-15,-6,-15,-6,-15,-7,0.0,16.15549442140351,17.08800749063506,17.08800749063506,15.811388300841896,13.92838827718412,13.601470508735444,13.601470508735444,14.560219778561036,14.560219778561036,13.341664064126334,13.341664064126334,12.36931687685298,11.40175425099138,11.180339887498949,11.180339887498949,11.180339887498949,11.180339887498949,11.40175425099138,10.44030650891055,10.198039027185569,10.198039027185569,11.180339887498949,9.219544457292887,8.94427190999916,8.94427190999916,9.219544457292887,0.0,0.0,0.0,0.0,0.0,0.0,0.0,0.0,0.0,0.0,0.0,12.041594578792296,12.165525060596439,12.36931687685298,12.36931687685298,12.36931687685298,11.704699910719626,12.083045973594572,12.529964086141668,14.317821063276353,15.231546211727817,15.231546211727817,14.7648230602334,14.7648230602334,14.7648230602334,13.892443989449804,13.892443989449804,14.7648230602334,14.7648230602334,14.7648230602334,15.231546211727817,16.15549442140351,16.15549442140351,16.15549442140351,16.15549442140351,16.15549442140351,16.55294535724685,0.0,-2.761086276477428,-2.782821983319221,-2.782821983319221,-2.819842099193151,-2.774418819771574,-2.843093722003614,-2.843093722003614,-2.8632929945846817,-2.8632929945846817,-2.9147938055359073,-2.9147938055359073,-2.896613990462929,-2.875340604438868,-2.961739153797315,-2.961739153797315,-2.961739153797315,-2.961739153797315,-2.875340604438868,-2.8501358591119264,-2.9441970937399127,-2.9441970937399127,-2.961739153797315,-2.922923707715851,-2.677945044588987,-2.677945044588987,-2.922923707715851,0.0,0.0,0.0,0.0,0.0,0.0,0.0,0.0,0.0,0.0,0.0,-3.058451421701352,-2.976443976175166,-2.896613990462929,-2.896613990462929,-2.896613990462929,-2.7928216500058864,-2.714965160462917,-2.642245931909663,-2.7091848780192556,-2.7367008673047097,-2.7367008673047097,-2.647651284670212,-2.647651284670212,-2.647651284670212,-2.6135182051634334,-2.6135182051634334,-2.647651284670212,-2.647651284670212,-2.647651284670212,-2.7367008673047097,-2.761086276477428,-2.761086276477428,-2.761086276477428,-2.761086276477428,-2.761086276477428,-2.704965493776252
12.896097260992974,router,ba:bd:de:13:68:55,-84,98.12305356687854,64,1.2406657160908603,17.156084378803005,0,0,-19,-4,-18,-4,-17,-4,-16,-4,-14,-4,-13,-3,-12,-3,-12,-4,-13,-3,-13,-2,-12,-1,-11,-1,-11,-1,-12,-1,-12,-1,-11,-1,-12,-2,-12,-2,-11,-2,-10,-2,-10,-3,-10,-3,-10,-2,-10,-2,-8,-2,-7,-4,0,0,0,0,0,0,0,0,0,0,0,0,0,0,0,0,0,0,0,0,0,0,-11,-1,-10,-1,-11,-1,-12,-2,-12,-2,-12,-2,-12,-2,-12,-3,-12,-4,-13,-4,-13,-4,-12,-4,-12,-5,-13,-5,-14,-5,-15,-5,-15,-4,-15,-4,-15,-5,-15,-6,-16,-6,-17,-5,-17,-4,-16,-5,-16,-5,-17,-4,0.0,19.4164878389476,18.439088914585774,17.46424919657298,16.492422502470642,14.560219778561036,13.341664064126334,12.36931687685298,12.649110640673518,13.341664064126334,13.152946437965905,12.041594578792296,11.045361017187261,11.045361017187261,12.041594578792296,12.041594578792296,11.045361017187261,12.165525060596439,12.165525060596439,11.180339887498949,10.198039027185569,10.44030650891055,10.44030650891055,10.198039027185569,10.198039027185569,8.246211251235321,8.06225774829855,0.0,0.0,0.0,0.0,0.0,0.0,0.0,0.0,0.0,0.0,0.0,11.045361017187261,10.04987562112089,11.045361017187261,12.165525060596439,12.165525060596439,12.165525060596439,12.165525060596439,12.36931687685298,12.649110640673518,13.601470508735444,13.601470508735444,12.649110640673518,13.0,13.92838827718412,14.866068747318506,15.811388300841896,15.524174696260024,15.524174696260024,15.811388300841896,16.15549442140351,17.08800749063506,17.72004514666935,17.46424919657298,16.76305461424021,16.76305461424021,17.46424919657298,0.0,-2.9340964271545906,-2.922923707715851,-2.9105019863938963,-2.896613990462929,-2.8632929945846817,-2.9147938055359073,-2.896613990462929,-2.819842099193151,-2.9147938055359073,-2.988943325194528,-3.058451421701352,-3.050932766389048,-3.050932766389048,-3.058451421701352,-3.058451421701352,-3.050932766389048,-2.976443976175166,-2.976443976175166,-2.961739153797315,-2.9441970937399127,-2.8501358591119264,-2.8501358591119264,-2.9441970937399127,-2.9441970937399127,-2.896613990462929,-2.62244653934327,0.0,0.0,0.0,0.0,0.0,0.0,0.0,0.0,0.0,0.0,0.0,-3.050932766389048,-3.0419240010986313,-3.050932766389048,-2.976443976175166,-2.976443976175166,-2.976443976175166,-2.976443976175166,-2.896613990462929,-2.819842099193151,-2.843093722003614,-2.843093722003614,-2.819842099193151,-2.746801533890032,-2.774418819771574,-2.79856871316909,-2.819842099193151,-2.8809902618424523,-2.8809902618424523,-2.819842099193151,-2.761086276477428,-2.782821983319221,-2.8555412118724752,-2.9105019863938963,-2.838707785214822,-2.838707785214822,-2.9105019863938963
13.005256779993942,router,ba:bd:de:13:68:55,-83,98.12305356687854,64,1.2390889222535924,17.115781610790084,0,0,7,-17,6,-16,5,-15,5,-15,5,-16,4,-15,3,-14,3,-13,2,-13,1,-12,1,-12,0,-12,1,-13,2,-13,1,-12,1,-12,2,-12,2,-12,1,-11,0,-10,2,-10,3,-11,3,-11,3,-10,3,-10,2,-10,0,0,0,0,0,0,0,0,0,0,0,0,0,0,0,0,0,0,0,0,0,0,-1,-11,0,-12,1,-13,2,-12,1,-12,2,-12,2,-13,3,-13,5,-11,5,-11,5,-13,4,-14,2,-14,3,-14,4,-14,5,-14,7,-15,7,-15,6,-14,5,-14,5,-14,4,-15,3,-16,3,-16,5,-15,6,-15,0.0,18.384776310850235,17.08800749063506,15.811388300841896,15.811388300841896,16.76305461424021,15.524174696260024,14.317821063276353,13.341664064126334,13.152946437965905,12.041594578792296,12.041594578792296,12.0,13.038404810405298,13.152946437965905,12.041594578792296,12.041594578792296,12.165525060596439,12.165525060596439,11.045361017187261,10.0,10.198039027185569,11.40175425099138,11.40175425099138,10.44030650891055,10.44030650891055,10.198039027185569,0.0,0.0,0.0,0.0,0.0,0.0,0.0,0.0,0.0,0.0,0.0,11.045361017187261,12.0,13.038404810405298,12.165525060596439,12.041594578792296,12.165525060596439,13.152946437965905,13.341664064126334,12.083045973594572,12.083045973594572,13.92838827718412,14.560219778561036,14.142135623730951,14.317821063276353,14.560219778561036,14.866068747318506,16.55294535724685,16.55294535724685,15.231546211727817,14.866068747318506,14.866068747318506,15.524174696260024,16.278820596099706,16.278820596099706,15.811388300841896,16.15549442140351,0.0,-1.1801892830972098,-1.2120256565243244,-1.2490457723982544,-1.2490457723982544,-1.2679114584199251,-1.3101939350475555,-1.35970299357215,-1.3439974787410107,-1.4181469983996315,-1.4876550949064553,-1.4876550949064553,-1.5707963267948966,-1.4940244355251187,-1.4181469983996315,-1.4876550949064553,-1.4876550949064553,-1.4056476493802699,-1.4056476493802699,-1.4801364395941514,-1.5707963267948966,-1.373400766945016,-1.3045442776439713,-1.3045442776439713,-1.2793395323170296,-1.2793395323170296,-1.373400766945016,0.0,0.0,0.0,0.0,0.0,0.0,0.0,0.0,0.0,0.0,0.0,-1.6614562139956417,-1.5707963267948966,-1.4940244355251187,-1.4056476493802699,-1.4876550949064553,-1.4056476493802699,-1.4181469983996315,-1.3439974787410107,-1.1441688336680205,-1.1441688336680205,-1.2036224929766774,-1.2924966677897853,-1.4288992721907328,-1.35970299357215,-1.2924966677897853,-1.2277723863741932,-1.1341691669813554,-1.1341691669813554,-1.1659045405098132,-1.2277723863741932,-1.2277723863741932,-1.3101939350475555,-1.3854483767992019,-1.3854483767992019,-1.2490457723982544,-1.1902899496825317
13.10596165699826,router,ba:bd:de:13:68:55,-83,98.12305356687854,64,1.2381264653384094,17.09048097314516,0,0,13,-11,13,-10,12,-10,11,-11,9,-11,8,-10,7,-10,7,-10,7,-10,6,-10,5,-10,6,-10,6,-9,6,-10,7,-11,7,-11,8,-11,7,-11,7,-11,7,-11,8,-10,8,-9,8,-9,8,-9,8,-7,7,-6,0,0,0,0,0,0,0,0,0,0,0,0,0,0,0,0,0,0,0,0,0,0,5,-12,5,-12,7,-10,10,-8,10,-8,7,-8,8,-7,10,-8,11,-7,11,-7,11,-6,12,-6,11,-6,12,-7,12,-7,12,-7,12,-7,12,-8,12,-8,13,-8,12,-8,13,-8,14,-8,14,-9,12,-10,11,-11,0.0,17.029386365926403,16.401219466856727,15.620499351813308,15.556349186104045,14.212670403551895,12.806248474865697,12.206555615733702,12.206555615733702,12.206555615733702,11.661903789690601,11.180339887498949,11.661903789690601,10.816653826391969,11.661903789690601,13.038404810405298,13.038404810405298,13.601470508735444,13.038404810405298,13.038404810405298,13.038404810405298,12.806248474865697,12.041594578792296,12.041594578792296,12.041594578792296,10.63014581273465,9.219544457292887,0.0,0.0,0.0,0.0,0.0,0.0,0.0,0.0,0.0,0.0,0.0,13.0,13.0,12.206555615733702,12.806248474865697,12.806248474865697,10.63014581273465,10.63014581273465,12.806248474865697,13.038404810405298,13.038404810405298,12.529964086141668,13.416407864998739,12.529964086141668,13.892443989449804,13.892443989449804,13.892443989449804,13.892443989449804,14.422205101855956,14.422205101855956,15.264337522473747,14.422205101855956,15.264337522473747,16.1245154965971,16.64331697709324,15.620499351813308,15.556349186104045,0.0,-0.702256931509007,-0.6556956262415362,-0.6947382761967031,-0.7853981633974483,-0.8850668158886104,-0.8960553845713439,-0.960070362405688,-0.960070362405688,-0.960070362405688,-1.0303768265243125,-1.1071487177940904,-1.0303768265243125,-0.982793723247329,-1.0303768265243125,-1.0040671092713902,-1.0040671092713902,-0.9420000403794636,-1.0040671092713902,-1.0040671092713902,-1.0040671092713902,-0.8960553845713439,-0.844153986113171,-0.844153986113171,-0.844153986113171,-0.7188299996216245,-0.7086262721276703,0.0,0.0,0.0,0.0,0.0,0.0,0.0,0.0,0.0,0.0,0.0,-1.176005207095135,-1.176005207095135,-0.960070362405688,-0.6747409422235526,-0.6747409422235526,-0.8519663271732721,-0.7188299996216245,-0.6747409422235526,-0.5667292175235064,-0.5667292175235064,-0.4993467216801301,-0.4636476090008061,-0.4993467216801301,-0.5280744484263596,-0.5280744484263596,-0.5280744484263596,-0.5280744484263596,-0.5880026035475675,-0.5880026035475675,-0.5516549825285468,-0.5880026035475675,-0.5516549825285468,-0.5191461142465229,-0.5713374798336268,-0.6947382761967031,-0.7853981633974483
13.21544317399821,router,ba:bd:de:13:68:55,-83,98.12305356687854,64,1.2380309224730315,17.06141229174384,0,0,12,11,12,10,10,10,10,10,10,9,10,7,9,6,8,6,8,6,8,5,8,5,8,5,9,4,9,3,8,4,7,3,7,3,8,3,7,3,7,2,7,2,6,3,6,3,5,3,6,4,6,5,0,0,0,0,0,0,0,0,0,0,0,0,0,0,0,0,0,0,0,0,0,0,10,4,9,4,8,5,9,5,9,6,10,6,11,7,11,8,10,8,10,9,10,10,10,10,11,10,11,10,10,10,9,11,9,11,11,10,11,10,12,11,13,11,13,10,12,11,11,11,11,11,12,11,0.0,16.278820596099706,15.620499351813308,14.142135623730951,14.142135623730951,13.45362404707371,12.206555615733702,10.816653826391969,10.0,10.0,9.433981132056603,9.433981132056603,9.433981132056603,9.848857801796104,9.486832980505138,8.94427190999916,7.615773105863909,7.615773105863909,8.54400374531753,7.615773105863909,7.280109889280518,7.280109889280518,6.708203932499369,6.708203932499369,5.830951894845301,7.211102550927978,7.810249675906654,0.0,0.0,0.0,0.0,0.0,0.0,0.0,0.0,0.0,0.0,0.0,10.770329614269007,9.848857801796104,9.433981132056603,10.295630140987,10.816653826391969,11.661903789690601,13.038404810405298,13.601470508735444,12.806248474865697,13.45362404707371,14.142135623730951,14.142135623730951,14.866068747318506,14.866068747318506,14.142135623730951,14.212670403551895,14.212670403551895,14.866068747318506,14.866068747318506,16.278820596099706,17.029386365926403,16.401219466856727,16.278820596099706,15.556349186104045,15.556349186104045,16.278820596099706,0.0,0.7419472680059175,0.6947382761967031,0.7853981633974483,0.7853981633974483,0.7328151017865066,0.6107259643892086,0.5880026035475675,0.6435011087932844,0.6435011087932844,0.5585993153435624,0.5585993153435624,0.5585993153435624,0.4182243295792291,0.3217505543966422,0.4636476090008061,0.40489178628508343,0.40489178628508343,0.35877067027057225,0.40489178628508343,0.27829965900511133,0.27829965900511133,0.4636476090008061,0.4636476090008061,0.5404195002705842,0.5880026035475675,0.6947382761967031,0.0,0.0,0.0,0.0,0.0,0.0,0.0,0.0,0.0,0.0,0.0,0.3805063771123649,0.4182243295792291,0.5585993153435624,0.507098504392337,0.5880026035475675,0.5404195002705842,0.5667292175235064,0.628796286415433,0.6747409422235526,0.7328151017865066,0.7853981633974483,0.7853981633974483,0.7378150601204649,0.7378150601204649,0.7853981633974483,0.8850668158886104,0.8850668158886104,0.7378150601204649,0.7378150601204649,0.7419472680059175,0.702256931509007,0.6556956262415362,0.7419472680059175,0.7853981633974483,0.7853981633974483,0.7419472680059175
13.32587137799419,router,ba:bd:de:13:68:55,-83,98.12305356687854,64,1.2366092408124514,17.045980901879147,0,0,-10,-15,-9,-15,-9,-15,-9,-14,-9,-12,-9,-11,-9,-10,-8,-10,-8,-10,-8,-10,-9,-8,-9,-7,-9,-7,-10,-7,-9,-8,-9,-9,-9,-9,-10,-9,-10,-8,-10,-8,-9,-9,-8,-8,-8,-8,-7,-8,-7,-8,-7,-9,0,0,0,0,0,0,0,0,0,0,0,0,0,0,0,0,0,0,0,0,0,0,-6,-9,-6,-9,-7,-8,-8,-8,-8,-9,-7,-10,-6,-12,-6,-13,-7,-13,-8,-13,-7,-14,-6,-14,-6,-14,-7,-13,-7,-14,-7,-14,-8,-15,-8,-15,-8,-15,-7,-15,-7,-15,-8,-16,-9,-16,-9,-16,-9,-16,-9,-16,0.0,18.027756377319946,17.4928556845359,17.4928556845359,16.64331697709324,15.0,14.212670403551895,13.45362404707371,12.806248474865697,12.806248474865697,12.806248474865697,12.041594578792296,11.40175425099138,11.40175425099138,12.206555615733702,12.041594578792296,12.727922061357855,12.727922061357855,13.45362404707371,12.806248474865697,12.806248474865697,12.727922061357855,11.313708498984761,11.313708498984761,10.63014581273465,10.63014581273465,11.40175425099138,0.0,0.0,0.0,0.0,0.0,0.0,0.0,0.0,0.0,0.0,0.0,10.816653826391969,10.816653826391969,10.63014581273465,11.313708498984761,12.041594578792296,12.206555615733702,13.416407864998739,14.317821063276353,14.7648230602334,15.264337522473747,15.652475842498529,15.231546211727817,15.231546211727817,14.7648230602334,15.652475842498529,15.652475842498529,17.0,17.0,17.0,16.55294535724685,16.55294535724685,17.88854381999832,18.35755975068582,18.35755975068582,18.35755975068582,18.35755975068582,0.0,-2.158798930342464,-2.1112158270654806,-2.1112158270654806,-2.1421338066285234,-2.214297435588181,-2.256525837701183,-2.3036114285814033,-2.2455372690184494,-2.2455372690184494,-2.2455372690184494,-2.4149503129080676,-2.4805494847391065,-2.4805494847391065,-2.5308666892005847,-2.4149503129080676,-2.356194490192345,-2.356194490192345,-2.408777551803287,-2.4668517113662407,-2.4668517113662407,-2.356194490192345,-2.356194490192345,-2.356194490192345,-2.289626326416521,-2.289626326416521,-2.2318394956455836,0.0,0.0,0.0,0.0,0.0,0.0,0.0,0.0,0.0,0.0,0.0,-2.158798930342464,-2.158798930342464,-2.289626326416521,-2.356194490192345,-2.297438667476622,-2.1815222911841055,-2.0344439357957027,-2.0032041023654346,-2.0647376957144776,-2.1224513093234436,-2.0344439357957027,-1.97568811307998,-1.97568811307998,-2.0647376957144776,-2.0344439357957027,-2.0344439357957027,-2.060753653048625,-2.060753653048625,-2.060753653048625,-2.007423486608438,-2.007423486608438,-2.0344439357957027,-2.0831857871056343,-2.0831857871056343,-2.0831857871056343,-2.0831857871056343
13.437302918995556,router,ba:bd:de:13:68:55,-81,98.12305356687854,64,1.239304389863882,17.01805395353187,0,0,15,1,14,0,14,-1,13,-3,12,-4,10,-4,8,-5,7,-5,7,-6,6,-6,5,-6,4,-7,5,-7,4,-8,3,-8,3,-8,3,-8,2,-8,2,-8,1,-7,0,-7,1,-8,1,-8,1,-9,1,-8,2,-7,0,0,0,0,0,0,0,0,0,0,0,0,0,0,0,0,0,0,0,0,0,0,13,8,10,9,7,8,6,9,2,11,4,9,7,10,4,14,5,14,6,10,4,7,5,6,7,7,9,10,9,11,8,8,9,5,12,5,13,5,12,4,13,4,14,4,13,4,14,3,15,3,15,2,0.0,15.033296378372908,14.0,14.035668847618199,13.341664064126334,12.649110640673518,10.770329614269007,9.433981132056603,8.602325267042627,9.219544457292887,8.48528137423857,7.810249675906654,8.06225774829855,8.602325267042627,8.94427190999916,8.54400374531753,8.54400374531753,8.54400374531753,8.246211251235321,8.246211251235321,7.0710678118654755,7.0,8.06225774829855,8.06225774829855,9.055385138137417,8.06225774829855,7.280109889280518,0.0,0.0,0.0,0.0,0.0,0.0,0.0,0.0,0.0,0.0,0.0,15.264337522473747,13.45362404707371,10.63014581273465,10.816653826391969,11.180339887498949,9.848857801796104,12.206555615733702,14.560219778561036,14.866068747318506,11.661903789690601,8.06225774829855,7.810249675906654,9.899494936611665,13.45362404707371,14.212670403551895,11.313708498984761,10.295630140987,13.0,13.92838827718412,12.649110640673518,13.601470508735444,14.560219778561036,13.601470508735444,14.317821063276353,15.297058540778355,15.132745950421556,0.0,0.06656816377582381,0.0,-0.07130746478529032,-0.22679884805388587,-0.3217505543966422,-0.3805063771123649,-0.5585993153435624,-0.6202494859828215,-0.7086262721276703,-0.7853981633974483,-0.8760580505981934,-1.0516502125483738,-0.9505468408120752,-1.1071487177940904,-1.2120256565243244,-1.2120256565243244,-1.2120256565243244,-1.3258176636680326,-1.3258176636680326,-1.4288992721907328,-1.5707963267948966,-1.446441332248135,-1.446441332248135,-1.460139105621001,-1.446441332248135,-1.2924966677897853,0.0,0.0,0.0,0.0,0.0,0.0,0.0,0.0,0.0,0.0,0.0,0.5516549825285468,0.7328151017865066,0.8519663271732721,0.982793723247329,1.3909428270024184,1.1525719972156676,0.960070362405688,1.2924966677897853,1.2277723863741932,1.0303768265243125,1.0516502125483738,0.8760580505981934,0.7853981633974483,0.83798122500839,0.8850668158886104,0.7853981633974483,0.507098504392337,0.3947911196997615,0.3671738338182192,0.3217505543966422,0.2984989315861793,0.27829965900511133,0.2984989315861793,0.21109333322274654,0.19739555984988075,0.13255153229667402
13.545160697998654,router,ba:bd:de:13:68:55,-83,98.12305356687854,64,1.2405333880750053,16.975947068453912,0,0,8,14,9,13,9,13,8,12,6,11,6,11,6,10,7,9,8,9,7,9,6,9,7,9,7,8,8,7,8,7,6,7,5,7,6,7,7,8,7,8,6,7,5,8,5,7,4,6,4,6,4,5,0,0,0,0,0,0,0,0,0,0,0,0,0,0,0,0,0,0,0,0,0,0,8,3,7,4,6,6,7,7,9,7,9,7,9,7,8,8,7,10,7,10,8,11,8,11,7,11,6,11,6,11,6,12,6,12,7,13,7,12,8,12,10,13,11,14,10,14,10,15,10,15,10,15,0.0,16.1245154965971,15.811388300841896,15.811388300841896,14.422205101855956,12.529964086141668,12.529964086141668,11.661903789690601,11.40175425099138,12.041594578792296,11.40175425099138,10.816653826391969,11.40175425099138,10.63014581273465,10.63014581273465,10.63014581273465,9.219544457292887,8.602325267042627,9.219544457292887,10.63014581273465,10.63014581273465,9.219544457292887,9.433981132056603,8.602325267042627,7.211102550927978,7.211102550927978,6.4031242374328485,0.0,0.0,0.0,0.0,0.0,0.0,0.0,0.0,0.0,0.0,0.0,8.54400374531753,8.06225774829855,8.48528137423857,9.899494936611665,11.40175425099138,11.40175425099138,11.40175425099138,11.313708498984761,12.206555615733702,12.206555615733702,13.601470508735444,13.601470508735444,13.038404810405298,12.529964086141668,12.529964086141668,13.416407864998739,13.416407864998739,14.7648230602334,13.892443989449804,14.422205101855956,16.401219466856727,17.804493814764857,17.204650534085253,18.027756377319946,18.027756377319946,18.027756377319946,0.0,1.0516502125483738,0.9652516631899266,0.9652516631899266,0.982793723247329,1.0714496051147666,1.0714496051147666,1.0303768265243125,0.9097531579442097,0.844153986113171,0.9097531579442097,0.982793723247329,0.9097531579442097,0.8519663271732721,0.7188299996216245,0.7188299996216245,0.8621700546672264,0.9505468408120752,0.8621700546672264,0.8519663271732721,0.8519663271732721,0.8621700546672264,1.0121970114513341,0.9505468408120752,0.982793723247329,0.982793723247329,0.8960553845713439,0.0,0.0,0.0,0.0,0.0,0.0,0.0,0.0,0.0,0.0,0.0,0.35877067027057225,0.5191461142465229,0.7853981633974483,0.7853981633974483,0.6610431688506869,0.6610431688506869,0.6610431688506869,0.7853981633974483,0.960070362405688,0.960070362405688,0.9420000403794636,0.9420000403794636,1.0040671092713902,1.0714496051147666,1.0714496051147666,1.1071487177940904,1.1071487177940904,1.0768549578753155,1.042721878368537,0.982793723247329,0.9151007005533605,0.9048270894157867,0.9505468408120752,0.982793723247329,0.982793723247329,0.982793723247329
13.648736117000226,router,ba:bd:de:13:68:55,-82,98.12305356687854,64,1.241819049409767,16.922492937875603,0,0,13,10,13,10,12,10,12,9,11,7,10,7,10,7,10,6,10,6,11,5,11,4,10,4,10,3,9,3,9,3,9,3,9,3,10,3,9,4,9,5,9,4,9,3,8,3,7,4,8,4,8,5,0,0,0,0,0,0,0,0,0,0,0,0,0,0,0,0,0,0,0,0,0,0,7,5,6,5,6,5,6,6,7,7,7,7,7,8,7,8,7,8,7,9,7,9,8,9,8,9,8,10,9,9,9,9,9,10,9,11,10,11,10,11,10,11,10,11,10,11,11,11,12,11,12,12,0.0,16.401219466856727,16.401219466856727,15.620499351813308,15.0,13.038404810405298,12.206555615733702,12.206555615733702,11.661903789690601,11.661903789690601,12.083045973594572,11.704699910719626,10.770329614269007,10.44030650891055,9.486832980505138,9.486832980505138,9.486832980505138,9.486832980505138,10.44030650891055,9.848857801796104,10.295630140987,9.848857801796104,9.486832980505138,8.54400374531753,8.06225774829855,8.94427190999916,9.433981132056603,0.0,0.0,0.0,0.0,0.0,0.0,0.0,0.0,0.0,0.0,0.0,8.602325267042627,7.810249675906654,7.810249675906654,8.48528137423857,9.899494936611665,9.899494936611665,10.63014581273465,10.63014581273465,10.63014581273465,11.40175425099138,11.40175425099138,12.041594578792296,12.041594578792296,12.806248474865697,12.727922061357855,12.727922061357855,13.45362404707371,14.212670403551895,14.866068747318506,14.866068747318506,14.866068747318506,14.866068747318506,14.866068747318506,15.556349186104045,16.278820596099706,16.97056274847714,0.0,0.6556956262415362,0.6556956262415362,0.6947382761967031,0.6435011087932844,0.5667292175235064,0.6107259643892086,0.6107259643892086,0.5404195002705842,0.5404195002705842,0.4266274931268761,0.348771003583907,0.3805063771123649,0.2914567944778671,0.3217505543966422,0.3217505543966422,0.3217505543966422,0.3217505543966422,0.2914567944778671,0.4182243295792291,0.507098504392337,0.4182243295792291,0.3217505543966422,0.35877067027057225,0.5191461142465229,0.4636476090008061,0.5585993153435624,0.0,0.0,0.0,0.0,0.0,0.0,0.0,0.0,0.0,0.0,0.0,0.6202494859828215,0.6947382761967031,0.6947382761967031,0.7853981633974483,0.7853981633974483,0.7853981633974483,0.8519663271732721,0.8519663271732721,0.8519663271732721,0.9097531579442097,0.9097531579442097,0.844153986113171,0.844153986113171,0.8960553845713439,0.7853981633974483,0.7853981633974483,0.83798122500839,0.8850668158886104,0.8329812666744317,0.8329812666744317,0.8329812666744317,0.8329812666744317,0.8329812666744317,0.7853981633974483,0.7419472680059175,0.7853981633974483
13.757023596997897,router,ba:bd:de:13:68:55,-82,98.12305356687854,64,1.2427685795666952,16.866899202447584,0,0,-12,12,-12,12,-11,12,-10,12,-10,11,-9,11,-8,10,-8,10,-8,11,-7,10,-6,9,-6,9,-6,10,-4,10,-4,10,-5,10,-6,9,-6,9,-7,9,-7,8,-7,7,-6,8,-5,7,-5,7,-5,6,-5,5,0,0,0,0,0,0,0,0,0,0,0,0,0,0,0,0,0,0,0,0,0,0,-6,8,-6,8,-6,8,-7,8,-7,9,-8,9,-9,9,-10,8,-10,7,-10,8,-10,10,-10,10,-11,9,-11,8,-11,8,-11,8,-12,9,-13,10,-12,11,-12,11,-12,11,-13,12,-13,13,-13,13,-14,13,-15,13,0.0,16.97056274847714,16.97056274847714,16.278820596099706,15.620499351813308,14.866068747318506,14.212670403551895,12.806248474865697,12.806248474865697,13.601470508735444,12.206555615733702,10.816653826391969,10.816653826391969,11.661903789690601,10.770329614269007,10.770329614269007,11.180339887498949,10.816653826391969,10.816653826391969,11.40175425099138,10.63014581273465,9.899494936611665,10.0,8.602325267042627,8.602325267042627,7.810249675906654,7.0710678118654755,0.0,0.0,0.0,0.0,0.0,0.0,0.0,0.0,0.0,0.0,0.0,10.0,10.0,10.0,10.63014581273465,11.40175425099138,12.041594578792296,12.727922061357855,12.806248474865697,12.206555615733702,12.806248474865697,14.142135623730951,14.142135623730951,14.212670403551895,13.601470508735444,13.601470508735444,13.601470508735444,15.0,16.401219466856727,16.278820596099706,16.278820596099706,16.278820596099706,17.69180601295413,18.384776310850235,18.384776310850235,19.1049731745428,19.849433241279208,0.0,2.356194490192345,2.356194490192345,2.312743594800814,2.2655346029916,2.3086113869153615,2.256525837701183,2.2455372690184494,2.2455372690184494,2.1995926132103296,2.1815222911841055,2.158798930342464,2.158798930342464,2.1112158270654806,1.9513027039072615,1.9513027039072615,2.0344439357957027,2.158798930342464,2.158798930342464,2.2318394956455836,2.289626326416521,2.356194490192345,2.214297435588181,2.191045812777718,2.191045812777718,2.2655346029916,2.356194490192345,0.0,0.0,0.0,0.0,0.0,0.0,0.0,0.0,0.0,0.0,0.0,2.214297435588181,2.214297435588181,2.214297435588181,2.289626326416521,2.2318394956455836,2.297438667476622,2.356194490192345,2.4668517113662407,2.5308666892005847,2.4668517113662407,2.356194490192345,2.356194490192345,2.455863142683507,2.5127963671743605,2.5127963671743605,2.5127963671743605,2.498091544796509,2.485897027348257,2.399645385583876,2.399645385583876,2.399645385583876,2.396173177315635,2.356194490192345,2.356194490192345,2.393214606066275,2.427501954977635
13.857674675993621,router,ba:bd:de:13:68:55,-82,98.99005931863852,64,1.243820990811738,16.819890274627575,0,0,-14,9,-16,8,-15,8,-14,7,-13,7,-13,7,-12,9,-11,9,-10,9,-10,9,-10,9,-9,9,-10,9,-10,9,-9,9,-8,9,-7,8,-7,8,-8,9,-9,8,-9,8,-8,7,-8,7,-8,6,-9,6,-11,6,0,0,0,0,0,0,0,0,0,0,0,0,0,0,0,0,0,0,0,0,0,0,-9,6,-8,6,-8,7,-10,6,-11,5,-12,6,-13,6,-12,5,-13,4,-13,4,-12,5,-13,5,-14,5,-14,5,-14,4,-14,4,-15,6,-14,6,-15,6,-16,6,-15,7,-15,8,-15,9,-15,9,-15,9,-15,8,0.0,16.64331697709324,17.88854381999832,17.0,15.652475842498529,14.7648230602334,14.7648230602334,15.0,14.212670403551895,13.45362404707371,13.45362404707371,13.45362404707371,12.727922061357855,13.45362404707371,13.45362404707371,12.727922061357855,12.041594578792296,10.63014581273465,10.63014581273465,12.041594578792296,12.041594578792296,12.041594578792296,10.63014581273465,10.63014581273465,10.0,10.816653826391969,12.529964086141668,0.0,0.0,0.0,0.0,0.0,0.0,0.0,0.0,0.0,0.0,0.0,10.816653826391969,10.0,10.63014581273465,11.661903789690601,12.083045973594572,13.416407864998739,14.317821063276353,13.0,13.601470508735444,13.601470508735444,13.0,13.92838827718412,14.866068747318506,14.866068747318506,14.560219778561036,14.560219778561036,16.15549442140351,15.231546211727817,16.15549442140351,17.08800749063506,16.55294535724685,17.0,17.4928556845359,17.4928556845359,17.4928556845359,17.0,0.0,2.5702551737561663,2.677945044588987,2.651635327336065,2.677945044588987,2.647651284670212,2.647651284670212,2.498091544796509,2.455863142683507,2.408777551803287,2.408777551803287,2.408777551803287,2.356194490192345,2.408777551803287,2.408777551803287,2.356194490192345,2.297438667476622,2.289626326416521,2.289626326416521,2.297438667476622,2.4149503129080676,2.4149503129080676,2.4227626539681686,2.4227626539681686,2.498091544796509,2.5535900500422257,2.642245931909663,0.0,0.0,0.0,0.0,0.0,0.0,0.0,0.0,0.0,0.0,0.0,2.5535900500422257,2.498091544796509,2.4227626539681686,2.601173153319209,2.714965160462917,2.677945044588987,2.7091848780192556,2.746801533890032,2.843093722003614,2.843093722003614,2.746801533890032,2.774418819771574,2.79856871316909,2.79856871316909,2.8632929945846817,2.8632929945846817,2.761086276477428,2.7367008673047097,2.761086276477428,2.782821983319221,2.704965493776252,2.651635327336065,2.601173153319209,2.601173153319209,2.601173153319209,2.651635327336065
13.966615961995558,router,ba:bd:de:13:68:55,-82,98.99005931863852,64,1.2457664608793126,16.75556974108049,0,0,13,-4,13,-4,12,-3,11,-3,10,-4,10,-5,10,-5,9,-5,8,-5,9,-6,8,-6,7,-6,7,-6,7,-6,6,-7,6,-7,6,-7,5,-7,6,-7,7,-6,7,-6,7,-7,7,-6,7,-5,7,-5,6,-3,0,0,0,0,0,0,0,0,0,0,0,0,0,0,0,0,0,0,0,0,0,0,9,-3,9,-3,11,-4,11,-3,12,-2,12,-1,12,-1,12,-1,12,-2,13,-2,14,-1,14,-1,13,-1,14,-1,13,-1,13,0,14,-1,14,-2,14,-3,14,-3,14,-4,14,-4,14,-3,14,-3,15,-2,15,-2,0.0,13.601470508735444,13.601470508735444,12.36931687685298,11.40175425099138,10.770329614269007,11.180339887498949,11.180339887498949,10.295630140987,9.433981132056603,10.816653826391969,10.0,9.219544457292887,9.219544457292887,9.219544457292887,9.219544457292887,9.219544457292887,9.219544457292887,8.602325267042627,9.219544457292887,9.219544457292887,9.219544457292887,9.899494936611665,9.219544457292887,8.602325267042627,8.602325267042627,6.708203932499369,0.0,0.0,0.0,0.0,0.0,0.0,0.0,0.0,0.0,0.0,0.0,9.486832980505138,9.486832980505138,11.704699910719626,11.40175425099138,12.165525060596439,12.041594578792296,12.041594578792296,12.041594578792296,12.165525060596439,13.152946437965905,14.035668847618199,14.035668847618199,13.038404810405298,14.035668847618199,13.038404810405298,13.0,14.035668847618199,14.142135623730951,14.317821063276353,14.317821063276353,14.560219778561036,14.560219778561036,14.317821063276353,14.317821063276353,15.132745950421556,15.132745950421556,0.0,-0.2984989315861793,-0.2984989315861793,-0.24497866312686414,-0.2662520491509254,-0.3805063771123649,-0.4636476090008061,-0.4636476090008061,-0.507098504392337,-0.5585993153435624,-0.5880026035475675,-0.6435011087932844,-0.7086262721276703,-0.7086262721276703,-0.7086262721276703,-0.8621700546672264,-0.8621700546672264,-0.8621700546672264,-0.9505468408120752,-0.8621700546672264,-0.7086262721276703,-0.7086262721276703,-0.7853981633974483,-0.7086262721276703,-0.6202494859828215,-0.6202494859828215,-0.4636476090008061,0.0,0.0,0.0,0.0,0.0,0.0,0.0,0.0,0.0,0.0,0.0,-0.3217505543966422,-0.3217505543966422,-0.348771003583907,-0.2662520491509254,-0.16514867741462683,-0.08314123188844123,-0.08314123188844123,-0.08314123188844123,-0.16514867741462683,-0.15264932839526515,-0.07130746478529032,-0.07130746478529032,-0.07677189126977804,-0.07130746478529032,-0.07677189126977804,0.0,-0.07130746478529032,-0.14189705460416394,-0.21109333322274654,-0.21109333322274654,-0.27829965900511133,-0.27829965900511133,-0.21109333322274654,-0.21109333322274654,-0.13255153229667402,-0.13255153229667402
14.077161769993836,router,ba:bd:de:13:68:55,-83,98.99005931863852,64,1.2449016630535987,16.668488212623352,0,0,6,-16,8,-15,7,-14,6,-14,5,-13,4,-12,4,-12,3,-12,3,-12,2,-12,0,-11,0,-10,0,-10,-1,-9,-1,-10,-2,-11,-2,-12,-2,-12,-1,-11,-2,-9,-2,-10,0,-11,1,-10,1,-10,1,-10,1,-11,0,0,0,0,0,0,0,0,0,0,0,0,0,0,0,0,0,0,0,0,0,0,6,-9,7,-9,8,-9,8,-9,8,-10,9,-9,10,-9,11,-9,10,-9,10,-9,11,-9,11,-9,10,-9,10,-9,10,-9,10,-10,10,-12,9,-13,9,-13,9,-12,9,-12,9,-13,9,-14,10,-14,10,-14,10,-14,0.0,17.08800749063506,17.0,15.652475842498529,15.231546211727817,13.92838827718412,12.649110640673518,12.649110640673518,12.36931687685298,12.36931687685298,12.165525060596439,11.0,10.0,10.0,9.055385138137417,10.04987562112089,11.180339887498949,12.165525060596439,12.165525060596439,11.045361017187261,9.219544457292887,10.198039027185569,11.0,10.04987562112089,10.04987562112089,10.04987562112089,11.045361017187261,0.0,0.0,0.0,0.0,0.0,0.0,0.0,0.0,0.0,0.0,0.0,10.816653826391969,11.40175425099138,12.041594578792296,12.041594578792296,12.806248474865697,12.727922061357855,13.45362404707371,14.212670403551895,13.45362404707371,13.45362404707371,14.212670403551895,14.212670403551895,13.45362404707371,13.45362404707371,13.45362404707371,14.142135623730951,15.620499351813308,15.811388300841896,15.811388300841896,15.0,15.0,15.811388300841896,16.64331697709324,17.204650534085253,17.204650534085253,17.204650534085253,0.0,-1.2120256565243244,-1.0808390005411683,-1.1071487177940904,-1.1659045405098132,-1.2036224929766774,-1.2490457723982544,-1.2490457723982544,-1.3258176636680326,-1.3258176636680326,-1.4056476493802699,-1.5707963267948966,-1.5707963267948966,-1.5707963267948966,-1.6814535479687922,-1.6704649792860586,-1.750649826587375,-1.7359450042095235,-1.7359450042095235,-1.6614562139956417,-1.7894652726688385,-1.7681918866447774,-1.5707963267948966,-1.4711276743037347,-1.4711276743037347,-1.4711276743037347,-1.4801364395941514,0.0,0.0,0.0,0.0,0.0,0.0,0.0,0.0,0.0,0.0,0.0,-0.982793723247329,-0.9097531579442097,-0.844153986113171,-0.844153986113171,-0.8960553845713439,-0.7853981633974483,-0.7328151017865066,-0.6857295109062863,-0.7328151017865066,-0.7328151017865066,-0.6857295109062863,-0.6857295109062863,-0.7328151017865066,-0.7328151017865066,-0.7328151017865066,-0.7853981633974483,-0.8760580505981934,-0.9652516631899266,-0.9652516631899266,-0.9272952180016122,-0.9272952180016122,-0.9652516631899266,-0.9994588469612699,-0.9505468408120752,-0.9505468408120752,-0.9505468408120752
14.185185886999534,router,ba:bd:de:13:68:55,-81,98.99005931863852,64,1.2440377396265632,16.56314683914956,0,0,15,-5,15,-5,15,-4,14,-4,12,-5,12,-5,12,-5,11,-5,10,-6,10,-6,9,-6,8,-6,7,-6,7,-7,7,-7,8,-6,9,-5,8,-5,7,-6,7,-6,7,-5,7,-5,7,-5,7,-5,7,-3,5,-1,0,0,0,0,0,0,0,0,0,0,0,0,0,0,0,0,0,0,0,0,0,0,9,-6,9,-6,10,-5,10,-5,10,-5,11,-5,11,-5,12,-5,13,-4,13,-4,13,-3,13,-4,13,-4,13,-4,14,-4,14,-4,14,-4,15,-4,15,-4,15,-4,14,-5,14,-6,14,-6,16,-6,16,-7,16,-7,0.0,15.811388300841896,15.811388300841896,15.524174696260024,14.560219778561036,13.0,13.0,13.0,12.083045973594572,11.661903789690601,11.661903789690601,10.816653826391969,10.0,9.219544457292887,9.899494936611665,9.899494936611665,10.0,10.295630140987,9.433981132056603,9.219544457292887,9.219544457292887,8.602325267042627,8.602325267042627,8.602325267042627,8.602325267042627,7.615773105863909,5.0990195135927845,0.0,0.0,0.0,0.0,0.0,0.0,0.0,0.0,0.0,0.0,0.0,10.816653826391969,10.816653826391969,11.180339887498949,11.180339887498949,11.180339887498949,12.083045973594572,12.083045973594572,13.0,13.601470508735444,13.601470508735444,13.341664064126334,13.601470508735444,13.601470508735444,13.601470508735444,14.560219778561036,14.560219778561036,14.560219778561036,15.524174696260024,15.524174696260024,15.524174696260024,14.866068747318506,15.231546211727817,15.231546211727817,17.08800749063506,17.46424919657298,17.46424919657298,0.0,-0.3217505543966422,-0.3217505543966422,-0.260602391747341,-0.27829965900511133,-0.3947911196997615,-0.3947911196997615,-0.3947911196997615,-0.4266274931268761,-0.5404195002705842,-0.5404195002705842,-0.5880026035475675,-0.6435011087932844,-0.7086262721276703,-0.7853981633974483,-0.7853981633974483,-0.6435011087932844,-0.507098504392337,-0.5585993153435624,-0.7086262721276703,-0.7086262721276703,-0.6202494859828215,-0.6202494859828215,-0.6202494859828215,-0.6202494859828215,-0.40489178628508343,-0.19739555984988075,0.0,0.0,0.0,0.0,0.0,0.0,0.0,0.0,0.0,0.0,0.0,-0.5880026035475675,-0.5880026035475675,-0.4636476090008061,-0.4636476090008061,-0.4636476090008061,-0.4266274931268761,-0.4266274931268761,-0.3947911196997615,-0.2984989315861793,-0.2984989315861793,-0.22679884805388587,-0.2984989315861793,-0.2984989315861793,-0.2984989315861793,-0.27829965900511133,-0.27829965900511133,-0.27829965900511133,-0.260602391747341,-0.260602391747341,-0.260602391747341,-0.3430239404207034,-0.40489178628508343,-0.40489178628508343,-0.35877067027057225,-0.4124104415973873,-0.4124104415973873
14.286473213993304,router,ba:bd:de:13:68:55,-82,98.99005931863852,64,1.2402761405054703,16.447933425973375,0,0,-15,-8,-14,-7,-14,-6,-14,-6,-15,-5,-14,-5,-13,-5,-13,-4,-12,-4,-12,-4,-12,-2,-12,-2,-12,-2,-12,-1,-11,-2,-11,-2,-10,-2,-11,-2,-11,-3,-12,-3,-11,-2,-11,-3,-10,-4,-10,-5,-10,-4,-9,-3,0,0,0,0,0,0,0,0,0,0,0,0,0,0,0,0,0,0,0,0,0,0,-10,-3,-9,-3,-9,-3,-9,-3,-11,-3,-11,-5,-11,-6,-11,-6,-12,-6,-12,-7,-13,-7,-13,-8,-12,-8,-13,-8,-13,-8,-13,-8,-14,-8,-14,-8,-13,-8,-13,-7,-13,-7,-13,-8,-15,-7,-15,-7,-14,-8,-15,-9,0.0,17.0,15.652475842498529,15.231546211727817,15.231546211727817,15.811388300841896,14.866068747318506,13.92838827718412,13.601470508735444,12.649110640673518,12.649110640673518,12.165525060596439,12.165525060596439,12.165525060596439,12.041594578792296,11.180339887498949,11.180339887498949,10.198039027185569,11.180339887498949,11.40175425099138,12.36931687685298,11.180339887498949,11.40175425099138,10.770329614269007,11.180339887498949,10.770329614269007,9.486832980505138,0.0,0.0,0.0,0.0,0.0,0.0,0.0,0.0,0.0,0.0,0.0,10.44030650891055,9.486832980505138,9.486832980505138,9.486832980505138,11.40175425099138,12.083045973594572,12.529964086141668,12.529964086141668,13.416407864998739,13.892443989449804,14.7648230602334,15.264337522473747,14.422205101855956,15.264337522473747,15.264337522473747,15.264337522473747,16.1245154965971,16.1245154965971,15.264337522473747,14.7648230602334,14.7648230602334,15.264337522473747,16.55294535724685,16.55294535724685,16.1245154965971,17.4928556845359,0.0,-2.651635327336065,-2.677945044588987,-2.7367008673047097,-2.7367008673047097,-2.819842099193151,-2.79856871316909,-2.774418819771574,-2.843093722003614,-2.819842099193151,-2.819842099193151,-2.976443976175166,-2.976443976175166,-2.976443976175166,-3.058451421701352,-2.961739153797315,-2.961739153797315,-2.9441970937399127,-2.961739153797315,-2.875340604438868,-2.896613990462929,-2.961739153797315,-2.875340604438868,-2.761086276477428,-2.677945044588987,-2.761086276477428,-2.819842099193151,0.0,0.0,0.0,0.0,0.0,0.0,0.0,0.0,0.0,0.0,0.0,-2.8501358591119264,-2.819842099193151,-2.819842099193151,-2.819842099193151,-2.875340604438868,-2.714965160462917,-2.642245931909663,-2.642245931909663,-2.677945044588987,-2.6135182051634334,-2.647651284670212,-2.5899376710612465,-2.5535900500422257,-2.5899376710612465,-2.5899376710612465,-2.5899376710612465,-2.62244653934327,-2.62244653934327,-2.5899376710612465,-2.647651284670212,-2.647651284670212,-2.5899376710612465,-2.704965493776252,-2.704965493776252,-2.62244653934327,-2.601173153319209
14.395602138996765,router,ba:bd:de:13:68:55,-82,98.99005931863852,64,1.2386715946337363,16.33652024854183,0,0,10,11,10,12,9,11,9,10,9,9,9,8,10,8,9,7,9,6,9,5,10,6,10,6,9,6,8,5,8,5,8,5,9,4,9,4,10,5,9,5,9,6,8,6,7,6,7,6,6,7,4,6,0,0,0,0,0,0,0,0,0,0,0,0,0,0,0,0,0,0,0,0,0,0,7,7,6,7,5,7,6,8,7,9,7,9,6,8,7,7,8,9,6,11,6,12,6,10,4,10,3,11,5,11,7,10,7,9,6,11,6,12,7,13,8,13,9,13,8,13,7,13,9,12,9,11,0.0,14.866068747318506,15.620499351813308,14.212670403551895,13.45362404707371,12.727922061357855,12.041594578792296,12.806248474865697,11.40175425099138,10.816653826391969,10.295630140987,11.661903789690601,11.661903789690601,10.816653826391969,9.433981132056603,9.433981132056603,9.433981132056603,9.848857801796104,9.848857801796104,11.180339887498949,10.295630140987,10.816653826391969,10.0,9.219544457292887,9.219544457292887,9.219544457292887,7.211102550927978,0.0,0.0,0.0,0.0,0.0,0.0,0.0,0.0,0.0,0.0,0.0,9.899494936611665,9.219544457292887,8.602325267042627,10.0,11.40175425099138,11.40175425099138,10.0,9.899494936611665,12.041594578792296,12.529964086141668,13.416407864998739,11.661903789690601,10.770329614269007,11.40175425099138,12.083045973594572,12.206555615733702,11.40175425099138,12.529964086141668,13.416407864998739,14.7648230602334,15.264337522473747,15.811388300841896,15.264337522473747,14.7648230602334,15.0,14.212670403551895,0.0,0.8329812666744317,0.8760580505981934,0.8850668158886104,0.83798122500839,0.7853981633974483,0.7266423406817256,0.6747409422235526,0.6610431688506869,0.5880026035475675,0.507098504392337,0.5404195002705842,0.5404195002705842,0.5880026035475675,0.5585993153435624,0.5585993153435624,0.5585993153435624,0.4182243295792291,0.4182243295792291,0.4636476090008061,0.507098504392337,0.5880026035475675,0.6435011087932844,0.7086262721276703,0.7086262721276703,0.8621700546672264,0.982793723247329,0.0,0.0,0.0,0.0,0.0,0.0,0.0,0.0,0.0,0.0,0.0,0.7853981633974483,0.8621700546672264,0.9505468408120752,0.9272952180016122,0.9097531579442097,0.9097531579442097,0.9272952180016122,0.7853981633974483,0.844153986113171,1.0714496051147666,1.1071487177940904,1.0303768265243125,1.1902899496825317,1.3045442776439713,1.1441688336680205,0.960070362405688,0.9097531579442097,1.0714496051147666,1.1071487177940904,1.0768549578753155,1.0191413442663497,0.9652516631899266,1.0191413442663497,1.0768549578753155,0.9272952180016122,0.8850668158886104
14.505528570000024,router,ba:bd:de:13:68:55,-82,98.99005931863852,64,1.2365061061003353,16.284902635875213,0,0,-6,17,-5,17,-5,16,-4,13,-3,13,-3,14,-3,14,-2,13,-2,12,-1,11,-1,11,-1,11,-1,11,-1,11,0,11,0,11,0,10,-1,10,-1,10,-1,11,-2,11,-3,11,-3,10,-3,10,-3,10,-4,8,0,0,0,0,0,0,0,0,0,0,0,0,0,0,0,0,0,0,0,0,0,0,-1,7,-3,8,-4,9,-3,9,-2,9,-3,10,-5,11,-5,11,-4,11,-4,13,-5,13,-5,13,-5,13,-4,12,-5,12,-6,13,-7,14,-7,14,-6,14,-6,14,-5,15,-5,15,-5,15,-5,15,-4,16,-4,17,0.0,18.027756377319946,17.72004514666935,16.76305461424021,13.601470508735444,13.341664064126334,14.317821063276353,14.317821063276353,13.152946437965905,12.165525060596439,11.045361017187261,11.045361017187261,11.045361017187261,11.045361017187261,11.045361017187261,11.0,11.0,10.0,10.04987562112089,10.04987562112089,11.045361017187261,11.180339887498949,11.40175425099138,10.44030650891055,10.44030650891055,10.44030650891055,8.94427190999916,0.0,0.0,0.0,0.0,0.0,0.0,0.0,0.0,0.0,0.0,0.0,7.0710678118654755,8.54400374531753,9.848857801796104,9.486832980505138,9.219544457292887,10.44030650891055,12.083045973594572,12.083045973594572,11.704699910719626,13.601470508735444,13.92838827718412,13.92838827718412,13.92838827718412,12.649110640673518,13.0,14.317821063276353,15.652475842498529,15.652475842498529,15.231546211727817,15.231546211727817,15.811388300841896,15.811388300841896,15.811388300841896,15.811388300841896,16.492422502470642,17.46424919657298,0.0,1.9100889412489412,1.856847768512215,1.873681195169868,1.8692952583810758,1.7975951748487824,1.7818896600176433,1.7818896600176433,1.7234456551901618,1.7359450042095235,1.6614562139956417,1.6614562139956417,1.6614562139956417,1.6614562139956417,1.6614562139956417,1.5707963267948966,1.5707963267948966,1.5707963267948966,1.6704649792860586,1.6704649792860586,1.6614562139956417,1.750649826587375,1.837048375945822,1.8622531212727638,1.8622531212727638,1.8622531212727638,2.0344439357957027,0.0,0.0,0.0,0.0,0.0,0.0,0.0,0.0,0.0,0.0,0.0,1.7126933813990606,1.9295669970654687,1.9890206563741257,1.892546881191539,1.7894652726688385,1.8622531212727638,1.9974238199217726,1.9974238199217726,1.9195673303788037,1.8692952583810758,1.9379701606131159,1.9379701606131159,1.9379701606131159,1.892546881191539,1.965587446494658,2.0032041023654346,2.0344439357957027,2.0344439357957027,1.97568811307998,1.97568811307998,1.892546881191539,1.892546881191539,1.892546881191539,1.892546881191539,1.8157749899217608,1.8018869939907938
14.607358764995297,router,ba:bd:de:13:68:55,-84,98.99005931863852,64,1.2354166280719618,16.287329968693747,0,0,-20,-6,-18,-5,-16,-5,-15,-6,-14,-5,-14,-4,-15,-5,-15,-6,-14,-5,-13,-3,-12,-2,-12,-2,-13,-2,-13,-3,-13,-2,-13,-2,-13,-3,-12,-2,-11,-2,-11,-2,-10,-2,-10,-2,-11,-2,-11,-4,-10,-5,-7,-5,0,0,0,0,0,0,0,0,0,0,0,0,0,0,0,0,0,0,0,0,0,0,-10,-3,-11,-3,-12,-4,-11,-5,-10,-5,-10,-4,-11,-4,-12,-6,-13,-7,-12,-8,-12,-7,-13,-6,-13,-5,-13,-7,-14,-8,-13,-8,-13,-8,-14,-7,-15,-6,-16,-6,-16,-6,-15,-6,-16,-6,-16,-6,-16,-6,-17,-5,0.0,20.8806130178211,18.681541692269406,16.76305461424021,16.15549442140351,14.866068747318506,14.560219778561036,15.811388300841896,16.15549442140351,14.866068747318506,13.341664064126334,12.165525060596439,12.165525060596439,13.152946437965905,13.341664064126334,13.152946437965905,13.152946437965905,13.341664064126334,12.165525060596439,11.180339887498949,11.180339887498949,10.198039027185569,10.198039027185569,11.180339887498949,11.704699910719626,11.180339887498949,8.602325267042627,0.0,0.0,0.0,0.0,0.0,0.0,0.0,0.0,0.0,0.0,0.0,10.44030650891055,11.40175425099138,12.649110640673518,12.083045973594572,11.180339887498949,10.770329614269007,11.704699910719626,13.416407864998739,14.7648230602334,14.422205101855956,13.892443989449804,14.317821063276353,13.92838827718412,14.7648230602334,16.1245154965971,15.264337522473747,15.264337522473747,15.652475842498529,16.15549442140351,17.08800749063506,17.08800749063506,16.15549442140351,17.08800749063506,17.08800749063506,17.08800749063506,17.72004514666935,0.0,-2.8501358591119264,-2.8706458032513726,-2.838707785214822,-2.761086276477428,-2.79856871316909,-2.8632929945846817,-2.819842099193151,-2.761086276477428,-2.79856871316909,-2.9147938055359073,-2.976443976175166,-2.976443976175166,-2.988943325194528,-2.9147938055359073,-2.988943325194528,-2.988943325194528,-2.9147938055359073,-2.976443976175166,-2.961739153797315,-2.961739153797315,-2.9441970937399127,-2.9441970937399127,-2.961739153797315,-2.7928216500058864,-2.677945044588987,-2.5213431676069717,0.0,0.0,0.0,0.0,0.0,0.0,0.0,0.0,0.0,0.0,0.0,-2.8501358591119264,-2.875340604438868,-2.819842099193151,-2.714965160462917,-2.677945044588987,-2.761086276477428,-2.7928216500058864,-2.677945044588987,-2.647651284670212,-2.5535900500422257,-2.6135182051634334,-2.7091848780192556,-2.774418819771574,-2.647651284670212,-2.62244653934327,-2.5899376710612465,-2.5899376710612465,-2.677945044588987,-2.761086276477428,-2.782821983319221,-2.782821983319221,-2.761086276477428,-2.782821983319221,-2.782821983319221,-2.782821983319221,-2.8555412118724752
14.716884361994744,router,ba:bd:de:13:68:55,-82,98.99005931863852,64,1.2337700088863657,16.32461248227551,0,0,-15,6,-14,6,-14,7,-13,7,-12,7,-12,6,-12,6,-11,6,-10,6,-10,6,-9,6,-8,7,-9,7,-10,7,-10,7,-10,7,-9,6,-9,5,-9,6,-9,6,-9,4,-8,4,-8,5,-9,5,-9,4,-10,3,0,0,0,0,0,0,0,0,0,0,0,0,0,0,0,0,0,0,0,0,0,0,-9,4,-9,5,-9,6,-9,5,-10,5,-11,6,-12,6,-12,6,-12,5,-12,5,-13,6,-13,5,-13,4,-13,4,-13,4,-13,4,-13,4,-14,4,-14,5,-15,6,-15,7,-15,6,-15,6,-14,7,-15,7,-16,7,0.0,16.15549442140351,15.231546211727817,15.652475842498529,14.7648230602334,13.892443989449804,13.416407864998739,13.416407864998739,12.529964086141668,11.661903789690601,11.661903789690601,10.816653826391969,10.63014581273465,11.40175425099138,12.206555615733702,12.206555615733702,12.206555615733702,10.816653826391969,10.295630140987,10.816653826391969,10.816653826391969,9.848857801796104,8.94427190999916,9.433981132056603,10.295630140987,9.848857801796104,10.44030650891055,0.0,0.0,0.0,0.0,0.0,0.0,0.0,0.0,0.0,0.0,0.0,9.848857801796104,10.295630140987,10.816653826391969,10.295630140987,11.180339887498949,12.529964086141668,13.416407864998739,13.416407864998739,13.0,13.0,14.317821063276353,13.92838827718412,13.601470508735444,13.601470508735444,13.601470508735444,13.601470508735444,13.601470508735444,14.560219778561036,14.866068747318506,16.15549442140351,16.55294535724685,16.15549442140351,16.15549442140351,15.652475842498529,16.55294535724685,17.46424919657298,0.0,2.761086276477428,2.7367008673047097,2.677945044588987,2.647651284670212,2.6135182051634334,2.677945044588987,2.677945044588987,2.642245931909663,2.601173153319209,2.601173153319209,2.5535900500422257,2.4227626539681686,2.4805494847391065,2.5308666892005847,2.5308666892005847,2.5308666892005847,2.5535900500422257,2.6344941491974563,2.5535900500422257,2.5535900500422257,2.723368324010564,2.677945044588987,2.5829933382462307,2.6344941491974563,2.723368324010564,2.8501358591119264,0.0,0.0,0.0,0.0,0.0,0.0,0.0,0.0,0.0,0.0,0.0,2.723368324010564,2.6344941491974563,2.5535900500422257,2.6344941491974563,2.677945044588987,2.642245931909663,2.677945044588987,2.677945044588987,2.746801533890032,2.746801533890032,2.7091848780192556,2.774418819771574,2.843093722003614,2.843093722003614,2.843093722003614,2.843093722003614,2.843093722003614,2.8632929945846817,2.79856871316909,2.761086276477428,2.704965493776252,2.761086276477428,2.761086276477428,2.677945044588987,2.704965493776252,2.729182211992406
14.824797486995521,router,ba:bd:de:13:68:55,-82,99.78199609567366,64,1.2309428544870575,16.383127741875768,0,0,12,10,12,10,11,11,10,10,10,9,9,8,9,8,9,8,9,8,9,7,9,6,9,6,10,5,9,5,9,5,9,5,9,5,8,4,7,4,7,5,7,6,7,6,7,6,7,6,6,6,5,4,0,0,0,0,0,0,0,0,0,0,0,0,0,0,0,0,0,0,0,0,0,0,9,7,8,6,8,7,8,7,9,8,9,10,8,10,7,10,8,10,8,10,8,10,7,10,8,10,8,11,7,11,8,10,8,12,9,12,9,11,10,11,10,11,10,11,10,11,10,11,10,12,11,12,0.0,15.620499351813308,15.620499351813308,15.556349186104045,14.142135623730951,13.45362404707371,12.041594578792296,12.041594578792296,12.041594578792296,12.041594578792296,11.40175425099138,10.816653826391969,10.816653826391969,11.180339887498949,10.295630140987,10.295630140987,10.295630140987,10.295630140987,8.94427190999916,8.06225774829855,8.602325267042627,9.219544457292887,9.219544457292887,9.219544457292887,9.219544457292887,8.48528137423857,6.4031242374328485,0.0,0.0,0.0,0.0,0.0,0.0,0.0,0.0,0.0,0.0,0.0,11.40175425099138,10.0,10.63014581273465,10.63014581273465,12.041594578792296,13.45362404707371,12.806248474865697,12.206555615733702,12.806248474865697,12.806248474865697,12.806248474865697,12.206555615733702,12.806248474865697,13.601470508735444,13.038404810405298,12.806248474865697,14.422205101855956,15.0,14.212670403551895,14.866068747318506,14.866068747318506,14.866068747318506,14.866068747318506,14.866068747318506,15.620499351813308,16.278820596099706,0.0,0.6947382761967031,0.6947382761967031,0.7853981633974483,0.7853981633974483,0.7328151017865066,0.7266423406817256,0.7266423406817256,0.7266423406817256,0.7266423406817256,0.6610431688506869,0.5880026035475675,0.5880026035475675,0.4636476090008061,0.507098504392337,0.507098504392337,0.507098504392337,0.507098504392337,0.4636476090008061,0.5191461142465229,0.6202494859828215,0.7086262721276703,0.7086262721276703,0.7086262721276703,0.7086262721276703,0.7853981633974483,0.6747409422235526,0.0,0.0,0.0,0.0,0.0,0.0,0.0,0.0,0.0,0.0,0.0,0.6610431688506869,0.6435011087932844,0.7188299996216245,0.7188299996216245,0.7266423406817256,0.83798122500839,0.8960553845713439,0.960070362405688,0.8960553845713439,0.8960553845713439,0.8960553845713439,0.960070362405688,0.8960553845713439,0.9420000403794636,1.0040671092713902,0.8960553845713439,0.982793723247329,0.9272952180016122,0.8850668158886104,0.8329812666744317,0.8329812666744317,0.8329812666744317,0.8329812666744317,0.8329812666744317,0.8760580505981934,0.8288490587889792
14.927162381995004,router,ba:bd:de:13:68:55,-81,99.78199609567366,64,1.229077071390757,16.453162905877782,0,0,8,13,7,13,7,13,6,13,6,13,7,12,7,12,8,11,8,10,7,9,7,9,8,9,8,8,8,8,7,9,7,9,8,8,7,9,7,9,6,8,6,8,6,9,6,9,5,9,4,8,4,8,0,0,0,0,0,0,0,0,0,0,0,0,0,0,0,0,0,0,0,0,0,0,4,8,3,9,2,9,3,9,4,9,4,10,3,10,2,11,2,12,2,12,3,12,4,11,4,11,3,12,3,12,3,12,3,12,3,12,3,12,4,13,4,13,5,14,6,14,5,15,6,15,6,14,0.0,15.264337522473747,14.7648230602334,14.7648230602334,14.317821063276353,14.317821063276353,13.892443989449804,13.892443989449804,13.601470508735444,12.806248474865697,11.40175425099138,11.40175425099138,12.041594578792296,11.313708498984761,11.313708498984761,11.40175425099138,11.40175425099138,11.313708498984761,11.40175425099138,11.40175425099138,10.0,10.0,10.816653826391969,10.816653826391969,10.295630140987,8.94427190999916,8.94427190999916,0.0,0.0,0.0,0.0,0.0,0.0,0.0,0.0,0.0,0.0,0.0,8.94427190999916,9.486832980505138,9.219544457292887,9.486832980505138,9.848857801796104,10.770329614269007,10.44030650891055,11.180339887498949,12.165525060596439,12.165525060596439,12.36931687685298,11.704699910719626,11.704699910719626,12.36931687685298,12.36931687685298,12.36931687685298,12.36931687685298,12.36931687685298,12.36931687685298,13.601470508735444,13.601470508735444,14.866068747318506,15.231546211727817,15.811388300841896,16.15549442140351,15.231546211727817,0.0,1.0191413442663497,1.0768549578753155,1.0768549578753155,1.1383885512243588,1.1383885512243588,1.042721878368537,1.042721878368537,0.9420000403794636,0.8960553845713439,0.9097531579442097,0.9097531579442097,0.844153986113171,0.7853981633974483,0.7853981633974483,0.9097531579442097,0.9097531579442097,0.7853981633974483,0.9097531579442097,0.9097531579442097,0.9272952180016122,0.9272952180016122,0.982793723247329,0.982793723247329,1.0636978224025597,1.1071487177940904,1.1071487177940904,0.0,0.0,0.0,0.0,0.0,0.0,0.0,0.0,0.0,0.0,0.0,1.1071487177940904,1.2490457723982544,1.3521273809209546,1.2490457723982544,1.1525719972156676,1.1902899496825317,1.2793395323170296,1.3909428270024184,1.4056476493802699,1.4056476493802699,1.3258176636680326,1.2220253232109897,1.2220253232109897,1.3258176636680326,1.3258176636680326,1.3258176636680326,1.3258176636680326,1.3258176636680326,1.3258176636680326,1.2722973952087173,1.2722973952087173,1.2277723863741932,1.1659045405098132,1.2490457723982544,1.1902899496825317,1.1659045405098132
15.035897654997825,router,ba:bd:de:13:68:55,-83,99.78199609567366,64,1.2281920227503242,16.527749207711487,0,0,10,11,10,12,9,12,8,11,8,9,9,8,10,9,9,8,8,6,8,4,9,5,9,5,9,4,9,5,9,4,9,2,9,2,10,3,10,2,9,1,7,2,6,3,7,2,8,1,8,2,9,2,0,0,0,0,0,0,0,0,0,0,0,0,0,0,0,0,0,0,0,0,0,0,8,6,5,6,5,8,4,11,3,11,4,10,4,11,3,12,3,12,4,12,5,11,5,11,5,11,6,12,6,13,6,12,6,12,7,13,7,14,8,15,8,13,8,13,8,13,10,14,10,15,9,14,0.0,14.866068747318506,15.620499351813308,15.0,13.601470508735444,12.041594578792296,12.041594578792296,13.45362404707371,12.041594578792296,10.0,8.94427190999916,10.295630140987,10.295630140987,9.848857801796104,10.295630140987,9.848857801796104,9.219544457292887,9.219544457292887,10.44030650891055,10.198039027185569,9.055385138137417,7.280109889280518,6.708203932499369,7.280109889280518,8.06225774829855,8.246211251235321,9.219544457292887,0.0,0.0,0.0,0.0,0.0,0.0,0.0,0.0,0.0,0.0,0.0,10.0,7.810249675906654,9.433981132056603,11.704699910719626,11.40175425099138,10.770329614269007,11.704699910719626,12.36931687685298,12.36931687685298,12.649110640673518,12.083045973594572,12.083045973594572,12.083045973594572,13.416407864998739,14.317821063276353,13.416407864998739,13.416407864998739,14.7648230602334,15.652475842498529,17.0,15.264337522473747,15.264337522473747,15.264337522473747,17.204650534085253,18.027756377319946,16.64331697709324,0.0,0.8329812666744317,0.8760580505981934,0.9272952180016122,0.9420000403794636,0.844153986113171,0.7266423406817256,0.7328151017865066,0.7266423406817256,0.6435011087932844,0.4636476090008061,0.507098504392337,0.507098504392337,0.4182243295792291,0.507098504392337,0.4182243295792291,0.21866894587394195,0.21866894587394195,0.2914567944778671,0.19739555984988075,0.11065722117389565,0.27829965900511133,0.4636476090008061,0.27829965900511133,0.12435499454676144,0.24497866312686414,0.21866894587394195,0.0,0.0,0.0,0.0,0.0,0.0,0.0,0.0,0.0,0.0,0.0,0.6435011087932844,0.8760580505981934,1.0121970114513341,1.2220253232109897,1.3045442776439713,1.1902899496825317,1.2220253232109897,1.3258176636680326,1.3258176636680326,1.2490457723982544,1.1441688336680205,1.1441688336680205,1.1441688336680205,1.1071487177940904,1.1383885512243588,1.1071487177940904,1.1071487177940904,1.0768549578753155,1.1071487177940904,1.0808390005411683,1.0191413442663497,1.0191413442663497,1.0191413442663497,0.9505468408120752,0.982793723247329,0.9994588469612699
15.136251665993768,router,ba:bd:de:13:68:55,-81,99.78199609567366,64,1.2273529051906689,16.60180343063746,0,0,-13,-10,-14,-10,-15,-10,-14,-10,-13,-10,-12,-9,-11,-8,-12,-7,-13,-7,-13,-6,-12,-6,-11,-5,-11,-5,-11,-5,-12,-4,-12,-4,-12,-4,-11,-3,-9,-4,-9,-5,-10,-5,-11,-6,-10,-6,-9,-6,-8,-6,-9,-5,0,0,0,0,0,0,0,0,0,0,0,0,0,0,0,0,0,0,0,0,0,0,-11,-5,-11,-6,-12,-6,-11,-8,-11,-9,-11,-9,-11,-9,-12,-9,-12,-9,-11,-10,-10,-10,-10,-11,-10,-11,-11,-11,-12,-11,-12,-11,-12,-11,-13,-11,-12,-11,-12,-11,-13,-11,-13,-12,-13,-11,-14,-11,-14,-12,-14,-13,0.0,16.401219466856727,17.204650534085253,18.027756377319946,17.204650534085253,16.401219466856727,15.0,13.601470508735444,13.892443989449804,14.7648230602334,14.317821063276353,13.416407864998739,12.083045973594572,12.083045973594572,12.083045973594572,12.649110640673518,12.649110640673518,12.649110640673518,11.40175425099138,9.848857801796104,10.295630140987,11.180339887498949,12.529964086141668,11.661903789690601,10.816653826391969,10.0,10.295630140987,0.0,0.0,0.0,0.0,0.0,0.0,0.0,0.0,0.0,0.0,0.0,12.083045973594572,12.529964086141668,13.416407864998739,13.601470508735444,14.212670403551895,14.212670403551895,14.212670403551895,15.0,15.0,14.866068747318506,14.142135623730951,14.866068747318506,14.866068747318506,15.556349186104045,16.278820596099706,16.278820596099706,16.278820596099706,17.029386365926403,16.278820596099706,16.278820596099706,17.029386365926403,17.69180601295413,17.029386365926403,17.804493814764857,18.439088914585774,19.1049731745428,0.0,-2.485897027348257,-2.5213431676069717,-2.5535900500422257,-2.5213431676069717,-2.485897027348257,-2.498091544796509,-2.5127963671743605,-2.6135182051634334,-2.647651284670212,-2.7091848780192556,-2.677945044588987,-2.714965160462917,-2.714965160462917,-2.714965160462917,-2.819842099193151,-2.819842099193151,-2.819842099193151,-2.875340604438868,-2.723368324010564,-2.6344941491974563,-2.677945044588987,-2.642245931909663,-2.601173153319209,-2.5535900500422257,-2.498091544796509,-2.6344941491974563,0.0,0.0,0.0,0.0,0.0,0.0,0.0,0.0,0.0,0.0,0.0,-2.714965160462917,-2.642245931909663,-2.677945044588987,-2.5127963671743605,-2.455863142683507,-2.455863142683507,-2.455863142683507,-2.498091544796509,-2.498091544796509,-2.403777593469328,-2.356194490192345,-2.3086113869153615,-2.3086113869153615,-2.356194490192345,-2.399645385583876,-2.399645385583876,-2.399645385583876,-2.439335722080786,-2.399645385583876,-2.399645385583876,-2.439335722080786,-2.396173177315635,-2.439335722080786,-2.4756234162106834,-2.432966381462123,-2.393214606066275
15.246771946993249,router,ba:bd:de:13:68:55,-81,99.78199609567366,64,1.2258308982269739,16.67142178842608,0,0,-10,13,-11,12,-11,11,-10,11,-9,11,-9,11,-9,11,-8,11,-7,11,-6,11,-6,12,-6,12,-6,12,-7,11,-7,11,-5,11,-5,11,-6,11,-6,11,-6,11,-6,10,-7,9,-7,8,-7,8,-7,8,-7,9,0,0,0,0,0,0,0,0,0,0,0,0,0,0,0,0,0,0,0,0,0,0,-6,6,-6,5,-7,5,-6,7,-7,7,-8,7,-10,7,-10,7,-10,7,-10,6,-11,7,-11,7,-11,7,-11,7,-11,8,-11,9,-10,9,-11,8,-11,8,-11,9,-12,9,-11,10,-11,10,-11,12,-12,13,-13,13,0.0,16.401219466856727,16.278820596099706,15.556349186104045,14.866068747318506,14.212670403551895,14.212670403551895,14.212670403551895,13.601470508735444,13.038404810405298,12.529964086141668,13.416407864998739,13.416407864998739,13.416407864998739,13.038404810405298,13.038404810405298,12.083045973594572,12.083045973594572,12.529964086141668,12.529964086141668,12.529964086141668,11.661903789690601,11.40175425099138,10.63014581273465,10.63014581273465,10.63014581273465,11.40175425099138,0.0,0.0,0.0,0.0,0.0,0.0,0.0,0.0,0.0,0.0,0.0,8.48528137423857,7.810249675906654,8.602325267042627,9.219544457292887,9.899494936611665,10.63014581273465,12.206555615733702,12.206555615733702,12.206555615733702,11.661903789690601,13.038404810405298,13.038404810405298,13.038404810405298,13.038404810405298,13.601470508735444,14.212670403551895,13.45362404707371,13.601470508735444,13.601470508735444,14.212670403551895,15.0,14.866068747318506,14.866068747318506,16.278820596099706,17.69180601295413,18.384776310850235,0.0,2.2264919530364327,2.312743594800814,2.356194490192345,2.3086113869153615,2.256525837701183,2.256525837701183,2.256525837701183,2.1995926132103296,2.137525544318403,2.0701430484750265,2.0344439357957027,2.0344439357957027,2.0344439357957027,2.137525544318403,2.137525544318403,1.9974238199217726,1.9974238199217726,2.0701430484750265,2.0701430484750265,2.0701430484750265,2.1112158270654806,2.2318394956455836,2.289626326416521,2.289626326416521,2.289626326416521,2.2318394956455836,0.0,0.0,0.0,0.0,0.0,0.0,0.0,0.0,0.0,0.0,0.0,2.356194490192345,2.44685437739309,2.5213431676069717,2.279422598922567,2.356194490192345,2.4227626539681686,2.5308666892005847,2.5308666892005847,2.5308666892005847,2.601173153319209,2.5748634360662868,2.5748634360662868,2.5748634360662868,2.5748634360662868,2.5127963671743605,2.455863142683507,2.408777551803287,2.5127963671743605,2.5127963671743605,2.455863142683507,2.498091544796509,2.403777593469328,2.403777593469328,2.312743594800814,2.316215803069055,2.356194490192345
15.35520346199337,router,ba:bd:de:13:68:55,-79,99.78199609567366,64,1.2248929519247753,16.733636776127266,0,0,6,-16,7,-16,7,-15,6,-14,6,-13,5,-13,5,-12,5,-12,4,-12,4,-12,4,-12,3,-12,2,-12,2,-11,1,-11,1,-11,1,-11,1,-10,1,-10,1,-9,1,-8,2,-8,2,-8,2,-8,2,-8,1,-8,0,0,0,0,0,0,0,0,0,0,0,0,0,0,0,0,0,0,0,0,0,0,4,-10,4,-10,4,-9,5,-8,6,-8,6,-9,6,-9,6,-10,7,-10,8,-10,8,-10,8,-11,9,-11,8,-11,8,-12,8,-13,8,-12,8,-13,8,-13,8,-13,7,-13,7,-13,7,-13,8,-14,8,-15,8,-14,0.0,17.08800749063506,17.46424919657298,16.55294535724685,15.231546211727817,14.317821063276353,13.92838827718412,13.0,13.0,12.649110640673518,12.649110640673518,12.649110640673518,12.36931687685298,12.165525060596439,11.180339887498949,11.045361017187261,11.045361017187261,11.045361017187261,10.04987562112089,10.04987562112089,9.055385138137417,8.06225774829855,8.246211251235321,8.246211251235321,8.246211251235321,8.246211251235321,8.06225774829855,0.0,0.0,0.0,0.0,0.0,0.0,0.0,0.0,0.0,0.0,0.0,10.770329614269007,10.770329614269007,9.848857801796104,9.433981132056603,10.0,10.816653826391969,10.816653826391969,11.661903789690601,12.206555615733702,12.806248474865697,12.806248474865697,13.601470508735444,14.212670403551895,13.601470508735444,14.422205101855956,15.264337522473747,14.422205101855956,15.264337522473747,15.264337522473747,15.264337522473747,14.7648230602334,14.7648230602334,14.7648230602334,16.1245154965971,17.0,16.1245154965971,0.0,-1.2120256565243244,-1.1583858851975093,-1.1341691669813554,-1.1659045405098132,-1.1383885512243588,-1.2036224929766774,-1.176005207095135,-1.176005207095135,-1.2490457723982544,-1.2490457723982544,-1.2490457723982544,-1.3258176636680326,-1.4056476493802699,-1.3909428270024184,-1.4801364395941514,-1.4801364395941514,-1.4801364395941514,-1.4711276743037347,-1.4711276743037347,-1.460139105621001,-1.446441332248135,-1.3258176636680326,-1.3258176636680326,-1.3258176636680326,-1.3258176636680326,-1.446441332248135,0.0,0.0,0.0,0.0,0.0,0.0,0.0,0.0,0.0,0.0,0.0,-1.1902899496825317,-1.1902899496825317,-1.1525719972156676,-1.0121970114513341,-0.9272952180016122,-0.982793723247329,-0.982793723247329,-1.0303768265243125,-0.960070362405688,-0.8960553845713439,-0.8960553845713439,-0.9420000403794636,-0.8850668158886104,-0.9420000403794636,-0.982793723247329,-1.0191413442663497,-0.982793723247329,-1.0191413442663497,-1.0191413442663497,-1.0191413442663497,-1.0768549578753155,-1.0768549578753155,-1.0768549578753155,-1.0516502125483738,-1.0808390005411683,-1.0516502125483738
15.456034728995292,router,ba:bd:de:13:68:55,-84,99.78199609567366,64,1.2245546783163368,16.78623513703591,0,0,-13,-9,-13,-9,-13,-9,-12,-9,-12,-8,-12,-7,-12,-6,-11,-6,-11,-6,-11,-5,-12,-5,-12,-5,-12,-5,-12,-5,-12,-4,-12,-5,-12,-4,-12,-3,-11,-3,-11,-4,-11,-5,-11,-5,-10,-5,-10,-5,-10,-6,-11,-7,0,0,0,0,0,0,0,0,0,0,0,0,0,0,0,0,0,0,0,0,0,0,-10,-5,-10,-3,-11,-4,-10,-4,-9,-4,-9,-4,-10,-6,-11,-6,-11,-7,-12,-8,-11,-8,-10,-7,-9,-8,-9,-9,-10,-9,-11,-10,-12,-10,-12,-10,-12,-10,-11,-9,-11,-9,-11,-9,-12,-8,-13,-8,-13,-8,-13,-9,0.0,15.811388300841896,15.811388300841896,15.811388300841896,15.0,14.422205101855956,13.892443989449804,13.416407864998739,12.529964086141668,12.529964086141668,12.083045973594572,13.0,13.0,13.0,13.0,12.649110640673518,13.0,12.649110640673518,12.36931687685298,11.40175425099138,11.704699910719626,12.083045973594572,12.083045973594572,11.180339887498949,11.180339887498949,11.661903789690601,13.038404810405298,0.0,0.0,0.0,0.0,0.0,0.0,0.0,0.0,0.0,0.0,0.0,11.180339887498949,10.44030650891055,11.704699910719626,10.770329614269007,9.848857801796104,9.848857801796104,11.661903789690601,12.529964086141668,13.038404810405298,14.422205101855956,13.601470508735444,12.206555615733702,12.041594578792296,12.727922061357855,13.45362404707371,14.866068747318506,15.620499351813308,15.620499351813308,15.620499351813308,14.212670403551895,14.212670403551895,14.212670403551895,14.422205101855956,15.264337522473747,15.264337522473747,15.811388300841896,0.0,-2.5360479899848234,-2.5360479899848234,-2.5360479899848234,-2.498091544796509,-2.5535900500422257,-2.6135182051634334,-2.677945044588987,-2.642245931909663,-2.642245931909663,-2.714965160462917,-2.746801533890032,-2.746801533890032,-2.746801533890032,-2.746801533890032,-2.819842099193151,-2.746801533890032,-2.819842099193151,-2.896613990462929,-2.875340604438868,-2.7928216500058864,-2.714965160462917,-2.714965160462917,-2.677945044588987,-2.677945044588987,-2.601173153319209,-2.5748634360662868,0.0,0.0,0.0,0.0,0.0,0.0,0.0,0.0,0.0,0.0,0.0,-2.677945044588987,-2.8501358591119264,-2.7928216500058864,-2.761086276477428,-2.723368324010564,-2.723368324010564,-2.601173153319209,-2.642245931909663,-2.5748634360662868,-2.5535900500422257,-2.5127963671743605,-2.5308666892005847,-2.4149503129080676,-2.356194490192345,-2.408777551803287,-2.403777593469328,-2.44685437739309,-2.44685437739309,-2.44685437739309,-2.455863142683507,-2.455863142683507,-2.455863142683507,-2.5535900500422257,-2.5899376710612465,-2.5899376710612465,-2.5360479899848234
15.565957599996182,router,ba:bd:de:13:68:55,-84,99.78199609567366,64,1.225120832881128,16.827667756666564,0,0,-13,-11,-11,-10,-10,-9,-10,-9,-9,-9,-10,-9,-10,-9,-9,-8,-9,-7,-10,-6,-10,-6,-10,-6,-9,-6,-8,-5,-7,-5,-7,-5,-8,-4,-8,-3,-8,-4,-9,-3,-9,-3,-8,-3,-8,-3,-7,-4,-6,-4,-6,-1,0,0,0,0,0,0,0,0,0,0,0,0,0,0,0,0,0,0,0,0,0,0,-10,-6,-10,-5,-9,-5,-10,-6,-11,-7,-12,-8,-13,-9,-13,-9,-12,-9,-12,-9,-11,-10,-10,-11,-10,-11,-10,-11,-11,-11,-12,-11,-12,-12,-12,-12,-11,-11,-11,-10,-12,-11,-13,-12,-13,-12,-12,-12,-12,-11,-12,-10,0.0,17.029386365926403,14.866068747318506,13.45362404707371,13.45362404707371,12.727922061357855,13.45362404707371,13.45362404707371,12.041594578792296,11.40175425099138,11.661903789690601,11.661903789690601,11.661903789690601,10.816653826391969,9.433981132056603,8.602325267042627,8.602325267042627,8.94427190999916,8.54400374531753,8.94427190999916,9.486832980505138,9.486832980505138,8.54400374531753,8.54400374531753,8.06225774829855,7.211102550927978,6.082762530298219,0.0,0.0,0.0,0.0,0.0,0.0,0.0,0.0,0.0,0.0,0.0,11.661903789690601,11.180339887498949,10.295630140987,11.661903789690601,13.038404810405298,14.422205101855956,15.811388300841896,15.811388300841896,15.0,15.0,14.866068747318506,14.866068747318506,14.866068747318506,14.866068747318506,15.556349186104045,16.278820596099706,16.97056274847714,16.97056274847714,15.556349186104045,14.866068747318506,16.278820596099706,17.69180601295413,17.69180601295413,16.97056274847714,16.278820596099706,15.620499351813308,0.0,-2.439335722080786,-2.403777593469328,-2.408777551803287,-2.408777551803287,-2.356194490192345,-2.408777551803287,-2.408777551803287,-2.4149503129080676,-2.4805494847391065,-2.601173153319209,-2.601173153319209,-2.601173153319209,-2.5535900500422257,-2.5829933382462307,-2.5213431676069717,-2.5213431676069717,-2.677945044588987,-2.782821983319221,-2.677945044588987,-2.819842099193151,-2.819842099193151,-2.782821983319221,-2.782821983319221,-2.62244653934327,-2.5535900500422257,-2.976443976175166,0.0,0.0,0.0,0.0,0.0,0.0,0.0,0.0,0.0,0.0,0.0,-2.601173153319209,-2.677945044588987,-2.6344941491974563,-2.601173153319209,-2.5748634360662868,-2.5535900500422257,-2.5360479899848234,-2.5360479899848234,-2.498091544796509,-2.498091544796509,-2.403777593469328,-2.3086113869153615,-2.3086113869153615,-2.3086113869153615,-2.356194490192345,-2.399645385583876,-2.356194490192345,-2.356194490192345,-2.356194490192345,-2.403777593469328,-2.399645385583876,-2.396173177315635,-2.396173177315635,-2.356194490192345,-2.399645385583876,-2.44685437739309
15.666530739996233,router,ba:bd:de:13:68:55,-88,99.78199609567366,64,1.2280467502798207,16.856863395798825,0,0,-10,3,-12,4,-14,4,-14,4,-14,3,-13,3,-11,3,-10,5,-10,4,-10,4,-9,5,-9,5,-9,5,-10,5,-10,5,-11,4,-10,5,-11,6,-12,6,-12,6,-10,5,-9,3,-8,4,-8,5,-8,3,-6,2,0,0,0,0,0,0,0,0,0,0,0,0,0,0,0,0,0,0,0,0,0,0,-10,3,-11,2,-11,-1,-10,-1,-8,0,-8,0,-10,0,-11,-1,-12,-1,-11,0,-12,-1,-14,-2,-14,-2,-13,-1,-12,-1,-12,-2,-13,-1,-13,0,-13,1,-12,0,-12,-1,-13,0,-13,2,-13,2,-16,1,-16,1,0.0,10.44030650891055,12.649110640673518,14.560219778561036,14.560219778561036,14.317821063276353,13.341664064126334,11.40175425099138,11.180339887498949,10.770329614269007,10.770329614269007,10.295630140987,10.295630140987,10.295630140987,11.180339887498949,11.180339887498949,11.704699910719626,11.180339887498949,12.529964086141668,13.416407864998739,13.416407864998739,11.180339887498949,9.486832980505138,8.94427190999916,9.433981132056603,8.54400374531753,6.324555320336759,0.0,0.0,0.0,0.0,0.0,0.0,0.0,0.0,0.0,0.0,0.0,10.44030650891055,11.180339887498949,11.045361017187261,10.04987562112089,8.0,8.0,10.0,11.045361017187261,12.041594578792296,11.0,12.041594578792296,14.142135623730951,14.142135623730951,13.038404810405298,12.041594578792296,12.165525060596439,13.038404810405298,13.0,13.038404810405298,12.0,12.041594578792296,13.0,13.152946437965905,13.152946437965905,16.0312195418814,16.0312195418814,0.0,2.8501358591119264,2.819842099193151,2.8632929945846817,2.8632929945846817,2.930499320367047,2.9147938055359073,2.875340604438868,2.677945044588987,2.761086276477428,2.761086276477428,2.6344941491974563,2.6344941491974563,2.6344941491974563,2.677945044588987,2.677945044588987,2.7928216500058864,2.677945044588987,2.642245931909663,2.677945044588987,2.677945044588987,2.677945044588987,2.819842099193151,2.677945044588987,2.5829933382462307,2.782821983319221,2.819842099193151,0.0,0.0,0.0,0.0,0.0,0.0,0.0,0.0,0.0,0.0,0.0,2.8501358591119264,2.961739153797315,-3.050932766389048,-3.0419240010986313,3.141592653589793,3.141592653589793,3.141592653589793,-3.050932766389048,-3.058451421701352,3.141592653589793,-3.058451421701352,-2.999695598985629,-2.999695598985629,-3.064820762320015,-3.058451421701352,-2.976443976175166,-3.064820762320015,3.141592653589793,3.064820762320015,3.141592653589793,-3.058451421701352,3.141592653589793,2.988943325194528,2.988943325194528,3.079173843593836,3.079173843593836
15.776064704994496,router,ba:bd:de:13:68:55,-84,99.78199609567366,64,1.2305769033002751,16.87315844885702,0,0,-14,-6,-14,-7,-14,-8,-15,-6,-14,-6,-12,-7,-11,-6,-11,-5,-11,-4,-11,-4,-12,-4,-11,-3,-11,-2,-11,-3,-11,-3,-10,-2,-9,-2,-10,-2,-9,-2,-9,-2,-8,-2,-8,-2,-8,-2,-7,-2,-7,-2,-8,-4,0,0,0,0,0,0,0,0,0,0,0,0,0,0,0,0,0,0,0,0,0,0,-8,-1,-8,-2,-7,-3,-7,-4,-9,-5,-9,-5,-8,-6,-9,-6,-9,-6,-10,-6,-10,-6,-9,-7,-9,-7,-10,-7,-11,-8,-12,-9,-12,-10,-12,-10,-14,-10,-15,-10,-14,-9,-14,-9,-15,-9,-16,-9,-16,-9,-15,-9,0.0,15.231546211727817,15.652475842498529,16.1245154965971,16.15549442140351,15.231546211727817,13.892443989449804,12.529964086141668,12.083045973594572,11.704699910719626,11.704699910719626,12.649110640673518,11.40175425099138,11.180339887498949,11.40175425099138,11.40175425099138,10.198039027185569,9.219544457292887,10.198039027185569,9.219544457292887,9.219544457292887,8.246211251235321,8.246211251235321,8.246211251235321,7.280109889280518,7.280109889280518,8.94427190999916,0.0,0.0,0.0,0.0,0.0,0.0,0.0,0.0,0.0,0.0,0.0,8.06225774829855,8.246211251235321,7.615773105863909,8.06225774829855,10.295630140987,10.295630140987,10.0,10.816653826391969,10.816653826391969,11.661903789690601,11.661903789690601,11.40175425099138,11.40175425099138,12.206555615733702,13.601470508735444,15.0,15.620499351813308,15.620499351813308,17.204650534085253,18.027756377319946,16.64331697709324,16.64331697709324,17.4928556845359,18.35755975068582,18.35755975068582,17.4928556845359,0.0,-2.7367008673047097,-2.677945044588987,-2.62244653934327,-2.761086276477428,-2.7367008673047097,-2.6135182051634334,-2.642245931909663,-2.714965160462917,-2.7928216500058864,-2.7928216500058864,-2.819842099193151,-2.875340604438868,-2.961739153797315,-2.875340604438868,-2.875340604438868,-2.9441970937399127,-2.922923707715851,-2.9441970937399127,-2.922923707715851,-2.922923707715851,-2.896613990462929,-2.896613990462929,-2.896613990462929,-2.8632929945846817,-2.8632929945846817,-2.677945044588987,0.0,0.0,0.0,0.0,0.0,0.0,0.0,0.0,0.0,0.0,0.0,-3.017237659043032,-2.896613990462929,-2.7367008673047097,-2.62244653934327,-2.6344941491974563,-2.6344941491974563,-2.498091544796509,-2.5535900500422257,-2.5535900500422257,-2.601173153319209,-2.601173153319209,-2.4805494847391065,-2.4805494847391065,-2.5308666892005847,-2.5127963671743605,-2.498091544796509,-2.44685437739309,-2.44685437739309,-2.5213431676069717,-2.5535900500422257,-2.5702551737561663,-2.5702551737561663,-2.601173153319209,-2.6292031932790554,-2.6292031932790554,-2.601173153319209
15.88538469899504,router,ba:bd:de:13:68:55,-84,98.94256763379684,64,1.2362496589360166,16.876170617029505,0,0,11,-15,10,-14,9,-14,9,-14,8,-14,8,-13,9,-11,8,-12,8,-13,8,-12,8,-12,8,-11,7,-10,6,-10,5,-11,6,-11,6,-12,7,-11,7,-10,6,-10,4,-11,4,-10,5,-8,7,-7,8,-6,7,-4,0,0,0,0,0,0,0,0,0,0,0,0,0,0,0,0,0,0,0,0,0,0,3,-5,2,-5,3,-5,4,-5,5,-6,4,-6,5,-6,5,-6,5,-7,6,-7,7,-6,7,-7,8,-8,8,-9,8,-10,7,-10,8,-10,10,-10,10,-10,9,-11,9,-12,10,-13,11,-14,12,-13,13,-13,12,-15,0.0,18.601075237738275,17.204650534085253,16.64331697709324,16.64331697709324,16.1245154965971,15.264337522473747,14.212670403551895,14.422205101855956,15.264337522473747,14.422205101855956,14.422205101855956,13.601470508735444,12.206555615733702,11.661903789690601,12.083045973594572,12.529964086141668,13.416407864998739,13.038404810405298,12.206555615733702,11.661903789690601,11.704699910719626,10.770329614269007,9.433981132056603,9.899494936611665,10.0,8.06225774829855,0.0,0.0,0.0,0.0,0.0,0.0,0.0,0.0,0.0,0.0,0.0,5.830951894845301,5.385164807134504,5.830951894845301,6.4031242374328485,7.810249675906654,7.211102550927978,7.810249675906654,7.810249675906654,8.602325267042627,9.219544457292887,9.219544457292887,9.899494936611665,11.313708498984761,12.041594578792296,12.806248474865697,12.206555615733702,12.806248474865697,14.142135623730951,14.142135623730951,14.212670403551895,15.0,16.401219466856727,17.804493814764857,17.69180601295413,18.384776310850235,19.209372712298546,0.0,-0.9380474917927135,-0.9505468408120752,-0.9994588469612699,-0.9994588469612699,-1.0516502125483738,-1.0191413442663497,-0.8850668158886104,-0.982793723247329,-1.0191413442663497,-0.982793723247329,-0.982793723247329,-0.9420000403794636,-0.960070362405688,-1.0303768265243125,-1.1441688336680205,-1.0714496051147666,-1.1071487177940904,-1.0040671092713902,-0.960070362405688,-1.0303768265243125,-1.2220253232109897,-1.1902899496825317,-1.0121970114513341,-0.7853981633974483,-0.6435011087932844,-0.5191461142465229,0.0,0.0,0.0,0.0,0.0,0.0,0.0,0.0,0.0,0.0,0.0,-1.0303768265243125,-1.1902899496825317,-1.0303768265243125,-0.8960553845713439,-0.8760580505981934,-0.982793723247329,-0.8760580505981934,-0.8760580505981934,-0.9505468408120752,-0.8621700546672264,-0.7086262721276703,-0.7853981633974483,-0.7853981633974483,-0.844153986113171,-0.8960553845713439,-0.960070362405688,-0.8960553845713439,-0.7853981633974483,-0.7853981633974483,-0.8850668158886104,-0.9272952180016122,-0.9151007005533605,-0.9048270894157867,-0.8253768505207384,-0.7853981633974483,-0.8960553845713439
16.038643410000077,router,ba:bd:de:13:68:55,-83,98.94256763379684,64,1.2402719074801871,16.865802067076416,0,0,-7,15,-8,16,-8,16,-7,15,-6,14,-7,13,-6,12,-5,12,-4,12,-3,11,-4,10,-5,10,-5,11,-4,11,-4,10,-5,9,-4,10,-3,10,-4,10,-4,9,-5,9,-5,9,-4,8,-5,8,-5,8,-3,7,0,0,0,0,0,0,0,0,0,0,0,0,0,0,0,0,0,0,0,0,0,0,-3,10,-3,10,-3,11,-4,11,-5,11,-5,11,-4,10,-5,11,-6,11,-5,11,-6,11,-5,11,-5,11,-6,11,-6,11,-5,12,-5,12,-6,13,-6,13,-5,14,-5,14,-5,15,-6,15,-7,16,-8,16,-9,17,0.0,16.55294535724685,17.88854381999832,17.88854381999832,16.55294535724685,15.231546211727817,14.7648230602334,13.416407864998739,13.0,12.649110640673518,11.40175425099138,10.770329614269007,11.180339887498949,12.083045973594572,11.704699910719626,10.770329614269007,10.295630140987,10.770329614269007,10.44030650891055,10.770329614269007,9.848857801796104,10.295630140987,10.295630140987,8.94427190999916,9.433981132056603,9.433981132056603,7.615773105863909,0.0,0.0,0.0,0.0,0.0,0.0,0.0,0.0,0.0,0.0,0.0,10.44030650891055,10.44030650891055,11.40175425099138,11.704699910719626,12.083045973594572,12.083045973594572,10.770329614269007,12.083045973594572,12.529964086141668,12.083045973594572,12.529964086141668,12.083045973594572,12.083045973594572,12.529964086141668,12.529964086141668,13.0,13.0,14.317821063276353,14.317821063276353,14.866068747318506,14.866068747318506,15.811388300841896,16.15549442140351,17.46424919657298,17.88854381999832,19.235384061671343,0.0,2.007423486608438,2.0344439357957027,2.0344439357957027,2.007423486608438,1.97568811307998,2.0647376957144776,2.0344439357957027,1.965587446494658,1.892546881191539,1.837048375945822,1.9513027039072615,2.0344439357957027,1.9974238199217726,1.9195673303788037,1.9513027039072615,2.0778948311872334,1.9513027039072615,1.8622531212727638,1.9513027039072615,1.9890206563741257,2.0778948311872334,2.0778948311872334,2.0344439357957027,2.129395642138459,2.129395642138459,1.97568811307998,0.0,0.0,0.0,0.0,0.0,0.0,0.0,0.0,0.0,0.0,0.0,1.8622531212727638,1.8622531212727638,1.837048375945822,1.9195673303788037,1.9974238199217726,1.9974238199217726,1.9513027039072615,1.9974238199217726,2.0701430484750265,1.9974238199217726,2.0701430484750265,1.9974238199217726,1.9974238199217726,2.0701430484750265,2.0701430484750265,1.965587446494658,1.965587446494658,2.0032041023654346,2.0032041023654346,1.9138202672156,1.9138202672156,1.892546881191539,1.9513027039072615,1.9832067683922838,2.0344439357957027,2.0576955586061656
16.14460221999616,router,ba:bd:de:13:68:55,-81,98.94256763379684,64,1.2460989942174543,16.842163099945477,0,0,-3,-17,-3,-17,-3,-18,-3,-17,-3,-16,-4,-16,-4,-16,-3,-15,-4,-15,-4,-14,-5,-14,-5,-14,-5,-13,-5,-12,-5,-12,-5,-13,-5,-12,-6,-12,-6,-12,-6,-11,-6,-12,-5,-12,-4,-12,-3,-12,-3,-12,-2,-12,0,0,0,0,0,0,0,0,0,0,0,0,0,0,0,0,0,0,0,0,0,0,0,-7,-1,-8,-1,-9,-1,-9,0,-10,0,-10,0,-10,0,-11,0,-12,1,-13,2,-13,2,-13,2,-14,2,-15,1,-16,0,-15,0,-15,0,-15,-1,-15,-1,-16,-2,-17,-1,-18,-1,-18,-2,-17,-2,-19,-1,-20,0.0,17.26267650163207,17.26267650163207,18.24828759089466,17.26267650163207,16.278820596099706,16.492422502470642,16.492422502470642,15.297058540778355,15.524174696260024,14.560219778561036,14.866068747318506,14.866068747318506,13.92838827718412,13.0,13.0,13.92838827718412,13.0,13.416407864998739,13.416407864998739,12.529964086141668,13.416407864998739,13.0,12.649110640673518,12.36931687685298,12.36931687685298,12.165525060596439,0.0,0.0,0.0,0.0,0.0,0.0,0.0,0.0,0.0,0.0,0.0,7.0,8.06225774829855,9.055385138137417,9.055385138137417,10.0,10.0,10.0,11.0,12.0,13.038404810405298,13.152946437965905,13.152946437965905,14.142135623730951,15.132745950421556,16.0312195418814,15.0,15.0,15.0,15.033296378372908,16.0312195418814,17.11724276862369,18.027756377319946,18.027756377319946,17.11724276862369,19.1049731745428,20.024984394500787,0.0,-1.7454685258031364,-1.7454685258031364,-1.7359450042095235,-1.7454685258031364,-1.7561442767905915,-1.8157749899217608,-1.8157749899217608,-1.7681918866447774,-1.8313987185422376,-1.849095985800008,-1.9138202672156,-1.9138202672156,-1.9379701606131159,-1.965587446494658,-1.965587446494658,-1.9379701606131159,-1.965587446494658,-2.0344439357957027,-2.0344439357957027,-2.0701430484750265,-2.0344439357957027,-1.965587446494658,-1.892546881191539,-1.8157749899217608,-1.8157749899217608,-1.7359450042095235,0.0,0.0,0.0,0.0,0.0,0.0,0.0,0.0,0.0,0.0,0.0,-1.5707963267948966,-1.695151321341658,-1.6814535479687922,-1.6814535479687922,-1.5707963267948966,-1.5707963267948966,-1.5707963267948966,-1.5707963267948966,-1.5707963267948966,-1.4940244355251187,-1.4181469983996315,-1.4181469983996315,-1.4288992721907328,-1.4382447944982226,-1.5083775167989393,-1.5707963267948966,-1.5707963267948966,-1.5707963267948966,-1.6373644905707205,-1.633215136790854,-1.687905071361761,-1.6262948320406134,-1.6262948320406134,-1.687905071361761,-1.6756732655251305,-1.6207547225168393
16.248686143997475,router,ba:bd:de:13:68:55,-83,98.94256763379684,64,1.2538283341144494,16.805455423407683,0,0,-21,2,-21,2,-19,2,-18,2,-18,2,-17,3,-16,3,-16,3,-15,3,-15,3,-14,3,-13,4,-13,5,-14,5,-14,5,-13,4,-12,4,-12,4,-13,3,-12,3,-11,3,-11,3,-11,3,-11,4,-11,3,-12,1,0,0,0,0,0,0,0,0,0,0,0,0,0,0,0,0,0,0,0,0,0,0,-6,-1,-8,0,-8,-2,-7,-3,-8,-3,-8,-3,-9,-3,-9,-2,-11,-2,-11,-3,-10,-3,-10,-3,-12,-3,-12,-2,-14,-2,-14,-3,-14,-3,-14,-2,-16,-2,-16,-1,-16,-1,-16,0,-18,0,-19,-1,-18,-1,-17,-2,0.0,21.095023109728988,21.095023109728988,19.1049731745428,18.110770276274835,18.110770276274835,17.26267650163207,16.278820596099706,16.278820596099706,15.297058540778355,15.297058540778355,14.317821063276353,13.601470508735444,13.92838827718412,14.866068747318506,14.866068747318506,13.601470508735444,12.649110640673518,12.649110640673518,13.341664064126334,12.36931687685298,11.40175425099138,11.40175425099138,11.40175425099138,11.704699910719626,11.40175425099138,12.041594578792296,0.0,0.0,0.0,0.0,0.0,0.0,0.0,0.0,0.0,0.0,0.0,6.082762530298219,8.0,8.246211251235321,7.615773105863909,8.54400374531753,8.54400374531753,9.486832980505138,9.219544457292887,11.180339887498949,11.40175425099138,10.44030650891055,10.44030650891055,12.36931687685298,12.165525060596439,14.142135623730951,14.317821063276353,14.317821063276353,14.142135623730951,16.1245154965971,16.0312195418814,16.0312195418814,16.0,18.0,19.026297590440446,18.027756377319946,17.11724276862369,0.0,3.046640947247037,3.046640947247037,3.036715714859559,3.0309354324158977,3.0309354324158977,2.9669204545815537,2.9562447035940984,2.9562447035940984,2.9441970937399127,2.9441970937399127,2.930499320367047,2.843093722003614,2.774418819771574,2.79856871316909,2.79856871316909,2.843093722003614,2.819842099193151,2.819842099193151,2.9147938055359073,2.896613990462929,2.875340604438868,2.875340604438868,2.875340604438868,2.7928216500058864,2.875340604438868,3.058451421701352,0.0,0.0,0.0,0.0,0.0,0.0,0.0,0.0,0.0,0.0,0.0,-2.976443976175166,3.141592653589793,-2.896613990462929,-2.7367008673047097,-2.782821983319221,-2.782821983319221,-2.819842099193151,-2.922923707715851,-2.961739153797315,-2.875340604438868,-2.8501358591119264,-2.8501358591119264,-2.896613990462929,-2.976443976175166,-2.999695598985629,-2.930499320367047,-2.930499320367047,-2.999695598985629,-3.017237659043032,-3.079173843593836,-3.079173843593836,3.141592653589793,3.141592653589793,-3.0890095919788516,-3.0860941483440762,-3.024483909022929
16.356309477996547,router,ba:bd:de:13:68:55,-83,98.94256763379684,64,1.2646384806544064,16.75589901830905,0,0,-5,-16,-5,-18,-5,-18,-5,-18,-5,-16,-5,-15,-5,-14,-5,-15,-5,-15,-5,-14,-6,-13,-6,-13,-5,-13,-6,-13,-6,-13,-6,-13,-6,-13,-7,-13,-7,-13,-5,-12,-4,-12,-5,-11,-4,-10,-4,-11,-3,-12,-4,-12,0,0,0,0,0,0,0,0,0,0,0,0,0,0,0,0,0,0,0,0,0,0,-1,-4,-1,-5,-1,-6,-1,-5,-2,-5,-3,-6,-3,-6,-4,-7,-3,-9,-1,-11,-2,-11,-1,-11,-1,-11,-1,-11,-1,-11,-1,-12,-2,-13,-3,-14,-3,-14,-2,-14,-2,-15,-3,-15,-3,-15,-4,-16,-4,-17,-3,-17,0.0,16.76305461424021,18.681541692269406,18.681541692269406,18.681541692269406,16.76305461424021,15.811388300841896,14.866068747318506,15.811388300841896,15.811388300841896,14.866068747318506,14.317821063276353,14.317821063276353,13.92838827718412,14.317821063276353,14.317821063276353,14.317821063276353,14.317821063276353,14.7648230602334,14.7648230602334,13.0,12.649110640673518,12.083045973594572,10.770329614269007,11.704699910719626,12.36931687685298,12.649110640673518,0.0,0.0,0.0,0.0,0.0,0.0,0.0,0.0,0.0,0.0,0.0,4.123105625617661,5.0990195135927845,6.082762530298219,5.0990195135927845,5.385164807134504,6.708203932499369,6.708203932499369,8.06225774829855,9.486832980505138,11.045361017187261,11.180339887498949,11.045361017187261,11.045361017187261,11.045361017187261,11.045361017187261,12.041594578792296,13.152946437965905,14.317821063276353,14.317821063276353,14.142135623730951,15.132745950421556,15.297058540778355,15.297058540778355,16.492422502470642,17.46424919657298,17.26267650163207,0.0,-1.873681195169868,-1.8417431771333173,-1.8417431771333173,-1.8417431771333173,-1.873681195169868,-1.892546881191539,-1.9138202672156,-1.892546881191539,-1.892546881191539,-1.9138202672156,-2.0032041023654346,-2.0032041023654346,-1.9379701606131159,-2.0032041023654346,-2.0032041023654346,-2.0032041023654346,-2.0032041023654346,-2.0647376957144776,-2.0647376957144776,-1.965587446494658,-1.892546881191539,-1.9974238199217726,-1.9513027039072615,-1.9195673303788037,-1.8157749899217608,-1.892546881191539,0.0,0.0,0.0,0.0,0.0,0.0,0.0,0.0,0.0,0.0,0.0,-1.8157749899217608,-1.7681918866447774,-1.7359450042095235,-1.7681918866447774,-1.9513027039072615,-2.0344439357957027,-2.0344439357957027,-2.0899424410414196,-1.892546881191539,-1.6614562139956417,-1.750649826587375,-1.6614562139956417,-1.6614562139956417,-1.6614562139956417,-1.6614562139956417,-1.6539375586833378,-1.7234456551901618,-1.7818896600176433,-1.7818896600176433,-1.7126933813990606,-1.7033478590915707,-1.7681918866447774,-1.7681918866447774,-1.8157749899217608,-1.8018869939907938,-1.7454685258031364
16.458804497997335,router,ba:bd:de:13:68:55,-83,98.94256763379684,64,1.2744758764681552,16.69365270074889,0,0,19,-3,18,-2,17,-2,17,-2,15,-2,15,-2,15,-2,15,-4,15,-4,15,-4,14,-3,13,-4,13,-4,12,-4,12,-4,12,-3,11,-4,12,-4,12,-4,12,-4,11,-2,10,-1,9,-1,9,-2,8,-2,9,0,0,0,0,0,0,0,0,0,0,0,0,0,0,0,0,0,0,0,0,0,0,0,2,0,2,-1,3,-2,4,-1,5,0,5,0,6,1,7,0,8,-1,9,-1,9,-1,10,-2,10,-1,12,0,12,0,12,0,12,0,13,0,14,0,15,0,16,0,17,-1,16,-1,16,-1,18,-1,20,-2,0.0,19.235384061671343,18.110770276274835,17.11724276862369,17.11724276862369,15.132745950421556,15.132745950421556,15.132745950421556,15.524174696260024,15.524174696260024,15.524174696260024,14.317821063276353,13.601470508735444,13.601470508735444,12.649110640673518,12.649110640673518,12.36931687685298,11.704699910719626,12.649110640673518,12.649110640673518,12.649110640673518,11.180339887498949,10.04987562112089,9.055385138137417,9.219544457292887,8.246211251235321,9.0,0.0,0.0,0.0,0.0,0.0,0.0,0.0,0.0,0.0,0.0,0.0,2.0,2.23606797749979,3.605551275463989,4.123105625617661,5.0,5.0,6.082762530298219,7.0,8.06225774829855,9.055385138137417,9.055385138137417,10.198039027185569,10.04987562112089,12.0,12.0,12.0,12.0,13.0,14.0,15.0,16.0,17.029386365926403,16.0312195418814,16.0312195418814,18.027756377319946,20.09975124224178,0.0,-0.15660187698201536,-0.11065722117389565,-0.11710874456686428,-0.11710874456686428,-0.13255153229667402,-0.13255153229667402,-0.13255153229667402,-0.260602391747341,-0.260602391747341,-0.260602391747341,-0.21109333322274654,-0.2984989315861793,-0.2984989315861793,-0.3217505543966422,-0.3217505543966422,-0.24497866312686414,-0.348771003583907,-0.3217505543966422,-0.3217505543966422,-0.3217505543966422,-0.17985349979247828,-0.09966865249116202,-0.11065722117389565,-0.21866894587394195,-0.24497866312686414,0.0,0.0,0.0,0.0,0.0,0.0,0.0,0.0,0.0,0.0,0.0,0.0,0.0,-0.4636476090008061,-0.5880026035475675,-0.24497866312686414,0.0,0.0,0.16514867741462683,0.0,-0.12435499454676144,-0.11065722117389565,-0.11065722117389565,-0.19739555984988075,-0.09966865249116202,0.0,0.0,0.0,0.0,0.0,0.0,0.0,0.0,-0.058755822715722696,-0.06241880999595735,-0.06241880999595735,-0.05549850524571683,-0.09966865249116202
16.565666106995195,router,ba:bd:de:13:68:55,-87,98.94256763379684,64,1.2869231311325364,16.61886867744103,0,0,-17,-6,-17,-6,-17,-6,-16,-6,-16,-5,-15,-5,-14,-5,-14,-5,-14,-5,-14,-5,-13,-4,-13,-4,-13,-4,-12,-4,-12,-4,-12,-4,-12,-4,-11,-4,-11,-4,-10,-4,-9,-4,-9,-3,-9,-3,-9,-3,-9,-2,-9,-2,0,0,0,0,0,0,0,0,0,0,0,0,0,0,0,0,0,0,0,0,0,0,-3,0,-3,0,-4,0,-4,0,-5,0,-6,0,-6,0,-7,0,-8,0,-9,0,-9,-1,-10,-1,-10,-1,-11,-2,-11,-2,-11,-3,-11,-3,-12,-4,-13,-4,-14,-5,-15,-5,-15,-6,-16,-6,-17,-6,-17,-6,-18,-7,0.0,18.027756377319946,18.027756377319946,18.027756377319946,17.08800749063506,16.76305461424021,15.811388300841896,14.866068747318506,14.866068747318506,14.866068747318506,14.866068747318506,13.601470508735444,13.601470508735444,13.601470508735444,12.649110640673518,12.649110640673518,12.649110640673518,12.649110640673518,11.704699910719626,11.704699910719626,10.770329614269007,9.848857801796104,9.486832980505138,9.486832980505138,9.486832980505138,9.219544457292887,9.219544457292887,0.0,0.0,0.0,0.0,0.0,0.0,0.0,0.0,0.0,0.0,0.0,3.0,3.0,4.0,4.0,5.0,6.0,6.0,7.0,8.0,9.0,9.055385138137417,10.04987562112089,10.04987562112089,11.180339887498949,11.180339887498949,11.40175425099138,11.40175425099138,12.649110640673518,13.601470508735444,14.866068747318506,15.811388300841896,16.15549442140351,17.08800749063506,18.027756377319946,18.027756377319946,19.313207915827967,0.0,-2.8023000391357487,-2.8023000391357487,-2.8023000391357487,-2.782821983319221,-2.838707785214822,-2.819842099193151,-2.79856871316909,-2.79856871316909,-2.79856871316909,-2.79856871316909,-2.843093722003614,-2.843093722003614,-2.843093722003614,-2.819842099193151,-2.819842099193151,-2.819842099193151,-2.819842099193151,-2.7928216500058864,-2.7928216500058864,-2.761086276477428,-2.723368324010564,-2.819842099193151,-2.819842099193151,-2.819842099193151,-2.922923707715851,-2.922923707715851,0.0,0.0,0.0,0.0,0.0,0.0,0.0,0.0,0.0,0.0,0.0,3.141592653589793,3.141592653589793,3.141592653589793,3.141592653589793,3.141592653589793,3.141592653589793,3.141592653589793,3.141592653589793,3.141592653589793,3.141592653589793,-3.0309354324158977,-3.0419240010986313,-3.0419240010986313,-2.961739153797315,-2.961739153797315,-2.875340604438868,-2.875340604438868,-2.819842099193151,-2.843093722003614,-2.79856871316909,-2.819842099193151,-2.761086276477428,-2.782821983319221,-2.8023000391357487,-2.8023000391357487,-2.770701364777131
16.666422731999774,router,ba:bd:de:13:68:55,-82,98.94256763379684,64,1.296364697366048,16.531621170596665,0,0,-8,16,-9,16,-8,15,-7,15,-7,15,-6,15,-6,14,-5,14,-5,14,-5,13,-5,12,-5,12,-4,12,-4,13,-4,12,-3,12,-3,11,-3,10,-4,10,-5,10,-5,9,-4,9,-5,9,-5,9,-5,8,-6,6,0,0,0,0,0,0,0,0,0,0,0,0,0,0,0,0,0,0,0,0,0,0,-3,6,-3,6,-4,6,-5,5,-4,7,-3,7,-4,7,-6,8,-6,9,-8,9,-8,9,-8,8,-8,8,-7,10,-7,10,-7,11,-8,13,-9,13,-8,12,-8,13,-8,14,-8,14,-9,14,-9,14,-9,15,-9,16,0.0,17.88854381999832,18.35755975068582,17.0,16.55294535724685,16.55294535724685,16.15549442140351,15.231546211727817,14.866068747318506,14.866068747318506,13.92838827718412,13.0,13.0,12.649110640673518,13.601470508735444,12.649110640673518,12.36931687685298,11.40175425099138,10.44030650891055,10.770329614269007,11.180339887498949,10.295630140987,9.848857801796104,10.295630140987,10.295630140987,9.433981132056603,8.48528137423857,0.0,0.0,0.0,0.0,0.0,0.0,0.0,0.0,0.0,0.0,0.0,6.708203932499369,6.708203932499369,7.211102550927978,7.0710678118654755,8.06225774829855,7.615773105863909,8.06225774829855,10.0,10.816653826391969,12.041594578792296,12.041594578792296,11.313708498984761,11.313708498984761,12.206555615733702,12.206555615733702,13.038404810405298,15.264337522473747,15.811388300841896,14.422205101855956,15.264337522473747,16.1245154965971,16.1245154965971,16.64331697709324,16.64331697709324,17.4928556845359,18.35755975068582,0.0,2.0344439357957027,2.0831857871056343,2.060753653048625,2.007423486608438,2.007423486608438,1.9513027039072615,1.97568811307998,1.9138202672156,1.9138202672156,1.9379701606131159,1.965587446494658,1.965587446494658,1.892546881191539,1.8692952583810758,1.892546881191539,1.8157749899217608,1.837048375945822,1.8622531212727638,1.9513027039072615,2.0344439357957027,2.0778948311872334,1.9890206563741257,2.0778948311872334,2.0778948311872334,2.129395642138459,2.356194490192345,0.0,0.0,0.0,0.0,0.0,0.0,0.0,0.0,0.0,0.0,0.0,2.0344439357957027,2.0344439357957027,2.158798930342464,2.356194490192345,2.0899424410414196,1.97568811307998,2.0899424410414196,2.214297435588181,2.158798930342464,2.297438667476622,2.297438667476622,2.356194490192345,2.356194490192345,2.1815222911841055,2.1815222911841055,2.137525544318403,2.1224513093234436,2.1763409903998667,2.158798930342464,2.1224513093234436,2.0899424410414196,2.0899424410414196,2.1421338066285234,2.1421338066285234,2.1112158270654806,2.0831857871056343
16.77591898999526,router,ba:bd:de:13:68:55,-80,98.94256763379684,64,1.3039756882035358,16.431932437128708,0,0,-8,-18,-7,-18,-7,-18,-7,-17,-7,-16,-7,-15,-7,-14,-7,-14,-8,-13,-8,-13,-8,-12,-8,-11,-8,-11,-8,-10,-9,-10,-9,-11,-8,-12,-7,-11,-8,-11,-8,-10,-8,-9,-8,-9,-7,-9,-7,-10,-5,-10,-3,-11,0,0,0,0,0,0,0,0,0,0,0,0,0,0,0,0,0,0,0,0,0,0,-1,-9,0,-10,0,-9,-1,-10,-1,-11,0,-11,1,-11,1,-12,0,-13,0,-12,0,-12,0,-14,-2,-15,-2,-15,-2,-14,-2,-14,-2,-15,-2,-16,-3,-16,-3,-16,-4,-16,-5,-17,-6,-17,-6,-18,-5,-18,-4,-18,0.0,19.697715603592208,19.313207915827967,19.313207915827967,18.384776310850235,17.46424919657298,16.55294535724685,15.652475842498529,15.652475842498529,15.264337522473747,15.264337522473747,14.422205101855956,13.601470508735444,13.601470508735444,12.806248474865697,13.45362404707371,14.212670403551895,14.422205101855956,13.038404810405298,13.601470508735444,12.806248474865697,12.041594578792296,12.041594578792296,11.40175425099138,12.206555615733702,11.180339887498949,11.40175425099138,0.0,0.0,0.0,0.0,0.0,0.0,0.0,0.0,0.0,0.0,0.0,9.055385138137417,10.0,9.0,10.04987562112089,11.045361017187261,11.0,11.045361017187261,12.041594578792296,13.0,12.0,12.0,14.0,15.132745950421556,15.132745950421556,14.142135623730951,14.142135623730951,15.132745950421556,16.1245154965971,16.278820596099706,16.278820596099706,16.492422502470642,17.72004514666935,18.027756377319946,18.973665961010276,18.681541692269406,18.439088914585774,0.0,-1.9890206563741257,-1.941687615607559,-1.941687615607559,-1.9614033704925835,-1.9832067683922838,-2.007423486608438,-2.0344439357957027,-2.0344439357957027,-2.1224513093234436,-2.1224513093234436,-2.158798930342464,-2.1995926132103296,-2.1995926132103296,-2.2455372690184494,-2.3036114285814033,-2.256525837701183,-2.158798930342464,-2.137525544318403,-2.1995926132103296,-2.2455372690184494,-2.297438667476622,-2.297438667476622,-2.2318394956455836,-2.1815222911841055,-2.0344439357957027,-1.837048375945822,0.0,0.0,0.0,0.0,0.0,0.0,0.0,0.0,0.0,0.0,0.0,-1.6814535479687922,-1.5707963267948966,-1.5707963267948966,-1.6704649792860586,-1.6614562139956417,-1.5707963267948966,-1.4801364395941514,-1.4876550949064553,-1.5707963267948966,-1.5707963267948966,-1.5707963267948966,-1.5707963267948966,-1.7033478590915707,-1.7033478590915707,-1.7126933813990606,-1.7126933813990606,-1.7033478590915707,-1.695151321341658,-1.7561442767905915,-1.7561442767905915,-1.8157749899217608,-1.856847768512215,-1.9100889412489412,-1.892546881191539,-1.8417431771333173,-1.7894652726688385
16.885371775999374,router,ba:bd:de:13:68:55,-82,96.12707512566895,64,1.3083808449398016,16.319689434425584,0,0,-13,12,-13,12,-12,13,-11,12,-11,12,-10,12,-9,12,-9,11,-9,11,-8,11,-8,11,-8,10,-8,10,-7,10,-6,10,-7,10,-8,10,-8,9,-7,8,-6,7,-7,7,-6,7,-6,7,-6,7,-7,6,-7,5,0,0,0,0,0,0,0,0,0,0,0,0,0,0,0,0,0,0,0,0,0,0,-4,6,-4,6,-5,7,-6,8,-6,9,-7,9,-7,9,-8,8,-8,8,-8,9,-9,10,-9,11,-10,9,-10,9,-9,10,-10,10,-10,10,-10,11,-10,11,-10,12,-11,11,-12,11,-13,12,-12,13,-12,13,-13,13,0.0,17.69180601295413,17.69180601295413,17.69180601295413,16.278820596099706,16.278820596099706,15.620499351813308,15.0,14.212670403551895,14.212670403551895,13.601470508735444,13.601470508735444,12.806248474865697,12.806248474865697,12.206555615733702,11.661903789690601,12.206555615733702,12.806248474865697,12.041594578792296,10.63014581273465,9.219544457292887,9.899494936611665,9.219544457292887,9.219544457292887,9.219544457292887,9.219544457292887,8.602325267042627,0.0,0.0,0.0,0.0,0.0,0.0,0.0,0.0,0.0,0.0,0.0,7.211102550927978,7.211102550927978,8.602325267042627,10.0,10.816653826391969,11.40175425099138,11.40175425099138,11.313708498984761,11.313708498984761,12.041594578792296,13.45362404707371,14.212670403551895,13.45362404707371,13.45362404707371,13.45362404707371,14.142135623730951,14.142135623730951,14.866068747318506,14.866068747318506,15.620499351813308,15.556349186104045,16.278820596099706,17.69180601295413,17.69180601295413,17.69180601295413,18.384776310850235,0.0,2.396173177315635,2.396173177315635,2.316215803069055,2.312743594800814,2.312743594800814,2.2655346029916,2.214297435588181,2.256525837701183,2.256525837701183,2.1995926132103296,2.1995926132103296,2.2455372690184494,2.2455372690184494,2.1815222911841055,2.1112158270654806,2.1815222911841055,2.2455372690184494,2.297438667476622,2.289626326416521,2.279422598922567,2.356194490192345,2.279422598922567,2.279422598922567,2.279422598922567,2.432966381462123,2.5213431676069717,0.0,0.0,0.0,0.0,0.0,0.0,0.0,0.0,0.0,0.0,0.0,2.158798930342464,2.158798930342464,2.191045812777718,2.214297435588181,2.158798930342464,2.2318394956455836,2.2318394956455836,2.356194490192345,2.356194490192345,2.297438667476622,2.3036114285814033,2.256525837701183,2.408777551803287,2.408777551803287,2.3036114285814033,2.356194490192345,2.356194490192345,2.3086113869153615,2.3086113869153615,2.2655346029916,2.356194490192345,2.399645385583876,2.396173177315635,2.316215803069055,2.316215803069055,2.356194490192345
16.995827375998488,router,ba:bd:de:13:68:55,-84,96.12707512566895,64,1.3176670451207333,16.19475314418088,0,0,-20,-2,-21,-2,-20,-3,-18,-4,-17,-3,-17,-2,-16,-1,-16,-1,-17,-1,-17,-1,-16,-1,-15,-1,-14,-1,-14,0,-14,0,-14,0,-14,-1,-14,0,-12,1,-12,0,-13,0,-13,0,-11,-1,-10,-1,-10,-2,-8,-2,0,0,0,0,0,0,0,0,0,0,0,0,0,0,0,0,0,0,0,0,0,0,-4,-2,-3,-2,-4,-1,-4,-1,-4,-2,-6,-2,-8,-2,-8,-2,-8,-3,-10,-3,-10,-4,-11,-5,-12,-6,-12,-5,-12,-4,-14,-4,-15,-3,-16,-3,-15,-3,-15,-3,-16,-3,-18,-4,-19,-4,-19,-4,-19,-4,-19,-4,0.0,20.09975124224178,21.095023109728988,20.223748416156685,18.439088914585774,17.26267650163207,17.11724276862369,16.0312195418814,16.0312195418814,17.029386365926403,17.029386365926403,16.0312195418814,15.033296378372908,14.035668847618199,14.0,14.0,14.0,14.035668847618199,14.0,12.041594578792296,12.0,13.0,13.0,11.045361017187261,10.04987562112089,10.198039027185569,8.246211251235321,0.0,0.0,0.0,0.0,0.0,0.0,0.0,0.0,0.0,0.0,0.0,4.47213595499958,3.605551275463989,4.123105625617661,4.123105625617661,4.47213595499958,6.324555320336759,8.246211251235321,8.246211251235321,8.54400374531753,10.44030650891055,10.770329614269007,12.083045973594572,13.416407864998739,13.0,12.649110640673518,14.560219778561036,15.297058540778355,16.278820596099706,15.297058540778355,15.297058540778355,16.278820596099706,18.439088914585774,19.4164878389476,19.4164878389476,19.4164878389476,19.4164878389476,0.0,-3.0419240010986313,-3.046640947247037,-2.992702705980296,-2.922923707715851,-2.9669204545815537,-3.024483909022929,-3.079173843593836,-3.079173843593836,-3.0828368308740703,-3.0828368308740703,-3.079173843593836,-3.0750244898139694,-3.070285188804503,3.141592653589793,3.141592653589793,3.141592653589793,-3.070285188804503,3.141592653589793,3.058451421701352,3.141592653589793,3.141592653589793,3.141592653589793,-3.050932766389048,-3.0419240010986313,-2.9441970937399127,-2.896613990462929,0.0,0.0,0.0,0.0,0.0,0.0,0.0,0.0,0.0,0.0,0.0,-2.677945044588987,-2.5535900500422257,-2.896613990462929,-2.896613990462929,-2.677945044588987,-2.819842099193151,-2.896613990462929,-2.896613990462929,-2.782821983319221,-2.8501358591119264,-2.761086276477428,-2.714965160462917,-2.677945044588987,-2.746801533890032,-2.819842099193151,-2.8632929945846817,-2.9441970937399127,-2.9562447035940984,-2.9441970937399127,-2.9441970937399127,-2.9562447035940984,-2.922923707715851,-2.9340964271545906,-2.9340964271545906,-2.9340964271545906,-2.9340964271545906
17.096049885993125,router,ba:bd:de:13:68:55,-82,96.12707512566895,64,1.3260082031756997,16.117985295192135,0,0,-11,-15,-12,-15,-11,-14,-11,-13,-11,-13,-10,-11,-9,-11,-10,-12,-10,-12,-10,-10,-11,-9,-11,-9,-11,-10,-11,-10,-11,-10,-11,-10,-10,-10,-9,-10,-10,-9,-10,-9,-9,-9,-8,-8,-7,-8,-7,-9,-7,-10,-5,-9,0,0,0,0,0,0,0,0,0,0,0,0,0,0,0,0,0,0,0,0,0,0,-5,-5,-6,-4,-7,-3,-7,-4,-7,-6,-7,-8,-7,-9,-7,-9,-7,-10,-7,-10,-8,-11,-7,-11,-7,-12,-7,-13,-7,-12,-7,-13,-8,-13,-8,-12,-8,-12,-9,-13,-9,-13,-9,-14,-10,-14,-11,-15,-11,-17,-11,-17,0.0,18.601075237738275,19.209372712298546,17.804493814764857,17.029386365926403,17.029386365926403,14.866068747318506,14.212670403551895,15.620499351813308,15.620499351813308,14.142135623730951,14.212670403551895,14.212670403551895,14.866068747318506,14.866068747318506,14.866068747318506,14.866068747318506,14.142135623730951,13.45362404707371,13.45362404707371,13.45362404707371,12.727922061357855,11.313708498984761,10.63014581273465,11.40175425099138,12.206555615733702,10.295630140987,0.0,0.0,0.0,0.0,0.0,0.0,0.0,0.0,0.0,0.0,0.0,7.0710678118654755,7.211102550927978,7.615773105863909,8.06225774829855,9.219544457292887,10.63014581273465,11.40175425099138,11.40175425099138,12.206555615733702,12.206555615733702,13.601470508735444,13.038404810405298,13.892443989449804,14.7648230602334,13.892443989449804,14.7648230602334,15.264337522473747,14.422205101855956,14.422205101855956,15.811388300841896,15.811388300841896,16.64331697709324,17.204650534085253,18.601075237738275,20.248456731316587,20.248456731316587,0.0,-2.20354516179708,-2.2455372690184494,-2.2367655641740063,-2.2730532583039036,-2.2730532583039036,-2.3086113869153615,-2.256525837701183,-2.2655346029916,-2.2655346029916,-2.356194490192345,-2.455863142683507,-2.455863142683507,-2.403777593469328,-2.403777593469328,-2.403777593469328,-2.403777593469328,-2.356194490192345,-2.3036114285814033,-2.408777551803287,-2.408777551803287,-2.356194490192345,-2.356194490192345,-2.289626326416521,-2.2318394956455836,-2.1815222911841055,-2.0778948311872334,0.0,0.0,0.0,0.0,0.0,0.0,0.0,0.0,0.0,0.0,0.0,-2.356194490192345,-2.5535900500422257,-2.7367008673047097,-2.62244653934327,-2.432966381462123,-2.289626326416521,-2.2318394956455836,-2.2318394956455836,-2.1815222911841055,-2.1815222911841055,-2.1995926132103296,-2.137525544318403,-2.0988707752212563,-2.0647376957144776,-2.0988707752212563,-2.0647376957144776,-2.1224513093234436,-2.158798930342464,-2.158798930342464,-2.1763409903998667,-2.1763409903998667,-2.1421338066285234,-2.191045812777718,-2.20354516179708,-2.1451011569695986,-2.1451011569695986
17.205865664000157,router,ba:bd:de:13:68:55,-81,96.12707512566895,64,1.3324790853092323,16.101052495715887,0,0,-2,-18,0,-18,-1,-18,-2,-16,-2,-16,-2,-16,-2,-16,-2,-15,-2,-14,-3,-14,-4,-13,-3,-13,-3,-14,-3,-13,-4,-12,-4,-12,-5,-10,-5,-10,-4,-10,-3,-10,-2,-11,-2,-11,-2,-10,-2,-9,-1,-9,-1,-9,0,0,0,0,0,0,0,0,0,0,0,0,0,0,0,0,0,0,0,0,0,0,-2,-7,-2,-7,-2,-7,-3,-8,-2,-8,-1,-9,-1,-10,0,-11,-1,-12,-1,-12,0,-13,0,-13,0,-12,0,-13,0,-14,-1,-14,-1,-14,0,-15,0,-16,-1,-16,-1,-16,-1,-16,-1,-16,-1,-17,-1,-18,0,-18,0.0,18.110770276274835,18.0,18.027756377319946,16.1245154965971,16.1245154965971,16.1245154965971,16.1245154965971,15.132745950421556,14.142135623730951,14.317821063276353,13.601470508735444,13.341664064126334,14.317821063276353,13.341664064126334,12.649110640673518,12.649110640673518,11.180339887498949,11.180339887498949,10.770329614269007,10.44030650891055,11.180339887498949,11.180339887498949,10.198039027185569,9.219544457292887,9.055385138137417,9.055385138137417,0.0,0.0,0.0,0.0,0.0,0.0,0.0,0.0,0.0,0.0,0.0,7.280109889280518,7.280109889280518,7.280109889280518,8.54400374531753,8.246211251235321,9.055385138137417,10.04987562112089,11.0,12.041594578792296,12.041594578792296,13.0,13.0,12.0,13.0,14.0,14.035668847618199,14.035668847618199,15.0,16.0,16.0312195418814,16.0312195418814,16.0312195418814,16.0312195418814,17.029386365926403,18.027756377319946,18.0,0.0,-1.6814535479687922,-1.5707963267948966,-1.6262948320406134,-1.695151321341658,-1.695151321341658,-1.695151321341658,-1.695151321341658,-1.7033478590915707,-1.7126933813990606,-1.7818896600176433,-1.8692952583810758,-1.7975951748487824,-1.7818896600176433,-1.7975951748487824,-1.892546881191539,-1.892546881191539,-2.0344439357957027,-2.0344439357957027,-1.9513027039072615,-1.8622531212727638,-1.750649826587375,-1.750649826587375,-1.7681918866447774,-1.7894652726688385,-1.6814535479687922,-1.6814535479687922,0.0,0.0,0.0,0.0,0.0,0.0,0.0,0.0,0.0,0.0,0.0,-1.849095985800008,-1.849095985800008,-1.849095985800008,-1.9295669970654687,-1.8157749899217608,-1.6814535479687922,-1.6704649792860586,-1.5707963267948966,-1.6539375586833378,-1.6539375586833378,-1.5707963267948966,-1.5707963267948966,-1.5707963267948966,-1.5707963267948966,-1.5707963267948966,-1.642103791580187,-1.642103791580187,-1.5707963267948966,-1.5707963267948966,-1.633215136790854,-1.633215136790854,-1.633215136790854,-1.633215136790854,-1.6295521495106193,-1.6262948320406134,-1.5707963267948966
17.306165666996094,router,ba:bd:de:13:68:55,-81,96.12707512566895,64,1.3385331988811964,16.122013076552374,0,0,-16,-11,-15,-12,-15,-12,-14,-12,-14,-11,-14,-10,-13,-9,-13,-9,-13,-9,-14,-8,-14,-7,-13,-6,-12,-5,-12,-5,-11,-5,-11,-6,-11,-7,-11,-6,-11,-6,-11,-6,-11,-6,-9,-6,-9,-7,-8,-7,-7,-7,-7,-8,0,0,0,0,0,0,0,0,0,0,0,0,0,0,0,0,0,0,0,0,0,0,-7,-3,-9,-4,-8,-5,-7,-5,-8,-5,-8,-6,-8,-7,-9,-8,-10,-9,-11,-8,-11,-9,-11,-9,-10,-10,-10,-10,-10,-10,-11,-10,-12,-10,-12,-10,-11,-10,-11,-11,-13,-11,-14,-11,-14,-11,-14,-11,-15,-11,-16,-11,0.0,19.4164878389476,19.209372712298546,19.209372712298546,18.439088914585774,17.804493814764857,17.204650534085253,15.811388300841896,15.811388300841896,15.811388300841896,16.1245154965971,15.652475842498529,14.317821063276353,13.0,13.0,12.083045973594572,12.529964086141668,13.038404810405298,12.529964086141668,12.529964086141668,12.529964086141668,12.529964086141668,10.816653826391969,11.40175425099138,10.63014581273465,9.899494936611665,10.63014581273465,0.0,0.0,0.0,0.0,0.0,0.0,0.0,0.0,0.0,0.0,0.0,7.615773105863909,9.848857801796104,9.433981132056603,8.602325267042627,9.433981132056603,10.0,10.63014581273465,12.041594578792296,13.45362404707371,13.601470508735444,14.212670403551895,14.212670403551895,14.142135623730951,14.142135623730951,14.142135623730951,14.866068747318506,15.620499351813308,15.620499351813308,14.866068747318506,15.556349186104045,17.029386365926403,17.804493814764857,17.804493814764857,17.804493814764857,18.601075237738275,19.4164878389476,0.0,-2.539305307454829,-2.4668517113662407,-2.4668517113662407,-2.432966381462123,-2.4756234162106834,-2.5213431676069717,-2.5360479899848234,-2.5360479899848234,-2.5360479899848234,-2.62244653934327,-2.677945044588987,-2.7091848780192556,-2.746801533890032,-2.746801533890032,-2.714965160462917,-2.642245931909663,-2.5748634360662868,-2.642245931909663,-2.642245931909663,-2.642245931909663,-2.642245931909663,-2.5535900500422257,-2.4805494847391065,-2.4227626539681686,-2.356194490192345,-2.289626326416521,0.0,0.0,0.0,0.0,0.0,0.0,0.0,0.0,0.0,0.0,0.0,-2.7367008673047097,-2.723368324010564,-2.5829933382462307,-2.5213431676069717,-2.5829933382462307,-2.498091544796509,-2.4227626539681686,-2.4149503129080676,-2.408777551803287,-2.5127963671743605,-2.455863142683507,-2.455863142683507,-2.356194490192345,-2.356194490192345,-2.356194490192345,-2.403777593469328,-2.44685437739309,-2.44685437739309,-2.403777593469328,-2.356194490192345,-2.439335722080786,-2.4756234162106834,-2.4756234162106834,-2.4756234162106834,-2.5088438185876103,-2.539305307454829
17.41525297399494,router,ba:bd:de:13:68:55,-82,96.12707512566895,64,1.342298508915934,16.167021653604927,0,0,7,13,7,14,6,13,5,13,5,14,5,13,5,12,5,12,6,11,6,10,7,9,7,9,7,9,7,9,7,8,7,8,8,8,7,8,6,7,6,8,6,8,5,8,4,7,4,7,5,8,5,8,0,0,0,0,0,0,0,0,0,0,0,0,0,0,0,0,0,0,0,0,0,0,2,5,1,5,2,6,2,7,2,8,3,8,3,8,4,9,4,10,4,9,4,10,4,11,3,11,3,12,4,12,5,11,4,11,3,12,4,12,5,12,6,13,6,15,6,16,6,15,6,15,5,15,0.0,14.7648230602334,15.652475842498529,14.317821063276353,13.92838827718412,14.866068747318506,13.92838827718412,13.0,13.0,12.529964086141668,11.661903789690601,11.40175425099138,11.40175425099138,11.40175425099138,11.40175425099138,10.63014581273465,10.63014581273465,11.313708498984761,10.63014581273465,9.219544457292887,10.0,10.0,9.433981132056603,8.06225774829855,8.06225774829855,9.433981132056603,9.433981132056603,0.0,0.0,0.0,0.0,0.0,0.0,0.0,0.0,0.0,0.0,0.0,5.385164807134504,5.0990195135927845,6.324555320336759,7.280109889280518,8.246211251235321,8.54400374531753,8.54400374531753,9.848857801796104,10.770329614269007,9.848857801796104,10.770329614269007,11.704699910719626,11.40175425099138,12.36931687685298,12.649110640673518,12.083045973594572,11.704699910719626,12.36931687685298,12.649110640673518,13.0,14.317821063276353,16.15549442140351,17.08800749063506,16.15549442140351,16.15549442140351,15.811388300841896,0.0,1.0768549578753155,1.1071487177940904,1.1383885512243588,1.2036224929766774,1.2277723863741932,1.2036224929766774,1.176005207095135,1.176005207095135,1.0714496051147666,1.0303768265243125,0.9097531579442097,0.9097531579442097,0.9097531579442097,0.9097531579442097,0.8519663271732721,0.8519663271732721,0.7853981633974483,0.8519663271732721,0.8621700546672264,0.9272952180016122,0.9272952180016122,1.0121970114513341,1.0516502125483738,1.0516502125483738,1.0121970114513341,1.0121970114513341,0.0,0.0,0.0,0.0,0.0,0.0,0.0,0.0,0.0,0.0,0.0,1.1902899496825317,1.373400766945016,1.2490457723982544,1.2924966677897853,1.3258176636680326,1.2120256565243244,1.2120256565243244,1.1525719972156676,1.1902899496825317,1.1525719972156676,1.1902899496825317,1.2220253232109897,1.3045442776439713,1.3258176636680326,1.2490457723982544,1.1441688336680205,1.2220253232109897,1.3258176636680326,1.2490457723982544,1.176005207095135,1.1383885512243588,1.1902899496825317,1.2120256565243244,1.1902899496825317,1.1902899496825317,1.2490457723982544
17.516092065998237,router,ba:bd:de:13:68:55,-83,96.12707512566895,64,1.3457061299319497,16.223697695916094,0,0,8,16,8,16,7,15,7,15,8,14,9,12,9,12,8,12,8,12,7,11,7,10,8,9,8,10,7,9,7,9,7,9,7,9,7,10,7,10,6,10,6,10,5,9,5,9,5,9,5,8,6,6,0,0,0,0,0,0,0,0,0,0,0,0,0,0,0,0,0,0,0,0,0,0,3,3,4,4,6,4,5,5,4,7,5,8,5,8,5,8,4,9,5,10,5,11,5,11,5,10,6,10,6,12,6,13,7,12,7,12,7,13,8,13,8,12,7,14,6,15,7,15,7,14,7,15,0.0,17.88854381999832,17.88854381999832,16.55294535724685,16.55294535724685,16.1245154965971,15.0,15.0,14.422205101855956,14.422205101855956,13.038404810405298,12.206555615733702,12.041594578792296,12.806248474865697,11.40175425099138,11.40175425099138,11.40175425099138,11.40175425099138,12.206555615733702,12.206555615733702,11.661903789690601,11.661903789690601,10.295630140987,10.295630140987,10.295630140987,9.433981132056603,8.48528137423857,0.0,0.0,0.0,0.0,0.0,0.0,0.0,0.0,0.0,0.0,0.0,4.242640687119285,5.656854249492381,7.211102550927978,7.0710678118654755,8.06225774829855,9.433981132056603,9.433981132056603,9.433981132056603,9.848857801796104,11.180339887498949,12.083045973594572,12.083045973594572,11.180339887498949,11.661903789690601,13.416407864998739,14.317821063276353,13.892443989449804,13.892443989449804,14.7648230602334,15.264337522473747,14.422205101855956,15.652475842498529,16.15549442140351,16.55294535724685,15.652475842498529,16.55294535724685,0.0,1.1071487177940904,1.1071487177940904,1.1341691669813554,1.1341691669813554,1.0516502125483738,0.9272952180016122,0.9272952180016122,0.982793723247329,0.982793723247329,1.0040671092713902,0.960070362405688,0.844153986113171,0.8960553845713439,0.9097531579442097,0.9097531579442097,0.9097531579442097,0.9097531579442097,0.960070362405688,0.960070362405688,1.0303768265243125,1.0303768265243125,1.0636978224025597,1.0636978224025597,1.0636978224025597,1.0121970114513341,0.7853981633974483,0.0,0.0,0.0,0.0,0.0,0.0,0.0,0.0,0.0,0.0,0.0,0.7853981633974483,0.7853981633974483,0.5880026035475675,0.7853981633974483,1.0516502125483738,1.0121970114513341,1.0121970114513341,1.0121970114513341,1.1525719972156676,1.1071487177940904,1.1441688336680205,1.1441688336680205,1.1071487177940904,1.0303768265243125,1.1071487177940904,1.1383885512243588,1.042721878368537,1.042721878368537,1.0768549578753155,1.0191413442663497,0.982793723247329,1.1071487177940904,1.1902899496825317,1.1341691669813554,1.1071487177940904,1.1341691669813554
17.61651019999408,router,ba:bd:de:13:68:55,-84,96.12707512566895,64,1.34801332295386,16.26099943623464,0,0,-14,-12,-14,-11,-14,-10,-12,-9,-11,-10,-11,-10,-12,-8,-13,-7,-13,-8,-12,-7,-11,-7,-10,-6,-10,-6,-11,-6,-12,-6,-13,-5,-13,-5,-11,-5,-11,-5,-11,-5,-11,-5,-10,-5,-9,-6,-9,-7,-8,-7,-8,-5,0,0,0,0,0,0,0,0,0,0,0,0,0,0,0,0,0,0,0,0,0,0,-9,-2,-11,-3,-12,-4,-12,-5,-11,-5,-11,-6,-11,-6,-11,-6,-13,-7,-13,-7,-12,-7,-12,-8,-12,-8,-12,-9,-11,-9,-12,-8,-13,-8,-13,-10,-13,-11,-13,-11,-15,-11,-16,-10,-17,-10,-18,-11,-18,-11,-17,-11,0.0,18.439088914585774,17.804493814764857,17.204650534085253,15.0,14.866068747318506,14.866068747318506,14.422205101855956,14.7648230602334,15.264337522473747,13.892443989449804,13.038404810405298,11.661903789690601,11.661903789690601,12.529964086141668,13.416407864998739,13.92838827718412,13.92838827718412,12.083045973594572,12.083045973594572,12.083045973594572,12.083045973594572,11.180339887498949,10.816653826391969,11.40175425099138,10.63014581273465,9.433981132056603,0.0,0.0,0.0,0.0,0.0,0.0,0.0,0.0,0.0,0.0,0.0,9.219544457292887,11.40175425099138,12.649110640673518,13.0,12.083045973594572,12.529964086141668,12.529964086141668,12.529964086141668,14.7648230602334,14.7648230602334,13.892443989449804,14.422205101855956,14.422205101855956,15.0,14.212670403551895,14.422205101855956,15.264337522473747,16.401219466856727,17.029386365926403,17.029386365926403,18.601075237738275,18.867962264113206,19.72308292331602,21.095023109728988,21.095023109728988,20.248456731316587,0.0,-2.432966381462123,-2.4756234162106834,-2.5213431676069717,-2.498091544796509,-2.403777593469328,-2.403777593469328,-2.5535900500422257,-2.647651284670212,-2.5899376710612465,-2.6135182051634334,-2.5748634360662868,-2.601173153319209,-2.601173153319209,-2.642245931909663,-2.677945044588987,-2.774418819771574,-2.774418819771574,-2.714965160462917,-2.714965160462917,-2.714965160462917,-2.714965160462917,-2.677945044588987,-2.5535900500422257,-2.4805494847391065,-2.4227626539681686,-2.5829933382462307,0.0,0.0,0.0,0.0,0.0,0.0,0.0,0.0,0.0,0.0,0.0,-2.922923707715851,-2.875340604438868,-2.819842099193151,-2.746801533890032,-2.714965160462917,-2.642245931909663,-2.642245931909663,-2.642245931909663,-2.647651284670212,-2.647651284670212,-2.6135182051634334,-2.5535900500422257,-2.5535900500422257,-2.498091544796509,-2.455863142683507,-2.5535900500422257,-2.5899376710612465,-2.485897027348257,-2.439335722080786,-2.439335722080786,-2.5088438185876103,-2.5829933382462307,-2.609868586330988,-2.593043251139265,-2.593043251139265,-2.5672878234150915
17.72545031199843,router,ba:bd:de:13:68:55,-80,96.12707512566895,64,1.346951406183974,16.26717526226721,0,0,10,-16,9,-15,9,-14,9,-13,9,-13,8,-12,7,-12,6,-12,5,-13,4,-12,4,-11,4,-11,3,-11,3,-11,2,-11,3,-11,3,-11,3,-10,3,-10,3,-10,3,-10,3,-9,2,-9,2,-9,3,-9,5,-9,0,0,0,0,0,0,0,0,0,0,0,0,0,0,0,0,0,0,0,0,0,0,5,-8,5,-9,5,-9,5,-9,6,-9,6,-9,7,-9,8,-9,9,-10,10,-10,9,-10,9,-10,9,-10,9,-10,9,-11,9,-11,10,-11,10,-11,10,-12,9,-13,9,-13,9,-14,9,-15,9,-15,10,-15,11,-14,0.0,18.867962264113206,17.4928556845359,16.64331697709324,15.811388300841896,15.811388300841896,14.422205101855956,13.892443989449804,13.416407864998739,13.92838827718412,12.649110640673518,11.704699910719626,11.704699910719626,11.40175425099138,11.40175425099138,11.180339887498949,11.40175425099138,11.40175425099138,10.44030650891055,10.44030650891055,10.44030650891055,10.44030650891055,9.486832980505138,9.219544457292887,9.219544457292887,9.486832980505138,10.295630140987,0.0,0.0,0.0,0.0,0.0,0.0,0.0,0.0,0.0,0.0,0.0,9.433981132056603,10.295630140987,10.295630140987,10.295630140987,10.816653826391969,10.816653826391969,11.40175425099138,12.041594578792296,13.45362404707371,14.142135623730951,13.45362404707371,13.45362404707371,13.45362404707371,13.45362404707371,14.212670403551895,14.212670403551895,14.866068747318506,14.866068747318506,15.620499351813308,15.811388300841896,15.811388300841896,16.64331697709324,17.4928556845359,17.4928556845359,18.027756377319946,17.804493814764857,0.0,-1.0121970114513341,-1.0303768265243125,-0.9994588469612699,-0.9652516631899266,-0.9652516631899266,-0.982793723247329,-1.042721878368537,-1.1071487177940904,-1.2036224929766774,-1.2490457723982544,-1.2220253232109897,-1.2220253232109897,-1.3045442776439713,-1.3045442776439713,-1.3909428270024184,-1.3045442776439713,-1.3045442776439713,-1.2793395323170296,-1.2793395323170296,-1.2793395323170296,-1.2793395323170296,-1.2490457723982544,-1.3521273809209546,-1.3521273809209546,-1.2490457723982544,-1.0636978224025597,0.0,0.0,0.0,0.0,0.0,0.0,0.0,0.0,0.0,0.0,0.0,-1.0121970114513341,-1.0636978224025597,-1.0636978224025597,-1.0636978224025597,-0.982793723247329,-0.982793723247329,-0.9097531579442097,-0.844153986113171,-0.83798122500839,-0.7853981633974483,-0.83798122500839,-0.83798122500839,-0.83798122500839,-0.83798122500839,-0.8850668158886104,-0.8850668158886104,-0.8329812666744317,-0.8329812666744317,-0.8760580505981934,-0.9652516631899266,-0.9652516631899266,-0.9994588469612699,-1.0303768265243125,-1.0303768265243125,-0.982793723247329,-0.9048270894157867
17.83134539599996,router,ba:bd:de:13:68:55,-82,98.5954362059212,64,1.3451655792079322,16.246446953312237,0,0,6,-15,7,-16,8,-16,7,-15,6,-14,5,-12,5,-12,5,-12,5,-12,5,-12,5,-12,3,-12,2,-12,3,-12,3,-12,2,-11,3,-10,2,-10,2,-10,1,-11,2,-11,3,-11,4,-9,4,-8,3,-9,1,-8,0,0,0,0,0,0,0,0,0,0,0,0,0,0,0,0,0,0,0,0,0,0,1,-9,2,-9,3,-10,3,-10,4,-11,4,-12,4,-12,4,-12,5,-11,6,-11,6,-12,6,-12,6,-11,6,-11,7,-13,6,-15,6,-15,6,-15,8,-15,8,-15,8,-15,7,-14,8,-15,8,-15,9,-15,9,-17,0.0,16.15549442140351,17.46424919657298,17.88854381999832,16.55294535724685,15.231546211727817,13.0,13.0,13.0,13.0,13.0,13.0,12.36931687685298,12.165525060596439,12.36931687685298,12.36931687685298,11.180339887498949,10.44030650891055,10.198039027185569,10.198039027185569,11.045361017187261,11.180339887498949,11.40175425099138,9.848857801796104,8.94427190999916,9.486832980505138,8.06225774829855,0.0,0.0,0.0,0.0,0.0,0.0,0.0,0.0,0.0,0.0,0.0,9.055385138137417,9.219544457292887,10.44030650891055,10.44030650891055,11.704699910719626,12.649110640673518,12.649110640673518,12.649110640673518,12.083045973594572,12.529964086141668,13.416407864998739,13.416407864998739,12.529964086141668,12.529964086141668,14.7648230602334,16.15549442140351,16.15549442140351,16.15549442140351,17.0,17.0,17.0,15.652475842498529,17.0,17.0,17.4928556845359,19.235384061671343,0.0,-1.1902899496825317,-1.1583858851975093,-1.1071487177940904,-1.1341691669813554,-1.1659045405098132,-1.176005207095135,-1.176005207095135,-1.176005207095135,-1.176005207095135,-1.176005207095135,-1.176005207095135,-1.3258176636680326,-1.4056476493802699,-1.3258176636680326,-1.3258176636680326,-1.3909428270024184,-1.2793395323170296,-1.373400766945016,-1.373400766945016,-1.4801364395941514,-1.3909428270024184,-1.3045442776439713,-1.1525719972156676,-1.1071487177940904,-1.2490457723982544,-1.446441332248135,0.0,0.0,0.0,0.0,0.0,0.0,0.0,0.0,0.0,0.0,0.0,-1.460139105621001,-1.3521273809209546,-1.2793395323170296,-1.2793395323170296,-1.2220253232109897,-1.2490457723982544,-1.2490457723982544,-1.2490457723982544,-1.1441688336680205,-1.0714496051147666,-1.1071487177940904,-1.1071487177940904,-1.0714496051147666,-1.0714496051147666,-1.0768549578753155,-1.1902899496825317,-1.1902899496825317,-1.1902899496825317,-1.0808390005411683,-1.0808390005411683,-1.0808390005411683,-1.1071487177940904,-1.0808390005411683,-1.0808390005411683,-1.0303768265243125,-1.0838970949836275
17.935287247993983,router,ba:bd:de:13:68:55,-83,98.5954362059212,64,1.3437834641155963,16.210712440780412,0,0,-13,9,-14,9,-13,10,-12,10,-12,10,-12,9,-10,9,-9,9,-10,8,-9,8,-9,8,-8,7,-8,7,-8,8,-7,9,-7,9,-7,10,-7,10,-7,8,-7,7,-7,8,-8,7,-9,7,-9,7,-9,7,-10,5,0,0,0,0,0,0,0,0,0,0,0,0,0,0,0,0,0,0,0,0,0,0,-5,6,-7,5,-8,5,-8,5,-8,5,-10,6,-11,7,-11,7,-11,6,-11,6,-11,6,-12,6,-13,6,-14,7,-14,7,-14,6,-14,6,-14,6,-14,7,-14,7,-15,8,-16,8,-16,8,-15,8,-13,9,-13,10,0.0,15.811388300841896,16.64331697709324,16.401219466856727,15.620499351813308,15.620499351813308,15.0,13.45362404707371,12.727922061357855,12.806248474865697,12.041594578792296,12.041594578792296,10.63014581273465,10.63014581273465,11.313708498984761,11.40175425099138,11.40175425099138,12.206555615733702,12.206555615733702,10.63014581273465,9.899494936611665,10.63014581273465,10.63014581273465,11.40175425099138,11.40175425099138,11.40175425099138,11.180339887498949,0.0,0.0,0.0,0.0,0.0,0.0,0.0,0.0,0.0,0.0,0.0,7.810249675906654,8.602325267042627,9.433981132056603,9.433981132056603,9.433981132056603,11.661903789690601,13.038404810405298,13.038404810405298,12.529964086141668,12.529964086141668,12.529964086141668,13.416407864998739,14.317821063276353,15.652475842498529,15.652475842498529,15.231546211727817,15.231546211727817,15.231546211727817,15.652475842498529,15.652475842498529,17.0,17.88854381999832,17.88854381999832,17.0,15.811388300841896,16.401219466856727,0.0,2.5360479899848234,2.5702551737561663,2.485897027348257,2.44685437739309,2.44685437739309,2.498091544796509,2.408777551803287,2.356194490192345,2.4668517113662407,2.4149503129080676,2.4149503129080676,2.4227626539681686,2.4227626539681686,2.356194490192345,2.2318394956455836,2.2318394956455836,2.1815222911841055,2.1815222911841055,2.289626326416521,2.356194490192345,2.289626326416521,2.4227626539681686,2.4805494847391065,2.4805494847391065,2.4805494847391065,2.677945044588987,0.0,0.0,0.0,0.0,0.0,0.0,0.0,0.0,0.0,0.0,0.0,2.2655346029916,2.5213431676069717,2.5829933382462307,2.5829933382462307,2.5829933382462307,2.601173153319209,2.5748634360662868,2.5748634360662868,2.642245931909663,2.642245931909663,2.642245931909663,2.677945044588987,2.7091848780192556,2.677945044588987,2.677945044588987,2.7367008673047097,2.7367008673047097,2.7367008673047097,2.677945044588987,2.677945044588987,2.651635327336065,2.677945044588987,2.677945044588987,2.651635327336065,2.5360479899848234,2.485897027348257
18.036609928996768,router,ba:bd:de:13:68:55,-86,98.5954362059212,64,1.3433502080611541,16.16224247937399,0,0,6,-16,8,-16,8,-15,7,-13,4,-11,1,-11,1,-10,1,-10,0,-10,-1,-11,-1,-11,-1,-10,-1,-10,-1,-10,-2,-10,-2,-10,-3,-8,-3,-9,-3,-10,-2,-10,-2,-9,-2,-9,-2,-10,-3,-10,-2,-8,-1,-5,0,0,0,0,0,0,0,0,0,0,0,0,0,0,0,0,0,0,0,0,0,0,3,-10,4,-9,5,-9,5,-10,5,-10,6,-11,6,-11,6,-11,8,-11,10,-12,11,-12,10,-12,10,-12,11,-12,10,-14,9,-14,9,-13,9,-13,9,-13,10,-13,10,-13,10,-13,10,-13,10,-12,11,-12,11,-14,0.0,17.08800749063506,17.88854381999832,17.0,14.7648230602334,11.704699910719626,11.045361017187261,10.04987562112089,10.04987562112089,10.0,11.045361017187261,11.045361017187261,10.04987562112089,10.04987562112089,10.04987562112089,10.198039027185569,10.198039027185569,8.54400374531753,9.486832980505138,10.44030650891055,10.198039027185569,9.219544457292887,9.219544457292887,10.198039027185569,10.44030650891055,8.246211251235321,5.0990195135927845,0.0,0.0,0.0,0.0,0.0,0.0,0.0,0.0,0.0,0.0,0.0,10.44030650891055,9.848857801796104,10.295630140987,11.180339887498949,11.180339887498949,12.529964086141668,12.529964086141668,12.529964086141668,13.601470508735444,15.620499351813308,16.278820596099706,15.620499351813308,15.620499351813308,16.278820596099706,17.204650534085253,16.64331697709324,15.811388300841896,15.811388300841896,15.811388300841896,16.401219466856727,16.401219466856727,16.401219466856727,16.401219466856727,15.620499351813308,16.278820596099706,17.804493814764857,0.0,-1.2120256565243244,-1.1071487177940904,-1.0808390005411683,-1.0768549578753155,-1.2220253232109897,-1.4801364395941514,-1.4711276743037347,-1.4711276743037347,-1.5707963267948966,-1.6614562139956417,-1.6614562139956417,-1.6704649792860586,-1.6704649792860586,-1.6704649792860586,-1.7681918866447774,-1.7681918866447774,-1.9295669970654687,-1.892546881191539,-1.8622531212727638,-1.7681918866447774,-1.7894652726688385,-1.7894652726688385,-1.7681918866447774,-1.8622531212727638,-1.8157749899217608,-1.7681918866447774,0.0,0.0,0.0,0.0,0.0,0.0,0.0,0.0,0.0,0.0,0.0,-1.2793395323170296,-1.1525719972156676,-1.0636978224025597,-1.1071487177940904,-1.1071487177940904,-1.0714496051147666,-1.0714496051147666,-1.0714496051147666,-0.9420000403794636,-0.8760580505981934,-0.8288490587889792,-0.8760580505981934,-0.8760580505981934,-0.8288490587889792,-0.9505468408120752,-0.9994588469612699,-0.9652516631899266,-0.9652516631899266,-0.9652516631899266,-0.9151007005533605,-0.9151007005533605,-0.9151007005533605,-0.9151007005533605,-0.8760580505981934,-0.8288490587889792,-0.9048270894157867
18.14480913499574,router,ba:bd:de:13:68:55,-85,98.5954362059212,64,1.3477921141982583,16.106879290730625,0,0,-4,14,-5,14,-4,13,-3,12,-2,12,-2,11,-1,11,0,11,0,10,0,8,1,7,2,6,2,6,2,7,2,7,2,7,2,6,2,5,2,5,2,5,2,5,2,5,2,4,2,3,2,3,2,5,0,0,0,0,0,0,0,0,0,0,0,0,0,0,0,0,0,0,0,0,0,0,0,7,0,9,-2,10,-1,11,0,13,-2,13,-3,12,-3,12,-3,13,-3,12,-3,13,-2,15,-3,16,-5,15,-6,15,-6,15,-5,15,-4,14,-4,13,-5,14,-5,15,-4,16,-5,17,-4,17,-4,17,-4,16,0.0,14.560219778561036,14.866068747318506,13.601470508735444,12.36931687685298,12.165525060596439,11.180339887498949,11.045361017187261,11.0,10.0,8.0,7.0710678118654755,6.324555320336759,6.324555320336759,7.280109889280518,7.280109889280518,7.280109889280518,6.324555320336759,5.385164807134504,5.385164807134504,5.385164807134504,5.385164807134504,5.385164807134504,4.47213595499958,3.605551275463989,3.605551275463989,5.385164807134504,0.0,0.0,0.0,0.0,0.0,0.0,0.0,0.0,0.0,0.0,0.0,7.0,9.0,10.198039027185569,11.045361017187261,13.0,13.152946437965905,12.36931687685298,12.36931687685298,13.341664064126334,12.36931687685298,13.341664064126334,15.132745950421556,16.278820596099706,15.811388300841896,16.15549442140351,16.15549442140351,15.811388300841896,14.560219778561036,13.601470508735444,14.866068747318506,15.811388300841896,16.492422502470642,17.72004514666935,17.46424919657298,17.46424919657298,16.492422502470642,0.0,1.849095985800008,1.9138202672156,1.8692952583810758,1.8157749899217608,1.7359450042095235,1.750649826587375,1.6614562139956417,1.5707963267948966,1.5707963267948966,1.5707963267948966,1.4288992721907328,1.2490457723982544,1.2490457723982544,1.2924966677897853,1.2924966677897853,1.2924966677897853,1.2490457723982544,1.1902899496825317,1.1902899496825317,1.1902899496825317,1.1902899496825317,1.1902899496825317,1.1071487177940904,0.982793723247329,0.982793723247329,1.1902899496825317,0.0,0.0,0.0,0.0,0.0,0.0,0.0,0.0,0.0,0.0,0.0,1.5707963267948966,1.5707963267948966,1.7681918866447774,1.6614562139956417,1.5707963267948966,1.7234456551901618,1.8157749899217608,1.8157749899217608,1.7975951748487824,1.8157749899217608,1.7975951748487824,1.7033478590915707,1.7561442767905915,1.892546881191539,1.9513027039072615,1.9513027039072615,1.892546881191539,1.849095985800008,1.8692952583810758,1.9138202672156,1.892546881191539,1.8157749899217608,1.856847768512215,1.8018869939907938,1.8018869939907938,1.8157749899217608
18.24577513499389,router,ba:bd:de:13:68:55,-87,98.5954362059212,64,1.3539661047518605,16.06349729334439,0,0,14,-7,13,-6,12,-6,11,-6,11,-6,9,-6,8,-5,7,-5,7,-5,6,-5,5,-5,5,-5,4,-5,4,-5,4,-5,3,-5,3,-5,3,-6,3,-6,3,-6,2,-6,3,-6,3,-6,3,-6,3,-6,4,-6,0,0,0,0,0,0,0,0,0,0,0,0,0,0,0,0,0,0,0,0,0,0,8,-4,8,-5,8,-5,8,-5,8,-5,8,-6,8,-6,9,-6,10,-6,10,-7,10,-7,11,-7,11,-7,12,-7,12,-8,13,-7,13,-8,13,-8,14,-8,14,-8,14,-8,14,-8,14,-8,14,-7,14,-7,15,-7,0.0,15.652475842498529,14.317821063276353,13.416407864998739,12.529964086141668,12.529964086141668,10.816653826391969,9.433981132056603,8.602325267042627,8.602325267042627,7.810249675906654,7.0710678118654755,7.0710678118654755,6.4031242374328485,6.4031242374328485,6.4031242374328485,5.830951894845301,5.830951894845301,6.708203932499369,6.708203932499369,6.708203932499369,6.324555320336759,6.708203932499369,6.708203932499369,6.708203932499369,6.708203932499369,7.211102550927978,0.0,0.0,0.0,0.0,0.0,0.0,0.0,0.0,0.0,0.0,0.0,8.94427190999916,9.433981132056603,9.433981132056603,9.433981132056603,9.433981132056603,10.0,10.0,10.816653826391969,11.661903789690601,12.206555615733702,12.206555615733702,13.038404810405298,13.038404810405298,13.892443989449804,14.422205101855956,14.7648230602334,15.264337522473747,15.264337522473747,16.1245154965971,16.1245154965971,16.1245154965971,16.1245154965971,16.1245154965971,15.652475842498529,15.652475842498529,16.55294535724685,0.0,-0.4636476090008061,-0.43240777557053783,-0.4636476090008061,-0.4993467216801301,-0.4993467216801301,-0.5880026035475675,-0.5585993153435624,-0.6202494859828215,-0.6202494859828215,-0.6947382761967031,-0.7853981633974483,-0.7853981633974483,-0.8960553845713439,-0.8960553845713439,-0.8960553845713439,-1.0303768265243125,-1.0303768265243125,-1.1071487177940904,-1.1071487177940904,-1.1071487177940904,-1.2490457723982544,-1.1071487177940904,-1.1071487177940904,-1.1071487177940904,-1.1071487177940904,-0.982793723247329,0.0,0.0,0.0,0.0,0.0,0.0,0.0,0.0,0.0,0.0,0.0,-0.4636476090008061,-0.5585993153435624,-0.5585993153435624,-0.5585993153435624,-0.5585993153435624,-0.6435011087932844,-0.6435011087932844,-0.5880026035475675,-0.5404195002705842,-0.6107259643892086,-0.6107259643892086,-0.5667292175235064,-0.5667292175235064,-0.5280744484263596,-0.5880026035475675,-0.49394136891958124,-0.5516549825285468,-0.5516549825285468,-0.5191461142465229,-0.5191461142465229,-0.5191461142465229,-0.5191461142465229,-0.5191461142465229,-0.4636476090008061,-0.4636476090008061,-0.43662715981354133
18.360552210993774,router,ba:bd:de:13:68:55,-85,98.5954362059212,64,1.3587677989763267,16.04338008046939,0,0,-5,-16,-4,-16,-4,-16,-3,-15,-3,-13,-3,-12,-5,-11,-5,-10,-5,-9,-5,-8,-5,-8,-6,-7,-7,-7,-7,-7,-5,-8,-6,-7,-7,-6,-7,-5,-7,-5,-6,-5,-5,-6,-5,-6,-6,-6,-7,-5,-7,-5,-7,-6,0,0,0,0,0,0,0,0,0,0,0,0,0,0,0,0,0,0,0,0,0,0,-3,-9,-3,-9,-3,-9,-3,-11,-2,-11,0,-12,-1,-12,-1,-12,-1,-13,-1,-14,-1,-14,0,-13,-1,-14,-2,-15,-2,-16,-2,-16,-1,-17,-1,-17,-1,-18,-1,-18,-1,-17,-1,-17,-1,-17,-1,-16,-2,-16,-1,-17,0.0,16.76305461424021,16.492422502470642,16.492422502470642,15.297058540778355,13.341664064126334,12.36931687685298,12.083045973594572,11.180339887498949,10.295630140987,9.433981132056603,9.433981132056603,9.219544457292887,9.899494936611665,9.899494936611665,9.433981132056603,9.219544457292887,9.219544457292887,8.602325267042627,8.602325267042627,7.810249675906654,7.810249675906654,7.810249675906654,8.48528137423857,8.602325267042627,8.602325267042627,9.219544457292887,0.0,0.0,0.0,0.0,0.0,0.0,0.0,0.0,0.0,0.0,0.0,9.486832980505138,9.486832980505138,9.486832980505138,11.40175425099138,11.180339887498949,12.0,12.041594578792296,12.041594578792296,13.038404810405298,14.035668847618199,14.035668847618199,13.0,14.035668847618199,15.132745950421556,16.1245154965971,16.1245154965971,17.029386365926403,17.029386365926403,18.027756377319946,18.027756377319946,17.029386365926403,17.029386365926403,17.029386365926403,16.0312195418814,16.1245154965971,17.029386365926403,0.0,-1.873681195169868,-1.8157749899217608,-1.8157749899217608,-1.7681918866447774,-1.7975951748487824,-1.8157749899217608,-1.9974238199217726,-2.0344439357957027,-2.0778948311872334,-2.129395642138459,-2.129395642138459,-2.279422598922567,-2.356194490192345,-2.356194490192345,-2.129395642138459,-2.279422598922567,-2.432966381462123,-2.5213431676069717,-2.5213431676069717,-2.44685437739309,-2.2655346029916,-2.2655346029916,-2.356194490192345,-2.5213431676069717,-2.5213431676069717,-2.432966381462123,0.0,0.0,0.0,0.0,0.0,0.0,0.0,0.0,0.0,0.0,0.0,-1.892546881191539,-1.892546881191539,-1.892546881191539,-1.837048375945822,-1.750649826587375,-1.5707963267948966,-1.6539375586833378,-1.6539375586833378,-1.6475682180646747,-1.642103791580187,-1.642103791580187,-1.5707963267948966,-1.642103791580187,-1.7033478590915707,-1.695151321341658,-1.695151321341658,-1.6295521495106193,-1.6295521495106193,-1.6262948320406134,-1.6262948320406134,-1.6295521495106193,-1.6295521495106193,-1.6295521495106193,-1.633215136790854,-1.695151321341658,-1.6295521495106193
18.466930993999995,router,ba:bd:de:13:68:55,-81,98.5954362059212,64,1.3628140568786435,16.048571317628543,0,0,-12,-13,-12,-14,-12,-14,-12,-12,-11,-11,-10,-9,-10,-8,-9,-8,-10,-7,-11,-7,-11,-7,-11,-7,-11,-7,-11,-6,-11,-5,-11,-5,-11,-6,-10,-5,-9,-5,-9,-5,-9,-5,-9,-5,-9,-5,-9,-4,-8,-4,-7,-4,0,0,0,0,0,0,0,0,0,0,0,0,0,0,0,0,0,0,0,0,0,0,-7,-6,-7,-6,-7,-7,-7,-7,-6,-7,-7,-7,-8,-9,-7,-10,-7,-10,-9,-11,-10,-12,-9,-12,-9,-11,-9,-12,-10,-12,-11,-12,-11,-12,-11,-12,-11,-13,-12,-14,-12,-14,-12,-13,-12,-14,-13,-15,-13,-15,-12,-15,0.0,17.69180601295413,18.439088914585774,18.439088914585774,16.97056274847714,15.556349186104045,13.45362404707371,12.806248474865697,12.041594578792296,12.206555615733702,13.038404810405298,13.038404810405298,13.038404810405298,13.038404810405298,12.529964086141668,12.083045973594572,12.083045973594572,12.529964086141668,11.180339887498949,10.295630140987,10.295630140987,10.295630140987,10.295630140987,10.295630140987,9.848857801796104,8.94427190999916,8.06225774829855,0.0,0.0,0.0,0.0,0.0,0.0,0.0,0.0,0.0,0.0,0.0,9.219544457292887,9.219544457292887,9.899494936611665,9.899494936611665,9.219544457292887,9.899494936611665,12.041594578792296,12.206555615733702,12.206555615733702,14.212670403551895,15.620499351813308,15.0,14.212670403551895,15.0,15.620499351813308,16.278820596099706,16.278820596099706,16.278820596099706,17.029386365926403,18.439088914585774,18.439088914585774,17.69180601295413,18.439088914585774,19.849433241279208,19.849433241279208,19.209372712298546,0.0,-2.316215803069055,-2.279422598922567,-2.279422598922567,-2.356194490192345,-2.356194490192345,-2.408777551803287,-2.4668517113662407,-2.4149503129080676,-2.5308666892005847,-2.5748634360662868,-2.5748634360662868,-2.5748634360662868,-2.5748634360662868,-2.642245931909663,-2.714965160462917,-2.714965160462917,-2.642245931909663,-2.677945044588987,-2.6344941491974563,-2.6344941491974563,-2.6344941491974563,-2.6344941491974563,-2.6344941491974563,-2.723368324010564,-2.677945044588987,-2.62244653934327,0.0,0.0,0.0,0.0,0.0,0.0,0.0,0.0,0.0,0.0,0.0,-2.432966381462123,-2.432966381462123,-2.356194490192345,-2.356194490192345,-2.279422598922567,-2.356194490192345,-2.297438667476622,-2.1815222911841055,-2.1815222911841055,-2.256525837701183,-2.2655346029916,-2.214297435588181,-2.256525837701183,-2.214297435588181,-2.2655346029916,-2.312743594800814,-2.312743594800814,-2.312743594800814,-2.2730532583039036,-2.279422598922567,-2.279422598922567,-2.316215803069055,-2.279422598922567,-2.2848870254070546,-2.2848870254070546,-2.2455372690184494
18.575246366999636,router,ba:bd:de:13:68:55,-83,98.5954362059212,64,1.3626620328463614,16.074603492252507,0,0,12,-12,12,-12,11,-10,9,-10,8,-10,7,-11,7,-11,7,-10,5,-10,4,-10,4,-9,3,-9,2,-9,2,-9,2,-9,2,-10,2,-10,2,-10,2,-11,1,-10,1,-10,1,-9,1,-9,2,-9,4,-9,5,-7,0,0,0,0,0,0,0,0,0,0,0,0,0,0,0,0,0,0,0,0,0,0,4,-8,5,-8,6,-8,6,-9,7,-9,8,-9,8,-9,9,-9,9,-9,9,-9,10,-10,10,-11,9,-11,10,-10,11,-11,11,-12,11,-11,12,-11,12,-11,10,-11,11,-11,12,-11,11,-12,12,-13,13,-13,12,-12,0.0,16.97056274847714,16.97056274847714,14.866068747318506,13.45362404707371,12.806248474865697,13.038404810405298,13.038404810405298,12.206555615733702,11.180339887498949,10.770329614269007,9.848857801796104,9.486832980505138,9.219544457292887,9.219544457292887,9.219544457292887,10.198039027185569,10.198039027185569,10.198039027185569,11.180339887498949,10.04987562112089,10.04987562112089,9.055385138137417,9.055385138137417,9.219544457292887,9.848857801796104,8.602325267042627,0.0,0.0,0.0,0.0,0.0,0.0,0.0,0.0,0.0,0.0,0.0,8.94427190999916,9.433981132056603,10.0,10.816653826391969,11.40175425099138,12.041594578792296,12.041594578792296,12.727922061357855,12.727922061357855,12.727922061357855,14.142135623730951,14.866068747318506,14.212670403551895,14.142135623730951,15.556349186104045,16.278820596099706,15.556349186104045,16.278820596099706,16.278820596099706,14.866068747318506,15.556349186104045,16.278820596099706,16.278820596099706,17.69180601295413,18.384776310850235,16.97056274847714,0.0,-0.7853981633974483,-0.7853981633974483,-0.7378150601204649,-0.83798122500839,-0.8960553845713439,-1.0040671092713902,-1.0040671092713902,-0.960070362405688,-1.1071487177940904,-1.1902899496825317,-1.1525719972156676,-1.2490457723982544,-1.3521273809209546,-1.3521273809209546,-1.3521273809209546,-1.373400766945016,-1.373400766945016,-1.373400766945016,-1.3909428270024184,-1.4711276743037347,-1.4711276743037347,-1.460139105621001,-1.460139105621001,-1.3521273809209546,-1.1525719972156676,-0.9505468408120752,0.0,0.0,0.0,0.0,0.0,0.0,0.0,0.0,0.0,0.0,0.0,-1.1071487177940904,-1.0121970114513341,-0.9272952180016122,-0.982793723247329,-0.9097531579442097,-0.844153986113171,-0.844153986113171,-0.7853981633974483,-0.7853981633974483,-0.7853981633974483,-0.7853981633974483,-0.8329812666744317,-0.8850668158886104,-0.7853981633974483,-0.7853981633974483,-0.8288490587889792,-0.7853981633974483,-0.7419472680059175,-0.7419472680059175,-0.8329812666744317,-0.7853981633974483,-0.7419472680059175,-0.8288490587889792,-0.8253768505207384,-0.7853981633974483,-0.7853981633974483
18.67600132899679,router,ba:bd:de:13:68:55,-85,98.5954362059212,64,1.3628418256070465,16.124519942097315,0,0,-13,-8,-13,-8,-13,-8,-13,-8,-12,-7,-11,-6,-10,-5,-10,-4,-10,-4,-10,-2,-10,-1,-9,-2,-8,-1,-9,0,-10,-1,-10,-2,-9,-3,-9,-2,-10,0,-10,0,-11,-1,-10,-2,-9,-3,-9,-3,-8,-3,-8,-2,0,0,0,0,0,0,0,0,0,0,0,0,0,0,0,0,0,0,0,0,0,0,-7,-2,-9,-2,-10,-3,-9,-3,-8,-3,-8,-4,-9,-5,-10,-4,-11,-5,-11,-8,-12,-9,-12,-8,-11,-7,-12,-7,-12,-8,-13,-9,-13,-10,-12,-11,-13,-10,-13,-10,-14,-10,-14,-11,-13,-11,-14,-11,-14,-10,-14,-9,0.0,15.264337522473747,15.264337522473747,15.264337522473747,15.264337522473747,13.892443989449804,12.529964086141668,11.180339887498949,10.770329614269007,10.770329614269007,10.198039027185569,10.04987562112089,9.219544457292887,8.06225774829855,9.0,10.04987562112089,10.198039027185569,9.486832980505138,9.219544457292887,10.0,10.0,11.045361017187261,10.198039027185569,9.486832980505138,9.486832980505138,8.54400374531753,8.246211251235321,0.0,0.0,0.0,0.0,0.0,0.0,0.0,0.0,0.0,0.0,0.0,7.280109889280518,9.219544457292887,10.44030650891055,9.486832980505138,8.54400374531753,8.94427190999916,10.295630140987,10.770329614269007,12.083045973594572,13.601470508735444,15.0,14.422205101855956,13.038404810405298,13.892443989449804,14.422205101855956,15.811388300841896,16.401219466856727,16.278820596099706,16.401219466856727,16.401219466856727,17.204650534085253,17.804493814764857,17.029386365926403,17.804493814764857,17.204650534085253,16.64331697709324,0.0,-2.5899376710612465,-2.5899376710612465,-2.5899376710612465,-2.5899376710612465,-2.6135182051634334,-2.642245931909663,-2.677945044588987,-2.761086276477428,-2.761086276477428,-2.9441970937399127,-3.0419240010986313,-2.922923707715851,-3.017237659043032,3.141592653589793,-3.0419240010986313,-2.9441970937399127,-2.819842099193151,-2.922923707715851,3.141592653589793,3.141592653589793,-3.050932766389048,-2.9441970937399127,-2.819842099193151,-2.819842099193151,-2.782821983319221,-2.896613990462929,0.0,0.0,0.0,0.0,0.0,0.0,0.0,0.0,0.0,0.0,0.0,-2.8632929945846817,-2.922923707715851,-2.8501358591119264,-2.819842099193151,-2.782821983319221,-2.677945044588987,-2.6344941491974563,-2.761086276477428,-2.714965160462917,-2.5127963671743605,-2.498091544796509,-2.5535900500422257,-2.5748634360662868,-2.6135182051634334,-2.5535900500422257,-2.5360479899848234,-2.485897027348257,-2.399645385583876,-2.485897027348257,-2.485897027348257,-2.5213431676069717,-2.4756234162106834,-2.439335722080786,-2.4756234162106834,-2.5213431676069717,-2.5702551737561663
18.778123334996053,router,ba:bd:de:13:68:55,-81,98.5954362059212,64,1.3617379055875911,16.203444013333367,0,0,-15,3,-16,2,-16,1,-15,1,-14,3,-14,3,-13,3,-11,4,-11,4,-11,4,-11,4,-10,4,-10,4,-9,4,-8,5,-9,5,-9,5,-9,5,-9,5,-8,5,-8,5,-9,5,-9,5,-8,4,-8,4,-7,2,0,0,0,0,0,0,0,0,0,0,0,0,0,0,0,0,0,0,0,0,0,0,-9,2,-9,3,-9,3,-10,2,-10,1,-11,1,-12,0,-12,-1,-12,-1,-14,-1,-16,-1,-16,-1,-16,-2,-16,-2,-16,-2,-16,-2,-16,-1,-16,0,-16,0,-16,0,-16,1,-16,2,-16,1,-15,1,-16,0,-16,1,0.0,15.297058540778355,16.1245154965971,16.0312195418814,15.033296378372908,14.317821063276353,14.317821063276353,13.341664064126334,11.704699910719626,11.704699910719626,11.704699910719626,11.704699910719626,10.770329614269007,10.770329614269007,9.848857801796104,9.433981132056603,10.295630140987,10.295630140987,10.295630140987,10.295630140987,9.433981132056603,9.433981132056603,10.295630140987,10.295630140987,8.94427190999916,8.94427190999916,7.280109889280518,0.0,0.0,0.0,0.0,0.0,0.0,0.0,0.0,0.0,0.0,0.0,9.219544457292887,9.486832980505138,9.486832980505138,10.198039027185569,10.04987562112089,11.045361017187261,12.0,12.041594578792296,12.041594578792296,14.035668847618199,16.0312195418814,16.0312195418814,16.1245154965971,16.1245154965971,16.1245154965971,16.1245154965971,16.0312195418814,16.0,16.0,16.0,16.0312195418814,16.1245154965971,16.0312195418814,15.033296378372908,16.0,16.0312195418814,0.0,2.9441970937399127,3.017237659043032,3.079173843593836,3.0750244898139694,2.930499320367047,2.930499320367047,2.9147938055359073,2.7928216500058864,2.7928216500058864,2.7928216500058864,2.7928216500058864,2.761086276477428,2.761086276477428,2.723368324010564,2.5829933382462307,2.6344941491974563,2.6344941491974563,2.6344941491974563,2.6344941491974563,2.5829933382462307,2.5829933382462307,2.6344941491974563,2.6344941491974563,2.677945044588987,2.677945044588987,2.8632929945846817,0.0,0.0,0.0,0.0,0.0,0.0,0.0,0.0,0.0,0.0,0.0,2.922923707715851,2.819842099193151,2.819842099193151,2.9441970937399127,3.0419240010986313,3.050932766389048,3.141592653589793,-3.058451421701352,-3.058451421701352,-3.070285188804503,-3.079173843593836,-3.079173843593836,-3.017237659043032,-3.017237659043032,-3.017237659043032,-3.017237659043032,-3.079173843593836,3.141592653589793,3.141592653589793,3.141592653589793,3.079173843593836,3.017237659043032,3.079173843593836,3.0750244898139694,3.141592653589793,3.079173843593836
18.88659478399495,router,ba:bd:de:13:68:55,-87,96.61647895417093,64,1.3613474300027748,16.310485510360994,0,0,7,-15,7,-15,6,-15,6,-14,5,-14,4,-13,4,-13,3,-13,2,-13,2,-13,1,-13,1,-13,1,-12,1,-13,0,-13,0,-13,0,-13,0,-13,0,-13,0,-13,0,-13,1,-12,2,-12,3,-11,4,-10,4,-10,0,0,0,0,0,0,0,0,0,0,0,0,0,0,0,0,0,0,0,0,0,0,1,-8,2,-9,2,-9,2,-9,2,-10,3,-10,4,-11,4,-12,5,-12,6,-12,7,-13,7,-13,7,-13,8,-13,8,-13,7,-12,8,-12,8,-12,8,-12,8,-13,8,-13,8,-13,8,-13,8,-13,8,-13,8,-14,0.0,16.55294535724685,16.55294535724685,16.15549442140351,15.231546211727817,14.866068747318506,13.601470508735444,13.601470508735444,13.341664064126334,13.152946437965905,13.152946437965905,13.038404810405298,13.038404810405298,12.041594578792296,13.038404810405298,13.0,13.0,13.0,13.0,13.0,13.0,13.0,12.041594578792296,12.165525060596439,11.40175425099138,10.770329614269007,10.770329614269007,0.0,0.0,0.0,0.0,0.0,0.0,0.0,0.0,0.0,0.0,0.0,8.06225774829855,9.219544457292887,9.219544457292887,9.219544457292887,10.198039027185569,10.44030650891055,11.704699910719626,12.649110640673518,13.0,13.416407864998739,14.7648230602334,14.7648230602334,14.7648230602334,15.264337522473747,15.264337522473747,13.892443989449804,14.422205101855956,14.422205101855956,14.422205101855956,15.264337522473747,15.264337522473747,15.264337522473747,15.264337522473747,15.264337522473747,15.264337522473747,16.1245154965971,0.0,-1.1341691669813554,-1.1341691669813554,-1.1902899496825317,-1.1659045405098132,-1.2277723863741932,-1.2722973952087173,-1.2722973952087173,-1.3439974787410107,-1.4181469983996315,-1.4181469983996315,-1.4940244355251187,-1.4940244355251187,-1.4876550949064553,-1.4940244355251187,-1.5707963267948966,-1.5707963267948966,-1.5707963267948966,-1.5707963267948966,-1.5707963267948966,-1.5707963267948966,-1.5707963267948966,-1.4876550949064553,-1.4056476493802699,-1.3045442776439713,-1.1902899496825317,-1.1902899496825317,0.0,0.0,0.0,0.0,0.0,0.0,0.0,0.0,0.0,0.0,0.0,-1.446441332248135,-1.3521273809209546,-1.3521273809209546,-1.3521273809209546,-1.373400766945016,-1.2793395323170296,-1.2220253232109897,-1.2490457723982544,-1.176005207095135,-1.1071487177940904,-1.0768549578753155,-1.0768549578753155,-1.0768549578753155,-1.0191413442663497,-1.0191413442663497,-1.042721878368537,-0.982793723247329,-0.982793723247329,-0.982793723247329,-1.0191413442663497,-1.0191413442663497,-1.0191413442663497,-1.0191413442663497,-1.0191413442663497,-1.0191413442663497,-1.0516502125483738
18.99565036099375,router,ba:bd:de:13:68:55,-85,96.61647895417093,64,1.3624362301195265,16.45576961712981,0,0,-14,10,-14,9,-13,8,-12,7,-12,7,-12,7,-12,6,-11,6,-11,6,-10,6,-8,6,-9,6,-9,5,-8,5,-8,4,-9,6,-8,8,-7,8,-7,7,-6,6,-5,5,-6,6,-6,6,-6,4,-6,4,-4,3,0,0,0,0,0,0,0,0,0,0,0,0,0,0,0,0,0,0,0,0,0,0,-5,3,-4,4,-4,4,-3,4,-5,4,-6,5,-7,5,-8,6,-8,6,-9,6,-11,7,-12,7,-12,7,-10,7,-10,8,-12,8,-13,7,-14,7,-14,8,-14,7,-15,7,-15,8,-15,7,-15,8,-16,9,-18,10,0.0,17.204650534085253,16.64331697709324,15.264337522473747,13.892443989449804,13.892443989449804,13.892443989449804,13.416407864998739,12.529964086141668,12.529964086141668,11.661903789690601,10.0,10.816653826391969,10.295630140987,9.433981132056603,8.94427190999916,10.816653826391969,11.313708498984761,10.63014581273465,9.899494936611665,8.48528137423857,7.0710678118654755,8.48528137423857,8.48528137423857,7.211102550927978,7.211102550927978,5.0,0.0,0.0,0.0,0.0,0.0,0.0,0.0,0.0,0.0,0.0,0.0,5.830951894845301,5.656854249492381,5.656854249492381,5.0,6.4031242374328485,7.810249675906654,8.602325267042627,10.0,10.0,10.816653826391969,13.038404810405298,13.892443989449804,13.892443989449804,12.206555615733702,12.806248474865697,14.422205101855956,14.7648230602334,15.652475842498529,16.1245154965971,15.652475842498529,16.55294535724685,17.0,16.55294535724685,17.0,18.35755975068582,20.591260281974,0.0,2.5213431676069717,2.5702551737561663,2.5899376710612465,2.6135182051634334,2.6135182051634334,2.6135182051634334,2.677945044588987,2.642245931909663,2.642245931909663,2.601173153319209,2.498091544796509,2.5535900500422257,2.6344941491974563,2.5829933382462307,2.677945044588987,2.5535900500422257,2.356194490192345,2.289626326416521,2.356194490192345,2.356194490192345,2.356194490192345,2.356194490192345,2.356194490192345,2.5535900500422257,2.5535900500422257,2.498091544796509,0.0,0.0,0.0,0.0,0.0,0.0,0.0,0.0,0.0,0.0,0.0,2.601173153319209,2.356194490192345,2.356194490192345,2.214297435588181,2.4668517113662407,2.44685437739309,2.5213431676069717,2.498091544796509,2.498091544796509,2.5535900500422257,2.5748634360662868,2.6135182051634334,2.6135182051634334,2.5308666892005847,2.4668517113662407,2.5535900500422257,2.647651284670212,2.677945044588987,2.62244653934327,2.677945044588987,2.704965493776252,2.651635327336065,2.704965493776252,2.651635327336065,2.6292031932790554,2.6344941491974563
19.506449765998696,router,ba:bd:de:13:68:55,-88,96.61647895417093,64,1.367828276351613,16.64110510485018,0,0,-11,-14,-11,-14,-11,-14,-11,-13,-11,-12,-12,-12,-11,-12,-11,-11,-11,-11,-11,-11,-11,-10,-11,-9,-11,-9,-11,-8,-11,-8,-10,-8,-11,-8,-10,-8,-10,-8,-10,-9,-9,-9,-9,-9,-8,-10,-7,-10,-7,-10,-6,-10,0,0,0,0,0,0,0,0,0,0,0,0,0,0,0,0,0,0,0,0,0,0,-3,-2,-3,-2,-3,-2,-4,-2,-4,-2,-5,-3,-6,-3,-7,-3,-8,-4,-8,-4,-9,-5,-10,-5,-10,-5,-11,-6,-11,-6,-11,-7,-11,-8,-12,-8,-12,-9,-12,-10,-12,-11,-13,-12,-14,-12,-14,-12,-15,-13,-15,-13,0.0,17.804493814764857,17.804493814764857,17.804493814764857,17.029386365926403,16.278820596099706,16.97056274847714,16.278820596099706,15.556349186104045,15.556349186104045,15.556349186104045,14.866068747318506,14.212670403551895,14.212670403551895,13.601470508735444,13.601470508735444,12.806248474865697,13.601470508735444,12.806248474865697,12.806248474865697,13.45362404707371,12.727922061357855,12.727922061357855,12.806248474865697,12.206555615733702,12.206555615733702,11.661903789690601,0.0,0.0,0.0,0.0,0.0,0.0,0.0,0.0,0.0,0.0,0.0,3.605551275463989,3.605551275463989,3.605551275463989,4.47213595499958,4.47213595499958,5.830951894845301,6.708203932499369,7.615773105863909,8.94427190999916,8.94427190999916,10.295630140987,11.180339887498949,11.180339887498949,12.529964086141668,12.529964086141668,13.038404810405298,13.601470508735444,14.422205101855956,15.0,15.620499351813308,16.278820596099706,17.69180601295413,18.439088914585774,18.439088914585774,19.849433241279208,19.849433241279208,0.0,-2.2367655641740063,-2.2367655641740063,-2.2367655641740063,-2.2730532583039036,-2.312743594800814,-2.356194490192345,-2.312743594800814,-2.356194490192345,-2.356194490192345,-2.356194490192345,-2.403777593469328,-2.455863142683507,-2.455863142683507,-2.5127963671743605,-2.5127963671743605,-2.4668517113662407,-2.5127963671743605,-2.4668517113662407,-2.4668517113662407,-2.408777551803287,-2.356194490192345,-2.356194490192345,-2.2455372690184494,-2.1815222911841055,-2.1815222911841055,-2.1112158270654806,0.0,0.0,0.0,0.0,0.0,0.0,0.0,0.0,0.0,0.0,0.0,-2.5535900500422257,-2.5535900500422257,-2.5535900500422257,-2.677945044588987,-2.677945044588987,-2.601173153319209,-2.677945044588987,-2.7367008673047097,-2.677945044588987,-2.677945044588987,-2.6344941491974563,-2.677945044588987,-2.677945044588987,-2.642245931909663,-2.642245931909663,-2.5748634360662868,-2.5127963671743605,-2.5535900500422257,-2.498091544796509,-2.44685437739309,-2.399645385583876,-2.396173177315635,-2.432966381462123,-2.432966381462123,-2.427501954977635,-2.427501954977635
19.615268914996705,router,ba:bd:de:13:68:55,-86,96.61647895417093,64,1.3769064015317614,16.85542055348162,0,0,-10,16,-11,17,-10,15,-9,13,-9,13,-9,14,-8,13,-7,12,-5,12,-4,13,-4,13,-4,12,-3,13,-3,13,-3,12,-4,12,-4,12,-3,13,-3,13,-4,13,-4,11,-4,10,-4,11,-4,10,-5,10,-8,9,0,0,0,0,0,0,0,0,0,0,0,0,0,0,0,0,0,0,0,0,0,0,-5,-1,-5,-1,-4,0,-4,1,-4,1,-4,0,-6,2,-7,3,-6,3,-6,4,-7,5,-8,7,-9,7,-9,6,-8,5,-9,7,-11,8,-10,8,-9,9,-9,11,-7,13,-8,13,-10,13,-10,12,-10,12,-14,12,0.0,18.867962264113206,20.248456731316587,18.027756377319946,15.811388300841896,15.811388300841896,16.64331697709324,15.264337522473747,13.892443989449804,13.0,13.601470508735444,13.601470508735444,12.649110640673518,13.341664064126334,13.341664064126334,12.36931687685298,12.649110640673518,12.649110640673518,13.341664064126334,13.341664064126334,13.601470508735444,11.704699910719626,10.770329614269007,11.704699910719626,10.770329614269007,11.180339887498949,12.041594578792296,0.0,0.0,0.0,0.0,0.0,0.0,0.0,0.0,0.0,0.0,0.0,5.0990195135927845,5.0990195135927845,4.0,4.123105625617661,4.123105625617661,4.0,6.324555320336759,7.615773105863909,6.708203932499369,7.211102550927978,8.602325267042627,10.63014581273465,11.40175425099138,10.816653826391969,9.433981132056603,11.40175425099138,13.601470508735444,12.806248474865697,12.727922061357855,14.212670403551895,14.7648230602334,15.264337522473747,16.401219466856727,15.620499351813308,15.620499351813308,18.439088914585774,0.0,2.129395642138459,2.1451011569695986,2.158798930342464,2.1763409903998667,2.1763409903998667,2.1421338066285234,2.1224513093234436,2.0988707752212563,1.965587446494658,1.8692952583810758,1.8692952583810758,1.892546881191539,1.7975951748487824,1.7975951748487824,1.8157749899217608,1.892546881191539,1.892546881191539,1.7975951748487824,1.7975951748487824,1.8692952583810758,1.9195673303788037,1.9513027039072615,1.9195673303788037,1.9513027039072615,2.0344439357957027,2.297438667476622,0.0,0.0,0.0,0.0,0.0,0.0,0.0,0.0,0.0,0.0,0.0,-2.9441970937399127,-2.9441970937399127,3.141592653589793,2.896613990462929,2.896613990462929,3.141592653589793,2.819842099193151,2.7367008673047097,2.677945044588987,2.5535900500422257,2.5213431676069717,2.4227626539681686,2.4805494847391065,2.5535900500422257,2.5829933382462307,2.4805494847391065,2.5127963671743605,2.4668517113662407,2.356194490192345,2.256525837701183,2.0647376957144776,2.1224513093234436,2.2264919530364327,2.2655346029916,2.2655346029916,2.432966381462123
19.716153911998845,router,ba:bd:de:13:68:55,-84,96.61647895417093,64,1.3845838115928628,17.090031054697196,0,0,16,-5,16,-5,16,-4,15,-4,13,-5,13,-6,12,-5,12,-4,12,-4,11,-3,10,-2,11,-3,12,-3,11,-4,10,-5,9,-7,9,-6,9,-5,9,-5,9,-4,9,-4,9,-4,8,-3,8,-4,8,-5,10,-5,0,0,0,0,0,0,0,0,0,0,0,0,0,0,0,0,0,0,0,0,0,0,5,-2,6,-3,7,-3,6,-3,8,-3,9,-2,10,-1,9,-1,9,0,10,0,10,-1,11,-1,11,-2,11,-1,11,-2,11,-3,12,-3,13,-2,14,-3,16,-3,16,-2,16,-2,17,-3,17,-4,17,-3,17,-3,0.0,16.76305461424021,16.76305461424021,16.492422502470642,15.524174696260024,13.92838827718412,14.317821063276353,13.0,12.649110640673518,12.649110640673518,11.40175425099138,10.198039027185569,11.40175425099138,12.36931687685298,11.704699910719626,11.180339887498949,11.40175425099138,10.816653826391969,10.295630140987,10.295630140987,9.848857801796104,9.848857801796104,9.848857801796104,8.54400374531753,8.94427190999916,9.433981132056603,11.180339887498949,0.0,0.0,0.0,0.0,0.0,0.0,0.0,0.0,0.0,0.0,0.0,5.385164807134504,6.708203932499369,7.615773105863909,6.708203932499369,8.54400374531753,9.219544457292887,10.04987562112089,9.055385138137417,9.0,10.0,10.04987562112089,11.045361017187261,11.180339887498949,11.045361017187261,11.180339887498949,11.40175425099138,12.36931687685298,13.152946437965905,14.317821063276353,16.278820596099706,16.1245154965971,16.1245154965971,17.26267650163207,17.46424919657298,17.26267650163207,17.26267650163207,0.0,-0.3028848683749714,-0.3028848683749714,-0.24497866312686414,-0.260602391747341,-0.3671738338182192,-0.43240777557053783,-0.3947911196997615,-0.3217505543966422,-0.3217505543966422,-0.2662520491509254,-0.19739555984988075,-0.2662520491509254,-0.24497866312686414,-0.348771003583907,-0.4636476090008061,-0.6610431688506869,-0.5880026035475675,-0.507098504392337,-0.507098504392337,-0.4182243295792291,-0.4182243295792291,-0.4182243295792291,-0.35877067027057225,-0.4636476090008061,-0.5585993153435624,-0.4636476090008061,0.0,0.0,0.0,0.0,0.0,0.0,0.0,0.0,0.0,0.0,0.0,-0.3805063771123649,-0.4636476090008061,-0.40489178628508343,-0.4636476090008061,-0.35877067027057225,-0.21866894587394195,-0.09966865249116202,-0.11065722117389565,0.0,0.0,-0.09966865249116202,-0.09065988720074511,-0.17985349979247828,-0.09065988720074511,-0.17985349979247828,-0.2662520491509254,-0.24497866312686414,-0.15264932839526515,-0.21109333322274654,-0.18534794999569476,-0.12435499454676144,-0.12435499454676144,-0.1746721990082397,-0.23109066719589708,-0.1746721990082397,-0.1746721990082397
19.82517866699345,router,ba:bd:de:13:68:55,-86,96.61647895417093,64,1.392028342130049,17.338359421374758,0,0,-15,13,-15,12,-14,12,-12,13,-12,12,-11,10,-10,9,-10,10,-11,9,-11,8,-11,8,-10,9,-9,9,-10,8,-10,7,-11,5,-11,6,-10,7,-10,7,-9,6,-8,4,-9,3,-10,4,-11,4,-8,4,-6,6,0,0,0,0,0,0,0,0,0,0,0,0,0,0,0,0,0,0,0,0,0,0,-5,3,-6,2,-5,3,-4,5,-3,7,-3,10,-4,10,-6,8,-7,7,-6,8,-5,9,-5,9,-4,10,-3,12,-2,13,-5,10,-9,9,-9,11,-8,13,-8,14,-11,13,-15,13,-13,14,-11,14,-11,12,-12,12,0.0,19.849433241279208,19.209372712298546,18.439088914585774,17.69180601295413,16.97056274847714,14.866068747318506,13.45362404707371,14.142135623730951,14.212670403551895,13.601470508735444,13.601470508735444,13.45362404707371,12.727922061357855,12.806248474865697,12.206555615733702,12.083045973594572,12.529964086141668,12.206555615733702,12.206555615733702,10.816653826391969,8.94427190999916,9.486832980505138,10.770329614269007,11.704699910719626,8.94427190999916,8.48528137423857,0.0,0.0,0.0,0.0,0.0,0.0,0.0,0.0,0.0,0.0,0.0,5.830951894845301,6.324555320336759,5.830951894845301,6.4031242374328485,7.615773105863909,10.44030650891055,10.770329614269007,10.0,9.899494936611665,10.0,10.295630140987,10.295630140987,10.770329614269007,12.36931687685298,13.152946437965905,11.180339887498949,12.727922061357855,14.212670403551895,15.264337522473747,16.1245154965971,17.029386365926403,19.849433241279208,19.1049731745428,17.804493814764857,16.278820596099706,16.97056274847714,0.0,2.427501954977635,2.4668517113662407,2.432966381462123,2.316215803069055,2.356194490192345,2.403777593469328,2.408777551803287,2.356194490192345,2.455863142683507,2.5127963671743605,2.5127963671743605,2.408777551803287,2.356194490192345,2.4668517113662407,2.5308666892005847,2.714965160462917,2.642245931909663,2.5308666892005847,2.5308666892005847,2.5535900500422257,2.677945044588987,2.819842099193151,2.761086276477428,2.7928216500058864,2.677945044588987,2.356194490192345,0.0,0.0,0.0,0.0,0.0,0.0,0.0,0.0,0.0,0.0,0.0,2.601173153319209,2.819842099193151,2.601173153319209,2.2455372690184494,1.97568811307998,1.8622531212727638,1.9513027039072615,2.214297435588181,2.356194490192345,2.214297435588181,2.0778948311872334,2.0778948311872334,1.9513027039072615,1.8157749899217608,1.7234456551901618,2.0344439357957027,2.356194490192345,2.256525837701183,2.1224513093234436,2.0899424410414196,2.2730532583039036,2.427501954977635,2.3191743743184148,2.2367655641740063,2.312743594800814,2.356194490192345
19.935792049996962,router,ba:bd:de:13:68:55,-90,46.872544365031914,64,1.3996309710637576,17.74257692762624,0,0,-10,16,-9,15,-8,14,-7,14,-6,13,-5,12,-4,11,-4,10,-3,11,-2,11,-2,11,-2,11,-2,11,-2,12,-2,13,-2,13,-1,13,-2,12,-2,12,-3,12,-3,12,-4,11,-4,10,-6,9,-7,9,-8,8,0,0,0,0,0,0,0,0,0,0,0,0,0,0,0,0,0,0,0,0,0,0,-3,7,-2,6,-3,7,-3,6,-3,7,-2,7,-3,7,-2,7,-3,7,-3,7,-4,8,-3,8,-3,9,-4,9,-4,10,-4,11,-5,11,-5,13,-5,12,-6,13,-7,13,-8,14,-8,14,-8,15,-8,15,-8,15,0.0,18.867962264113206,17.4928556845359,16.1245154965971,15.652475842498529,14.317821063276353,13.0,11.704699910719626,10.770329614269007,11.40175425099138,11.180339887498949,11.180339887498949,11.180339887498949,11.180339887498949,12.165525060596439,13.152946437965905,13.152946437965905,13.038404810405298,12.165525060596439,12.165525060596439,12.36931687685298,12.36931687685298,11.704699910719626,10.770329614269007,10.816653826391969,11.40175425099138,11.313708498984761,0.0,0.0,0.0,0.0,0.0,0.0,0.0,0.0,0.0,0.0,0.0,7.615773105863909,6.324555320336759,7.615773105863909,6.708203932499369,7.615773105863909,7.280109889280518,7.615773105863909,7.280109889280518,7.615773105863909,7.615773105863909,8.94427190999916,8.54400374531753,9.486832980505138,9.848857801796104,10.770329614269007,11.704699910719626,12.083045973594572,13.92838827718412,13.0,14.317821063276353,14.7648230602334,16.1245154965971,16.1245154965971,17.0,17.0,17.0,0.0,2.129395642138459,2.1112158270654806,2.0899424410414196,2.0344439357957027,2.0032041023654346,1.965587446494658,1.9195673303788037,1.9513027039072615,1.837048375945822,1.750649826587375,1.750649826587375,1.750649826587375,1.750649826587375,1.7359450042095235,1.7234456551901618,1.7234456551901618,1.6475682180646747,1.7359450042095235,1.7359450042095235,1.8157749899217608,1.8157749899217608,1.9195673303788037,1.9513027039072615,2.158798930342464,2.2318394956455836,2.356194490192345,0.0,0.0,0.0,0.0,0.0,0.0,0.0,0.0,0.0,0.0,0.0,1.97568811307998,1.892546881191539,1.97568811307998,2.0344439357957027,1.97568811307998,1.849095985800008,1.97568811307998,1.849095985800008,1.97568811307998,1.97568811307998,2.0344439357957027,1.9295669970654687,1.892546881191539,1.9890206563741257,1.9513027039072615,1.9195673303788037,1.9974238199217726,1.9379701606131159,1.965587446494658,2.0032041023654346,2.0647376957144776,2.0899424410414196,2.0899424410414196,2.060753653048625,2.060753653048625,2.060753653048625
20.043976897999528,router,ba:bd:de:13:68:55,-86,46.872544365031914,64,1.405878817157655,18.03026097190251,0,0,13,-3,13,-3,13,-3,13,-3,12,-3,12,-3,11,-2,11,-3,10,-3,9,-3,8,-3,8,-4,7,-4,8,-4,7,-5,8,-5,7,-6,7,-6,7,-6,7,-5,7,-5,7,-5,7,-5,8,-4,8,-4,9,-3,0,0,0,0,0,0,0,0,0,0,0,0,0,0,0,0,0,0,0,0,0,0,11,0,11,0,11,-1,12,-1,12,-1,12,-1,12,0,12,0,12,1,13,1,13,1,13,1,13,1,14,1,14,1,14,1,14,0,14,-1,15,-1,15,-2,15,-1,16,-2,16,-1,16,-1,17,-1,17,-1,0.0,13.341664064126334,13.341664064126334,13.341664064126334,13.341664064126334,12.36931687685298,12.36931687685298,11.180339887498949,11.40175425099138,10.44030650891055,9.486832980505138,8.54400374531753,8.94427190999916,8.06225774829855,8.94427190999916,8.602325267042627,9.433981132056603,9.219544457292887,9.219544457292887,9.219544457292887,8.602325267042627,8.602325267042627,8.602325267042627,8.602325267042627,8.94427190999916,8.94427190999916,9.486832980505138,0.0,0.0,0.0,0.0,0.0,0.0,0.0,0.0,0.0,0.0,0.0,11.0,11.0,11.045361017187261,12.041594578792296,12.041594578792296,12.041594578792296,12.0,12.0,12.041594578792296,13.038404810405298,13.038404810405298,13.038404810405298,13.038404810405298,14.035668847618199,14.035668847618199,14.035668847618199,14.0,14.035668847618199,15.033296378372908,15.132745950421556,15.033296378372908,16.1245154965971,16.0312195418814,16.0312195418814,17.029386365926403,17.029386365926403,0.0,-0.22679884805388587,-0.22679884805388587,-0.22679884805388587,-0.22679884805388587,-0.24497866312686414,-0.24497866312686414,-0.17985349979247828,-0.2662520491509254,-0.2914567944778671,-0.3217505543966422,-0.35877067027057225,-0.4636476090008061,-0.5191461142465229,-0.4636476090008061,-0.6202494859828215,-0.5585993153435624,-0.7086262721276703,-0.7086262721276703,-0.7086262721276703,-0.6202494859828215,-0.6202494859828215,-0.6202494859828215,-0.6202494859828215,-0.4636476090008061,-0.4636476090008061,-0.3217505543966422,0.0,0.0,0.0,0.0,0.0,0.0,0.0,0.0,0.0,0.0,0.0,0.0,0.0,-0.09065988720074511,-0.08314123188844123,-0.08314123188844123,-0.08314123188844123,0.0,0.0,0.08314123188844123,0.07677189126977804,0.07677189126977804,0.07677189126977804,0.07677189126977804,0.07130746478529032,0.07130746478529032,0.07130746478529032,0.0,-0.07130746478529032,-0.06656816377582381,-0.13255153229667402,-0.06656816377582381,-0.12435499454676144,-0.06241880999595735,-0.06241880999595735,-0.058755822715722696,-0.058755822715722696
20.1863157389962,router,ba:bd:de:13:68:55,-88,46.872544365031914,64,1.412708676439222,18.23501321601735,0,0,12,-9,12,-9,11,-9,10,-8,10,-8,9,-8,8,-7,7,-8,7,-8,7,-8,6,-8,6,-9,6,-9,6,-10,5,-10,5,-10,5,-11,6,-11,5,-10,5,-10,6,-11,6,-10,6,-9,6,-8,7,-7,6,-6,0,0,0,0,0,0,0,0,0,0,0,0,0,0,0,0,0,0,0,0,0,0,3,-2,4,-2,5,-3,5,-3,6,-4,6,-4,6,-4,6,-4,6,-5,7,-5,7,-5,7,-6,7,-6,8,-6,8,-7,9,-7,9,-8,10,-8,11,-8,10,-8,11,-9,11,-9,11,-9,12,-9,12,-9,12,-9,0.0,15.0,15.0,14.212670403551895,12.806248474865697,12.806248474865697,12.041594578792296,10.63014581273465,10.63014581273465,10.63014581273465,10.63014581273465,10.0,10.816653826391969,10.816653826391969,11.661903789690601,11.180339887498949,11.180339887498949,12.083045973594572,12.529964086141668,11.180339887498949,11.180339887498949,12.529964086141668,11.661903789690601,10.816653826391969,10.0,9.899494936611665,8.48528137423857,0.0,0.0,0.0,0.0,0.0,0.0,0.0,0.0,0.0,0.0,0.0,3.605551275463989,4.47213595499958,5.830951894845301,5.830951894845301,7.211102550927978,7.211102550927978,7.211102550927978,7.211102550927978,7.810249675906654,8.602325267042627,8.602325267042627,9.219544457292887,9.219544457292887,10.0,10.63014581273465,11.40175425099138,12.041594578792296,12.806248474865697,13.601470508735444,12.806248474865697,14.212670403551895,14.212670403551895,14.212670403551895,15.0,15.0,15.0,0.0,-0.6435011087932844,-0.6435011087932844,-0.6857295109062863,-0.6747409422235526,-0.6747409422235526,-0.7266423406817256,-0.7188299996216245,-0.8519663271732721,-0.8519663271732721,-0.8519663271732721,-0.9272952180016122,-0.982793723247329,-0.982793723247329,-1.0303768265243125,-1.1071487177940904,-1.1071487177940904,-1.1441688336680205,-1.0714496051147666,-1.1071487177940904,-1.1071487177940904,-1.0714496051147666,-1.0303768265243125,-0.982793723247329,-0.9272952180016122,-0.7853981633974483,-0.7853981633974483,0.0,0.0,0.0,0.0,0.0,0.0,0.0,0.0,0.0,0.0,0.0,-0.5880026035475675,-0.4636476090008061,-0.5404195002705842,-0.5404195002705842,-0.5880026035475675,-0.5880026035475675,-0.5880026035475675,-0.5880026035475675,-0.6947382761967031,-0.6202494859828215,-0.6202494859828215,-0.7086262721276703,-0.7086262721276703,-0.6435011087932844,-0.7188299996216245,-0.6610431688506869,-0.7266423406817256,-0.6747409422235526,-0.628796286415433,-0.6747409422235526,-0.6857295109062863,-0.6857295109062863,-0.6857295109062863,-0.6435011087932844,-0.6435011087932844,-0.6435011087932844
20.28641651099315,router,ba:bd:de:13:68:55,-88,46.872544365031914,64,1.4169769899121794,18.393304141838154,0,0,-12,-13,-11,-12,-11,-12,-11,-12,-10,-11,-10,-10,-10,-10,-10,-9,-10,-8,-10,-7,-9,-7,-9,-6,-9,-5,-9,-5,-9,-5,-9,-4,-9,-4,-9,-4,-9,-4,-9,-4,-9,-5,-9,-6,-9,-6,-10,-6,-10,-7,-9,-7,0,0,0,0,0,0,0,0,0,0,0,0,0,0,0,0,0,0,0,0,0,0,-4,-8,-4,-9,-5,-8,-5,-9,-5,-9,-5,-9,-6,-10,-6,-10,-7,-10,-7,-11,-7,-11,-7,-12,-7,-11,-7,-12,-8,-12,-8,-12,-7,-13,-8,-14,-8,-14,-8,-14,-8,-14,-9,-15,-9,-15,-9,-15,-9,-15,-10,-15,0.0,17.69180601295413,16.278820596099706,16.278820596099706,16.278820596099706,14.866068747318506,14.142135623730951,14.142135623730951,13.45362404707371,12.806248474865697,12.206555615733702,11.40175425099138,10.816653826391969,10.295630140987,10.295630140987,10.295630140987,9.848857801796104,9.848857801796104,9.848857801796104,9.848857801796104,9.848857801796104,10.295630140987,10.816653826391969,10.816653826391969,11.661903789690601,12.206555615733702,11.40175425099138,0.0,0.0,0.0,0.0,0.0,0.0,0.0,0.0,0.0,0.0,0.0,8.94427190999916,9.848857801796104,9.433981132056603,10.295630140987,10.295630140987,10.295630140987,11.661903789690601,11.661903789690601,12.206555615733702,13.038404810405298,13.038404810405298,13.892443989449804,13.038404810405298,13.892443989449804,14.422205101855956,14.422205101855956,14.7648230602334,16.1245154965971,16.1245154965971,16.1245154965971,16.1245154965971,17.4928556845359,17.4928556845359,17.4928556845359,17.4928556845359,18.027756377319946,0.0,-2.316215803069055,-2.312743594800814,-2.312743594800814,-2.312743594800814,-2.3086113869153615,-2.356194490192345,-2.356194490192345,-2.408777551803287,-2.4668517113662407,-2.5308666892005847,-2.4805494847391065,-2.5535900500422257,-2.6344941491974563,-2.6344941491974563,-2.6344941491974563,-2.723368324010564,-2.723368324010564,-2.723368324010564,-2.723368324010564,-2.723368324010564,-2.6344941491974563,-2.5535900500422257,-2.5535900500422257,-2.601173153319209,-2.5308666892005847,-2.4805494847391065,0.0,0.0,0.0,0.0,0.0,0.0,0.0,0.0,0.0,0.0,0.0,-2.0344439357957027,-1.9890206563741257,-2.129395642138459,-2.0778948311872334,-2.0778948311872334,-2.0778948311872334,-2.1112158270654806,-2.1112158270654806,-2.1815222911841055,-2.137525544318403,-2.137525544318403,-2.0988707752212563,-2.137525544318403,-2.0988707752212563,-2.158798930342464,-2.158798930342464,-2.0647376957144776,-2.0899424410414196,-2.0899424410414196,-2.0899424410414196,-2.0899424410414196,-2.1112158270654806,-2.1112158270654806,-2.1112158270654806,-2.1112158270654806,-2.158798930342464
20.38766891999694,router,ba:bd:de:13:68:55,-86,46.872544365031914,64,1.4192161511630128,18.526302880361516,0,0,-17,-7,-15,-8,-13,-9,-14,-9,-13,-8,-11,-8,-11,-7,-11,-7,-11,-6,-11,-4,-10,-3,-10,-3,-9,-3,-8,-3,-9,-3,-9,-2,-9,-2,-8,-2,-9,0,-9,0,-9,-1,-9,-1,-9,-2,-8,-2,-7,-3,-6,-4,0,0,0,0,0,0,0,0,0,0,0,0,0,0,0,0,0,0,0,0,0,0,-7,-5,-7,-6,-6,-5,-6,-5,-7,-7,-8,-8,-9,-9,-9,-10,-10,-9,-11,-8,-10,-7,-9,-7,-9,-7,-10,-7,-12,-6,-11,-6,-11,-8,-12,-9,-14,-8,-13,-7,-12,-8,-13,-9,-15,-8,-14,-7,-13,-8,-12,-9,0.0,18.384776310850235,17.0,15.811388300841896,16.64331697709324,15.264337522473747,13.601470508735444,13.038404810405298,13.038404810405298,12.529964086141668,11.704699910719626,10.44030650891055,10.44030650891055,9.486832980505138,8.54400374531753,9.486832980505138,9.219544457292887,9.219544457292887,8.246211251235321,9.0,9.0,9.055385138137417,9.055385138137417,9.219544457292887,8.246211251235321,7.615773105863909,7.211102550927978,0.0,0.0,0.0,0.0,0.0,0.0,0.0,0.0,0.0,0.0,0.0,8.602325267042627,9.219544457292887,7.810249675906654,7.810249675906654,9.899494936611665,11.313708498984761,12.727922061357855,13.45362404707371,13.45362404707371,13.601470508735444,12.206555615733702,11.40175425099138,11.40175425099138,12.206555615733702,13.416407864998739,12.529964086141668,13.601470508735444,15.0,16.1245154965971,14.7648230602334,14.422205101855956,15.811388300841896,17.0,15.652475842498529,15.264337522473747,15.0,0.0,-2.7509856098921066,-2.651635327336065,-2.5360479899848234,-2.5702551737561663,-2.5899376710612465,-2.5127963671743605,-2.5748634360662868,-2.5748634360662868,-2.642245931909663,-2.7928216500058864,-2.8501358591119264,-2.8501358591119264,-2.819842099193151,-2.782821983319221,-2.819842099193151,-2.922923707715851,-2.922923707715851,-2.896613990462929,3.141592653589793,3.141592653589793,-3.0309354324158977,-3.0309354324158977,-2.922923707715851,-2.896613990462929,-2.7367008673047097,-2.5535900500422257,0.0,0.0,0.0,0.0,0.0,0.0,0.0,0.0,0.0,0.0,0.0,-2.5213431676069717,-2.432966381462123,-2.44685437739309,-2.44685437739309,-2.356194490192345,-2.356194490192345,-2.356194490192345,-2.3036114285814033,-2.408777551803287,-2.5127963671743605,-2.5308666892005847,-2.4805494847391065,-2.4805494847391065,-2.5308666892005847,-2.677945044588987,-2.642245931909663,-2.5127963671743605,-2.498091544796509,-2.62244653934327,-2.647651284670212,-2.5535900500422257,-2.5360479899848234,-2.651635327336065,-2.677945044588987,-2.5899376710612465,-2.498091544796509
20.58514583899523,router,ba:bd:de:13:68:55,-89,46.872544365031914,64,1.4222964014485693,18.640524089449446,0,0,13,0,13,0,12,0,12,0,11,0,11,0,10,0,10,-1,9,-1,9,0,9,0,9,-1,8,-1,8,-1,8,-2,8,-2,8,-1,8,-1,7,-1,7,-1,6,-1,7,-1,7,-1,7,0,7,0,8,-1,0,0,0,0,0,0,0,0,0,0,0,0,0,0,0,0,0,0,0,0,0,0,9,0,9,0,9,0,10,0,10,0,10,0,10,1,10,0,11,1,11,1,11,1,12,1,12,1,12,1,12,2,13,2,14,1,14,1,15,1,15,1,15,1,15,1,16,1,16,1,16,1,17,2,0.0,13.0,13.0,12.0,12.0,11.0,11.0,10.0,10.04987562112089,9.055385138137417,9.0,9.0,9.055385138137417,8.06225774829855,8.06225774829855,8.246211251235321,8.246211251235321,8.06225774829855,8.06225774829855,7.0710678118654755,7.0710678118654755,6.082762530298219,7.0710678118654755,7.0710678118654755,7.0,7.0,8.06225774829855,0.0,0.0,0.0,0.0,0.0,0.0,0.0,0.0,0.0,0.0,0.0,9.0,9.0,9.0,10.0,10.0,10.0,10.04987562112089,10.0,11.045361017187261,11.045361017187261,11.045361017187261,12.041594578792296,12.041594578792296,12.041594578792296,12.165525060596439,13.152946437965905,14.035668847618199,14.035668847618199,15.033296378372908,15.033296378372908,15.033296378372908,15.033296378372908,16.0312195418814,16.0312195418814,16.0312195418814,17.11724276862369,0.0,0.0,0.0,0.0,0.0,0.0,0.0,0.0,-0.09966865249116202,-0.11065722117389565,0.0,0.0,-0.11065722117389565,-0.12435499454676144,-0.12435499454676144,-0.24497866312686414,-0.24497866312686414,-0.12435499454676144,-0.12435499454676144,-0.14189705460416394,-0.14189705460416394,-0.16514867741462683,-0.14189705460416394,-0.14189705460416394,0.0,0.0,-0.12435499454676144,0.0,0.0,0.0,0.0,0.0,0.0,0.0,0.0,0.0,0.0,0.0,0.0,0.0,0.0,0.0,0.0,0.0,0.09966865249116202,0.0,0.09065988720074511,0.09065988720074511,0.09065988720074511,0.08314123188844123,0.08314123188844123,0.08314123188844123,0.16514867741462683,0.15264932839526515,0.07130746478529032,0.07130746478529032,0.06656816377582381,0.06656816377582381,0.06656816377582381,0.06656816377582381,0.06241880999595735,0.06241880999595735,0.06241880999595735,0.11710874456686428
20.685371956999006,router,ba:bd:de:13:68:55,-88,46.872544365031914,64,1.4248793339841217,18.73878802369699,0,0,8,-18,7,-17,7,-17,8,-15,7,-15,7,-14,7,-13,7,-13,6,-12,6,-12,6,-11,5,-11,5,-11,5,-10,4,-10,5,-10,5,-10,5,-10,4,-9,5,-9,5,-9,5,-9,5,-9,5,-9,5,-9,5,-10,0,0,0,0,0,0,0,0,0,0,0,0,0,0,0,0,0,0,0,0,0,0,1,-5,1,-5,1,-6,1,-6,1,-7,1,-8,1,-8,1,-9,2,-9,3,-10,3,-11,3,-11,3,-12,4,-12,4,-13,4,-14,5,-13,5,-14,6,-15,6,-15,6,-16,7,-17,8,-17,9,-18,10,-18,10,-19,0.0,19.697715603592208,18.384776310850235,18.384776310850235,17.0,16.55294535724685,15.652475842498529,14.7648230602334,14.7648230602334,13.416407864998739,13.416407864998739,12.529964086141668,12.083045973594572,12.083045973594572,11.180339887498949,10.770329614269007,11.180339887498949,11.180339887498949,11.180339887498949,9.848857801796104,10.295630140987,10.295630140987,10.295630140987,10.295630140987,10.295630140987,10.295630140987,11.180339887498949,0.0,0.0,0.0,0.0,0.0,0.0,0.0,0.0,0.0,0.0,0.0,5.0990195135927845,5.0990195135927845,6.082762530298219,6.082762530298219,7.0710678118654755,8.06225774829855,8.06225774829855,9.055385138137417,9.219544457292887,10.44030650891055,11.40175425099138,11.40175425099138,12.36931687685298,12.649110640673518,13.601470508735444,14.560219778561036,13.92838827718412,14.866068747318506,16.15549442140351,16.15549442140351,17.08800749063506,18.384776310850235,18.788294228055936,20.12461179749811,20.591260281974,21.470910553583888,0.0,-1.1525719972156676,-1.1801892830972098,-1.1801892830972098,-1.0808390005411683,-1.1341691669813554,-1.1071487177940904,-1.0768549578753155,-1.0768549578753155,-1.1071487177940904,-1.1071487177940904,-1.0714496051147666,-1.1441688336680205,-1.1441688336680205,-1.1071487177940904,-1.1902899496825317,-1.1071487177940904,-1.1071487177940904,-1.1071487177940904,-1.1525719972156676,-1.0636978224025597,-1.0636978224025597,-1.0636978224025597,-1.0636978224025597,-1.0636978224025597,-1.0636978224025597,-1.1071487177940904,0.0,0.0,0.0,0.0,0.0,0.0,0.0,0.0,0.0,0.0,0.0,-1.373400766945016,-1.373400766945016,-1.4056476493802699,-1.4056476493802699,-1.4288992721907328,-1.446441332248135,-1.446441332248135,-1.460139105621001,-1.3521273809209546,-1.2793395323170296,-1.3045442776439713,-1.3045442776439713,-1.3258176636680326,-1.2490457723982544,-1.2722973952087173,-1.2924966677897853,-1.2036224929766774,-1.2277723863741932,-1.1902899496825317,-1.1902899496825317,-1.2120256565243244,-1.1801892830972098,-1.1309537439791604,-1.1071487177940904,-1.0636978224025597,-1.0863183977578734
20.81700155299768,router,ba:bd:de:13:68:55,-90,46.872544365031914,64,1.433249607809271,18.82236528365621,0,0,2,17,2,16,0,16,0,15,-1,15,-2,13,-2,14,-2,12,-2,12,-2,12,-2,12,-2,11,-2,11,-2,10,-2,11,-1,10,-1,9,-1,9,-1,8,-1,8,-1,7,-1,6,-1,5,-1,4,-2,4,-2,3,0,0,0,0,0,0,0,0,0,0,0,0,0,0,0,0,0,0,0,0,0,0,-5,5,-5,5,-5,4,-5,5,-4,5,-4,5,-3,5,-3,5,-3,6,-2,6,-2,7,-2,7,-2,8,-2,8,-2,8,-2,8,-1,9,-1,10,-1,11,0,11,-1,12,0,13,0,14,0,15,0,15,1,15,0.0,17.11724276862369,16.1245154965971,16.0,15.0,15.033296378372908,13.152946437965905,14.142135623730951,12.165525060596439,12.165525060596439,12.165525060596439,12.165525060596439,11.180339887498949,11.180339887498949,10.198039027185569,11.180339887498949,10.04987562112089,9.055385138137417,9.055385138137417,8.06225774829855,8.06225774829855,7.0710678118654755,6.082762530298219,5.0990195135927845,4.123105625617661,4.47213595499958,3.605551275463989,0.0,0.0,0.0,0.0,0.0,0.0,0.0,0.0,0.0,0.0,0.0,7.0710678118654755,7.0710678118654755,6.4031242374328485,7.0710678118654755,6.4031242374328485,6.4031242374328485,5.830951894845301,5.830951894845301,6.708203932499369,6.324555320336759,7.280109889280518,7.280109889280518,8.246211251235321,8.246211251235321,8.246211251235321,8.246211251235321,9.055385138137417,10.04987562112089,11.045361017187261,11.0,12.041594578792296,13.0,14.0,15.0,15.0,15.033296378372908,0.0,1.4536875822280324,1.446441332248135,1.5707963267948966,1.5707963267948966,1.6373644905707205,1.7234456551901618,1.7126933813990606,1.7359450042095235,1.7359450042095235,1.7359450042095235,1.7359450042095235,1.750649826587375,1.750649826587375,1.7681918866447774,1.750649826587375,1.6704649792860586,1.6814535479687922,1.6814535479687922,1.695151321341658,1.695151321341658,1.7126933813990606,1.7359450042095235,1.7681918866447774,1.8157749899217608,2.0344439357957027,2.158798930342464,0.0,0.0,0.0,0.0,0.0,0.0,0.0,0.0,0.0,0.0,0.0,2.356194490192345,2.356194490192345,2.4668517113662407,2.356194490192345,2.2455372690184494,2.2455372690184494,2.1112158270654806,2.1112158270654806,2.0344439357957027,1.892546881191539,1.849095985800008,1.849095985800008,1.8157749899217608,1.8157749899217608,1.8157749899217608,1.8157749899217608,1.6814535479687922,1.6704649792860586,1.6614562139956417,1.5707963267948966,1.6539375586833378,1.5707963267948966,1.5707963267948966,1.5707963267948966,1.5707963267948966,1.5042281630190728
20.92515390299377,router,ba:bd:de:13:68:55,-88,58.7361398823098,64,1.4408486590678689,18.954941799216595,0,0,13,-9,14,-9,13,-9,13,-9,12,-9,12,-9,10,-8,9,-8,9,-9,8,-8,7,-8,6,-8,6,-7,5,-8,5,-7,5,-7,5,-7,4,-6,4,-6,3,-6,3,-6,2,-6,2,-5,2,-4,3,-4,2,-4,0,0,0,0,0,0,0,0,0,0,0,0,0,0,0,0,0,0,0,0,0,0,4,-3,4,-3,5,-3,6,-4,7,-4,7,-5,8,-5,9,-6,9,-7,9,-7,10,-7,10,-8,10,-8,10,-9,10,-9,11,-9,11,-9,12,-9,12,-10,12,-10,13,-10,13,-10,14,-9,14,-9,15,-8,15,-8,0.0,15.811388300841896,16.64331697709324,15.811388300841896,15.811388300841896,15.0,15.0,12.806248474865697,12.041594578792296,12.727922061357855,11.313708498984761,10.63014581273465,10.0,9.219544457292887,9.433981132056603,8.602325267042627,8.602325267042627,8.602325267042627,7.211102550927978,7.211102550927978,6.708203932499369,6.708203932499369,6.324555320336759,5.385164807134504,4.47213595499958,5.0,4.47213595499958,0.0,0.0,0.0,0.0,0.0,0.0,0.0,0.0,0.0,0.0,0.0,5.0,5.0,5.830951894845301,7.211102550927978,8.06225774829855,8.602325267042627,9.433981132056603,10.816653826391969,11.40175425099138,11.40175425099138,12.206555615733702,12.806248474865697,12.806248474865697,13.45362404707371,13.45362404707371,14.212670403551895,14.212670403551895,15.0,15.620499351813308,15.620499351813308,16.401219466856727,16.401219466856727,16.64331697709324,16.64331697709324,17.0,17.0,0.0,-0.6055446636049701,-0.5713374798336268,-0.6055446636049701,-0.6055446636049701,-0.6435011087932844,-0.6435011087932844,-0.6747409422235526,-0.7266423406817256,-0.7853981633974483,-0.7853981633974483,-0.8519663271732721,-0.9272952180016122,-0.8621700546672264,-1.0121970114513341,-0.9505468408120752,-0.9505468408120752,-0.9505468408120752,-0.982793723247329,-0.982793723247329,-1.1071487177940904,-1.1071487177940904,-1.2490457723982544,-1.1902899496825317,-1.1071487177940904,-0.9272952180016122,-1.1071487177940904,0.0,0.0,0.0,0.0,0.0,0.0,0.0,0.0,0.0,0.0,0.0,-0.6435011087932844,-0.6435011087932844,-0.5404195002705842,-0.5880026035475675,-0.5191461142465229,-0.6202494859828215,-0.5585993153435624,-0.5880026035475675,-0.6610431688506869,-0.6610431688506869,-0.6107259643892086,-0.6747409422235526,-0.6747409422235526,-0.7328151017865066,-0.7328151017865066,-0.6857295109062863,-0.6857295109062863,-0.6435011087932844,-0.6947382761967031,-0.6947382761967031,-0.6556956262415362,-0.6556956262415362,-0.5713374798336268,-0.5713374798336268,-0.4899573262537283,-0.4899573262537283
21.025696414995764,router,ba:bd:de:13:68:55,-89,58.7361398823098,64,1.4476071610179182,19.045483969723506,0,0,18,4,17,3,16,3,15,2,14,1,13,1,13,0,13,-1,13,-1,13,-1,13,-1,13,-1,13,-1,12,0,12,0,11,0,11,1,11,0,10,0,10,0,9,0,10,0,11,0,11,-1,12,-1,13,-2,0,0,0,0,0,0,0,0,0,0,0,0,0,0,0,0,0,0,0,0,0,0,4,2,5,1,6,1,6,0,7,-1,7,-2,8,-1,8,-1,9,-1,9,0,10,1,10,1,11,1,13,1,13,2,15,2,15,2,16,3,17,3,17,3,18,3,18,4,19,4,19,5,19,5,19,5,0.0,18.439088914585774,17.26267650163207,16.278820596099706,15.132745950421556,14.035668847618199,13.038404810405298,13.0,13.038404810405298,13.038404810405298,13.038404810405298,13.038404810405298,13.038404810405298,13.038404810405298,12.0,12.0,11.0,11.045361017187261,11.0,10.0,10.0,9.0,10.0,11.0,11.045361017187261,12.041594578792296,13.152946437965905,0.0,0.0,0.0,0.0,0.0,0.0,0.0,0.0,0.0,0.0,0.0,4.47213595499958,5.0990195135927845,6.082762530298219,6.0,7.0710678118654755,7.280109889280518,8.06225774829855,8.06225774829855,9.055385138137417,9.0,10.04987562112089,10.04987562112089,11.045361017187261,13.038404810405298,13.152946437965905,15.132745950421556,15.132745950421556,16.278820596099706,17.26267650163207,17.26267650163207,18.24828759089466,18.439088914585774,19.4164878389476,19.6468827043885,19.6468827043885,19.6468827043885,0.0,0.21866894587394195,0.1746721990082397,0.18534794999569476,0.13255153229667402,0.07130746478529032,0.07677189126977804,0.0,-0.07677189126977804,-0.07677189126977804,-0.07677189126977804,-0.07677189126977804,-0.07677189126977804,-0.07677189126977804,0.0,0.0,0.0,0.09065988720074511,0.0,0.0,0.0,0.0,0.0,0.0,-0.09065988720074511,-0.08314123188844123,-0.15264932839526515,0.0,0.0,0.0,0.0,0.0,0.0,0.0,0.0,0.0,0.0,0.0,0.4636476090008061,0.19739555984988075,0.16514867741462683,0.0,-0.14189705460416394,-0.27829965900511133,-0.12435499454676144,-0.12435499454676144,-0.11065722117389565,0.0,0.09966865249116202,0.09966865249116202,0.09065988720074511,0.07677189126977804,0.15264932839526515,0.13255153229667402,0.13255153229667402,0.18534794999569476,0.1746721990082397,0.1746721990082397,0.16514867741462683,0.21866894587394195,0.20749622643520266,0.25732371497108864,0.25732371497108864,0.25732371497108864
21.125959055993007,router,ba:bd:de:13:68:55,-89,58.7361398823098,64,1.4530020842838927,19.105891049658492,0,0,14,8,13,8,13,8,12,7,11,7,10,6,10,6,11,5,10,5,10,5,10,4,11,3,10,3,11,3,11,3,10,2,10,2,10,2,9,1,9,1,9,2,7,1,6,1,5,0,4,-1,3,-1,0,0,0,0,0,0,0,0,0,0,0,0,0,0,0,0,0,0,0,0,0,0,4,3,4,3,5,3,5,3,6,2,6,3,7,3,8,3,8,4,8,5,9,5,10,6,10,6,10,6,10,6,11,7,11,7,11,8,12,8,12,8,12,9,12,9,12,9,12,9,11,8,10,8,0.0,16.1245154965971,15.264337522473747,15.264337522473747,13.892443989449804,13.038404810405298,11.661903789690601,11.661903789690601,12.083045973594572,11.180339887498949,11.180339887498949,10.770329614269007,11.40175425099138,10.44030650891055,11.40175425099138,11.40175425099138,10.198039027185569,10.198039027185569,10.198039027185569,9.055385138137417,9.055385138137417,9.219544457292887,7.0710678118654755,6.082762530298219,5.0,4.123105625617661,3.1622776601683795,0.0,0.0,0.0,0.0,0.0,0.0,0.0,0.0,0.0,0.0,0.0,5.0,5.0,5.830951894845301,5.830951894845301,6.324555320336759,6.708203932499369,7.615773105863909,8.54400374531753,8.94427190999916,9.433981132056603,10.295630140987,11.661903789690601,11.661903789690601,11.661903789690601,11.661903789690601,13.038404810405298,13.038404810405298,13.601470508735444,14.422205101855956,14.422205101855956,15.0,15.0,15.0,15.0,13.601470508735444,12.806248474865697,0.0,0.5191461142465229,0.5516549825285468,0.5516549825285468,0.5280744484263596,0.5667292175235064,0.5404195002705842,0.5404195002705842,0.4266274931268761,0.4636476090008061,0.4636476090008061,0.3805063771123649,0.2662520491509254,0.2914567944778671,0.2662520491509254,0.2662520491509254,0.19739555984988075,0.19739555984988075,0.19739555984988075,0.11065722117389565,0.11065722117389565,0.21866894587394195,0.14189705460416394,0.16514867741462683,0.0,-0.24497866312686414,-0.3217505543966422,0.0,0.0,0.0,0.0,0.0,0.0,0.0,0.0,0.0,0.0,0.0,0.6435011087932844,0.6435011087932844,0.5404195002705842,0.5404195002705842,0.3217505543966422,0.4636476090008061,0.40489178628508343,0.35877067027057225,0.4636476090008061,0.5585993153435624,0.507098504392337,0.5404195002705842,0.5404195002705842,0.5404195002705842,0.5404195002705842,0.5667292175235064,0.5667292175235064,0.628796286415433,0.5880026035475675,0.5880026035475675,0.6435011087932844,0.6435011087932844,0.6435011087932844,0.6435011087932844,0.628796286415433,0.6747409422235526
21.26509084799909,router,ba:bd:de:13:68:55,-89,58.7361398823098,64,1.457772557230994,19.162535347452142,0,0,0,14,0,14,0,14,1,14,1,14,2,13,2,12,2,12,2,12,2,11,3,11,4,10,5,10,5,9,5,9,6,8,6,7,6,7,5,6,5,6,5,6,4,6,3,6,2,7,0,8,-1,9,0,0,0,0,0,0,0,0,0,0,0,0,0,0,0,0,0,0,0,0,0,0,2,6,2,6,1,7,1,7,1,7,0,7,0,9,0,9,-1,10,-2,10,-2,11,-2,12,-2,13,-2,13,-3,14,-3,14,-4,14,-4,15,-4,15,-4,15,-4,15,-4,16,-5,17,-4,17,-4,18,-4,18,0.0,14.0,14.0,14.0,14.035668847618199,14.035668847618199,13.152946437965905,12.165525060596439,12.165525060596439,12.165525060596439,11.180339887498949,11.40175425099138,10.770329614269007,11.180339887498949,10.295630140987,10.295630140987,10.0,9.219544457292887,9.219544457292887,7.810249675906654,7.810249675906654,7.810249675906654,7.211102550927978,6.708203932499369,7.280109889280518,8.0,9.055385138137417,0.0,0.0,0.0,0.0,0.0,0.0,0.0,0.0,0.0,0.0,0.0,6.324555320336759,6.324555320336759,7.0710678118654755,7.0710678118654755,7.0710678118654755,7.0,9.0,9.0,10.04987562112089,10.198039027185569,11.180339887498949,12.165525060596439,13.152946437965905,13.152946437965905,14.317821063276353,14.317821063276353,14.560219778561036,15.524174696260024,15.524174696260024,15.524174696260024,15.524174696260024,16.492422502470642,17.72004514666935,17.46424919657298,18.439088914585774,18.439088914585774,0.0,1.5707963267948966,1.5707963267948966,1.5707963267948966,1.4994888620096063,1.4994888620096063,1.4181469983996315,1.4056476493802699,1.4056476493802699,1.4056476493802699,1.3909428270024184,1.3045442776439713,1.1902899496825317,1.1071487177940904,1.0636978224025597,1.0636978224025597,0.9272952180016122,0.8621700546672264,0.8621700546672264,0.8760580505981934,0.8760580505981934,0.8760580505981934,0.982793723247329,1.1071487177940904,1.2924966677897853,1.5707963267948966,1.6814535479687922,0.0,0.0,0.0,0.0,0.0,0.0,0.0,0.0,0.0,0.0,0.0,1.2490457723982544,1.2490457723982544,1.4288992721907328,1.4288992721907328,1.4288992721907328,1.5707963267948966,1.5707963267948966,1.5707963267948966,1.6704649792860586,1.7681918866447774,1.750649826587375,1.7359450042095235,1.7234456551901618,1.7234456551901618,1.7818896600176433,1.7818896600176433,1.849095985800008,1.8313987185422376,1.8313987185422376,1.8313987185422376,1.8313987185422376,1.8157749899217608,1.856847768512215,1.8018869939907938,1.7894652726688385,1.7894652726688385
21.36715195999568,router,ba:bd:de:13:68:55,-88,58.7361398823098,64,1.4616354197308854,19.219651310135646,0,0,-16,-8,-16,-8,-16,-7,-15,-7,-15,-6,-15,-5,-14,-5,-13,-4,-12,-3,-12,-3,-11,-3,-11,-3,-11,-3,-11,-2,-11,-3,-10,-3,-11,-2,-11,-3,-10,-2,-9,-1,-9,-1,-8,-1,-7,0,-6,0,-5,0,-4,1,0,0,0,0,0,0,0,0,0,0,0,0,0,0,0,0,0,0,0,0,0,0,-8,2,-8,2,-9,1,-9,0,-10,0,-10,-1,-11,-2,-11,-2,-12,-3,-12,-3,-12,-4,-13,-5,-13,-5,-13,-6,-13,-6,-13,-7,-14,-7,-14,-7,-14,-7,-15,-7,-15,-7,-15,-7,-16,-6,-16,-6,-17,-6,-17,-6,0.0,17.88854381999832,17.88854381999832,17.46424919657298,16.55294535724685,16.15549442140351,15.811388300841896,14.866068747318506,13.601470508735444,12.36931687685298,12.36931687685298,11.40175425099138,11.40175425099138,11.40175425099138,11.180339887498949,11.40175425099138,10.44030650891055,11.180339887498949,11.40175425099138,10.198039027185569,9.055385138137417,9.055385138137417,8.06225774829855,7.0,6.0,5.0,4.123105625617661,0.0,0.0,0.0,0.0,0.0,0.0,0.0,0.0,0.0,0.0,0.0,8.246211251235321,8.246211251235321,9.055385138137417,9.0,10.0,10.04987562112089,11.180339887498949,11.180339887498949,12.36931687685298,12.36931687685298,12.649110640673518,13.92838827718412,13.92838827718412,14.317821063276353,14.317821063276353,14.7648230602334,15.652475842498529,15.652475842498529,15.652475842498529,16.55294535724685,16.55294535724685,16.55294535724685,17.08800749063506,17.08800749063506,18.027756377319946,18.027756377319946,0.0,-2.677945044588987,-2.677945044588987,-2.729182211992406,-2.704965493776252,-2.761086276477428,-2.819842099193151,-2.79856871316909,-2.843093722003614,-2.896613990462929,-2.896613990462929,-2.875340604438868,-2.875340604438868,-2.875340604438868,-2.961739153797315,-2.875340604438868,-2.8501358591119264,-2.961739153797315,-2.875340604438868,-2.9441970937399127,-3.0309354324158977,-3.0309354324158977,-3.017237659043032,3.141592653589793,3.141592653589793,3.141592653589793,2.896613990462929,0.0,0.0,0.0,0.0,0.0,0.0,0.0,0.0,0.0,0.0,0.0,2.896613990462929,2.896613990462929,3.0309354324158977,3.141592653589793,3.141592653589793,-3.0419240010986313,-2.961739153797315,-2.961739153797315,-2.896613990462929,-2.896613990462929,-2.819842099193151,-2.774418819771574,-2.774418819771574,-2.7091848780192556,-2.7091848780192556,-2.647651284670212,-2.677945044588987,-2.677945044588987,-2.677945044588987,-2.704965493776252,-2.704965493776252,-2.704965493776252,-2.782821983319221,-2.782821983319221,-2.8023000391357487,-2.8023000391357487
21.475546462999773,router,ba:bd:de:13:68:55,-87,58.7361398823098,64,1.464306879344762,19.280625471103157,0,0,-17,0,-17,0,-16,1,-16,1,-15,1,-14,0,-13,2,-11,3,-11,2,-11,1,-11,1,-10,2,-10,2,-10,2,-10,2,-10,3,-8,3,-7,2,-7,1,-7,0,-7,-2,-8,0,-8,2,-8,3,-6,3,-2,2,0,0,0,0,0,0,0,0,0,0,0,0,0,0,0,0,0,0,0,0,0,0,-4,4,-7,4,-9,5,-9,6,-8,5,-8,5,-10,4,-12,3,-13,3,-13,4,-12,3,-13,2,-13,1,-13,1,-14,2,-16,2,-16,1,-15,0,-16,0,-16,1,-16,1,-16,1,-16,1,-17,1,-17,1,-16,1,0.0,17.0,17.0,16.0312195418814,16.0312195418814,15.033296378372908,14.0,13.152946437965905,11.40175425099138,11.180339887498949,11.045361017187261,11.045361017187261,10.198039027185569,10.198039027185569,10.198039027185569,10.198039027185569,10.44030650891055,8.54400374531753,7.280109889280518,7.0710678118654755,7.0,7.280109889280518,8.0,8.246211251235321,8.54400374531753,6.708203932499369,2.8284271247461903,0.0,0.0,0.0,0.0,0.0,0.0,0.0,0.0,0.0,0.0,0.0,5.656854249492381,8.06225774829855,10.295630140987,10.816653826391969,9.433981132056603,9.433981132056603,10.770329614269007,12.36931687685298,13.341664064126334,13.601470508735444,12.36931687685298,13.152946437965905,13.038404810405298,13.038404810405298,14.142135623730951,16.1245154965971,16.0312195418814,15.0,16.0,16.0312195418814,16.0312195418814,16.0312195418814,16.0312195418814,17.029386365926403,17.029386365926403,16.0312195418814,0.0,3.141592653589793,3.141592653589793,3.079173843593836,3.079173843593836,3.0750244898139694,3.141592653589793,2.988943325194528,2.875340604438868,2.961739153797315,3.050932766389048,3.050932766389048,2.9441970937399127,2.9441970937399127,2.9441970937399127,2.9441970937399127,2.8501358591119264,2.782821983319221,2.8632929945846817,2.999695598985629,3.141592653589793,-2.8632929945846817,3.141592653589793,2.896613990462929,2.782821983319221,2.677945044588987,2.356194490192345,0.0,0.0,0.0,0.0,0.0,0.0,0.0,0.0,0.0,0.0,0.0,2.356194490192345,2.62244653934327,2.6344941491974563,2.5535900500422257,2.5829933382462307,2.5829933382462307,2.761086276477428,2.896613990462929,2.9147938055359073,2.843093722003614,2.896613990462929,2.988943325194528,3.064820762320015,3.064820762320015,2.999695598985629,3.017237659043032,3.079173843593836,3.141592653589793,3.141592653589793,3.079173843593836,3.079173843593836,3.079173843593836,3.079173843593836,3.0828368308740703,3.0828368308740703,3.079173843593836
21.5780272149932,router,ba:bd:de:13:68:55,-87,58.7361398823098,64,1.4651331999026005,19.326403674305705,0,0,-11,8,-12,8,-12,9,-11,9,-11,9,-11,9,-9,9,-8,10,-7,9,-6,9,-6,9,-6,9,-6,9,-6,8,-5,9,-4,9,-5,9,-5,8,-5,7,-5,7,-5,7,-5,6,-4,6,-4,4,-3,3,-3,2,0,0,0,0,0,0,0,0,0,0,0,0,0,0,0,0,0,0,0,0,0,0,-1,6,-1,7,-1,8,-4,9,-8,10,-8,10,-5,8,-5,7,-7,7,-8,8,-9,8,-9,6,-9,5,-11,7,-13,9,-12,9,-10,9,-10,8,-11,7,-12,7,-12,8,-11,7,-11,8,-10,9,-11,8,-12,7,0.0,13.601470508735444,14.422205101855956,15.0,14.212670403551895,14.212670403551895,14.212670403551895,12.727922061357855,12.806248474865697,11.40175425099138,10.816653826391969,10.816653826391969,10.816653826391969,10.816653826391969,10.0,10.295630140987,9.848857801796104,10.295630140987,9.433981132056603,8.602325267042627,8.602325267042627,8.602325267042627,7.810249675906654,7.211102550927978,5.656854249492381,4.242640687119285,3.605551275463989,0.0,0.0,0.0,0.0,0.0,0.0,0.0,0.0,0.0,0.0,0.0,6.082762530298219,7.0710678118654755,8.06225774829855,9.848857801796104,12.806248474865697,12.806248474865697,9.433981132056603,8.602325267042627,9.899494936611665,11.313708498984761,12.041594578792296,10.816653826391969,10.295630140987,13.038404810405298,15.811388300841896,15.0,13.45362404707371,12.806248474865697,13.038404810405298,13.892443989449804,14.422205101855956,13.038404810405298,13.601470508735444,13.45362404707371,13.601470508735444,13.892443989449804,0.0,2.5127963671743605,2.5535900500422257,2.498091544796509,2.455863142683507,2.455863142683507,2.455863142683507,2.356194490192345,2.2455372690184494,2.2318394956455836,2.158798930342464,2.158798930342464,2.158798930342464,2.158798930342464,2.214297435588181,2.0778948311872334,1.9890206563741257,2.0778948311872334,2.129395642138459,2.191045812777718,2.191045812777718,2.191045812777718,2.2655346029916,2.158798930342464,2.356194490192345,2.356194490192345,2.5535900500422257,0.0,0.0,0.0,0.0,0.0,0.0,0.0,0.0,0.0,0.0,0.0,1.7359450042095235,1.7126933813990606,1.695151321341658,1.9890206563741257,2.2455372690184494,2.2455372690184494,2.129395642138459,2.191045812777718,2.356194490192345,2.356194490192345,2.4149503129080676,2.5535900500422257,2.6344941491974563,2.5748634360662868,2.5360479899848234,2.498091544796509,2.408777551803287,2.4668517113662407,2.5748634360662868,2.6135182051634334,2.5535900500422257,2.5748634360662868,2.5127963671743605,2.408777551803287,2.5127963671743605,2.6135182051634334
21.682397593998758,router,ba:bd:de:13:68:55,-86,58.7361398823098,64,1.465472657351254,19.352764767603567,0,0,3,-17,2,-16,1,-16,-1,-16,0,-15,1,-15,0,-14,-1,-13,-2,-13,-3,-14,-3,-13,-4,-12,-4,-12,-3,-12,-3,-11,-3,-11,-3,-11,-5,-10,-6,-10,-5,-10,-5,-10,-5,-9,-3,-9,-3,-8,-3,-7,-3,-4,0,0,0,0,0,0,0,0,0,0,0,0,0,0,0,0,0,0,0,0,0,0,-6,-9,-3,-10,-2,-11,-1,-12,-1,-11,1,-10,1,-11,1,-11,2,-14,3,-16,5,-15,7,-17,5,-16,2,-13,4,-13,7,-14,6,-14,4,-13,3,-14,4,-15,4,-15,3,-14,1,-15,3,-16,5,-18,6,-19,0.0,17.26267650163207,16.1245154965971,16.0312195418814,16.0312195418814,15.0,15.033296378372908,14.0,13.038404810405298,13.152946437965905,14.317821063276353,13.341664064126334,12.649110640673518,12.649110640673518,12.36931687685298,11.40175425099138,11.40175425099138,11.40175425099138,11.180339887498949,11.661903789690601,11.180339887498949,11.180339887498949,10.295630140987,9.486832980505138,8.54400374531753,7.615773105863909,5.0,0.0,0.0,0.0,0.0,0.0,0.0,0.0,0.0,0.0,0.0,0.0,10.816653826391969,10.44030650891055,11.180339887498949,12.041594578792296,11.045361017187261,10.04987562112089,11.045361017187261,11.045361017187261,14.142135623730951,16.278820596099706,15.811388300841896,18.384776310850235,16.76305461424021,13.152946437965905,13.601470508735444,15.652475842498529,15.231546211727817,13.601470508735444,14.317821063276353,15.524174696260024,15.524174696260024,14.317821063276353,15.033296378372908,16.278820596099706,18.681541692269406,19.924858845171276,0.0,-1.396124127786657,-1.446441332248135,-1.5083775167989393,-1.633215136790854,-1.5707963267948966,-1.5042281630190728,-1.5707963267948966,-1.6475682180646747,-1.7234456551901618,-1.7818896600176433,-1.7975951748487824,-1.892546881191539,-1.892546881191539,-1.8157749899217608,-1.837048375945822,-1.837048375945822,-1.837048375945822,-2.0344439357957027,-2.1112158270654806,-2.0344439357957027,-2.0344439357957027,-2.0778948311872334,-1.892546881191539,-1.9295669970654687,-1.97568811307998,-2.214297435588181,0.0,0.0,0.0,0.0,0.0,0.0,0.0,0.0,0.0,0.0,0.0,-2.158798930342464,-1.8622531212727638,-1.750649826587375,-1.6539375586833378,-1.6614562139956417,-1.4711276743037347,-1.4801364395941514,-1.4801364395941514,-1.4288992721907328,-1.3854483767992019,-1.2490457723982544,-1.1801892830972098,-1.2679114584199251,-1.4181469983996315,-1.2722973952087173,-1.1071487177940904,-1.1659045405098132,-1.2722973952087173,-1.35970299357215,-1.3101939350475555,-1.3101939350475555,-1.35970299357215,-1.5042281630190728,-1.3854483767992019,-1.299849476456476,-1.2649174553900444
21.784623112995178,router,ba:bd:de:13:68:55,-86,58.7361398823098,64,1.4647818756182898,19.36519548128739,0,0,17,6,17,6,17,6,15,6,15,5,15,4,14,5,13,5,13,3,13,4,13,6,13,5,12,2,12,1,11,2,10,2,10,1,10,-1,10,-1,10,0,10,1,9,1,9,1,9,2,9,1,11,-1,0,0,0,0,0,0,0,0,0,0,0,0,0,0,0,0,0,0,0,0,0,0,7,-4,8,-3,9,-1,9,0,8,-2,9,-2,12,-1,13,1,13,3,13,4,14,4,14,4,12,4,12,5,14,6,15,5,14,5,13,7,13,7,13,8,13,9,13,8,15,7,17,7,17,7,17,7,0.0,18.027756377319946,18.027756377319946,18.027756377319946,16.15549442140351,15.811388300841896,15.524174696260024,14.866068747318506,13.92838827718412,13.341664064126334,13.601470508735444,14.317821063276353,13.92838827718412,12.165525060596439,12.041594578792296,11.180339887498949,10.198039027185569,10.04987562112089,10.04987562112089,10.04987562112089,10.0,10.04987562112089,9.055385138137417,9.055385138137417,9.219544457292887,9.055385138137417,11.045361017187261,0.0,0.0,0.0,0.0,0.0,0.0,0.0,0.0,0.0,0.0,0.0,8.06225774829855,8.54400374531753,9.055385138137417,9.0,8.246211251235321,9.219544457292887,12.041594578792296,13.038404810405298,13.341664064126334,13.601470508735444,14.560219778561036,14.560219778561036,12.649110640673518,13.0,15.231546211727817,15.811388300841896,14.866068747318506,14.7648230602334,14.7648230602334,15.264337522473747,15.811388300841896,15.264337522473747,16.55294535724685,18.384776310850235,18.384776310850235,18.384776310850235,0.0,0.3392926144540447,0.3392926144540447,0.3392926144540447,0.3805063771123649,0.3217505543966422,0.260602391747341,0.3430239404207034,0.3671738338182192,0.22679884805388587,0.2984989315861793,0.43240777557053783,0.3671738338182192,0.16514867741462683,0.08314123188844123,0.17985349979247828,0.19739555984988075,0.09966865249116202,-0.09966865249116202,-0.09966865249116202,0.0,0.09966865249116202,0.11065722117389565,0.11065722117389565,0.21866894587394195,0.11065722117389565,-0.09065988720074511,0.0,0.0,0.0,0.0,0.0,0.0,0.0,0.0,0.0,0.0,0.0,-0.5191461142465229,-0.35877067027057225,-0.11065722117389565,0.0,-0.24497866312686414,-0.21866894587394195,-0.08314123188844123,0.07677189126977804,0.22679884805388587,0.2984989315861793,0.27829965900511133,0.27829965900511133,0.3217505543966422,0.3947911196997615,0.40489178628508343,0.3217505543966422,0.3430239404207034,0.49394136891958124,0.49394136891958124,0.5516549825285468,0.6055446636049701,0.5516549825285468,0.43662715981354133,0.3906070436976868,0.3906070436976868,0.3906070436976868
21.8859000789962,router,ba:bd:de:13:68:55,-87,72.56667456160157,64,1.4639691319521204,19.386644002378503,0,0,-2,17,-4,16,-3,14,-2,14,0,14,0,13,-1,12,0,11,1,11,1,11,2,10,1,8,2,7,2,8,3,9,3,10,3,11,2,11,1,10,0,10,1,8,1,7,1,7,1,7,-1,7,-3,8,0,0,0,0,0,0,0,0,0,0,0,0,0,0,0,0,0,0,0,0,0,0,2,8,2,7,1,7,0,9,0,9,1,9,1,10,-3,10,-4,10,-3,11,-1,12,-2,13,-4,15,-4,15,-6,14,-6,13,-3,13,-3,13,-5,14,-6,14,-6,14,-5,14,-4,14,-4,16,-3,17,-2,17,0.0,17.11724276862369,16.492422502470642,14.317821063276353,14.142135623730951,14.0,13.0,12.041594578792296,11.0,11.045361017187261,11.045361017187261,10.198039027185569,8.06225774829855,7.280109889280518,8.246211251235321,9.486832980505138,10.44030650891055,11.40175425099138,11.180339887498949,10.04987562112089,10.0,8.06225774829855,7.0710678118654755,7.0710678118654755,7.0710678118654755,7.0710678118654755,8.54400374531753,0.0,0.0,0.0,0.0,0.0,0.0,0.0,0.0,0.0,0.0,0.0,8.246211251235321,7.280109889280518,7.0710678118654755,9.0,9.0,9.055385138137417,10.04987562112089,10.44030650891055,10.770329614269007,11.40175425099138,12.041594578792296,13.152946437965905,15.524174696260024,15.524174696260024,15.231546211727817,14.317821063276353,13.341664064126334,13.341664064126334,14.866068747318506,15.231546211727817,15.231546211727817,14.866068747318506,14.560219778561036,16.492422502470642,17.26267650163207,17.11724276862369,0.0,1.687905071361761,1.8157749899217608,1.7818896600176433,1.7126933813990606,1.5707963267948966,1.5707963267948966,1.6539375586833378,1.5707963267948966,1.4801364395941514,1.4801364395941514,1.373400766945016,1.446441332248135,1.2924966677897853,1.3258176636680326,1.2490457723982544,1.2793395323170296,1.3045442776439713,1.3909428270024184,1.4711276743037347,1.5707963267948966,1.446441332248135,1.4288992721907328,1.4288992721907328,1.4288992721907328,1.7126933813990606,1.9295669970654687,0.0,0.0,0.0,0.0,0.0,0.0,0.0,0.0,0.0,0.0,0.0,1.3258176636680326,1.2924966677897853,1.4288992721907328,1.5707963267948966,1.5707963267948966,1.460139105621001,1.4711276743037347,1.8622531212727638,1.9513027039072615,1.837048375945822,1.6539375586833378,1.7234456551901618,1.8313987185422376,1.8313987185422376,1.97568811307998,2.0032041023654346,1.7975951748487824,1.7975951748487824,1.9138202672156,1.97568811307998,1.97568811307998,1.9138202672156,1.849095985800008,1.8157749899217608,1.7454685258031364,1.687905071361761
21.989178317999176,router,ba:bd:de:13:68:55,-89,72.56667456160157,64,1.4672781134167465,19.408951125471404,0,0,-13,15,-13,15,-13,15,-12,15,-11,15,-10,14,-9,14,-9,13,-9,12,-8,12,-8,11,-7,10,-7,10,-6,10,-5,10,-5,10,-3,10,-2,10,-3,9,-2,9,-1,9,-1,10,-2,10,-2,10,-2,11,-2,11,0,0,0,0,0,0,0,0,0,0,0,0,0,0,0,0,0,0,0,0,0,0,0,4,-1,6,-1,6,-2,7,-3,7,-4,8,-5,9,-6,9,-8,10,-9,10,-10,10,-11,11,-12,12,-12,12,-13,12,-13,13,-12,13,-13,13,-14,14,-14,13,-14,13,-15,13,-15,14,-15,14,-16,15,-17,15,0.0,19.849433241279208,19.849433241279208,19.849433241279208,19.209372712298546,18.601075237738275,17.204650534085253,16.64331697709324,15.811388300841896,15.0,14.422205101855956,13.601470508735444,12.206555615733702,12.206555615733702,11.661903789690601,11.180339887498949,11.180339887498949,10.44030650891055,10.198039027185569,9.486832980505138,9.219544457292887,9.055385138137417,10.04987562112089,10.198039027185569,10.198039027185569,11.180339887498949,11.180339887498949,0.0,0.0,0.0,0.0,0.0,0.0,0.0,0.0,0.0,0.0,0.0,4.0,6.082762530298219,6.082762530298219,7.280109889280518,7.615773105863909,8.94427190999916,10.295630140987,10.816653826391969,12.806248474865697,13.45362404707371,14.142135623730951,15.556349186104045,16.97056274847714,16.97056274847714,17.69180601295413,18.384776310850235,17.69180601295413,18.384776310850235,19.79898987322333,19.1049731745428,19.1049731745428,19.849433241279208,20.518284528683193,20.518284528683193,21.93171219946131,22.67156809750927,0.0,2.2848870254070546,2.2848870254070546,2.2848870254070546,2.2455372690184494,2.20354516179708,2.191045812777718,2.1421338066285234,2.1763409903998667,2.214297435588181,2.158798930342464,2.1995926132103296,2.1815222911841055,2.1815222911841055,2.1112158270654806,2.0344439357957027,2.0344439357957027,1.8622531212727638,1.7681918866447774,1.892546881191539,1.7894652726688385,1.6814535479687922,1.6704649792860586,1.7681918866447774,1.7681918866447774,1.750649826587375,1.750649826587375,0.0,0.0,0.0,0.0,0.0,0.0,0.0,0.0,0.0,0.0,0.0,1.5707963267948966,1.7359450042095235,1.7359450042095235,1.849095985800008,1.97568811307998,2.0344439357957027,2.0778948311872334,2.158798930342464,2.2455372690184494,2.3036114285814033,2.356194490192345,2.356194490192345,2.356194490192345,2.356194490192345,2.396173177315635,2.356194490192345,2.316215803069055,2.356194490192345,2.356194490192345,2.393214606066275,2.393214606066275,2.427501954977635,2.390663591191853,2.390663591191853,2.388441372627599,2.4186133001883023
22.096030721993884,router,ba:bd:de:13:68:55,-88,72.56667456160157,64,1.469973092592101,19.431298585068813,0,0,17,2,16,2,15,2,14,1,13,0,13,0,12,-1,12,-2,12,-2,12,-3,11,-3,11,-4,11,-4,10,-4,10,-5,10,-5,9,-4,9,-5,9,-5,9,-5,9,-5,9,-4,10,-4,10,-3,10,-3,11,-2,0,0,0,0,0,0,0,0,0,0,0,0,0,0,0,0,0,0,0,0,0,0,10,-6,10,-5,10,-4,11,-4,11,-3,12,-2,13,-1,13,0,14,-1,14,0,14,0,14,1,15,1,14,2,14,2,14,3,15,3,15,4,15,5,16,5,17,4,17,4,18,3,19,3,19,1,19,1,0.0,17.11724276862369,16.1245154965971,15.132745950421556,14.035668847618199,13.0,13.0,12.041594578792296,12.165525060596439,12.165525060596439,12.36931687685298,11.40175425099138,11.704699910719626,11.704699910719626,10.770329614269007,11.180339887498949,11.180339887498949,9.848857801796104,10.295630140987,10.295630140987,10.295630140987,10.295630140987,9.848857801796104,10.770329614269007,10.44030650891055,10.44030650891055,11.180339887498949,0.0,0.0,0.0,0.0,0.0,0.0,0.0,0.0,0.0,0.0,0.0,11.661903789690601,11.180339887498949,10.770329614269007,11.704699910719626,11.40175425099138,12.165525060596439,13.038404810405298,13.0,14.035668847618199,14.0,14.0,14.035668847618199,15.033296378372908,14.142135623730951,14.142135623730951,14.317821063276353,15.297058540778355,15.524174696260024,15.811388300841896,16.76305461424021,17.46424919657298,17.46424919657298,18.24828759089466,19.235384061671343,19.026297590440446,19.026297590440446,0.0,0.11710874456686428,0.12435499454676144,0.13255153229667402,0.07130746478529032,0.0,0.0,-0.08314123188844123,-0.16514867741462683,-0.16514867741462683,-0.24497866312686414,-0.2662520491509254,-0.348771003583907,-0.348771003583907,-0.3805063771123649,-0.4636476090008061,-0.4636476090008061,-0.4182243295792291,-0.507098504392337,-0.507098504392337,-0.507098504392337,-0.507098504392337,-0.4182243295792291,-0.3805063771123649,-0.2914567944778671,-0.2914567944778671,-0.17985349979247828,0.0,0.0,0.0,0.0,0.0,0.0,0.0,0.0,0.0,0.0,0.0,-0.5404195002705842,-0.4636476090008061,-0.3805063771123649,-0.348771003583907,-0.2662520491509254,-0.16514867741462683,-0.07677189126977804,0.0,-0.07130746478529032,0.0,0.0,0.07130746478529032,0.06656816377582381,0.14189705460416394,0.14189705460416394,0.21109333322274654,0.19739555984988075,0.260602391747341,0.3217505543966422,0.3028848683749714,0.23109066719589708,0.23109066719589708,0.16514867741462683,0.15660187698201536,0.05258306161094172,0.05258306161094172
22.30611057499482,router,ba:bd:de:13:68:55,-91,72.56667456160157,64,1.474937895657061,19.4293870688034,0,0,-17,-2,-17,-2,-16,-1,-16,-1,-16,0,-15,0,-15,0,-15,1,-14,1,-13,2,-13,3,-13,3,-12,4,-13,4,-12,4,-12,6,-12,6,-12,6,-12,6,-13,6,-14,6,-13,5,-13,4,-13,4,-13,3,-12,2,0,0,0,0,0,0,0,0,0,0,0,0,0,0,0,0,0,0,0,0,0,0,-2,3,-2,3,-3,2,-5,1,-6,0,-7,-1,-8,-1,-9,-2,-9,-3,-11,-3,-11,-4,-12,-5,-12,-5,-12,-5,-13,-6,-13,-6,-14,-6,-14,-6,-14,-6,-15,-6,-15,-5,-15,-5,-15,-4,-16,-4,-16,-3,-16,-2,0.0,17.11724276862369,17.11724276862369,16.0312195418814,16.0312195418814,16.0,15.0,15.0,15.033296378372908,14.035668847618199,13.152946437965905,13.341664064126334,13.341664064126334,12.649110640673518,13.601470508735444,12.649110640673518,13.416407864998739,13.416407864998739,13.416407864998739,13.416407864998739,14.317821063276353,15.231546211727817,13.92838827718412,13.601470508735444,13.601470508735444,13.341664064126334,12.165525060596439,0.0,0.0,0.0,0.0,0.0,0.0,0.0,0.0,0.0,0.0,0.0,3.605551275463989,3.605551275463989,3.605551275463989,5.0990195135927845,6.0,7.0710678118654755,8.06225774829855,9.219544457292887,9.486832980505138,11.40175425099138,11.704699910719626,13.0,13.0,13.0,14.317821063276353,14.317821063276353,15.231546211727817,15.231546211727817,15.231546211727817,16.15549442140351,15.811388300841896,15.811388300841896,15.524174696260024,16.492422502470642,16.278820596099706,16.1245154965971,0.0,-3.024483909022929,-3.024483909022929,-3.079173843593836,-3.079173843593836,3.141592653589793,3.141592653589793,3.141592653589793,3.0750244898139694,3.070285188804503,2.988943325194528,2.9147938055359073,2.9147938055359073,2.819842099193151,2.843093722003614,2.819842099193151,2.677945044588987,2.677945044588987,2.677945044588987,2.677945044588987,2.7091848780192556,2.7367008673047097,2.774418819771574,2.843093722003614,2.843093722003614,2.9147938055359073,2.976443976175166,0.0,0.0,0.0,0.0,0.0,0.0,0.0,0.0,0.0,0.0,0.0,2.158798930342464,2.158798930342464,2.5535900500422257,2.9441970937399127,3.141592653589793,-2.999695598985629,-3.017237659043032,-2.922923707715851,-2.819842099193151,-2.875340604438868,-2.7928216500058864,-2.746801533890032,-2.746801533890032,-2.746801533890032,-2.7091848780192556,-2.7091848780192556,-2.7367008673047097,-2.7367008673047097,-2.7367008673047097,-2.761086276477428,-2.819842099193151,-2.819842099193151,-2.8809902618424523,-2.896613990462929,-2.9562447035940984,-3.017237659043032
22.41583925699524,router,ba:bd:de:13:68:55,-86,72.56667456160157,64,1.4786704637656678,19.41435623028604,0,0,-16,-2,-17,-2,-17,-2,-16,-2,-15,-2,-16,-1,-16,0,-15,0,-14,0,-12,0,-12,1,-12,0,-11,0,-10,2,-10,2,-11,1,-13,3,-13,3,-12,2,-12,3,-13,2,-12,1,-11,0,-10,2,-10,1,-12,-2,0,0,0,0,0,0,0,0,0,0,0,0,0,0,0,0,0,0,0,0,0,0,-7,2,-8,2,-10,1,-9,2,-8,2,-9,2,-11,1,-12,-1,-13,-2,-14,-1,-13,-2,-13,-3,-14,-3,-15,-3,-15,-2,-13,-2,-14,-3,-15,-3,-14,-2,-14,-2,-15,-2,-17,-1,-17,-2,-18,-2,-19,-1,-21,0,0.0,16.1245154965971,17.11724276862369,17.11724276862369,16.1245154965971,15.132745950421556,16.0312195418814,16.0,15.0,14.0,12.0,12.041594578792296,12.0,11.0,10.198039027185569,10.198039027185569,11.045361017187261,13.341664064126334,13.341664064126334,12.165525060596439,12.36931687685298,13.152946437965905,12.041594578792296,11.0,10.198039027185569,10.04987562112089,12.165525060596439,0.0,0.0,0.0,0.0,0.0,0.0,0.0,0.0,0.0,0.0,0.0,7.280109889280518,8.246211251235321,10.04987562112089,9.219544457292887,8.246211251235321,9.219544457292887,11.045361017187261,12.041594578792296,13.152946437965905,14.035668847618199,13.152946437965905,13.341664064126334,14.317821063276353,15.297058540778355,15.132745950421556,13.152946437965905,14.317821063276353,15.297058540778355,14.142135623730951,14.142135623730951,15.132745950421556,17.029386365926403,17.11724276862369,18.110770276274835,19.026297590440446,21.0,0.0,-3.017237659043032,-3.024483909022929,-3.024483909022929,-3.017237659043032,-3.0090411212931194,-3.079173843593836,3.141592653589793,3.141592653589793,3.141592653589793,3.141592653589793,3.058451421701352,3.141592653589793,3.141592653589793,2.9441970937399127,2.9441970937399127,3.050932766389048,2.9147938055359073,2.9147938055359073,2.976443976175166,2.896613990462929,2.988943325194528,3.058451421701352,3.141592653589793,2.9441970937399127,3.0419240010986313,-2.976443976175166,0.0,0.0,0.0,0.0,0.0,0.0,0.0,0.0,0.0,0.0,0.0,2.8632929945846817,2.896613990462929,3.0419240010986313,2.922923707715851,2.896613990462929,2.922923707715851,3.050932766389048,-3.058451421701352,-2.988943325194528,-3.070285188804503,-2.988943325194528,-2.9147938055359073,-2.930499320367047,-2.9441970937399127,-3.0090411212931194,-2.988943325194528,-2.930499320367047,-2.9441970937399127,-2.999695598985629,-2.999695598985629,-3.0090411212931194,-3.0828368308740703,-3.024483909022929,-3.0309354324158977,-3.0890095919788516,3.141592653589793
22.52616802400007,router,ba:bd:de:13:68:55,-82,72.56667456160157,64,1.47982757296513,19.410593094018843,0,0,6,-16,8,-16,8,-16,7,-15,6,-15,6,-15,5,-15,5,-15,4,-15,4,-13,4,-13,4,-13,4,-13,3,-12,2,-11,1,-12,1,-13,1,-13,1,-11,1,-11,2,-11,2,-11,1,-10,1,-9,3,-9,5,-8,0,0,0,0,0,0,0,0,0,0,0,0,0,0,0,0,0,0,0,0,0,0,2,-6,1,-7,1,-8,3,-9,4,-9,6,-8,6,-10,5,-10,6,-10,7,-10,7,-11,7,-12,7,-12,8,-13,7,-14,7,-14,7,-13,8,-13,8,-14,8,-14,9,-16,9,-17,9,-16,9,-16,9,-17,9,-18,0.0,17.08800749063506,17.88854381999832,17.88854381999832,16.55294535724685,16.15549442140351,16.15549442140351,15.811388300841896,15.811388300841896,15.524174696260024,13.601470508735444,13.601470508735444,13.601470508735444,13.601470508735444,12.36931687685298,11.180339887498949,12.041594578792296,13.038404810405298,13.038404810405298,11.045361017187261,11.045361017187261,11.180339887498949,11.180339887498949,10.04987562112089,9.055385138137417,9.486832980505138,9.433981132056603,0.0,0.0,0.0,0.0,0.0,0.0,0.0,0.0,0.0,0.0,0.0,6.324555320336759,7.0710678118654755,8.06225774829855,9.486832980505138,9.848857801796104,10.0,11.661903789690601,11.180339887498949,11.661903789690601,12.206555615733702,13.038404810405298,13.892443989449804,13.892443989449804,15.264337522473747,15.652475842498529,15.652475842498529,14.7648230602334,15.264337522473747,16.1245154965971,16.1245154965971,18.35755975068582,19.235384061671343,18.35755975068582,18.35755975068582,19.235384061671343,20.12461179749811,0.0,-1.2120256565243244,-1.1071487177940904,-1.1071487177940904,-1.1341691669813554,-1.1902899496825317,-1.1902899496825317,-1.2490457723982544,-1.2490457723982544,-1.3101939350475555,-1.2722973952087173,-1.2722973952087173,-1.2722973952087173,-1.2722973952087173,-1.3258176636680326,-1.3909428270024184,-1.4876550949064553,-1.4940244355251187,-1.4940244355251187,-1.4801364395941514,-1.4801364395941514,-1.3909428270024184,-1.3909428270024184,-1.4711276743037347,-1.460139105621001,-1.2490457723982544,-1.0121970114513341,0.0,0.0,0.0,0.0,0.0,0.0,0.0,0.0,0.0,0.0,0.0,-1.2490457723982544,-1.4288992721907328,-1.446441332248135,-1.2490457723982544,-1.1525719972156676,-0.9272952180016122,-1.0303768265243125,-1.1071487177940904,-1.0303768265243125,-0.960070362405688,-1.0040671092713902,-1.042721878368537,-1.042721878368537,-1.0191413442663497,-1.1071487177940904,-1.1071487177940904,-1.0768549578753155,-1.0191413442663497,-1.0516502125483738,-1.0516502125483738,-1.0584068664841588,-1.0838970949836275,-1.0584068664841588,-1.0584068664841588,-1.0838970949836275,-1.1071487177940904
22.629098608995264,router,ba:bd:de:13:68:55,-80,72.56667456160157,64,1.4795127024694812,19.431436627516465,0,0,-8,-18,-7,-18,-6,-17,-5,-16,-5,-15,-6,-14,-7,-14,-7,-14,-7,-13,-7,-12,-7,-12,-8,-11,-8,-10,-8,-10,-8,-10,-8,-10,-7,-9,-7,-9,-7,-10,-7,-10,-7,-9,-7,-8,-6,-9,-5,-9,-4,-8,-3,-8,0,0,0,0,0,0,0,0,0,0,0,0,0,0,0,0,0,0,0,0,0,0,-4,-8,-4,-7,-4,-8,-4,-8,-4,-9,-4,-9,-3,-11,-4,-12,-4,-12,-4,-12,-5,-12,-5,-12,-5,-13,-5,-13,-6,-13,-6,-14,-5,-15,-5,-16,-6,-16,-7,-16,-6,-15,-6,-16,-7,-17,-7,-17,-7,-18,-7,-18,0.0,19.697715603592208,19.313207915827967,18.027756377319946,16.76305461424021,15.811388300841896,15.231546211727817,15.652475842498529,15.652475842498529,14.7648230602334,13.892443989449804,13.892443989449804,13.601470508735444,12.806248474865697,12.806248474865697,12.806248474865697,12.806248474865697,11.40175425099138,11.40175425099138,12.206555615733702,12.206555615733702,11.40175425099138,10.63014581273465,10.816653826391969,10.295630140987,8.94427190999916,8.54400374531753,0.0,0.0,0.0,0.0,0.0,0.0,0.0,0.0,0.0,0.0,0.0,8.94427190999916,8.06225774829855,8.94427190999916,8.94427190999916,9.848857801796104,9.848857801796104,11.40175425099138,12.649110640673518,12.649110640673518,12.649110640673518,13.0,13.0,13.92838827718412,13.92838827718412,14.317821063276353,15.231546211727817,15.811388300841896,16.76305461424021,17.08800749063506,17.46424919657298,16.15549442140351,17.08800749063506,18.384776310850235,18.384776310850235,19.313207915827967,19.313207915827967,0.0,-1.9890206563741257,-1.941687615607559,-1.9100889412489412,-1.873681195169868,-1.892546881191539,-1.97568811307998,-2.0344439357957027,-2.0344439357957027,-2.0647376957144776,-2.0988707752212563,-2.0988707752212563,-2.1995926132103296,-2.2455372690184494,-2.2455372690184494,-2.2455372690184494,-2.2455372690184494,-2.2318394956455836,-2.2318394956455836,-2.1815222911841055,-2.1815222911841055,-2.2318394956455836,-2.289626326416521,-2.158798930342464,-2.0778948311872334,-2.0344439357957027,-1.9295669970654687,0.0,0.0,0.0,0.0,0.0,0.0,0.0,0.0,0.0,0.0,0.0,-2.0344439357957027,-2.0899424410414196,-2.0344439357957027,-2.0344439357957027,-1.9890206563741257,-1.9890206563741257,-1.837048375945822,-1.892546881191539,-1.892546881191539,-1.892546881191539,-1.965587446494658,-1.965587446494658,-1.9379701606131159,-1.9379701606131159,-2.0032041023654346,-1.97568811307998,-1.892546881191539,-1.873681195169868,-1.9295669970654687,-1.9832067683922838,-1.9513027039072615,-1.9295669970654687,-1.9614033704925835,-1.9614033704925835,-1.941687615607559,-1.941687615607559
22.73513740099588,router,ba:bd:de:13:68:55,-80,72.56667456160157,64,1.4786342578442067,19.489580097066522,0,0,15,-10,16,-10,15,-11,13,-10,13,-10,13,-10,12,-10,11,-9,11,-9,10,-9,10,-9,10,-9,10,-9,9,-8,9,-9,9,-9,9,-8,8,-8,9,-8,9,-8,9,-7,9,-6,9,-5,8,-5,8,-5,10,-5,0,0,0,0,0,0,0,0,0,0,0,0,0,0,0,0,0,0,0,0,0,0,5,-4,6,-4,6,-5,6,-5,6,-4,7,-4,8,-5,9,-6,9,-6,9,-5,9,-5,9,-6,9,-7,9,-7,10,-8,11,-8,12,-7,12,-8,12,-8,12,-8,13,-9,14,-9,14,-9,14,-10,15,-10,16,-9,0.0,18.027756377319946,18.867962264113206,18.601075237738275,16.401219466856727,16.401219466856727,16.401219466856727,15.620499351813308,14.212670403551895,14.212670403551895,13.45362404707371,13.45362404707371,13.45362404707371,13.45362404707371,12.041594578792296,12.727922061357855,12.727922061357855,12.041594578792296,11.313708498984761,12.041594578792296,12.041594578792296,11.40175425099138,10.816653826391969,10.295630140987,9.433981132056603,9.433981132056603,11.180339887498949,0.0,0.0,0.0,0.0,0.0,0.0,0.0,0.0,0.0,0.0,0.0,6.4031242374328485,7.211102550927978,7.810249675906654,7.810249675906654,7.211102550927978,8.06225774829855,9.433981132056603,10.816653826391969,10.816653826391969,10.295630140987,10.295630140987,10.816653826391969,11.40175425099138,11.40175425099138,12.806248474865697,13.601470508735444,13.892443989449804,14.422205101855956,14.422205101855956,14.422205101855956,15.811388300841896,16.64331697709324,16.64331697709324,17.204650534085253,18.027756377319946,18.35755975068582,0.0,-0.5880026035475675,-0.5585993153435624,-0.6327488350021832,-0.6556956262415362,-0.6556956262415362,-0.6556956262415362,-0.6947382761967031,-0.6857295109062863,-0.6857295109062863,-0.7328151017865066,-0.7328151017865066,-0.7328151017865066,-0.7328151017865066,-0.7266423406817256,-0.7853981633974483,-0.7853981633974483,-0.7266423406817256,-0.7853981633974483,-0.7266423406817256,-0.7266423406817256,-0.6610431688506869,-0.5880026035475675,-0.507098504392337,-0.5585993153435624,-0.5585993153435624,-0.4636476090008061,0.0,0.0,0.0,0.0,0.0,0.0,0.0,0.0,0.0,0.0,0.0,-0.6747409422235526,-0.5880026035475675,-0.6947382761967031,-0.6947382761967031,-0.5880026035475675,-0.5191461142465229,-0.5585993153435624,-0.5880026035475675,-0.5880026035475675,-0.507098504392337,-0.507098504392337,-0.5880026035475675,-0.6610431688506869,-0.6610431688506869,-0.6747409422235526,-0.628796286415433,-0.5280744484263596,-0.5880026035475675,-0.5880026035475675,-0.5880026035475675,-0.6055446636049701,-0.5713374798336268,-0.5713374798336268,-0.6202494859828215,-0.5880026035475675,-0.5123894603107377
22.83532016499521,router,ba:bd:de:13:68:55,-81,72.56667456160157,64,1.4773299473641135,19.57429317347555,0,0,-13,17,-12,15,-11,15,-11,15,-11,13,-10,12,-9,11,-8,11,-8,11,-8,10,-9,10,-8,11,-7,11,-7,10,-6,10,-6,10,-7,10,-6,10,-6,9,-6,9,-7,8,-8,7,-6,8,-4,8,-4,9,-5,9,0,0,0,0,0,0,0,0,0,0,0,0,0,0,0,0,0,0,0,0,0,0,-4,7,-5,8,-5,9,-5,9,-4,8,-5,8,-7,8,-7,9,-8,9,-8,10,-8,10,-9,9,-9,9,-9,9,-9,10,-9,11,-9,12,-10,13,-11,13,-12,15,-13,18,-12,18,-11,17,-11,16,-12,15,-13,14,0.0,21.400934559032695,19.209372712298546,18.601075237738275,18.601075237738275,17.029386365926403,15.620499351813308,14.212670403551895,13.601470508735444,13.601470508735444,12.806248474865697,13.45362404707371,13.601470508735444,13.038404810405298,12.206555615733702,11.661903789690601,11.661903789690601,12.206555615733702,11.661903789690601,10.816653826391969,10.816653826391969,10.63014581273465,10.63014581273465,10.0,8.94427190999916,9.848857801796104,10.295630140987,0.0,0.0,0.0,0.0,0.0,0.0,0.0,0.0,0.0,0.0,0.0,8.06225774829855,9.433981132056603,10.295630140987,10.295630140987,8.94427190999916,9.433981132056603,10.63014581273465,11.40175425099138,12.041594578792296,12.806248474865697,12.806248474865697,12.727922061357855,12.727922061357855,12.727922061357855,13.45362404707371,14.212670403551895,15.0,16.401219466856727,17.029386365926403,19.209372712298546,22.20360331117452,21.633307652783937,20.248456731316587,19.4164878389476,19.209372712298546,19.1049731745428,0.0,2.223642957895671,2.2455372690184494,2.20354516179708,2.20354516179708,2.2730532583039036,2.2655346029916,2.256525837701183,2.1995926132103296,2.1995926132103296,2.2455372690184494,2.3036114285814033,2.1995926132103296,2.137525544318403,2.1815222911841055,2.1112158270654806,2.1112158270654806,2.1815222911841055,2.1112158270654806,2.158798930342464,2.158798930342464,2.289626326416521,2.4227626539681686,2.214297435588181,2.0344439357957027,1.9890206563741257,2.0778948311872334,0.0,0.0,0.0,0.0,0.0,0.0,0.0,0.0,0.0,0.0,0.0,2.0899424410414196,2.129395642138459,2.0778948311872334,2.0778948311872334,2.0344439357957027,2.129395642138459,2.289626326416521,2.2318394956455836,2.297438667476622,2.2455372690184494,2.2455372690184494,2.356194490192345,2.356194490192345,2.356194490192345,2.3036114285814033,2.256525837701183,2.214297435588181,2.2264919530364327,2.2730532583039036,2.2455372690184494,2.1962813670341257,2.158798930342464,2.1451011569695986,2.173083672929861,2.2455372690184494,2.3191743743184148
22.935663282994938,router,ba:bd:de:13:68:55,-81,76.13001677249031,64,1.4739578450404078,19.779356940224165,0,0,-7,-18,-6,-18,-6,-17,-6,-16,-5,-15,-4,-15,-5,-14,-5,-13,-5,-12,-6,-12,-6,-11,-6,-11,-6,-11,-6,-10,-5,-10,-6,-9,-6,-8,-6,-9,-6,-9,-5,-10,-5,-10,-5,-9,-4,-8,-4,-7,-4,-7,-4,-7,0,0,0,0,0,0,0,0,0,0,0,0,0,0,0,0,0,0,0,0,0,0,-4,-7,-5,-9,-5,-10,-5,-11,-4,-11,-4,-11,-4,-11,-5,-12,-4,-12,-4,-13,-4,-14,-4,-15,-3,-15,-3,-15,-4,-15,-5,-16,-5,-16,-5,-16,-5,-16,-6,-17,-5,-18,-5,-18,-7,-19,-7,-19,-7,-18,-6,-18,0.0,19.313207915827967,18.973665961010276,18.027756377319946,17.08800749063506,15.811388300841896,15.524174696260024,14.866068747318506,13.92838827718412,13.0,13.416407864998739,12.529964086141668,12.529964086141668,12.529964086141668,11.661903789690601,11.180339887498949,10.816653826391969,10.0,10.816653826391969,10.816653826391969,11.180339887498949,11.180339887498949,10.295630140987,8.94427190999916,8.06225774829855,8.06225774829855,8.06225774829855,0.0,0.0,0.0,0.0,0.0,0.0,0.0,0.0,0.0,0.0,0.0,8.06225774829855,10.295630140987,11.180339887498949,12.083045973594572,11.704699910719626,11.704699910719626,11.704699910719626,13.0,12.649110640673518,13.601470508735444,14.560219778561036,15.524174696260024,15.297058540778355,15.297058540778355,15.524174696260024,16.76305461424021,16.76305461424021,16.76305461424021,16.76305461424021,18.027756377319946,18.681541692269406,18.681541692269406,20.248456731316587,20.248456731316587,19.313207915827967,18.973665961010276,0.0,-1.941687615607559,-1.892546881191539,-1.9100889412489412,-1.9295669970654687,-1.892546881191539,-1.8313987185422376,-1.9138202672156,-1.9379701606131159,-1.965587446494658,-2.0344439357957027,-2.0701430484750265,-2.0701430484750265,-2.0701430484750265,-2.1112158270654806,-2.0344439357957027,-2.158798930342464,-2.214297435588181,-2.158798930342464,-2.158798930342464,-2.0344439357957027,-2.0344439357957027,-2.0778948311872334,-2.0344439357957027,-2.0899424410414196,-2.0899424410414196,-2.0899424410414196,0.0,0.0,0.0,0.0,0.0,0.0,0.0,0.0,0.0,0.0,0.0,-2.0899424410414196,-2.0778948311872334,-2.0344439357957027,-1.9974238199217726,-1.9195673303788037,-1.9195673303788037,-1.9195673303788037,-1.965587446494658,-1.892546881191539,-1.8692952583810758,-1.849095985800008,-1.8313987185422376,-1.7681918866447774,-1.7681918866447774,-1.8313987185422376,-1.873681195169868,-1.873681195169868,-1.873681195169868,-1.873681195169868,-1.9100889412489412,-1.8417431771333173,-1.8417431771333173,-1.923786714621807,-1.923786714621807,-1.941687615607559,-1.892546881191539
23.03581986399513,router,ba:bd:de:13:68:55,-81,76.13001677249031,64,1.4708815812347065,19.934989384491292,0,0,0,-18,0,-18,0,-17,-1,-16,-2,-15,-2,-14,-1,-14,-1,-14,-1,-14,-2,-13,-2,-13,-2,-13,-3,-13,-4,-12,-3,-11,-3,-10,-2,-11,-2,-11,-3,-10,-3,-10,-2,-10,-2,-10,-1,-9,-1,-9,0,-8,0,-6,0,0,0,0,0,0,0,0,0,0,0,0,0,0,0,0,0,0,0,0,0,0,-2,-9,-2,-10,-2,-9,-2,-9,-2,-11,-2,-12,-1,-12,-1,-11,0,-11,-1,-12,-1,-13,-1,-14,-1,-15,-1,-14,0,-14,0,-14,0,-14,0,-14,0,-15,-1,-16,-1,-16,-1,-17,-2,-17,-2,-17,-2,-18,-1,-19,0.0,18.0,18.0,17.0,16.0312195418814,15.132745950421556,14.142135623730951,14.035668847618199,14.035668847618199,14.035668847618199,13.152946437965905,13.152946437965905,13.152946437965905,13.341664064126334,12.649110640673518,11.40175425099138,10.44030650891055,11.180339887498949,11.180339887498949,10.44030650891055,10.44030650891055,10.198039027185569,10.198039027185569,9.055385138137417,9.055385138137417,8.0,6.0,0.0,0.0,0.0,0.0,0.0,0.0,0.0,0.0,0.0,0.0,0.0,9.219544457292887,10.198039027185569,9.219544457292887,9.219544457292887,11.180339887498949,12.165525060596439,12.041594578792296,11.045361017187261,11.0,12.041594578792296,13.038404810405298,14.035668847618199,15.033296378372908,14.035668847618199,14.0,14.0,14.0,14.0,15.0,16.0312195418814,16.0312195418814,17.029386365926403,17.11724276862369,17.11724276862369,18.110770276274835,19.026297590440446,0.0,-1.5707963267948966,-1.5707963267948966,-1.5707963267948966,-1.633215136790854,-1.7033478590915707,-1.7126933813990606,-1.642103791580187,-1.642103791580187,-1.642103791580187,-1.7234456551901618,-1.7234456551901618,-1.7234456551901618,-1.7975951748487824,-1.892546881191539,-1.837048375945822,-1.8622531212727638,-1.750649826587375,-1.750649826587375,-1.8622531212727638,-1.8622531212727638,-1.7681918866447774,-1.7681918866447774,-1.6814535479687922,-1.6814535479687922,-1.5707963267948966,-1.5707963267948966,0.0,0.0,0.0,0.0,0.0,0.0,0.0,0.0,0.0,0.0,0.0,-1.7894652726688385,-1.7681918866447774,-1.7894652726688385,-1.7894652726688385,-1.750649826587375,-1.7359450042095235,-1.6539375586833378,-1.6614562139956417,-1.5707963267948966,-1.6539375586833378,-1.6475682180646747,-1.642103791580187,-1.6373644905707205,-1.642103791580187,-1.5707963267948966,-1.5707963267948966,-1.5707963267948966,-1.5707963267948966,-1.5707963267948966,-1.633215136790854,-1.633215136790854,-1.6295521495106193,-1.687905071361761,-1.687905071361761,-1.6814535479687922,-1.6233793884058383
23.144986580999102,router,ba:bd:de:13:68:55,-84,76.13001677249031,64,1.4645609020684571,20.063602328222153,0,0,15,-13,15,-11,15,-11,13,-11,12,-10,12,-9,11,-9,10,-7,9,-8,9,-9,8,-9,8,-8,7,-9,7,-9,6,-9,6,-9,5,-9,4,-9,5,-8,7,-8,6,-9,6,-9,5,-8,5,-7,6,-7,6,-8,0,0,0,0,0,0,0,0,0,0,0,0,0,0,0,0,0,0,0,0,0,0,5,-5,6,-5,6,-6,6,-6,8,-5,8,-5,7,-6,8,-6,8,-6,9,-6,10,-7,10,-7,11,-7,11,-7,10,-8,9,-9,10,-10,12,-9,12,-9,12,-10,13,-11,14,-12,14,-12,15,-11,15,-11,14,-11,0.0,19.849433241279208,18.601075237738275,18.601075237738275,17.029386365926403,15.620499351813308,15.0,14.212670403551895,12.206555615733702,12.041594578792296,12.727922061357855,12.041594578792296,11.313708498984761,11.40175425099138,11.40175425099138,10.816653826391969,10.816653826391969,10.295630140987,9.848857801796104,9.433981132056603,10.63014581273465,10.816653826391969,10.816653826391969,9.433981132056603,8.602325267042627,9.219544457292887,10.0,0.0,0.0,0.0,0.0,0.0,0.0,0.0,0.0,0.0,0.0,0.0,7.0710678118654755,7.810249675906654,8.48528137423857,8.48528137423857,9.433981132056603,9.433981132056603,9.219544457292887,10.0,10.0,10.816653826391969,12.206555615733702,12.206555615733702,13.038404810405298,13.038404810405298,12.806248474865697,12.727922061357855,14.142135623730951,15.0,15.0,15.620499351813308,17.029386365926403,18.439088914585774,18.439088914585774,18.601075237738275,18.601075237738275,17.804493814764857,0.0,-0.714090698612158,-0.6327488350021832,-0.6327488350021832,-0.702256931509007,-0.6947382761967031,-0.6435011087932844,-0.6857295109062863,-0.6107259643892086,-0.7266423406817256,-0.7853981633974483,-0.844153986113171,-0.7853981633974483,-0.9097531579442097,-0.9097531579442097,-0.982793723247329,-0.982793723247329,-1.0636978224025597,-1.1525719972156676,-1.0121970114513341,-0.8519663271732721,-0.982793723247329,-0.982793723247329,-1.0121970114513341,-0.9505468408120752,-0.8621700546672264,-0.9272952180016122,0.0,0.0,0.0,0.0,0.0,0.0,0.0,0.0,0.0,0.0,0.0,-0.7853981633974483,-0.6947382761967031,-0.7853981633974483,-0.7853981633974483,-0.5585993153435624,-0.5585993153435624,-0.7086262721276703,-0.6435011087932844,-0.6435011087932844,-0.5880026035475675,-0.6107259643892086,-0.6107259643892086,-0.5667292175235064,-0.5667292175235064,-0.6747409422235526,-0.7853981633974483,-0.7853981633974483,-0.6435011087932844,-0.6435011087932844,-0.6947382761967031,-0.702256931509007,-0.7086262721276703,-0.7086262721276703,-0.6327488350021832,-0.6327488350021832,-0.6659692373791098
23.2454800879932,router,ba:bd:de:13:68:55,-82,76.13001677249031,64,1.4556151163226452,20.177315224203127,0,0,-20,2,-20,1,-18,0,-16,-1,-15,0,-16,1,-15,2,-15,3,-14,3,-14,3,-13,3,-14,2,-13,3,-11,4,-11,4,-11,4,-12,4,-12,4,-12,5,-11,5,-10,4,-9,3,-9,3,-9,3,-9,3,-10,2,0,0,0,0,0,0,0,0,0,0,0,0,0,0,0,0,0,0,0,0,0,0,-9,-1,-8,-1,-8,-1,-8,0,-10,-1,-11,-3,-12,-2,-13,-2,-13,-2,-12,-2,-12,-1,-12,-1,-13,-3,-14,-3,-14,-2,-15,-2,-16,-2,-15,-2,-15,-3,-15,-2,-16,-1,-17,-1,-19,-1,-20,-1,-19,-2,-19,-3,0.0,20.09975124224178,20.024984394500787,18.0,16.0312195418814,15.0,16.0312195418814,15.132745950421556,15.297058540778355,14.317821063276353,14.317821063276353,13.341664064126334,14.142135623730951,13.341664064126334,11.704699910719626,11.704699910719626,11.704699910719626,12.649110640673518,12.649110640673518,13.0,12.083045973594572,10.770329614269007,9.486832980505138,9.486832980505138,9.486832980505138,9.486832980505138,10.198039027185569,0.0,0.0,0.0,0.0,0.0,0.0,0.0,0.0,0.0,0.0,0.0,9.055385138137417,8.06225774829855,8.06225774829855,8.0,10.04987562112089,11.40175425099138,12.165525060596439,13.152946437965905,13.152946437965905,12.165525060596439,12.041594578792296,12.041594578792296,13.341664064126334,14.317821063276353,14.142135623730951,15.132745950421556,16.1245154965971,15.132745950421556,15.297058540778355,15.132745950421556,16.0312195418814,17.029386365926403,19.026297590440446,20.024984394500787,19.1049731745428,19.235384061671343,0.0,3.0419240010986313,3.0916342578678506,3.141592653589793,-3.079173843593836,3.141592653589793,3.079173843593836,3.0090411212931194,2.9441970937399127,2.930499320367047,2.930499320367047,2.9147938055359073,2.999695598985629,2.9147938055359073,2.7928216500058864,2.7928216500058864,2.7928216500058864,2.819842099193151,2.819842099193151,2.746801533890032,2.714965160462917,2.761086276477428,2.819842099193151,2.819842099193151,2.819842099193151,2.819842099193151,2.9441970937399127,0.0,0.0,0.0,0.0,0.0,0.0,0.0,0.0,0.0,0.0,0.0,-3.0309354324158977,-3.017237659043032,-3.017237659043032,3.141592653589793,-3.0419240010986313,-2.875340604438868,-2.976443976175166,-2.988943325194528,-2.988943325194528,-2.976443976175166,-3.058451421701352,-3.058451421701352,-2.9147938055359073,-2.930499320367047,-2.999695598985629,-3.0090411212931194,-3.017237659043032,-3.0090411212931194,-2.9441970937399127,-3.0090411212931194,-3.079173843593836,-3.0828368308740703,-3.0890095919788516,-3.0916342578678506,-3.036715714859559,-2.984990776607778
23.354775823994714,router,ba:bd:de:13:68:55,-85,76.13001677249031,64,1.4489197643749177,20.281708881963997,0,0,14,12,13,13,12,12,12,11,11,8,11,7,12,7,11,6,10,5,9,5,8,5,8,5,8,4,8,2,8,1,8,1,8,3,8,3,9,2,10,0,9,1,8,3,8,2,8,2,8,3,7,6,0,0,0,0,0,0,0,0,0,0,0,0,0,0,0,0,0,0,0,0,0,0,7,5,6,6,7,4,9,4,9,6,9,7,8,7,9,8,10,9,10,9,9,8,9,8,11,9,11,9,11,9,12,8,13,8,14,9,14,10,14,11,14,11,14,12,15,12,15,11,15,11,15,11,0.0,18.439088914585774,18.384776310850235,16.97056274847714,16.278820596099706,13.601470508735444,13.038404810405298,13.892443989449804,12.529964086141668,11.180339887498949,10.295630140987,9.433981132056603,9.433981132056603,8.94427190999916,8.246211251235321,8.06225774829855,8.06225774829855,8.54400374531753,8.54400374531753,9.219544457292887,10.0,9.055385138137417,8.54400374531753,8.246211251235321,8.246211251235321,8.54400374531753,9.219544457292887,0.0,0.0,0.0,0.0,0.0,0.0,0.0,0.0,0.0,0.0,0.0,8.602325267042627,8.48528137423857,8.06225774829855,9.848857801796104,10.816653826391969,11.40175425099138,10.63014581273465,12.041594578792296,13.45362404707371,13.45362404707371,12.041594578792296,12.041594578792296,14.212670403551895,14.212670403551895,14.212670403551895,14.422205101855956,15.264337522473747,16.64331697709324,17.204650534085253,17.804493814764857,17.804493814764857,18.439088914585774,19.209372712298546,18.601075237738275,18.601075237738275,18.601075237738275,0.0,0.7086262721276703,0.7853981633974483,0.7853981633974483,0.7419472680059175,0.628796286415433,0.5667292175235064,0.5280744484263596,0.4993467216801301,0.4636476090008061,0.507098504392337,0.5585993153435624,0.5585993153435624,0.4636476090008061,0.24497866312686414,0.12435499454676144,0.12435499454676144,0.35877067027057225,0.35877067027057225,0.21866894587394195,0.0,0.11065722117389565,0.35877067027057225,0.24497866312686414,0.24497866312686414,0.35877067027057225,0.7086262721276703,0.0,0.0,0.0,0.0,0.0,0.0,0.0,0.0,0.0,0.0,0.0,0.6202494859828215,0.7853981633974483,0.5191461142465229,0.4182243295792291,0.5880026035475675,0.6610431688506869,0.7188299996216245,0.7266423406817256,0.7328151017865066,0.7328151017865066,0.7266423406817256,0.7266423406817256,0.6857295109062863,0.6857295109062863,0.6857295109062863,0.5880026035475675,0.5516549825285468,0.5713374798336268,0.6202494859828215,0.6659692373791098,0.6659692373791098,0.7086262721276703,0.6747409422235526,0.6327488350021832,0.6327488350021832,0.6327488350021832
23.455370152994874,router,ba:bd:de:13:68:55,-87,76.13001677249031,64,1.4452336607879976,20.378603055954258,0,0,-6,13,-6,13,-6,13,-5,12,-5,12,-5,12,-5,11,-4,11,-4,11,-4,10,-2,10,-2,10,-2,9,-2,9,-1,8,-1,8,-1,9,-1,8,-1,8,-1,9,-1,9,-1,9,0,9,0,10,0,10,1,10,0,0,0,0,0,0,0,0,0,0,0,0,0,0,0,0,0,0,0,0,0,0,-2,5,-2,6,-3,5,-3,5,-3,6,-3,6,-4,7,-4,7,-4,8,-5,8,-5,9,-5,9,-5,10,-5,11,-6,11,-6,11,-7,12,-7,13,-8,13,-8,14,-8,14,-9,15,-9,16,-9,16,-9,17,-9,17,0.0,14.317821063276353,14.317821063276353,14.317821063276353,13.0,13.0,13.0,12.083045973594572,11.704699910719626,11.704699910719626,10.770329614269007,10.198039027185569,10.198039027185569,9.219544457292887,9.219544457292887,8.06225774829855,8.06225774829855,9.055385138137417,8.06225774829855,8.06225774829855,9.055385138137417,9.055385138137417,9.055385138137417,9.0,10.0,10.0,10.04987562112089,0.0,0.0,0.0,0.0,0.0,0.0,0.0,0.0,0.0,0.0,0.0,5.385164807134504,6.324555320336759,5.830951894845301,5.830951894845301,6.708203932499369,6.708203932499369,8.06225774829855,8.06225774829855,8.94427190999916,9.433981132056603,10.295630140987,10.295630140987,11.180339887498949,12.083045973594572,12.529964086141668,12.529964086141668,13.892443989449804,14.7648230602334,15.264337522473747,16.1245154965971,16.1245154965971,17.4928556845359,18.35755975068582,18.35755975068582,19.235384061671343,19.235384061671343,0.0,2.0032041023654346,2.0032041023654346,2.0032041023654346,1.965587446494658,1.965587446494658,1.965587446494658,1.9974238199217726,1.9195673303788037,1.9195673303788037,1.9513027039072615,1.7681918866447774,1.7681918866447774,1.7894652726688385,1.7894652726688385,1.695151321341658,1.695151321341658,1.6814535479687922,1.695151321341658,1.695151321341658,1.6814535479687922,1.6814535479687922,1.6814535479687922,1.5707963267948966,1.5707963267948966,1.5707963267948966,1.4711276743037347,0.0,0.0,0.0,0.0,0.0,0.0,0.0,0.0,0.0,0.0,0.0,1.9513027039072615,1.892546881191539,2.1112158270654806,2.1112158270654806,2.0344439357957027,2.0344439357957027,2.0899424410414196,2.0899424410414196,2.0344439357957027,2.129395642138459,2.0778948311872334,2.0778948311872334,2.0344439357957027,1.9974238199217726,2.0701430484750265,2.0701430484750265,2.0988707752212563,2.0647376957144776,2.1224513093234436,2.0899424410414196,2.0899424410414196,2.1112158270654806,2.0831857871056343,2.0831857871056343,2.0576955586061656,2.0576955586061656
23.555788018995372,router,ba:bd:de:13:68:55,-84,76.13001677249031,64,1.4429827277813958,20.467672520083475,0,0,-11,-12,-12,-13,-12,-14,-11,-13,-11,-12,-12,-11,-11,-10,-9,-9,-8,-9,-9,-9,-8,-9,-9,-9,-10,-8,-9,-7,-8,-7,-8,-6,-8,-5,-7,-4,-7,-5,-7,-5,-7,-5,-7,-5,-7,-5,-8,-6,-8,-6,-8,-4,0,0,0,0,0,0,0,0,0,0,0,0,0,0,0,0,0,0,0,0,0,0,-7,-5,-8,-3,-10,-3,-9,-4,-8,-5,-8,-6,-8,-8,-9,-9,-9,-9,-10,-9,-11,-9,-11,-9,-11,-10,-12,-11,-12,-12,-12,-11,-12,-11,-12,-11,-11,-11,-13,-12,-14,-14,-13,-14,-13,-13,-14,-13,-13,-15,-13,-15,0.0,16.278820596099706,17.69180601295413,18.439088914585774,17.029386365926403,16.278820596099706,16.278820596099706,14.866068747318506,12.727922061357855,12.041594578792296,12.727922061357855,12.041594578792296,12.727922061357855,12.806248474865697,11.40175425099138,10.63014581273465,10.0,9.433981132056603,8.06225774829855,8.602325267042627,8.602325267042627,8.602325267042627,8.602325267042627,8.602325267042627,10.0,10.0,8.94427190999916,0.0,0.0,0.0,0.0,0.0,0.0,0.0,0.0,0.0,0.0,0.0,8.602325267042627,8.54400374531753,10.44030650891055,9.848857801796104,9.433981132056603,10.0,11.313708498984761,12.727922061357855,12.727922061357855,13.45362404707371,14.212670403551895,14.212670403551895,14.866068747318506,16.278820596099706,16.97056274847714,16.278820596099706,16.278820596099706,16.278820596099706,15.556349186104045,17.69180601295413,19.79898987322333,19.1049731745428,18.384776310850235,19.1049731745428,19.849433241279208,19.849433241279208,0.0,-2.312743594800814,-2.316215803069055,-2.279422598922567,-2.2730532583039036,-2.312743594800814,-2.399645385583876,-2.403777593469328,-2.356194490192345,-2.297438667476622,-2.356194490192345,-2.297438667476622,-2.356194490192345,-2.4668517113662407,-2.4805494847391065,-2.4227626539681686,-2.498091544796509,-2.5829933382462307,-2.62244653934327,-2.5213431676069717,-2.5213431676069717,-2.5213431676069717,-2.5213431676069717,-2.5213431676069717,-2.498091544796509,-2.498091544796509,-2.677945044588987,0.0,0.0,0.0,0.0,0.0,0.0,0.0,0.0,0.0,0.0,0.0,-2.5213431676069717,-2.782821983319221,-2.8501358591119264,-2.723368324010564,-2.5829933382462307,-2.498091544796509,-2.356194490192345,-2.356194490192345,-2.356194490192345,-2.408777551803287,-2.455863142683507,-2.455863142683507,-2.403777593469328,-2.399645385583876,-2.356194490192345,-2.399645385583876,-2.399645385583876,-2.399645385583876,-2.356194490192345,-2.396173177315635,-2.356194490192345,-2.3191743743184148,-2.356194490192345,-2.393214606066275,-2.2848870254070546,-2.2848870254070546
23.665218535999884,router,ba:bd:de:13:68:55,-84,76.13001677249031,64,1.4399695536959394,20.547586577719247,0,0,5,-16,6,-17,5,-17,5,-16,4,-16,4,-15,4,-13,3,-12,1,-12,1,-12,1,-12,1,-11,-1,-10,-2,-10,-3,-10,-3,-10,-4,-12,-4,-11,-3,-10,-3,-10,-3,-9,-3,-9,-2,-10,-2,-11,0,-11,2,-11,0,0,0,0,0,0,0,0,0,0,0,0,0,0,0,0,0,0,0,0,0,0,3,-7,2,-6,1,-8,2,-9,3,-10,2,-10,2,-10,2,-11,4,-11,5,-10,4,-11,3,-13,4,-14,4,-14,4,-13,4,-14,4,-15,5,-15,5,-15,5,-16,5,-18,5,-18,5,-18,5,-18,5,-19,5,-20,0.0,16.76305461424021,18.027756377319946,17.72004514666935,16.76305461424021,16.492422502470642,15.524174696260024,13.601470508735444,12.36931687685298,12.041594578792296,12.041594578792296,12.041594578792296,11.045361017187261,10.04987562112089,10.198039027185569,10.44030650891055,10.44030650891055,12.649110640673518,11.704699910719626,10.44030650891055,10.44030650891055,9.486832980505138,9.486832980505138,10.198039027185569,11.180339887498949,11.0,11.180339887498949,0.0,0.0,0.0,0.0,0.0,0.0,0.0,0.0,0.0,0.0,0.0,7.615773105863909,6.324555320336759,8.06225774829855,9.219544457292887,10.44030650891055,10.198039027185569,10.198039027185569,11.180339887498949,11.704699910719626,11.180339887498949,11.704699910719626,13.341664064126334,14.560219778561036,14.560219778561036,13.601470508735444,14.560219778561036,15.524174696260024,15.811388300841896,15.811388300841896,16.76305461424021,18.681541692269406,18.681541692269406,18.681541692269406,18.681541692269406,19.6468827043885,20.615528128088304,0.0,-1.2679114584199251,-1.2315037123408519,-1.2847448850775784,-1.2679114584199251,-1.3258176636680326,-1.3101939350475555,-1.2722973952087173,-1.3258176636680326,-1.4876550949064553,-1.4876550949064553,-1.4876550949064553,-1.4801364395941514,-1.6704649792860586,-1.7681918866447774,-1.8622531212727638,-1.8622531212727638,-1.892546881191539,-1.9195673303788037,-1.8622531212727638,-1.8622531212727638,-1.892546881191539,-1.892546881191539,-1.7681918866447774,-1.750649826587375,-1.5707963267948966,-1.3909428270024184,0.0,0.0,0.0,0.0,0.0,0.0,0.0,0.0,0.0,0.0,0.0,-1.1659045405098132,-1.2490457723982544,-1.446441332248135,-1.3521273809209546,-1.2793395323170296,-1.373400766945016,-1.373400766945016,-1.3909428270024184,-1.2220253232109897,-1.1071487177940904,-1.2220253232109897,-1.3439974787410107,-1.2924966677897853,-1.2924966677897853,-1.2722973952087173,-1.2924966677897853,-1.3101939350475555,-1.2490457723982544,-1.2490457723982544,-1.2679114584199251,-1.299849476456476,-1.299849476456476,-1.299849476456476,-1.299849476456476,-1.313472611823808,-1.3258176636680326
23.779635812999913,router,ba:bd:de:13:68:55,-88,76.13001677249031,64,1.4393050768999016,20.616524147369454,0,0,13,-13,12,-12,12,-11,11,-11,10,-10,9,-10,9,-10,8,-10,8,-9,7,-9,7,-9,6,-10,6,-9,5,-10,5,-10,4,-11,4,-10,4,-11,4,-11,3,-11,3,-11,3,-11,2,-10,2,-10,2,-10,1,-10,0,0,0,0,0,0,0,0,0,0,0,0,0,0,0,0,0,0,0,0,0,0,4,-4,4,-4,3,-5,3,-5,3,-4,2,-4,3,-5,4,-5,5,-4,6,-5,7,-5,8,-5,8,-6,9,-7,10,-7,11,-6,11,-7,11,-9,12,-8,11,-8,12,-9,12,-8,12,-9,12,-9,13,-10,12,-11,0.0,18.384776310850235,16.97056274847714,16.278820596099706,15.556349186104045,14.142135623730951,13.45362404707371,13.45362404707371,12.806248474865697,12.041594578792296,11.40175425099138,11.40175425099138,11.661903789690601,10.816653826391969,11.180339887498949,11.180339887498949,11.704699910719626,10.770329614269007,11.704699910719626,11.704699910719626,11.40175425099138,11.40175425099138,11.40175425099138,10.198039027185569,10.198039027185569,10.198039027185569,10.04987562112089,0.0,0.0,0.0,0.0,0.0,0.0,0.0,0.0,0.0,0.0,0.0,5.656854249492381,5.656854249492381,5.830951894845301,5.830951894845301,5.0,4.47213595499958,5.830951894845301,6.4031242374328485,6.4031242374328485,7.810249675906654,8.602325267042627,9.433981132056603,10.0,11.40175425099138,12.206555615733702,12.529964086141668,13.038404810405298,14.212670403551895,14.422205101855956,13.601470508735444,15.0,14.422205101855956,15.0,15.0,16.401219466856727,16.278820596099706,0.0,-0.7853981633974483,-0.7853981633974483,-0.7419472680059175,-0.7853981633974483,-0.7853981633974483,-0.83798122500839,-0.83798122500839,-0.8960553845713439,-0.844153986113171,-0.9097531579442097,-0.9097531579442097,-1.0303768265243125,-0.982793723247329,-1.1071487177940904,-1.1071487177940904,-1.2220253232109897,-1.1902899496825317,-1.2220253232109897,-1.2220253232109897,-1.3045442776439713,-1.3045442776439713,-1.3045442776439713,-1.373400766945016,-1.373400766945016,-1.373400766945016,-1.4711276743037347,0.0,0.0,0.0,0.0,0.0,0.0,0.0,0.0,0.0,0.0,0.0,-0.7853981633974483,-0.7853981633974483,-1.0303768265243125,-1.0303768265243125,-0.9272952180016122,-1.1071487177940904,-1.0303768265243125,-0.8960553845713439,-0.6747409422235526,-0.6947382761967031,-0.6202494859828215,-0.5585993153435624,-0.6435011087932844,-0.6610431688506869,-0.6107259643892086,-0.4993467216801301,-0.5667292175235064,-0.6857295109062863,-0.5880026035475675,-0.628796286415433,-0.6435011087932844,-0.5880026035475675,-0.6435011087932844,-0.6435011087932844,-0.6556956262415362,-0.7419472680059175
23.879951400995196,router,ba:bd:de:13:68:55,-84,94.71564931841081,64,1.4375487992484797,20.690357338197895,0,0,6,-17,7,-16,8,-15,7,-14,6,-14,6,-14,6,-13,5,-13,4,-13,2,-13,1,-13,0,-12,-1,-11,-1,-11,-1,-12,-1,-12,-1,-12,-1,-11,1,-11,1,-12,0,-12,-1,-12,-1,-12,0,-10,1,-10,0,-11,0,0,0,0,0,0,0,0,0,0,0,0,0,0,0,0,0,0,0,0,0,0,2,-7,4,-8,4,-9,6,-9,7,-9,7,-10,6,-10,6,-11,7,-11,7,-11,6,-11,7,-11,8,-12,9,-12,9,-13,9,-13,8,-13,8,-12,9,-13,10,-14,10,-14,10,-14,11,-15,11,-15,11,-15,12,-17,0.0,18.027756377319946,17.46424919657298,17.0,15.652475842498529,15.231546211727817,15.231546211727817,14.317821063276353,13.92838827718412,13.601470508735444,13.152946437965905,13.038404810405298,12.0,11.045361017187261,11.045361017187261,12.041594578792296,12.041594578792296,12.041594578792296,11.045361017187261,11.045361017187261,12.041594578792296,12.0,12.041594578792296,12.041594578792296,10.0,10.04987562112089,11.0,0.0,0.0,0.0,0.0,0.0,0.0,0.0,0.0,0.0,0.0,0.0,7.280109889280518,8.94427190999916,9.848857801796104,10.816653826391969,11.40175425099138,12.206555615733702,11.661903789690601,12.529964086141668,13.038404810405298,13.038404810405298,12.529964086141668,13.038404810405298,14.422205101855956,15.0,15.811388300841896,15.811388300841896,15.264337522473747,14.422205101855956,15.811388300841896,17.204650534085253,17.204650534085253,17.204650534085253,18.601075237738275,18.601075237738275,18.601075237738275,20.808652046684813,0.0,-1.2315037123408519,-1.1583858851975093,-1.0808390005411683,-1.1071487177940904,-1.1659045405098132,-1.1659045405098132,-1.1383885512243588,-1.2036224929766774,-1.2722973952087173,-1.4181469983996315,-1.4940244355251187,-1.5707963267948966,-1.6614562139956417,-1.6614562139956417,-1.6539375586833378,-1.6539375586833378,-1.6539375586833378,-1.6614562139956417,-1.4801364395941514,-1.4876550949064553,-1.5707963267948966,-1.6539375586833378,-1.6539375586833378,-1.5707963267948966,-1.4711276743037347,-1.5707963267948966,0.0,0.0,0.0,0.0,0.0,0.0,0.0,0.0,0.0,0.0,0.0,-1.2924966677897853,-1.1071487177940904,-1.1525719972156676,-0.982793723247329,-0.9097531579442097,-0.960070362405688,-1.0303768265243125,-1.0714496051147666,-1.0040671092713902,-1.0040671092713902,-1.0714496051147666,-1.0040671092713902,-0.982793723247329,-0.9272952180016122,-0.9652516631899266,-0.9652516631899266,-1.0191413442663497,-0.982793723247329,-0.9652516631899266,-0.9505468408120752,-0.9505468408120752,-0.9505468408120752,-0.9380474917927135,-0.9380474917927135,-0.9380474917927135,-0.9561333748727311
23.987999184995715,router,ba:bd:de:13:68:55,-82,94.71564931841081,64,1.435547286324064,20.738437567854092,0,0,8,-14,9,-14,8,-14,7,-13,7,-13,5,-12,5,-12,5,-12,5,-12,4,-12,2,-10,2,-9,2,-10,2,-11,1,-11,0,-11,0,-10,1,-10,1,-10,2,-11,2,-10,1,-10,0,-10,1,-8,2,-7,5,-8,0,0,0,0,0,0,0,0,0,0,0,0,0,0,0,0,0,0,0,0,0,0,3,-7,2,-8,2,-9,1,-8,3,-9,6,-9,8,-10,7,-11,7,-10,7,-9,8,-10,8,-11,7,-11,8,-11,8,-11,8,-11,8,-12,7,-14,7,-15,7,-15,9,-14,10,-13,10,-13,10,-14,9,-15,11,-15,0.0,16.1245154965971,16.64331697709324,16.1245154965971,14.7648230602334,14.7648230602334,13.0,13.0,13.0,13.0,12.649110640673518,10.198039027185569,9.219544457292887,10.198039027185569,11.180339887498949,11.045361017187261,11.0,10.0,10.04987562112089,10.04987562112089,11.180339887498949,10.198039027185569,10.04987562112089,10.0,8.06225774829855,7.280109889280518,9.433981132056603,0.0,0.0,0.0,0.0,0.0,0.0,0.0,0.0,0.0,0.0,0.0,7.615773105863909,8.246211251235321,9.219544457292887,8.06225774829855,9.486832980505138,10.816653826391969,12.806248474865697,13.038404810405298,12.206555615733702,11.40175425099138,12.806248474865697,13.601470508735444,13.038404810405298,13.601470508735444,13.601470508735444,13.601470508735444,14.422205101855956,15.652475842498529,16.55294535724685,16.55294535724685,16.64331697709324,16.401219466856727,16.401219466856727,17.204650534085253,17.4928556845359,18.601075237738275,0.0,-1.0516502125483738,-0.9994588469612699,-1.0516502125483738,-1.0768549578753155,-1.0768549578753155,-1.176005207095135,-1.176005207095135,-1.176005207095135,-1.176005207095135,-1.2490457723982544,-1.373400766945016,-1.3521273809209546,-1.373400766945016,-1.3909428270024184,-1.4801364395941514,-1.5707963267948966,-1.5707963267948966,-1.4711276743037347,-1.4711276743037347,-1.3909428270024184,-1.373400766945016,-1.4711276743037347,-1.5707963267948966,-1.446441332248135,-1.2924966677897853,-1.0121970114513341,0.0,0.0,0.0,0.0,0.0,0.0,0.0,0.0,0.0,0.0,0.0,-1.1659045405098132,-1.3258176636680326,-1.3521273809209546,-1.446441332248135,-1.2490457723982544,-0.982793723247329,-0.8960553845713439,-1.0040671092713902,-0.960070362405688,-0.9097531579442097,-0.8960553845713439,-0.9420000403794636,-1.0040671092713902,-0.9420000403794636,-0.9420000403794636,-0.9420000403794636,-0.982793723247329,-1.1071487177940904,-1.1341691669813554,-1.1341691669813554,-0.9994588469612699,-0.9151007005533605,-0.9151007005533605,-0.9505468408120752,-1.0303768265243125,-0.9380474917927135
24.095873471000232,router,ba:bd:de:13:68:55,-82,94.71564931841081,64,1.433757950699977,20.763950139021706,0,0,-13,-10,-13,-10,-13,-10,-12,-10,-11,-10,-10,-8,-9,-7,-10,-6,-10,-6,-10,-5,-10,-5,-10,-5,-10,-4,-9,-4,-8,-2,-7,-1,-8,-1,-8,-2,-7,-2,-8,-2,-8,-2,-7,-2,-6,-2,-7,-3,-7,-2,-6,-2,0,0,0,0,0,0,0,0,0,0,0,0,0,0,0,0,0,0,0,0,0,0,-8,-5,-8,-6,-7,-6,-8,-6,-9,-7,-10,-8,-10,-8,-10,-8,-10,-9,-10,-10,-10,-10,-10,-10,-10,-10,-11,-10,-11,-11,-11,-11,-11,-11,-12,-11,-12,-12,-12,-12,-13,-12,-14,-12,-14,-12,-14,-12,-14,-13,-13,-12,0.0,16.401219466856727,16.401219466856727,16.401219466856727,15.620499351813308,14.866068747318506,12.806248474865697,11.40175425099138,11.661903789690601,11.661903789690601,11.180339887498949,11.180339887498949,11.180339887498949,10.770329614269007,9.848857801796104,8.246211251235321,7.0710678118654755,8.06225774829855,8.246211251235321,7.280109889280518,8.246211251235321,8.246211251235321,7.280109889280518,6.324555320336759,7.615773105863909,7.280109889280518,6.324555320336759,0.0,0.0,0.0,0.0,0.0,0.0,0.0,0.0,0.0,0.0,0.0,9.433981132056603,10.0,9.219544457292887,10.0,11.40175425099138,12.806248474865697,12.806248474865697,12.806248474865697,13.45362404707371,14.142135623730951,14.142135623730951,14.142135623730951,14.142135623730951,14.866068747318506,15.556349186104045,15.556349186104045,15.556349186104045,16.278820596099706,16.97056274847714,16.97056274847714,17.69180601295413,18.439088914585774,18.439088914585774,18.439088914585774,19.1049731745428,17.69180601295413,0.0,-2.485897027348257,-2.485897027348257,-2.485897027348257,-2.44685437739309,-2.403777593469328,-2.4668517113662407,-2.4805494847391065,-2.601173153319209,-2.601173153319209,-2.677945044588987,-2.677945044588987,-2.677945044588987,-2.761086276477428,-2.723368324010564,-2.896613990462929,-2.999695598985629,-3.017237659043032,-2.896613990462929,-2.8632929945846817,-2.896613990462929,-2.896613990462929,-2.8632929945846817,-2.819842099193151,-2.7367008673047097,-2.8632929945846817,-2.819842099193151,0.0,0.0,0.0,0.0,0.0,0.0,0.0,0.0,0.0,0.0,0.0,-2.5829933382462307,-2.498091544796509,-2.432966381462123,-2.498091544796509,-2.4805494847391065,-2.4668517113662407,-2.4668517113662407,-2.4668517113662407,-2.408777551803287,-2.356194490192345,-2.356194490192345,-2.356194490192345,-2.356194490192345,-2.403777593469328,-2.356194490192345,-2.356194490192345,-2.356194490192345,-2.399645385583876,-2.356194490192345,-2.356194490192345,-2.396173177315635,-2.432966381462123,-2.432966381462123,-2.432966381462123,-2.393214606066275,-2.396173177315635
24.2068449149956,router,ba:bd:de:13:68:55,-81,94.71564931841081,64,1.432731508101678,20.769115659617256,0,0,16,-5,16,-5,15,-5,14,-5,13,-4,11,-4,11,-5,11,-5,11,-5,10,-4,9,-4,9,-5,8,-5,7,-4,7,-4,7,-4,8,-4,8,-4,7,-4,7,-4,6,-4,5,-3,5,-2,5,-2,5,-3,5,-4,0,0,0,0,0,0,0,0,0,0,0,0,0,0,0,0,0,0,0,0,0,0,7,-6,9,-5,9,-5,9,-5,9,-5,9,-6,10,-6,10,-5,11,-4,12,-4,12,-4,12,-5,13,-5,14,-4,14,-4,13,-4,14,-4,15,-4,15,-4,15,-5,15,-5,15,-5,16,-5,16,-6,16,-6,16,-5,0.0,16.76305461424021,16.76305461424021,15.811388300841896,14.866068747318506,13.601470508735444,11.704699910719626,12.083045973594572,12.083045973594572,12.083045973594572,10.770329614269007,9.848857801796104,10.295630140987,9.433981132056603,8.06225774829855,8.06225774829855,8.06225774829855,8.94427190999916,8.94427190999916,8.06225774829855,8.06225774829855,7.211102550927978,5.830951894845301,5.385164807134504,5.385164807134504,5.830951894845301,6.4031242374328485,0.0,0.0,0.0,0.0,0.0,0.0,0.0,0.0,0.0,0.0,0.0,9.219544457292887,10.295630140987,10.295630140987,10.295630140987,10.295630140987,10.816653826391969,11.661903789690601,11.180339887498949,11.704699910719626,12.649110640673518,12.649110640673518,13.0,13.92838827718412,14.560219778561036,14.560219778561036,13.601470508735444,14.560219778561036,15.524174696260024,15.524174696260024,15.811388300841896,15.811388300841896,15.811388300841896,16.76305461424021,17.08800749063506,17.08800749063506,16.76305461424021,0.0,-0.3028848683749714,-0.3028848683749714,-0.3217505543966422,-0.3430239404207034,-0.2984989315861793,-0.348771003583907,-0.4266274931268761,-0.4266274931268761,-0.4266274931268761,-0.3805063771123649,-0.4182243295792291,-0.507098504392337,-0.5585993153435624,-0.5191461142465229,-0.5191461142465229,-0.5191461142465229,-0.4636476090008061,-0.4636476090008061,-0.5191461142465229,-0.5191461142465229,-0.5880026035475675,-0.5404195002705842,-0.3805063771123649,-0.3805063771123649,-0.5404195002705842,-0.6747409422235526,0.0,0.0,0.0,0.0,0.0,0.0,0.0,0.0,0.0,0.0,0.0,-0.7086262721276703,-0.507098504392337,-0.507098504392337,-0.507098504392337,-0.507098504392337,-0.5880026035475675,-0.5404195002705842,-0.4636476090008061,-0.348771003583907,-0.3217505543966422,-0.3217505543966422,-0.3947911196997615,-0.3671738338182192,-0.27829965900511133,-0.27829965900511133,-0.2984989315861793,-0.27829965900511133,-0.260602391747341,-0.260602391747341,-0.3217505543966422,-0.3217505543966422,-0.3217505543966422,-0.3028848683749714,-0.35877067027057225,-0.35877067027057225,-0.3028848683749714
24.315289029997075,router,ba:bd:de:13:68:55,-83,94.71564931841081,64,1.4381389133333755,20.756151537288225,0,0,-18,3,-18,3,-17,2,-16,2,-15,3,-14,2,-12,2,-11,2,-10,3,-10,2,-9,2,-8,1,-7,0,-6,1,-5,2,-4,3,-5,3,-4,3,-4,3,-3,3,-4,3,-4,3,-3,2,-2,2,-1,3,-1,2,0,0,0,0,0,0,0,0,0,0,0,0,0,0,0,0,0,0,0,0,0,0,-9,2,-11,1,-12,1,-12,2,-13,1,-13,1,-12,1,-14,1,-15,1,-16,1,-15,1,-15,1,-15,2,-16,2,-17,2,-18,4,-18,3,-19,2,-19,3,-19,3,-19,3,-19,3,-19,4,-20,4,-21,3,-20,2,0.0,18.24828759089466,18.24828759089466,17.11724276862369,16.1245154965971,15.297058540778355,14.142135623730951,12.165525060596439,11.180339887498949,10.44030650891055,10.198039027185569,9.219544457292887,8.06225774829855,7.0,6.082762530298219,5.385164807134504,5.0,5.830951894845301,5.0,5.0,4.242640687119285,5.0,5.0,3.605551275463989,2.8284271247461903,3.1622776601683795,2.23606797749979,0.0,0.0,0.0,0.0,0.0,0.0,0.0,0.0,0.0,0.0,0.0,9.219544457292887,11.045361017187261,12.041594578792296,12.165525060596439,13.038404810405298,13.038404810405298,12.041594578792296,14.035668847618199,15.033296378372908,16.0312195418814,15.033296378372908,15.033296378372908,15.132745950421556,16.1245154965971,17.11724276862369,18.439088914585774,18.24828759089466,19.1049731745428,19.235384061671343,19.235384061671343,19.235384061671343,19.235384061671343,19.4164878389476,20.396078054371138,21.213203435596427,20.09975124224178,0.0,2.976443976175166,2.976443976175166,3.024483909022929,3.017237659043032,2.9441970937399127,2.999695598985629,2.976443976175166,2.961739153797315,2.8501358591119264,2.9441970937399127,2.922923707715851,3.017237659043032,3.141592653589793,2.976443976175166,2.761086276477428,2.498091544796509,2.601173153319209,2.498091544796509,2.498091544796509,2.356194490192345,2.498091544796509,2.498091544796509,2.5535900500422257,2.356194490192345,1.892546881191539,2.0344439357957027,0.0,0.0,0.0,0.0,0.0,0.0,0.0,0.0,0.0,0.0,0.0,2.922923707715851,3.050932766389048,3.058451421701352,2.976443976175166,3.064820762320015,3.064820762320015,3.058451421701352,3.070285188804503,3.0750244898139694,3.079173843593836,3.0750244898139694,3.0750244898139694,3.0090411212931194,3.017237659043032,3.024483909022929,2.922923707715851,2.976443976175166,3.036715714859559,2.984990776607778,2.984990776607778,2.984990776607778,2.984990776607778,2.9340964271545906,2.9441970937399127,2.999695598985629,3.0419240010986313
24.424916005998966,router,ba:bd:de:13:68:55,-81,94.71564931841081,64,1.4420863169967846,20.73176648389154,0,0,7,-15,7,-16,7,-15,7,-13,7,-13,6,-12,5,-12,4,-11,3,-10,2,-10,2,-9,2,-10,2,-10,1,-9,1,-9,0,-10,0,-9,0,-8,0,-8,1,-9,1,-8,1,-8,1,-8,1,-7,0,-7,0,-8,0,0,0,0,0,0,0,0,0,0,0,0,0,0,0,0,0,0,0,0,0,0,2,-10,1,-11,0,-11,0,-12,2,-12,4,-13,4,-13,4,-13,4,-13,5,-13,6,-13,7,-14,6,-14,7,-13,7,-13,6,-14,6,-14,7,-14,7,-15,8,-15,8,-15,7,-16,7,-17,8,-17,9,-17,8,-16,0.0,16.55294535724685,17.46424919657298,16.55294535724685,14.7648230602334,14.7648230602334,13.416407864998739,13.0,11.704699910719626,10.44030650891055,10.198039027185569,9.219544457292887,10.198039027185569,10.198039027185569,9.055385138137417,9.055385138137417,10.0,9.0,8.0,8.0,9.055385138137417,8.06225774829855,8.06225774829855,8.06225774829855,7.0710678118654755,7.0,8.0,0.0,0.0,0.0,0.0,0.0,0.0,0.0,0.0,0.0,0.0,0.0,10.198039027185569,11.045361017187261,11.0,12.0,12.165525060596439,13.601470508735444,13.601470508735444,13.601470508735444,13.601470508735444,13.92838827718412,14.317821063276353,15.652475842498529,15.231546211727817,14.7648230602334,14.7648230602334,15.231546211727817,15.231546211727817,15.652475842498529,16.55294535724685,17.0,17.0,17.46424919657298,18.384776310850235,18.788294228055936,19.235384061671343,17.88854381999832,0.0,-1.1341691669813554,-1.1583858851975093,-1.1341691669813554,-1.0768549578753155,-1.0768549578753155,-1.1071487177940904,-1.176005207095135,-1.2220253232109897,-1.2793395323170296,-1.373400766945016,-1.3521273809209546,-1.373400766945016,-1.373400766945016,-1.460139105621001,-1.460139105621001,-1.5707963267948966,-1.5707963267948966,-1.5707963267948966,-1.5707963267948966,-1.460139105621001,-1.446441332248135,-1.446441332248135,-1.446441332248135,-1.4288992721907328,-1.5707963267948966,-1.5707963267948966,0.0,0.0,0.0,0.0,0.0,0.0,0.0,0.0,0.0,0.0,0.0,-1.373400766945016,-1.4801364395941514,-1.5707963267948966,-1.5707963267948966,-1.4056476493802699,-1.2722973952087173,-1.2722973952087173,-1.2722973952087173,-1.2722973952087173,-1.2036224929766774,-1.1383885512243588,-1.1071487177940904,-1.1659045405098132,-1.0768549578753155,-1.0768549578753155,-1.1659045405098132,-1.1659045405098132,-1.1071487177940904,-1.1341691669813554,-1.0808390005411683,-1.0808390005411683,-1.1583858851975093,-1.1801892830972098,-1.1309537439791604,-1.0838970949836275,-1.1071487177940904
24.53427573799854,router,ba:bd:de:13:68:55,-82,94.71564931841081,64,1.4460732306021253,20.737586195646507,0,0,16,3,16,2,16,2,14,2,13,1,12,1,11,1,11,2,10,2,9,1,9,0,8,0,7,-1,6,-2,6,-3,7,-2,8,-2,7,-2,6,-3,7,-3,7,-3,8,-3,7,-2,7,-1,7,0,5,1,0,0,0,0,0,0,0,0,0,0,0,0,0,0,0,0,0,0,0,0,0,0,10,-1,10,0,10,-1,9,0,10,0,11,1,12,1,12,1,12,0,14,0,14,0,13,-1,12,-2,13,-1,14,2,14,4,14,3,15,3,16,4,16,4,15,3,15,3,15,4,14,3,14,2,14,1,0.0,16.278820596099706,16.1245154965971,16.1245154965971,14.142135623730951,13.038404810405298,12.041594578792296,11.045361017187261,11.180339887498949,10.198039027185569,9.055385138137417,9.0,8.0,7.0710678118654755,6.324555320336759,6.708203932499369,7.280109889280518,8.246211251235321,7.280109889280518,6.708203932499369,7.615773105863909,7.615773105863909,8.54400374531753,7.280109889280518,7.0710678118654755,7.0,5.0990195135927845,0.0,0.0,0.0,0.0,0.0,0.0,0.0,0.0,0.0,0.0,0.0,10.04987562112089,10.0,10.04987562112089,9.0,10.0,11.045361017187261,12.041594578792296,12.041594578792296,12.0,14.0,14.0,13.038404810405298,12.165525060596439,13.038404810405298,14.142135623730951,14.560219778561036,14.317821063276353,15.297058540778355,16.492422502470642,16.492422502470642,15.297058540778355,15.297058540778355,15.524174696260024,14.317821063276353,14.142135623730951,14.035668847618199,0.0,0.18534794999569476,0.12435499454676144,0.12435499454676144,0.14189705460416394,0.07677189126977804,0.08314123188844123,0.09065988720074511,0.17985349979247828,0.19739555984988075,0.11065722117389565,0.0,0.0,-0.14189705460416394,-0.3217505543966422,-0.4636476090008061,-0.27829965900511133,-0.24497866312686414,-0.27829965900511133,-0.4636476090008061,-0.40489178628508343,-0.40489178628508343,-0.35877067027057225,-0.27829965900511133,-0.14189705460416394,0.0,0.19739555984988075,0.0,0.0,0.0,0.0,0.0,0.0,0.0,0.0,0.0,0.0,0.0,-0.09966865249116202,0.0,-0.09966865249116202,0.0,0.0,0.09065988720074511,0.08314123188844123,0.08314123188844123,0.0,0.0,0.0,-0.07677189126977804,-0.16514867741462683,-0.07677189126977804,0.14189705460416394,0.27829965900511133,0.21109333322274654,0.19739555984988075,0.24497866312686414,0.24497866312686414,0.19739555984988075,0.19739555984988075,0.260602391747341,0.21109333322274654,0.14189705460416394,0.07130746478529032
24.634954728993762,router,ba:bd:de:13:68:55,-84,94.71564931841081,64,1.4475640928233124,20.761346461150364,0,0,-11,11,-12,11,-11,10,-9,10,-9,9,-9,8,-8,7,-7,8,-7,8,-6,8,-5,7,-4,8,-3,8,-2,7,-2,8,-1,9,-1,10,-2,8,-2,8,-1,8,-1,8,-1,7,-1,7,-1,7,-2,7,-1,8,0,0,0,0,0,0,0,0,0,0,0,0,0,0,0,0,0,0,0,0,0,0,-7,8,-6,8,-6,6,-7,5,-7,5,-8,7,-8,8,-8,8,-10,8,-12,9,-12,9,-12,9,-12,10,-13,10,-15,9,-13,8,-12,8,-13,9,-12,10,-12,10,-12,9,-11,11,-11,12,-12,13,-13,13,-14,12,0.0,15.556349186104045,16.278820596099706,14.866068747318506,13.45362404707371,12.727922061357855,12.041594578792296,10.63014581273465,10.63014581273465,10.63014581273465,10.0,8.602325267042627,8.94427190999916,8.54400374531753,7.280109889280518,8.246211251235321,9.055385138137417,10.04987562112089,8.246211251235321,8.246211251235321,8.06225774829855,8.06225774829855,7.0710678118654755,7.0710678118654755,7.0710678118654755,7.280109889280518,8.06225774829855,0.0,0.0,0.0,0.0,0.0,0.0,0.0,0.0,0.0,0.0,0.0,10.63014581273465,10.0,8.48528137423857,8.602325267042627,8.602325267042627,10.63014581273465,11.313708498984761,11.313708498984761,12.806248474865697,15.0,15.0,15.0,15.620499351813308,16.401219466856727,17.4928556845359,15.264337522473747,14.422205101855956,15.811388300841896,15.620499351813308,15.620499351813308,15.0,15.556349186104045,16.278820596099706,17.69180601295413,18.384776310850235,18.439088914585774,0.0,2.356194490192345,2.399645385583876,2.403777593469328,2.3036114285814033,2.356194490192345,2.4149503129080676,2.4227626539681686,2.289626326416521,2.289626326416521,2.214297435588181,2.191045812777718,2.0344439357957027,1.9295669970654687,1.849095985800008,1.8157749899217608,1.6814535479687922,1.6704649792860586,1.8157749899217608,1.8157749899217608,1.695151321341658,1.695151321341658,1.7126933813990606,1.7126933813990606,1.7126933813990606,1.849095985800008,1.695151321341658,0.0,0.0,0.0,0.0,0.0,0.0,0.0,0.0,0.0,0.0,0.0,2.289626326416521,2.214297435588181,2.356194490192345,2.5213431676069717,2.5213431676069717,2.4227626539681686,2.356194490192345,2.356194490192345,2.4668517113662407,2.498091544796509,2.498091544796509,2.498091544796509,2.44685437739309,2.485897027348257,2.601173153319209,2.5899376710612465,2.5535900500422257,2.5360479899848234,2.44685437739309,2.44685437739309,2.498091544796509,2.356194490192345,2.312743594800814,2.316215803069055,2.356194490192345,2.432966381462123
24.734997528998065,router,ba:bd:de:13:68:55,-84,94.71564931841081,64,1.4515882743238528,20.793858831218955,0,0,-16,7,-16,7,-16,8,-13,9,-12,9,-12,8,-11,6,-9,6,-9,6,-8,6,-7,6,-7,6,-6,7,-5,6,-4,5,-5,6,-5,7,-5,7,-4,7,-5,7,-6,6,-5,5,-5,5,-5,5,-4,5,-4,6,0,0,0,0,0,0,0,0,0,0,0,0,0,0,0,0,0,0,0,0,0,0,-8,9,-8,7,-8,7,-8,9,-9,9,-10,10,-10,10,-10,9,-11,9,-12,8,-13,8,-14,9,-13,9,-14,9,-15,9,-16,8,-16,9,-16,10,-17,11,-16,11,-16,10,-16,9,-16,10,-16,10,-16,9,-16,8,0.0,17.46424919657298,17.46424919657298,17.88854381999832,15.811388300841896,15.0,14.422205101855956,12.529964086141668,10.816653826391969,10.816653826391969,10.0,9.219544457292887,9.219544457292887,9.219544457292887,7.810249675906654,6.4031242374328485,7.810249675906654,8.602325267042627,8.602325267042627,8.06225774829855,8.602325267042627,8.48528137423857,7.0710678118654755,7.0710678118654755,7.0710678118654755,6.4031242374328485,7.211102550927978,0.0,0.0,0.0,0.0,0.0,0.0,0.0,0.0,0.0,0.0,0.0,12.041594578792296,10.63014581273465,10.63014581273465,12.041594578792296,12.727922061357855,14.142135623730951,14.142135623730951,13.45362404707371,14.212670403551895,14.422205101855956,15.264337522473747,16.64331697709324,15.811388300841896,16.64331697709324,17.4928556845359,17.88854381999832,18.35755975068582,18.867962264113206,20.248456731316587,19.4164878389476,18.867962264113206,18.35755975068582,18.867962264113206,18.867962264113206,18.35755975068582,17.88854381999832,0.0,2.729182211992406,2.729182211992406,2.677945044588987,2.5360479899848234,2.498091544796509,2.5535900500422257,2.642245931909663,2.5535900500422257,2.5535900500422257,2.498091544796509,2.432966381462123,2.432966381462123,2.279422598922567,2.2655346029916,2.2455372690184494,2.2655346029916,2.191045812777718,2.191045812777718,2.0899424410414196,2.191045812777718,2.356194490192345,2.356194490192345,2.356194490192345,2.356194490192345,2.2455372690184494,2.158798930342464,0.0,0.0,0.0,0.0,0.0,0.0,0.0,0.0,0.0,0.0,0.0,2.297438667476622,2.4227626539681686,2.4227626539681686,2.297438667476622,2.356194490192345,2.356194490192345,2.356194490192345,2.408777551803287,2.455863142683507,2.5535900500422257,2.5899376710612465,2.5702551737561663,2.5360479899848234,2.5702551737561663,2.601173153319209,2.677945044588987,2.6292031932790554,2.5829933382462307,2.5672878234150915,2.539305307454829,2.5829933382462307,2.6292031932790554,2.5829933382462307,2.5829933382462307,2.6292031932790554,2.677945044588987
24.844736213999568,router,ba:bd:de:13:68:55,-83,94.71564931841081,64,1.454945505558191,20.82842353542548,0,0,-9,16,-9,17,-9,17,-10,15,-9,13,-6,14,-5,13,-6,12,-6,10,-6,9,-6,9,-6,9,-5,9,-4,9,-3,8,-2,7,-1,7,-2,7,-3,6,-4,7,-3,7,-2,6,-2,5,-2,5,-1,5,1,4,0,0,0,0,0,0,0,0,0,0,0,0,0,0,0,0,0,0,0,0,0,0,0,10,0,9,-2,8,-4,9,-4,10,-4,11,-4,12,-4,13,-6,13,-6,12,-6,13,-7,14,-7,13,-7,13,-6,14,-7,14,-7,14,-8,15,-7,15,-6,15,-6,16,-7,17,-7,16,-7,17,-8,17,-9,16,0.0,18.35755975068582,19.235384061671343,19.235384061671343,18.027756377319946,15.811388300841896,15.231546211727817,13.92838827718412,13.416407864998739,11.661903789690601,10.816653826391969,10.816653826391969,10.816653826391969,10.295630140987,9.848857801796104,8.54400374531753,7.280109889280518,7.0710678118654755,7.280109889280518,6.708203932499369,8.06225774829855,7.615773105863909,6.324555320336759,5.385164807134504,5.385164807134504,5.0990195135927845,4.123105625617661,0.0,0.0,0.0,0.0,0.0,0.0,0.0,0.0,0.0,0.0,0.0,10.0,9.0,8.246211251235321,9.848857801796104,10.770329614269007,11.704699910719626,12.649110640673518,13.601470508735444,14.317821063276353,13.416407864998739,14.317821063276353,15.652475842498529,14.7648230602334,14.7648230602334,15.231546211727817,15.652475842498529,15.652475842498529,17.0,16.55294535724685,16.15549442140351,17.08800749063506,18.384776310850235,17.46424919657298,18.384776310850235,18.788294228055936,18.35755975068582,0.0,2.0831857871056343,2.0576955586061656,2.0576955586061656,2.158798930342464,2.1763409903998667,1.97568811307998,1.9379701606131159,2.0344439357957027,2.1112158270654806,2.158798930342464,2.158798930342464,2.158798930342464,2.0778948311872334,1.9890206563741257,1.9295669970654687,1.849095985800008,1.7126933813990606,1.849095985800008,2.0344439357957027,2.0899424410414196,1.97568811307998,1.892546881191539,1.9513027039072615,1.9513027039072615,1.7681918866447774,1.3258176636680326,0.0,0.0,0.0,0.0,0.0,0.0,0.0,0.0,0.0,0.0,0.0,1.5707963267948966,1.5707963267948966,1.8157749899217608,1.9890206563741257,1.9513027039072615,1.9195673303788037,1.892546881191539,1.8692952583810758,2.0032041023654346,2.0344439357957027,2.0032041023654346,2.0344439357957027,2.0647376957144776,2.0647376957144776,1.97568811307998,2.0344439357957027,2.0344439357957027,2.060753653048625,2.007423486608438,1.9513027039072615,1.9295669970654687,1.9614033704925835,1.9832067683922838,1.9614033704925835,2.0106389096106327,2.0831857871056343
24.945730833998823,router,ba:bd:de:13:68:55,-84,100.51661219451701,64,1.4589637226155567,20.878223542871794,0,0,-15,-14,-15,-14,-15,-14,-14,-12,-11,-11,-10,-11,-10,-10,-10,-9,-11,-8,-11,-8,-11,-7,-11,-6,-10,-5,-9,-4,-9,-4,-9,-4,-9,-3,-9,-3,-8,-3,-8,-3,-7,-2,-7,-3,-7,-4,-7,-4,-7,-4,-6,-4,0,0,0,0,0,0,0,0,0,0,0,0,0,0,0,0,0,0,0,0,0,0,-8,-8,-6,-8,-6,-7,-7,-9,-7,-10,-6,-10,-5,-10,-6,-12,-7,-12,-9,-9,-9,-9,-9,-10,-10,-10,-10,-11,-9,-13,-8,-14,-9,-14,-11,-14,-13,-13,-14,-13,-15,-12,-16,-13,-17,-16,-15,-17,-13,-14,-13,-14,0.0,20.518284528683193,20.518284528683193,20.518284528683193,18.439088914585774,15.556349186104045,14.866068747318506,14.142135623730951,13.45362404707371,13.601470508735444,13.601470508735444,13.038404810405298,12.529964086141668,11.180339887498949,9.848857801796104,9.848857801796104,9.848857801796104,9.486832980505138,9.486832980505138,8.54400374531753,8.54400374531753,7.280109889280518,7.615773105863909,8.06225774829855,8.06225774829855,8.06225774829855,7.211102550927978,0.0,0.0,0.0,0.0,0.0,0.0,0.0,0.0,0.0,0.0,0.0,11.313708498984761,10.0,9.219544457292887,11.40175425099138,12.206555615733702,11.661903789690601,11.180339887498949,13.416407864998739,13.892443989449804,12.727922061357855,12.727922061357855,13.45362404707371,14.142135623730951,14.866068747318506,15.811388300841896,16.1245154965971,16.64331697709324,17.804493814764857,18.384776310850235,19.1049731745428,19.209372712298546,20.615528128088304,23.345235059857504,22.67156809750927,19.1049731745428,19.1049731745428,0.0,-2.390663591191853,-2.390663591191853,-2.390663591191853,-2.432966381462123,-2.356194490192345,-2.3086113869153615,-2.356194490192345,-2.408777551803287,-2.5127963671743605,-2.5127963671743605,-2.5748634360662868,-2.642245931909663,-2.677945044588987,-2.723368324010564,-2.723368324010564,-2.723368324010564,-2.819842099193151,-2.819842099193151,-2.782821983319221,-2.782821983319221,-2.8632929945846817,-2.7367008673047097,-2.62244653934327,-2.62244653934327,-2.62244653934327,-2.5535900500422257,0.0,0.0,0.0,0.0,0.0,0.0,0.0,0.0,0.0,0.0,0.0,-2.356194490192345,-2.214297435588181,-2.279422598922567,-2.2318394956455836,-2.1815222911841055,-2.1112158270654806,-2.0344439357957027,-2.0344439357957027,-2.0988707752212563,-2.356194490192345,-2.356194490192345,-2.3036114285814033,-2.356194490192345,-2.3086113869153615,-2.1763409903998667,-2.0899424410414196,-2.1421338066285234,-2.2367655641740063,-2.356194490192345,-2.393214606066275,-2.4668517113662407,-2.459276098715045,-2.38648825011112,-2.293775680196388,-2.3191743743184148,-2.3191743743184148
25.055786289995012,router,ba:bd:de:13:68:55,-84,100.51661219451701,64,1.4607066307866392,20.91123584405353,0,0,-5,-18,-5,-17,-5,-17,-4,-16,-4,-15,-5,-15,-5,-14,-5,-14,-5,-12,-6,-11,-5,-11,-5,-11,-6,-10,-7,-9,-8,-8,-9,-8,-8,-8,-7,-8,-7,-8,-7,-7,-7,-7,-7,-8,-7,-10,-6,-9,-6,-8,-7,-9,0,0,0,0,0,0,0,0,0,0,0,0,0,0,0,0,0,0,0,0,0,0,-5,-9,-4,-10,-3,-10,-4,-9,-3,-9,-2,-10,-3,-11,-4,-12,-3,-12,-3,-13,-3,-13,-4,-12,-5,-13,-5,-15,-5,-15,-5,-15,-5,-15,-5,-15,-6,-16,-6,-17,-6,-17,-6,-18,-5,-18,-4,-18,-6,-19,-5,-20,0.0,18.681541692269406,17.72004514666935,17.72004514666935,16.492422502470642,15.524174696260024,15.811388300841896,14.866068747318506,14.866068747318506,13.0,12.529964086141668,12.083045973594572,12.083045973594572,11.661903789690601,11.40175425099138,11.313708498984761,12.041594578792296,11.313708498984761,10.63014581273465,10.63014581273465,9.899494936611665,9.899494936611665,10.63014581273465,12.206555615733702,10.816653826391969,10.0,11.40175425099138,0.0,0.0,0.0,0.0,0.0,0.0,0.0,0.0,0.0,0.0,0.0,10.295630140987,10.770329614269007,10.44030650891055,9.848857801796104,9.486832980505138,10.198039027185569,11.40175425099138,12.649110640673518,12.36931687685298,13.341664064126334,13.341664064126334,12.649110640673518,13.92838827718412,15.811388300841896,15.811388300841896,15.811388300841896,15.811388300841896,15.811388300841896,17.08800749063506,18.027756377319946,18.027756377319946,18.973665961010276,18.681541692269406,18.439088914585774,19.924858845171276,20.615528128088304,0.0,-1.8417431771333173,-1.856847768512215,-1.856847768512215,-1.8157749899217608,-1.8313987185422376,-1.892546881191539,-1.9138202672156,-1.9138202672156,-1.965587446494658,-2.0701430484750265,-1.9974238199217726,-1.9974238199217726,-2.1112158270654806,-2.2318394956455836,-2.356194490192345,-2.4149503129080676,-2.356194490192345,-2.289626326416521,-2.289626326416521,-2.356194490192345,-2.356194490192345,-2.289626326416521,-2.1815222911841055,-2.158798930342464,-2.214297435588181,-2.2318394956455836,0.0,0.0,0.0,0.0,0.0,0.0,0.0,0.0,0.0,0.0,0.0,-2.0778948311872334,-1.9513027039072615,-1.8622531212727638,-1.9890206563741257,-1.892546881191539,-1.7681918866447774,-1.837048375945822,-1.892546881191539,-1.8157749899217608,-1.7975951748487824,-1.7975951748487824,-1.892546881191539,-1.9379701606131159,-1.892546881191539,-1.892546881191539,-1.892546881191539,-1.892546881191539,-1.892546881191539,-1.9295669970654687,-1.9100889412489412,-1.9100889412489412,-1.892546881191539,-1.8417431771333173,-1.7894652726688385,-1.8766751981997487,-1.8157749899217608
25.161799595000048,router,ba:bd:de:13:68:55,-85,100.51661219451701,64,1.461500695952045,20.92985972712944,0,0,-2,18,-2,18,-2,17,-3,16,-3,17,-3,16,-3,14,-3,12,-2,11,-2,11,0,11,0,11,-1,10,-1,8,0,8,0,8,0,7,1,7,0,7,-1,6,-1,6,-1,6,-1,7,0,6,-1,5,-3,5,0,0,0,0,0,0,0,0,0,0,0,0,0,0,0,0,0,0,0,0,0,0,-1,5,0,7,1,8,1,7,1,8,1,9,1,9,1,9,1,10,0,10,0,9,-1,9,-2,11,-2,12,-2,12,0,12,1,13,1,15,0,15,-1,15,-2,15,-2,17,-2,18,-1,19,-1,19,-1,19,0.0,18.110770276274835,18.110770276274835,17.11724276862369,16.278820596099706,17.26267650163207,16.278820596099706,14.317821063276353,12.36931687685298,11.180339887498949,11.180339887498949,11.0,11.0,10.04987562112089,8.06225774829855,8.0,8.0,7.0,7.0710678118654755,7.0,6.082762530298219,6.082762530298219,6.082762530298219,7.0710678118654755,6.0,5.0990195135927845,5.830951894845301,0.0,0.0,0.0,0.0,0.0,0.0,0.0,0.0,0.0,0.0,0.0,5.0990195135927845,7.0,8.06225774829855,7.0710678118654755,8.06225774829855,9.055385138137417,9.055385138137417,9.055385138137417,10.04987562112089,10.0,9.0,9.055385138137417,11.180339887498949,12.165525060596439,12.165525060596439,12.0,13.038404810405298,15.033296378372908,15.0,15.033296378372908,15.132745950421556,17.11724276862369,18.110770276274835,19.026297590440446,19.026297590440446,19.026297590440446,0.0,1.6814535479687922,1.6814535479687922,1.687905071361761,1.7561442767905915,1.7454685258031364,1.7561442767905915,1.7818896600176433,1.8157749899217608,1.750649826587375,1.750649826587375,1.5707963267948966,1.5707963267948966,1.6704649792860586,1.695151321341658,1.5707963267948966,1.5707963267948966,1.5707963267948966,1.4288992721907328,1.5707963267948966,1.7359450042095235,1.7359450042095235,1.7359450042095235,1.7126933813990606,1.5707963267948966,1.7681918866447774,2.1112158270654806,0.0,0.0,0.0,0.0,0.0,0.0,0.0,0.0,0.0,0.0,0.0,1.7681918866447774,1.5707963267948966,1.446441332248135,1.4288992721907328,1.446441332248135,1.460139105621001,1.460139105621001,1.460139105621001,1.4711276743037347,1.5707963267948966,1.5707963267948966,1.6814535479687922,1.750649826587375,1.7359450042095235,1.7359450042095235,1.5707963267948966,1.4940244355251187,1.5042281630190728,1.5707963267948966,1.6373644905707205,1.7033478590915707,1.687905071361761,1.6814535479687922,1.6233793884058383,1.6233793884058383,1.6233793884058383
25.266740611994464,router,ba:bd:de:13:68:55,-85,100.51661219451701,64,1.4662168980894354,20.935164977821834,0,0,-18,-4,-17,-3,-16,-4,-16,-4,-15,-2,-12,-2,-10,-3,-10,-4,-9,-4,-8,-3,-8,-3,-8,-3,-8,-2,-7,-1,-5,-1,-6,0,-8,1,-8,0,-6,0,-5,0,-4,0,-4,-2,-3,-2,-3,-1,-4,0,-6,-2,0,0,0,0,0,0,0,0,0,0,0,0,0,0,0,0,0,0,0,0,0,0,-11,-2,-11,-1,-11,0,-12,1,-13,1,-13,-1,-13,-1,-13,-1,-14,0,-14,-1,-14,-1,-15,-2,-16,-2,-16,-3,-16,-3,-17,-3,-16,-3,-15,-2,-17,-1,-18,-2,-17,-4,-17,-6,-19,-7,-19,-5,-20,-3,-19,-3,0.0,18.439088914585774,17.26267650163207,16.492422502470642,16.492422502470642,15.132745950421556,12.165525060596439,10.44030650891055,10.770329614269007,9.848857801796104,8.54400374531753,8.54400374531753,8.54400374531753,8.246211251235321,7.0710678118654755,5.0990195135927845,6.0,8.06225774829855,8.0,6.0,5.0,4.0,4.47213595499958,3.605551275463989,3.1622776601683795,4.0,6.324555320336759,0.0,0.0,0.0,0.0,0.0,0.0,0.0,0.0,0.0,0.0,0.0,11.180339887498949,11.045361017187261,11.0,12.041594578792296,13.038404810405298,13.038404810405298,13.038404810405298,13.038404810405298,14.0,14.035668847618199,14.035668847618199,15.132745950421556,16.1245154965971,16.278820596099706,16.278820596099706,17.26267650163207,16.278820596099706,15.132745950421556,17.029386365926403,18.110770276274835,17.46424919657298,18.027756377319946,20.248456731316587,19.6468827043885,20.223748416156685,19.235384061671343,0.0,-2.922923707715851,-2.9669204545815537,-2.896613990462929,-2.896613990462929,-3.0090411212931194,-2.976443976175166,-2.8501358591119264,-2.761086276477428,-2.723368324010564,-2.782821983319221,-2.782821983319221,-2.782821983319221,-2.896613990462929,-2.999695598985629,-2.9441970937399127,3.141592653589793,3.017237659043032,3.141592653589793,3.141592653589793,3.141592653589793,3.141592653589793,-2.677945044588987,-2.5535900500422257,-2.819842099193151,3.141592653589793,-2.819842099193151,0.0,0.0,0.0,0.0,0.0,0.0,0.0,0.0,0.0,0.0,0.0,-2.961739153797315,-3.050932766389048,3.141592653589793,3.058451421701352,3.064820762320015,-3.064820762320015,-3.064820762320015,-3.064820762320015,3.141592653589793,-3.070285188804503,-3.070285188804503,-3.0090411212931194,-3.017237659043032,-2.9562447035940984,-2.9562447035940984,-2.9669204545815537,-2.9562447035940984,-3.0090411212931194,-3.0828368308740703,-3.0309354324158977,-2.9105019863938963,-2.8023000391357487,-2.788602265762883,-2.8842689386187046,-2.992702705980296,-2.984990776607778
25.488056381000206,router,ba:bd:de:13:68:55,-87,100.51661219451701,64,1.4714556170384592,20.92823334632803,0,0,-5,-12,-5,-12,-5,-12,-5,-12,-4,-11,-4,-10,-4,-9,-4,-8,-4,-7,-4,-6,-4,-5,-4,-4,-4,-3,-4,-3,-5,-3,-5,-2,-5,-2,-5,-1,-5,-1,-5,-1,-5,0,-5,1,-5,1,-4,2,-4,2,-4,3,0,0,0,0,0,0,0,0,0,0,0,0,0,0,0,0,0,0,0,0,0,0,-4,-8,-4,-8,-4,-9,-4,-9,-4,-10,-4,-11,-4,-11,-3,-12,-3,-12,-4,-13,-4,-13,-4,-13,-4,-14,-4,-14,-5,-14,-4,-15,-5,-15,-5,-15,-5,-15,-5,-15,-5,-16,-5,-16,-5,-16,-4,-17,-4,-17,-4,-17,0.0,13.0,13.0,13.0,13.0,11.704699910719626,10.770329614269007,9.848857801796104,8.94427190999916,8.06225774829855,7.211102550927978,6.4031242374328485,5.656854249492381,5.0,5.0,5.830951894845301,5.385164807134504,5.385164807134504,5.0990195135927845,5.0990195135927845,5.0990195135927845,5.0,5.0990195135927845,5.0990195135927845,4.47213595499958,4.47213595499958,5.0,0.0,0.0,0.0,0.0,0.0,0.0,0.0,0.0,0.0,0.0,0.0,8.94427190999916,8.94427190999916,9.848857801796104,9.848857801796104,10.770329614269007,11.704699910719626,11.704699910719626,12.36931687685298,12.36931687685298,13.601470508735444,13.601470508735444,13.601470508735444,14.560219778561036,14.560219778561036,14.866068747318506,15.524174696260024,15.811388300841896,15.811388300841896,15.811388300841896,15.811388300841896,16.76305461424021,16.76305461424021,16.76305461424021,17.46424919657298,17.46424919657298,17.46424919657298,0.0,-1.965587446494658,-1.965587446494658,-1.965587446494658,-1.965587446494658,-1.9195673303788037,-1.9513027039072615,-1.9890206563741257,-2.0344439357957027,-2.0899424410414196,-2.158798930342464,-2.2455372690184494,-2.356194490192345,-2.498091544796509,-2.498091544796509,-2.601173153319209,-2.761086276477428,-2.761086276477428,-2.9441970937399127,-2.9441970937399127,-2.9441970937399127,3.141592653589793,2.9441970937399127,2.9441970937399127,2.677945044588987,2.677945044588987,2.498091544796509,0.0,0.0,0.0,0.0,0.0,0.0,0.0,0.0,0.0,0.0,0.0,-2.0344439357957027,-2.0344439357957027,-1.9890206563741257,-1.9890206563741257,-1.9513027039072615,-1.9195673303788037,-1.9195673303788037,-1.8157749899217608,-1.8157749899217608,-1.8692952583810758,-1.8692952583810758,-1.8692952583810758,-1.849095985800008,-1.849095985800008,-1.9138202672156,-1.8313987185422376,-1.892546881191539,-1.892546881191539,-1.892546881191539,-1.892546881191539,-1.873681195169868,-1.873681195169868,-1.873681195169868,-1.8018869939907938,-1.8018869939907938,-1.8018869939907938
25.594679514993913,router,ba:bd:de:13:68:55,-83,100.51661219451701,64,1.4764695468561204,20.93790787437644,0,0,11,10,10,10,10,10,11,9,10,8,9,8,8,8,7,6,7,5,7,4,7,4,7,4,6,3,7,2,8,2,7,1,6,0,7,1,9,1,9,2,8,2,7,2,6,2,5,2,6,2,8,2,0,0,0,0,0,0,0,0,0,0,0,0,0,0,0,0,0,0,0,0,0,0,9,4,10,4,10,4,9,4,9,5,11,5,11,5,11,7,11,8,11,9,11,9,11,9,11,10,12,11,13,9,12,8,12,8,12,9,12,10,12,11,12,11,12,11,13,12,13,13,12,12,12,11,0.0,14.866068747318506,14.142135623730951,14.142135623730951,14.212670403551895,12.806248474865697,12.041594578792296,11.313708498984761,9.219544457292887,8.602325267042627,8.06225774829855,8.06225774829855,8.06225774829855,6.708203932499369,7.280109889280518,8.246211251235321,7.0710678118654755,6.0,7.0710678118654755,9.055385138137417,9.219544457292887,8.246211251235321,7.280109889280518,6.324555320336759,5.385164807134504,6.324555320336759,8.246211251235321,0.0,0.0,0.0,0.0,0.0,0.0,0.0,0.0,0.0,0.0,0.0,9.848857801796104,10.770329614269007,10.770329614269007,9.848857801796104,10.295630140987,12.083045973594572,12.083045973594572,13.038404810405298,13.601470508735444,14.212670403551895,14.212670403551895,14.212670403551895,14.866068747318506,16.278820596099706,15.811388300841896,14.422205101855956,14.422205101855956,15.0,15.620499351813308,16.278820596099706,16.278820596099706,16.278820596099706,17.69180601295413,18.384776310850235,16.97056274847714,16.278820596099706,0.0,0.7378150601204649,0.7853981633974483,0.7853981633974483,0.6857295109062863,0.6747409422235526,0.7266423406817256,0.7853981633974483,0.7086262721276703,0.6202494859828215,0.5191461142465229,0.5191461142465229,0.5191461142465229,0.4636476090008061,0.27829965900511133,0.24497866312686414,0.14189705460416394,0.0,0.14189705460416394,0.11065722117389565,0.21866894587394195,0.24497866312686414,0.27829965900511133,0.3217505543966422,0.3805063771123649,0.3217505543966422,0.24497866312686414,0.0,0.0,0.0,0.0,0.0,0.0,0.0,0.0,0.0,0.0,0.0,0.4182243295792291,0.3805063771123649,0.3805063771123649,0.4182243295792291,0.507098504392337,0.4266274931268761,0.4266274931268761,0.5667292175235064,0.628796286415433,0.6857295109062863,0.6857295109062863,0.6857295109062863,0.7378150601204649,0.7419472680059175,0.6055446636049701,0.5880026035475675,0.5880026035475675,0.6435011087932844,0.6947382761967031,0.7419472680059175,0.7419472680059175,0.7419472680059175,0.7454194762741583,0.7853981633974483,0.7853981633974483,0.7419472680059175
25.695580928993877,router,ba:bd:de:13:68:55,-83,100.51661219451701,64,1.4815407367658064,20.955655225997276,0,0,-18,-5,-18,-6,-17,-7,-17,-7,-16,-6,-15,-6,-14,-5,-13,-4,-13,-3,-13,-3,-13,-2,-13,-2,-12,-1,-10,0,-11,0,-11,1,-10,1,-9,0,-9,0,-10,1,-10,1,-9,0,-8,0,-8,1,-7,1,-5,-1,0,0,0,0,0,0,0,0,0,0,0,0,0,0,0,0,0,0,0,0,0,0,-9,-5,-9,-6,-10,-6,-10,-7,-10,-7,-11,-7,-12,-7,-12,-7,-12,-7,-12,-7,-12,-7,-13,-6,-13,-6,-13,-6,-14,-7,-14,-7,-15,-7,-16,-7,-17,-7,-18,-8,-17,-7,-17,-6,-17,-6,-18,-6,-19,-7,-19,-8,0.0,18.681541692269406,18.973665961010276,18.384776310850235,18.384776310850235,17.08800749063506,16.15549442140351,14.866068747318506,13.601470508735444,13.341664064126334,13.341664064126334,13.152946437965905,13.152946437965905,12.041594578792296,10.0,11.0,11.045361017187261,10.04987562112089,9.0,9.0,10.04987562112089,10.04987562112089,9.0,8.0,8.06225774829855,7.0710678118654755,5.0990195135927845,0.0,0.0,0.0,0.0,0.0,0.0,0.0,0.0,0.0,0.0,0.0,10.295630140987,10.816653826391969,11.661903789690601,12.206555615733702,12.206555615733702,13.038404810405298,13.892443989449804,13.892443989449804,13.892443989449804,13.892443989449804,13.892443989449804,14.317821063276353,14.317821063276353,14.317821063276353,15.652475842498529,15.652475842498529,16.55294535724685,17.46424919657298,18.384776310850235,19.697715603592208,18.384776310850235,18.027756377319946,18.027756377319946,18.973665961010276,20.248456731316587,20.615528128088304,0.0,-2.8706458032513726,-2.819842099193151,-2.7509856098921066,-2.7509856098921066,-2.782821983319221,-2.761086276477428,-2.79856871316909,-2.843093722003614,-2.9147938055359073,-2.9147938055359073,-2.988943325194528,-2.988943325194528,-3.058451421701352,3.141592653589793,3.141592653589793,3.050932766389048,3.0419240010986313,3.141592653589793,3.141592653589793,3.0419240010986313,3.0419240010986313,3.141592653589793,3.141592653589793,3.017237659043032,2.999695598985629,-2.9441970937399127,0.0,0.0,0.0,0.0,0.0,0.0,0.0,0.0,0.0,0.0,0.0,-2.6344941491974563,-2.5535900500422257,-2.601173153319209,-2.5308666892005847,-2.5308666892005847,-2.5748634360662868,-2.6135182051634334,-2.6135182051634334,-2.6135182051634334,-2.6135182051634334,-2.6135182051634334,-2.7091848780192556,-2.7091848780192556,-2.7091848780192556,-2.677945044588987,-2.677945044588987,-2.704965493776252,-2.729182211992406,-2.7509856098921066,-2.723368324010564,-2.7509856098921066,-2.8023000391357487,-2.8023000391357487,-2.819842099193151,-2.788602265762883,-2.743070207923373
25.805001912995067,router,ba:bd:de:13:68:55,-83,100.51661219451701,64,1.4875033061184497,20.974432691698656,0,0,3,-19,3,-18,4,-17,3,-17,2,-16,1,-14,1,-12,1,-12,2,-12,1,-11,0,-10,0,-9,0,-9,0,-8,0,-8,-1,-8,-1,-7,-1,-7,-1,-7,-1,-6,-2,-6,-1,-6,0,-6,0,-6,-1,-5,-2,-4,0,0,0,0,0,0,0,0,0,0,0,0,0,0,0,0,0,0,0,0,0,0,1,-10,3,-11,3,-11,1,-12,1,-14,2,-14,4,-14,5,-14,4,-13,5,-13,5,-15,4,-16,4,-16,3,-15,2,-14,3,-14,3,-14,3,-15,3,-15,3,-15,4,-17,3,-17,3,-18,4,-18,5,-17,4,-16,0.0,19.235384061671343,18.24828759089466,17.46424919657298,17.26267650163207,16.1245154965971,14.035668847618199,12.041594578792296,12.041594578792296,12.165525060596439,11.045361017187261,10.0,9.0,9.0,8.0,8.0,8.06225774829855,7.0710678118654755,7.0710678118654755,7.0710678118654755,6.082762530298219,6.324555320336759,6.082762530298219,6.0,6.0,5.0990195135927845,4.47213595499958,0.0,0.0,0.0,0.0,0.0,0.0,0.0,0.0,0.0,0.0,0.0,10.04987562112089,11.40175425099138,11.40175425099138,12.041594578792296,14.035668847618199,14.142135623730951,14.560219778561036,14.866068747318506,13.601470508735444,13.92838827718412,15.811388300841896,16.492422502470642,16.492422502470642,15.297058540778355,14.142135623730951,14.317821063276353,14.317821063276353,15.297058540778355,15.297058540778355,15.297058540778355,17.46424919657298,17.26267650163207,18.24828759089466,18.439088914585774,17.72004514666935,16.492422502470642,0.0,-1.4141944498128813,-1.4056476493802699,-1.3397056595989996,-1.396124127786657,-1.446441332248135,-1.4994888620096063,-1.4876550949064553,-1.4876550949064553,-1.4056476493802699,-1.4801364395941514,-1.5707963267948966,-1.5707963267948966,-1.5707963267948966,-1.5707963267948966,-1.5707963267948966,-1.695151321341658,-1.7126933813990606,-1.7126933813990606,-1.7126933813990606,-1.7359450042095235,-1.892546881191539,-1.7359450042095235,-1.5707963267948966,-1.5707963267948966,-1.7681918866447774,-2.0344439357957027,0.0,0.0,0.0,0.0,0.0,0.0,0.0,0.0,0.0,0.0,0.0,-1.4711276743037347,-1.3045442776439713,-1.3045442776439713,-1.4876550949064553,-1.4994888620096063,-1.4288992721907328,-1.2924966677897853,-1.2277723863741932,-1.2722973952087173,-1.2036224929766774,-1.2490457723982544,-1.3258176636680326,-1.3258176636680326,-1.373400766945016,-1.4288992721907328,-1.35970299357215,-1.35970299357215,-1.373400766945016,-1.373400766945016,-1.373400766945016,-1.3397056595989996,-1.396124127786657,-1.4056476493802699,-1.3521273809209546,-1.2847448850775784,-1.3258176636680326
25.906142068997724,router,ba:bd:de:13:68:55,-87,86.08302953778781,64,1.5026001326575484,20.99081154201218,0,0,3,-11,3,-11,3,-11,3,-11,2,-11,2,-10,2,-9,2,-8,1,-7,1,-6,1,-5,0,-5,0,-5,0,-4,0,-3,0,-3,-1,-3,-1,-2,-2,-2,-2,-2,-2,-1,-2,0,-2,1,-2,1,-2,1,-2,2,0,0,0,0,0,0,0,0,0,0,0,0,0,0,0,0,0,0,0,0,0,0,2,-12,2,-12,2,-12,2,-13,3,-13,3,-14,3,-14,3,-15,3,-15,3,-15,3,-15,3,-15,4,-16,3,-16,3,-15,4,-16,4,-16,4,-16,5,-16,5,-17,4,-17,4,-17,4,-17,4,-17,4,-17,4,-18,0.0,11.40175425099138,11.40175425099138,11.40175425099138,11.40175425099138,11.180339887498949,10.198039027185569,9.219544457292887,8.246211251235321,7.0710678118654755,6.082762530298219,5.0990195135927845,5.0,5.0,4.0,3.0,3.0,3.1622776601683795,2.23606797749979,2.8284271247461903,2.8284271247461903,2.23606797749979,2.0,2.23606797749979,2.23606797749979,2.23606797749979,2.8284271247461903,0.0,0.0,0.0,0.0,0.0,0.0,0.0,0.0,0.0,0.0,0.0,12.165525060596439,12.165525060596439,12.165525060596439,13.152946437965905,13.341664064126334,14.317821063276353,14.317821063276353,15.297058540778355,15.297058540778355,15.297058540778355,15.297058540778355,15.297058540778355,16.492422502470642,16.278820596099706,15.297058540778355,16.492422502470642,16.492422502470642,16.492422502470642,16.76305461424021,17.72004514666935,17.46424919657298,17.46424919657298,17.46424919657298,17.46424919657298,17.46424919657298,18.439088914585774,0.0,-1.3045442776439713,-1.3045442776439713,-1.3045442776439713,-1.3045442776439713,-1.3909428270024184,-1.373400766945016,-1.3521273809209546,-1.3258176636680326,-1.4288992721907328,-1.4056476493802699,-1.373400766945016,-1.5707963267948966,-1.5707963267948966,-1.5707963267948966,-1.5707963267948966,-1.5707963267948966,-1.892546881191539,-2.0344439357957027,-2.356194490192345,-2.356194490192345,-2.677945044588987,3.141592653589793,2.677945044588987,2.677945044588987,2.677945044588987,2.356194490192345,0.0,0.0,0.0,0.0,0.0,0.0,0.0,0.0,0.0,0.0,0.0,-1.4056476493802699,-1.4056476493802699,-1.4056476493802699,-1.4181469983996315,-1.3439974787410107,-1.35970299357215,-1.35970299357215,-1.373400766945016,-1.373400766945016,-1.373400766945016,-1.373400766945016,-1.373400766945016,-1.3258176636680326,-1.3854483767992019,-1.373400766945016,-1.3258176636680326,-1.3258176636680326,-1.3258176636680326,-1.2679114584199251,-1.2847448850775784,-1.3397056595989996,-1.3397056595989996,-1.3397056595989996,-1.3397056595989996,-1.3397056595989996,-1.3521273809209546
26.015005923996796,router,ba:bd:de:13:68:55,-88,86.08302953778781,64,1.517330985728326,20.99668538500925,0,0,8,7,9,7,9,7,9,7,9,7,9,6,8,5,8,5,7,5,7,3,7,2,7,2,6,1,6,1,6,0,7,1,6,0,6,0,6,1,6,1,5,0,6,0,6,0,6,0,7,-1,7,-1,0,0,0,0,0,0,0,0,0,0,0,0,0,0,0,0,0,0,0,0,0,0,7,4,8,4,8,5,8,5,9,5,9,6,9,6,8,6,9,7,9,7,9,7,9,7,10,7,10,8,10,8,10,8,10,8,11,8,10,8,10,8,11,8,11,9,11,9,11,10,12,11,12,11,0.0,10.63014581273465,11.40175425099138,11.40175425099138,11.40175425099138,11.40175425099138,10.816653826391969,9.433981132056603,9.433981132056603,8.602325267042627,7.615773105863909,7.280109889280518,7.280109889280518,6.082762530298219,6.082762530298219,6.0,7.0710678118654755,6.0,6.0,6.082762530298219,6.082762530298219,5.0,6.0,6.0,6.0,7.0710678118654755,7.0710678118654755,0.0,0.0,0.0,0.0,0.0,0.0,0.0,0.0,0.0,0.0,0.0,8.06225774829855,8.94427190999916,9.433981132056603,9.433981132056603,10.295630140987,10.816653826391969,10.816653826391969,10.0,11.40175425099138,11.40175425099138,11.40175425099138,11.40175425099138,12.206555615733702,12.806248474865697,12.806248474865697,12.806248474865697,12.806248474865697,13.601470508735444,12.806248474865697,12.806248474865697,13.601470508735444,14.212670403551895,14.212670403551895,14.866068747318506,16.278820596099706,16.278820596099706,0.0,0.7188299996216245,0.6610431688506869,0.6610431688506869,0.6610431688506869,0.6610431688506869,0.5880026035475675,0.5585993153435624,0.5585993153435624,0.6202494859828215,0.40489178628508343,0.27829965900511133,0.27829965900511133,0.16514867741462683,0.16514867741462683,0.0,0.14189705460416394,0.0,0.0,0.16514867741462683,0.16514867741462683,0.0,0.0,0.0,0.0,-0.14189705460416394,-0.14189705460416394,0.0,0.0,0.0,0.0,0.0,0.0,0.0,0.0,0.0,0.0,0.0,0.5191461142465229,0.4636476090008061,0.5585993153435624,0.5585993153435624,0.507098504392337,0.5880026035475675,0.5880026035475675,0.6435011087932844,0.6610431688506869,0.6610431688506869,0.6610431688506869,0.6610431688506869,0.6107259643892086,0.6747409422235526,0.6747409422235526,0.6747409422235526,0.6747409422235526,0.628796286415433,0.6747409422235526,0.6747409422235526,0.628796286415433,0.6857295109062863,0.6857295109062863,0.7378150601204649,0.7419472680059175,0.7419472680059175
26.115655983994657,router,ba:bd:de:13:68:55,-88,86.08302953778781,64,1.5320048560941175,20.98928011525477,0,0,11,9,11,9,11,9,11,9,10,9,10,8,9,8,8,6,8,6,7,5,7,4,6,4,5,3,5,3,5,2,5,2,4,1,4,1,3,1,3,0,3,1,2,0,1,0,0,-1,0,-1,-1,-2,0,0,0,0,0,0,0,0,0,0,0,0,0,0,0,0,0,0,0,0,0,0,5,6,5,6,5,7,6,7,6,8,6,9,6,9,7,10,7,10,7,11,8,11,8,11,8,11,8,11,8,11,9,11,9,11,9,11,10,11,10,11,11,11,12,11,12,11,13,12,13,12,13,12,0.0,14.212670403551895,14.212670403551895,14.212670403551895,14.212670403551895,13.45362404707371,12.806248474865697,12.041594578792296,10.0,10.0,8.602325267042627,8.06225774829855,7.211102550927978,5.830951894845301,5.830951894845301,5.385164807134504,5.385164807134504,4.123105625617661,4.123105625617661,3.1622776601683795,3.0,3.1622776601683795,2.0,1.0,1.0,1.0,2.23606797749979,0.0,0.0,0.0,0.0,0.0,0.0,0.0,0.0,0.0,0.0,0.0,7.810249675906654,7.810249675906654,8.602325267042627,9.219544457292887,10.0,10.816653826391969,10.816653826391969,12.206555615733702,12.206555615733702,13.038404810405298,13.601470508735444,13.601470508735444,13.601470508735444,13.601470508735444,13.601470508735444,14.212670403551895,14.212670403551895,14.212670403551895,14.866068747318506,14.866068747318506,15.556349186104045,16.278820596099706,16.278820596099706,17.69180601295413,17.69180601295413,17.69180601295413,0.0,0.6857295109062863,0.6857295109062863,0.6857295109062863,0.6857295109062863,0.7328151017865066,0.6747409422235526,0.7266423406817256,0.6435011087932844,0.6435011087932844,0.6202494859828215,0.5191461142465229,0.5880026035475675,0.5404195002705842,0.5404195002705842,0.3805063771123649,0.3805063771123649,0.24497866312686414,0.24497866312686414,0.3217505543966422,0.0,0.3217505543966422,0.0,0.0,-1.5707963267948966,-1.5707963267948966,-2.0344439357957027,0.0,0.0,0.0,0.0,0.0,0.0,0.0,0.0,0.0,0.0,0.0,0.8760580505981934,0.8760580505981934,0.9505468408120752,0.8621700546672264,0.9272952180016122,0.982793723247329,0.982793723247329,0.960070362405688,0.960070362405688,1.0040671092713902,0.9420000403794636,0.9420000403794636,0.9420000403794636,0.9420000403794636,0.9420000403794636,0.8850668158886104,0.8850668158886104,0.8850668158886104,0.8329812666744317,0.8329812666744317,0.7853981633974483,0.7419472680059175,0.7419472680059175,0.7454194762741583,0.7454194762741583,0.7454194762741583
26.226534166999045,router,ba:bd:de:13:68:55,-87,86.08302953778781,64,1.5486935537229745,20.96661187926908,0,0,-16,-3,-17,-2,-17,-1,-16,0,-13,-3,-11,-3,-9,-1,-10,-1,-11,-2,-10,-2,-7,-2,-6,-2,-7,-3,-6,-3,-5,-3,-5,-3,-4,-3,-3,-1,-3,1,-3,0,-3,0,-3,0,-2,0,-1,-1,-1,-1,-2,1,0,0,0,0,0,0,0,0,0,0,0,0,0,0,0,0,0,0,0,0,0,0,-11,-4,-12,-5,-13,-6,-13,-5,-12,-5,-12,-5,-14,-5,-14,-6,-14,-6,-14,-5,-14,-5,-15,-5,-16,-5,-17,-3,-17,-2,-16,-3,-15,-4,-16,-3,-16,-2,-16,-3,-17,-5,-18,-4,-19,-3,-21,-3,-20,-3,-17,-3,0.0,16.278820596099706,17.11724276862369,17.029386365926403,16.0,13.341664064126334,11.40175425099138,9.055385138137417,10.04987562112089,11.180339887498949,10.198039027185569,7.280109889280518,6.324555320336759,7.615773105863909,6.708203932499369,5.830951894845301,5.830951894845301,5.0,3.1622776601683795,3.1622776601683795,3.0,3.0,3.0,2.0,1.4142135623730951,1.4142135623730951,2.23606797749979,0.0,0.0,0.0,0.0,0.0,0.0,0.0,0.0,0.0,0.0,0.0,11.704699910719626,13.0,14.317821063276353,13.92838827718412,13.0,13.0,14.866068747318506,15.231546211727817,15.231546211727817,14.866068747318506,14.866068747318506,15.811388300841896,16.76305461424021,17.26267650163207,17.11724276862369,16.278820596099706,15.524174696260024,16.278820596099706,16.1245154965971,16.278820596099706,17.72004514666935,18.439088914585774,19.235384061671343,21.213203435596427,20.223748416156685,17.26267650163207,0.0,-2.9562447035940984,-3.024483909022929,-3.0828368308740703,3.141592653589793,-2.9147938055359073,-2.875340604438868,-3.0309354324158977,-3.0419240010986313,-2.961739153797315,-2.9441970937399127,-2.8632929945846817,-2.819842099193151,-2.7367008673047097,-2.677945044588987,-2.601173153319209,-2.601173153319209,-2.498091544796509,-2.819842099193151,2.819842099193151,3.141592653589793,3.141592653589793,3.141592653589793,3.141592653589793,-2.356194490192345,-2.356194490192345,2.677945044588987,0.0,0.0,0.0,0.0,0.0,0.0,0.0,0.0,0.0,0.0,0.0,-2.7928216500058864,-2.746801533890032,-2.7091848780192556,-2.774418819771574,-2.746801533890032,-2.746801533890032,-2.79856871316909,-2.7367008673047097,-2.7367008673047097,-2.79856871316909,-2.79856871316909,-2.819842099193151,-2.838707785214822,-2.9669204545815537,-3.024483909022929,-2.9562447035940984,-2.8809902618424523,-2.9562447035940984,-3.017237659043032,-2.9562447035940984,-2.8555412118724752,-2.922923707715851,-2.984990776607778,-2.999695598985629,-2.992702705980296,-2.9669204545815537
26.335110385000007,router,ba:bd:de:13:68:55,-85,86.08302953778781,64,1.5640234463234284,20.92751237429966,0,0,11,-18,11,-20,11,-19,10,-17,9,-16,8,-16,9,-16,9,-15,7,-14,6,-13,6,-12,6,-12,4,-12,4,-11,4,-12,5,-13,5,-12,4,-10,4,-10,5,-9,5,-8,6,-7,5,-5,5,-5,4,-5,4,-3,0,0,0,0,0,0,0,0,0,0,0,0,0,0,0,0,0,0,0,0,0,0,4,-6,4,-6,4,-7,3,-8,4,-8,4,-8,4,-7,5,-8,7,-9,7,-10,7,-11,8,-12,8,-12,8,-13,8,-13,8,-14,8,-15,9,-16,9,-16,9,-16,9,-17,10,-18,11,-18,11,-19,11,-21,11,-20,0.0,21.095023109728988,22.825424421026653,21.95449840010015,19.72308292331602,18.35755975068582,17.88854381999832,18.35755975068582,17.4928556845359,15.652475842498529,14.317821063276353,13.416407864998739,13.416407864998739,12.649110640673518,11.704699910719626,12.649110640673518,13.92838827718412,13.0,10.770329614269007,10.770329614269007,10.295630140987,9.433981132056603,9.219544457292887,7.0710678118654755,7.0710678118654755,6.4031242374328485,5.0,0.0,0.0,0.0,0.0,0.0,0.0,0.0,0.0,0.0,0.0,0.0,7.211102550927978,7.211102550927978,8.06225774829855,8.54400374531753,8.94427190999916,8.94427190999916,8.06225774829855,9.433981132056603,11.40175425099138,12.206555615733702,13.038404810405298,14.422205101855956,14.422205101855956,15.264337522473747,15.264337522473747,16.1245154965971,17.0,18.35755975068582,18.35755975068582,18.35755975068582,19.235384061671343,20.591260281974,21.095023109728988,21.95449840010015,23.706539182259394,22.825424421026653,0.0,-1.0222469243443686,-1.067953115867036,-1.0460005551447893,-1.039072259536091,-1.0584068664841588,-1.1071487177940904,-1.0584068664841588,-1.0303768265243125,-1.1071487177940904,-1.1383885512243588,-1.1071487177940904,-1.1071487177940904,-1.2490457723982544,-1.2220253232109897,-1.2490457723982544,-1.2036224929766774,-1.176005207095135,-1.1902899496825317,-1.1902899496825317,-1.0636978224025597,-1.0121970114513341,-0.8621700546672264,-0.7853981633974483,-0.7853981633974483,-0.8960553845713439,-0.6435011087932844,0.0,0.0,0.0,0.0,0.0,0.0,0.0,0.0,0.0,0.0,0.0,-0.982793723247329,-0.982793723247329,-1.0516502125483738,-1.2120256565243244,-1.1071487177940904,-1.1071487177940904,-1.0516502125483738,-1.0121970114513341,-0.9097531579442097,-0.960070362405688,-1.0040671092713902,-0.982793723247329,-0.982793723247329,-1.0191413442663497,-1.0191413442663497,-1.0516502125483738,-1.0808390005411683,-1.0584068664841588,-1.0584068664841588,-1.0584068664841588,-1.0838970949836275,-1.0636978224025597,-1.0222469243443686,-1.0460005551447893,-1.0882830317724197,-1.067953115867036
26.436767564999172,router,ba:bd:de:13:68:55,-84,86.08302953778781,64,1.575413765407967,20.871325919835332,0,0,0,19,0,19,1,18,1,18,0,18,0,16,0,14,0,14,0,14,-1,13,-2,12,-1,12,-1,12,0,12,0,11,0,10,1,10,1,9,-1,9,-2,8,-2,8,-2,7,-2,7,-1,6,0,5,-2,3,0,0,0,0,0,0,0,0,0,0,0,0,0,0,0,0,0,0,0,0,0,0,0,7,-1,7,-1,8,-2,9,-4,9,-4,10,-3,10,-2,10,-2,10,-2,12,-2,13,-2,13,-1,13,-1,13,-2,14,-2,13,-1,13,0,15,1,17,-1,17,-1,17,1,18,1,19,0,19,0,20,2,21,0.0,19.0,19.0,18.027756377319946,18.027756377319946,18.0,16.0,14.0,14.0,14.0,13.038404810405298,12.165525060596439,12.041594578792296,12.041594578792296,12.0,11.0,10.0,10.04987562112089,9.055385138137417,9.055385138137417,8.246211251235321,8.246211251235321,7.280109889280518,7.280109889280518,6.082762530298219,5.0,3.605551275463989,0.0,0.0,0.0,0.0,0.0,0.0,0.0,0.0,0.0,0.0,0.0,7.0,7.0710678118654755,8.06225774829855,9.219544457292887,9.848857801796104,10.770329614269007,10.44030650891055,10.198039027185569,10.198039027185569,12.165525060596439,13.152946437965905,13.152946437965905,13.038404810405298,13.038404810405298,14.142135623730951,13.152946437965905,13.038404810405298,15.0,17.029386365926403,17.029386365926403,17.029386365926403,18.027756377319946,19.026297590440446,19.0,20.0,21.095023109728988,0.0,1.5707963267948966,1.5707963267948966,1.5152978215491797,1.5152978215491797,1.5707963267948966,1.5707963267948966,1.5707963267948966,1.5707963267948966,1.5707963267948966,1.6475682180646747,1.7359450042095235,1.6539375586833378,1.6539375586833378,1.5707963267948966,1.5707963267948966,1.5707963267948966,1.4711276743037347,1.460139105621001,1.6814535479687922,1.8157749899217608,1.8157749899217608,1.849095985800008,1.849095985800008,1.7359450042095235,1.5707963267948966,2.158798930342464,0.0,0.0,0.0,0.0,0.0,0.0,0.0,0.0,0.0,0.0,0.0,1.5707963267948966,1.7126933813990606,1.695151321341658,1.7894652726688385,1.9890206563741257,1.9513027039072615,1.8622531212727638,1.7681918866447774,1.7681918866447774,1.7359450042095235,1.7234456551901618,1.7234456551901618,1.6475682180646747,1.6475682180646747,1.7126933813990606,1.7234456551901618,1.6475682180646747,1.5707963267948966,1.512040504079174,1.6295521495106193,1.6295521495106193,1.5152978215491797,1.5182132651839548,1.5707963267948966,1.5707963267948966,1.4758446204521403
26.548263719996612,router,ba:bd:de:13:68:55,-85,86.08302953778781,64,1.584420962460992,20.797697622449714,0,0,-6,-18,-4,-18,-2,-19,-2,-19,-3,-17,-3,-16,-3,-17,-3,-16,-3,-15,-4,-15,-4,-14,-4,-13,-4,-13,-4,-13,-4,-13,-3,-12,-2,-12,-2,-11,-2,-11,-2,-11,-1,-9,0,-9,0,-9,0,-9,0,-9,1,-10,0,0,0,0,0,0,0,0,0,0,0,0,0,0,0,0,0,0,0,0,0,0,3,-6,2,-8,0,-9,-1,-11,0,-10,0,-9,1,-9,1,-9,3,-8,2,-9,1,-10,0,-10,0,-11,0,-11,0,-12,-1,-14,-2,-14,-3,-14,-3,-15,-3,-17,-4,-18,-5,-18,-4,-18,-3,-17,-3,-18,-3,-20,0.0,18.973665961010276,18.439088914585774,19.1049731745428,19.1049731745428,17.26267650163207,16.278820596099706,17.26267650163207,16.278820596099706,15.297058540778355,15.524174696260024,14.560219778561036,13.601470508735444,13.601470508735444,13.601470508735444,13.601470508735444,12.36931687685298,12.165525060596439,11.180339887498949,11.180339887498949,11.180339887498949,9.055385138137417,9.0,9.0,9.0,9.0,10.04987562112089,0.0,0.0,0.0,0.0,0.0,0.0,0.0,0.0,0.0,0.0,0.0,6.708203932499369,8.246211251235321,9.0,11.045361017187261,10.0,9.0,9.055385138137417,9.055385138137417,8.54400374531753,9.219544457292887,10.04987562112089,10.0,11.0,11.0,12.0,14.035668847618199,14.142135623730951,14.317821063276353,15.297058540778355,17.26267650163207,18.439088914585774,18.681541692269406,18.439088914585774,17.26267650163207,18.24828759089466,20.223748416156685,0.0,-1.892546881191539,-1.7894652726688385,-1.6756732655251305,-1.6756732655251305,-1.7454685258031364,-1.7561442767905915,-1.7454685258031364,-1.7561442767905915,-1.7681918866447774,-1.8313987185422376,-1.849095985800008,-1.8692952583810758,-1.8692952583810758,-1.8692952583810758,-1.8692952583810758,-1.8157749899217608,-1.7359450042095235,-1.750649826587375,-1.750649826587375,-1.750649826587375,-1.6814535479687922,-1.5707963267948966,-1.5707963267948966,-1.5707963267948966,-1.5707963267948966,-1.4711276743037347,0.0,0.0,0.0,0.0,0.0,0.0,0.0,0.0,0.0,0.0,0.0,-1.1071487177940904,-1.3258176636680326,-1.5707963267948966,-1.6614562139956417,-1.5707963267948966,-1.5707963267948966,-1.460139105621001,-1.460139105621001,-1.2120256565243244,-1.3521273809209546,-1.4711276743037347,-1.5707963267948966,-1.5707963267948966,-1.5707963267948966,-1.5707963267948966,-1.642103791580187,-1.7126933813990606,-1.7818896600176433,-1.7681918866447774,-1.7454685258031364,-1.7894652726688385,-1.8417431771333173,-1.7894652726688385,-1.7454685258031364,-1.7359450042095235,-1.719686274404394
26.656102408996958,router,ba:bd:de:13:68:55,-87,86.08302953778781,64,1.598488456338356,20.706427340409547,0,0,-19,0,-19,0,-18,1,-18,0,-18,1,-17,1,-17,1,-17,1,-17,1,-16,1,-16,1,-15,1,-15,2,-15,1,-15,1,-14,1,-14,1,-14,1,-14,1,-14,1,-14,0,-13,0,-13,1,-13,1,-13,2,-12,2,0,0,0,0,0,0,0,0,0,0,0,0,0,0,0,0,0,0,0,0,0,0,-3,-6,-3,-6,-2,-6,-2,-5,-2,-5,-2,-5,-3,-5,-4,-5,-4,-4,-4,-4,-5,-4,-6,-3,-6,-3,-7,-2,-8,-2,-8,-2,-9,-1,-10,-1,-11,0,-12,-1,-13,0,-14,-1,-14,-1,-15,-1,-15,-1,-16,-2,0.0,19.0,19.0,18.027756377319946,18.0,18.027756377319946,17.029386365926403,17.029386365926403,17.029386365926403,17.029386365926403,16.0312195418814,16.0312195418814,15.033296378372908,15.132745950421556,15.033296378372908,15.033296378372908,14.035668847618199,14.035668847618199,14.035668847618199,14.035668847618199,14.035668847618199,14.0,13.0,13.038404810405298,13.038404810405298,13.152946437965905,12.165525060596439,0.0,0.0,0.0,0.0,0.0,0.0,0.0,0.0,0.0,0.0,0.0,6.708203932499369,6.708203932499369,6.324555320336759,5.385164807134504,5.385164807134504,5.385164807134504,5.830951894845301,6.4031242374328485,5.656854249492381,5.656854249492381,6.4031242374328485,6.708203932499369,6.708203932499369,7.280109889280518,8.246211251235321,8.246211251235321,9.055385138137417,10.04987562112089,11.0,12.041594578792296,13.0,14.035668847618199,14.035668847618199,15.033296378372908,15.033296378372908,16.1245154965971,0.0,3.141592653589793,3.141592653589793,3.0860941483440762,3.141592653589793,3.0860941483440762,3.0828368308740703,3.0828368308740703,3.0828368308740703,3.0828368308740703,3.079173843593836,3.079173843593836,3.0750244898139694,3.0090411212931194,3.0750244898139694,3.0750244898139694,3.070285188804503,3.070285188804503,3.070285188804503,3.070285188804503,3.070285188804503,3.141592653589793,3.141592653589793,3.064820762320015,3.064820762320015,2.988943325194528,2.976443976175166,0.0,0.0,0.0,0.0,0.0,0.0,0.0,0.0,0.0,0.0,0.0,-2.0344439357957027,-2.0344439357957027,-1.892546881191539,-1.9513027039072615,-1.9513027039072615,-1.9513027039072615,-2.1112158270654806,-2.2455372690184494,-2.356194490192345,-2.356194490192345,-2.4668517113662407,-2.677945044588987,-2.677945044588987,-2.8632929945846817,-2.896613990462929,-2.896613990462929,-3.0309354324158977,-3.0419240010986313,3.141592653589793,-3.058451421701352,3.141592653589793,-3.070285188804503,-3.070285188804503,-3.0750244898139694,-3.0750244898139694,-3.017237659043032
26.769746464997297,router,ba:bd:de:13:68:55,-87,86.08302953778781,64,1.6167443200258382,20.597175338867235,0,0,-17,-1,-16,1,-18,3,-19,2,-18,0,-18,-1,-18,-1,-18,-1,-18,-2,-16,-3,-14,-3,-15,-1,-17,0,-16,1,-15,0,-13,-1,-13,-2,-13,-2,-13,-3,-13,-4,-13,-3,-12,-3,-13,-3,-13,-4,-12,-4,-12,-3,0,0,0,0,0,0,0,0,0,0,0,0,0,0,0,0,0,0,0,0,0,0,-2,-4,-4,-3,-4,-2,-2,-2,-2,-2,-3,-2,-3,-4,-5,-3,-6,-1,-6,0,-5,-1,-6,-1,-7,-1,-8,0,-9,1,-9,1,-11,1,-12,1,-11,1,-12,2,-13,2,-13,1,-13,0,-15,0,-16,0,-16,1,0.0,17.029386365926403,16.0312195418814,18.24828759089466,19.1049731745428,18.0,18.027756377319946,18.027756377319946,18.027756377319946,18.110770276274835,16.278820596099706,14.317821063276353,15.033296378372908,17.0,16.0312195418814,15.0,13.038404810405298,13.152946437965905,13.152946437965905,13.341664064126334,13.601470508735444,13.341664064126334,12.36931687685298,13.341664064126334,13.601470508735444,12.649110640673518,12.36931687685298,0.0,0.0,0.0,0.0,0.0,0.0,0.0,0.0,0.0,0.0,0.0,4.47213595499958,5.0,4.47213595499958,2.8284271247461903,2.8284271247461903,3.605551275463989,5.0,5.830951894845301,6.082762530298219,6.0,5.0990195135927845,6.082762530298219,7.0710678118654755,8.0,9.055385138137417,9.055385138137417,11.045361017187261,12.041594578792296,11.045361017187261,12.165525060596439,13.152946437965905,13.038404810405298,13.0,15.0,16.0,16.0312195418814,0.0,-3.0828368308740703,3.079173843593836,2.976443976175166,3.036715714859559,3.141592653589793,-3.0860941483440762,-3.0860941483440762,-3.0860941483440762,-3.0309354324158977,-2.9562447035940984,-2.930499320367047,-3.0750244898139694,3.141592653589793,3.079173843593836,3.141592653589793,-3.064820762320015,-2.988943325194528,-2.988943325194528,-2.9147938055359073,-2.843093722003614,-2.9147938055359073,-2.896613990462929,-2.9147938055359073,-2.843093722003614,-2.819842099193151,-2.896613990462929,0.0,0.0,0.0,0.0,0.0,0.0,0.0,0.0,0.0,0.0,0.0,-2.0344439357957027,-2.498091544796509,-2.677945044588987,-2.356194490192345,-2.356194490192345,-2.5535900500422257,-2.214297435588181,-2.601173153319209,-2.976443976175166,3.141592653589793,-2.9441970937399127,-2.976443976175166,-2.999695598985629,3.141592653589793,3.0309354324158977,3.0309354324158977,3.050932766389048,3.058451421701352,3.050932766389048,2.976443976175166,2.988943325194528,3.064820762320015,3.141592653589793,3.141592653589793,3.141592653589793,3.079173843593836
27.025477667993982,router,ba:bd:de:13:68:55,-89,66.36582519010986,64,1.6294796867187396,20.349045655587435,0,0,13,12,12,11,12,10,12,10,11,10,11,9,10,8,10,8,10,7,9,7,9,7,9,7,9,6,9,6,9,6,8,6,8,6,7,6,6,5,6,4,6,4,6,4,5,4,4,5,4,5,4,5,0,0,0,0,0,0,0,0,0,0,0,0,0,0,0,0,0,0,0,0,0,0,3,4,4,4,4,4,4,4,5,4,5,4,6,4,6,4,7,5,7,6,8,6,8,7,9,7,9,8,10,8,10,9,10,10,11,9,12,9,12,9,12,9,14,10,14,10,15,11,15,11,16,11,0.0,17.69180601295413,16.278820596099706,15.620499351813308,15.620499351813308,14.866068747318506,14.212670403551895,12.806248474865697,12.806248474865697,12.206555615733702,11.40175425099138,11.40175425099138,11.40175425099138,10.816653826391969,10.816653826391969,10.816653826391969,10.0,10.0,9.219544457292887,7.810249675906654,7.211102550927978,7.211102550927978,7.211102550927978,6.4031242374328485,6.4031242374328485,6.4031242374328485,6.4031242374328485,0.0,0.0,0.0,0.0,0.0,0.0,0.0,0.0,0.0,0.0,0.0,5.0,5.656854249492381,5.656854249492381,5.656854249492381,6.4031242374328485,6.4031242374328485,7.211102550927978,7.211102550927978,8.602325267042627,9.219544457292887,10.0,10.63014581273465,11.40175425099138,12.041594578792296,12.806248474865697,13.45362404707371,14.142135623730951,14.212670403551895,15.0,15.0,15.0,17.204650534085253,17.204650534085253,18.601075237738275,18.601075237738275,19.4164878389476,0.0,0.7454194762741583,0.7419472680059175,0.6947382761967031,0.6947382761967031,0.7378150601204649,0.6857295109062863,0.6747409422235526,0.6747409422235526,0.6107259643892086,0.6610431688506869,0.6610431688506869,0.6610431688506869,0.5880026035475675,0.5880026035475675,0.5880026035475675,0.6435011087932844,0.6435011087932844,0.7086262721276703,0.6947382761967031,0.5880026035475675,0.5880026035475675,0.5880026035475675,0.6747409422235526,0.8960553845713439,0.8960553845713439,0.8960553845713439,0.0,0.0,0.0,0.0,0.0,0.0,0.0,0.0,0.0,0.0,0.0,0.9272952180016122,0.7853981633974483,0.7853981633974483,0.7853981633974483,0.6747409422235526,0.6747409422235526,0.5880026035475675,0.5880026035475675,0.6202494859828215,0.7086262721276703,0.6435011087932844,0.7188299996216245,0.6610431688506869,0.7266423406817256,0.6747409422235526,0.7328151017865066,0.7853981633974483,0.6857295109062863,0.6435011087932844,0.6435011087932844,0.6435011087932844,0.6202494859828215,0.6202494859828215,0.6327488350021832,0.6327488350021832,0.6022873461349642
27.136053999995056,router,ba:bd:de:13:68:55,-88,66.36582519010986,64,1.6366822284570237,20.153349683194364,0,0,-13,10,-13,10,-13,9,-13,8,-12,7,-12,7,-11,6,-11,5,-11,4,-11,4,-10,3,-10,3,-9,3,-8,2,-8,2,-8,2,-7,1,-6,1,-5,0,-5,-1,-5,-2,-4,-2,-3,-1,-3,-2,-2,-1,-2,-1,0,0,0,0,0,0,0,0,0,0,0,0,0,0,0,0,0,0,0,0,0,0,-5,8,-5,8,-5,8,-5,8,-6,8,-6,8,-7,8,-7,8,-7,9,-7,9,-8,9,-8,10,-8,10,-8,10,-8,11,-9,11,-10,12,-11,12,-11,13,-11,13,-12,13,-12,13,-12,13,-12,13,-11,13,-11,12,0.0,16.401219466856727,16.401219466856727,15.811388300841896,15.264337522473747,13.892443989449804,13.892443989449804,12.529964086141668,12.083045973594572,11.704699910719626,11.704699910719626,10.44030650891055,10.44030650891055,9.486832980505138,8.246211251235321,8.246211251235321,8.246211251235321,7.0710678118654755,6.082762530298219,5.0,5.0990195135927845,5.385164807134504,4.47213595499958,3.1622776601683795,3.605551275463989,2.23606797749979,2.23606797749979,0.0,0.0,0.0,0.0,0.0,0.0,0.0,0.0,0.0,0.0,0.0,9.433981132056603,9.433981132056603,9.433981132056603,9.433981132056603,10.0,10.0,10.63014581273465,10.63014581273465,11.40175425099138,11.40175425099138,12.041594578792296,12.806248474865697,12.806248474865697,12.806248474865697,13.601470508735444,14.212670403551895,15.620499351813308,16.278820596099706,17.029386365926403,17.029386365926403,17.69180601295413,17.69180601295413,17.69180601295413,17.69180601295413,17.029386365926403,16.278820596099706,0.0,2.485897027348257,2.485897027348257,2.5360479899848234,2.5899376710612465,2.6135182051634334,2.6135182051634334,2.642245931909663,2.714965160462917,2.7928216500058864,2.7928216500058864,2.8501358591119264,2.8501358591119264,2.819842099193151,2.896613990462929,2.896613990462929,2.896613990462929,2.999695598985629,2.976443976175166,3.141592653589793,-2.9441970937399127,-2.761086276477428,-2.677945044588987,-2.819842099193151,-2.5535900500422257,-2.677945044588987,-2.677945044588987,0.0,0.0,0.0,0.0,0.0,0.0,0.0,0.0,0.0,0.0,0.0,2.129395642138459,2.129395642138459,2.129395642138459,2.129395642138459,2.214297435588181,2.214297435588181,2.289626326416521,2.289626326416521,2.2318394956455836,2.2318394956455836,2.297438667476622,2.2455372690184494,2.2455372690184494,2.2455372690184494,2.1995926132103296,2.256525837701183,2.2655346029916,2.312743594800814,2.2730532583039036,2.2730532583039036,2.316215803069055,2.316215803069055,2.316215803069055,2.316215803069055,2.2730532583039036,2.312743594800814
27.286765508993994,router,ba:bd:de:13:68:55,-88,66.36582519010986,64,1.6440654330926765,19.992130409629436,0,0,-19,7,-18,6,-17,5,-16,5,-16,4,-15,4,-14,3,-12,3,-12,3,-11,4,-11,4,-10,4,-9,4,-8,4,-8,4,-7,4,-7,4,-6,4,-5,4,-4,4,-4,4,-4,3,-3,2,-3,1,-3,0,-3,-1,0,0,0,0,0,0,0,0,0,0,0,0,0,0,0,0,0,0,0,0,0,0,-11,2,-11,2,-11,2,-11,1,-11,1,-12,2,-13,2,-13,2,-14,2,-14,2,-14,1,-15,2,-15,3,-16,3,-16,3,-16,3,-16,3,-16,4,-16,4,-16,4,-16,5,-17,5,-18,4,-19,4,-19,5,-20,4,0.0,20.248456731316587,18.973665961010276,17.72004514666935,16.76305461424021,16.492422502470642,15.524174696260024,14.317821063276353,12.36931687685298,12.36931687685298,11.704699910719626,11.704699910719626,10.770329614269007,9.848857801796104,8.94427190999916,8.94427190999916,8.06225774829855,8.06225774829855,7.211102550927978,6.4031242374328485,5.656854249492381,5.656854249492381,5.0,3.605551275463989,3.1622776601683795,3.0,3.1622776601683795,0.0,0.0,0.0,0.0,0.0,0.0,0.0,0.0,0.0,0.0,0.0,11.180339887498949,11.180339887498949,11.180339887498949,11.045361017187261,11.045361017187261,12.165525060596439,13.152946437965905,13.152946437965905,14.142135623730951,14.142135623730951,14.035668847618199,15.132745950421556,15.297058540778355,16.278820596099706,16.278820596099706,16.278820596099706,16.278820596099706,16.492422502470642,16.492422502470642,16.492422502470642,16.76305461424021,17.72004514666935,18.439088914585774,19.4164878389476,19.6468827043885,20.396078054371138,0.0,2.788602265762883,2.819842099193151,2.8555412118724752,2.838707785214822,2.896613990462929,2.8809902618424523,2.930499320367047,2.896613990462929,2.896613990462929,2.7928216500058864,2.7928216500058864,2.761086276477428,2.723368324010564,2.677945044588987,2.677945044588987,2.62244653934327,2.62244653934327,2.5535900500422257,2.4668517113662407,2.356194490192345,2.356194490192345,2.498091544796509,2.5535900500422257,2.819842099193151,3.141592653589793,-2.819842099193151,0.0,0.0,0.0,0.0,0.0,0.0,0.0,0.0,0.0,0.0,0.0,2.961739153797315,2.961739153797315,2.961739153797315,3.050932766389048,3.050932766389048,2.976443976175166,2.988943325194528,2.988943325194528,2.999695598985629,2.999695598985629,3.070285188804503,3.0090411212931194,2.9441970937399127,2.9562447035940984,2.9562447035940984,2.9562447035940984,2.9562447035940984,2.896613990462929,2.896613990462929,2.896613990462929,2.838707785214822,2.8555412118724752,2.922923707715851,2.9340964271545906,2.8842689386187046,2.9441970937399127
27.395561972996802,router,ba:bd:de:13:68:55,-87,66.36582519010986,64,1.6509707464212515,19.865005555339906,0,0,2,-17,2,-17,2,-16,3,-16,3,-15,2,-14,1,-14,1,-13,0,-12,-1,-12,-1,-11,-1,-11,-3,-10,-3,-9,-3,-9,-3,-8,-4,-7,-5,-7,-5,-6,-6,-6,-6,-6,-5,-6,-5,-6,-5,-5,-4,-6,-4,-6,0,0,0,0,0,0,0,0,0,0,0,0,0,0,0,0,0,0,0,0,0,0,7,-9,7,-9,7,-9,7,-9,8,-9,8,-10,8,-11,9,-11,9,-11,9,-12,10,-13,10,-13,10,-13,10,-14,10,-14,10,-13,10,-14,10,-15,10,-15,9,-15,9,-16,9,-17,8,-18,9,-18,9,-18,9,-19,0.0,17.11724276862369,17.11724276862369,16.1245154965971,16.278820596099706,15.297058540778355,14.142135623730951,14.035668847618199,13.038404810405298,12.0,12.041594578792296,11.045361017187261,11.045361017187261,10.44030650891055,9.486832980505138,9.486832980505138,8.54400374531753,8.06225774829855,8.602325267042627,7.810249675906654,8.48528137423857,8.48528137423857,7.810249675906654,7.810249675906654,7.0710678118654755,7.211102550927978,7.211102550927978,0.0,0.0,0.0,0.0,0.0,0.0,0.0,0.0,0.0,0.0,0.0,11.40175425099138,11.40175425099138,11.40175425099138,11.40175425099138,12.041594578792296,12.806248474865697,13.601470508735444,14.212670403551895,14.212670403551895,15.0,16.401219466856727,16.401219466856727,16.401219466856727,17.204650534085253,17.204650534085253,16.401219466856727,17.204650534085253,18.027756377319946,18.027756377319946,17.4928556845359,18.35755975068582,19.235384061671343,19.697715603592208,20.12461179749811,20.12461179749811,21.02379604162864,0.0,-1.4536875822280324,-1.4536875822280324,-1.446441332248135,-1.3854483767992019,-1.373400766945016,-1.4288992721907328,-1.4994888620096063,-1.4940244355251187,-1.5707963267948966,-1.6539375586833378,-1.6614562139956417,-1.6614562139956417,-1.8622531212727638,-1.892546881191539,-1.892546881191539,-1.9295669970654687,-2.0899424410414196,-2.191045812777718,-2.2655346029916,-2.356194490192345,-2.356194490192345,-2.2655346029916,-2.2655346029916,-2.356194490192345,-2.158798930342464,-2.158798930342464,0.0,0.0,0.0,0.0,0.0,0.0,0.0,0.0,0.0,0.0,0.0,-0.9097531579442097,-0.9097531579442097,-0.9097531579442097,-0.9097531579442097,-0.844153986113171,-0.8960553845713439,-0.9420000403794636,-0.8850668158886104,-0.8850668158886104,-0.9272952180016122,-0.9151007005533605,-0.9151007005533605,-0.9151007005533605,-0.9505468408120752,-0.9505468408120752,-0.9151007005533605,-0.9505468408120752,-0.982793723247329,-0.982793723247329,-1.0303768265243125,-1.0584068664841588,-1.0838970949836275,-1.1525719972156676,-1.1071487177940904,-1.1071487177940904,-1.1284221038181517
27.50580810399697,router,ba:bd:de:13:68:55,-85,66.36582519010986,64,1.656899414996707,19.760480768635784,0,0,-10,-15,-9,-14,-8,-12,-8,-12,-6,-12,-5,-10,-5,-10,-6,-10,-7,-9,-6,-8,-6,-7,-5,-7,-6,-7,-6,-7,-6,-7,-7,-6,-7,-5,-6,-5,-6,-3,-7,-3,-7,-4,-7,-4,-7,-3,-6,-3,-6,-3,-6,-3,0,0,0,0,0,0,0,0,0,0,0,0,0,0,0,0,0,0,0,0,0,0,-4,-10,-2,-9,-3,-10,-4,-10,-5,-11,-4,-11,-4,-11,-2,-13,-2,-15,-3,-16,-2,-15,-3,-12,-6,-11,-6,-11,-4,-11,-4,-13,-4,-14,-5,-15,-5,-16,-5,-16,-5,-15,-7,-15,-7,-17,-7,-17,-9,-17,-7,-17,0.0,18.027756377319946,16.64331697709324,14.422205101855956,14.422205101855956,13.416407864998739,11.180339887498949,11.180339887498949,11.661903789690601,11.40175425099138,10.0,9.219544457292887,8.602325267042627,9.219544457292887,9.219544457292887,9.219544457292887,9.219544457292887,8.602325267042627,7.810249675906654,6.708203932499369,7.615773105863909,8.06225774829855,8.06225774829855,7.615773105863909,6.708203932499369,6.708203932499369,6.708203932499369,0.0,0.0,0.0,0.0,0.0,0.0,0.0,0.0,0.0,0.0,0.0,10.770329614269007,9.219544457292887,10.44030650891055,10.770329614269007,12.083045973594572,11.704699910719626,11.704699910719626,13.152946437965905,15.132745950421556,16.278820596099706,15.132745950421556,12.36931687685298,12.529964086141668,12.529964086141668,11.704699910719626,13.601470508735444,14.560219778561036,15.811388300841896,16.76305461424021,16.76305461424021,15.811388300841896,16.55294535724685,18.384776310850235,18.384776310850235,19.235384061671343,18.384776310850235,0.0,-2.158798930342464,-2.1421338066285234,-2.158798930342464,-2.158798930342464,-2.0344439357957027,-2.0344439357957027,-2.0344439357957027,-2.1112158270654806,-2.2318394956455836,-2.214297435588181,-2.279422598922567,-2.191045812777718,-2.279422598922567,-2.279422598922567,-2.279422598922567,-2.432966381462123,-2.5213431676069717,-2.44685437739309,-2.677945044588987,-2.7367008673047097,-2.62244653934327,-2.62244653934327,-2.7367008673047097,-2.677945044588987,-2.677945044588987,-2.677945044588987,0.0,0.0,0.0,0.0,0.0,0.0,0.0,0.0,0.0,0.0,0.0,-1.9513027039072615,-1.7894652726688385,-1.8622531212727638,-1.9513027039072615,-1.9974238199217726,-1.9195673303788037,-1.9195673303788037,-1.7234456551901618,-1.7033478590915707,-1.7561442767905915,-1.7033478590915707,-1.8157749899217608,-2.0701430484750265,-2.0701430484750265,-1.9195673303788037,-1.8692952583810758,-1.849095985800008,-1.892546881191539,-1.873681195169868,-1.873681195169868,-1.892546881191539,-2.007423486608438,-1.9614033704925835,-1.9614033704925835,-2.0576955586061656,-1.9614033704925835
27.618753979993926,router,ba:bd:de:13:68:55,-84,66.36582519010986,64,1.6621087052209003,19.671250851539167,0,0,-17,3,-18,2,-17,1,-16,1,-16,2,-14,1,-12,2,-11,2,-10,2,-10,2,-9,3,-9,3,-9,2,-9,2,-7,3,-6,3,-6,3,-5,4,-5,3,-4,3,-5,3,-5,3,-5,4,-4,4,-4,2,-4,0,0,0,0,0,0,0,0,0,0,0,0,0,0,0,0,0,0,0,0,0,0,0,-8,0,-9,0,-10,0,-11,0,-12,0,-13,1,-12,1,-13,0,-13,-1,-14,-1,-16,-1,-17,0,-16,0,-15,-1,-15,-1,-15,-1,-15,0,-16,0,-17,0,-17,-1,-18,-1,-18,0,-18,0,-18,1,-17,0,-18,-1,0.0,17.26267650163207,18.110770276274835,17.029386365926403,16.0312195418814,16.1245154965971,14.035668847618199,12.165525060596439,11.180339887498949,10.198039027185569,10.198039027185569,9.486832980505138,9.486832980505138,9.219544457292887,9.219544457292887,7.615773105863909,6.708203932499369,6.708203932499369,6.4031242374328485,5.830951894845301,5.0,5.830951894845301,5.830951894845301,6.4031242374328485,5.656854249492381,4.47213595499958,4.0,0.0,0.0,0.0,0.0,0.0,0.0,0.0,0.0,0.0,0.0,0.0,8.0,9.0,10.0,11.0,12.0,13.038404810405298,12.041594578792296,13.0,13.038404810405298,14.035668847618199,16.0312195418814,17.0,16.0,15.033296378372908,15.033296378372908,15.033296378372908,15.0,16.0,17.0,17.029386365926403,18.027756377319946,18.0,18.0,18.027756377319946,17.0,18.027756377319946,0.0,2.9669204545815537,3.0309354324158977,3.0828368308740703,3.079173843593836,3.017237659043032,3.070285188804503,2.976443976175166,2.961739153797315,2.9441970937399127,2.9441970937399127,2.819842099193151,2.819842099193151,2.922923707715851,2.922923707715851,2.7367008673047097,2.677945044588987,2.677945044588987,2.4668517113662407,2.601173153319209,2.498091544796509,2.601173153319209,2.601173153319209,2.4668517113662407,2.356194490192345,2.677945044588987,3.141592653589793,0.0,0.0,0.0,0.0,0.0,0.0,0.0,0.0,0.0,0.0,0.0,3.141592653589793,3.141592653589793,3.141592653589793,3.141592653589793,3.141592653589793,3.064820762320015,3.058451421701352,3.141592653589793,-3.064820762320015,-3.070285188804503,-3.079173843593836,3.141592653589793,3.141592653589793,-3.0750244898139694,-3.0750244898139694,-3.0750244898139694,3.141592653589793,3.141592653589793,3.141592653589793,-3.0828368308740703,-3.0860941483440762,3.141592653589793,3.141592653589793,3.0860941483440762,3.141592653589793,-3.0860941483440762
27.724243887998455,router,ba:bd:de:13:68:55,-82,66.36582519010986,64,1.6653468331146213,19.592674956130363,0,0,-18,3,-17,1,-17,1,-18,1,-17,0,-15,-1,-14,0,-13,1,-12,1,-12,1,-11,1,-10,1,-10,1,-9,0,-8,1,-8,2,-9,2,-9,1,-9,2,-8,2,-7,2,-7,0,-7,0,-6,1,-5,2,-7,2,0,0,0,0,0,0,0,0,0,0,0,0,0,0,0,0,0,0,0,0,0,0,-10,0,-10,1,-10,1,-11,1,-12,1,-13,0,-13,0,-14,0,-14,0,-15,0,-14,-1,-15,-1,-15,-1,-14,0,-15,-1,-17,0,-17,1,-17,0,-17,0,-18,0,-18,0,-19,0,-20,0,-20,0,-21,-1,-21,0,0.0,18.24828759089466,17.029386365926403,17.029386365926403,18.027756377319946,17.0,15.033296378372908,14.0,13.038404810405298,12.041594578792296,12.041594578792296,11.045361017187261,10.04987562112089,10.04987562112089,9.0,8.06225774829855,8.246211251235321,9.219544457292887,9.055385138137417,9.219544457292887,8.246211251235321,7.280109889280518,7.0,7.0,6.082762530298219,5.385164807134504,7.280109889280518,0.0,0.0,0.0,0.0,0.0,0.0,0.0,0.0,0.0,0.0,0.0,10.0,10.04987562112089,10.04987562112089,11.045361017187261,12.041594578792296,13.0,13.0,14.0,14.0,15.0,14.035668847618199,15.033296378372908,15.033296378372908,14.0,15.033296378372908,17.0,17.029386365926403,17.0,17.0,18.0,18.0,19.0,20.0,20.0,21.02379604162864,21.0,0.0,2.976443976175166,3.0828368308740703,3.0828368308740703,3.0860941483440762,3.141592653589793,-3.0750244898139694,3.141592653589793,3.064820762320015,3.058451421701352,3.058451421701352,3.050932766389048,3.0419240010986313,3.0419240010986313,3.141592653589793,3.017237659043032,2.896613990462929,2.922923707715851,3.0309354324158977,2.922923707715851,2.896613990462929,2.8632929945846817,3.141592653589793,3.141592653589793,2.976443976175166,2.761086276477428,2.8632929945846817,0.0,0.0,0.0,0.0,0.0,0.0,0.0,0.0,0.0,0.0,0.0,3.141592653589793,3.0419240010986313,3.0419240010986313,3.050932766389048,3.058451421701352,3.141592653589793,3.141592653589793,3.141592653589793,3.141592653589793,3.141592653589793,-3.070285188804503,-3.0750244898139694,-3.0750244898139694,3.141592653589793,-3.0750244898139694,3.141592653589793,3.0828368308740703,3.141592653589793,3.141592653589793,3.141592653589793,3.141592653589793,3.141592653589793,3.141592653589793,3.141592653589793,-3.0940095503128098,3.141592653589793
27.82588587799546,router,ba:bd:de:13:68:55,-85,66.36582519010986,64,1.6671967431220986,19.521657380682107,0,0,-14,-11,-14,-13,-12,-12,-12,-10,-12,-10,-11,-10,-10,-9,-10,-8,-10,-7,-10,-7,-9,-7,-9,-6,-9,-5,-9,-5,-10,-5,-11,-4,-10,-4,-8,-3,-6,-4,-7,-4,-7,-3,-7,-2,-7,-2,-7,-3,-6,-4,-3,-6,0,0,0,0,0,0,0,0,0,0,0,0,0,0,0,0,0,0,0,0,0,0,-5,-9,-5,-9,-5,-8,-6,-8,-7,-9,-6,-9,-6,-9,-7,-10,-7,-12,-7,-12,-7,-12,-7,-12,-7,-12,-8,-11,-9,-11,-8,-11,-8,-12,-10,-13,-10,-13,-12,-13,-12,-13,-11,-14,-12,-14,-13,-14,-13,-14,-12,-14,0.0,17.804493814764857,19.1049731745428,16.97056274847714,15.620499351813308,15.620499351813308,14.866068747318506,13.45362404707371,12.806248474865697,12.206555615733702,12.206555615733702,11.40175425099138,10.816653826391969,10.295630140987,10.295630140987,11.180339887498949,11.704699910719626,10.770329614269007,8.54400374531753,7.211102550927978,8.06225774829855,7.615773105863909,7.280109889280518,7.280109889280518,7.615773105863909,7.211102550927978,6.708203932499369,0.0,0.0,0.0,0.0,0.0,0.0,0.0,0.0,0.0,0.0,0.0,10.295630140987,10.295630140987,9.433981132056603,10.0,11.40175425099138,10.816653826391969,10.816653826391969,12.206555615733702,13.892443989449804,13.892443989449804,13.892443989449804,13.892443989449804,13.892443989449804,13.601470508735444,14.212670403551895,13.601470508735444,14.422205101855956,16.401219466856727,16.401219466856727,17.69180601295413,17.69180601295413,17.804493814764857,18.439088914585774,19.1049731745428,19.1049731745428,18.439088914585774,0.0,-2.4756234162106834,-2.393214606066275,-2.356194490192345,-2.44685437739309,-2.44685437739309,-2.403777593469328,-2.408777551803287,-2.4668517113662407,-2.5308666892005847,-2.5308666892005847,-2.4805494847391065,-2.5535900500422257,-2.6344941491974563,-2.6344941491974563,-2.677945044588987,-2.7928216500058864,-2.761086276477428,-2.782821983319221,-2.5535900500422257,-2.62244653934327,-2.7367008673047097,-2.8632929945846817,-2.8632929945846817,-2.7367008673047097,-2.5535900500422257,-2.0344439357957027,0.0,0.0,0.0,0.0,0.0,0.0,0.0,0.0,0.0,0.0,0.0,-2.0778948311872334,-2.0778948311872334,-2.129395642138459,-2.214297435588181,-2.2318394956455836,-2.158798930342464,-2.158798930342464,-2.1815222911841055,-2.0988707752212563,-2.0988707752212563,-2.0988707752212563,-2.0988707752212563,-2.0988707752212563,-2.1995926132103296,-2.256525837701183,-2.1995926132103296,-2.158798930342464,-2.2264919530364327,-2.2264919530364327,-2.316215803069055,-2.316215803069055,-2.2367655641740063,-2.279422598922567,-2.3191743743184148,-2.3191743743184148,-2.279422598922567
27.93262357200001,router,ba:bd:de:13:68:55,-87,66.36582519010986,64,1.672773165208052,19.455996167807196,0,0,-14,13,-14,12,-13,10,-12,10,-11,11,-9,9,-7,8,-7,7,-7,7,-6,7,-4,7,-3,7,-5,6,-5,5,-4,3,-2,4,-2,5,-3,2,-2,0,-1,1,-1,2,-1,2,-1,3,-1,3,-1,1,-1,-3,0,0,0,0,0,0,0,0,0,0,0,0,0,0,0,0,0,0,0,0,0,0,-9,4,-9,4,-9,4,-9,3,-9,4,-9,4,-10,4,-12,4,-12,5,-13,6,-13,6,-12,6,-11,6,-11,6,-12,6,-12,7,-13,8,-14,9,-14,9,-13,10,-12,11,-12,10,-12,10,-13,11,-14,12,-15,11,0.0,19.1049731745428,18.439088914585774,16.401219466856727,15.620499351813308,15.556349186104045,12.727922061357855,10.63014581273465,9.899494936611665,9.899494936611665,9.219544457292887,8.06225774829855,7.615773105863909,7.810249675906654,7.0710678118654755,5.0,4.47213595499958,5.385164807134504,3.605551275463989,2.0,1.4142135623730951,2.23606797749979,2.23606797749979,3.1622776601683795,3.1622776601683795,1.4142135623730951,3.1622776601683795,0.0,0.0,0.0,0.0,0.0,0.0,0.0,0.0,0.0,0.0,0.0,9.848857801796104,9.848857801796104,9.848857801796104,9.486832980505138,9.848857801796104,9.848857801796104,10.770329614269007,12.649110640673518,13.0,14.317821063276353,14.317821063276353,13.416407864998739,12.529964086141668,12.529964086141668,13.416407864998739,13.892443989449804,15.264337522473747,16.64331697709324,16.64331697709324,16.401219466856727,16.278820596099706,15.620499351813308,15.620499351813308,17.029386365926403,18.439088914585774,18.601075237738275,0.0,2.393214606066275,2.432966381462123,2.485897027348257,2.44685437739309,2.356194490192345,2.356194490192345,2.289626326416521,2.356194490192345,2.356194490192345,2.279422598922567,2.0899424410414196,1.97568811307998,2.2655346029916,2.356194490192345,2.498091544796509,2.0344439357957027,1.9513027039072615,2.5535900500422257,3.141592653589793,2.356194490192345,2.0344439357957027,2.0344439357957027,1.892546881191539,1.892546881191539,2.356194490192345,-1.892546881191539,0.0,0.0,0.0,0.0,0.0,0.0,0.0,0.0,0.0,0.0,0.0,2.723368324010564,2.723368324010564,2.723368324010564,2.819842099193151,2.723368324010564,2.723368324010564,2.761086276477428,2.819842099193151,2.746801533890032,2.7091848780192556,2.7091848780192556,2.677945044588987,2.642245931909663,2.642245931909663,2.677945044588987,2.6135182051634334,2.5899376710612465,2.5702551737561663,2.5702551737561663,2.485897027348257,2.399645385583876,2.44685437739309,2.44685437739309,2.439335722080786,2.432966381462123,2.5088438185876103
28.050090810997062,router,ba:bd:de:13:68:55,-85,75.15057486359318,64,1.6777352391594302,19.478053779358415,0,0,12,12,11,13,9,13,8,11,7,8,8,8,7,9,6,10,4,9,5,9,6,8,7,7,6,7,6,6,5,5,6,5,6,4,6,3,5,3,5,3,6,3,6,4,5,3,3,3,3,3,5,1,0,0,0,0,0,0,0,0,0,0,0,0,0,0,0,0,0,0,0,0,0,0,5,3,6,5,7,6,7,7,7,8,9,9,10,9,9,9,7,10,8,9,8,9,8,10,8,10,8,10,8,10,8,10,8,11,8,11,9,13,10,13,10,13,10,12,11,11,11,12,12,13,13,13,0.0,16.97056274847714,17.029386365926403,15.811388300841896,13.601470508735444,10.63014581273465,11.313708498984761,11.40175425099138,11.661903789690601,9.848857801796104,10.295630140987,10.0,9.899494936611665,9.219544457292887,8.48528137423857,7.0710678118654755,7.810249675906654,7.211102550927978,6.708203932499369,5.830951894845301,5.830951894845301,6.708203932499369,7.211102550927978,5.830951894845301,4.242640687119285,4.242640687119285,5.0990195135927845,0.0,0.0,0.0,0.0,0.0,0.0,0.0,0.0,0.0,0.0,0.0,5.830951894845301,7.810249675906654,9.219544457292887,9.899494936611665,10.63014581273465,12.727922061357855,13.45362404707371,12.727922061357855,12.206555615733702,12.041594578792296,12.041594578792296,12.806248474865697,12.806248474865697,12.806248474865697,12.806248474865697,12.806248474865697,13.601470508735444,13.601470508735444,15.811388300841896,16.401219466856727,16.401219466856727,15.620499351813308,15.556349186104045,16.278820596099706,17.69180601295413,18.384776310850235,0.0,0.7853981633974483,0.8685393952858895,0.9652516631899266,0.9420000403794636,0.8519663271732721,0.7853981633974483,0.9097531579442097,1.0303768265243125,1.1525719972156676,1.0636978224025597,0.9272952180016122,0.7853981633974483,0.8621700546672264,0.7853981633974483,0.7853981633974483,0.6947382761967031,0.5880026035475675,0.4636476090008061,0.5404195002705842,0.5404195002705842,0.4636476090008061,0.5880026035475675,0.5404195002705842,0.7853981633974483,0.7853981633974483,0.19739555984988075,0.0,0.0,0.0,0.0,0.0,0.0,0.0,0.0,0.0,0.0,0.0,0.5404195002705842,0.6947382761967031,0.7086262721276703,0.7853981633974483,0.8519663271732721,0.7853981633974483,0.7328151017865066,0.7853981633974483,0.960070362405688,0.844153986113171,0.844153986113171,0.8960553845713439,0.8960553845713439,0.8960553845713439,0.8960553845713439,0.8960553845713439,0.9420000403794636,0.9420000403794636,0.9652516631899266,0.9151007005533605,0.9151007005533605,0.8760580505981934,0.7853981633974483,0.8288490587889792,0.8253768505207384,0.7853981633974483
28.155406181998842,router,ba:bd:de:13:68:55,-83,75.15057486359318,64,1.6822237461049911,19.519645712359235,0,0,-17,2,-16,1,-17,1,-16,2,-15,3,-13,3,-12,2,-13,2,-12,1,-10,1,-9,1,-8,2,-8,3,-8,3,-9,2,-8,2,-7,2,-7,1,-6,1,-5,1,-4,0,-5,0,-5,1,-4,1,-3,1,-4,0,0,0,0,0,0,0,0,0,0,0,0,0,0,0,0,0,0,0,0,0,0,0,-8,2,-10,1,-12,0,-13,0,-12,0,-12,0,-12,1,-14,2,-15,2,-15,1,-15,-1,-15,0,-16,1,-15,2,-14,3,-15,3,-16,2,-16,2,-16,2,-16,2,-16,2,-16,3,-17,4,-19,5,-19,5,-18,4,0.0,17.11724276862369,16.0312195418814,17.029386365926403,16.1245154965971,15.297058540778355,13.341664064126334,12.165525060596439,13.152946437965905,12.041594578792296,10.04987562112089,9.055385138137417,8.246211251235321,8.54400374531753,8.54400374531753,9.219544457292887,8.246211251235321,7.280109889280518,7.0710678118654755,6.082762530298219,5.0990195135927845,4.0,5.0,5.0990195135927845,4.123105625617661,3.1622776601683795,4.0,0.0,0.0,0.0,0.0,0.0,0.0,0.0,0.0,0.0,0.0,0.0,8.246211251235321,10.04987562112089,12.0,13.0,12.0,12.0,12.041594578792296,14.142135623730951,15.132745950421556,15.033296378372908,15.033296378372908,15.0,16.0312195418814,15.132745950421556,14.317821063276353,15.297058540778355,16.1245154965971,16.1245154965971,16.1245154965971,16.1245154965971,16.1245154965971,16.278820596099706,17.46424919657298,19.6468827043885,19.6468827043885,18.439088914585774,0.0,3.024483909022929,3.079173843593836,3.0828368308740703,3.017237659043032,2.9441970937399127,2.9147938055359073,2.976443976175166,2.988943325194528,3.058451421701352,3.0419240010986313,3.0309354324158977,2.896613990462929,2.782821983319221,2.782821983319221,2.922923707715851,2.896613990462929,2.8632929945846817,2.999695598985629,2.976443976175166,2.9441970937399127,3.141592653589793,3.141592653589793,2.9441970937399127,2.896613990462929,2.819842099193151,3.141592653589793,0.0,0.0,0.0,0.0,0.0,0.0,0.0,0.0,0.0,0.0,0.0,2.896613990462929,3.0419240010986313,3.141592653589793,3.141592653589793,3.141592653589793,3.141592653589793,3.058451421701352,2.999695598985629,3.0090411212931194,3.0750244898139694,-3.0750244898139694,3.141592653589793,3.079173843593836,3.0090411212931194,2.930499320367047,2.9441970937399127,3.017237659043032,3.017237659043032,3.017237659043032,3.017237659043032,3.017237659043032,2.9562447035940984,2.9105019863938963,2.8842689386187046,2.8842689386187046,2.922923707715851
28.26527278699359,router,ba:bd:de:13:68:55,-88,75.15057486359318,64,1.688920200116206,19.593612451640574,0,0,1,-17,2,-16,1,-16,1,-15,1,-13,2,-13,1,-12,1,-11,0,-10,0,-9,0,-8,-1,-8,-1,-7,-1,-6,-2,-5,-2,-5,-2,-4,-2,-4,-2,-4,-2,-3,-2,-3,-2,-2,-2,-1,-2,-1,-2,0,-3,1,0,0,0,0,0,0,0,0,0,0,0,0,0,0,0,0,0,0,0,0,0,0,5,-9,5,-9,5,-9,5,-10,5,-10,5,-10,5,-10,5,-11,5,-12,5,-12,5,-12,5,-13,5,-13,5,-14,5,-14,5,-15,4,-15,4,-16,4,-16,4,-17,4,-17,4,-17,4,-18,4,-18,4,-18,5,-19,0.0,17.029386365926403,16.1245154965971,16.0312195418814,15.033296378372908,13.038404810405298,13.152946437965905,12.041594578792296,11.045361017187261,10.0,9.0,8.0,8.06225774829855,7.0710678118654755,6.082762530298219,5.385164807134504,5.385164807134504,4.47213595499958,4.47213595499958,4.47213595499958,3.605551275463989,3.605551275463989,2.8284271247461903,2.23606797749979,2.23606797749979,2.0,3.1622776601683795,0.0,0.0,0.0,0.0,0.0,0.0,0.0,0.0,0.0,0.0,0.0,10.295630140987,10.295630140987,10.295630140987,11.180339887498949,11.180339887498949,11.180339887498949,11.180339887498949,12.083045973594572,13.0,13.0,13.0,13.92838827718412,13.92838827718412,14.866068747318506,14.866068747318506,15.811388300841896,15.524174696260024,16.492422502470642,16.492422502470642,17.46424919657298,17.46424919657298,17.46424919657298,18.439088914585774,18.439088914585774,18.439088914585774,19.6468827043885,0.0,-1.512040504079174,-1.446441332248135,-1.5083775167989393,-1.5042281630190728,-1.4940244355251187,-1.4181469983996315,-1.4876550949064553,-1.4801364395941514,-1.5707963267948966,-1.5707963267948966,-1.5707963267948966,-1.695151321341658,-1.7126933813990606,-1.7359450042095235,-1.9513027039072615,-1.9513027039072615,-2.0344439357957027,-2.0344439357957027,-2.0344439357957027,-2.158798930342464,-2.158798930342464,-2.356194490192345,-2.677945044588987,-2.677945044588987,3.141592653589793,2.819842099193151,0.0,0.0,0.0,0.0,0.0,0.0,0.0,0.0,0.0,0.0,0.0,-1.0636978224025597,-1.0636978224025597,-1.0636978224025597,-1.1071487177940904,-1.1071487177940904,-1.1071487177940904,-1.1071487177940904,-1.1441688336680205,-1.176005207095135,-1.176005207095135,-1.176005207095135,-1.2036224929766774,-1.2036224929766774,-1.2277723863741932,-1.2277723863741932,-1.2490457723982544,-1.3101939350475555,-1.3258176636680326,-1.3258176636680326,-1.3397056595989996,-1.3397056595989996,-1.3397056595989996,-1.3521273809209546,-1.3521273809209546,-1.3521273809209546,-1.313472611823808
28.375149190993397,router,ba:bd:de:13:68:55,-88,75.15057486359318,64,1.6984493555354456,19.703405415880248,0,0,-8,15,-7,14,-6,13,-5,12,-4,11,-2,9,-1,8,-1,7,0,7,1,7,1,6,1,6,1,5,2,5,2,5,2,5,2,5,3,5,3,5,3,5,3,5,4,4,3,4,3,3,4,3,4,3,0,0,0,0,0,0,0,0,0,0,0,0,0,0,0,0,0,0,0,0,0,0,-1,13,-1,13,-1,14,-1,14,-2,14,-2,14,-3,14,-4,14,-4,14,-5,15,-5,15,-5,15,-5,16,-6,16,-6,16,-6,17,-6,16,-6,16,-7,16,-7,16,-8,16,-8,15,-8,16,-8,16,-9,16,-9,16,0.0,17.0,15.652475842498529,14.317821063276353,13.0,11.704699910719626,9.219544457292887,8.06225774829855,7.0710678118654755,7.0,7.0710678118654755,6.082762530298219,6.082762530298219,5.0990195135927845,5.385164807134504,5.385164807134504,5.385164807134504,5.385164807134504,5.830951894845301,5.830951894845301,5.830951894845301,5.830951894845301,5.656854249492381,5.0,4.242640687119285,5.0,5.0,0.0,0.0,0.0,0.0,0.0,0.0,0.0,0.0,0.0,0.0,0.0,13.038404810405298,13.038404810405298,14.035668847618199,14.035668847618199,14.142135623730951,14.142135623730951,14.317821063276353,14.560219778561036,14.560219778561036,15.811388300841896,15.811388300841896,15.811388300841896,16.76305461424021,17.08800749063506,17.08800749063506,18.027756377319946,17.08800749063506,17.08800749063506,17.46424919657298,17.46424919657298,17.88854381999832,17.0,17.88854381999832,17.88854381999832,18.35755975068582,18.35755975068582,0.0,2.060753653048625,2.0344439357957027,2.0032041023654346,1.965587446494658,1.9195673303788037,1.7894652726688385,1.695151321341658,1.7126933813990606,1.5707963267948966,1.4288992721907328,1.4056476493802699,1.4056476493802699,1.373400766945016,1.1902899496825317,1.1902899496825317,1.1902899496825317,1.1902899496825317,1.0303768265243125,1.0303768265243125,1.0303768265243125,1.0303768265243125,0.7853981633974483,0.9272952180016122,0.7853981633974483,0.6435011087932844,0.6435011087932844,0.0,0.0,0.0,0.0,0.0,0.0,0.0,0.0,0.0,0.0,0.0,1.6475682180646747,1.6475682180646747,1.642103791580187,1.642103791580187,1.7126933813990606,1.7126933813990606,1.7818896600176433,1.849095985800008,1.849095985800008,1.892546881191539,1.892546881191539,1.892546881191539,1.873681195169868,1.9295669970654687,1.9295669970654687,1.9100889412489412,1.9295669970654687,1.9295669970654687,1.9832067683922838,1.9832067683922838,2.0344439357957027,2.060753653048625,2.0344439357957027,2.0344439357957027,2.0831857871056343,2.0831857871056343
28.475278448997415,router,ba:bd:de:13:68:55,-86,75.15057486359318,64,1.7104068632134959,19.846971155593877,0,0,-3,-17,-3,-17,-3,-16,-3,-15,-3,-14,-3,-13,-3,-11,-4,-10,-4,-9,-4,-8,-4,-8,-4,-7,-5,-7,-4,-5,-5,-5,-5,-5,-5,-4,-5,-4,-5,-3,-5,-3,-5,-3,-4,-2,-4,-2,-3,-2,-3,-1,-2,-1,0,0,0,0,0,0,0,0,0,0,0,0,0,0,0,0,0,0,0,0,0,0,-2,-13,-2,-13,-1,-13,-1,-14,0,-14,0,-15,0,-16,0,-16,0,-17,0,-17,1,-18,1,-18,1,-18,0,-18,1,-18,1,-18,1,-18,0,-18,0,-19,0,-19,-1,-19,0,-19,0,-20,0,-20,0,-20,0,-20,0.0,17.26267650163207,17.26267650163207,16.278820596099706,15.297058540778355,14.317821063276353,13.341664064126334,11.40175425099138,10.770329614269007,9.848857801796104,8.94427190999916,8.94427190999916,8.06225774829855,8.602325267042627,6.4031242374328485,7.0710678118654755,7.0710678118654755,6.4031242374328485,6.4031242374328485,5.830951894845301,5.830951894845301,5.830951894845301,4.47213595499958,4.47213595499958,3.605551275463989,3.1622776601683795,2.23606797749979,0.0,0.0,0.0,0.0,0.0,0.0,0.0,0.0,0.0,0.0,0.0,13.152946437965905,13.152946437965905,13.038404810405298,14.035668847618199,14.0,15.0,16.0,16.0,17.0,17.0,18.027756377319946,18.027756377319946,18.027756377319946,18.0,18.027756377319946,18.027756377319946,18.027756377319946,18.0,19.0,19.0,19.026297590440446,19.0,20.0,20.0,20.0,20.0,0.0,-1.7454685258031364,-1.7454685258031364,-1.7561442767905915,-1.7681918866447774,-1.7818896600176433,-1.7975951748487824,-1.837048375945822,-1.9513027039072615,-1.9890206563741257,-2.0344439357957027,-2.0344439357957027,-2.0899424410414196,-2.191045812777718,-2.2455372690184494,-2.356194490192345,-2.356194490192345,-2.4668517113662407,-2.4668517113662407,-2.601173153319209,-2.601173153319209,-2.601173153319209,-2.677945044588987,-2.677945044588987,-2.5535900500422257,-2.819842099193151,-2.677945044588987,0.0,0.0,0.0,0.0,0.0,0.0,0.0,0.0,0.0,0.0,0.0,-1.7234456551901618,-1.7234456551901618,-1.6475682180646747,-1.642103791580187,-1.5707963267948966,-1.5707963267948966,-1.5707963267948966,-1.5707963267948966,-1.5707963267948966,-1.5707963267948966,-1.5152978215491797,-1.5152978215491797,-1.5152978215491797,-1.5707963267948966,-1.5152978215491797,-1.5152978215491797,-1.5152978215491797,-1.5707963267948966,-1.5707963267948966,-1.5707963267948966,-1.6233793884058383,-1.5707963267948966,-1.5707963267948966,-1.5707963267948966,-1.5707963267948966,-1.5707963267948966
28.58517748599843,router,ba:bd:de:13:68:55,-85,75.15057486359318,64,1.7213895186430628,20.019149120287754,0,0,-3,-17,-1,-17,0,-16,0,-15,-1,-13,-2,-11,-2,-10,-4,-10,-4,-10,-4,-10,-4,-9,-3,-7,-2,-6,-3,-7,-3,-7,-4,-6,-4,-6,-4,-5,-4,-4,-3,-4,-3,-2,-2,-2,-1,-2,-2,-2,-3,-2,-4,-4,0,0,0,0,0,0,0,0,0,0,0,0,0,0,0,0,0,0,0,0,0,0,-1,-10,1,-11,1,-12,1,-14,2,-14,1,-13,0,-13,0,-14,1,-15,2,-15,2,-15,2,-15,2,-16,2,-16,1,-15,1,-15,0,-16,-1,-17,0,-17,1,-16,1,-16,0,-16,0,-16,-1,-16,0,-17,0,-18,0.0,17.26267650163207,17.029386365926403,16.0,15.0,13.038404810405298,11.180339887498949,10.198039027185569,10.770329614269007,10.770329614269007,10.770329614269007,9.848857801796104,7.615773105863909,6.324555320336759,7.615773105863909,7.615773105863909,7.211102550927978,7.211102550927978,6.4031242374328485,5.656854249492381,5.0,3.605551275463989,2.8284271247461903,2.23606797749979,2.8284271247461903,3.605551275463989,5.656854249492381,0.0,0.0,0.0,0.0,0.0,0.0,0.0,0.0,0.0,0.0,0.0,10.04987562112089,11.045361017187261,12.041594578792296,14.035668847618199,14.142135623730951,13.038404810405298,13.0,14.0,15.033296378372908,15.132745950421556,15.132745950421556,15.132745950421556,16.1245154965971,16.1245154965971,15.033296378372908,15.033296378372908,16.0,17.029386365926403,17.0,16.0312195418814,16.0312195418814,16.0,16.0,16.0312195418814,17.0,18.0,0.0,-1.7454685258031364,-1.6295521495106193,-1.5707963267948966,-1.5707963267948966,-1.6475682180646747,-1.750649826587375,-1.7681918866447774,-1.9513027039072615,-1.9513027039072615,-1.9513027039072615,-1.9890206563741257,-1.97568811307998,-1.892546881191539,-1.97568811307998,-1.97568811307998,-2.158798930342464,-2.158798930342464,-2.2455372690184494,-2.356194490192345,-2.214297435588181,-2.5535900500422257,-2.356194490192345,-2.0344439357957027,-2.356194490192345,-2.5535900500422257,-2.356194490192345,0.0,0.0,0.0,0.0,0.0,0.0,0.0,0.0,0.0,0.0,0.0,-1.6704649792860586,-1.4801364395941514,-1.4876550949064553,-1.4994888620096063,-1.4288992721907328,-1.4940244355251187,-1.5707963267948966,-1.5707963267948966,-1.5042281630190728,-1.4382447944982226,-1.4382447944982226,-1.4382447944982226,-1.446441332248135,-1.446441332248135,-1.5042281630190728,-1.5042281630190728,-1.5707963267948966,-1.6295521495106193,-1.5707963267948966,-1.5083775167989393,-1.5083775167989393,-1.5707963267948966,-1.5707963267948966,-1.633215136790854,-1.5707963267948966,-1.5707963267948966
28.685211190997506,router,ba:bd:de:13:68:55,-83,75.15057486359318,64,1.730825247889011,20.21338969660509,0,0,-17,-3,-16,-3,-15,-4,-14,-4,-13,-3,-12,-3,-11,-3,-11,-1,-10,0,-8,0,-7,0,-8,0,-7,1,-7,1,-7,1,-7,1,-7,1,-6,3,-7,3,-7,3,-6,4,-6,4,-6,3,-6,2,-6,0,-5,-2,0,0,0,0,0,0,0,0,0,0,0,0,0,0,0,0,0,0,0,0,0,0,-11,-2,-12,-2,-13,-2,-13,-2,-13,-2,-14,-2,-14,-3,-16,-3,-16,-4,-16,-4,-15,-4,-14,-4,-15,-4,-15,-5,-14,-6,-15,-6,-15,-5,-17,-5,-17,-5,-16,-4,-16,-3,-16,-3,-16,-4,-17,-5,-18,-4,-17,-4,0.0,17.26267650163207,16.278820596099706,15.524174696260024,14.560219778561036,13.341664064126334,12.36931687685298,11.40175425099138,11.045361017187261,10.0,8.0,7.0,8.0,7.0710678118654755,7.0710678118654755,7.0710678118654755,7.0710678118654755,7.0710678118654755,6.708203932499369,7.615773105863909,7.615773105863909,7.211102550927978,7.211102550927978,6.708203932499369,6.324555320336759,6.0,5.385164807134504,0.0,0.0,0.0,0.0,0.0,0.0,0.0,0.0,0.0,0.0,0.0,11.180339887498949,12.165525060596439,13.152946437965905,13.152946437965905,13.152946437965905,14.142135623730951,14.317821063276353,16.278820596099706,16.492422502470642,16.492422502470642,15.524174696260024,14.560219778561036,15.524174696260024,15.811388300841896,15.231546211727817,16.15549442140351,15.811388300841896,17.72004514666935,17.72004514666935,16.492422502470642,16.278820596099706,16.278820596099706,16.492422502470642,17.72004514666935,18.439088914585774,17.46424919657298,0.0,-2.9669204545815537,-2.9562447035940984,-2.8809902618424523,-2.8632929945846817,-2.9147938055359073,-2.896613990462929,-2.875340604438868,-3.050932766389048,3.141592653589793,3.141592653589793,3.141592653589793,3.141592653589793,2.999695598985629,2.999695598985629,2.999695598985629,2.999695598985629,2.999695598985629,2.677945044588987,2.7367008673047097,2.7367008673047097,2.5535900500422257,2.5535900500422257,2.677945044588987,2.819842099193151,3.141592653589793,-2.761086276477428,0.0,0.0,0.0,0.0,0.0,0.0,0.0,0.0,0.0,0.0,0.0,-2.961739153797315,-2.976443976175166,-2.988943325194528,-2.988943325194528,-2.988943325194528,-2.999695598985629,-2.930499320367047,-2.9562447035940984,-2.896613990462929,-2.896613990462929,-2.8809902618424523,-2.8632929945846817,-2.8809902618424523,-2.819842099193151,-2.7367008673047097,-2.761086276477428,-2.819842099193151,-2.8555412118724752,-2.8555412118724752,-2.896613990462929,-2.9562447035940984,-2.9562447035940984,-2.896613990462929,-2.8555412118724752,-2.922923707715851,-2.9105019863938963
28.785895492997952,router,ba:bd:de:13:68:55,-87,75.15057486359318,64,1.7387264448083184,20.422463465100428,0,0,-11,11,-10,10,-10,10,-10,10,-9,9,-8,9,-7,8,-7,8,-6,7,-5,7,-5,7,-4,7,-4,7,-3,6,-2,6,-2,6,-2,6,-2,6,-1,6,-1,6,-1,6,-1,6,-2,7,-2,7,-2,7,-3,7,0,0,0,0,0,0,0,0,0,0,0,0,0,0,0,0,0,0,0,0,0,0,-8,7,-9,7,-10,7,-10,7,-10,6,-11,6,-11,6,-12,6,-12,6,-12,6,-13,6,-13,6,-13,6,-13,6,-13,7,-13,7,-13,7,-13,8,-13,8,-14,8,-14,8,-14,9,-14,10,-15,10,-15,10,-16,11,0.0,15.556349186104045,14.142135623730951,14.142135623730951,14.142135623730951,12.727922061357855,12.041594578792296,10.63014581273465,10.63014581273465,9.219544457292887,8.602325267042627,8.602325267042627,8.06225774829855,8.06225774829855,6.708203932499369,6.324555320336759,6.324555320336759,6.324555320336759,6.324555320336759,6.082762530298219,6.082762530298219,6.082762530298219,6.082762530298219,7.280109889280518,7.280109889280518,7.280109889280518,7.615773105863909,0.0,0.0,0.0,0.0,0.0,0.0,0.0,0.0,0.0,0.0,0.0,10.63014581273465,11.40175425099138,12.206555615733702,12.206555615733702,11.661903789690601,12.529964086141668,12.529964086141668,13.416407864998739,13.416407864998739,13.416407864998739,14.317821063276353,14.317821063276353,14.317821063276353,14.317821063276353,14.7648230602334,14.7648230602334,14.7648230602334,15.264337522473747,15.264337522473747,16.1245154965971,16.1245154965971,16.64331697709324,17.204650534085253,18.027756377319946,18.027756377319946,19.4164878389476,0.0,2.356194490192345,2.356194490192345,2.356194490192345,2.356194490192345,2.356194490192345,2.297438667476622,2.289626326416521,2.289626326416521,2.279422598922567,2.191045812777718,2.191045812777718,2.0899424410414196,2.0899424410414196,2.0344439357957027,1.892546881191539,1.892546881191539,1.892546881191539,1.892546881191539,1.7359450042095235,1.7359450042095235,1.7359450042095235,1.7359450042095235,1.849095985800008,1.849095985800008,1.849095985800008,1.97568811307998,0.0,0.0,0.0,0.0,0.0,0.0,0.0,0.0,0.0,0.0,0.0,2.4227626539681686,2.4805494847391065,2.5308666892005847,2.5308666892005847,2.601173153319209,2.642245931909663,2.642245931909663,2.677945044588987,2.677945044588987,2.677945044588987,2.7091848780192556,2.7091848780192556,2.7091848780192556,2.7091848780192556,2.647651284670212,2.647651284670212,2.647651284670212,2.5899376710612465,2.5899376710612465,2.62244653934327,2.62244653934327,2.5702551737561663,2.5213431676069717,2.5535900500422257,2.5535900500422257,2.539305307454829
28.88616829399689,router,ba:bd:de:13:68:55,-88,75.15057486359318,64,1.74711308423417,20.639396523098945,0,0,-7,-11,-7,-11,-7,-11,-7,-11,-7,-10,-7,-9,-6,-7,-6,-6,-5,-5,-5,-5,-5,-4,-5,-3,-5,-2,-5,-2,-5,-2,-5,-2,-5,-1,-5,-1,-5,-1,-5,-1,-5,-1,-5,-1,-5,-1,-5,-1,-6,-2,-6,-2,0,0,0,0,0,0,0,0,0,0,0,0,0,0,0,0,0,0,0,0,0,0,-13,-4,-13,-4,-13,-4,-13,-4,-13,-4,-13,-5,-13,-6,-13,-6,-12,-7,-12,-7,-12,-8,-12,-9,-11,-10,-11,-11,-11,-11,-11,-10,-11,-11,-11,-11,-11,-11,-11,-11,-11,-12,-11,-12,-12,-12,-12,-12,-12,-13,-12,-13,0.0,13.038404810405298,13.038404810405298,13.038404810405298,13.038404810405298,12.206555615733702,11.40175425099138,9.219544457292887,8.48528137423857,7.0710678118654755,7.0710678118654755,6.4031242374328485,5.830951894845301,5.385164807134504,5.385164807134504,5.385164807134504,5.385164807134504,5.0990195135927845,5.0990195135927845,5.0990195135927845,5.0990195135927845,5.0990195135927845,5.0990195135927845,5.0990195135927845,5.0990195135927845,6.324555320336759,6.324555320336759,0.0,0.0,0.0,0.0,0.0,0.0,0.0,0.0,0.0,0.0,0.0,13.601470508735444,13.601470508735444,13.601470508735444,13.601470508735444,13.601470508735444,13.92838827718412,14.317821063276353,14.317821063276353,13.892443989449804,13.892443989449804,14.422205101855956,15.0,14.866068747318506,15.556349186104045,15.556349186104045,14.866068747318506,15.556349186104045,15.556349186104045,15.556349186104045,15.556349186104045,16.278820596099706,16.278820596099706,16.97056274847714,16.97056274847714,17.69180601295413,17.69180601295413,0.0,-2.137525544318403,-2.137525544318403,-2.137525544318403,-2.137525544318403,-2.1815222911841055,-2.2318394956455836,-2.279422598922567,-2.356194490192345,-2.356194490192345,-2.356194490192345,-2.4668517113662407,-2.601173153319209,-2.761086276477428,-2.761086276477428,-2.761086276477428,-2.761086276477428,-2.9441970937399127,-2.9441970937399127,-2.9441970937399127,-2.9441970937399127,-2.9441970937399127,-2.9441970937399127,-2.9441970937399127,-2.9441970937399127,-2.819842099193151,-2.819842099193151,0.0,0.0,0.0,0.0,0.0,0.0,0.0,0.0,0.0,0.0,0.0,-2.843093722003614,-2.843093722003614,-2.843093722003614,-2.843093722003614,-2.843093722003614,-2.774418819771574,-2.7091848780192556,-2.7091848780192556,-2.6135182051634334,-2.6135182051634334,-2.5535900500422257,-2.498091544796509,-2.403777593469328,-2.356194490192345,-2.356194490192345,-2.403777593469328,-2.356194490192345,-2.356194490192345,-2.356194490192345,-2.356194490192345,-2.312743594800814,-2.312743594800814,-2.356194490192345,-2.356194490192345,-2.316215803069055,-2.316215803069055
28.999372024998593,router,ba:bd:de:13:68:55,-89,75.15057486359318,64,1.755335170831442,20.857308117466076,0,0,-8,12,-8,12,-7,12,-7,11,-6,11,-6,10,-4,10,-2,10,0,10,2,10,3,10,3,9,4,8,5,7,5,8,5,8,5,8,5,7,5,7,5,7,5,7,5,7,3,8,3,8,2,8,1,8,0,0,0,0,0,0,0,0,0,0,0,0,0,0,0,0,0,0,0,0,0,0,-5,7,-6,8,-7,9,-8,9,-10,9,-10,10,-11,11,-12,12,-12,11,-13,11,-14,11,-14,11,-14,11,-15,11,-16,10,-16,10,-16,10,-15,10,-15,10,-14,10,-15,11,-14,11,-13,11,-12,11,-12,12,-12,12,0.0,14.422205101855956,14.422205101855956,13.892443989449804,13.038404810405298,12.529964086141668,11.661903789690601,10.770329614269007,10.198039027185569,10.0,10.198039027185569,10.44030650891055,9.486832980505138,8.94427190999916,8.602325267042627,9.433981132056603,9.433981132056603,9.433981132056603,8.602325267042627,8.602325267042627,8.602325267042627,8.602325267042627,8.602325267042627,8.54400374531753,8.54400374531753,8.246211251235321,8.06225774829855,0.0,0.0,0.0,0.0,0.0,0.0,0.0,0.0,0.0,0.0,0.0,8.602325267042627,10.0,11.40175425099138,12.041594578792296,13.45362404707371,14.142135623730951,15.556349186104045,16.97056274847714,16.278820596099706,17.029386365926403,17.804493814764857,17.804493814764857,17.804493814764857,18.601075237738275,18.867962264113206,18.867962264113206,18.867962264113206,18.027756377319946,18.027756377319946,17.204650534085253,18.601075237738275,17.804493814764857,17.029386365926403,16.278820596099706,16.97056274847714,16.97056274847714,0.0,2.158798930342464,2.158798930342464,2.0988707752212563,2.137525544318403,2.0701430484750265,2.1112158270654806,1.9513027039072615,1.7681918866447774,1.5707963267948966,1.373400766945016,1.2793395323170296,1.2490457723982544,1.1071487177940904,0.9505468408120752,1.0121970114513341,1.0121970114513341,1.0121970114513341,0.9505468408120752,0.9505468408120752,0.9505468408120752,0.9505468408120752,0.9505468408120752,1.2120256565243244,1.2120256565243244,1.3258176636680326,1.446441332248135,0.0,0.0,0.0,0.0,0.0,0.0,0.0,0.0,0.0,0.0,0.0,2.191045812777718,2.214297435588181,2.2318394956455836,2.297438667476622,2.408777551803287,2.356194490192345,2.356194490192345,2.356194490192345,2.399645385583876,2.439335722080786,2.4756234162106834,2.4756234162106834,2.4756234162106834,2.5088438185876103,2.5829933382462307,2.5829933382462307,2.5829933382462307,2.5535900500422257,2.5535900500422257,2.5213431676069717,2.5088438185876103,2.4756234162106834,2.439335722080786,2.399645385583876,2.356194490192345,2.356194490192345
29.10609732199373,router,ba:bd:de:13:68:55,-85,83.66156429244937,64,1.7618142556789635,21.208599907434998,0,0,20,6,19,5,17,4,16,3,15,4,15,4,14,3,14,2,13,2,12,2,13,0,12,0,10,2,10,1,12,1,11,1,10,1,10,-1,11,-1,10,0,10,1,9,2,9,2,9,0,9,1,8,4,0,0,0,0,0,0,0,0,0,0,0,0,0,0,0,0,0,0,0,0,0,0,5,-1,9,-1,10,-1,10,1,11,1,11,0,12,0,14,1,15,0,14,1,13,4,16,5,18,3,17,2,15,3,15,4,14,4,15,4,16,4,16,5,16,4,16,3,16,4,18,5,19,5,18,5,0.0,20.8806130178211,19.6468827043885,17.46424919657298,16.278820596099706,15.524174696260024,15.524174696260024,14.317821063276353,14.142135623730951,13.152946437965905,12.165525060596439,13.0,12.0,10.198039027185569,10.04987562112089,12.041594578792296,11.045361017187261,10.04987562112089,10.04987562112089,11.045361017187261,10.0,10.04987562112089,9.219544457292887,9.219544457292887,9.0,9.055385138137417,8.94427190999916,0.0,0.0,0.0,0.0,0.0,0.0,0.0,0.0,0.0,0.0,0.0,5.0990195135927845,9.055385138137417,10.04987562112089,10.04987562112089,11.045361017187261,11.0,12.0,14.035668847618199,15.0,14.035668847618199,13.601470508735444,16.76305461424021,18.24828759089466,17.11724276862369,15.297058540778355,15.524174696260024,14.560219778561036,15.524174696260024,16.492422502470642,16.76305461424021,16.492422502470642,16.278820596099706,16.492422502470642,18.681541692269406,19.6468827043885,18.681541692269406,0.0,0.2914567944778671,0.25732371497108864,0.23109066719589708,0.18534794999569476,0.260602391747341,0.260602391747341,0.21109333322274654,0.14189705460416394,0.15264932839526515,0.16514867741462683,0.0,0.0,0.19739555984988075,0.09966865249116202,0.08314123188844123,0.09065988720074511,0.09966865249116202,-0.09966865249116202,-0.09065988720074511,0.0,0.09966865249116202,0.21866894587394195,0.21866894587394195,0.0,0.11065722117389565,0.4636476090008061,0.0,0.0,0.0,0.0,0.0,0.0,0.0,0.0,0.0,0.0,0.0,-0.19739555984988075,-0.11065722117389565,-0.09966865249116202,0.09966865249116202,0.09065988720074511,0.0,0.0,0.07130746478529032,0.0,0.07130746478529032,0.2984989315861793,0.3028848683749714,0.16514867741462683,0.11710874456686428,0.19739555984988075,0.260602391747341,0.27829965900511133,0.260602391747341,0.24497866312686414,0.3028848683749714,0.24497866312686414,0.18534794999569476,0.24497866312686414,0.27094685033842053,0.25732371497108864,0.27094685033842053
29.215528515996994,router,ba:bd:de:13:68:55,-86,83.66156429244937,64,1.7662921442737363,21.464673087094603,0,0,8,-18,8,-17,8,-19,7,-19,7,-16,7,-14,7,-14,6,-14,6,-13,5,-12,4,-12,3,-13,3,-14,4,-14,5,-13,3,-12,2,-11,3,-11,4,-11,4,-11,4,-8,4,-7,3,-8,3,-9,2,-9,2,-10,0,0,0,0,0,0,0,0,0,0,0,0,0,0,0,0,0,0,0,0,0,0,0,-8,1,-7,2,-8,1,-9,1,-8,1,-8,0,-10,2,-11,2,-13,1,-13,1,-14,2,-14,3,-15,3,-15,3,-14,3,-14,5,-14,6,-16,6,-16,6,-17,7,-18,6,-18,6,-17,7,-17,7,-17,7,-18,0.0,19.697715603592208,18.788294228055936,20.615528128088304,20.248456731316587,17.46424919657298,15.652475842498529,15.652475842498529,15.231546211727817,14.317821063276353,13.0,12.649110640673518,13.341664064126334,14.317821063276353,14.560219778561036,13.92838827718412,12.36931687685298,11.180339887498949,11.40175425099138,11.704699910719626,11.704699910719626,8.94427190999916,8.06225774829855,8.54400374531753,9.486832980505138,9.219544457292887,10.198039027185569,0.0,0.0,0.0,0.0,0.0,0.0,0.0,0.0,0.0,0.0,0.0,8.0,7.0710678118654755,8.246211251235321,9.055385138137417,8.06225774829855,8.06225774829855,10.0,11.180339887498949,13.152946437965905,13.038404810405298,14.035668847618199,14.142135623730951,15.297058540778355,15.297058540778355,14.317821063276353,14.317821063276353,14.866068747318506,17.08800749063506,17.08800749063506,18.027756377319946,19.313207915827967,18.973665961010276,18.027756377319946,18.384776310850235,18.384776310850235,19.313207915827967,0.0,-1.1525719972156676,-1.1309537439791604,-1.1722738811284763,-1.217805938967986,-1.1583858851975093,-1.1071487177940904,-1.1071487177940904,-1.1659045405098132,-1.1383885512243588,-1.176005207095135,-1.2490457723982544,-1.3439974787410107,-1.35970299357215,-1.2924966677897853,-1.2036224929766774,-1.3258176636680326,-1.3909428270024184,-1.3045442776439713,-1.2220253232109897,-1.2220253232109897,-1.1071487177940904,-1.0516502125483738,-1.2120256565243244,-1.2490457723982544,-1.3521273809209546,-1.373400766945016,0.0,0.0,0.0,0.0,0.0,0.0,0.0,0.0,0.0,0.0,0.0,-1.5707963267948966,-1.4288992721907328,-1.3258176636680326,-1.460139105621001,-1.446441332248135,-1.446441332248135,-1.5707963267948966,-1.3909428270024184,-1.4181469983996315,-1.4940244355251187,-1.4994888620096063,-1.4288992721907328,-1.373400766945016,-1.373400766945016,-1.35970299357215,-1.35970299357215,-1.2277723863741932,-1.2120256565243244,-1.2120256565243244,-1.2315037123408519,-1.1999050379822342,-1.2490457723982544,-1.2315037123408519,-1.1801892830972098,-1.1801892830972098,-1.1999050379822342
29.332438541998272,router,ba:bd:de:13:68:55,-85,83.66156429244937,64,1.776450835258278,21.65818545792756,0,0,-9,-8,-9,-9,-10,-9,-8,-8,-7,-8,-8,-8,-7,-7,-7,-7,-8,-6,-8,-6,-8,-5,-8,-5,-7,-5,-6,-6,-6,-5,-6,-5,-6,-4,-6,-4,-5,-4,-5,-4,-5,-4,-6,-4,-5,-4,-4,-5,-5,-5,-4,-5,0,0,0,0,0,0,0,0,0,0,0,0,0,0,0,0,0,0,0,0,0,0,-3,-5,-4,-4,-5,-5,-4,-6,-5,-7,-6,-6,-5,-6,-5,-7,-5,-6,-6,-6,-6,-6,-6,-5,-5,-5,-5,-5,-6,-5,-8,-6,-7,-6,-7,-7,-8,-7,-8,-6,-9,-7,-8,-8,-8,-7,-8,-7,-8,-7,-8,-7,0.0,12.041594578792296,12.727922061357855,13.45362404707371,11.313708498984761,10.63014581273465,11.313708498984761,9.899494936611665,9.899494936611665,10.0,10.0,9.433981132056603,9.433981132056603,8.602325267042627,8.48528137423857,7.810249675906654,7.810249675906654,7.211102550927978,7.211102550927978,6.4031242374328485,6.4031242374328485,6.4031242374328485,7.211102550927978,6.4031242374328485,6.4031242374328485,7.0710678118654755,6.4031242374328485,0.0,0.0,0.0,0.0,0.0,0.0,0.0,0.0,0.0,0.0,0.0,5.830951894845301,5.656854249492381,7.0710678118654755,7.211102550927978,8.602325267042627,8.48528137423857,7.810249675906654,8.602325267042627,7.810249675906654,8.48528137423857,8.48528137423857,7.810249675906654,7.0710678118654755,7.0710678118654755,7.810249675906654,10.0,9.219544457292887,9.899494936611665,10.63014581273465,10.0,11.40175425099138,11.313708498984761,10.63014581273465,10.63014581273465,10.63014581273465,10.63014581273465,0.0,-2.4149503129080676,-2.356194490192345,-2.408777551803287,-2.356194490192345,-2.289626326416521,-2.356194490192345,-2.356194490192345,-2.356194490192345,-2.498091544796509,-2.498091544796509,-2.5829933382462307,-2.5829933382462307,-2.5213431676069717,-2.356194490192345,-2.44685437739309,-2.44685437739309,-2.5535900500422257,-2.5535900500422257,-2.4668517113662407,-2.4668517113662407,-2.4668517113662407,-2.5535900500422257,-2.4668517113662407,-2.2455372690184494,-2.356194490192345,-2.2455372690184494,0.0,0.0,0.0,0.0,0.0,0.0,0.0,0.0,0.0,0.0,0.0,-2.1112158270654806,-2.356194490192345,-2.356194490192345,-2.158798930342464,-2.191045812777718,-2.356194490192345,-2.2655346029916,-2.191045812777718,-2.2655346029916,-2.356194490192345,-2.356194490192345,-2.44685437739309,-2.356194490192345,-2.356194490192345,-2.44685437739309,-2.498091544796509,-2.432966381462123,-2.356194490192345,-2.4227626539681686,-2.498091544796509,-2.4805494847391065,-2.356194490192345,-2.4227626539681686,-2.4227626539681686,-2.4227626539681686,-2.4227626539681686
29.43625806399359,router,ba:bd:de:13:68:55,-86,83.66156429244937,64,1.7826006509993064,21.807358745009154,0,0,-19,-12,-19,-10,-17,-8,-15,-9,-15,-10,-15,-9,-14,-8,-13,-8,-12,-7,-10,-6,-10,-5,-10,-5,-9,-3,-9,-2,-10,-3,-9,-3,-9,-1,-8,-1,-8,-2,-8,-3,-7,-3,-5,-3,-5,-2,-6,-2,-6,-3,-5,-4,0,0,0,0,0,0,0,0,0,0,0,0,0,0,0,0,0,0,0,0,0,0,-9,-8,-8,-7,-9,-5,-11,-3,-10,-5,-11,-8,-11,-9,-8,-7,-10,-5,-14,-7,-13,-7,-12,-6,-11,-6,-11,-6,-11,-8,-12,-8,-14,-9,-15,-9,-15,-9,-15,-8,-16,-7,-16,-5,-16,-5,-18,-6,-18,-8,-17,-10,0.0,22.47220505424423,21.470910553583888,18.788294228055936,17.4928556845359,18.027756377319946,17.4928556845359,16.1245154965971,15.264337522473747,13.892443989449804,11.661903789690601,11.180339887498949,11.180339887498949,9.486832980505138,9.219544457292887,10.44030650891055,9.486832980505138,9.055385138137417,8.06225774829855,8.246211251235321,8.54400374531753,7.615773105863909,5.830951894845301,5.385164807134504,6.324555320336759,6.708203932499369,6.4031242374328485,0.0,0.0,0.0,0.0,0.0,0.0,0.0,0.0,0.0,0.0,0.0,12.041594578792296,10.63014581273465,10.295630140987,11.40175425099138,11.180339887498949,13.601470508735444,14.212670403551895,10.63014581273465,11.180339887498949,15.652475842498529,14.7648230602334,13.416407864998739,12.529964086141668,12.529964086141668,13.601470508735444,14.422205101855956,16.64331697709324,17.4928556845359,17.4928556845359,17.0,17.46424919657298,16.76305461424021,16.76305461424021,18.973665961010276,19.697715603592208,19.72308292331602,0.0,-2.578276392097825,-2.65711472455277,-2.701750070774057,-2.601173153319209,-2.5535900500422257,-2.601173153319209,-2.62244653934327,-2.5899376710612465,-2.6135182051634334,-2.601173153319209,-2.677945044588987,-2.677945044588987,-2.819842099193151,-2.922923707715851,-2.8501358591119264,-2.819842099193151,-3.0309354324158977,-3.017237659043032,-2.896613990462929,-2.782821983319221,-2.7367008673047097,-2.601173153319209,-2.761086276477428,-2.819842099193151,-2.677945044588987,-2.4668517113662407,0.0,0.0,0.0,0.0,0.0,0.0,0.0,0.0,0.0,0.0,0.0,-2.4149503129080676,-2.4227626539681686,-2.6344941491974563,-2.875340604438868,-2.677945044588987,-2.5127963671743605,-2.455863142683507,-2.4227626539681686,-2.677945044588987,-2.677945044588987,-2.647651284670212,-2.677945044588987,-2.642245931909663,-2.642245931909663,-2.5127963671743605,-2.5535900500422257,-2.5702551737561663,-2.601173153319209,-2.601173153319209,-2.651635327336065,-2.729182211992406,-2.838707785214822,-2.838707785214822,-2.819842099193151,-2.723368324010564,-2.609868586330988
29.542300274995796,router,ba:bd:de:13:68:55,-82,83.66156429244937,64,1.787096173434805,21.921839539410605,0,0,-17,0,-17,-1,-16,-1,-16,-1,-15,0,-14,1,-12,2,-11,1,-11,1,-12,1,-12,1,-12,1,-11,1,-10,1,-10,1,-10,2,-9,2,-8,2,-8,1,-8,1,-9,1,-8,1,-7,0,-7,0,-7,-2,-5,-6,0,0,0,0,0,0,0,0,0,0,0,0,0,0,0,0,0,0,0,0,0,0,-11,-1,-11,-2,-11,-2,-12,-3,-11,-4,-11,-5,-12,-4,-12,-4,-12,-3,-13,-3,-14,-4,-14,-5,-13,-4,-14,-3,-14,-3,-14,-3,-14,-4,-15,-4,-16,-4,-16,-3,-16,-2,-17,-2,-17,-2,-17,-2,-17,-1,-17,-1,0.0,17.0,17.029386365926403,16.0312195418814,16.0312195418814,15.0,14.035668847618199,12.165525060596439,11.045361017187261,11.045361017187261,12.041594578792296,12.041594578792296,12.041594578792296,11.045361017187261,10.04987562112089,10.04987562112089,10.198039027185569,9.219544457292887,8.246211251235321,8.06225774829855,8.06225774829855,9.055385138137417,8.06225774829855,7.0,7.0,7.280109889280518,7.810249675906654,0.0,0.0,0.0,0.0,0.0,0.0,0.0,0.0,0.0,0.0,0.0,11.045361017187261,11.180339887498949,11.180339887498949,12.36931687685298,11.704699910719626,12.083045973594572,12.649110640673518,12.649110640673518,12.36931687685298,13.341664064126334,14.560219778561036,14.866068747318506,13.601470508735444,14.317821063276353,14.317821063276353,14.317821063276353,14.560219778561036,15.524174696260024,16.492422502470642,16.278820596099706,16.1245154965971,17.11724276862369,17.11724276862369,17.11724276862369,17.029386365926403,17.029386365926403,0.0,3.141592653589793,-3.0828368308740703,-3.079173843593836,-3.079173843593836,3.141592653589793,3.070285188804503,2.976443976175166,3.050932766389048,3.050932766389048,3.058451421701352,3.058451421701352,3.058451421701352,3.050932766389048,3.0419240010986313,3.0419240010986313,2.9441970937399127,2.922923707715851,2.896613990462929,3.017237659043032,3.017237659043032,3.0309354324158977,3.017237659043032,3.141592653589793,3.141592653589793,-2.8632929945846817,-2.2655346029916,0.0,0.0,0.0,0.0,0.0,0.0,0.0,0.0,0.0,0.0,0.0,-3.050932766389048,-2.961739153797315,-2.961739153797315,-2.896613990462929,-2.7928216500058864,-2.714965160462917,-2.819842099193151,-2.819842099193151,-2.896613990462929,-2.9147938055359073,-2.8632929945846817,-2.79856871316909,-2.843093722003614,-2.930499320367047,-2.930499320367047,-2.930499320367047,-2.8632929945846817,-2.8809902618424523,-2.896613990462929,-2.9562447035940984,-3.017237659043032,-3.024483909022929,-3.024483909022929,-3.024483909022929,-3.0828368308740703,-3.0828368308740703
29.66819171899988,router,ba:bd:de:13:68:55,-89,83.66156429244937,64,1.788959655770208,22.006159940537756,0,0,-13,-7,-13,-7,-13,-7,-13,-7,-12,-6,-12,-6,-11,-4,-11,-4,-10,-3,-10,-2,-10,-1,-10,0,-9,0,-10,0,-10,1,-9,2,-9,2,-9,2,-9,2,-8,2,-8,2,-8,2,-8,2,-9,2,-10,1,-10,1,0,0,0,0,0,0,0,0,0,0,0,0,0,0,0,0,0,0,0,0,0,0,-10,-7,-9,-7,-9,-7,-9,-8,-8,-8,-9,-8,-9,-8,-9,-9,-9,-8,-9,-9,-9,-9,-10,-10,-11,-10,-11,-10,-11,-10,-11,-11,-12,-11,-12,-11,-12,-11,-12,-11,-12,-11,-12,-12,-12,-12,-13,-13,-13,-14,-13,-14,0.0,14.7648230602334,14.7648230602334,14.7648230602334,14.7648230602334,13.416407864998739,13.416407864998739,11.704699910719626,11.704699910719626,10.44030650891055,10.198039027185569,10.04987562112089,10.0,9.0,10.0,10.04987562112089,9.219544457292887,9.219544457292887,9.219544457292887,9.219544457292887,8.246211251235321,8.246211251235321,8.246211251235321,8.246211251235321,9.219544457292887,10.04987562112089,10.04987562112089,0.0,0.0,0.0,0.0,0.0,0.0,0.0,0.0,0.0,0.0,0.0,12.206555615733702,11.40175425099138,11.40175425099138,12.041594578792296,11.313708498984761,12.041594578792296,12.041594578792296,12.727922061357855,12.041594578792296,12.727922061357855,12.727922061357855,14.142135623730951,14.866068747318506,14.866068747318506,14.866068747318506,15.556349186104045,16.278820596099706,16.278820596099706,16.278820596099706,16.278820596099706,16.278820596099706,16.97056274847714,16.97056274847714,18.384776310850235,19.1049731745428,19.1049731745428,0.0,-2.647651284670212,-2.647651284670212,-2.647651284670212,-2.647651284670212,-2.677945044588987,-2.677945044588987,-2.7928216500058864,-2.7928216500058864,-2.8501358591119264,-2.9441970937399127,-3.0419240010986313,3.141592653589793,3.141592653589793,3.141592653589793,3.0419240010986313,2.922923707715851,2.922923707715851,2.922923707715851,2.922923707715851,2.896613990462929,2.896613990462929,2.896613990462929,2.896613990462929,2.922923707715851,3.0419240010986313,3.0419240010986313,0.0,0.0,0.0,0.0,0.0,0.0,0.0,0.0,0.0,0.0,0.0,-2.5308666892005847,-2.4805494847391065,-2.4805494847391065,-2.4149503129080676,-2.356194490192345,-2.4149503129080676,-2.4149503129080676,-2.356194490192345,-2.4149503129080676,-2.356194490192345,-2.356194490192345,-2.356194490192345,-2.403777593469328,-2.403777593469328,-2.403777593469328,-2.356194490192345,-2.399645385583876,-2.399645385583876,-2.399645385583876,-2.399645385583876,-2.399645385583876,-2.356194490192345,-2.356194490192345,-2.356194490192345,-2.3191743743184148,-2.3191743743184148
29.775177610994433,router,ba:bd:de:13:68:55,-87,83.66156429244937,64,1.790715062147361,22.095626317158196,0,0,-17,0,-16,0,-15,-1,-14,0,-14,0,-13,0,-12,0,-11,1,-11,0,-10,1,-10,1,-10,2,-10,2,-10,2,-10,2,-10,2,-10,2,-10,2,-10,2,-9,2,-9,2,-9,2,-9,3,-9,3,-10,3,-11,3,0,0,0,0,0,0,0,0,0,0,0,0,0,0,0,0,0,0,0,0,0,0,-11,5,-11,5,-11,4,-12,4,-12,4,-12,3,-13,3,-14,3,-14,2,-14,1,-14,1,-15,1,-15,0,-15,0,-15,0,-15,0,-15,0,-16,-1,-16,-1,-17,-1,-17,-1,-17,-1,-17,-1,-17,-1,-18,-1,-18,-1,0.0,17.0,16.0,15.033296378372908,14.0,14.0,13.0,12.0,11.045361017187261,11.0,10.04987562112089,10.04987562112089,10.198039027185569,10.198039027185569,10.198039027185569,10.198039027185569,10.198039027185569,10.198039027185569,10.198039027185569,10.198039027185569,9.219544457292887,9.219544457292887,9.219544457292887,9.486832980505138,9.486832980505138,10.44030650891055,11.40175425099138,0.0,0.0,0.0,0.0,0.0,0.0,0.0,0.0,0.0,0.0,0.0,12.083045973594572,12.083045973594572,11.704699910719626,12.649110640673518,12.649110640673518,12.36931687685298,13.341664064126334,14.317821063276353,14.142135623730951,14.035668847618199,14.035668847618199,15.033296378372908,15.0,15.0,15.0,15.0,15.0,16.0312195418814,16.0312195418814,17.029386365926403,17.029386365926403,17.029386365926403,17.029386365926403,17.029386365926403,18.027756377319946,18.027756377319946,0.0,3.141592653589793,3.141592653589793,-3.0750244898139694,3.141592653589793,3.141592653589793,3.141592653589793,3.141592653589793,3.050932766389048,3.141592653589793,3.0419240010986313,3.0419240010986313,2.9441970937399127,2.9441970937399127,2.9441970937399127,2.9441970937399127,2.9441970937399127,2.9441970937399127,2.9441970937399127,2.9441970937399127,2.922923707715851,2.922923707715851,2.922923707715851,2.819842099193151,2.819842099193151,2.8501358591119264,2.875340604438868,0.0,0.0,0.0,0.0,0.0,0.0,0.0,0.0,0.0,0.0,0.0,2.714965160462917,2.714965160462917,2.7928216500058864,2.819842099193151,2.819842099193151,2.896613990462929,2.9147938055359073,2.930499320367047,2.999695598985629,3.070285188804503,3.070285188804503,3.0750244898139694,3.141592653589793,3.141592653589793,3.141592653589793,3.141592653589793,3.141592653589793,-3.079173843593836,-3.079173843593836,-3.0828368308740703,-3.0828368308740703,-3.0828368308740703,-3.0828368308740703,-3.0828368308740703,-3.0860941483440762,-3.0860941483440762
29.885043948997918,router,ba:bd:de:13:68:55,-84,83.66156429244937,64,1.792206023601877,22.229943216061216,0,0,-1,-16,0,-17,1,-18,1,-16,0,-15,0,-15,0,-14,0,-14,-1,-13,-1,-11,-2,-9,-3,-8,-3,-8,-3,-10,-3,-10,-4,-9,-4,-7,-3,-7,-3,-8,-4,-7,-4,-6,-3,-7,-2,-6,-1,-3,0,-2,2,-2,0,0,0,0,0,0,0,0,0,0,0,0,0,0,0,0,0,0,0,0,0,0,1,-7,-2,-8,-3,-12,-3,-16,-4,-15,-2,-15,0,-15,1,-14,1,-14,0,-16,-2,-17,-1,-16,0,-17,0,-16,-1,-16,-2,-16,0,-17,1,-16,1,-16,0,-17,0,-17,1,-18,1,-18,1,-18,1,-18,1,-21,0.0,16.0312195418814,17.0,18.027756377319946,16.0312195418814,15.0,15.0,14.0,14.0,13.038404810405298,11.045361017187261,9.219544457292887,8.54400374531753,8.54400374531753,10.44030650891055,10.44030650891055,9.848857801796104,8.06225774829855,7.615773105863909,8.54400374531753,8.06225774829855,7.211102550927978,7.615773105863909,6.324555320336759,3.1622776601683795,2.0,2.8284271247461903,0.0,0.0,0.0,0.0,0.0,0.0,0.0,0.0,0.0,0.0,0.0,7.0710678118654755,8.246211251235321,12.36931687685298,16.278820596099706,15.524174696260024,15.132745950421556,15.0,14.035668847618199,14.035668847618199,16.0,17.11724276862369,16.0312195418814,17.0,16.0,16.0312195418814,16.1245154965971,17.0,16.0312195418814,16.0312195418814,17.0,17.0,18.027756377319946,18.027756377319946,18.027756377319946,18.027756377319946,21.02379604162864,0.0,-1.633215136790854,-1.5707963267948966,-1.5152978215491797,-1.5083775167989393,-1.5707963267948966,-1.5707963267948966,-1.5707963267948966,-1.5707963267948966,-1.6475682180646747,-1.6614562139956417,-1.7894652726688385,-1.9295669970654687,-1.9295669970654687,-1.8622531212727638,-1.8622531212727638,-1.9890206563741257,-2.0899424410414196,-1.97568811307998,-1.9295669970654687,-2.0899424410414196,-2.158798930342464,-1.97568811307998,-1.892546881191539,-1.892546881191539,-1.5707963267948966,-0.7853981633974483,0.0,0.0,0.0,0.0,0.0,0.0,0.0,0.0,0.0,0.0,0.0,-1.4288992721907328,-1.8157749899217608,-1.8157749899217608,-1.7561442767905915,-1.8313987185422376,-1.7033478590915707,-1.5707963267948966,-1.4994888620096063,-1.4994888620096063,-1.5707963267948966,-1.687905071361761,-1.633215136790854,-1.5707963267948966,-1.5707963267948966,-1.633215136790854,-1.695151321341658,-1.5707963267948966,-1.5083775167989393,-1.5083775167989393,-1.5707963267948966,-1.5707963267948966,-1.5152978215491797,-1.5152978215491797,-1.5152978215491797,-1.5152978215491797,-1.5232132235179132
29.995278481997957,router,ba:bd:de:13:68:55,-85,83.66156429244937,64,1.79432161463075,22.416517353837364,0,0,-4,15,-5,13,-5,12,-4,12,-4,11,-4,10,-3,10,-3,9,-4,8,-3,7,-2,7,0,7,1,7,1,6,0,6,0,5,0,3,0,3,0,5,1,5,2,4,2,3,2,3,1,2,1,3,2,5,0,0,0,0,0,0,0,0,0,0,0,0,0,0,0,0,0,0,0,0,0,0,-3,10,-4,10,-5,10,-5,10,-5,11,-6,12,-7,12,-8,11,-8,11,-7,12,-7,13,-7,12,-7,11,-8,12,-8,12,-7,13,-7,13,-7,13,-7,13,-8,14,-8,15,-8,14,-8,14,-8,15,-7,16,-6,16,0.0,15.524174696260024,13.92838827718412,13.0,12.649110640673518,11.704699910719626,10.770329614269007,10.44030650891055,9.486832980505138,8.94427190999916,7.615773105863909,7.280109889280518,7.0,7.0710678118654755,6.082762530298219,6.0,5.0,3.0,3.0,5.0,5.0990195135927845,4.47213595499958,3.605551275463989,3.605551275463989,2.23606797749979,3.1622776601683795,5.385164807134504,0.0,0.0,0.0,0.0,0.0,0.0,0.0,0.0,0.0,0.0,0.0,10.44030650891055,10.770329614269007,11.180339887498949,11.180339887498949,12.083045973594572,13.416407864998739,13.892443989449804,13.601470508735444,13.601470508735444,13.892443989449804,14.7648230602334,13.892443989449804,13.038404810405298,14.422205101855956,14.422205101855956,14.7648230602334,14.7648230602334,14.7648230602334,14.7648230602334,16.1245154965971,17.0,16.1245154965971,16.1245154965971,17.0,17.46424919657298,17.08800749063506,0.0,1.8313987185422376,1.9379701606131159,1.965587446494658,1.892546881191539,1.9195673303788037,1.9513027039072615,1.8622531212727638,1.892546881191539,2.0344439357957027,1.97568811307998,1.849095985800008,1.5707963267948966,1.4288992721907328,1.4056476493802699,1.5707963267948966,1.5707963267948966,1.5707963267948966,1.5707963267948966,1.5707963267948966,1.373400766945016,1.1071487177940904,0.982793723247329,0.982793723247329,1.1071487177940904,1.2490457723982544,1.1902899496825317,0.0,0.0,0.0,0.0,0.0,0.0,0.0,0.0,0.0,0.0,0.0,1.8622531212727638,1.9513027039072615,2.0344439357957027,2.0344439357957027,1.9974238199217726,2.0344439357957027,2.0988707752212563,2.1995926132103296,2.1995926132103296,2.0988707752212563,2.0647376957144776,2.0988707752212563,2.137525544318403,2.158798930342464,2.158798930342464,2.0647376957144776,2.0647376957144776,2.0647376957144776,2.0647376957144776,2.0899424410414196,2.060753653048625,2.0899424410414196,2.0899424410414196,2.060753653048625,1.9832067683922838,1.9295669970654687
30.10528792099649,router,ba:bd:de:13:68:55,-81,90.88089531558666,64,1.792579585998666,22.815351159258,0,0,-8,-15,-8,-15,-7,-15,-6,-14,-6,-14,-7,-12,-7,-12,-7,-11,-7,-11,-7,-10,-7,-10,-8,-9,-7,-9,-7,-9,-8,-8,-8,-7,-7,-8,-7,-8,-7,-8,-6,-8,-5,-8,-5,-8,-5,-7,-4,-7,-4,-7,-4,-7,0,0,0,0,0,0,0,0,0,0,0,0,0,0,0,0,0,0,0,0,0,0,-7,-8,-7,-9,-7,-9,-8,-11,-7,-12,-7,-13,-7,-13,-7,-12,-6,-12,-6,-13,-6,-14,-6,-14,-6,-15,-5,-14,-6,-14,-6,-15,-6,-15,-6,-15,-7,-15,-7,-15,-7,-16,-7,-16,-7,-16,-7,-16,-7,-16,-7,-15,0.0,17.0,17.0,16.55294535724685,15.231546211727817,15.231546211727817,13.892443989449804,13.892443989449804,13.038404810405298,13.038404810405298,12.206555615733702,12.206555615733702,12.041594578792296,11.40175425099138,11.40175425099138,11.313708498984761,10.63014581273465,10.63014581273465,10.63014581273465,10.63014581273465,10.0,9.433981132056603,9.433981132056603,8.602325267042627,8.06225774829855,8.06225774829855,8.06225774829855,0.0,0.0,0.0,0.0,0.0,0.0,0.0,0.0,0.0,0.0,0.0,10.63014581273465,11.40175425099138,11.40175425099138,13.601470508735444,13.892443989449804,14.7648230602334,14.7648230602334,13.892443989449804,13.416407864998739,14.317821063276353,15.231546211727817,15.231546211727817,16.15549442140351,14.866068747318506,15.231546211727817,16.15549442140351,16.15549442140351,16.15549442140351,16.55294535724685,16.55294535724685,17.46424919657298,17.46424919657298,17.46424919657298,17.46424919657298,17.46424919657298,16.55294535724685,0.0,-2.060753653048625,-2.060753653048625,-2.007423486608438,-1.97568811307998,-1.97568811307998,-2.0988707752212563,-2.0988707752212563,-2.137525544318403,-2.137525544318403,-2.1815222911841055,-2.1815222911841055,-2.297438667476622,-2.2318394956455836,-2.2318394956455836,-2.356194490192345,-2.4227626539681686,-2.289626326416521,-2.289626326416521,-2.289626326416521,-2.214297435588181,-2.129395642138459,-2.129395642138459,-2.191045812777718,-2.0899424410414196,-2.0899424410414196,-2.0899424410414196,0.0,0.0,0.0,0.0,0.0,0.0,0.0,0.0,0.0,0.0,0.0,-2.289626326416521,-2.2318394956455836,-2.2318394956455836,-2.1995926132103296,-2.0988707752212563,-2.0647376957144776,-2.0647376957144776,-2.0988707752212563,-2.0344439357957027,-2.0032041023654346,-1.97568811307998,-1.97568811307998,-1.9513027039072615,-1.9138202672156,-1.97568811307998,-1.9513027039072615,-1.9513027039072615,-1.9513027039072615,-2.007423486608438,-2.007423486608438,-1.9832067683922838,-1.9832067683922838,-1.9832067683922838,-1.9832067683922838,-1.9832067683922838,-2.007423486608438
30.23502663099498,router,ba:bd:de:13:68:55,-87,90.88089531558666,64,1.7947599910523375,23.12571319281542,0,0,-12,4,-11,5,-11,4,-10,4,-9,4,-8,4,-7,4,-6,4,-5,4,-4,4,-3,4,-3,4,-2,5,-2,5,-2,6,-2,6,-1,6,-1,6,-1,6,-1,6,0,6,0,5,0,4,0,3,0,3,1,2,0,0,0,0,0,0,0,0,0,0,0,0,0,0,0,0,0,0,0,0,0,0,-11,7,-12,7,-12,7,-13,7,-13,7,-14,7,-15,6,-15,6,-16,6,-15,5,-15,5,-16,5,-16,5,-17,5,-17,5,-17,5,-17,5,-17,5,-17,5,-17,6,-17,5,-17,6,-17,6,-16,6,-16,6,-16,7,0.0,12.649110640673518,12.083045973594572,11.704699910719626,10.770329614269007,9.848857801796104,8.94427190999916,8.06225774829855,7.211102550927978,6.4031242374328485,5.656854249492381,5.0,5.0,5.385164807134504,5.385164807134504,6.324555320336759,6.324555320336759,6.082762530298219,6.082762530298219,6.082762530298219,6.082762530298219,6.0,5.0,4.0,3.0,3.0,2.23606797749979,0.0,0.0,0.0,0.0,0.0,0.0,0.0,0.0,0.0,0.0,0.0,13.038404810405298,13.892443989449804,13.892443989449804,14.7648230602334,14.7648230602334,15.652475842498529,16.15549442140351,16.15549442140351,17.08800749063506,15.811388300841896,15.811388300841896,16.76305461424021,16.76305461424021,17.72004514666935,17.72004514666935,17.72004514666935,17.72004514666935,17.72004514666935,17.72004514666935,18.027756377319946,17.72004514666935,18.027756377319946,18.027756377319946,17.08800749063506,17.08800749063506,17.46424919657298,0.0,2.819842099193151,2.714965160462917,2.7928216500058864,2.761086276477428,2.723368324010564,2.677945044588987,2.62244653934327,2.5535900500422257,2.4668517113662407,2.356194490192345,2.214297435588181,2.214297435588181,1.9513027039072615,1.9513027039072615,1.892546881191539,1.892546881191539,1.7359450042095235,1.7359450042095235,1.7359450042095235,1.7359450042095235,1.5707963267948966,1.5707963267948966,1.5707963267948966,1.5707963267948966,1.5707963267948966,1.1071487177940904,0.0,0.0,0.0,0.0,0.0,0.0,0.0,0.0,0.0,0.0,0.0,2.5748634360662868,2.6135182051634334,2.6135182051634334,2.647651284670212,2.647651284670212,2.677945044588987,2.761086276477428,2.761086276477428,2.782821983319221,2.819842099193151,2.819842099193151,2.838707785214822,2.838707785214822,2.8555412118724752,2.8555412118724752,2.8555412118724752,2.8555412118724752,2.8555412118724752,2.8555412118724752,2.8023000391357487,2.8555412118724752,2.8023000391357487,2.8023000391357487,2.782821983319221,2.782821983319221,2.729182211992406
30.33610958099598,router,ba:bd:de:13:68:55,-83,90.88089531558666,64,1.7932569162029144,23.37676615415646,0,0,5,15,6,15,6,14,6,12,6,12,6,11,6,10,6,8,7,7,8,8,7,8,7,7,7,6,7,6,6,6,7,5,8,5,8,4,8,4,8,5,8,5,7,4,7,5,7,4,5,4,4,5,0,0,0,0,0,0,0,0,0,0,0,0,0,0,0,0,0,0,0,0,0,0,4,7,6,11,4,12,3,11,3,13,2,13,2,14,3,14,3,13,5,12,6,12,5,13,4,14,4,14,4,15,3,16,3,15,3,14,3,14,3,16,4,16,5,16,6,16,7,18,6,18,5,17,0.0,15.811388300841896,16.15549442140351,15.231546211727817,13.416407864998739,13.416407864998739,12.529964086141668,11.661903789690601,10.0,9.899494936611665,11.313708498984761,10.63014581273465,9.899494936611665,9.219544457292887,9.219544457292887,8.48528137423857,8.602325267042627,9.433981132056603,8.94427190999916,8.94427190999916,9.433981132056603,9.433981132056603,8.06225774829855,8.602325267042627,8.06225774829855,6.4031242374328485,6.4031242374328485,0.0,0.0,0.0,0.0,0.0,0.0,0.0,0.0,0.0,0.0,0.0,8.06225774829855,12.529964086141668,12.649110640673518,11.40175425099138,13.341664064126334,13.152946437965905,14.142135623730951,14.317821063276353,13.341664064126334,13.0,13.416407864998739,13.92838827718412,14.560219778561036,14.560219778561036,15.524174696260024,16.278820596099706,15.297058540778355,14.317821063276353,14.317821063276353,16.278820596099706,16.492422502470642,16.76305461424021,17.08800749063506,19.313207915827967,18.973665961010276,17.72004514666935,0.0,1.2490457723982544,1.1902899496825317,1.1659045405098132,1.1071487177940904,1.1071487177940904,1.0714496051147666,1.0303768265243125,0.9272952180016122,0.7853981633974483,0.7853981633974483,0.8519663271732721,0.7853981633974483,0.7086262721276703,0.7086262721276703,0.7853981633974483,0.6202494859828215,0.5585993153435624,0.4636476090008061,0.4636476090008061,0.5585993153435624,0.5585993153435624,0.5191461142465229,0.6202494859828215,0.5191461142465229,0.6747409422235526,0.8960553845713439,0.0,0.0,0.0,0.0,0.0,0.0,0.0,0.0,0.0,0.0,0.0,1.0516502125483738,1.0714496051147666,1.2490457723982544,1.3045442776439713,1.3439974787410107,1.4181469983996315,1.4288992721907328,1.35970299357215,1.3439974787410107,1.176005207095135,1.1071487177940904,1.2036224929766774,1.2924966677897853,1.2924966677897853,1.3101939350475555,1.3854483767992019,1.373400766945016,1.35970299357215,1.35970299357215,1.3854483767992019,1.3258176636680326,1.2679114584199251,1.2120256565243244,1.1999050379822342,1.2490457723982544,1.2847448850775784
30.445392025998444,router,ba:bd:de:13:68:55,-84,90.88089531558666,64,1.7972149514342033,23.588685391579133,0,0,-17,-3,-15,-5,-13,-5,-12,-5,-11,-4,-10,-2,-10,-1,-10,-1,-10,-1,-9,0,-8,0,-7,0,-6,-1,-7,0,-5,2,-4,3,-3,2,-3,2,-4,3,-3,2,-3,3,-4,3,-3,3,-2,3,-3,2,-4,2,0,0,0,0,0,0,0,0,0,0,0,0,0,0,0,0,0,0,0,0,0,0,-13,-7,-12,-8,-12,-8,-13,-8,-14,-10,-14,-11,-14,-10,-14,-10,-14,-11,-13,-11,-13,-11,-13,-10,-14,-10,-14,-11,-14,-10,-14,-9,-15,-9,-15,-9,-15,-9,-16,-9,-16,-9,-17,-9,-17,-8,-17,-6,-16,-6,-16,-8,0.0,17.26267650163207,15.811388300841896,13.92838827718412,13.0,11.704699910719626,10.198039027185569,10.04987562112089,10.04987562112089,10.04987562112089,9.0,8.0,7.0,6.082762530298219,7.0,5.385164807134504,5.0,3.605551275463989,3.605551275463989,5.0,3.605551275463989,4.242640687119285,5.0,4.242640687119285,3.605551275463989,3.605551275463989,4.47213595499958,0.0,0.0,0.0,0.0,0.0,0.0,0.0,0.0,0.0,0.0,0.0,14.7648230602334,14.422205101855956,14.422205101855956,15.264337522473747,17.204650534085253,17.804493814764857,17.204650534085253,17.204650534085253,17.804493814764857,17.029386365926403,17.029386365926403,16.401219466856727,17.204650534085253,17.804493814764857,17.204650534085253,16.64331697709324,17.4928556845359,17.4928556845359,17.4928556845359,18.35755975068582,18.35755975068582,19.235384061671343,18.788294228055936,18.027756377319946,17.08800749063506,17.88854381999832,0.0,-2.9669204545815537,-2.819842099193151,-2.774418819771574,-2.746801533890032,-2.7928216500058864,-2.9441970937399127,-3.0419240010986313,-3.0419240010986313,-3.0419240010986313,3.141592653589793,3.141592653589793,3.141592653589793,-2.976443976175166,3.141592653589793,2.761086276477428,2.498091544796509,2.5535900500422257,2.5535900500422257,2.498091544796509,2.5535900500422257,2.356194490192345,2.498091544796509,2.356194490192345,2.158798930342464,2.5535900500422257,2.677945044588987,0.0,0.0,0.0,0.0,0.0,0.0,0.0,0.0,0.0,0.0,0.0,-2.647651284670212,-2.5535900500422257,-2.5535900500422257,-2.5899376710612465,-2.5213431676069717,-2.4756234162106834,-2.5213431676069717,-2.5213431676069717,-2.4756234162106834,-2.439335722080786,-2.439335722080786,-2.485897027348257,-2.5213431676069717,-2.4756234162106834,-2.5213431676069717,-2.5702551737561663,-2.601173153319209,-2.601173153319209,-2.601173153319209,-2.6292031932790554,-2.6292031932790554,-2.654693421778524,-2.701750070774057,-2.8023000391357487,-2.782821983319221,-2.677945044588987
30.54550341799768,router,ba:bd:de:13:68:55,-88,90.88089531558666,64,1.800431967201757,23.78413940060302,0,0,-4,-13,-4,-12,-5,-11,-5,-11,-5,-10,-5,-9,-5,-8,-4,-7,-5,-6,-5,-6,-5,-5,-5,-5,-5,-5,-5,-4,-5,-3,-5,-3,-6,-2,-6,-1,-6,-1,-6,-1,-6,-1,-7,-1,-7,-1,-8,-1,-9,-2,-9,-2,0,0,0,0,0,0,0,0,0,0,0,0,0,0,0,0,0,0,0,0,0,0,-4,-9,-4,-10,-4,-10,-4,-10,-5,-11,-5,-12,-5,-12,-6,-12,-6,-12,-6,-12,-5,-13,-6,-13,-6,-13,-6,-13,-7,-14,-6,-14,-6,-14,-6,-14,-7,-15,-7,-15,-6,-15,-6,-15,-5,-14,-5,-14,-4,-14,-4,-14,0.0,13.601470508735444,12.649110640673518,12.083045973594572,12.083045973594572,11.180339887498949,10.295630140987,9.433981132056603,8.06225774829855,7.810249675906654,7.810249675906654,7.0710678118654755,7.0710678118654755,7.0710678118654755,6.4031242374328485,5.830951894845301,5.830951894845301,6.324555320336759,6.082762530298219,6.082762530298219,6.082762530298219,6.082762530298219,7.0710678118654755,7.0710678118654755,8.06225774829855,9.219544457292887,9.219544457292887,0.0,0.0,0.0,0.0,0.0,0.0,0.0,0.0,0.0,0.0,0.0,9.848857801796104,10.770329614269007,10.770329614269007,10.770329614269007,12.083045973594572,13.0,13.0,13.416407864998739,13.416407864998739,13.416407864998739,13.92838827718412,14.317821063276353,14.317821063276353,14.317821063276353,15.652475842498529,15.231546211727817,15.231546211727817,15.231546211727817,16.55294535724685,16.55294535724685,16.15549442140351,16.15549442140351,14.866068747318506,14.866068747318506,14.560219778561036,14.560219778561036,0.0,-1.8692952583810758,-1.892546881191539,-1.9974238199217726,-1.9974238199217726,-2.0344439357957027,-2.0778948311872334,-2.129395642138459,-2.0899424410414196,-2.2655346029916,-2.2655346029916,-2.356194490192345,-2.356194490192345,-2.356194490192345,-2.4668517113662407,-2.601173153319209,-2.601173153319209,-2.819842099193151,-2.976443976175166,-2.976443976175166,-2.976443976175166,-2.976443976175166,-2.999695598985629,-2.999695598985629,-3.017237659043032,-2.922923707715851,-2.922923707715851,0.0,0.0,0.0,0.0,0.0,0.0,0.0,0.0,0.0,0.0,0.0,-1.9890206563741257,-1.9513027039072615,-1.9513027039072615,-1.9513027039072615,-1.9974238199217726,-1.965587446494658,-1.965587446494658,-2.0344439357957027,-2.0344439357957027,-2.0344439357957027,-1.9379701606131159,-2.0032041023654346,-2.0032041023654346,-2.0032041023654346,-2.0344439357957027,-1.97568811307998,-1.97568811307998,-1.97568811307998,-2.007423486608438,-2.007423486608438,-1.9513027039072615,-1.9513027039072615,-1.9138202672156,-1.9138202672156,-1.849095985800008,-1.849095985800008
30.64581012299459,router,ba:bd:de:13:68:55,-86,90.88089531558666,64,1.8066375258525702,23.965923377608412,0,0,5,15,6,15,6,13,5,12,5,11,5,9,4,6,4,5,5,6,5,5,4,3,4,3,4,4,4,3,4,1,5,0,6,1,4,2,3,2,2,0,3,0,4,0,3,-1,3,-2,4,0,5,2,0,0,0,0,0,0,0,0,0,0,0,0,0,0,0,0,0,0,0,0,0,0,5,8,5,7,4,8,5,10,6,11,7,12,6,12,6,13,6,13,5,13,6,13,6,13,5,14,4,14,5,13,5,13,5,13,5,12,6,12,6,12,7,13,7,14,7,15,8,15,7,15,5,15,0.0,15.811388300841896,16.15549442140351,14.317821063276353,13.0,12.083045973594572,10.295630140987,7.211102550927978,6.4031242374328485,7.810249675906654,7.0710678118654755,5.0,5.0,5.656854249492381,5.0,4.123105625617661,5.0,6.082762530298219,4.47213595499958,3.605551275463989,2.0,3.0,4.0,3.1622776601683795,3.605551275463989,4.0,5.385164807134504,0.0,0.0,0.0,0.0,0.0,0.0,0.0,0.0,0.0,0.0,0.0,9.433981132056603,8.602325267042627,8.94427190999916,11.180339887498949,12.529964086141668,13.892443989449804,13.416407864998739,14.317821063276353,14.317821063276353,13.92838827718412,14.317821063276353,14.317821063276353,14.866068747318506,14.560219778561036,13.92838827718412,13.92838827718412,13.92838827718412,13.0,13.416407864998739,13.416407864998739,14.7648230602334,15.652475842498529,16.55294535724685,17.0,16.55294535724685,15.811388300841896,0.0,1.2490457723982544,1.1902899496825317,1.1383885512243588,1.176005207095135,1.1441688336680205,1.0636978224025597,0.982793723247329,0.8960553845713439,0.8760580505981934,0.7853981633974483,0.6435011087932844,0.6435011087932844,0.7853981633974483,0.6435011087932844,0.24497866312686414,0.0,0.16514867741462683,0.4636476090008061,0.5880026035475675,0.0,0.0,0.0,-0.3217505543966422,-0.5880026035475675,0.0,0.3805063771123649,0.0,0.0,0.0,0.0,0.0,0.0,0.0,0.0,0.0,0.0,0.0,1.0121970114513341,0.9505468408120752,1.1071487177940904,1.1071487177940904,1.0714496051147666,1.042721878368537,1.1071487177940904,1.1383885512243588,1.1383885512243588,1.2036224929766774,1.1383885512243588,1.1383885512243588,1.2277723863741932,1.2924966677897853,1.2036224929766774,1.2036224929766774,1.2036224929766774,1.176005207095135,1.1071487177940904,1.1071487177940904,1.0768549578753155,1.1071487177940904,1.1341691669813554,1.0808390005411683,1.1341691669813554,1.2490457723982544
30.75744419399416,router,ba:bd:de:13:68:55,-85,90.88089531558666,64,1.8097681286009495,24.142182811068217,0,0,-14,3,-13,2,-12,2,-13,2,-12,3,-11,3,-10,3,-8,3,-8,3,-7,3,-6,3,-6,3,-5,2,-4,4,-4,4,-3,4,-3,3,-4,3,-3,4,-2,4,-2,4,-2,4,-3,4,-3,3,-3,3,-1,4,0,0,0,0,0,0,0,0,0,0,0,0,0,0,0,0,0,0,0,0,0,0,-11,6,-12,5,-13,4,-13,3,-12,3,-13,4,-14,4,-14,2,-15,2,-15,2,-15,2,-15,3,-15,2,-15,2,-16,1,-17,2,-16,3,-16,3,-16,3,-16,3,-16,3,-16,3,-16,2,-16,3,-17,4,-18,4,0.0,14.317821063276353,13.152946437965905,12.165525060596439,13.152946437965905,12.36931687685298,11.40175425099138,10.44030650891055,8.54400374531753,8.54400374531753,7.615773105863909,6.708203932499369,6.708203932499369,5.385164807134504,5.656854249492381,5.656854249492381,5.0,4.242640687119285,5.0,5.0,4.47213595499958,4.47213595499958,4.47213595499958,5.0,4.242640687119285,4.242640687119285,4.123105625617661,0.0,0.0,0.0,0.0,0.0,0.0,0.0,0.0,0.0,0.0,0.0,12.529964086141668,13.0,13.601470508735444,13.341664064126334,12.36931687685298,13.601470508735444,14.560219778561036,14.142135623730951,15.132745950421556,15.132745950421556,15.132745950421556,15.297058540778355,15.132745950421556,15.132745950421556,16.0312195418814,17.11724276862369,16.278820596099706,16.278820596099706,16.278820596099706,16.278820596099706,16.278820596099706,16.278820596099706,16.1245154965971,16.278820596099706,17.46424919657298,18.439088914585774,0.0,2.930499320367047,2.988943325194528,2.976443976175166,2.988943325194528,2.896613990462929,2.875340604438868,2.8501358591119264,2.782821983319221,2.782821983319221,2.7367008673047097,2.677945044588987,2.677945044588987,2.761086276477428,2.356194490192345,2.356194490192345,2.214297435588181,2.356194490192345,2.498091544796509,2.214297435588181,2.0344439357957027,2.0344439357957027,2.0344439357957027,2.214297435588181,2.356194490192345,2.356194490192345,1.8157749899217608,0.0,0.0,0.0,0.0,0.0,0.0,0.0,0.0,0.0,0.0,0.0,2.642245931909663,2.746801533890032,2.843093722003614,2.9147938055359073,2.896613990462929,2.843093722003614,2.8632929945846817,2.999695598985629,3.0090411212931194,3.0090411212931194,3.0090411212931194,2.9441970937399127,3.0090411212931194,3.0090411212931194,3.079173843593836,3.024483909022929,2.9562447035940984,2.9562447035940984,2.9562447035940984,2.9562447035940984,2.9562447035940984,2.9562447035940984,3.017237659043032,2.9562447035940984,2.9105019863938963,2.922923707715851
30.864334533995134,router,ba:bd:de:13:68:55,-85,90.88089531558666,64,1.8117878533850749,24.301923450528466,0,0,5,16,4,15,4,13,4,13,5,12,5,10,3,9,4,7,5,6,5,6,5,5,6,5,6,5,5,4,4,3,5,3,5,3,6,3,6,2,6,0,6,0,5,2,4,1,4,1,5,0,6,-1,0,0,0,0,0,0,0,0,0,0,0,0,0,0,0,0,0,0,0,0,0,0,6,9,5,11,3,12,3,13,3,13,3,14,3,14,3,14,4,14,4,15,4,15,3,16,3,16,4,15,4,15,3,16,3,16,3,15,3,16,3,17,4,18,4,18,4,17,3,16,3,17,4,18,0.0,16.76305461424021,15.524174696260024,13.601470508735444,13.601470508735444,13.0,11.180339887498949,9.486832980505138,8.06225774829855,7.810249675906654,7.810249675906654,7.0710678118654755,7.810249675906654,7.810249675906654,6.4031242374328485,5.0,5.830951894845301,5.830951894845301,6.708203932499369,6.324555320336759,6.0,6.0,5.385164807134504,4.123105625617661,4.123105625617661,5.0,6.082762530298219,0.0,0.0,0.0,0.0,0.0,0.0,0.0,0.0,0.0,0.0,0.0,10.816653826391969,12.083045973594572,12.36931687685298,13.341664064126334,13.341664064126334,14.317821063276353,14.317821063276353,14.317821063276353,14.560219778561036,15.524174696260024,15.524174696260024,16.278820596099706,16.278820596099706,15.524174696260024,15.524174696260024,16.278820596099706,16.278820596099706,15.297058540778355,16.278820596099706,17.26267650163207,18.439088914585774,18.439088914585774,17.46424919657298,16.278820596099706,17.26267650163207,18.439088914585774,0.0,1.2679114584199251,1.3101939350475555,1.2722973952087173,1.2722973952087173,1.176005207095135,1.1071487177940904,1.2490457723982544,1.0516502125483738,0.8760580505981934,0.8760580505981934,0.7853981633974483,0.6947382761967031,0.6947382761967031,0.6747409422235526,0.6435011087932844,0.5404195002705842,0.5404195002705842,0.4636476090008061,0.3217505543966422,0.0,0.0,0.3805063771123649,0.24497866312686414,0.24497866312686414,0.0,-0.16514867741462683,0.0,0.0,0.0,0.0,0.0,0.0,0.0,0.0,0.0,0.0,0.0,0.982793723247329,1.1441688336680205,1.3258176636680326,1.3439974787410107,1.3439974787410107,1.35970299357215,1.35970299357215,1.35970299357215,1.2924966677897853,1.3101939350475555,1.3101939350475555,1.3854483767992019,1.3854483767992019,1.3101939350475555,1.3101939350475555,1.3854483767992019,1.3854483767992019,1.373400766945016,1.3854483767992019,1.396124127786657,1.3521273809209546,1.3521273809209546,1.3397056595989996,1.3854483767992019,1.396124127786657,1.3521273809209546
30.9647457760002,router,ba:bd:de:13:68:55,-85,90.88089531558666,64,1.8129734226281888,24.428119114379413,0,0,2,-16,2,-17,3,-17,3,-15,1,-13,-1,-12,-1,-11,0,-11,1,-9,2,-9,0,-8,-1,-7,-3,-6,-5,-7,-5,-7,-5,-6,-5,-6,-5,-6,-5,-7,-4,-6,-5,-5,-6,-5,-7,-6,-7,-7,-6,-7,-4,-6,0,0,0,0,0,0,0,0,0,0,0,0,0,0,0,0,0,0,0,0,0,0,2,-12,2,-11,2,-11,3,-12,5,-12,5,-12,5,-13,5,-13,5,-13,5,-13,4,-14,4,-16,4,-15,5,-12,4,-13,3,-15,3,-16,3,-16,3,-16,4,-18,3,-18,3,-18,2,-18,2,-19,3,-19,4,-19,0.0,16.1245154965971,17.11724276862369,17.26267650163207,15.297058540778355,13.038404810405298,12.041594578792296,11.045361017187261,11.0,9.055385138137417,9.219544457292887,8.0,7.0710678118654755,6.708203932499369,8.602325267042627,8.602325267042627,7.810249675906654,7.810249675906654,7.810249675906654,8.602325267042627,7.211102550927978,7.0710678118654755,7.810249675906654,9.219544457292887,9.899494936611665,9.219544457292887,7.211102550927978,0.0,0.0,0.0,0.0,0.0,0.0,0.0,0.0,0.0,0.0,0.0,12.165525060596439,11.180339887498949,11.180339887498949,12.36931687685298,13.0,13.0,13.92838827718412,13.92838827718412,13.92838827718412,13.92838827718412,14.560219778561036,16.492422502470642,15.524174696260024,13.0,13.601470508735444,15.297058540778355,16.278820596099706,16.278820596099706,16.278820596099706,18.439088914585774,18.24828759089466,18.24828759089466,18.110770276274835,19.1049731745428,19.235384061671343,19.4164878389476,0.0,-1.446441332248135,-1.4536875822280324,-1.396124127786657,-1.373400766945016,-1.4940244355251187,-1.6539375586833378,-1.6614562139956417,-1.5707963267948966,-1.460139105621001,-1.3521273809209546,-1.5707963267948966,-1.7126933813990606,-2.0344439357957027,-2.191045812777718,-2.191045812777718,-2.2655346029916,-2.2655346029916,-2.2655346029916,-2.191045812777718,-2.158798930342464,-2.356194490192345,-2.44685437739309,-2.432966381462123,-2.356194490192345,-2.279422598922567,-2.158798930342464,0.0,0.0,0.0,0.0,0.0,0.0,0.0,0.0,0.0,0.0,0.0,-1.4056476493802699,-1.3909428270024184,-1.3909428270024184,-1.3258176636680326,-1.176005207095135,-1.176005207095135,-1.2036224929766774,-1.2036224929766774,-1.2036224929766774,-1.2036224929766774,-1.2924966677897853,-1.3258176636680326,-1.3101939350475555,-1.176005207095135,-1.2722973952087173,-1.373400766945016,-1.3854483767992019,-1.3854483767992019,-1.3854483767992019,-1.3521273809209546,-1.4056476493802699,-1.4056476493802699,-1.460139105621001,-1.4659193880646628,-1.4141944498128813,-1.3633001003596938
31.074451411994232,router,ba:bd:de:13:68:55,-83,91.18595317763408,64,1.8125681817284038,24.528712975756356,0,0,8,13,7,14,6,14,5,13,5,12,5,11,4,9,4,8,4,8,4,7,5,6,6,6,6,5,6,4,6,4,6,4,6,4,6,4,5,4,4,4,4,4,5,3,4,2,4,2,3,3,2,3,0,0,0,0,0,0,0,0,0,0,0,0,0,0,0,0,0,0,0,0,0,0,3,7,5,8,5,9,5,10,5,10,5,10,5,11,4,12,5,13,5,12,4,11,4,11,5,12,5,13,5,13,5,14,5,14,5,14,6,14,8,14,8,14,8,14,7,14,6,15,6,15,6,15,0.0,15.264337522473747,15.652475842498529,15.231546211727817,13.92838827718412,13.0,12.083045973594572,9.848857801796104,8.94427190999916,8.94427190999916,8.06225774829855,7.810249675906654,8.48528137423857,7.810249675906654,7.211102550927978,7.211102550927978,7.211102550927978,7.211102550927978,7.211102550927978,6.4031242374328485,5.656854249492381,5.656854249492381,5.830951894845301,4.47213595499958,4.47213595499958,4.242640687119285,3.605551275463989,0.0,0.0,0.0,0.0,0.0,0.0,0.0,0.0,0.0,0.0,0.0,7.615773105863909,9.433981132056603,10.295630140987,11.180339887498949,11.180339887498949,11.180339887498949,12.083045973594572,12.649110640673518,13.92838827718412,13.0,11.704699910719626,11.704699910719626,13.0,13.92838827718412,13.92838827718412,14.866068747318506,14.866068747318506,14.866068747318506,15.231546211727817,16.1245154965971,16.1245154965971,16.1245154965971,15.652475842498529,16.15549442140351,16.15549442140351,16.15549442140351,0.0,1.0191413442663497,1.1071487177940904,1.1659045405098132,1.2036224929766774,1.176005207095135,1.1441688336680205,1.1525719972156676,1.1071487177940904,1.1071487177940904,1.0516502125483738,0.8760580505981934,0.7853981633974483,0.6947382761967031,0.5880026035475675,0.5880026035475675,0.5880026035475675,0.5880026035475675,0.5880026035475675,0.6747409422235526,0.7853981633974483,0.7853981633974483,0.5404195002705842,0.4636476090008061,0.4636476090008061,0.7853981633974483,0.982793723247329,0.0,0.0,0.0,0.0,0.0,0.0,0.0,0.0,0.0,0.0,0.0,1.1659045405098132,1.0121970114513341,1.0636978224025597,1.1071487177940904,1.1071487177940904,1.1071487177940904,1.1441688336680205,1.2490457723982544,1.2036224929766774,1.176005207095135,1.2220253232109897,1.2220253232109897,1.176005207095135,1.2036224929766774,1.2036224929766774,1.2277723863741932,1.2277723863741932,1.2277723863741932,1.1659045405098132,1.0516502125483738,1.0516502125483738,1.0516502125483738,1.1071487177940904,1.1902899496825317,1.1902899496825317,1.1902899496825317
31.174934424998355,router,ba:bd:de:13:68:55,-85,91.18595317763408,64,1.8124416547840405,24.586806480342638,0,0,14,-11,13,-10,13,-10,11,-10,9,-8,9,-6,8,-6,6,-6,6,-6,6,-6,4,-7,4,-6,5,-5,5,-6,4,-7,3,-8,3,-7,3,-6,2,-5,1,-4,1,-4,1,-4,0,-4,0,-4,-1,-4,-3,-5,0,0,0,0,0,0,0,0,0,0,0,0,0,0,0,0,0,0,0,0,0,0,8,-10,9,-9,9,-9,8,-8,8,-9,9,-9,10,-8,10,-8,10,-8,11,-9,11,-10,11,-8,12,-7,12,-7,12,-8,13,-9,13,-8,12,-8,12,-10,13,-11,13,-11,13,-9,13,-8,14,-9,14,-10,15,-10,0.0,17.804493814764857,16.401219466856727,16.401219466856727,14.866068747318506,12.041594578792296,10.816653826391969,10.0,8.48528137423857,8.48528137423857,8.48528137423857,8.06225774829855,7.211102550927978,7.0710678118654755,7.810249675906654,8.06225774829855,8.54400374531753,7.615773105863909,6.708203932499369,5.385164807134504,4.123105625617661,4.123105625617661,4.123105625617661,4.0,4.0,4.123105625617661,5.830951894845301,0.0,0.0,0.0,0.0,0.0,0.0,0.0,0.0,0.0,0.0,0.0,12.806248474865697,12.727922061357855,12.727922061357855,11.313708498984761,12.041594578792296,12.727922061357855,12.806248474865697,12.806248474865697,12.806248474865697,14.212670403551895,14.866068747318506,13.601470508735444,13.892443989449804,13.892443989449804,14.422205101855956,15.811388300841896,15.264337522473747,14.422205101855956,15.620499351813308,17.029386365926403,17.029386365926403,15.811388300841896,15.264337522473747,16.64331697709324,17.204650534085253,18.027756377319946,0.0,-0.6659692373791098,-0.6556956262415362,-0.6556956262415362,-0.7378150601204649,-0.7266423406817256,-0.5880026035475675,-0.6435011087932844,-0.7853981633974483,-0.7853981633974483,-0.7853981633974483,-1.0516502125483738,-0.982793723247329,-0.7853981633974483,-0.8760580505981934,-1.0516502125483738,-1.2120256565243244,-1.1659045405098132,-1.1071487177940904,-1.1902899496825317,-1.3258176636680326,-1.3258176636680326,-1.3258176636680326,-1.5707963267948966,-1.5707963267948966,-1.8157749899217608,-2.1112158270654806,0.0,0.0,0.0,0.0,0.0,0.0,0.0,0.0,0.0,0.0,0.0,-0.8960553845713439,-0.7853981633974483,-0.7853981633974483,-0.7853981633974483,-0.844153986113171,-0.7853981633974483,-0.6747409422235526,-0.6747409422235526,-0.6747409422235526,-0.6857295109062863,-0.7378150601204649,-0.628796286415433,-0.5280744484263596,-0.5280744484263596,-0.5880026035475675,-0.6055446636049701,-0.5516549825285468,-0.5880026035475675,-0.6947382761967031,-0.702256931509007,-0.702256931509007,-0.6055446636049701,-0.5516549825285468,-0.5713374798336268,-0.6202494859828215,-0.5880026035475675
31.28658057499706,router,ba:bd:de:13:68:55,-84,91.18595317763408,64,1.812605714249402,24.59388930619209,0,0,-18,-10,-15,-9,-13,-9,-12,-9,-11,-9,-12,-8,-11,-7,-9,-7,-8,-7,-8,-6,-8,-5,-7,-4,-6,-5,-6,-6,-6,-4,-6,-3,-5,-3,-5,-3,-4,-3,-4,-3,-5,-2,-5,-2,-5,-1,-4,-1,-3,-1,-4,-3,0,0,0,0,0,0,0,0,0,0,0,0,0,0,0,0,0,0,0,0,0,0,-11,-5,-13,-4,-13,-3,-12,-5,-11,-7,-13,-7,-13,-7,-12,-7,-12,-8,-13,-9,-14,-8,-14,-7,-14,-8,-14,-8,-14,-9,-13,-9,-13,-8,-15,-8,-15,-8,-15,-8,-15,-9,-15,-9,-16,-10,-17,-10,-16,-10,-15,-10,0.0,20.591260281974,17.4928556845359,15.811388300841896,15.0,14.212670403551895,14.422205101855956,13.038404810405298,11.40175425099138,10.63014581273465,10.0,9.433981132056603,8.06225774829855,7.810249675906654,8.48528137423857,7.211102550927978,6.708203932499369,5.830951894845301,5.830951894845301,5.0,5.0,5.385164807134504,5.385164807134504,5.0990195135927845,4.123105625617661,3.1622776601683795,5.0,0.0,0.0,0.0,0.0,0.0,0.0,0.0,0.0,0.0,0.0,0.0,12.083045973594572,13.601470508735444,13.341664064126334,13.0,13.038404810405298,14.7648230602334,14.7648230602334,13.892443989449804,14.422205101855956,15.811388300841896,16.1245154965971,15.652475842498529,16.1245154965971,16.1245154965971,16.64331697709324,15.811388300841896,15.264337522473747,17.0,17.0,17.0,17.4928556845359,17.4928556845359,18.867962264113206,19.72308292331602,18.867962264113206,18.027756377319946,0.0,-2.6344941491974563,-2.601173153319209,-2.5360479899848234,-2.498091544796509,-2.455863142683507,-2.5535900500422257,-2.5748634360662868,-2.4805494847391065,-2.4227626539681686,-2.498091544796509,-2.5829933382462307,-2.62244653934327,-2.44685437739309,-2.356194490192345,-2.5535900500422257,-2.677945044588987,-2.601173153319209,-2.601173153319209,-2.498091544796509,-2.498091544796509,-2.761086276477428,-2.761086276477428,-2.9441970937399127,-2.896613990462929,-2.819842099193151,-2.498091544796509,0.0,0.0,0.0,0.0,0.0,0.0,0.0,0.0,0.0,0.0,0.0,-2.714965160462917,-2.843093722003614,-2.9147938055359073,-2.746801533890032,-2.5748634360662868,-2.647651284670212,-2.647651284670212,-2.6135182051634334,-2.5535900500422257,-2.5360479899848234,-2.62244653934327,-2.677945044588987,-2.62244653934327,-2.62244653934327,-2.5702551737561663,-2.5360479899848234,-2.5899376710612465,-2.651635327336065,-2.651635327336065,-2.651635327336065,-2.601173153319209,-2.601173153319209,-2.5829933382462307,-2.609868586330988,-2.5829933382462307,-2.5535900500422257
31.394220144997234,router,ba:bd:de:13:68:55,-85,91.18595317763408,64,1.8139441796277491,24.573678458981092,0,0,-13,10,-12,9,-11,8,-11,9,-9,8,-7,6,-7,5,-7,6,-6,6,-5,5,-5,5,-5,5,-4,5,-3,5,-2,5,-2,5,-2,5,-1,4,-1,3,-1,3,-2,3,-2,2,-2,3,-2,3,0,3,2,2,0,0,0,0,0,0,0,0,0,0,0,0,0,0,0,0,0,0,0,0,0,0,-5,10,-7,9,-9,8,-7,8,-4,9,-3,11,-6,11,-6,10,-4,8,-5,9,-7,10,-9,11,-10,11,-10,10,-10,9,-9,9,-8,10,-8,10,-8,10,-10,11,-11,11,-10,10,-11,11,-13,12,-13,12,-10,13,0.0,16.401219466856727,15.0,13.601470508735444,14.212670403551895,12.041594578792296,9.219544457292887,8.602325267042627,9.219544457292887,8.48528137423857,7.0710678118654755,7.0710678118654755,7.0710678118654755,6.4031242374328485,5.830951894845301,5.385164807134504,5.385164807134504,5.385164807134504,4.123105625617661,3.1622776601683795,3.1622776601683795,3.605551275463989,2.8284271247461903,3.605551275463989,3.605551275463989,3.0,2.8284271247461903,0.0,0.0,0.0,0.0,0.0,0.0,0.0,0.0,0.0,0.0,0.0,11.180339887498949,11.40175425099138,12.041594578792296,10.63014581273465,9.848857801796104,11.40175425099138,12.529964086141668,11.661903789690601,8.94427190999916,10.295630140987,12.206555615733702,14.212670403551895,14.866068747318506,14.142135623730951,13.45362404707371,12.727922061357855,12.806248474865697,12.806248474865697,12.806248474865697,14.866068747318506,15.556349186104045,14.142135623730951,15.556349186104045,17.69180601295413,17.69180601295413,16.401219466856727,0.0,2.485897027348257,2.498091544796509,2.5127963671743605,2.455863142683507,2.4149503129080676,2.432966381462123,2.5213431676069717,2.432966381462123,2.356194490192345,2.356194490192345,2.356194490192345,2.356194490192345,2.2455372690184494,2.1112158270654806,1.9513027039072615,1.9513027039072615,1.9513027039072615,1.8157749899217608,1.892546881191539,1.892546881191539,2.158798930342464,2.356194490192345,2.158798930342464,2.158798930342464,1.5707963267948966,0.7853981633974483,0.0,0.0,0.0,0.0,0.0,0.0,0.0,0.0,0.0,0.0,0.0,2.0344439357957027,2.2318394956455836,2.4149503129080676,2.289626326416521,1.9890206563741257,1.837048375945822,2.0701430484750265,2.1112158270654806,2.0344439357957027,2.0778948311872334,2.1815222911841055,2.256525837701183,2.3086113869153615,2.356194490192345,2.408777551803287,2.356194490192345,2.2455372690184494,2.2455372690184494,2.2455372690184494,2.3086113869153615,2.356194490192345,2.356194490192345,2.356194490192345,2.396173177315635,2.396173177315635,2.2264919530364327
31.49568792199716,router,ba:bd:de:13:68:55,-84,91.18595317763408,64,1.8155729007417132,24.52074989052793,0,0,-6,-16,-5,-17,-4,-16,-4,-15,-3,-15,-3,-13,-2,-11,-2,-11,-4,-10,-5,-10,-4,-8,-4,-7,-4,-7,-4,-7,-4,-7,-5,-6,-5,-5,-4,-4,-4,-3,-3,-3,-3,-4,-3,-3,-4,-3,-5,-3,-5,-4,-5,-5,0,0,0,0,0,0,0,0,0,0,0,0,0,0,0,0,0,0,0,0,0,0,-4,-10,-5,-12,-6,-12,-6,-12,-4,-12,-2,-13,-2,-12,-2,-12,-1,-12,-2,-13,-3,-13,-1,-14,-1,-16,-2,-17,-1,-15,-2,-14,-2,-15,-1,-16,-2,-16,-4,-15,-4,-14,-5,-15,-6,-16,-5,-17,-4,-18,-4,-19,0.0,17.08800749063506,17.72004514666935,16.492422502470642,15.524174696260024,15.297058540778355,13.341664064126334,11.180339887498949,11.180339887498949,10.770329614269007,11.180339887498949,8.94427190999916,8.06225774829855,8.06225774829855,8.06225774829855,8.06225774829855,7.810249675906654,7.0710678118654755,5.656854249492381,5.0,4.242640687119285,5.0,4.242640687119285,5.0,5.830951894845301,6.4031242374328485,7.0710678118654755,0.0,0.0,0.0,0.0,0.0,0.0,0.0,0.0,0.0,0.0,0.0,10.770329614269007,13.0,13.416407864998739,13.416407864998739,12.649110640673518,13.152946437965905,12.165525060596439,12.165525060596439,12.041594578792296,13.152946437965905,13.341664064126334,14.035668847618199,16.0312195418814,17.11724276862369,15.033296378372908,14.142135623730951,15.132745950421556,16.0312195418814,16.1245154965971,15.524174696260024,14.560219778561036,15.811388300841896,17.08800749063506,17.72004514666935,18.439088914585774,19.4164878389476,0.0,-1.9295669970654687,-1.856847768512215,-1.8157749899217608,-1.8313987185422376,-1.7681918866447774,-1.7975951748487824,-1.750649826587375,-1.750649826587375,-1.9513027039072615,-2.0344439357957027,-2.0344439357957027,-2.0899424410414196,-2.0899424410414196,-2.0899424410414196,-2.0899424410414196,-2.2655346029916,-2.356194490192345,-2.356194490192345,-2.498091544796509,-2.356194490192345,-2.214297435588181,-2.356194490192345,-2.498091544796509,-2.601173153319209,-2.4668517113662407,-2.356194490192345,0.0,0.0,0.0,0.0,0.0,0.0,0.0,0.0,0.0,0.0,0.0,-1.9513027039072615,-1.965587446494658,-2.0344439357957027,-2.0344439357957027,-1.892546881191539,-1.7234456551901618,-1.7359450042095235,-1.7359450042095235,-1.6539375586833378,-1.7234456551901618,-1.7975951748487824,-1.642103791580187,-1.633215136790854,-1.687905071361761,-1.6373644905707205,-1.7126933813990606,-1.7033478590915707,-1.633215136790854,-1.695151321341658,-1.8313987185422376,-1.849095985800008,-1.892546881191539,-1.9295669970654687,-1.856847768512215,-1.7894652726688385,-1.7782925532300993
31.604933077993337,router,ba:bd:de:13:68:55,-84,91.18595317763408,64,1.8172077121521948,24.438923191056798,0,0,-12,13,-11,12,-10,12,-10,11,-10,10,-9,9,-8,9,-7,9,-6,8,-6,7,-6,5,-6,4,-5,4,-6,5,-6,4,-5,4,-4,5,-3,4,-3,3,-3,3,-4,3,-4,3,-4,3,-3,1,-2,1,-3,3,0,0,0,0,0,0,0,0,0,0,0,0,0,0,0,0,0,0,0,0,0,0,-5,9,-5,9,-5,9,-6,9,-7,9,-7,9,-8,9,-8,9,-9,10,-9,10,-8,11,-8,11,-8,10,-9,10,-10,11,-10,11,-10,12,-10,12,-9,11,-10,11,-11,12,-11,13,-10,14,-9,14,-10,14,-10,13,0.0,17.69180601295413,16.278820596099706,15.620499351813308,14.866068747318506,14.142135623730951,12.727922061357855,12.041594578792296,11.40175425099138,10.0,9.219544457292887,7.810249675906654,7.211102550927978,6.4031242374328485,7.810249675906654,7.211102550927978,6.4031242374328485,6.4031242374328485,5.0,4.242640687119285,4.242640687119285,5.0,5.0,5.0,3.1622776601683795,2.23606797749979,4.242640687119285,0.0,0.0,0.0,0.0,0.0,0.0,0.0,0.0,0.0,0.0,0.0,10.295630140987,10.295630140987,10.295630140987,10.816653826391969,11.40175425099138,11.40175425099138,12.041594578792296,12.041594578792296,13.45362404707371,13.45362404707371,13.601470508735444,13.601470508735444,12.806248474865697,13.45362404707371,14.866068747318506,14.866068747318506,15.620499351813308,15.620499351813308,14.212670403551895,14.866068747318506,16.278820596099706,17.029386365926403,17.204650534085253,16.64331697709324,17.204650534085253,16.401219466856727,0.0,2.316215803069055,2.312743594800814,2.2655346029916,2.3086113869153615,2.356194490192345,2.356194490192345,2.297438667476622,2.2318394956455836,2.214297435588181,2.279422598922567,2.44685437739309,2.5535900500422257,2.4668517113662407,2.44685437739309,2.5535900500422257,2.4668517113662407,2.2455372690184494,2.214297435588181,2.356194490192345,2.356194490192345,2.498091544796509,2.498091544796509,2.498091544796509,2.819842099193151,2.677945044588987,2.356194490192345,0.0,0.0,0.0,0.0,0.0,0.0,0.0,0.0,0.0,0.0,0.0,2.0778948311872334,2.0778948311872334,2.0778948311872334,2.158798930342464,2.2318394956455836,2.2318394956455836,2.297438667476622,2.297438667476622,2.3036114285814033,2.3036114285814033,2.1995926132103296,2.1995926132103296,2.2455372690184494,2.3036114285814033,2.3086113869153615,2.3086113869153615,2.2655346029916,2.2655346029916,2.256525837701183,2.3086113869153615,2.312743594800814,2.2730532583039036,2.191045812777718,2.1421338066285234,2.191045812777718,2.2264919530364327
31.705014174993266,router,ba:bd:de:13:68:55,-85,91.18595317763408,64,1.821876717361822,24.328221514772732,0,0,-4,16,-6,15,-5,15,-4,15,-2,13,-1,11,-1,10,-1,9,0,9,1,9,1,8,0,6,0,4,1,2,3,1,3,2,1,3,0,4,-1,3,-1,0,0,-1,2,-1,2,0,1,0,0,-1,-2,0,0,0,0,0,0,0,0,0,0,0,0,0,0,0,0,0,0,0,0,0,0,0,-1,8,-3,10,-2,12,-1,12,-2,13,-3,14,-3,14,-3,14,-3,15,-5,14,-6,14,-6,14,-4,14,-4,14,-4,14,-4,14,-4,15,-4,16,-3,16,-3,17,-2,18,-2,18,-2,17,-2,17,-2,17,-3,18,0.0,16.492422502470642,16.15549442140351,15.811388300841896,15.524174696260024,13.152946437965905,11.045361017187261,10.04987562112089,9.055385138137417,9.0,9.055385138137417,8.06225774829855,6.0,4.0,2.23606797749979,3.1622776601683795,3.605551275463989,3.1622776601683795,4.0,3.1622776601683795,1.0,1.0,2.23606797749979,2.0,1.0,1.0,2.0,0.0,0.0,0.0,0.0,0.0,0.0,0.0,0.0,0.0,0.0,0.0,8.06225774829855,10.44030650891055,12.165525060596439,12.041594578792296,13.152946437965905,14.317821063276353,14.317821063276353,14.317821063276353,15.297058540778355,14.866068747318506,15.231546211727817,15.231546211727817,14.560219778561036,14.560219778561036,14.560219778561036,14.560219778561036,15.524174696260024,16.492422502470642,16.278820596099706,17.26267650163207,18.110770276274835,18.110770276274835,17.11724276862369,17.11724276862369,17.11724276862369,18.24828759089466,0.0,1.8157749899217608,1.9513027039072615,1.892546881191539,1.8313987185422376,1.7234456551901618,1.6614562139956417,1.6704649792860586,1.6814535479687922,1.5707963267948966,1.460139105621001,1.446441332248135,1.5707963267948966,1.5707963267948966,1.1071487177940904,0.3217505543966422,0.5880026035475675,1.2490457723982544,1.5707963267948966,1.892546881191539,3.141592653589793,-1.5707963267948966,-0.4636476090008061,0.0,0.0,-1.5707963267948966,3.141592653589793,0.0,0.0,0.0,0.0,0.0,0.0,0.0,0.0,0.0,0.0,0.0,1.695151321341658,1.8622531212727638,1.7359450042095235,1.6539375586833378,1.7234456551901618,1.7818896600176433,1.7818896600176433,1.7818896600176433,1.7681918866447774,1.9138202672156,1.97568811307998,1.97568811307998,1.849095985800008,1.849095985800008,1.849095985800008,1.849095985800008,1.8313987185422376,1.8157749899217608,1.7561442767905915,1.7454685258031364,1.6814535479687922,1.6814535479687922,1.687905071361761,1.687905071361761,1.687905071361761,1.7359450042095235
31.805495844993857,router,ba:bd:de:13:68:55,-82,91.18595317763408,64,1.825347724484513,24.185289328405627,0,0,14,-13,13,-12,12,-10,10,-9,10,-9,9,-10,8,-10,7,-9,7,-8,7,-7,5,-7,3,-7,2,-7,2,-7,2,-7,2,-7,3,-7,3,-6,2,-5,2,-5,1,-6,1,-6,0,-5,0,-5,0,-4,2,-4,0,0,0,0,0,0,0,0,0,0,0,0,0,0,0,0,0,0,0,0,0,0,10,-5,9,-5,10,-5,11,-5,12,-4,13,-4,14,-4,13,-5,14,-4,14,-4,12,-5,11,-7,12,-9,13,-8,13,-8,13,-7,13,-7,13,-7,14,-7,15,-8,15,-10,15,-12,16,-12,16,-10,15,-9,15,-8,0.0,19.1049731745428,17.69180601295413,15.620499351813308,13.45362404707371,13.45362404707371,13.45362404707371,12.806248474865697,11.40175425099138,10.63014581273465,9.899494936611665,8.602325267042627,7.615773105863909,7.280109889280518,7.280109889280518,7.280109889280518,7.280109889280518,7.615773105863909,6.708203932499369,5.385164807134504,5.385164807134504,6.082762530298219,6.082762530298219,5.0,5.0,4.0,4.47213595499958,0.0,0.0,0.0,0.0,0.0,0.0,0.0,0.0,0.0,0.0,0.0,11.180339887498949,10.295630140987,11.180339887498949,12.083045973594572,12.649110640673518,13.601470508735444,14.560219778561036,13.92838827718412,14.560219778561036,14.560219778561036,13.0,13.038404810405298,15.0,15.264337522473747,15.264337522473747,14.7648230602334,14.7648230602334,14.7648230602334,15.652475842498529,17.0,18.027756377319946,19.209372712298546,20.0,18.867962264113206,17.4928556845359,17.0,0.0,-0.7483780475235183,-0.7454194762741583,-0.6947382761967031,-0.7328151017865066,-0.7328151017865066,-0.83798122500839,-0.8960553845713439,-0.9097531579442097,-0.8519663271732721,-0.7853981633974483,-0.9505468408120752,-1.1659045405098132,-1.2924966677897853,-1.2924966677897853,-1.2924966677897853,-1.2924966677897853,-1.1659045405098132,-1.1071487177940904,-1.1902899496825317,-1.1902899496825317,-1.4056476493802699,-1.4056476493802699,-1.5707963267948966,-1.5707963267948966,-1.5707963267948966,-1.1071487177940904,0.0,0.0,0.0,0.0,0.0,0.0,0.0,0.0,0.0,0.0,0.0,-0.4636476090008061,-0.507098504392337,-0.4636476090008061,-0.4266274931268761,-0.3217505543966422,-0.2984989315861793,-0.27829965900511133,-0.3671738338182192,-0.27829965900511133,-0.27829965900511133,-0.3947911196997615,-0.5667292175235064,-0.6435011087932844,-0.5516549825285468,-0.5516549825285468,-0.49394136891958124,-0.49394136891958124,-0.49394136891958124,-0.4636476090008061,-0.4899573262537283,-0.5880026035475675,-0.6747409422235526,-0.6435011087932844,-0.5585993153435624,-0.5404195002705842,-0.4899573262537283
31.90955869899335,router,ba:bd:de:13:68:55,-85,91.18595317763408,64,1.8299319943278798,24.012249836416252,0,0,-12,10,-11,10,-9,9,-9,9,-9,9,-9,9,-8,8,-7,6,-6,5,-6,5,-6,5,-5,5,-4,5,-4,4,-3,3,-3,3,-3,2,-2,1,-1,1,-1,1,-2,2,-2,1,-3,1,-3,0,-2,0,-2,1,0,0,0,0,0,0,0,0,0,0,0,0,0,0,0,0,0,0,0,0,0,0,-9,6,-10,6,-10,6,-11,6,-11,6,-11,6,-11,6,-12,7,-12,8,-11,9,-10,9,-11,9,-12,9,-13,8,-14,10,-15,11,-14,10,-13,10,-13,10,-13,10,-12,11,-12,12,-13,12,-13,12,-13,11,-14,11,0.0,15.620499351813308,14.866068747318506,12.727922061357855,12.727922061357855,12.727922061357855,12.727922061357855,11.313708498984761,9.219544457292887,7.810249675906654,7.810249675906654,7.810249675906654,7.0710678118654755,6.4031242374328485,5.656854249492381,4.242640687119285,4.242640687119285,3.605551275463989,2.23606797749979,1.4142135623730951,1.4142135623730951,2.8284271247461903,2.23606797749979,3.1622776601683795,3.0,2.0,2.23606797749979,0.0,0.0,0.0,0.0,0.0,0.0,0.0,0.0,0.0,0.0,0.0,10.816653826391969,11.661903789690601,11.661903789690601,12.529964086141668,12.529964086141668,12.529964086141668,12.529964086141668,13.892443989449804,14.422205101855956,14.212670403551895,13.45362404707371,14.212670403551895,15.0,15.264337522473747,17.204650534085253,18.601075237738275,17.204650534085253,16.401219466856727,16.401219466856727,16.401219466856727,16.278820596099706,16.97056274847714,17.69180601295413,17.69180601295413,17.029386365926403,17.804493814764857,0.0,2.44685437739309,2.403777593469328,2.356194490192345,2.356194490192345,2.356194490192345,2.356194490192345,2.356194490192345,2.432966381462123,2.44685437739309,2.44685437739309,2.44685437739309,2.356194490192345,2.2455372690184494,2.356194490192345,2.356194490192345,2.356194490192345,2.5535900500422257,2.677945044588987,2.356194490192345,2.356194490192345,2.356194490192345,2.677945044588987,2.819842099193151,3.141592653589793,3.141592653589793,2.677945044588987,0.0,0.0,0.0,0.0,0.0,0.0,0.0,0.0,0.0,0.0,0.0,2.5535900500422257,2.601173153319209,2.601173153319209,2.642245931909663,2.642245931909663,2.642245931909663,2.642245931909663,2.6135182051634334,2.5535900500422257,2.455863142683507,2.408777551803287,2.455863142683507,2.498091544796509,2.5899376710612465,2.5213431676069717,2.5088438185876103,2.5213431676069717,2.485897027348257,2.485897027348257,2.485897027348257,2.399645385583876,2.356194490192345,2.396173177315635,2.396173177315635,2.439335722080786,2.4756234162106834
32.01561439399666,router,ba:bd:de:13:68:55,-83,91.18595317763408,64,1.8326858659925893,23.80746717712347,0,0,-18,-4,-17,-5,-16,-5,-14,-4,-14,-4,-13,-4,-12,-4,-10,-3,-10,-3,-11,-2,-10,-1,-10,-1,-10,-1,-8,-1,-8,-1,-7,0,-7,0,-7,0,-7,0,-5,-1,-4,-1,-4,-1,-4,-1,-4,-2,-3,-3,-1,-3,0,0,0,0,0,0,0,0,0,0,0,0,0,0,0,0,0,0,0,0,0,0,-10,-5,-9,-6,-10,-6,-11,-6,-10,-6,-10,-7,-10,-7,-10,-8,-11,-8,-12,-8,-13,-8,-12,-8,-12,-8,-13,-8,-14,-7,-14,-7,-14,-7,-15,-7,-15,-7,-16,-6,-16,-7,-17,-6,-17,-6,-17,-6,-18,-7,-18,-8,0.0,18.439088914585774,17.72004514666935,16.76305461424021,14.560219778561036,14.560219778561036,13.601470508735444,12.649110640673518,10.44030650891055,10.44030650891055,11.180339887498949,10.04987562112089,10.04987562112089,10.04987562112089,8.06225774829855,8.06225774829855,7.0,7.0,7.0,7.0,5.0990195135927845,4.123105625617661,4.123105625617661,4.123105625617661,4.47213595499958,4.242640687119285,3.1622776601683795,0.0,0.0,0.0,0.0,0.0,0.0,0.0,0.0,0.0,0.0,0.0,11.180339887498949,10.816653826391969,11.661903789690601,12.529964086141668,11.661903789690601,12.206555615733702,12.206555615733702,12.806248474865697,13.601470508735444,14.422205101855956,15.264337522473747,14.422205101855956,14.422205101855956,15.264337522473747,15.652475842498529,15.652475842498529,15.652475842498529,16.55294535724685,16.55294535724685,17.08800749063506,17.46424919657298,18.027756377319946,18.027756377319946,18.027756377319946,19.313207915827967,19.697715603592208,0.0,-2.922923707715851,-2.8555412118724752,-2.838707785214822,-2.8632929945846817,-2.8632929945846817,-2.843093722003614,-2.819842099193151,-2.8501358591119264,-2.8501358591119264,-2.961739153797315,-3.0419240010986313,-3.0419240010986313,-3.0419240010986313,-3.017237659043032,-3.017237659043032,3.141592653589793,3.141592653589793,3.141592653589793,3.141592653589793,-2.9441970937399127,-2.896613990462929,-2.896613990462929,-2.896613990462929,-2.677945044588987,-2.356194490192345,-1.892546881191539,0.0,0.0,0.0,0.0,0.0,0.0,0.0,0.0,0.0,0.0,0.0,-2.677945044588987,-2.5535900500422257,-2.601173153319209,-2.642245931909663,-2.601173153319209,-2.5308666892005847,-2.5308666892005847,-2.4668517113662407,-2.5127963671743605,-2.5535900500422257,-2.5899376710612465,-2.5535900500422257,-2.5535900500422257,-2.5899376710612465,-2.677945044588987,-2.677945044588987,-2.677945044588987,-2.704965493776252,-2.704965493776252,-2.782821983319221,-2.729182211992406,-2.8023000391357487,-2.8023000391357487,-2.8023000391357487,-2.770701364777131,-2.723368324010564
32.116515149995394,router,ba:bd:de:13:68:55,-84,97.8203756727762,64,1.8369922306378665,23.39312014523477,0,0,15,0,16,0,16,2,15,1,14,0,12,0,11,0,10,1,10,0,9,-1,9,-1,8,0,7,0,7,0,6,-1,5,-1,5,-1,5,-1,4,-1,3,-1,3,-1,3,-1,3,-1,3,-1,3,0,4,1,0,0,0,0,0,0,0,0,0,0,0,0,0,0,0,0,0,0,0,0,0,0,11,-2,11,-2,12,-1,14,-1,14,-1,13,0,14,1,15,0,16,0,16,-1,16,0,16,1,17,1,17,2,17,2,17,1,17,0,17,1,17,1,17,-1,18,-1,17,0,17,0,18,1,19,1,19,0,0.0,15.0,16.0,16.1245154965971,15.033296378372908,14.0,12.0,11.0,10.04987562112089,10.0,9.055385138137417,9.055385138137417,8.0,7.0,7.0,6.082762530298219,5.0990195135927845,5.0990195135927845,5.0990195135927845,4.123105625617661,3.1622776601683795,3.1622776601683795,3.1622776601683795,3.1622776601683795,3.1622776601683795,3.0,4.123105625617661,0.0,0.0,0.0,0.0,0.0,0.0,0.0,0.0,0.0,0.0,0.0,11.180339887498949,11.180339887498949,12.041594578792296,14.035668847618199,14.035668847618199,13.0,14.035668847618199,15.0,16.0,16.0312195418814,16.0,16.0312195418814,17.029386365926403,17.11724276862369,17.11724276862369,17.029386365926403,17.0,17.029386365926403,17.029386365926403,17.029386365926403,18.027756377319946,17.0,17.0,18.027756377319946,19.026297590440446,19.0,0.0,0.0,0.0,0.12435499454676144,0.06656816377582381,0.0,0.0,0.0,0.09966865249116202,0.0,-0.11065722117389565,-0.11065722117389565,0.0,0.0,0.0,-0.16514867741462683,-0.19739555984988075,-0.19739555984988075,-0.19739555984988075,-0.24497866312686414,-0.3217505543966422,-0.3217505543966422,-0.3217505543966422,-0.3217505543966422,-0.3217505543966422,0.0,0.24497866312686414,0.0,0.0,0.0,0.0,0.0,0.0,0.0,0.0,0.0,0.0,0.0,-0.17985349979247828,-0.17985349979247828,-0.08314123188844123,-0.07130746478529032,-0.07130746478529032,0.0,0.07130746478529032,0.0,0.0,-0.06241880999595735,0.0,0.06241880999595735,0.058755822715722696,0.11710874456686428,0.11710874456686428,0.058755822715722696,0.0,0.058755822715722696,0.058755822715722696,-0.058755822715722696,-0.05549850524571683,0.0,0.0,0.05549850524571683,0.05258306161094172,0.0
32.21710824499314,router,ba:bd:de:13:68:55,-85,97.8203756727762,64,1.8438877350457497,23.10031463919915,0,0,-14,10,-13,10,-11,8,-11,7,-11,7,-9,7,-9,4,-9,4,-7,4,-5,4,-5,3,-4,3,-4,4,-5,4,-5,3,-3,2,-2,2,-2,2,-3,1,-2,0,-1,0,-1,1,-1,1,-1,1,0,0,2,0,0,0,0,0,0,0,0,0,0,0,0,0,0,0,0,0,0,0,0,0,0,0,-10,8,-10,7,-11,7,-13,6,-13,4,-13,4,-14,6,-14,6,-14,5,-14,7,-15,8,-13,7,-12,6,-13,6,-15,7,-16,8,-15,9,-15,9,-16,8,-16,7,-15,8,-14,9,-13,9,-13,10,-13,10,-13,7,0.0,17.204650534085253,16.401219466856727,13.601470508735444,13.038404810405298,13.038404810405298,11.40175425099138,9.848857801796104,9.848857801796104,8.06225774829855,6.4031242374328485,5.830951894845301,5.0,5.656854249492381,6.4031242374328485,5.830951894845301,3.605551275463989,2.8284271247461903,2.8284271247461903,3.1622776601683795,2.0,1.0,1.4142135623730951,1.4142135623730951,1.4142135623730951,0.0,2.0,0.0,0.0,0.0,0.0,0.0,0.0,0.0,0.0,0.0,0.0,0.0,12.806248474865697,12.206555615733702,13.038404810405298,14.317821063276353,13.601470508735444,13.601470508735444,15.231546211727817,15.231546211727817,14.866068747318506,15.652475842498529,17.0,14.7648230602334,13.416407864998739,14.317821063276353,16.55294535724685,17.88854381999832,17.4928556845359,17.4928556845359,17.88854381999832,17.46424919657298,17.0,16.64331697709324,15.811388300841896,16.401219466856727,16.401219466856727,14.7648230602334,0.0,2.5213431676069717,2.485897027348257,2.5127963671743605,2.5748634360662868,2.5748634360662868,2.4805494847391065,2.723368324010564,2.723368324010564,2.62244653934327,2.4668517113662407,2.601173153319209,2.498091544796509,2.356194490192345,2.4668517113662407,2.601173153319209,2.5535900500422257,2.356194490192345,2.356194490192345,2.819842099193151,3.141592653589793,3.141592653589793,2.356194490192345,2.356194490192345,2.356194490192345,0.0,0.0,0.0,0.0,0.0,0.0,0.0,0.0,0.0,0.0,0.0,0.0,0.0,2.4668517113662407,2.5308666892005847,2.5748634360662868,2.7091848780192556,2.843093722003614,2.843093722003614,2.7367008673047097,2.7367008673047097,2.79856871316909,2.677945044588987,2.651635327336065,2.647651284670212,2.677945044588987,2.7091848780192556,2.704965493776252,2.677945044588987,2.601173153319209,2.601173153319209,2.677945044588987,2.729182211992406,2.651635327336065,2.5702551737561663,2.5360479899848234,2.485897027348257,2.485897027348257,2.647651284670212
32.32520598399424,router,ba:bd:de:13:68:55,-85,97.8203756727762,64,1.852026401008923,22.909035315116878,0,0,4,-18,5,-18,5,-16,5,-15,4,-14,4,-13,3,-12,3,-11,3,-9,3,-9,4,-9,3,-8,1,-7,1,-6,2,-6,2,-7,1,-6,1,-4,1,-2,0,-2,0,-2,0,-2,1,-2,2,-2,1,-2,-2,-2,0,0,0,0,0,0,0,0,0,0,0,0,0,0,0,0,0,0,0,0,0,0,6,-12,7,-11,7,-11,6,-11,7,-12,7,-13,8,-13,9,-13,10,-14,10,-14,10,-13,9,-13,8,-14,8,-15,7,-16,6,-16,7,-16,8,-16,7,-17,7,-18,7,-16,6,-15,6,-17,6,-18,7,-18,6,-19,0.0,18.439088914585774,18.681541692269406,16.76305461424021,15.811388300841896,14.560219778561036,13.601470508735444,12.36931687685298,11.40175425099138,9.486832980505138,9.486832980505138,9.848857801796104,8.54400374531753,7.0710678118654755,6.082762530298219,6.324555320336759,7.280109889280518,6.082762530298219,4.123105625617661,2.23606797749979,2.0,2.0,2.0,2.23606797749979,2.8284271247461903,2.23606797749979,2.8284271247461903,0.0,0.0,0.0,0.0,0.0,0.0,0.0,0.0,0.0,0.0,0.0,13.416407864998739,13.038404810405298,13.038404810405298,12.529964086141668,13.892443989449804,14.7648230602334,15.264337522473747,15.811388300841896,17.204650534085253,17.204650534085253,16.401219466856727,15.811388300841896,16.1245154965971,17.0,17.46424919657298,17.08800749063506,17.46424919657298,17.88854381999832,18.384776310850235,19.313207915827967,17.46424919657298,16.15549442140351,18.027756377319946,18.973665961010276,19.313207915827967,19.924858845171276,0.0,-1.3521273809209546,-1.299849476456476,-1.2679114584199251,-1.2490457723982544,-1.2924966677897853,-1.2722973952087173,-1.3258176636680326,-1.3045442776439713,-1.2490457723982544,-1.2490457723982544,-1.1525719972156676,-1.2120256565243244,-1.4288992721907328,-1.4056476493802699,-1.2490457723982544,-1.2924966677897853,-1.4056476493802699,-1.3258176636680326,-1.1071487177940904,-1.5707963267948966,-1.5707963267948966,-1.5707963267948966,-1.1071487177940904,-0.7853981633974483,-1.1071487177940904,-2.356194490192345,0.0,0.0,0.0,0.0,0.0,0.0,0.0,0.0,0.0,0.0,0.0,-1.1071487177940904,-1.0040671092713902,-1.0040671092713902,-1.0714496051147666,-1.042721878368537,-1.0768549578753155,-1.0191413442663497,-0.9652516631899266,-0.9505468408120752,-0.9505468408120752,-0.9151007005533605,-0.9652516631899266,-1.0516502125483738,-1.0808390005411683,-1.1583858851975093,-1.2120256565243244,-1.1583858851975093,-1.1071487177940904,-1.1801892830972098,-1.1999050379822342,-1.1583858851975093,-1.1902899496825317,-1.2315037123408519,-1.2490457723982544,-1.1999050379822342,-1.2649174553900444
32.42786170999898,router,ba:bd:de:13:68:55,-85,97.8203756727762,64,1.861672715973885,22.790106059135336,0,0,-14,13,-15,12,-14,9,-13,9,-12,10,-12,9,-12,8,-11,8,-10,7,-8,5,-7,4,-6,5,-6,5,-6,4,-6,5,-5,7,-5,7,-5,4,-4,2,-5,3,-6,3,-5,2,-3,2,-3,1,-3,-1,-4,-3,0,0,0,0,0,0,0,0,0,0,0,0,0,0,0,0,0,0,0,0,0,0,-11,6,-13,5,-14,4,-14,5,-13,6,-14,6,-16,5,-17,4,-17,4,-18,4,-19,4,-18,5,-18,6,-17,7,-17,8,-17,8,-17,7,-18,7,-18,9,-17,9,-16,9,-17,10,-16,11,-15,12,-15,13,-15,13,0.0,19.1049731745428,19.209372712298546,16.64331697709324,15.811388300841896,15.620499351813308,15.0,14.422205101855956,13.601470508735444,12.206555615733702,9.433981132056603,8.06225774829855,7.810249675906654,7.810249675906654,7.211102550927978,7.810249675906654,8.602325267042627,8.602325267042627,6.4031242374328485,4.47213595499958,5.830951894845301,6.708203932499369,5.385164807134504,3.605551275463989,3.1622776601683795,3.1622776601683795,5.0,0.0,0.0,0.0,0.0,0.0,0.0,0.0,0.0,0.0,0.0,0.0,12.529964086141668,13.92838827718412,14.560219778561036,14.866068747318506,14.317821063276353,15.231546211727817,16.76305461424021,17.46424919657298,17.46424919657298,18.439088914585774,19.4164878389476,18.681541692269406,18.973665961010276,18.384776310850235,18.788294228055936,18.788294228055936,18.384776310850235,19.313207915827967,20.12461179749811,19.235384061671343,18.35755975068582,19.72308292331602,19.4164878389476,19.209372712298546,19.849433241279208,19.849433241279208,0.0,2.393214606066275,2.4668517113662407,2.5702551737561663,2.5360479899848234,2.44685437739309,2.498091544796509,2.5535900500422257,2.5127963671743605,2.5308666892005847,2.5829933382462307,2.62244653934327,2.44685437739309,2.44685437739309,2.5535900500422257,2.44685437739309,2.191045812777718,2.191045812777718,2.4668517113662407,2.677945044588987,2.601173153319209,2.677945044588987,2.761086276477428,2.5535900500422257,2.819842099193151,-2.819842099193151,-2.498091544796509,0.0,0.0,0.0,0.0,0.0,0.0,0.0,0.0,0.0,0.0,0.0,2.642245931909663,2.774418819771574,2.8632929945846817,2.79856871316909,2.7091848780192556,2.7367008673047097,2.838707785214822,2.9105019863938963,2.9105019863938963,2.922923707715851,2.9340964271545906,2.8706458032513726,2.819842099193151,2.7509856098921066,2.701750070774057,2.701750070774057,2.7509856098921066,2.770701364777131,2.677945044588987,2.654693421778524,2.6292031932790554,2.609868586330988,2.539305307454829,2.4668517113662407,2.427501954977635,2.427501954977635
32.595366857000045,router,ba:bd:de:13:68:55,-86,97.8203756727762,64,1.8730208691382624,22.720923034758577,0,0,11,9,10,9,9,8,9,8,7,8,7,7,7,6,5,4,5,3,6,3,6,4,5,5,4,3,4,1,4,0,3,0,3,-1,3,-1,3,-2,2,-1,2,-1,2,-1,1,-1,1,-2,0,-1,-2,-1,0,0,0,0,0,0,0,0,0,0,0,0,0,0,0,0,0,0,0,0,0,0,5,9,6,11,6,11,6,11,5,10,5,11,5,12,4,13,4,13,4,14,5,13,6,13,5,13,6,12,7,11,7,12,7,12,7,12,8,12,9,12,7,11,8,11,9,11,9,11,9,11,9,13,0.0,14.212670403551895,13.45362404707371,12.041594578792296,12.041594578792296,10.63014581273465,9.899494936611665,9.219544457292887,6.4031242374328485,5.830951894845301,6.708203932499369,7.211102550927978,7.0710678118654755,5.0,4.123105625617661,4.0,3.0,3.1622776601683795,3.1622776601683795,3.605551275463989,2.23606797749979,2.23606797749979,2.23606797749979,1.4142135623730951,2.23606797749979,1.0,2.23606797749979,0.0,0.0,0.0,0.0,0.0,0.0,0.0,0.0,0.0,0.0,0.0,10.295630140987,12.529964086141668,12.529964086141668,12.529964086141668,11.180339887498949,12.083045973594572,13.0,13.601470508735444,13.601470508735444,14.560219778561036,13.92838827718412,14.317821063276353,13.92838827718412,13.416407864998739,13.038404810405298,13.892443989449804,13.892443989449804,13.892443989449804,14.422205101855956,15.0,13.038404810405298,13.601470508735444,14.212670403551895,14.212670403551895,14.212670403551895,15.811388300841896,0.0,0.6857295109062863,0.7328151017865066,0.7266423406817256,0.7266423406817256,0.8519663271732721,0.7853981633974483,0.7086262721276703,0.6747409422235526,0.5404195002705842,0.4636476090008061,0.5880026035475675,0.7853981633974483,0.6435011087932844,0.24497866312686414,0.0,0.0,-0.3217505543966422,-0.3217505543966422,-0.5880026035475675,-0.4636476090008061,-0.4636476090008061,-0.4636476090008061,-0.7853981633974483,-1.1071487177940904,-1.5707963267948966,-2.677945044588987,0.0,0.0,0.0,0.0,0.0,0.0,0.0,0.0,0.0,0.0,0.0,1.0636978224025597,1.0714496051147666,1.0714496051147666,1.0714496051147666,1.1071487177940904,1.1441688336680205,1.176005207095135,1.2722973952087173,1.2722973952087173,1.2924966677897853,1.2036224929766774,1.1383885512243588,1.2036224929766774,1.1071487177940904,1.0040671092713902,1.042721878368537,1.042721878368537,1.042721878368537,0.982793723247329,0.9272952180016122,1.0040671092713902,0.9420000403794636,0.8850668158886104,0.8850668158886104,0.8850668158886104,0.9652516631899266
32.70084993299679,router,ba:bd:de:13:68:55,-83,97.8203756727762,64,1.879909037698999,22.684362159038592,0,0,15,-9,14,-7,13,-6,12,-6,12,-7,11,-7,10,-6,8,-6,8,-7,8,-7,7,-5,6,-5,6,-4,6,-3,4,-4,3,-5,3,-6,4,-6,3,-5,1,-4,1,-4,2,-4,3,-3,2,-3,1,-2,3,0,0,0,0,0,0,0,0,0,0,0,0,0,0,0,0,0,0,0,0,0,0,0,10,-5,10,-5,11,-4,12,-5,12,-5,13,-4,13,-3,13,-3,14,-4,14,-4,13,-3,14,-3,14,-4,14,-5,15,-6,16,-7,15,-6,14,-5,14,-5,15,-6,16,-7,16,-7,16,-8,15,-9,15,-9,15,-8,0.0,17.4928556845359,15.652475842498529,14.317821063276353,13.416407864998739,13.892443989449804,13.038404810405298,11.661903789690601,10.0,10.63014581273465,10.63014581273465,8.602325267042627,7.810249675906654,7.211102550927978,6.708203932499369,5.656854249492381,5.830951894845301,6.708203932499369,7.211102550927978,5.830951894845301,4.123105625617661,4.123105625617661,4.47213595499958,4.242640687119285,3.605551275463989,2.23606797749979,3.0,0.0,0.0,0.0,0.0,0.0,0.0,0.0,0.0,0.0,0.0,0.0,11.180339887498949,11.180339887498949,11.704699910719626,13.0,13.0,13.601470508735444,13.341664064126334,13.341664064126334,14.560219778561036,14.560219778561036,13.341664064126334,14.317821063276353,14.560219778561036,14.866068747318506,16.15549442140351,17.46424919657298,16.15549442140351,14.866068747318506,14.866068747318506,16.15549442140351,17.46424919657298,17.46424919657298,17.88854381999832,17.4928556845359,17.4928556845359,17.0,0.0,-0.5404195002705842,-0.4636476090008061,-0.43240777557053783,-0.4636476090008061,-0.5280744484263596,-0.5667292175235064,-0.5404195002705842,-0.6435011087932844,-0.7188299996216245,-0.7188299996216245,-0.6202494859828215,-0.6947382761967031,-0.5880026035475675,-0.4636476090008061,-0.7853981633974483,-1.0303768265243125,-1.1071487177940904,-0.982793723247329,-1.0303768265243125,-1.3258176636680326,-1.3258176636680326,-1.1071487177940904,-0.7853981633974483,-0.982793723247329,-1.1071487177940904,0.0,0.0,0.0,0.0,0.0,0.0,0.0,0.0,0.0,0.0,0.0,0.0,-0.4636476090008061,-0.4636476090008061,-0.348771003583907,-0.3947911196997615,-0.3947911196997615,-0.2984989315861793,-0.22679884805388587,-0.22679884805388587,-0.27829965900511133,-0.27829965900511133,-0.22679884805388587,-0.21109333322274654,-0.27829965900511133,-0.3430239404207034,-0.3805063771123649,-0.4124104415973873,-0.3805063771123649,-0.3430239404207034,-0.3430239404207034,-0.3805063771123649,-0.4124104415973873,-0.4124104415973873,-0.4636476090008061,-0.5404195002705842,-0.5404195002705842,-0.4899573262537283
32.805406748993846,router,ba:bd:de:13:68:55,-84,97.8203756727762,64,1.8854544872093066,22.667759807976097,0,0,-16,-6,-15,-6,-15,-6,-15,-6,-15,-5,-13,-4,-11,-4,-10,-4,-11,-5,-10,-4,-9,-3,-8,-3,-8,-3,-7,-2,-8,-2,-8,-2,-8,-1,-7,-1,-6,-3,-5,-2,-4,-2,-3,-2,-3,-2,-4,0,-5,0,-5,-1,0,0,0,0,0,0,0,0,0,0,0,0,0,0,0,0,0,0,0,0,0,0,-11,-6,-11,-7,-11,-8,-12,-8,-13,-8,-13,-9,-13,-9,-13,-9,-14,-10,-13,-10,-12,-9,-12,-9,-13,-8,-13,-8,-14,-8,-15,-9,-14,-9,-15,-8,-16,-7,-16,-7,-17,-7,-17,-8,-17,-8,-17,-8,-17,-8,-17,-9,0.0,17.08800749063506,16.15549442140351,16.15549442140351,16.15549442140351,15.811388300841896,13.601470508735444,11.704699910719626,10.770329614269007,12.083045973594572,10.770329614269007,9.486832980505138,8.54400374531753,8.54400374531753,7.280109889280518,8.246211251235321,8.246211251235321,8.06225774829855,7.0710678118654755,6.708203932499369,5.385164807134504,4.47213595499958,3.605551275463989,3.605551275463989,4.0,5.0,5.0990195135927845,0.0,0.0,0.0,0.0,0.0,0.0,0.0,0.0,0.0,0.0,0.0,12.529964086141668,13.038404810405298,13.601470508735444,14.422205101855956,15.264337522473747,15.811388300841896,15.811388300841896,15.811388300841896,17.204650534085253,16.401219466856727,15.0,15.0,15.264337522473747,15.264337522473747,16.1245154965971,17.4928556845359,16.64331697709324,17.0,17.46424919657298,17.46424919657298,18.384776310850235,18.788294228055936,18.788294228055936,18.788294228055936,18.788294228055936,19.235384061671343,0.0,-2.782821983319221,-2.761086276477428,-2.761086276477428,-2.761086276477428,-2.819842099193151,-2.843093722003614,-2.7928216500058864,-2.761086276477428,-2.714965160462917,-2.761086276477428,-2.819842099193151,-2.782821983319221,-2.782821983319221,-2.8632929945846817,-2.896613990462929,-2.896613990462929,-3.017237659043032,-2.999695598985629,-2.677945044588987,-2.761086276477428,-2.677945044588987,-2.5535900500422257,-2.5535900500422257,3.141592653589793,3.141592653589793,-2.9441970937399127,0.0,0.0,0.0,0.0,0.0,0.0,0.0,0.0,0.0,0.0,0.0,-2.642245931909663,-2.5748634360662868,-2.5127963671743605,-2.5535900500422257,-2.5899376710612465,-2.5360479899848234,-2.5360479899848234,-2.5360479899848234,-2.5213431676069717,-2.485897027348257,-2.498091544796509,-2.498091544796509,-2.5899376710612465,-2.5899376710612465,-2.62244653934327,-2.601173153319209,-2.5702551737561663,-2.651635327336065,-2.729182211992406,-2.729182211992406,-2.7509856098921066,-2.701750070774057,-2.701750070774057,-2.701750070774057,-2.701750070774057,-2.654693421778524
32.906663909998315,router,ba:bd:de:13:68:55,-86,97.8203756727762,64,1.88625616032218,22.66187768072189,0,0,-11,14,-11,13,-11,12,-11,11,-10,10,-9,9,-7,8,-6,7,-5,7,-6,7,-6,7,-5,6,-4,5,-3,5,-3,6,-3,4,-2,4,-2,5,-3,4,-3,3,-2,3,-3,2,-2,2,0,2,0,2,-1,1,0,0,0,0,0,0,0,0,0,0,0,0,0,0,0,0,0,0,0,0,0,0,-7,11,-6,12,-7,12,-8,11,-9,10,-10,11,-11,11,-12,12,-11,12,-10,12,-10,12,-11,12,-12,13,-12,13,-12,12,-10,12,-9,12,-10,11,-10,11,-11,14,-11,15,-11,15,-11,16,-11,15,-10,14,-10,15,0.0,17.804493814764857,17.029386365926403,16.278820596099706,15.556349186104045,14.142135623730951,12.727922061357855,10.63014581273465,9.219544457292887,8.602325267042627,9.219544457292887,9.219544457292887,7.810249675906654,6.4031242374328485,5.830951894845301,6.708203932499369,5.0,4.47213595499958,5.385164807134504,5.0,4.242640687119285,3.605551275463989,3.605551275463989,2.8284271247461903,2.0,2.0,1.4142135623730951,0.0,0.0,0.0,0.0,0.0,0.0,0.0,0.0,0.0,0.0,0.0,13.038404810405298,13.416407864998739,13.892443989449804,13.601470508735444,13.45362404707371,14.866068747318506,15.556349186104045,16.97056274847714,16.278820596099706,15.620499351813308,15.620499351813308,16.278820596099706,17.69180601295413,17.69180601295413,16.97056274847714,15.620499351813308,15.0,14.866068747318506,14.866068747318506,17.804493814764857,18.601075237738275,18.601075237738275,19.4164878389476,18.601075237738275,17.204650534085253,18.027756377319946,0.0,2.2367655641740063,2.2730532583039036,2.312743594800814,2.356194490192345,2.356194490192345,2.356194490192345,2.289626326416521,2.279422598922567,2.191045812777718,2.279422598922567,2.279422598922567,2.2655346029916,2.2455372690184494,2.1112158270654806,2.0344439357957027,2.214297435588181,2.0344439357957027,1.9513027039072615,2.214297435588181,2.356194490192345,2.158798930342464,2.5535900500422257,2.356194490192345,1.5707963267948966,1.5707963267948966,2.356194490192345,0.0,0.0,0.0,0.0,0.0,0.0,0.0,0.0,0.0,0.0,0.0,2.137525544318403,2.0344439357957027,2.0988707752212563,2.1995926132103296,2.3036114285814033,2.3086113869153615,2.356194490192345,2.356194490192345,2.312743594800814,2.2655346029916,2.2655346029916,2.312743594800814,2.316215803069055,2.316215803069055,2.356194490192345,2.2655346029916,2.214297435588181,2.3086113869153615,2.3086113869153615,2.2367655641740063,2.20354516179708,2.20354516179708,2.173083672929861,2.20354516179708,2.191045812777718,2.158798930342464
33.01549839999643,router,ba:bd:de:13:68:55,-83,97.8203756727762,64,1.8820383860551768,22.659945173864124,0,0,-16,-6,-17,-8,-16,-8,-14,-7,-14,-5,-13,-5,-12,-4,-12,-4,-12,-4,-11,-4,-10,-3,-9,-3,-8,-2,-7,-2,-8,-1,-8,-1,-8,-2,-7,-2,-7,-1,-7,-1,-7,-2,-5,-2,-4,-1,-5,-1,-5,-1,-3,-1,0,0,0,0,0,0,0,0,0,0,0,0,0,0,0,0,0,0,0,0,0,0,-12,-3,-12,-4,-12,-5,-12,-7,-12,-8,-12,-8,-11,-8,-11,-9,-11,-9,-12,-9,-13,-10,-15,-9,-15,-9,-15,-9,-14,-10,-14,-9,-15,-9,-16,-9,-16,-9,-16,-8,-17,-8,-17,-8,-17,-9,-17,-9,-16,-9,-17,-9,0.0,17.08800749063506,18.788294228055936,17.88854381999832,15.652475842498529,14.866068747318506,13.92838827718412,12.649110640673518,12.649110640673518,12.649110640673518,11.704699910719626,10.44030650891055,9.486832980505138,8.246211251235321,7.280109889280518,8.06225774829855,8.06225774829855,8.246211251235321,7.280109889280518,7.0710678118654755,7.0710678118654755,7.280109889280518,5.385164807134504,4.123105625617661,5.0990195135927845,5.0990195135927845,3.1622776601683795,0.0,0.0,0.0,0.0,0.0,0.0,0.0,0.0,0.0,0.0,0.0,12.36931687685298,12.649110640673518,13.0,13.892443989449804,14.422205101855956,14.422205101855956,13.601470508735444,14.212670403551895,14.212670403551895,15.0,16.401219466856727,17.4928556845359,17.4928556845359,17.4928556845359,17.204650534085253,16.64331697709324,17.4928556845359,18.35755975068582,18.35755975068582,17.88854381999832,18.788294228055936,18.788294228055936,19.235384061671343,19.235384061671343,18.35755975068582,19.235384061671343,0.0,-2.782821983319221,-2.701750070774057,-2.677945044588987,-2.677945044588987,-2.79856871316909,-2.774418819771574,-2.819842099193151,-2.819842099193151,-2.819842099193151,-2.7928216500058864,-2.8501358591119264,-2.819842099193151,-2.896613990462929,-2.8632929945846817,-3.017237659043032,-3.017237659043032,-2.896613990462929,-2.8632929945846817,-2.999695598985629,-2.999695598985629,-2.8632929945846817,-2.761086276477428,-2.896613990462929,-2.9441970937399127,-2.9441970937399127,-2.819842099193151,0.0,0.0,0.0,0.0,0.0,0.0,0.0,0.0,0.0,0.0,0.0,-2.896613990462929,-2.819842099193151,-2.746801533890032,-2.6135182051634334,-2.5535900500422257,-2.5535900500422257,-2.5127963671743605,-2.455863142683507,-2.455863142683507,-2.498091544796509,-2.485897027348257,-2.601173153319209,-2.601173153319209,-2.601173153319209,-2.5213431676069717,-2.5702551737561663,-2.601173153319209,-2.6292031932790554,-2.6292031932790554,-2.677945044588987,-2.701750070774057,-2.701750070774057,-2.654693421778524,-2.654693421778524,-2.6292031932790554,-2.654693421778524
33.12489587899472,router,ba:bd:de:13:68:55,-85,92.983271193711,64,1.8798446515916205,22.65684272318292,0,0,16,5,15,4,15,4,14,6,12,6,10,5,10,4,8,3,8,2,8,2,8,1,8,2,7,2,6,1,4,1,3,1,3,0,3,0,3,0,2,0,2,1,2,1,2,1,1,0,0,-1,-1,0,0,0,0,0,0,0,0,0,0,0,0,0,0,0,0,0,0,0,0,0,0,0,8,3,10,3,11,4,11,4,12,4,13,5,13,6,12,6,12,7,13,7,13,6,13,6,13,7,14,7,14,7,14,7,14,6,15,6,15,6,14,6,14,5,16,6,16,6,16,6,17,6,18,6,0.0,16.76305461424021,15.524174696260024,15.524174696260024,15.231546211727817,13.416407864998739,11.180339887498949,10.770329614269007,8.54400374531753,8.246211251235321,8.246211251235321,8.06225774829855,8.246211251235321,7.280109889280518,6.082762530298219,4.123105625617661,3.1622776601683795,3.0,3.0,3.0,2.0,2.23606797749979,2.23606797749979,2.23606797749979,1.0,1.0,1.0,0.0,0.0,0.0,0.0,0.0,0.0,0.0,0.0,0.0,0.0,0.0,8.54400374531753,10.44030650891055,11.704699910719626,11.704699910719626,12.649110640673518,13.92838827718412,14.317821063276353,13.416407864998739,13.892443989449804,14.7648230602334,14.317821063276353,14.317821063276353,14.7648230602334,15.652475842498529,15.652475842498529,15.652475842498529,15.231546211727817,16.15549442140351,16.15549442140351,15.231546211727817,14.866068747318506,17.08800749063506,17.08800749063506,17.08800749063506,18.027756377319946,18.973665961010276,0.0,0.3028848683749714,0.260602391747341,0.260602391747341,0.40489178628508343,0.4636476090008061,0.4636476090008061,0.3805063771123649,0.35877067027057225,0.24497866312686414,0.24497866312686414,0.12435499454676144,0.24497866312686414,0.27829965900511133,0.16514867741462683,0.24497866312686414,0.3217505543966422,0.0,0.0,0.0,0.0,0.4636476090008061,0.4636476090008061,0.4636476090008061,0.0,-1.5707963267948966,3.141592653589793,0.0,0.0,0.0,0.0,0.0,0.0,0.0,0.0,0.0,0.0,0.0,0.35877067027057225,0.2914567944778671,0.348771003583907,0.348771003583907,0.3217505543966422,0.3671738338182192,0.43240777557053783,0.4636476090008061,0.5280744484263596,0.49394136891958124,0.43240777557053783,0.43240777557053783,0.49394136891958124,0.4636476090008061,0.4636476090008061,0.4636476090008061,0.40489178628508343,0.3805063771123649,0.3805063771123649,0.40489178628508343,0.3430239404207034,0.35877067027057225,0.35877067027057225,0.35877067027057225,0.3392926144540447,0.3217505543966422
33.22553312099626,router,ba:bd:de:13:68:55,-86,92.983271193711,64,1.8786582253180832,22.648417243718573,0,0,-8,-14,-10,-14,-11,-12,-10,-10,-9,-9,-8,-8,-7,-8,-6,-7,-7,-6,-7,-5,-8,-5,-7,-5,-5,-4,-4,-3,-4,-3,-5,-3,-5,-3,-5,-3,-4,-2,-4,-4,-2,-3,-1,-1,-2,0,-3,0,-2,-1,-2,-3,0,0,0,0,0,0,0,0,0,0,0,0,0,0,0,0,0,0,0,0,0,0,-9,-10,-8,-12,-8,-12,-8,-12,-9,-12,-8,-13,-7,-14,-7,-14,-8,-14,-8,-14,-8,-14,-8,-15,-9,-16,-10,-14,-10,-14,-9,-15,-9,-15,-9,-15,-10,-15,-10,-16,-11,-17,-12,-17,-12,-15,-13,-15,-13,-16,-10,-16,0.0,16.1245154965971,17.204650534085253,16.278820596099706,14.142135623730951,12.727922061357855,11.313708498984761,10.63014581273465,9.219544457292887,9.219544457292887,8.602325267042627,9.433981132056603,8.602325267042627,6.4031242374328485,5.0,5.0,5.830951894845301,5.830951894845301,5.830951894845301,4.47213595499958,5.656854249492381,3.605551275463989,1.4142135623730951,2.0,3.0,2.23606797749979,3.605551275463989,0.0,0.0,0.0,0.0,0.0,0.0,0.0,0.0,0.0,0.0,0.0,13.45362404707371,14.422205101855956,14.422205101855956,14.422205101855956,15.0,15.264337522473747,15.652475842498529,15.652475842498529,16.1245154965971,16.1245154965971,16.1245154965971,17.0,18.35755975068582,17.204650534085253,17.204650534085253,17.4928556845359,17.4928556845359,17.4928556845359,18.027756377319946,18.867962264113206,20.248456731316587,20.808652046684813,19.209372712298546,19.849433241279208,20.615528128088304,18.867962264113206,0.0,-2.0899424410414196,-2.191045812777718,-2.312743594800814,-2.356194490192345,-2.356194490192345,-2.356194490192345,-2.289626326416521,-2.279422598922567,-2.432966381462123,-2.5213431676069717,-2.5829933382462307,-2.5213431676069717,-2.4668517113662407,-2.498091544796509,-2.498091544796509,-2.601173153319209,-2.601173153319209,-2.601173153319209,-2.677945044588987,-2.356194490192345,-2.158798930342464,-2.356194490192345,3.141592653589793,3.141592653589793,-2.677945044588987,-2.158798930342464,0.0,0.0,0.0,0.0,0.0,0.0,0.0,0.0,0.0,0.0,0.0,-2.3036114285814033,-2.158798930342464,-2.158798930342464,-2.158798930342464,-2.214297435588181,-2.1224513093234436,-2.0344439357957027,-2.0344439357957027,-2.0899424410414196,-2.0899424410414196,-2.0899424410414196,-2.060753653048625,-2.0831857871056343,-2.191045812777718,-2.191045812777718,-2.1112158270654806,-2.1112158270654806,-2.1112158270654806,-2.158798930342464,-2.129395642138459,-2.1451011569695986,-2.185459278717062,-2.2455372690184494,-2.2848870254070546,-2.2531128816696446,-2.129395642138459
33.33506867799588,router,ba:bd:de:13:68:55,-86,92.983271193711,64,1.8803830138109152,22.630901307983258,0,0,-14,4,-15,6,-15,7,-14,5,-11,2,-10,1,-9,3,-9,4,-7,3,-4,2,-3,1,-2,1,-2,2,-4,3,-3,2,-2,2,-2,1,0,1,0,1,-1,1,1,1,2,2,2,1,2,-1,1,-1,0,1,0,0,0,0,0,0,0,0,0,0,0,0,0,0,0,0,0,0,0,0,0,0,-14,4,-15,3,-15,5,-15,5,-14,5,-15,5,-16,4,-16,5,-17,6,-17,5,-19,5,-18,5,-17,4,-16,4,-16,4,-17,4,-16,4,-15,5,-16,7,-17,7,-16,7,-16,6,-16,7,-17,8,-17,7,-18,5,0.0,14.560219778561036,16.15549442140351,16.55294535724685,14.866068747318506,11.180339887498949,10.04987562112089,9.486832980505138,9.848857801796104,7.615773105863909,4.47213595499958,3.1622776601683795,2.23606797749979,2.8284271247461903,5.0,3.605551275463989,2.8284271247461903,2.23606797749979,1.0,1.0,1.4142135623730951,1.4142135623730951,2.8284271247461903,2.23606797749979,2.23606797749979,1.4142135623730951,1.0,0.0,0.0,0.0,0.0,0.0,0.0,0.0,0.0,0.0,0.0,0.0,14.560219778561036,15.297058540778355,15.811388300841896,15.811388300841896,14.866068747318506,15.811388300841896,16.492422502470642,16.76305461424021,18.027756377319946,17.72004514666935,19.6468827043885,18.681541692269406,17.46424919657298,16.492422502470642,16.492422502470642,17.46424919657298,16.492422502470642,15.811388300841896,17.46424919657298,18.384776310850235,17.46424919657298,17.08800749063506,17.46424919657298,18.788294228055936,18.384776310850235,18.681541692269406,0.0,2.8632929945846817,2.761086276477428,2.704965493776252,2.79856871316909,2.961739153797315,3.0419240010986313,2.819842099193151,2.723368324010564,2.7367008673047097,2.677945044588987,2.819842099193151,2.677945044588987,2.356194490192345,2.498091544796509,2.5535900500422257,2.356194490192345,2.677945044588987,1.5707963267948966,1.5707963267948966,2.356194490192345,0.7853981633974483,0.7853981633974483,0.4636476090008061,-0.4636476090008061,-0.7853981633974483,1.5707963267948966,0.0,0.0,0.0,0.0,0.0,0.0,0.0,0.0,0.0,0.0,0.0,2.8632929945846817,2.9441970937399127,2.819842099193151,2.819842099193151,2.79856871316909,2.819842099193151,2.896613990462929,2.838707785214822,2.8023000391357487,2.8555412118724752,2.8842689386187046,2.8706458032513726,2.9105019863938963,2.896613990462929,2.896613990462929,2.9105019863938963,2.896613990462929,2.819842099193151,2.729182211992406,2.7509856098921066,2.729182211992406,2.782821983319221,2.729182211992406,2.701750070774057,2.7509856098921066,2.8706458032513726
33.44510415599507,router,ba:bd:de:13:68:55,-85,92.983271193711,64,1.8826514476421887,22.63033201599249,0,0,17,7,15,7,14,6,13,4,12,3,12,3,12,4,11,3,10,2,10,1,10,1,9,0,8,0,8,1,9,1,9,1,8,0,7,-1,5,-1,5,1,6,2,6,0,4,-3,4,-1,4,-1,4,-3,0,0,0,0,0,0,0,0,0,0,0,0,0,0,0,0,0,0,0,0,0,0,12,0,12,0,13,-1,15,-1,16,1,15,2,15,2,15,1,15,1,16,3,16,5,16,6,16,5,17,5,18,3,18,4,17,6,17,7,16,6,17,6,17,6,17,7,18,7,19,6,19,6,19,6,0.0,18.384776310850235,16.55294535724685,15.231546211727817,13.601470508735444,12.36931687685298,12.36931687685298,12.649110640673518,11.40175425099138,10.198039027185569,10.04987562112089,10.04987562112089,9.0,8.0,8.06225774829855,9.055385138137417,9.055385138137417,8.0,7.0710678118654755,5.0990195135927845,5.0990195135927845,6.324555320336759,6.0,5.0,4.123105625617661,4.123105625617661,5.0,0.0,0.0,0.0,0.0,0.0,0.0,0.0,0.0,0.0,0.0,0.0,12.0,12.0,13.038404810405298,15.033296378372908,16.0312195418814,15.132745950421556,15.132745950421556,15.033296378372908,15.033296378372908,16.278820596099706,16.76305461424021,17.08800749063506,16.76305461424021,17.72004514666935,18.24828759089466,18.439088914585774,18.027756377319946,18.384776310850235,17.08800749063506,18.027756377319946,18.027756377319946,18.384776310850235,19.313207915827967,19.924858845171276,19.924858845171276,19.924858845171276,0.0,0.3906070436976868,0.43662715981354133,0.40489178628508343,0.2984989315861793,0.24497866312686414,0.24497866312686414,0.3217505543966422,0.2662520491509254,0.19739555984988075,0.09966865249116202,0.09966865249116202,0.0,0.0,0.12435499454676144,0.11065722117389565,0.11065722117389565,0.0,-0.14189705460416394,-0.19739555984988075,0.19739555984988075,0.3217505543966422,0.0,-0.6435011087932844,-0.24497866312686414,-0.24497866312686414,-0.6435011087932844,0.0,0.0,0.0,0.0,0.0,0.0,0.0,0.0,0.0,0.0,0.0,0.0,0.0,-0.07677189126977804,-0.06656816377582381,0.06241880999595735,0.13255153229667402,0.13255153229667402,0.06656816377582381,0.06656816377582381,0.18534794999569476,0.3028848683749714,0.35877067027057225,0.3028848683749714,0.2860514417173182,0.16514867741462683,0.21866894587394195,0.3392926144540447,0.3906070436976868,0.35877067027057225,0.3392926144540447,0.3392926144540447,0.3906070436976868,0.37089128881266237,0.30587887140485215,0.30587887140485215,0.30587887140485215
33.54677092399652,router,ba:bd:de:13:68:55,-84,92.983271193711,64,1.881929969362258,22.709297777039737,0,0,14,3,14,4,13,4,10,3,8,3,9,2,10,1,9,1,7,2,6,1,6,-1,6,-2,6,-2,6,-1,6,-1,5,-1,5,-1,5,-1,5,-1,4,-1,3,-1,3,-2,3,-1,4,-1,5,-2,7,-2,0,0,0,0,0,0,0,0,0,0,0,0,0,0,0,0,0,0,0,0,0,0,10,0,11,2,12,2,12,0,10,-1,11,0,12,1,11,2,11,2,11,3,11,4,13,4,11,2,10,2,13,4,15,4,14,3,14,2,15,4,15,5,14,4,14,2,14,2,15,1,16,2,16,3,0.0,14.317821063276353,14.560219778561036,13.601470508735444,10.44030650891055,8.54400374531753,9.219544457292887,10.04987562112089,9.055385138137417,7.280109889280518,6.082762530298219,6.082762530298219,6.324555320336759,6.324555320336759,6.082762530298219,6.082762530298219,5.0990195135927845,5.0990195135927845,5.0990195135927845,5.0990195135927845,4.123105625617661,3.1622776601683795,3.605551275463989,3.1622776601683795,4.123105625617661,5.385164807134504,7.280109889280518,0.0,0.0,0.0,0.0,0.0,0.0,0.0,0.0,0.0,0.0,0.0,10.0,11.180339887498949,12.165525060596439,12.0,10.04987562112089,11.0,12.041594578792296,11.180339887498949,11.180339887498949,11.40175425099138,11.704699910719626,13.601470508735444,11.180339887498949,10.198039027185569,13.601470508735444,15.524174696260024,14.317821063276353,14.142135623730951,15.524174696260024,15.811388300841896,14.560219778561036,14.142135623730951,14.142135623730951,15.033296378372908,16.1245154965971,16.278820596099706,0.0,0.21109333322274654,0.27829965900511133,0.2984989315861793,0.2914567944778671,0.35877067027057225,0.21866894587394195,0.09966865249116202,0.11065722117389565,0.27829965900511133,0.16514867741462683,-0.16514867741462683,-0.3217505543966422,-0.3217505543966422,-0.16514867741462683,-0.16514867741462683,-0.19739555984988075,-0.19739555984988075,-0.19739555984988075,-0.19739555984988075,-0.24497866312686414,-0.3217505543966422,-0.5880026035475675,-0.3217505543966422,-0.24497866312686414,-0.3805063771123649,-0.27829965900511133,0.0,0.0,0.0,0.0,0.0,0.0,0.0,0.0,0.0,0.0,0.0,0.0,0.17985349979247828,0.16514867741462683,0.0,-0.09966865249116202,0.0,0.08314123188844123,0.17985349979247828,0.17985349979247828,0.2662520491509254,0.348771003583907,0.2984989315861793,0.17985349979247828,0.19739555984988075,0.2984989315861793,0.260602391747341,0.21109333322274654,0.14189705460416394,0.260602391747341,0.3217505543966422,0.27829965900511133,0.14189705460416394,0.14189705460416394,0.06656816377582381,0.12435499454676144,0.18534794999569476
33.65581212199322,router,ba:bd:de:13:68:55,-84,92.983271193711,64,1.881129355132865,22.836840521193146,0,0,-14,-10,-12,-9,-13,-9,-12,-10,-11,-9,-10,-8,-10,-7,-9,-6,-8,-6,-7,-6,-7,-6,-7,-6,-6,-5,-6,-5,-6,-4,-6,-2,-5,-2,-6,-2,-6,-3,-5,-3,-5,-3,-5,-1,-4,0,-3,-1,-3,-3,-6,-6,0,0,0,0,0,0,0,0,0,0,0,0,0,0,0,0,0,0,0,0,0,0,-11,-7,-11,-7,-10,-7,-9,-8,-10,-9,-11,-9,-10,-9,-10,-10,-11,-10,-12,-10,-11,-10,-11,-11,-11,-12,-11,-12,-11,-12,-11,-11,-11,-11,-12,-12,-13,-11,-13,-11,-14,-11,-14,-11,-14,-11,-14,-12,-14,-12,-13,-12,0.0,17.204650534085253,15.0,15.811388300841896,15.620499351813308,14.212670403551895,12.806248474865697,12.206555615733702,10.816653826391969,10.0,9.219544457292887,9.219544457292887,9.219544457292887,7.810249675906654,7.810249675906654,7.211102550927978,6.324555320336759,5.385164807134504,6.324555320336759,6.708203932499369,5.830951894845301,5.830951894845301,5.0990195135927845,4.0,3.1622776601683795,4.242640687119285,8.48528137423857,0.0,0.0,0.0,0.0,0.0,0.0,0.0,0.0,0.0,0.0,0.0,13.038404810405298,13.038404810405298,12.206555615733702,12.041594578792296,13.45362404707371,14.212670403551895,13.45362404707371,14.142135623730951,14.866068747318506,15.620499351813308,14.866068747318506,15.556349186104045,16.278820596099706,16.278820596099706,16.278820596099706,15.556349186104045,15.556349186104045,16.97056274847714,17.029386365926403,17.029386365926403,17.804493814764857,17.804493814764857,17.804493814764857,18.439088914585774,18.439088914585774,17.69180601295413,0.0,-2.5213431676069717,-2.498091544796509,-2.5360479899848234,-2.44685437739309,-2.455863142683507,-2.4668517113662407,-2.5308666892005847,-2.5535900500422257,-2.498091544796509,-2.432966381462123,-2.432966381462123,-2.432966381462123,-2.44685437739309,-2.44685437739309,-2.5535900500422257,-2.819842099193151,-2.761086276477428,-2.819842099193151,-2.677945044588987,-2.601173153319209,-2.601173153319209,-2.9441970937399127,3.141592653589793,-2.819842099193151,-2.356194490192345,-2.356194490192345,0.0,0.0,0.0,0.0,0.0,0.0,0.0,0.0,0.0,0.0,0.0,-2.5748634360662868,-2.5748634360662868,-2.5308666892005847,-2.4149503129080676,-2.408777551803287,-2.455863142683507,-2.408777551803287,-2.356194490192345,-2.403777593469328,-2.44685437739309,-2.403777593469328,-2.356194490192345,-2.312743594800814,-2.312743594800814,-2.312743594800814,-2.356194490192345,-2.356194490192345,-2.356194490192345,-2.439335722080786,-2.439335722080786,-2.4756234162106834,-2.4756234162106834,-2.4756234162106834,-2.432966381462123,-2.432966381462123,-2.396173177315635
33.75647016999574,router,ba:bd:de:13:68:55,-84,92.983271193711,64,1.881318584710559,22.991804865483633,0,0,-15,-6,-15,-7,-14,-6,-14,-6,-12,-6,-12,-4,-11,-4,-10,-5,-9,-5,-8,-4,-7,-4,-7,-4,-7,-2,-8,-2,-7,-2,-6,-2,-6,-1,-6,-1,-5,-1,-4,-1,-4,0,-4,1,-5,0,-4,0,-3,1,-3,3,0,0,0,0,0,0,0,0,0,0,0,0,0,0,0,0,0,0,0,0,0,0,-12,-4,-11,-5,-11,-6,-12,-6,-12,-7,-13,-8,-15,-7,-15,-6,-14,-8,-13,-9,-12,-10,-13,-9,-13,-9,-13,-9,-14,-10,-15,-10,-15,-9,-16,-8,-15,-9,-15,-9,-14,-7,-15,-6,-17,-7,-18,-8,-17,-10,-19,-10,0.0,16.15549442140351,16.55294535724685,15.231546211727817,15.231546211727817,13.416407864998739,12.649110640673518,11.704699910719626,11.180339887498949,10.295630140987,8.94427190999916,8.06225774829855,8.06225774829855,7.280109889280518,8.246211251235321,7.280109889280518,6.324555320336759,6.082762530298219,6.082762530298219,5.0990195135927845,4.123105625617661,4.0,4.123105625617661,5.0,4.0,3.1622776601683795,4.242640687119285,0.0,0.0,0.0,0.0,0.0,0.0,0.0,0.0,0.0,0.0,0.0,12.649110640673518,12.083045973594572,12.529964086141668,13.416407864998739,13.892443989449804,15.264337522473747,16.55294535724685,16.15549442140351,16.1245154965971,15.811388300841896,15.620499351813308,15.811388300841896,15.811388300841896,15.811388300841896,17.204650534085253,18.027756377319946,17.4928556845359,17.88854381999832,17.4928556845359,17.4928556845359,15.652475842498529,16.15549442140351,18.384776310850235,19.697715603592208,19.72308292331602,21.470910553583888,0.0,-2.761086276477428,-2.704965493776252,-2.7367008673047097,-2.7367008673047097,-2.677945044588987,-2.819842099193151,-2.7928216500058864,-2.677945044588987,-2.6344941491974563,-2.677945044588987,-2.62244653934327,-2.62244653934327,-2.8632929945846817,-2.896613990462929,-2.8632929945846817,-2.819842099193151,-2.976443976175166,-2.976443976175166,-2.9441970937399127,-2.896613990462929,3.141592653589793,2.896613990462929,3.141592653589793,3.141592653589793,2.819842099193151,2.356194490192345,0.0,0.0,0.0,0.0,0.0,0.0,0.0,0.0,0.0,0.0,0.0,-2.819842099193151,-2.714965160462917,-2.642245931909663,-2.677945044588987,-2.6135182051634334,-2.5899376710612465,-2.704965493776252,-2.761086276477428,-2.62244653934327,-2.5360479899848234,-2.44685437739309,-2.5360479899848234,-2.5360479899848234,-2.5360479899848234,-2.5213431676069717,-2.5535900500422257,-2.601173153319209,-2.677945044588987,-2.601173153319209,-2.601173153319209,-2.677945044588987,-2.761086276477428,-2.7509856098921066,-2.723368324010564,-2.609868586330988,-2.65711472455277
33.86594196599617,router,ba:bd:de:13:68:55,-84,92.983271193711,64,1.8813114274950231,23.159828398176437,0,0,-13,9,-14,10,-13,9,-13,9,-12,9,-11,8,-10,7,-9,6,-8,5,-7,5,-6,6,-5,6,-4,6,-4,6,-4,6,-4,6,-4,4,-3,4,-2,3,-1,2,-2,3,-2,3,-2,4,-1,4,-1,4,-1,2,0,0,0,0,0,0,0,0,0,0,0,0,0,0,0,0,0,0,0,0,0,0,-10,6,-11,6,-12,6,-12,6,-13,6,-14,5,-14,5,-14,5,-15,5,-16,5,-15,5,-14,5,-15,5,-15,6,-14,7,-14,7,-15,6,-15,6,-14,8,-15,8,-15,8,-15,9,-15,9,-15,9,-16,9,-16,7,0.0,15.811388300841896,17.204650534085253,15.811388300841896,15.811388300841896,15.0,13.601470508735444,12.206555615733702,10.816653826391969,9.433981132056603,8.602325267042627,8.48528137423857,7.810249675906654,7.211102550927978,7.211102550927978,7.211102550927978,7.211102550927978,5.656854249492381,5.0,3.605551275463989,2.23606797749979,3.605551275463989,3.605551275463989,4.47213595499958,4.123105625617661,4.123105625617661,2.23606797749979,0.0,0.0,0.0,0.0,0.0,0.0,0.0,0.0,0.0,0.0,0.0,11.661903789690601,12.529964086141668,13.416407864998739,13.416407864998739,14.317821063276353,14.866068747318506,14.866068747318506,14.866068747318506,15.811388300841896,16.76305461424021,15.811388300841896,14.866068747318506,15.811388300841896,16.15549442140351,15.652475842498529,15.652475842498529,16.15549442140351,16.15549442140351,16.1245154965971,17.0,17.0,17.4928556845359,17.4928556845359,17.4928556845359,18.35755975068582,17.46424919657298,0.0,2.5360479899848234,2.5213431676069717,2.5360479899848234,2.5360479899848234,2.498091544796509,2.5127963671743605,2.5308666892005847,2.5535900500422257,2.5829933382462307,2.5213431676069717,2.356194490192345,2.2655346029916,2.158798930342464,2.158798930342464,2.158798930342464,2.158798930342464,2.356194490192345,2.214297435588181,2.158798930342464,2.0344439357957027,2.158798930342464,2.158798930342464,2.0344439357957027,1.8157749899217608,1.8157749899217608,2.0344439357957027,0.0,0.0,0.0,0.0,0.0,0.0,0.0,0.0,0.0,0.0,0.0,2.601173153319209,2.642245931909663,2.677945044588987,2.677945044588987,2.7091848780192556,2.79856871316909,2.79856871316909,2.79856871316909,2.819842099193151,2.838707785214822,2.819842099193151,2.79856871316909,2.819842099193151,2.761086276477428,2.677945044588987,2.677945044588987,2.761086276477428,2.761086276477428,2.62244653934327,2.651635327336065,2.651635327336065,2.601173153319209,2.601173153319209,2.601173153319209,2.6292031932790554,2.729182211992406
33.97553400600009,router,ba:bd:de:13:68:55,-84,92.983271193711,64,1.879529507615962,23.33120682114184,0,0,-18,-3,-18,-4,-17,-5,-15,-5,-13,-5,-13,-3,-12,-2,-11,-1,-10,-1,-10,-1,-8,0,-7,1,-7,1,-7,1,-7,1,-7,2,-7,2,-6,1,-6,1,-5,2,-4,2,-5,1,-5,1,-5,2,-4,1,-4,0,0,0,0,0,0,0,0,0,0,0,0,0,0,0,0,0,0,0,0,0,0,0,-13,-3,-13,-3,-12,-4,-13,-5,-13,-5,-13,-5,-13,-6,-13,-6,-15,-7,-16,-7,-15,-9,-14,-9,-15,-8,-16,-7,-17,-6,-17,-7,-15,-7,-15,-7,-16,-7,-16,-7,-17,-5,-18,-5,-18,-5,-18,-5,-18,-6,-19,-6,0.0,18.24828759089466,18.439088914585774,17.72004514666935,15.811388300841896,13.92838827718412,13.341664064126334,12.165525060596439,11.045361017187261,10.04987562112089,10.04987562112089,8.0,7.0710678118654755,7.0710678118654755,7.0710678118654755,7.0710678118654755,7.280109889280518,7.280109889280518,6.082762530298219,6.082762530298219,5.385164807134504,4.47213595499958,5.0990195135927845,5.0990195135927845,5.385164807134504,4.123105625617661,4.0,0.0,0.0,0.0,0.0,0.0,0.0,0.0,0.0,0.0,0.0,0.0,13.341664064126334,13.341664064126334,12.649110640673518,13.92838827718412,13.92838827718412,13.92838827718412,14.317821063276353,14.317821063276353,16.55294535724685,17.46424919657298,17.4928556845359,16.64331697709324,17.0,17.46424919657298,18.027756377319946,18.384776310850235,16.55294535724685,16.55294535724685,17.46424919657298,17.46424919657298,17.72004514666935,18.681541692269406,18.681541692269406,18.681541692269406,18.973665961010276,19.924858845171276,0.0,-2.976443976175166,-2.922923707715851,-2.8555412118724752,-2.819842099193151,-2.774418819771574,-2.9147938055359073,-2.976443976175166,-3.050932766389048,-3.0419240010986313,-3.0419240010986313,3.141592653589793,2.999695598985629,2.999695598985629,2.999695598985629,2.999695598985629,2.8632929945846817,2.8632929945846817,2.976443976175166,2.976443976175166,2.761086276477428,2.677945044588987,2.9441970937399127,2.9441970937399127,2.761086276477428,2.896613990462929,3.141592653589793,0.0,0.0,0.0,0.0,0.0,0.0,0.0,0.0,0.0,0.0,0.0,-2.9147938055359073,-2.9147938055359073,-2.819842099193151,-2.774418819771574,-2.774418819771574,-2.774418819771574,-2.7091848780192556,-2.7091848780192556,-2.704965493776252,-2.729182211992406,-2.601173153319209,-2.5702551737561663,-2.651635327336065,-2.729182211992406,-2.8023000391357487,-2.7509856098921066,-2.704965493776252,-2.704965493776252,-2.729182211992406,-2.729182211992406,-2.8555412118724752,-2.8706458032513726,-2.8706458032513726,-2.8706458032513726,-2.819842099193151,-2.835713782184941
34.0854547179988,router,ba:bd:de:13:68:55,-83,90.2039727615481,64,1.8721524935574916,23.611906472551414,0,0,-17,-3,-18,-4,-16,-4,-14,-4,-13,-4,-13,-3,-13,-2,-11,-2,-10,-2,-9,-1,-9,-1,-9,-1,-9,0,-8,0,-7,0,-7,0,-8,0,-8,1,-7,2,-6,3,-5,3,-5,2,-6,1,-5,2,-7,1,-10,0,0,0,0,0,0,0,0,0,0,0,0,0,0,0,0,0,0,0,0,0,0,0,-14,-3,-14,-3,-13,-3,-12,-2,-12,-4,-13,-5,-14,-5,-13,-6,-14,-6,-13,-5,-14,-4,-15,-4,-15,-6,-16,-7,-16,-7,-17,-6,-18,-5,-17,-6,-17,-6,-17,-6,-18,-7,-17,-6,-16,-6,-16,-5,-17,-6,-17,-6,0.0,17.26267650163207,18.439088914585774,16.492422502470642,14.560219778561036,13.601470508735444,13.341664064126334,13.152946437965905,11.180339887498949,10.198039027185569,9.055385138137417,9.055385138137417,9.055385138137417,9.0,8.0,7.0,7.0,8.0,8.06225774829855,7.280109889280518,6.708203932499369,5.830951894845301,5.385164807134504,6.082762530298219,5.385164807134504,7.0710678118654755,10.0,0.0,0.0,0.0,0.0,0.0,0.0,0.0,0.0,0.0,0.0,0.0,14.317821063276353,14.317821063276353,13.341664064126334,12.165525060596439,12.649110640673518,13.92838827718412,14.866068747318506,14.317821063276353,15.231546211727817,13.92838827718412,14.560219778561036,15.524174696260024,16.15549442140351,17.46424919657298,17.46424919657298,18.027756377319946,18.681541692269406,18.027756377319946,18.027756377319946,18.027756377319946,19.313207915827967,18.027756377319946,17.08800749063506,16.76305461424021,18.027756377319946,18.027756377319946,0.0,-2.9669204545815537,-2.922923707715851,-2.896613990462929,-2.8632929945846817,-2.843093722003614,-2.9147938055359073,-2.988943325194528,-2.961739153797315,-2.9441970937399127,-3.0309354324158977,-3.0309354324158977,-3.0309354324158977,3.141592653589793,3.141592653589793,3.141592653589793,3.141592653589793,3.141592653589793,3.017237659043032,2.8632929945846817,2.677945044588987,2.601173153319209,2.761086276477428,2.976443976175166,2.761086276477428,2.999695598985629,3.141592653589793,0.0,0.0,0.0,0.0,0.0,0.0,0.0,0.0,0.0,0.0,0.0,-2.930499320367047,-2.930499320367047,-2.9147938055359073,-2.976443976175166,-2.819842099193151,-2.774418819771574,-2.79856871316909,-2.7091848780192556,-2.7367008673047097,-2.774418819771574,-2.8632929945846817,-2.8809902618424523,-2.761086276477428,-2.729182211992406,-2.729182211992406,-2.8023000391357487,-2.8706458032513726,-2.8023000391357487,-2.8023000391357487,-2.8023000391357487,-2.770701364777131,-2.8023000391357487,-2.782821983319221,-2.838707785214822,-2.8023000391357487,-2.8023000391357487
34.185830135997094,router,ba:bd:de:13:68:55,-83,90.2039727615481,64,1.8669485293952732,23.81733679481448,0,0,-11,11,-12,12,-11,10,-11,9,-10,9,-9,8,-8,8,-7,8,-6,9,-5,9,-4,9,-4,9,-3,9,-3,8,-4,6,-4,5,-2,6,-2,6,-1,6,0,5,-1,4,-2,4,-1,5,0,5,0,5,2,5,0,0,0,0,0,0,0,0,0,0,0,0,0,0,0,0,0,0,0,0,0,0,-7,9,-8,10,-8,10,-8,10,-9,11,-10,12,-10,11,-9,11,-10,10,-11,10,-11,11,-11,12,-12,11,-14,11,-13,11,-13,11,-13,12,-14,13,-12,14,-12,14,-12,13,-12,13,-13,13,-13,14,-13,13,-14,12,0.0,15.556349186104045,16.97056274847714,14.866068747318506,14.212670403551895,13.45362404707371,12.041594578792296,11.313708498984761,10.63014581273465,10.816653826391969,10.295630140987,9.848857801796104,9.848857801796104,9.486832980505138,8.54400374531753,7.211102550927978,6.4031242374328485,6.324555320336759,6.324555320336759,6.082762530298219,5.0,4.123105625617661,4.47213595499958,5.0990195135927845,5.0,5.0,5.385164807134504,0.0,0.0,0.0,0.0,0.0,0.0,0.0,0.0,0.0,0.0,0.0,11.40175425099138,12.806248474865697,12.806248474865697,12.806248474865697,14.212670403551895,15.620499351813308,14.866068747318506,14.212670403551895,14.142135623730951,14.866068747318506,15.556349186104045,16.278820596099706,16.278820596099706,17.804493814764857,17.029386365926403,17.029386365926403,17.69180601295413,19.1049731745428,18.439088914585774,18.439088914585774,17.69180601295413,17.69180601295413,18.384776310850235,19.1049731745428,18.384776310850235,18.439088914585774,0.0,2.356194490192345,2.356194490192345,2.403777593469328,2.455863142683507,2.408777551803287,2.4149503129080676,2.356194490192345,2.289626326416521,2.158798930342464,2.0778948311872334,1.9890206563741257,1.9890206563741257,1.892546881191539,1.9295669970654687,2.158798930342464,2.2455372690184494,1.892546881191539,1.892546881191539,1.7359450042095235,1.5707963267948966,1.8157749899217608,2.0344439357957027,1.7681918866447774,1.5707963267948966,1.5707963267948966,1.1902899496825317,0.0,0.0,0.0,0.0,0.0,0.0,0.0,0.0,0.0,0.0,0.0,2.2318394956455836,2.2455372690184494,2.2455372690184494,2.2455372690184494,2.256525837701183,2.2655346029916,2.3086113869153615,2.256525837701183,2.356194490192345,2.403777593469328,2.356194490192345,2.312743594800814,2.399645385583876,2.4756234162106834,2.439335722080786,2.439335722080786,2.396173177315635,2.393214606066275,2.279422598922567,2.279422598922567,2.316215803069055,2.316215803069055,2.356194490192345,2.3191743743184148,2.356194490192345,2.432966381462123
