t_sec,source,mac,rssi,rate,n_sub,std,doppler,raw_csi_iq...(2*n_sub) then amp...(n_sub) then phase...(n_sub)
0.07911756500107003,tx,1a:00:00:00:00:00,-48,98.9817380673172,64,0.6655584969366435,6.249205951371499,0,0,0,0,0,0,0,0,0,0,0,0,3,9,3,10,4,10,4,10,4,10,5,10,4,10,5,10,5,10,6,9,6,10,7,10,7,10,7,10,8,10,7,10,8,10,8,9,9,9,9,10,9,10,10,10,9,9,11,9,11,10,11,10,0,0,12,10,11,10,12,11,11,10,11,11,11,11,11,12,11,11,10,11,10,11,10,11,10,11,9,11,9,12,8,11,8,12,7,10,7,11,7,11,6,10,6,11,5,11,5,10,4,10,4,10,3,10,0,0,0,0,0,0,0,0,0,0,0.0,0.0,0.0,0.0,0.0,0.0,9.486832980505138,10.44030650891055,10.770329614269007,10.770329614269007,10.770329614269007,11.180339887498949,10.770329614269007,11.180339887498949,11.180339887498949,10.816653826391969,11.661903789690601,12.206555615733702,12.206555615733702,12.206555615733702,12.806248474865697,12.206555615733702,12.806248474865697,12.041594578792296,12.727922061357855,13.45362404707371,13.45362404707371,14.142135623730951,12.727922061357855,14.212670403551895,14.866068747318506,14.866068747318506,0.0,15.620499351813308,14.866068747318506,16.278820596099706,14.866068747318506,15.556349186104045,15.556349186104045,16.278820596099706,15.556349186104045,14.866068747318506,14.866068747318506,14.866068747318506,14.866068747318506,14.212670403551895,15.0,13.601470508735444,14.422205101855956,12.206555615733702,13.038404810405298,13.038404810405298,11.661903789690601,12.529964086141668,12.083045973594572,11.180339887498949,10.770329614269007,10.770329614269007,10.44030650891055,0.0,0.0,0.0,0.0,0.0,0.0,0.0,0.0,0.0,0.0,0.0,1.2490457723982544,1.2793395323170296,1.1902899496825317,1.1902899496825317,1.1902899496825317,1.1071487177940904,1.1902899496825317,1.1071487177940904,1.1071487177940904,0.982793723247329,1.0303768265243125,0.960070362405688,0.960070362405688,0.960070362405688,0.8960553845713439,0.960070362405688,0.8960553845713439,0.844153986113171,0.7853981633974483,0.83798122500839,0.83798122500839,0.7853981633974483,0.7853981633974483,0.6857295109062863,0.7378150601204649,0.7378150601204649,0.0,0.6947382761967031,0.7378150601204649,0.7419472680059175,0.7378150601204649,0.7853981633974483,0.7853981633974483,0.8288490587889792,0.7853981633974483,0.8329812666744317,0.8329812666744317,0.8329812666744317,0.8329812666744317,0.8850668158886104,0.9272952180016122,0.9420000403794636,0.982793723247329,0.960070362405688,1.0040671092713902,1.0040671092713902,1.0303768265243125,1.0714496051147666,1.1441688336680205,1.1071487177940904,1.1902899496825317,1.1902899496825317,1.2793395323170296,0.0,0.0,0.0,0.0,0.0
0.18091038199781906,tx,1a:00:00:00:00:00,-48,98.9817380673172,64,0.6633843043219437,6.32340575302433,0,0,0,0,0,0,0,0,0,0,0,0,9,3,10,3,10,2,11,2,10,2,11,2,10,2,10,1,11,2,11,1,11,1,11,0,11,0,12,0,12,-1,12,-1,12,-1,12,-1,13,-2,12,-2,13,-2,13,-2,12,-2,13,-3,14,-3,14,-3,0,0,14,-3,14,-3,15,-3,14,-3,15,-3,15,-2,15,-2,15,-2,15,-1,14,-1,14,-1,14,-1,14,-1,14,-1,13,0,13,0,12,0,12,0,12,1,11,1,12,1,11,2,10,2,10,2,10,2,10,3,0,0,0,0,0,0,0,0,0,0,0.0,0.0,0.0,0.0,0.0,0.0,9.486832980505138,10.44030650891055,10.198039027185569,11.180339887498949,10.198039027185569,11.180339887498949,10.198039027185569,10.04987562112089,11.180339887498949,11.045361017187261,11.045361017187261,11.0,11.0,12.0,12.041594578792296,12.041594578792296,12.041594578792296,12.041594578792296,13.152946437965905,12.165525060596439,13.152946437965905,13.152946437965905,12.165525060596439,13.341664064126334,14.317821063276353,14.317821063276353,0.0,14.317821063276353,14.317821063276353,15.297058540778355,14.317821063276353,15.297058540778355,15.132745950421556,15.132745950421556,15.132745950421556,15.033296378372908,14.035668847618199,14.035668847618199,14.035668847618199,14.035668847618199,14.035668847618199,13.0,13.0,12.0,12.0,12.041594578792296,11.045361017187261,12.041594578792296,11.180339887498949,10.198039027185569,10.198039027185569,10.198039027185569,10.44030650891055,0.0,0.0,0.0,0.0,0.0,0.0,0.0,0.0,0.0,0.0,0.0,0.3217505543966422,0.2914567944778671,0.19739555984988075,0.17985349979247828,0.19739555984988075,0.17985349979247828,0.19739555984988075,0.09966865249116202,0.17985349979247828,0.09065988720074511,0.09065988720074511,0.0,0.0,0.0,-0.08314123188844123,-0.08314123188844123,-0.08314123188844123,-0.08314123188844123,-0.15264932839526515,-0.16514867741462683,-0.15264932839526515,-0.15264932839526515,-0.16514867741462683,-0.22679884805388587,-0.21109333322274654,-0.21109333322274654,0.0,-0.21109333322274654,-0.21109333322274654,-0.19739555984988075,-0.21109333322274654,-0.19739555984988075,-0.13255153229667402,-0.13255153229667402,-0.13255153229667402,-0.06656816377582381,-0.07130746478529032,-0.07130746478529032,-0.07130746478529032,-0.07130746478529032,-0.07130746478529032,0.0,0.0,0.0,0.0,0.08314123188844123,0.09065988720074511,0.08314123188844123,0.17985349979247828,0.19739555984988075,0.19739555984988075,0.19739555984988075,0.2914567944778671,0.0,0.0,0.0,0.0,0.0
0.28335659699951066,tx,1a:00:00:00:00:00,-48,98.9817380673172,64,0.6608344933529668,6.395188206461667,0,0,0,0,0,0,0,0,0,0,0,0,9,-5,9,-5,9,-6,9,-6,9,-6,9,-6,9,-6,9,-6,9,-7,9,-7,9,-7,9,-8,9,-8,9,-8,8,-8,9,-9,8,-9,8,-10,8,-10,8,-10,8,-10,8,-11,8,-11,8,-11,9,-11,8,-11,0,0,8,-12,9,-12,8,-12,9,-13,9,-12,9,-12,9,-12,10,-11,9,-11,10,-11,9,-11,9,-10,10,-10,9,-9,9,-10,9,-9,10,-9,9,-8,9,-8,9,-8,9,-7,9,-7,9,-6,9,-6,9,-5,8,-4,0,0,0,0,0,0,0,0,0,0,0.0,0.0,0.0,0.0,0.0,0.0,10.295630140987,10.295630140987,10.816653826391969,10.816653826391969,10.816653826391969,10.816653826391969,10.816653826391969,10.816653826391969,11.40175425099138,11.40175425099138,11.40175425099138,12.041594578792296,12.041594578792296,12.041594578792296,11.313708498984761,12.727922061357855,12.041594578792296,12.806248474865697,12.806248474865697,12.806248474865697,12.806248474865697,13.601470508735444,13.601470508735444,13.601470508735444,14.212670403551895,13.601470508735444,0.0,14.422205101855956,15.0,14.422205101855956,15.811388300841896,15.0,15.0,15.0,14.866068747318506,14.212670403551895,14.866068747318506,14.212670403551895,13.45362404707371,14.142135623730951,12.727922061357855,13.45362404707371,12.727922061357855,13.45362404707371,12.041594578792296,12.041594578792296,12.041594578792296,11.40175425099138,11.40175425099138,10.816653826391969,10.816653826391969,10.295630140987,8.94427190999916,0.0,0.0,0.0,0.0,0.0,0.0,0.0,0.0,0.0,0.0,0.0,-0.507098504392337,-0.507098504392337,-0.5880026035475675,-0.5880026035475675,-0.5880026035475675,-0.5880026035475675,-0.5880026035475675,-0.5880026035475675,-0.6610431688506869,-0.6610431688506869,-0.6610431688506869,-0.7266423406817256,-0.7266423406817256,-0.7266423406817256,-0.7853981633974483,-0.7853981633974483,-0.844153986113171,-0.8960553845713439,-0.8960553845713439,-0.8960553845713439,-0.8960553845713439,-0.9420000403794636,-0.9420000403794636,-0.9420000403794636,-0.8850668158886104,-0.9420000403794636,0.0,-0.982793723247329,-0.9272952180016122,-0.982793723247329,-0.9652516631899266,-0.9272952180016122,-0.9272952180016122,-0.9272952180016122,-0.8329812666744317,-0.8850668158886104,-0.8329812666744317,-0.8850668158886104,-0.83798122500839,-0.7853981633974483,-0.7853981633974483,-0.83798122500839,-0.7853981633974483,-0.7328151017865066,-0.7266423406817256,-0.7266423406817256,-0.7266423406817256,-0.6610431688506869,-0.6610431688506869,-0.5880026035475675,-0.5880026035475675,-0.507098504392337,-0.4636476090008061,0.0,0.0,0.0,0.0,0.0
0.3893771540024318,tx,1a:00:00:00:00:00,-48,98.9817380673172,64,0.6596748307146609,6.4642915199995254,0,0,0,0,0,0,0,0,0,0,0,0,-6,8,-6,7,-6,8,-7,8,-6,9,-6,9,-6,9,-6,10,-6,9,-5,9,-5,10,-4,10,-4,11,-4,11,-4,11,-4,11,-4,12,-3,11,-3,12,-3,12,-3,12,-3,12,-3,12,-2,13,-2,13,-2,13,0,0,-2,14,-3,13,-3,14,-2,13,-3,14,-3,14,-3,14,-4,14,-4,14,-3,13,-3,13,-4,13,-4,13,-4,13,-5,11,-5,12,-4,11,-5,11,-5,11,-5,10,-5,10,-6,9,-5,9,-6,9,-6,9,-6,8,0,0,0,0,0,0,0,0,0,0,0.0,0.0,0.0,0.0,0.0,0.0,10.0,9.219544457292887,10.0,10.63014581273465,10.816653826391969,10.816653826391969,10.816653826391969,11.661903789690601,10.816653826391969,10.295630140987,11.180339887498949,10.770329614269007,11.704699910719626,11.704699910719626,11.704699910719626,11.704699910719626,12.649110640673518,11.40175425099138,12.36931687685298,12.36931687685298,12.36931687685298,12.36931687685298,12.36931687685298,13.152946437965905,13.152946437965905,13.152946437965905,0.0,14.142135623730951,13.341664064126334,14.317821063276353,13.152946437965905,14.317821063276353,14.317821063276353,14.317821063276353,14.560219778561036,14.560219778561036,13.341664064126334,13.341664064126334,13.601470508735444,13.601470508735444,13.601470508735444,12.083045973594572,13.0,11.704699910719626,12.083045973594572,12.083045973594572,11.180339887498949,11.180339887498949,10.816653826391969,10.295630140987,10.816653826391969,10.816653826391969,10.0,0.0,0.0,0.0,0.0,0.0,0.0,0.0,0.0,0.0,0.0,0.0,2.214297435588181,2.279422598922567,2.214297435588181,2.289626326416521,2.158798930342464,2.158798930342464,2.158798930342464,2.1112158270654806,2.158798930342464,2.0778948311872334,2.0344439357957027,1.9513027039072615,1.9195673303788037,1.9195673303788037,1.9195673303788037,1.9195673303788037,1.892546881191539,1.837048375945822,1.8157749899217608,1.8157749899217608,1.8157749899217608,1.8157749899217608,1.8157749899217608,1.7234456551901618,1.7234456551901618,1.7234456551901618,0.0,1.7126933813990606,1.7975951748487824,1.7818896600176433,1.7234456551901618,1.7818896600176433,1.7818896600176433,1.7818896600176433,1.849095985800008,1.849095985800008,1.7975951748487824,1.7975951748487824,1.8692952583810758,1.8692952583810758,1.8692952583810758,1.9974238199217726,1.965587446494658,1.9195673303788037,1.9974238199217726,1.9974238199217726,2.0344439357957027,2.0344439357957027,2.158798930342464,2.0778948311872334,2.158798930342464,2.158798930342464,2.214297435588181,0.0,0.0,0.0,0.0,0.0
0.4894766180004808,tx,1a:00:00:00:00:00,-48,98.9817380673172,64,0.658657073215503,6.530483377655574,0,0,0,0,0,0,0,0,0,0,0,0,-7,9,-7,8,-7,9,-7,9,-7,10,-6,9,-6,10,-6,10,-6,10,-7,11,-7,10,-6,11,-6,11,-6,11,-5,12,-4,13,-4,12,-4,13,-4,12,-3,13,-4,13,-3,14,-4,14,-3,14,-4,14,-3,14,0,0,-3,15,-2,15,-2,15,-3,16,-3,15,-3,15,-3,15,-4,15,-3,15,-4,15,-4,14,-5,14,-5,14,-5,13,-4,14,-4,13,-5,13,-5,12,-5,12,-5,11,-5,11,-5,11,-6,11,-6,10,-7,9,-7,8,0,0,0,0,0,0,0,0,0,0,0.0,0.0,0.0,0.0,0.0,0.0,11.40175425099138,10.63014581273465,11.40175425099138,11.40175425099138,12.206555615733702,10.816653826391969,11.661903789690601,11.661903789690601,11.661903789690601,13.038404810405298,12.206555615733702,12.529964086141668,12.529964086141668,12.529964086141668,13.0,13.601470508735444,12.649110640673518,13.601470508735444,12.649110640673518,13.341664064126334,13.601470508735444,14.317821063276353,14.560219778561036,14.317821063276353,14.560219778561036,14.317821063276353,0.0,15.297058540778355,15.132745950421556,15.132745950421556,16.278820596099706,15.297058540778355,15.297058540778355,15.297058540778355,15.524174696260024,15.297058540778355,15.524174696260024,14.560219778561036,14.866068747318506,14.866068747318506,13.92838827718412,14.560219778561036,13.601470508735444,13.92838827718412,13.0,13.0,12.083045973594572,12.083045973594572,12.083045973594572,12.529964086141668,11.661903789690601,11.40175425099138,10.63014581273465,0.0,0.0,0.0,0.0,0.0,0.0,0.0,0.0,0.0,0.0,0.0,2.2318394956455836,2.289626326416521,2.2318394956455836,2.2318394956455836,2.1815222911841055,2.158798930342464,2.1112158270654806,2.1112158270654806,2.1112158270654806,2.137525544318403,2.1815222911841055,2.0701430484750265,2.0701430484750265,2.0701430484750265,1.965587446494658,1.8692952583810758,1.892546881191539,1.8692952583810758,1.892546881191539,1.7975951748487824,1.8692952583810758,1.7818896600176433,1.849095985800008,1.7818896600176433,1.849095985800008,1.7818896600176433,0.0,1.7681918866447774,1.7033478590915707,1.7033478590915707,1.7561442767905915,1.7681918866447774,1.7681918866447774,1.7681918866447774,1.8313987185422376,1.7681918866447774,1.8313987185422376,1.849095985800008,1.9138202672156,1.9138202672156,1.9379701606131159,1.849095985800008,1.8692952583810758,1.9379701606131159,1.965587446494658,1.965587446494658,1.9974238199217726,1.9974238199217726,1.9974238199217726,2.0701430484750265,2.1112158270654806,2.2318394956455836,2.289626326416521,0.0,0.0,0.0,0.0,0.0
0.5911113769980147,tx,1a:00:00:00:00:00,-49,98.9817380673172,64,0.657455694144071,6.593538445052526,0,0,0,0,0,0,0,0,0,0,0,0,-10,-4,-10,-4,-11,-4,-10,-4,-11,-4,-10,-4,-11,-3,-11,-3,-11,-3,-12,-3,-12,-3,-12,-3,-12,-3,-12,-2,-12,-2,-13,-1,-12,-1,-13,-1,-13,0,-13,0,-13,0,-14,1,-14,0,-14,0,-14,0,-14,1,0,0,-14,1,-15,2,-15,1,-16,1,-15,1,-16,1,-15,1,-15,0,-15,1,-16,0,-15,0,-14,-1,-14,-1,-13,-1,-14,0,-13,0,-14,-1,-12,-1,-12,-1,-12,-2,-12,-2,-12,-2,-12,-3,-11,-3,-11,-3,-10,-4,0,0,0,0,0,0,0,0,0,0,0.0,0.0,0.0,0.0,0.0,0.0,10.770329614269007,10.770329614269007,11.704699910719626,10.770329614269007,11.704699910719626,10.770329614269007,11.40175425099138,11.40175425099138,11.40175425099138,12.36931687685298,12.36931687685298,12.36931687685298,12.36931687685298,12.165525060596439,12.165525060596439,13.038404810405298,12.041594578792296,13.038404810405298,13.0,13.0,13.0,14.035668847618199,14.0,14.0,14.0,14.035668847618199,0.0,14.035668847618199,15.132745950421556,15.033296378372908,16.0312195418814,15.033296378372908,16.0312195418814,15.033296378372908,15.0,15.033296378372908,16.0,15.0,14.035668847618199,14.035668847618199,13.038404810405298,14.0,13.0,14.035668847618199,12.041594578792296,12.041594578792296,12.165525060596439,12.165525060596439,12.165525060596439,12.36931687685298,11.40175425099138,11.40175425099138,10.770329614269007,0.0,0.0,0.0,0.0,0.0,0.0,0.0,0.0,0.0,0.0,0.0,-2.761086276477428,-2.761086276477428,-2.7928216500058864,-2.761086276477428,-2.7928216500058864,-2.761086276477428,-2.875340604438868,-2.875340604438868,-2.875340604438868,-2.896613990462929,-2.896613990462929,-2.896613990462929,-2.896613990462929,-2.976443976175166,-2.976443976175166,-3.064820762320015,-3.058451421701352,-3.064820762320015,3.141592653589793,3.141592653589793,3.141592653589793,3.070285188804503,3.141592653589793,3.141592653589793,3.141592653589793,3.070285188804503,0.0,3.070285188804503,3.0090411212931194,3.0750244898139694,3.079173843593836,3.0750244898139694,3.079173843593836,3.0750244898139694,3.141592653589793,3.0750244898139694,3.141592653589793,3.141592653589793,-3.070285188804503,-3.070285188804503,-3.064820762320015,3.141592653589793,3.141592653589793,-3.070285188804503,-3.058451421701352,-3.058451421701352,-2.976443976175166,-2.976443976175166,-2.976443976175166,-2.896613990462929,-2.875340604438868,-2.875340604438868,-2.761086276477428,0.0,0.0,0.0,0.0,0.0
0.6936205590027384,tx,1a:00:00:00:00:00,-49,98.13692538884361,64,0.6557143291091627,6.6532571095689885,0,0,0,0,0,0,0,0,0,0,0,0,-10,-4,-11,-4,-11,-3,-11,-3,-11,-3,-12,-3,-11,-3,-12,-2,-12,-3,-12,-1,-12,-1,-12,-1,-13,-1,-13,-1,-13,0,-13,-1,-14,0,-13,0,-14,1,-14,0,-14,1,-14,1,-14,1,-14,2,-15,2,-15,2,0,0,-15,2,-15,1,-16,2,-15,2,-16,1,-16,1,-16,1,-15,1,-15,0,-15,1,-15,1,-15,0,-15,0,-15,0,-14,-1,-14,-1,-13,-1,-13,-1,-13,-2,-12,-2,-12,-2,-12,-3,-11,-2,-11,-3,-11,-3,-11,-4,0,0,0,0,0,0,0,0,0,0,0.0,0.0,0.0,0.0,0.0,0.0,10.770329614269007,11.704699910719626,11.40175425099138,11.40175425099138,11.40175425099138,12.36931687685298,11.40175425099138,12.165525060596439,12.36931687685298,12.041594578792296,12.041594578792296,12.041594578792296,13.038404810405298,13.038404810405298,13.0,13.038404810405298,14.0,13.0,14.035668847618199,14.0,14.035668847618199,14.035668847618199,14.035668847618199,14.142135623730951,15.132745950421556,15.132745950421556,0.0,15.132745950421556,15.033296378372908,16.1245154965971,15.132745950421556,16.0312195418814,16.0312195418814,16.0312195418814,15.033296378372908,15.0,15.033296378372908,15.033296378372908,15.0,15.0,15.0,14.035668847618199,14.035668847618199,13.038404810405298,13.038404810405298,13.152946437965905,12.165525060596439,12.165525060596439,12.36931687685298,11.180339887498949,11.40175425099138,11.40175425099138,11.704699910719626,0.0,0.0,0.0,0.0,0.0,0.0,0.0,0.0,0.0,0.0,0.0,-2.761086276477428,-2.7928216500058864,-2.875340604438868,-2.875340604438868,-2.875340604438868,-2.896613990462929,-2.875340604438868,-2.976443976175166,-2.896613990462929,-3.058451421701352,-3.058451421701352,-3.058451421701352,-3.064820762320015,-3.064820762320015,3.141592653589793,-3.064820762320015,3.141592653589793,3.141592653589793,3.070285188804503,3.141592653589793,3.070285188804503,3.070285188804503,3.070285188804503,2.999695598985629,3.0090411212931194,3.0090411212931194,0.0,3.0090411212931194,3.0750244898139694,3.017237659043032,3.0090411212931194,3.079173843593836,3.079173843593836,3.079173843593836,3.0750244898139694,3.141592653589793,3.0750244898139694,3.0750244898139694,3.141592653589793,3.141592653589793,3.141592653589793,-3.070285188804503,-3.070285188804503,-3.064820762320015,-3.064820762320015,-2.988943325194528,-2.976443976175166,-2.976443976175166,-2.896613990462929,-2.961739153797315,-2.875340604438868,-2.875340604438868,-2.7928216500058864,0.0,0.0,0.0,0.0,0.0
0.8113077380039613,tx,1a:00:00:00:00:00,-48,98.13692538884361,64,0.6527785452384745,6.709480050536271,0,0,0,0,0,0,0,0,0,0,0,0,4,-10,4,-10,4,-11,4,-10,4,-11,3,-10,3,-11,3,-11,3,-11,3,-12,3,-12,2,-12,2,-12,2,-12,2,-12,1,-13,0,-12,1,-13,0,-13,0,-14,0,-14,-1,-14,0,-15,0,-15,0,-15,-1,-14,0,0,-1,-15,-1,-16,-1,-15,-1,-16,-1,-15,-1,-16,-1,-16,0,-16,0,-15,0,-16,1,-15,1,-14,1,-14,1,-14,1,-14,1,-13,1,-14,1,-13,1,-12,2,-12,2,-12,2,-12,3,-12,3,-11,3,-11,4,-10,0,0,0,0,0,0,0,0,0,0,0.0,0.0,0.0,0.0,0.0,0.0,10.770329614269007,10.770329614269007,11.704699910719626,10.770329614269007,11.704699910719626,10.44030650891055,11.40175425099138,11.40175425099138,11.40175425099138,12.36931687685298,12.36931687685298,12.165525060596439,12.165525060596439,12.165525060596439,12.165525060596439,13.038404810405298,12.0,13.038404810405298,13.0,14.0,14.0,14.035668847618199,15.0,15.0,15.0,14.035668847618199,0.0,15.033296378372908,16.0312195418814,15.033296378372908,16.0312195418814,15.033296378372908,16.0312195418814,16.0312195418814,16.0,15.0,16.0,15.033296378372908,14.035668847618199,14.035668847618199,14.035668847618199,14.035668847618199,13.038404810405298,14.035668847618199,13.038404810405298,12.041594578792296,12.165525060596439,12.165525060596439,12.165525060596439,12.36931687685298,11.40175425099138,11.40175425099138,10.770329614269007,0.0,0.0,0.0,0.0,0.0,0.0,0.0,0.0,0.0,0.0,0.0,-1.1902899496825317,-1.1902899496825317,-1.2220253232109897,-1.1902899496825317,-1.2220253232109897,-1.2793395323170296,-1.3045442776439713,-1.3045442776439713,-1.3045442776439713,-1.3258176636680326,-1.3258176636680326,-1.4056476493802699,-1.4056476493802699,-1.4056476493802699,-1.4056476493802699,-1.4940244355251187,-1.5707963267948966,-1.4940244355251187,-1.5707963267948966,-1.5707963267948966,-1.5707963267948966,-1.642103791580187,-1.5707963267948966,-1.5707963267948966,-1.5707963267948966,-1.642103791580187,0.0,-1.6373644905707205,-1.633215136790854,-1.6373644905707205,-1.633215136790854,-1.6373644905707205,-1.633215136790854,-1.633215136790854,-1.5707963267948966,-1.5707963267948966,-1.5707963267948966,-1.5042281630190728,-1.4994888620096063,-1.4994888620096063,-1.4994888620096063,-1.4994888620096063,-1.4940244355251187,-1.4994888620096063,-1.4940244355251187,-1.4876550949064553,-1.4056476493802699,-1.4056476493802699,-1.4056476493802699,-1.3258176636680326,-1.3045442776439713,-1.3045442776439713,-1.1902899496825317,0.0,0.0,0.0,0.0,0.0
0.9203624610017869,tx,1a:00:00:00:00:00,-48,98.13692538884361,64,0.6518867526973581,6.761962354557529,0,0,0,0,0,0,0,0,0,0,0,0,2,-11,1,-12,1,-12,1,-13,1,-12,0,-13,0,-12,0,-12,0,-13,-1,-13,-1,-13,-1,-13,-2,-13,-2,-13,-3,-14,-3,-13,-3,-14,-3,-13,-4,-14,-4,-14,-4,-14,-5,-15,-5,-14,-6,-15,-5,-15,-6,-15,0,0,-7,-16,-5,-15,-6,-17,-6,-15,-6,-16,-6,-16,-5,-16,-6,-16,-5,-16,-5,-15,-5,-15,-4,-15,-4,-15,-4,-16,-3,-14,-3,-15,-4,-14,-3,-14,-3,-14,-2,-13,-2,-13,-1,-13,-1,-12,-1,-12,-1,-12,0,-12,0,0,0,0,0,0,0,0,0,0,0.0,0.0,0.0,0.0,0.0,0.0,11.180339887498949,12.041594578792296,12.041594578792296,13.038404810405298,12.041594578792296,13.0,12.0,12.0,13.0,13.038404810405298,13.038404810405298,13.038404810405298,13.152946437965905,13.152946437965905,14.317821063276353,13.341664064126334,14.317821063276353,13.341664064126334,14.560219778561036,14.560219778561036,14.560219778561036,15.811388300841896,14.866068747318506,16.15549442140351,15.811388300841896,16.15549442140351,0.0,17.46424919657298,15.811388300841896,18.027756377319946,16.15549442140351,17.08800749063506,17.08800749063506,16.76305461424021,17.08800749063506,16.76305461424021,15.811388300841896,15.811388300841896,15.524174696260024,15.524174696260024,16.492422502470642,14.317821063276353,15.297058540778355,14.560219778561036,14.317821063276353,14.317821063276353,13.152946437965905,13.152946437965905,13.038404810405298,12.041594578792296,12.041594578792296,12.041594578792296,12.0,0.0,0.0,0.0,0.0,0.0,0.0,0.0,0.0,0.0,0.0,0.0,-1.3909428270024184,-1.4876550949064553,-1.4876550949064553,-1.4940244355251187,-1.4876550949064553,-1.5707963267948966,-1.5707963267948966,-1.5707963267948966,-1.5707963267948966,-1.6475682180646747,-1.6475682180646747,-1.6475682180646747,-1.7234456551901618,-1.7234456551901618,-1.7818896600176433,-1.7975951748487824,-1.7818896600176433,-1.7975951748487824,-1.849095985800008,-1.849095985800008,-1.849095985800008,-1.892546881191539,-1.9138202672156,-1.9513027039072615,-1.892546881191539,-1.9513027039072615,0.0,-1.9832067683922838,-1.892546881191539,-1.9100889412489412,-1.9513027039072615,-1.9295669970654687,-1.9295669970654687,-1.873681195169868,-1.9295669970654687,-1.873681195169868,-1.892546881191539,-1.892546881191539,-1.8313987185422376,-1.8313987185422376,-1.8157749899217608,-1.7818896600176433,-1.7681918866447774,-1.849095985800008,-1.7818896600176433,-1.7818896600176433,-1.7234456551901618,-1.7234456551901618,-1.6475682180646747,-1.6539375586833378,-1.6539375586833378,-1.6539375586833378,-1.5707963267948966,0.0,0.0,0.0,0.0,0.0
1.0292035399979795,tx,1a:00:00:00:00:00,-48,98.13692538884361,64,0.65098694564578,6.8105312616881974,0,0,0,0,0,0,0,0,0,0,0,0,3,10,4,10,4,10,4,10,4,10,4,10,5,10,5,10,5,11,6,10,6,10,7,10,7,10,7,10,8,10,8,10,8,10,8,10,9,10,9,10,9,10,9,10,10,10,11,9,11,10,11,10,0,0,12,10,11,10,12,11,11,10,11,10,12,11,11,11,11,11,11,11,10,10,10,10,10,11,10,11,10,11,9,11,9,11,8,10,8,10,8,10,6,10,7,10,6,10,6,10,5,10,5,10,4,10,0,0,0,0,0,0,0,0,0,0,0.0,0.0,0.0,0.0,0.0,0.0,10.44030650891055,10.770329614269007,10.770329614269007,10.770329614269007,10.770329614269007,10.770329614269007,11.180339887498949,11.180339887498949,12.083045973594572,11.661903789690601,11.661903789690601,12.206555615733702,12.206555615733702,12.206555615733702,12.806248474865697,12.806248474865697,12.806248474865697,12.806248474865697,13.45362404707371,13.45362404707371,13.45362404707371,13.45362404707371,14.142135623730951,14.212670403551895,14.866068747318506,14.866068747318506,0.0,15.620499351813308,14.866068747318506,16.278820596099706,14.866068747318506,14.866068747318506,16.278820596099706,15.556349186104045,15.556349186104045,15.556349186104045,14.142135623730951,14.142135623730951,14.866068747318506,14.866068747318506,14.866068747318506,14.212670403551895,14.212670403551895,12.806248474865697,12.806248474865697,12.806248474865697,11.661903789690601,12.206555615733702,11.661903789690601,11.661903789690601,11.180339887498949,11.180339887498949,10.770329614269007,0.0,0.0,0.0,0.0,0.0,0.0,0.0,0.0,0.0,0.0,0.0,1.2793395323170296,1.1902899496825317,1.1902899496825317,1.1902899496825317,1.1902899496825317,1.1902899496825317,1.1071487177940904,1.1071487177940904,1.1441688336680205,1.0303768265243125,1.0303768265243125,0.960070362405688,0.960070362405688,0.960070362405688,0.8960553845713439,0.8960553845713439,0.8960553845713439,0.8960553845713439,0.83798122500839,0.83798122500839,0.83798122500839,0.83798122500839,0.7853981633974483,0.6857295109062863,0.7378150601204649,0.7378150601204649,0.0,0.6947382761967031,0.7378150601204649,0.7419472680059175,0.7378150601204649,0.7378150601204649,0.7419472680059175,0.7853981633974483,0.7853981633974483,0.7853981633974483,0.7853981633974483,0.7853981633974483,0.8329812666744317,0.8329812666744317,0.8329812666744317,0.8850668158886104,0.8850668158886104,0.8960553845713439,0.8960553845713439,0.8960553845713439,1.0303768265243125,0.960070362405688,1.0303768265243125,1.0303768265243125,1.1071487177940904,1.1071487177940904,1.1902899496825317,0.0,0.0,0.0,0.0,0.0
1.1342173910015845,tx,1a:00:00:00:00:00,-48,98.13692538884361,64,0.6510552775976453,6.85509251891946,0,0,0,0,0,0,0,0,0,0,0,0,-10,6,-9,6,-10,7,-10,7,-10,7,-9,7,-10,7,-9,7,-9,8,-9,8,-9,8,-9,9,-9,9,-9,10,-9,10,-8,10,-8,11,-8,11,-8,11,-8,11,-8,12,-8,12,-8,12,-7,13,-7,13,-7,13,0,0,-8,13,-8,14,-8,14,-7,14,-8,13,-8,14,-9,15,-11,16,-8,13,-9,13,-7,12,-12,14,-9,13,-8,12,-10,12,-5,12,-9,11,-8,10,-9,9,-10,6,-9,9,-9,9,-9,9,-7,4,-9,6,-9,6,0,0,0,0,0,0,0,0,0,0,0.0,0.0,0.0,0.0,0.0,0.0,11.661903789690601,10.816653826391969,12.206555615733702,12.206555615733702,12.206555615733702,11.40175425099138,12.206555615733702,11.40175425099138,12.041594578792296,12.041594578792296,12.041594578792296,12.727922061357855,12.727922061357855,13.45362404707371,13.45362404707371,12.806248474865697,13.601470508735444,13.601470508735444,13.601470508735444,13.601470508735444,14.422205101855956,14.422205101855956,14.422205101855956,14.7648230602334,14.7648230602334,14.7648230602334,0.0,15.264337522473747,16.1245154965971,16.1245154965971,15.652475842498529,15.264337522473747,16.1245154965971,17.4928556845359,19.4164878389476,15.264337522473747,15.811388300841896,13.892443989449804,18.439088914585774,15.811388300841896,14.422205101855956,15.620499351813308,13.0,14.212670403551895,12.806248474865697,12.727922061357855,11.661903789690601,12.727922061357855,12.727922061357855,12.727922061357855,8.06225774829855,10.816653826391969,10.816653826391969,0.0,0.0,0.0,0.0,0.0,0.0,0.0,0.0,0.0,0.0,0.0,2.601173153319209,2.5535900500422257,2.5308666892005847,2.5308666892005847,2.5308666892005847,2.4805494847391065,2.5308666892005847,2.4805494847391065,2.4149503129080676,2.4149503129080676,2.4149503129080676,2.356194490192345,2.356194490192345,2.3036114285814033,2.3036114285814033,2.2455372690184494,2.1995926132103296,2.1995926132103296,2.1995926132103296,2.1995926132103296,2.158798930342464,2.158798930342464,2.158798930342464,2.0647376957144776,2.0647376957144776,2.0647376957144776,0.0,2.1224513093234436,2.0899424410414196,2.0899424410414196,2.0344439357957027,2.1224513093234436,2.0899424410414196,2.1112158270654806,2.173083672929861,2.1224513093234436,2.1763409903998667,2.0988707752212563,2.279422598922567,2.1763409903998667,2.158798930342464,2.2655346029916,1.965587446494658,2.256525837701183,2.2455372690184494,2.356194490192345,2.601173153319209,2.356194490192345,2.356194490192345,2.356194490192345,2.62244653934327,2.5535900500422257,2.5535900500422257,0.0,0.0,0.0,0.0,0.0
1.2402175550014363,tx,1a:00:00:00:00:00,-48,98.13692538884361,64,0.6501260706267928,6.895595469755381,0,0,0,0,0,0,0,0,0,0,0,0,10,-3,10,-3,11,-4,10,-4,11,-4,10,-4,10,-5,10,-5,10,-5,11,-5,11,-5,11,-6,11,-6,11,-6,10,-7,11,-8,10,-8,10,-8,10,-8,10,-9,11,-9,10,-10,11,-10,11,-10,11,-10,10,-10,0,0,11,-11,11,-11,11,-11,11,-11,11,-11,11,-11,11,-11,12,-10,11,-10,12,-10,12,-9,11,-9,12,-9,11,-8,11,-9,11,-8,11,-8,10,-7,10,-7,10,-7,10,-7,11,-6,11,-6,10,-5,10,-4,10,-4,0,0,0,0,0,0,0,0,0,0,0.0,0.0,0.0,0.0,0.0,0.0,10.44030650891055,10.44030650891055,11.704699910719626,10.770329614269007,11.704699910719626,10.770329614269007,11.180339887498949,11.180339887498949,11.180339887498949,12.083045973594572,12.083045973594572,12.529964086141668,12.529964086141668,12.529964086141668,12.206555615733702,13.601470508735444,12.806248474865697,12.806248474865697,12.806248474865697,13.45362404707371,14.212670403551895,14.142135623730951,14.866068747318506,14.866068747318506,14.866068747318506,14.142135623730951,0.0,15.556349186104045,15.556349186104045,15.556349186104045,15.556349186104045,15.556349186104045,15.556349186104045,15.556349186104045,15.620499351813308,14.866068747318506,15.620499351813308,15.0,14.212670403551895,15.0,13.601470508735444,14.212670403551895,13.601470508735444,13.601470508735444,12.206555615733702,12.206555615733702,12.206555615733702,12.206555615733702,12.529964086141668,12.529964086141668,11.180339887498949,10.770329614269007,10.770329614269007,0.0,0.0,0.0,0.0,0.0,0.0,0.0,0.0,0.0,0.0,0.0,-0.2914567944778671,-0.2914567944778671,-0.348771003583907,-0.3805063771123649,-0.348771003583907,-0.3805063771123649,-0.4636476090008061,-0.4636476090008061,-0.4636476090008061,-0.4266274931268761,-0.4266274931268761,-0.4993467216801301,-0.4993467216801301,-0.4993467216801301,-0.6107259643892086,-0.628796286415433,-0.6747409422235526,-0.6747409422235526,-0.6747409422235526,-0.7328151017865066,-0.6857295109062863,-0.7853981633974483,-0.7378150601204649,-0.7378150601204649,-0.7378150601204649,-0.7853981633974483,0.0,-0.7853981633974483,-0.7853981633974483,-0.7853981633974483,-0.7853981633974483,-0.7853981633974483,-0.7853981633974483,-0.7853981633974483,-0.6947382761967031,-0.7378150601204649,-0.6947382761967031,-0.6435011087932844,-0.6857295109062863,-0.6435011087932844,-0.628796286415433,-0.6857295109062863,-0.628796286415433,-0.628796286415433,-0.6107259643892086,-0.6107259643892086,-0.6107259643892086,-0.6107259643892086,-0.4993467216801301,-0.4993467216801301,-0.4636476090008061,-0.3805063771123649,-0.3805063771123649,0.0,0.0,0.0,0.0,0.0
1.3502715900031035,tx,1a:00:00:00:00:00,-48,98.13692538884361,64,0.649430814975254,6.932023503554499,0,0,0,0,0,0,0,0,0,0,0,0,-11,-5,-11,-5,-11,-5,-12,-5,-12,-5,-12,-5,-12,-4,-12,-4,-12,-4,-13,-4,-13,-4,-13,-3,-13,-3,-13,-3,-14,-2,-14,-2,-14,-2,-14,-2,-15,-1,-15,-1,-15,-1,-15,0,-15,0,-16,0,-16,0,-16,0,0,0,-16,1,-16,0,-17,0,-16,0,-17,0,-17,0,-17,0,-17,0,-16,0,-16,0,-16,-1,-16,-1,-15,-1,-15,-1,-15,-2,-15,-2,-14,-2,-14,-2,-14,-2,-13,-2,-13,-3,-13,-3,-12,-3,-12,-4,-12,-4,-11,-5,0,0,0,0,0,0,0,0,0,0,0.0,0.0,0.0,0.0,0.0,0.0,12.083045973594572,12.083045973594572,12.083045973594572,13.0,13.0,13.0,12.649110640673518,12.649110640673518,12.649110640673518,13.601470508735444,13.601470508735444,13.341664064126334,13.341664064126334,13.341664064126334,14.142135623730951,14.142135623730951,14.142135623730951,14.142135623730951,15.033296378372908,15.033296378372908,15.033296378372908,15.0,15.0,16.0,16.0,16.0,0.0,16.0312195418814,16.0,17.0,16.0,17.0,17.0,17.0,17.0,16.0,16.0,16.0312195418814,16.0312195418814,15.033296378372908,15.033296378372908,15.132745950421556,15.132745950421556,14.142135623730951,14.142135623730951,14.142135623730951,13.152946437965905,13.341664064126334,13.341664064126334,12.36931687685298,12.649110640673518,12.649110640673518,12.083045973594572,0.0,0.0,0.0,0.0,0.0,0.0,0.0,0.0,0.0,0.0,0.0,-2.714965160462917,-2.714965160462917,-2.714965160462917,-2.746801533890032,-2.746801533890032,-2.746801533890032,-2.819842099193151,-2.819842099193151,-2.819842099193151,-2.843093722003614,-2.843093722003614,-2.9147938055359073,-2.9147938055359073,-2.9147938055359073,-2.999695598985629,-2.999695598985629,-2.999695598985629,-2.999695598985629,-3.0750244898139694,-3.0750244898139694,-3.0750244898139694,3.141592653589793,3.141592653589793,3.141592653589793,3.141592653589793,3.141592653589793,0.0,3.079173843593836,3.141592653589793,3.141592653589793,3.141592653589793,3.141592653589793,3.141592653589793,3.141592653589793,3.141592653589793,3.141592653589793,3.141592653589793,-3.079173843593836,-3.079173843593836,-3.0750244898139694,-3.0750244898139694,-3.0090411212931194,-3.0090411212931194,-2.999695598985629,-2.999695598985629,-2.999695598985629,-2.988943325194528,-2.9147938055359073,-2.9147938055359073,-2.896613990462929,-2.819842099193151,-2.819842099193151,-2.714965160462917,0.0,0.0,0.0,0.0,0.0
1.4594423950038617,tx,1a:00:00:00:00:00,-49,98.13692538884361,64,0.6486607516960567,6.964428290953537,0,0,0,0,0,0,0,0,0,0,0,0,-7,8,-8,8,-7,8,-8,9,-7,8,-7,9,-7,9,-7,9,-7,9,-6,10,-6,10,-6,10,-6,11,-6,11,-6,11,-5,11,-6,12,-5,11,-5,13,-5,12,-5,12,-5,13,-4,12,-4,13,-4,14,-4,14,0,0,-4,14,-5,14,-5,15,-4,14,-5,14,-5,15,-5,14,-5,14,-6,14,-5,13,-5,14,-6,13,-6,13,-6,13,-6,12,-6,12,-6,11,-6,11,-6,11,-6,10,-7,10,-7,10,-7,9,-7,9,-7,8,-8,7,0,0,0,0,0,0,0,0,0,0,0.0,0.0,0.0,0.0,0.0,0.0,10.63014581273465,11.313708498984761,10.63014581273465,12.041594578792296,10.63014581273465,11.40175425099138,11.40175425099138,11.40175425099138,11.40175425099138,11.661903789690601,11.661903789690601,11.661903789690601,12.529964086141668,12.529964086141668,12.529964086141668,12.083045973594572,13.416407864998739,12.083045973594572,13.92838827718412,13.0,13.0,13.92838827718412,12.649110640673518,13.601470508735444,14.560219778561036,14.560219778561036,0.0,14.560219778561036,14.866068747318506,15.811388300841896,14.560219778561036,14.866068747318506,15.811388300841896,14.866068747318506,14.866068747318506,15.231546211727817,13.92838827718412,14.866068747318506,14.317821063276353,14.317821063276353,14.317821063276353,13.416407864998739,13.416407864998739,12.529964086141668,12.529964086141668,12.529964086141668,11.661903789690601,12.206555615733702,12.206555615733702,11.40175425099138,11.40175425099138,10.63014581273465,10.63014581273465,0.0,0.0,0.0,0.0,0.0,0.0,0.0,0.0,0.0,0.0,0.0,2.289626326416521,2.356194490192345,2.289626326416521,2.297438667476622,2.289626326416521,2.2318394956455836,2.2318394956455836,2.2318394956455836,2.2318394956455836,2.1112158270654806,2.1112158270654806,2.1112158270654806,2.0701430484750265,2.0701430484750265,2.0701430484750265,1.9974238199217726,2.0344439357957027,1.9974238199217726,1.9379701606131159,1.965587446494658,1.965587446494658,1.9379701606131159,1.892546881191539,1.8692952583810758,1.849095985800008,1.849095985800008,0.0,1.849095985800008,1.9138202672156,1.892546881191539,1.849095985800008,1.9138202672156,1.892546881191539,1.9138202672156,1.9138202672156,1.97568811307998,1.9379701606131159,1.9138202672156,2.0032041023654346,2.0032041023654346,2.0032041023654346,2.0344439357957027,2.0344439357957027,2.0701430484750265,2.0701430484750265,2.0701430484750265,2.1112158270654806,2.1815222911841055,2.1815222911841055,2.2318394956455836,2.2318394956455836,2.289626326416521,2.4227626539681686,0.0,0.0,0.0,0.0,0.0
1.571030241997505,tx,1a:00:00:00:00:00,-48,98.13692538884361,64,0.6438530611603842,6.99287685338644,0,0,0,0,0,0,0,0,0,0,0,0,10,-2,10,-2,10,-2,10,-2,10,-3,10,-3,10,-3,10,-3,10,-4,11,-4,11,-3,11,-4,11,-4,11,-4,11,-5,11,-6,10,-6,11,-6,11,-7,11,-7,11,-7,11,-8,11,-7,11,-8,12,-7,11,-8,0,0,12,-8,12,-9,12,-9,12,-9,12,-8,12,-9,12,-9,12,-8,12,-8,13,-7,12,-7,12,-6,12,-6,12,-6,12,-6,11,-6,12,-5,11,-5,11,-5,11,-4,10,-4,10,-4,11,-3,10,-2,10,-2,10,-1,0,0,0,0,0,0,0,0,0,0,0.0,0.0,0.0,0.0,0.0,0.0,10.198039027185569,10.198039027185569,10.198039027185569,10.198039027185569,10.44030650891055,10.44030650891055,10.44030650891055,10.44030650891055,10.770329614269007,11.704699910719626,11.40175425099138,11.704699910719626,11.704699910719626,11.704699910719626,12.083045973594572,12.529964086141668,11.661903789690601,12.529964086141668,13.038404810405298,13.038404810405298,13.038404810405298,13.601470508735444,13.038404810405298,13.601470508735444,13.892443989449804,13.601470508735444,0.0,14.422205101855956,15.0,15.0,15.0,14.422205101855956,15.0,15.0,14.422205101855956,14.422205101855956,14.7648230602334,13.892443989449804,13.416407864998739,13.416407864998739,13.416407864998739,13.416407864998739,12.529964086141668,13.0,12.083045973594572,12.083045973594572,11.704699910719626,10.770329614269007,10.770329614269007,11.40175425099138,10.198039027185569,10.198039027185569,10.04987562112089,0.0,0.0,0.0,0.0,0.0,0.0,0.0,0.0,0.0,0.0,0.0,-0.19739555984988075,-0.19739555984988075,-0.19739555984988075,-0.19739555984988075,-0.2914567944778671,-0.2914567944778671,-0.2914567944778671,-0.2914567944778671,-0.3805063771123649,-0.348771003583907,-0.2662520491509254,-0.348771003583907,-0.348771003583907,-0.348771003583907,-0.4266274931268761,-0.4993467216801301,-0.5404195002705842,-0.4993467216801301,-0.5667292175235064,-0.5667292175235064,-0.5667292175235064,-0.628796286415433,-0.5667292175235064,-0.628796286415433,-0.5280744484263596,-0.628796286415433,0.0,-0.5880026035475675,-0.6435011087932844,-0.6435011087932844,-0.6435011087932844,-0.5880026035475675,-0.6435011087932844,-0.6435011087932844,-0.5880026035475675,-0.5880026035475675,-0.49394136891958124,-0.5280744484263596,-0.4636476090008061,-0.4636476090008061,-0.4636476090008061,-0.4636476090008061,-0.4993467216801301,-0.3947911196997615,-0.4266274931268761,-0.4266274931268761,-0.348771003583907,-0.3805063771123649,-0.3805063771123649,-0.2662520491509254,-0.19739555984988075,-0.19739555984988075,-0.09966865249116202,0.0,0.0,0.0,0.0,0.0
1.680607467002119,tx,1a:00:00:00:00:00,-48,94.86899786705051,64,0.640400202008741,7.017445543107966,0,0,0,0,0,0,0,0,0,0,0,0,10,-5,10,-6,10,-6,10,-6,10,-6,10,-6,10,-7,10,-7,10,-7,10,-8,10,-8,10,-8,10,-9,10,-9,10,-9,9,-10,9,-10,9,-10,9,-11,9,-11,9,-11,9,-11,9,-12,9,-12,9,-12,9,-12,0,0,10,-13,9,-13,10,-13,10,-13,10,-13,10,-13,10,-13,10,-12,10,-12,10,-12,10,-12,10,-11,10,-11,10,-11,10,-10,10,-10,10,-10,10,-9,10,-9,10,-8,10,-8,10,-7,10,-7,10,-6,10,-6,10,-5,0,0,0,0,0,0,0,0,0,0,0.0,0.0,0.0,0.0,0.0,0.0,11.180339887498949,11.661903789690601,11.661903789690601,11.661903789690601,11.661903789690601,11.661903789690601,12.206555615733702,12.206555615733702,12.206555615733702,12.806248474865697,12.806248474865697,12.806248474865697,13.45362404707371,13.45362404707371,13.45362404707371,13.45362404707371,13.45362404707371,13.45362404707371,14.212670403551895,14.212670403551895,14.212670403551895,14.212670403551895,15.0,15.0,15.0,15.0,0.0,16.401219466856727,15.811388300841896,16.401219466856727,16.401219466856727,16.401219466856727,16.401219466856727,16.401219466856727,15.620499351813308,15.620499351813308,15.620499351813308,15.620499351813308,14.866068747318506,14.866068747318506,14.866068747318506,14.142135623730951,14.142135623730951,14.142135623730951,13.45362404707371,13.45362404707371,12.806248474865697,12.806248474865697,12.206555615733702,12.206555615733702,11.661903789690601,11.661903789690601,11.180339887498949,0.0,0.0,0.0,0.0,0.0,0.0,0.0,0.0,0.0,0.0,0.0,-0.4636476090008061,-0.5404195002705842,-0.5404195002705842,-0.5404195002705842,-0.5404195002705842,-0.5404195002705842,-0.6107259643892086,-0.6107259643892086,-0.6107259643892086,-0.6747409422235526,-0.6747409422235526,-0.6747409422235526,-0.7328151017865066,-0.7328151017865066,-0.7328151017865066,-0.83798122500839,-0.83798122500839,-0.83798122500839,-0.8850668158886104,-0.8850668158886104,-0.8850668158886104,-0.8850668158886104,-0.9272952180016122,-0.9272952180016122,-0.9272952180016122,-0.9272952180016122,0.0,-0.9151007005533605,-0.9652516631899266,-0.9151007005533605,-0.9151007005533605,-0.9151007005533605,-0.9151007005533605,-0.9151007005533605,-0.8760580505981934,-0.8760580505981934,-0.8760580505981934,-0.8760580505981934,-0.8329812666744317,-0.8329812666744317,-0.8329812666744317,-0.7853981633974483,-0.7853981633974483,-0.7853981633974483,-0.7328151017865066,-0.7328151017865066,-0.6747409422235526,-0.6747409422235526,-0.6107259643892086,-0.6107259643892086,-0.5404195002705842,-0.5404195002705842,-0.4636476090008061,0.0,0.0,0.0,0.0,0.0
1.791585404003854,tx,1a:00:00:00:00:00,-49,94.86899786705051,64,0.6382212734747528,7.064297644340668,0,0,0,0,0,0,0,0,0,0,0,0,-12,-1,-11,-1,-12,-1,-12,-1,-12,-1,-12,0,-12,0,-12,0,-13,1,-13,0,-13,1,-13,1,-13,1,-13,2,-13,2,-14,3,-13,3,-14,3,-13,3,-13,4,-14,4,-14,4,-14,4,-14,5,-15,5,-14,4,0,0,-15,5,-15,6,-14,5,-16,6,-15,5,-15,5,-16,5,-15,4,-15,5,-16,4,-15,3,-15,3,-15,3,-14,3,-15,3,-14,3,-14,2,-13,2,-13,2,-13,1,-13,1,-13,1,-13,0,-12,-1,-12,-1,-11,-2,0,0,0,0,0,0,0,0,0,0,0.0,0.0,0.0,0.0,0.0,0.0,12.041594578792296,11.045361017187261,12.041594578792296,12.041594578792296,12.041594578792296,12.0,12.0,12.0,13.038404810405298,13.0,13.038404810405298,13.038404810405298,13.038404810405298,13.152946437965905,13.152946437965905,14.317821063276353,13.341664064126334,14.317821063276353,13.341664064126334,13.601470508735444,14.560219778561036,14.560219778561036,14.560219778561036,14.866068747318506,15.811388300841896,14.560219778561036,0.0,15.811388300841896,16.15549442140351,14.866068747318506,17.08800749063506,15.811388300841896,15.811388300841896,16.76305461424021,15.524174696260024,15.811388300841896,16.492422502470642,15.297058540778355,15.297058540778355,15.297058540778355,14.317821063276353,15.297058540778355,14.317821063276353,14.142135623730951,13.152946437965905,13.152946437965905,13.038404810405298,13.038404810405298,13.038404810405298,13.0,12.041594578792296,12.041594578792296,11.180339887498949,0.0,0.0,0.0,0.0,0.0,0.0,0.0,0.0,0.0,0.0,0.0,-3.058451421701352,-3.050932766389048,-3.058451421701352,-3.058451421701352,-3.058451421701352,3.141592653589793,3.141592653589793,3.141592653589793,3.064820762320015,3.141592653589793,3.064820762320015,3.064820762320015,3.064820762320015,2.988943325194528,2.988943325194528,2.930499320367047,2.9147938055359073,2.930499320367047,2.9147938055359073,2.843093722003614,2.8632929945846817,2.8632929945846817,2.8632929945846817,2.79856871316909,2.819842099193151,2.8632929945846817,0.0,2.819842099193151,2.761086276477428,2.79856871316909,2.782821983319221,2.819842099193151,2.819842099193151,2.838707785214822,2.8809902618424523,2.819842099193151,2.896613990462929,2.9441970937399127,2.9441970937399127,2.9441970937399127,2.930499320367047,2.9441970937399127,2.930499320367047,2.999695598985629,2.988943325194528,2.988943325194528,3.064820762320015,3.064820762320015,3.064820762320015,3.141592653589793,-3.058451421701352,-3.058451421701352,-2.961739153797315,0.0,0.0,0.0,0.0,0.0
1.899643359000038,tx,1a:00:00:00:00:00,-48,94.86899786705051,64,0.6353550441632687,7.13854000122522,0,0,0,0,0,0,0,0,0,0,0,0,-6,9,-6,9,-6,10,-5,10,-5,10,-5,10,-5,10,-5,10,-5,11,-5,11,-5,11,-4,11,-4,12,-4,12,-3,12,-3,13,-3,12,-3,13,-2,12,-2,13,-2,13,-2,14,-2,14,-2,14,-2,14,-2,14,0,0,-2,15,-2,16,-2,15,-1,16,-2,14,-2,15,-2,15,-2,15,-2,15,-3,15,-3,14,-4,14,-4,14,-4,13,-4,14,-4,12,-4,13,-4,11,-4,12,-4,11,-5,11,-5,11,-5,11,-6,10,-6,9,-6,9,0,0,0,0,0,0,0,0,0,0,0.0,0.0,0.0,0.0,0.0,0.0,10.816653826391969,10.816653826391969,11.661903789690601,11.180339887498949,11.180339887498949,11.180339887498949,11.180339887498949,11.180339887498949,12.083045973594572,12.083045973594572,12.083045973594572,11.704699910719626,12.649110640673518,12.649110640673518,12.36931687685298,13.341664064126334,12.36931687685298,13.341664064126334,12.165525060596439,13.152946437965905,13.152946437965905,14.142135623730951,14.142135623730951,14.142135623730951,14.142135623730951,14.142135623730951,0.0,15.132745950421556,16.1245154965971,15.132745950421556,16.0312195418814,14.142135623730951,15.132745950421556,15.132745950421556,15.132745950421556,15.132745950421556,15.297058540778355,14.317821063276353,14.560219778561036,14.560219778561036,13.601470508735444,14.560219778561036,12.649110640673518,13.601470508735444,11.704699910719626,12.649110640673518,11.704699910719626,12.083045973594572,12.083045973594572,12.083045973594572,11.661903789690601,10.816653826391969,10.816653826391969,0.0,0.0,0.0,0.0,0.0,0.0,0.0,0.0,0.0,0.0,0.0,2.158798930342464,2.158798930342464,2.1112158270654806,2.0344439357957027,2.0344439357957027,2.0344439357957027,2.0344439357957027,2.0344439357957027,1.9974238199217726,1.9974238199217726,1.9974238199217726,1.9195673303788037,1.892546881191539,1.892546881191539,1.8157749899217608,1.7975951748487824,1.8157749899217608,1.7975951748487824,1.7359450042095235,1.7234456551901618,1.7234456551901618,1.7126933813990606,1.7126933813990606,1.7126933813990606,1.7126933813990606,1.7126933813990606,0.0,1.7033478590915707,1.695151321341658,1.7033478590915707,1.633215136790854,1.7126933813990606,1.7033478590915707,1.7033478590915707,1.7033478590915707,1.7033478590915707,1.7681918866447774,1.7818896600176433,1.849095985800008,1.849095985800008,1.8692952583810758,1.849095985800008,1.892546881191539,1.8692952583810758,1.9195673303788037,1.892546881191539,1.9195673303788037,1.9974238199217726,1.9974238199217726,1.9974238199217726,2.1112158270654806,2.158798930342464,2.158798930342464,0.0,0.0,0.0,0.0,0.0
2.009759018998011,tx,1a:00:00:00:00:00,-49,94.86899786705051,64,0.6330821257133298,7.230441861721744,0,0,0,0,0,0,0,0,0,0,0,0,-11,1,-12,2,-12,2,-12,2,-12,2,-12,2,-12,3,-12,3,-12,3,-12,4,-12,4,-12,5,-12,5,-12,5,-13,5,-12,5,-12,6,-12,6,-12,7,-12,7,-12,7,-13,7,-12,8,-12,8,-13,9,-13,9,0,0,-13,9,-13,9,-14,9,-13,9,-13,8,-14,9,-14,8,-14,8,-14,8,-13,8,-13,8,-13,7,-14,7,-14,7,-13,6,-13,6,-12,6,-12,5,-12,5,-12,4,-12,4,-12,3,-12,3,-12,3,-11,2,-11,2,0,0,0,0,0,0,0,0,0,0,0.0,0.0,0.0,0.0,0.0,0.0,11.045361017187261,12.165525060596439,12.165525060596439,12.165525060596439,12.165525060596439,12.165525060596439,12.36931687685298,12.36931687685298,12.36931687685298,12.649110640673518,12.649110640673518,13.0,13.0,13.0,13.92838827718412,13.0,13.416407864998739,13.416407864998739,13.892443989449804,13.892443989449804,13.892443989449804,14.7648230602334,14.422205101855956,14.422205101855956,15.811388300841896,15.811388300841896,0.0,15.811388300841896,15.811388300841896,16.64331697709324,15.811388300841896,15.264337522473747,16.64331697709324,16.1245154965971,16.1245154965971,16.1245154965971,15.264337522473747,15.264337522473747,14.7648230602334,15.652475842498529,15.652475842498529,14.317821063276353,14.317821063276353,13.416407864998739,13.0,13.0,12.649110640673518,12.649110640673518,12.36931687685298,12.36931687685298,12.36931687685298,11.180339887498949,11.180339887498949,0.0,0.0,0.0,0.0,0.0,0.0,0.0,0.0,0.0,0.0,0.0,3.050932766389048,2.976443976175166,2.976443976175166,2.976443976175166,2.976443976175166,2.976443976175166,2.896613990462929,2.896613990462929,2.896613990462929,2.819842099193151,2.819842099193151,2.746801533890032,2.746801533890032,2.746801533890032,2.774418819771574,2.746801533890032,2.677945044588987,2.677945044588987,2.6135182051634334,2.6135182051634334,2.6135182051634334,2.647651284670212,2.5535900500422257,2.5535900500422257,2.5360479899848234,2.5360479899848234,0.0,2.5360479899848234,2.5360479899848234,2.5702551737561663,2.5360479899848234,2.5899376710612465,2.5702551737561663,2.62244653934327,2.62244653934327,2.62244653934327,2.5899376710612465,2.5899376710612465,2.647651284670212,2.677945044588987,2.677945044588987,2.7091848780192556,2.7091848780192556,2.677945044588987,2.746801533890032,2.746801533890032,2.819842099193151,2.819842099193151,2.896613990462929,2.896613990462929,2.896613990462929,2.961739153797315,2.961739153797315,0.0,0.0,0.0,0.0,0.0
2.110104803003196,tx,1a:00:00:00:00:00,-48,94.86899786705051,64,0.6308215319026816,7.3331755447417155,0,0,0,0,0,0,0,0,0,0,0,0,-8,-8,-8,-8,-9,-7,-9,-8,-9,-8,-9,-7,-9,-7,-10,-7,-10,-7,-10,-7,-10,-7,-11,-7,-11,-7,-11,-6,-11,-6,-12,-6,-12,-6,-12,-6,-12,-5,-13,-5,-13,-6,-14,-5,-13,-6,-14,-5,-14,-5,-14,-5,0,0,-15,-6,-15,-5,-15,-5,-15,-5,-14,-6,-15,-6,-15,-6,-14,-6,-14,-6,-14,-7,-14,-6,-13,-7,-13,-7,-12,-7,-13,-6,-12,-7,-12,-7,-11,-7,-11,-7,-10,-7,-10,-8,-10,-7,-9,-8,-9,-8,-9,-8,-7,-8,0,0,0,0,0,0,0,0,0,0,0.0,0.0,0.0,0.0,0.0,0.0,11.313708498984761,11.313708498984761,11.40175425099138,12.041594578792296,12.041594578792296,11.40175425099138,11.40175425099138,12.206555615733702,12.206555615733702,12.206555615733702,12.206555615733702,13.038404810405298,13.038404810405298,12.529964086141668,12.529964086141668,13.416407864998739,13.416407864998739,13.416407864998739,13.0,13.92838827718412,14.317821063276353,14.866068747318506,14.317821063276353,14.866068747318506,14.866068747318506,14.866068747318506,0.0,16.15549442140351,15.811388300841896,15.811388300841896,15.811388300841896,15.231546211727817,16.15549442140351,16.15549442140351,15.231546211727817,15.231546211727817,15.652475842498529,15.231546211727817,14.7648230602334,14.7648230602334,13.892443989449804,14.317821063276353,13.892443989449804,13.892443989449804,13.038404810405298,13.038404810405298,12.206555615733702,12.806248474865697,12.206555615733702,12.041594578792296,12.041594578792296,12.041594578792296,10.63014581273465,0.0,0.0,0.0,0.0,0.0,0.0,0.0,0.0,0.0,0.0,0.0,-2.356194490192345,-2.356194490192345,-2.4805494847391065,-2.4149503129080676,-2.4149503129080676,-2.4805494847391065,-2.4805494847391065,-2.5308666892005847,-2.5308666892005847,-2.5308666892005847,-2.5308666892005847,-2.5748634360662868,-2.5748634360662868,-2.642245931909663,-2.642245931909663,-2.677945044588987,-2.677945044588987,-2.677945044588987,-2.746801533890032,-2.774418819771574,-2.7091848780192556,-2.79856871316909,-2.7091848780192556,-2.79856871316909,-2.79856871316909,-2.79856871316909,0.0,-2.761086276477428,-2.819842099193151,-2.819842099193151,-2.819842099193151,-2.7367008673047097,-2.761086276477428,-2.761086276477428,-2.7367008673047097,-2.7367008673047097,-2.677945044588987,-2.7367008673047097,-2.647651284670212,-2.647651284670212,-2.6135182051634334,-2.7091848780192556,-2.6135182051634334,-2.6135182051634334,-2.5748634360662868,-2.5748634360662868,-2.5308666892005847,-2.4668517113662407,-2.5308666892005847,-2.4149503129080676,-2.4149503129080676,-2.4149503129080676,-2.289626326416521,0.0,0.0,0.0,0.0,0.0
2.2194177549972665,tx,1a:00:00:00:00:00,-48,94.86899786705051,64,0.6281010191874221,7.442048201430742,0,0,0,0,0,0,0,0,0,0,0,0,8,5,9,5,9,5,9,5,9,5,9,5,9,5,10,4,10,4,10,4,10,4,11,4,11,4,11,4,12,3,12,3,12,3,12,3,12,3,13,2,13,2,13,2,13,2,13,2,14,2,14,2,0,0,14,2,14,2,15,2,15,2,14,2,15,2,15,2,15,3,14,3,14,3,14,3,13,4,13,4,13,3,13,4,12,4,12,4,11,4,11,4,10,4,11,4,10,5,10,5,9,5,9,5,8,6,0,0,0,0,0,0,0,0,0,0,0.0,0.0,0.0,0.0,0.0,0.0,9.433981132056603,10.295630140987,10.295630140987,10.295630140987,10.295630140987,10.295630140987,10.295630140987,10.770329614269007,10.770329614269007,10.770329614269007,10.770329614269007,11.704699910719626,11.704699910719626,11.704699910719626,12.36931687685298,12.36931687685298,12.36931687685298,12.36931687685298,12.36931687685298,13.152946437965905,13.152946437965905,13.152946437965905,13.152946437965905,13.152946437965905,14.142135623730951,14.142135623730951,0.0,14.142135623730951,14.142135623730951,15.132745950421556,15.132745950421556,14.142135623730951,15.132745950421556,15.132745950421556,15.297058540778355,14.317821063276353,14.317821063276353,14.317821063276353,13.601470508735444,13.601470508735444,13.341664064126334,13.601470508735444,12.649110640673518,12.649110640673518,11.704699910719626,11.704699910719626,10.770329614269007,11.704699910719626,11.180339887498949,11.180339887498949,10.295630140987,10.295630140987,10.0,0.0,0.0,0.0,0.0,0.0,0.0,0.0,0.0,0.0,0.0,0.0,0.5585993153435624,0.507098504392337,0.507098504392337,0.507098504392337,0.507098504392337,0.507098504392337,0.507098504392337,0.3805063771123649,0.3805063771123649,0.3805063771123649,0.3805063771123649,0.348771003583907,0.348771003583907,0.348771003583907,0.24497866312686414,0.24497866312686414,0.24497866312686414,0.24497866312686414,0.24497866312686414,0.15264932839526515,0.15264932839526515,0.15264932839526515,0.15264932839526515,0.15264932839526515,0.14189705460416394,0.14189705460416394,0.0,0.14189705460416394,0.14189705460416394,0.13255153229667402,0.13255153229667402,0.14189705460416394,0.13255153229667402,0.13255153229667402,0.19739555984988075,0.21109333322274654,0.21109333322274654,0.21109333322274654,0.2984989315861793,0.2984989315861793,0.22679884805388587,0.2984989315861793,0.3217505543966422,0.3217505543966422,0.348771003583907,0.348771003583907,0.3805063771123649,0.348771003583907,0.4636476090008061,0.4636476090008061,0.507098504392337,0.507098504392337,0.6435011087932844,0.0,0.0,0.0,0.0,0.0
2.3205431700043846,tx,1a:00:00:00:00:00,-48,94.86899786705051,64,0.6262237863605777,7.553532804161854,0,0,0,0,0,0,0,0,0,0,0,0,-2,-11,-2,-11,-2,-11,-3,-11,-3,-11,-3,-11,-3,-11,-4,-11,-3,-12,-5,-11,-5,-11,-5,-11,-5,-11,-6,-12,-6,-12,-6,-12,-6,-12,-7,-11,-7,-12,-7,-12,-7,-12,-8,-12,-8,-12,-9,-12,-9,-12,-9,-12,0,0,-9,-13,-8,-13,-9,-13,-9,-12,-8,-13,-9,-13,-8,-13,-8,-13,-7,-14,-8,-13,-8,-12,-7,-13,-8,-13,-7,-13,-6,-12,-6,-13,-5,-12,-6,-12,-5,-11,-5,-12,-5,-12,-3,-12,-3,-12,-4,-11,-3,-11,-1,-11,0,0,0,0,0,0,0,0,0,0,0.0,0.0,0.0,0.0,0.0,0.0,11.180339887498949,11.180339887498949,11.180339887498949,11.40175425099138,11.40175425099138,11.40175425099138,11.40175425099138,11.704699910719626,12.36931687685298,12.083045973594572,12.083045973594572,12.083045973594572,12.083045973594572,13.416407864998739,13.416407864998739,13.416407864998739,13.416407864998739,13.038404810405298,13.892443989449804,13.892443989449804,13.892443989449804,14.422205101855956,14.422205101855956,15.0,15.0,15.0,0.0,15.811388300841896,15.264337522473747,15.811388300841896,15.0,15.264337522473747,15.811388300841896,15.264337522473747,15.264337522473747,15.652475842498529,15.264337522473747,14.422205101855956,14.7648230602334,15.264337522473747,14.7648230602334,13.416407864998739,14.317821063276353,13.0,13.416407864998739,12.083045973594572,13.0,13.0,12.36931687685298,12.36931687685298,11.704699910719626,11.40175425099138,11.045361017187261,0.0,0.0,0.0,0.0,0.0,0.0,0.0,0.0,0.0,0.0,0.0,-1.750649826587375,-1.750649826587375,-1.750649826587375,-1.837048375945822,-1.837048375945822,-1.837048375945822,-1.837048375945822,-1.9195673303788037,-1.8157749899217608,-1.9974238199217726,-1.9974238199217726,-1.9974238199217726,-1.9974238199217726,-2.0344439357957027,-2.0344439357957027,-2.0344439357957027,-2.0344439357957027,-2.137525544318403,-2.0988707752212563,-2.0988707752212563,-2.0988707752212563,-2.158798930342464,-2.158798930342464,-2.214297435588181,-2.214297435588181,-2.214297435588181,0.0,-2.1763409903998667,-2.1224513093234436,-2.1763409903998667,-2.214297435588181,-2.1224513093234436,-2.1763409903998667,-2.1224513093234436,-2.1224513093234436,-2.0344439357957027,-2.1224513093234436,-2.158798930342464,-2.0647376957144776,-2.1224513093234436,-2.0647376957144776,-2.0344439357957027,-2.0032041023654346,-1.965587446494658,-2.0344439357957027,-1.9974238199217726,-1.965587446494658,-1.965587446494658,-1.8157749899217608,-1.8157749899217608,-1.9195673303788037,-1.837048375945822,-1.6614562139956417,0.0,0.0,0.0,0.0,0.0
2.43394946600165,tx,1a:00:00:00:00:00,-48,94.86899786705051,64,0.623266745190411,7.665085732722972,0,0,0,0,0,0,0,0,0,0,0,0,-7,8,-6,8,-7,9,-7,8,-7,9,-6,8,-6,9,-6,9,-5,10,-6,10,-6,10,-6,10,-6,10,-5,11,-5,11,-4,12,-4,11,-4,12,-4,12,-3,12,-4,12,-3,13,-4,13,-3,13,-3,13,-3,13,0,0,-3,14,-3,14,-3,14,-3,15,-3,14,-3,14,-3,14,-4,14,-3,14,-4,14,-4,13,-4,13,-5,13,-4,12,-4,13,-4,12,-5,12,-4,11,-4,11,-4,11,-5,10,-5,10,-6,10,-6,9,-6,9,-6,8,0,0,0,0,0,0,0,0,0,0,0.0,0.0,0.0,0.0,0.0,0.0,10.63014581273465,10.0,11.40175425099138,10.63014581273465,11.40175425099138,10.0,10.816653826391969,10.816653826391969,11.180339887498949,11.661903789690601,11.661903789690601,11.661903789690601,11.661903789690601,12.083045973594572,12.083045973594572,12.649110640673518,11.704699910719626,12.649110640673518,12.649110640673518,12.36931687685298,12.649110640673518,13.341664064126334,13.601470508735444,13.341664064126334,13.341664064126334,13.341664064126334,0.0,14.317821063276353,14.317821063276353,14.317821063276353,15.297058540778355,14.317821063276353,14.317821063276353,14.317821063276353,14.560219778561036,14.317821063276353,14.560219778561036,13.601470508735444,13.601470508735444,13.92838827718412,12.649110640673518,13.601470508735444,12.649110640673518,13.0,11.704699910719626,11.704699910719626,11.704699910719626,11.180339887498949,11.180339887498949,11.661903789690601,10.816653826391969,10.816653826391969,10.0,0.0,0.0,0.0,0.0,0.0,0.0,0.0,0.0,0.0,0.0,0.0,2.289626326416521,2.214297435588181,2.2318394956455836,2.289626326416521,2.2318394956455836,2.214297435588181,2.158798930342464,2.158798930342464,2.0344439357957027,2.1112158270654806,2.1112158270654806,2.1112158270654806,2.1112158270654806,1.9974238199217726,1.9974238199217726,1.892546881191539,1.9195673303788037,1.892546881191539,1.892546881191539,1.8157749899217608,1.892546881191539,1.7975951748487824,1.8692952583810758,1.7975951748487824,1.7975951748487824,1.7975951748487824,0.0,1.7818896600176433,1.7818896600176433,1.7818896600176433,1.7681918866447774,1.7818896600176433,1.7818896600176433,1.7818896600176433,1.849095985800008,1.7818896600176433,1.849095985800008,1.8692952583810758,1.8692952583810758,1.9379701606131159,1.892546881191539,1.8692952583810758,1.892546881191539,1.965587446494658,1.9195673303788037,1.9195673303788037,1.9195673303788037,2.0344439357957027,2.0344439357957027,2.1112158270654806,2.158798930342464,2.158798930342464,2.214297435588181,0.0,0.0,0.0,0.0,0.0
2.540439401003823,tx,1a:00:00:00:00:00,-49,94.86899786705051,64,0.6209494094117606,7.774912899444093,0,0,0,0,0,0,0,0,0,0,0,0,-6,-8,-7,-8,-9,-7,-8,-8,-8,-7,-9,-7,-9,-7,-9,-7,-10,-7,-9,-7,-10,-7,-10,-7,-10,-7,-11,-6,-11,-6,-11,-6,-12,-6,-12,-5,-12,-5,-12,-5,-12,-5,-13,-5,-13,-5,-13,-5,-14,-5,-14,-5,0,0,-14,-4,-14,-5,-14,-5,-14,-4,-14,-5,-15,-5,-14,-5,-14,-5,-14,-5,-14,-5,-13,-6,-13,-6,-13,-6,-13,-6,-12,-6,-12,-6,-12,-6,-11,-6,-11,-6,-10,-6,-10,-6,-10,-7,-10,-7,-9,-7,-9,-7,-8,-7,0,0,0,0,0,0,0,0,0,0,0.0,0.0,0.0,0.0,0.0,0.0,10.0,10.63014581273465,11.40175425099138,11.313708498984761,10.63014581273465,11.40175425099138,11.40175425099138,11.40175425099138,12.206555615733702,11.40175425099138,12.206555615733702,12.206555615733702,12.206555615733702,12.529964086141668,12.529964086141668,12.529964086141668,13.416407864998739,13.0,13.0,13.0,13.0,13.92838827718412,13.92838827718412,13.92838827718412,14.866068747318506,14.866068747318506,0.0,14.560219778561036,14.866068747318506,14.866068747318506,14.560219778561036,14.866068747318506,15.811388300841896,14.866068747318506,14.866068747318506,14.866068747318506,14.866068747318506,14.317821063276353,14.317821063276353,14.317821063276353,14.317821063276353,13.416407864998739,13.416407864998739,13.416407864998739,12.529964086141668,12.529964086141668,11.661903789690601,11.661903789690601,12.206555615733702,12.206555615733702,11.40175425099138,11.40175425099138,10.63014581273465,0.0,0.0,0.0,0.0,0.0,0.0,0.0,0.0,0.0,0.0,0.0,-2.214297435588181,-2.289626326416521,-2.4805494847391065,-2.356194490192345,-2.4227626539681686,-2.4805494847391065,-2.4805494847391065,-2.4805494847391065,-2.5308666892005847,-2.4805494847391065,-2.5308666892005847,-2.5308666892005847,-2.5308666892005847,-2.642245931909663,-2.642245931909663,-2.642245931909663,-2.677945044588987,-2.746801533890032,-2.746801533890032,-2.746801533890032,-2.746801533890032,-2.774418819771574,-2.774418819771574,-2.774418819771574,-2.79856871316909,-2.79856871316909,0.0,-2.8632929945846817,-2.79856871316909,-2.79856871316909,-2.8632929945846817,-2.79856871316909,-2.819842099193151,-2.79856871316909,-2.79856871316909,-2.79856871316909,-2.79856871316909,-2.7091848780192556,-2.7091848780192556,-2.7091848780192556,-2.7091848780192556,-2.677945044588987,-2.677945044588987,-2.677945044588987,-2.642245931909663,-2.642245931909663,-2.601173153319209,-2.601173153319209,-2.5308666892005847,-2.5308666892005847,-2.4805494847391065,-2.4805494847391065,-2.4227626539681686,0.0,0.0,0.0,0.0,0.0
2.650215980000212,tx,1a:00:00:00:00:00,-48,94.86899786705051,64,0.6189151261294769,7.881646405702551,0,0,0,0,0,0,0,0,0,0,0,0,-11,-3,-11,-3,-11,-3,-11,-3,-12,-3,-11,-2,-12,-2,-12,-3,-12,-2,-13,-2,-12,-2,-12,-2,-13,-2,-13,-1,-13,-1,-13,0,-13,0,-13,0,-13,1,-14,1,-14,0,-14,1,-15,1,-15,1,-15,2,-15,1,0,0,-15,1,-16,2,-15,1,-16,2,-15,1,-16,1,-16,1,-16,0,-16,1,-16,0,-15,0,-15,-1,-15,-1,-14,-1,-14,-1,-13,-1,-14,-2,-13,-1,-12,-2,-12,-2,-12,-3,-12,-3,-12,-3,-11,-4,-11,-4,-10,-4,0,0,0,0,0,0,0,0,0,0,0.0,0.0,0.0,0.0,0.0,0.0,11.40175425099138,11.40175425099138,11.40175425099138,11.40175425099138,12.36931687685298,11.180339887498949,12.165525060596439,12.36931687685298,12.165525060596439,13.152946437965905,12.165525060596439,12.165525060596439,13.152946437965905,13.038404810405298,13.038404810405298,13.0,13.0,13.0,13.038404810405298,14.035668847618199,14.0,14.035668847618199,15.033296378372908,15.033296378372908,15.132745950421556,15.033296378372908,0.0,15.033296378372908,16.1245154965971,15.033296378372908,16.1245154965971,15.033296378372908,16.0312195418814,16.0312195418814,16.0,16.0312195418814,16.0,15.0,15.033296378372908,15.033296378372908,14.035668847618199,14.035668847618199,13.038404810405298,14.142135623730951,13.038404810405298,12.165525060596439,12.165525060596439,12.36931687685298,12.36931687685298,12.36931687685298,11.704699910719626,11.704699910719626,10.770329614269007,0.0,0.0,0.0,0.0,0.0,0.0,0.0,0.0,0.0,0.0,0.0,-2.875340604438868,-2.875340604438868,-2.875340604438868,-2.875340604438868,-2.896613990462929,-2.961739153797315,-2.976443976175166,-2.896613990462929,-2.976443976175166,-2.988943325194528,-2.976443976175166,-2.976443976175166,-2.988943325194528,-3.064820762320015,-3.064820762320015,3.141592653589793,3.141592653589793,3.141592653589793,3.064820762320015,3.070285188804503,3.141592653589793,3.070285188804503,3.0750244898139694,3.0750244898139694,3.0090411212931194,3.0750244898139694,0.0,3.0750244898139694,3.017237659043032,3.0750244898139694,3.017237659043032,3.0750244898139694,3.079173843593836,3.079173843593836,3.141592653589793,3.079173843593836,3.141592653589793,3.141592653589793,-3.0750244898139694,-3.0750244898139694,-3.070285188804503,-3.070285188804503,-3.064820762320015,-2.999695598985629,-3.064820762320015,-2.976443976175166,-2.976443976175166,-2.896613990462929,-2.896613990462929,-2.896613990462929,-2.7928216500058864,-2.7928216500058864,-2.761086276477428,0.0,0.0,0.0,0.0,0.0
2.760206578997895,tx,1a:00:00:00:00:00,-49,93.14449759593927,64,0.6163451629709622,7.984182771549577,0,0,0,0,0,0,0,0,0,0,0,0,-11,-4,-11,-4,-11,-4,-11,-4,-12,-4,-11,-3,-12,-3,-12,-3,-12,-3,-12,-3,-13,-2,-13,-2,-13,-2,-13,-2,-13,-2,-14,-1,-14,-1,-14,-1,-14,0,-14,-1,-14,-1,-15,0,-15,0,-15,1,-15,1,-15,1,0,0,-16,0,-16,1,-16,1,-16,1,-16,0,-16,0,-16,0,-16,-1,-16,-1,-16,-1,-15,-1,-15,-1,-15,-1,-15,-2,-14,-2,-14,-2,-14,-2,-13,-2,-13,-3,-12,-3,-12,-3,-12,-4,-12,-4,-11,-4,-11,-4,-10,-5,0,0,0,0,0,0,0,0,0,0,0.0,0.0,0.0,0.0,0.0,0.0,11.704699910719626,11.704699910719626,11.704699910719626,11.704699910719626,12.649110640673518,11.40175425099138,12.36931687685298,12.36931687685298,12.36931687685298,12.36931687685298,13.152946437965905,13.152946437965905,13.152946437965905,13.152946437965905,13.152946437965905,14.035668847618199,14.035668847618199,14.035668847618199,14.0,14.035668847618199,14.035668847618199,15.0,15.0,15.033296378372908,15.033296378372908,15.033296378372908,0.0,16.0,16.0312195418814,16.0312195418814,16.0312195418814,16.0,16.0,16.0,16.0312195418814,16.0312195418814,16.0312195418814,15.033296378372908,15.033296378372908,15.033296378372908,15.132745950421556,14.142135623730951,14.142135623730951,14.142135623730951,13.152946437965905,13.341664064126334,12.36931687685298,12.36931687685298,12.649110640673518,12.649110640673518,11.704699910719626,11.704699910719626,11.180339887498949,0.0,0.0,0.0,0.0,0.0,0.0,0.0,0.0,0.0,0.0,0.0,-2.7928216500058864,-2.7928216500058864,-2.7928216500058864,-2.7928216500058864,-2.819842099193151,-2.875340604438868,-2.896613990462929,-2.896613990462929,-2.896613990462929,-2.896613990462929,-2.988943325194528,-2.988943325194528,-2.988943325194528,-2.988943325194528,-2.988943325194528,-3.070285188804503,-3.070285188804503,-3.070285188804503,3.141592653589793,-3.070285188804503,-3.070285188804503,3.141592653589793,3.141592653589793,3.0750244898139694,3.0750244898139694,3.0750244898139694,0.0,3.141592653589793,3.079173843593836,3.079173843593836,3.079173843593836,3.141592653589793,3.141592653589793,3.141592653589793,-3.079173843593836,-3.079173843593836,-3.079173843593836,-3.0750244898139694,-3.0750244898139694,-3.0750244898139694,-3.0090411212931194,-2.999695598985629,-2.999695598985629,-2.999695598985629,-2.988943325194528,-2.9147938055359073,-2.896613990462929,-2.896613990462929,-2.819842099193151,-2.819842099193151,-2.7928216500058864,-2.7928216500058864,-2.677945044588987,0.0,0.0,0.0,0.0,0.0
2.8693811839984846,tx,1a:00:00:00:00:00,-48,93.14449759593927,64,0.6144256324054792,8.081799523702255,0,0,0,0,0,0,0,0,0,0,0,0,7,-8,6,-8,7,-9,7,-9,7,-9,6,-9,6,-10,6,-9,6,-10,6,-10,6,-10,6,-11,6,-11,5,-11,5,-11,5,-12,4,-12,5,-12,4,-12,4,-13,4,-13,3,-13,4,-13,4,-14,4,-14,4,-14,0,0,4,-14,3,-15,3,-14,4,-15,4,-14,4,-15,4,-15,5,-15,4,-14,5,-14,5,-14,5,-13,5,-13,5,-12,5,-13,5,-12,5,-12,5,-11,5,-11,5,-11,5,-10,5,-10,6,-10,6,-9,6,-8,7,-8,0,0,0,0,0,0,0,0,0,0,0.0,0.0,0.0,0.0,0.0,0.0,10.63014581273465,10.0,11.40175425099138,11.40175425099138,11.40175425099138,10.816653826391969,11.661903789690601,10.816653826391969,11.661903789690601,11.661903789690601,11.661903789690601,12.529964086141668,12.529964086141668,12.083045973594572,12.083045973594572,13.0,12.649110640673518,13.0,12.649110640673518,13.601470508735444,13.601470508735444,13.341664064126334,13.601470508735444,14.560219778561036,14.560219778561036,14.560219778561036,0.0,14.560219778561036,15.297058540778355,14.317821063276353,15.524174696260024,14.560219778561036,15.524174696260024,15.524174696260024,15.811388300841896,14.560219778561036,14.866068747318506,14.866068747318506,13.92838827718412,13.92838827718412,13.0,13.92838827718412,13.0,13.0,12.083045973594572,12.083045973594572,12.083045973594572,11.180339887498949,11.180339887498949,11.661903789690601,10.816653826391969,10.0,10.63014581273465,0.0,0.0,0.0,0.0,0.0,0.0,0.0,0.0,0.0,0.0,0.0,-0.8519663271732721,-0.9272952180016122,-0.9097531579442097,-0.9097531579442097,-0.9097531579442097,-0.982793723247329,-1.0303768265243125,-0.982793723247329,-1.0303768265243125,-1.0303768265243125,-1.0303768265243125,-1.0714496051147666,-1.0714496051147666,-1.1441688336680205,-1.1441688336680205,-1.176005207095135,-1.2490457723982544,-1.176005207095135,-1.2490457723982544,-1.2722973952087173,-1.2722973952087173,-1.3439974787410107,-1.2722973952087173,-1.2924966677897853,-1.2924966677897853,-1.2924966677897853,0.0,-1.2924966677897853,-1.373400766945016,-1.35970299357215,-1.3101939350475555,-1.2924966677897853,-1.3101939350475555,-1.3101939350475555,-1.2490457723982544,-1.2924966677897853,-1.2277723863741932,-1.2277723863741932,-1.2036224929766774,-1.2036224929766774,-1.176005207095135,-1.2036224929766774,-1.176005207095135,-1.176005207095135,-1.1441688336680205,-1.1441688336680205,-1.1441688336680205,-1.1071487177940904,-1.1071487177940904,-1.0303768265243125,-0.982793723247329,-0.9272952180016122,-0.8519663271732721,0.0,0.0,0.0,0.0,0.0
2.979747468001733,tx,1a:00:00:00:00:00,-48,93.14449759593927,64,0.6126676133610205,8.173958744714103,0,0,0,0,0,0,0,0,0,0,0,0,11,-1,11,-1,11,-1,11,-1,11,-1,11,-1,11,-2,11,-1,11,-2,12,-2,12,-3,12,-3,12,-3,12,-4,12,-4,12,-5,12,-5,13,-5,12,-5,13,-5,13,-5,13,-6,13,-6,13,-7,14,-7,13,-6,0,0,14,-6,14,-7,14,-7,15,-7,14,-6,15,-6,15,-6,15,-5,15,-6,15,-5,14,-5,15,-5,14,-5,13,-4,14,-4,13,-4,14,-3,12,-3,12,-3,12,-2,12,-2,12,-2,12,-1,11,0,11,0,10,1,0,0,0,0,0,0,0,0,0,0,0.0,0.0,0.0,0.0,0.0,0.0,11.045361017187261,11.045361017187261,11.045361017187261,11.045361017187261,11.045361017187261,11.045361017187261,11.180339887498949,11.045361017187261,11.180339887498949,12.165525060596439,12.36931687685298,12.36931687685298,12.36931687685298,12.649110640673518,12.649110640673518,13.0,13.0,13.92838827718412,13.0,13.92838827718412,13.92838827718412,14.317821063276353,14.317821063276353,14.7648230602334,15.652475842498529,14.317821063276353,0.0,15.231546211727817,15.652475842498529,15.652475842498529,16.55294535724685,15.231546211727817,16.15549442140351,16.15549442140351,15.811388300841896,16.15549442140351,15.811388300841896,14.866068747318506,15.811388300841896,14.866068747318506,13.601470508735444,14.560219778561036,13.601470508735444,14.317821063276353,12.36931687685298,12.36931687685298,12.165525060596439,12.165525060596439,12.165525060596439,12.041594578792296,11.0,11.0,10.04987562112089,0.0,0.0,0.0,0.0,0.0,0.0,0.0,0.0,0.0,0.0,0.0,-0.09065988720074511,-0.09065988720074511,-0.09065988720074511,-0.09065988720074511,-0.09065988720074511,-0.09065988720074511,-0.17985349979247828,-0.09065988720074511,-0.17985349979247828,-0.16514867741462683,-0.24497866312686414,-0.24497866312686414,-0.24497866312686414,-0.3217505543966422,-0.3217505543966422,-0.3947911196997615,-0.3947911196997615,-0.3671738338182192,-0.3947911196997615,-0.3671738338182192,-0.3671738338182192,-0.43240777557053783,-0.43240777557053783,-0.49394136891958124,-0.4636476090008061,-0.43240777557053783,0.0,-0.40489178628508343,-0.4636476090008061,-0.4636476090008061,-0.43662715981354133,-0.40489178628508343,-0.3805063771123649,-0.3805063771123649,-0.3217505543966422,-0.3805063771123649,-0.3217505543966422,-0.3430239404207034,-0.3217505543966422,-0.3430239404207034,-0.2984989315861793,-0.27829965900511133,-0.2984989315861793,-0.21109333322274654,-0.24497866312686414,-0.24497866312686414,-0.16514867741462683,-0.16514867741462683,-0.16514867741462683,-0.08314123188844123,0.0,0.0,0.09966865249116202,0.0,0.0,0.0,0.0,0.0
3.0802257480027038,tx,1a:00:00:00:00:00,-49,93.14449759593927,64,0.6118534398015516,8.260178257898094,0,0,0,0,0,0,0,0,0,0,0,0,-6,-11,-6,-10,-7,-11,-7,-10,-7,-10,-7,-10,-8,-10,-8,-10,-8,-11,-9,-10,-9,-10,-10,-10,-10,-10,-10,-10,-10,-10,-11,-10,-11,-9,-11,-9,-12,-9,-12,-9,-12,-9,-13,-9,-13,-9,-13,-9,-14,-9,-14,-9,0,0,-14,-9,-14,-9,-14,-9,-14,-9,-14,-9,-14,-10,-14,-10,-14,-10,-14,-11,-13,-10,-14,-10,-13,-10,-13,-10,-13,-10,-12,-10,-11,-10,-11,-10,-10,-10,-10,-10,-9,-10,-9,-10,-9,-10,-9,-10,-8,-10,-7,-10,-6,-10,0,0,0,0,0,0,0,0,0,0,0.0,0.0,0.0,0.0,0.0,0.0,12.529964086141668,11.661903789690601,13.038404810405298,12.206555615733702,12.206555615733702,12.206555615733702,12.806248474865697,12.806248474865697,13.601470508735444,13.45362404707371,13.45362404707371,14.142135623730951,14.142135623730951,14.142135623730951,14.142135623730951,14.866068747318506,14.212670403551895,14.212670403551895,15.0,15.0,15.0,15.811388300841896,15.811388300841896,15.811388300841896,16.64331697709324,16.64331697709324,0.0,16.64331697709324,16.64331697709324,16.64331697709324,16.64331697709324,16.64331697709324,17.204650534085253,17.204650534085253,17.204650534085253,17.804493814764857,16.401219466856727,17.204650534085253,16.401219466856727,16.401219466856727,16.401219466856727,15.620499351813308,14.866068747318506,14.866068747318506,14.142135623730951,14.142135623730951,13.45362404707371,13.45362404707371,13.45362404707371,13.45362404707371,12.806248474865697,12.206555615733702,11.661903789690601,0.0,0.0,0.0,0.0,0.0,0.0,0.0,0.0,0.0,0.0,0.0,-2.0701430484750265,-2.1112158270654806,-2.137525544318403,-2.1815222911841055,-2.1815222911841055,-2.1815222911841055,-2.2455372690184494,-2.2455372690184494,-2.1995926132103296,-2.3036114285814033,-2.3036114285814033,-2.356194490192345,-2.356194490192345,-2.356194490192345,-2.356194490192345,-2.403777593469328,-2.455863142683507,-2.455863142683507,-2.498091544796509,-2.498091544796509,-2.498091544796509,-2.5360479899848234,-2.5360479899848234,-2.5360479899848234,-2.5702551737561663,-2.5702551737561663,0.0,-2.5702551737561663,-2.5702551737561663,-2.5702551737561663,-2.5702551737561663,-2.5702551737561663,-2.5213431676069717,-2.5213431676069717,-2.5213431676069717,-2.4756234162106834,-2.485897027348257,-2.5213431676069717,-2.485897027348257,-2.485897027348257,-2.485897027348257,-2.44685437739309,-2.403777593469328,-2.403777593469328,-2.356194490192345,-2.356194490192345,-2.3036114285814033,-2.3036114285814033,-2.3036114285814033,-2.3036114285814033,-2.2455372690184494,-2.1815222911841055,-2.1112158270654806,0.0,0.0,0.0,0.0,0.0
3.190569475002121,tx,1a:00:00:00:00:00,-49,93.14449759593927,64,0.6114776744798147,8.340034311996144,0,0,0,0,0,0,0,0,0,0,0,0,0,-11,0,-12,0,-11,-1,-12,-1,-11,-1,-12,-1,-12,-2,-12,-1,-12,-2,-12,-3,-13,-3,-12,-3,-13,-4,-13,-4,-13,-4,-13,-4,-13,-5,-12,-5,-13,-5,-13,-6,-13,-6,-13,-6,-13,-7,-14,-7,-14,-7,-14,0,0,-7,-14,-7,-14,-7,-15,-7,-14,-7,-15,-7,-15,-6,-15,-6,-15,-6,-15,-6,-14,-6,-14,-5,-14,-5,-14,-5,-14,-4,-14,-4,-14,-4,-13,-4,-13,-3,-13,-3,-13,-3,-13,-2,-12,-2,-12,-2,-12,-1,-11,-1,-11,0,0,0,0,0,0,0,0,0,0,0.0,0.0,0.0,0.0,0.0,0.0,11.0,12.0,11.0,12.041594578792296,11.045361017187261,12.041594578792296,12.041594578792296,12.165525060596439,12.041594578792296,12.165525060596439,13.341664064126334,12.36931687685298,13.341664064126334,13.601470508735444,13.601470508735444,13.601470508735444,13.601470508735444,13.0,13.92838827718412,13.92838827718412,14.317821063276353,14.317821063276353,14.317821063276353,15.652475842498529,15.652475842498529,15.652475842498529,0.0,15.652475842498529,15.652475842498529,16.55294535724685,15.652475842498529,16.55294535724685,16.55294535724685,16.15549442140351,16.15549442140351,16.15549442140351,15.231546211727817,15.231546211727817,14.866068747318506,14.866068747318506,14.866068747318506,14.560219778561036,14.560219778561036,13.601470508735444,13.601470508735444,13.341664064126334,13.341664064126334,13.341664064126334,12.165525060596439,12.165525060596439,12.165525060596439,11.045361017187261,11.045361017187261,0.0,0.0,0.0,0.0,0.0,0.0,0.0,0.0,0.0,0.0,0.0,-1.5707963267948966,-1.5707963267948966,-1.5707963267948966,-1.6539375586833378,-1.6614562139956417,-1.6539375586833378,-1.6539375586833378,-1.7359450042095235,-1.6539375586833378,-1.7359450042095235,-1.7975951748487824,-1.8157749899217608,-1.7975951748487824,-1.8692952583810758,-1.8692952583810758,-1.8692952583810758,-1.8692952583810758,-1.965587446494658,-1.9379701606131159,-1.9379701606131159,-2.0032041023654346,-2.0032041023654346,-2.0032041023654346,-2.0344439357957027,-2.0344439357957027,-2.0344439357957027,0.0,-2.0344439357957027,-2.0344439357957027,-2.007423486608438,-2.0344439357957027,-2.007423486608438,-2.007423486608438,-1.9513027039072615,-1.9513027039072615,-1.9513027039072615,-1.97568811307998,-1.97568811307998,-1.9138202672156,-1.9138202672156,-1.9138202672156,-1.849095985800008,-1.849095985800008,-1.8692952583810758,-1.8692952583810758,-1.7975951748487824,-1.7975951748487824,-1.7975951748487824,-1.7359450042095235,-1.7359450042095235,-1.7359450042095235,-1.6614562139956417,-1.6614562139956417,0.0,0.0,0.0,0.0,0.0
3.2996590879993164,tx,1a:00:00:00:00:00,-49,93.14449759593927,64,0.6102360794989989,8.413175992748009,0,0,0,0,0,0,0,0,0,0,0,0,-8,7,-8,8,-7,8,-8,9,-7,8,-8,9,-8,9,-7,9,-7,9,-6,9,-7,10,-6,11,-6,11,-6,11,-6,12,-6,11,-6,12,-5,11,-5,13,-5,13,-5,13,-5,13,-4,12,-4,14,-4,14,-4,15,0,0,-4,15,-5,14,-5,16,-4,14,-5,15,-5,15,-5,15,-5,14,-6,14,-5,13,-5,14,-6,14,-6,13,-6,14,-6,12,-7,13,-6,11,-6,12,-6,11,-7,10,-6,10,-7,10,-6,9,-7,9,-7,8,-8,8,0,0,0,0,0,0,0,0,0,0,0.0,0.0,0.0,0.0,0.0,0.0,10.63014581273465,11.313708498984761,10.63014581273465,12.041594578792296,10.63014581273465,12.041594578792296,12.041594578792296,11.40175425099138,11.40175425099138,10.816653826391969,12.206555615733702,12.529964086141668,12.529964086141668,12.529964086141668,13.416407864998739,12.529964086141668,13.416407864998739,12.083045973594572,13.92838827718412,13.92838827718412,13.92838827718412,13.92838827718412,12.649110640673518,14.560219778561036,14.560219778561036,15.524174696260024,0.0,15.524174696260024,14.866068747318506,16.76305461424021,14.560219778561036,15.811388300841896,15.811388300841896,15.811388300841896,14.866068747318506,15.231546211727817,13.92838827718412,14.866068747318506,15.231546211727817,14.317821063276353,15.231546211727817,13.416407864998739,14.7648230602334,12.529964086141668,13.416407864998739,12.529964086141668,12.206555615733702,11.661903789690601,12.206555615733702,10.816653826391969,11.40175425099138,10.63014581273465,11.313708498984761,0.0,0.0,0.0,0.0,0.0,0.0,0.0,0.0,0.0,0.0,0.0,2.4227626539681686,2.356194490192345,2.289626326416521,2.297438667476622,2.289626326416521,2.297438667476622,2.297438667476622,2.2318394956455836,2.2318394956455836,2.158798930342464,2.1815222911841055,2.0701430484750265,2.0701430484750265,2.0701430484750265,2.0344439357957027,2.0701430484750265,2.0344439357957027,1.9974238199217726,1.9379701606131159,1.9379701606131159,1.9379701606131159,1.9379701606131159,1.892546881191539,1.849095985800008,1.849095985800008,1.8313987185422376,0.0,1.8313987185422376,1.9138202672156,1.873681195169868,1.849095985800008,1.892546881191539,1.892546881191539,1.892546881191539,1.9138202672156,1.97568811307998,1.9379701606131159,1.9138202672156,1.97568811307998,2.0032041023654346,1.97568811307998,2.0344439357957027,2.0647376957144776,2.0701430484750265,2.0344439357957027,2.0701430484750265,2.1815222911841055,2.1112158270654806,2.1815222911841055,2.158798930342464,2.2318394956455836,2.289626326416521,2.356194490192345,0.0,0.0,0.0,0.0,0.0
3.400429132001591,tx,1a:00:00:00:00:00,-49,93.14449759593927,64,0.6086928344800182,8.479299147254398,0,0,0,0,0,0,0,0,0,0,0,0,-10,-5,-10,-5,-11,-5,-11,-5,-12,-5,-11,-4,-11,-4,-11,-4,-12,-3,-13,-4,-12,-4,-12,-3,-13,-3,-13,-3,-13,-2,-14,-1,-13,-1,-14,-1,-13,-1,-14,-1,-14,-1,-15,0,-15,-1,-15,0,-15,0,-15,0,0,0,-16,0,-16,1,-15,1,-17,1,-16,1,-16,0,-16,0,-16,-1,-16,0,-16,-1,-15,0,-15,-1,-15,-1,-14,-1,-15,0,-14,-1,-15,-2,-13,-2,-13,-2,-13,-2,-13,-3,-12,-2,-12,-3,-11,-3,-11,-4,-10,-4,0,0,0,0,0,0,0,0,0,0,0.0,0.0,0.0,0.0,0.0,0.0,11.180339887498949,11.180339887498949,12.083045973594572,12.083045973594572,13.0,11.704699910719626,11.704699910719626,11.704699910719626,12.36931687685298,13.601470508735444,12.649110640673518,12.36931687685298,13.341664064126334,13.341664064126334,13.152946437965905,14.035668847618199,13.038404810405298,14.035668847618199,13.038404810405298,14.035668847618199,14.035668847618199,15.0,15.033296378372908,15.0,15.0,15.0,0.0,16.0,16.0312195418814,15.033296378372908,17.029386365926403,16.0312195418814,16.0,16.0,16.0312195418814,16.0,16.0312195418814,15.0,15.033296378372908,15.033296378372908,14.035668847618199,15.0,14.035668847618199,15.132745950421556,13.152946437965905,13.152946437965905,13.152946437965905,13.341664064126334,12.165525060596439,12.36931687685298,11.40175425099138,11.704699910719626,10.770329614269007,0.0,0.0,0.0,0.0,0.0,0.0,0.0,0.0,0.0,0.0,0.0,-2.677945044588987,-2.677945044588987,-2.714965160462917,-2.714965160462917,-2.746801533890032,-2.7928216500058864,-2.7928216500058864,-2.7928216500058864,-2.896613990462929,-2.843093722003614,-2.819842099193151,-2.896613990462929,-2.9147938055359073,-2.9147938055359073,-2.988943325194528,-3.070285188804503,-3.064820762320015,-3.070285188804503,-3.064820762320015,-3.070285188804503,-3.070285188804503,3.141592653589793,-3.0750244898139694,3.141592653589793,3.141592653589793,3.141592653589793,0.0,3.141592653589793,3.079173843593836,3.0750244898139694,3.0828368308740703,3.079173843593836,3.141592653589793,3.141592653589793,-3.079173843593836,3.141592653589793,-3.079173843593836,3.141592653589793,-3.0750244898139694,-3.0750244898139694,-3.070285188804503,3.141592653589793,-3.070285188804503,-3.0090411212931194,-2.988943325194528,-2.988943325194528,-2.988943325194528,-2.9147938055359073,-2.976443976175166,-2.896613990462929,-2.875340604438868,-2.7928216500058864,-2.761086276477428,0.0,0.0,0.0,0.0,0.0
3.501507558998128,tx,1a:00:00:00:00:00,-49,93.14449759593927,64,0.6101363070730244,8.538152288525927,0,0,0,0,0,0,0,0,0,0,0,0,1,-12,1,-12,1,-13,1,-12,0,-12,0,-12,0,-13,0,-12,-1,-13,0,-14,0,-14,-1,-14,-1,-13,-2,-13,-2,-13,-3,-14,-3,-13,-3,-15,-4,-14,-4,-14,-4,-14,-5,-15,-4,-15,-5,-15,-5,-16,-5,-15,0,0,-5,-16,-6,-16,-6,-15,-6,-17,-5,-16,-5,-17,-5,-16,-5,-17,-5,-16,-4,-17,-4,-16,-3,-16,-3,-15,-3,-15,-4,-15,-3,-14,-2,-15,-2,-14,-2,-14,-1,-14,-1,-14,-1,-13,0,-14,1,-13,1,-12,2,-11,0,0,0,0,0,0,0,0,0,0,0.0,0.0,0.0,0.0,0.0,0.0,12.041594578792296,12.041594578792296,13.038404810405298,12.041594578792296,12.0,12.0,13.0,12.0,13.038404810405298,14.0,14.0,14.035668847618199,13.038404810405298,13.152946437965905,13.152946437965905,14.317821063276353,13.341664064126334,15.297058540778355,14.560219778561036,14.560219778561036,14.560219778561036,15.811388300841896,15.524174696260024,15.811388300841896,16.76305461424021,15.811388300841896,0.0,16.76305461424021,17.08800749063506,16.15549442140351,18.027756377319946,16.76305461424021,17.72004514666935,16.76305461424021,17.72004514666935,16.76305461424021,17.46424919657298,16.492422502470642,16.278820596099706,15.297058540778355,15.297058540778355,15.524174696260024,14.317821063276353,15.132745950421556,14.142135623730951,14.142135623730951,14.035668847618199,14.035668847618199,13.038404810405298,14.0,13.038404810405298,12.041594578792296,11.180339887498949,0.0,0.0,0.0,0.0,0.0,0.0,0.0,0.0,0.0,0.0,0.0,-1.4876550949064553,-1.4876550949064553,-1.4940244355251187,-1.4876550949064553,-1.5707963267948966,-1.5707963267948966,-1.5707963267948966,-1.5707963267948966,-1.6475682180646747,-1.5707963267948966,-1.5707963267948966,-1.642103791580187,-1.6475682180646747,-1.7234456551901618,-1.7234456551901618,-1.7818896600176433,-1.7975951748487824,-1.7681918866447774,-1.849095985800008,-1.849095985800008,-1.849095985800008,-1.892546881191539,-1.8313987185422376,-1.892546881191539,-1.873681195169868,-1.892546881191539,0.0,-1.873681195169868,-1.9295669970654687,-1.9513027039072615,-1.9100889412489412,-1.873681195169868,-1.856847768512215,-1.873681195169868,-1.856847768512215,-1.873681195169868,-1.8018869939907938,-1.8157749899217608,-1.7561442767905915,-1.7681918866447774,-1.7681918866447774,-1.8313987185422376,-1.7818896600176433,-1.7033478590915707,-1.7126933813990606,-1.7126933813990606,-1.642103791580187,-1.642103791580187,-1.6475682180646747,-1.5707963267948966,-1.4940244355251187,-1.4876550949064553,-1.3909428270024184,0.0,0.0,0.0,0.0,0.0
3.60935195699858,tx,1a:00:00:00:00:00,-49,93.14449759593927,64,0.6106010156419587,8.589447412253106,0,0,0,0,0,0,0,0,0,0,0,0,-8,7,-8,8,-8,7,-8,8,-8,8,-8,8,-8,8,-8,9,-8,9,-7,9,-7,10,-7,10,-7,10,-6,11,-7,11,-6,11,-6,12,-6,11,-6,12,-6,12,-6,12,-6,12,-5,12,-5,14,-5,14,-5,14,0,0,-5,14,-6,14,-6,15,-5,14,-6,14,-6,14,-6,14,-7,14,-7,14,-6,13,-6,13,-6,13,-6,13,-6,13,-7,12,-7,12,-7,11,-7,11,-7,11,-7,10,-7,10,-8,9,-7,9,-7,9,-7,8,-8,8,0,0,0,0,0,0,0,0,0,0,0.0,0.0,0.0,0.0,0.0,0.0,10.63014581273465,11.313708498984761,10.63014581273465,11.313708498984761,11.313708498984761,11.313708498984761,11.313708498984761,12.041594578792296,12.041594578792296,11.40175425099138,12.206555615733702,12.206555615733702,12.206555615733702,12.529964086141668,13.038404810405298,12.529964086141668,13.416407864998739,12.529964086141668,13.416407864998739,13.416407864998739,13.416407864998739,13.416407864998739,13.0,14.866068747318506,14.866068747318506,14.866068747318506,0.0,14.866068747318506,15.231546211727817,16.15549442140351,14.866068747318506,15.231546211727817,15.231546211727817,15.231546211727817,15.652475842498529,15.652475842498529,14.317821063276353,14.317821063276353,14.317821063276353,14.317821063276353,14.317821063276353,13.892443989449804,13.892443989449804,13.038404810405298,13.038404810405298,13.038404810405298,12.206555615733702,12.206555615733702,12.041594578792296,11.40175425099138,11.40175425099138,10.63014581273465,11.313708498984761,0.0,0.0,0.0,0.0,0.0,0.0,0.0,0.0,0.0,0.0,0.0,2.4227626539681686,2.356194490192345,2.4227626539681686,2.356194490192345,2.356194490192345,2.356194490192345,2.356194490192345,2.297438667476622,2.297438667476622,2.2318394956455836,2.1815222911841055,2.1815222911841055,2.1815222911841055,2.0701430484750265,2.137525544318403,2.0701430484750265,2.0344439357957027,2.0701430484750265,2.0344439357957027,2.0344439357957027,2.0344439357957027,2.0344439357957027,1.965587446494658,1.9138202672156,1.9138202672156,1.9138202672156,0.0,1.9138202672156,1.97568811307998,1.9513027039072615,1.9138202672156,1.97568811307998,1.97568811307998,1.97568811307998,2.0344439357957027,2.0344439357957027,2.0032041023654346,2.0032041023654346,2.0032041023654346,2.0032041023654346,2.0032041023654346,2.0988707752212563,2.0988707752212563,2.137525544318403,2.137525544318403,2.137525544318403,2.1815222911841055,2.1815222911841055,2.297438667476622,2.2318394956455836,2.2318394956455836,2.289626326416521,2.356194490192345,0.0,0.0,0.0,0.0,0.0
3.7104235500009963,tx,1a:00:00:00:00:00,-49,93.56844520750144,64,0.6108047181648709,8.632916163665454,0,0,0,0,0,0,0,0,0,0,0,0,2,-11,2,-10,1,-11,1,-11,1,-11,1,-11,1,-11,1,-11,0,-11,0,-12,0,-12,0,-12,-1,-12,-1,-12,-1,-12,-2,-13,-2,-12,-2,-13,-3,-13,-3,-13,-2,-13,-3,-13,-3,-14,-4,-14,-4,-14,-4,-14,0,0,-3,-14,-4,-15,-4,-14,-4,-15,-4,-15,-4,-15,-3,-15,-3,-15,-3,-15,-3,-15,-3,-14,-2,-14,-2,-14,-2,-13,-2,-14,-2,-13,-1,-14,-1,-13,-1,-12,0,-12,0,-12,0,-12,1,-12,1,-11,1,-11,2,-10,0,0,0,0,0,0,0,0,0,0,0.0,0.0,0.0,0.0,0.0,0.0,11.180339887498949,10.198039027185569,11.045361017187261,11.045361017187261,11.045361017187261,11.045361017187261,11.045361017187261,11.045361017187261,11.0,12.0,12.0,12.0,12.041594578792296,12.041594578792296,12.041594578792296,13.152946437965905,12.165525060596439,13.152946437965905,13.341664064126334,13.341664064126334,13.152946437965905,13.341664064126334,14.317821063276353,14.560219778561036,14.560219778561036,14.560219778561036,0.0,14.317821063276353,15.524174696260024,14.560219778561036,15.524174696260024,15.524174696260024,15.524174696260024,15.297058540778355,15.297058540778355,15.297058540778355,15.297058540778355,14.317821063276353,14.142135623730951,14.142135623730951,13.152946437965905,14.142135623730951,13.152946437965905,14.035668847618199,13.038404810405298,12.041594578792296,12.0,12.0,12.0,12.041594578792296,11.045361017187261,11.045361017187261,10.198039027185569,0.0,0.0,0.0,0.0,0.0,0.0,0.0,0.0,0.0,0.0,0.0,-1.3909428270024184,-1.373400766945016,-1.4801364395941514,-1.4801364395941514,-1.4801364395941514,-1.4801364395941514,-1.4801364395941514,-1.4801364395941514,-1.5707963267948966,-1.5707963267948966,-1.5707963267948966,-1.5707963267948966,-1.6539375586833378,-1.6539375586833378,-1.6539375586833378,-1.7234456551901618,-1.7359450042095235,-1.7234456551901618,-1.7975951748487824,-1.7975951748487824,-1.7234456551901618,-1.7975951748487824,-1.7818896600176433,-1.849095985800008,-1.849095985800008,-1.849095985800008,0.0,-1.7818896600176433,-1.8313987185422376,-1.849095985800008,-1.8313987185422376,-1.8313987185422376,-1.8313987185422376,-1.7681918866447774,-1.7681918866447774,-1.7681918866447774,-1.7681918866447774,-1.7818896600176433,-1.7126933813990606,-1.7126933813990606,-1.7234456551901618,-1.7126933813990606,-1.7234456551901618,-1.642103791580187,-1.6475682180646747,-1.6539375586833378,-1.5707963267948966,-1.5707963267948966,-1.5707963267948966,-1.4876550949064553,-1.4801364395941514,-1.4801364395941514,-1.373400766945016,0.0,0.0,0.0,0.0,0.0
3.81045876799908,tx,1a:00:00:00:00:00,-48,93.56844520750144,64,0.6105107893544324,8.66829678800491,0,0,0,0,0,0,0,0,0,0,0,0,-1,-11,-1,-11,-1,-11,-2,-12,-2,-11,-2,-12,-2,-12,-3,-12,-2,-12,-3,-11,-3,-12,-4,-12,-4,-12,-4,-12,-5,-12,-5,-12,-5,-13,-5,-12,-6,-13,-6,-12,-6,-12,-6,-13,-6,-12,-7,-13,-7,-13,-8,-13,0,0,-8,-14,-7,-13,-8,-15,-7,-13,-7,-14,-8,-14,-7,-14,-7,-14,-6,-14,-6,-13,-6,-14,-6,-14,-6,-13,-6,-14,-4,-13,-5,-14,-4,-12,-4,-13,-4,-12,-3,-12,-3,-12,-2,-12,-3,-11,-2,-11,-2,-11,-1,-11,0,0,0,0,0,0,0,0,0,0,0.0,0.0,0.0,0.0,0.0,0.0,11.045361017187261,11.045361017187261,11.045361017187261,12.165525060596439,11.180339887498949,12.165525060596439,12.165525060596439,12.36931687685298,12.165525060596439,11.40175425099138,12.36931687685298,12.649110640673518,12.649110640673518,12.649110640673518,13.0,13.0,13.92838827718412,13.0,14.317821063276353,13.416407864998739,13.416407864998739,14.317821063276353,13.416407864998739,14.7648230602334,14.7648230602334,15.264337522473747,0.0,16.1245154965971,14.7648230602334,17.0,14.7648230602334,15.652475842498529,16.1245154965971,15.652475842498529,15.652475842498529,15.231546211727817,14.317821063276353,15.231546211727817,15.231546211727817,14.317821063276353,15.231546211727817,13.601470508735444,14.866068747318506,12.649110640673518,13.601470508735444,12.649110640673518,12.36931687685298,12.36931687685298,12.165525060596439,11.40175425099138,11.180339887498949,11.180339887498949,11.045361017187261,0.0,0.0,0.0,0.0,0.0,0.0,0.0,0.0,0.0,0.0,0.0,-1.6614562139956417,-1.6614562139956417,-1.6614562139956417,-1.7359450042095235,-1.750649826587375,-1.7359450042095235,-1.7359450042095235,-1.8157749899217608,-1.7359450042095235,-1.837048375945822,-1.8157749899217608,-1.892546881191539,-1.892546881191539,-1.892546881191539,-1.965587446494658,-1.965587446494658,-1.9379701606131159,-1.965587446494658,-2.0032041023654346,-2.0344439357957027,-2.0344439357957027,-2.0032041023654346,-2.0344439357957027,-2.0647376957144776,-2.0647376957144776,-2.1224513093234436,0.0,-2.0899424410414196,-2.0647376957144776,-2.060753653048625,-2.0647376957144776,-2.0344439357957027,-2.0899424410414196,-2.0344439357957027,-2.0344439357957027,-1.97568811307998,-2.0032041023654346,-1.97568811307998,-1.97568811307998,-2.0032041023654346,-1.97568811307998,-1.8692952583810758,-1.9138202672156,-1.892546881191539,-1.8692952583810758,-1.892546881191539,-1.8157749899217608,-1.8157749899217608,-1.7359450042095235,-1.837048375945822,-1.750649826587375,-1.750649826587375,-1.6614562139956417,0.0,0.0,0.0,0.0,0.0
3.9200880310017965,tx,1a:00:00:00:00:00,-48,93.56844520750144,64,0.6116564612585824,8.695360095621156,0,0,0,0,0,0,0,0,0,0,0,0,0,-12,0,-12,-1,-12,-1,-12,-1,-12,-1,-12,-1,-12,-2,-12,-2,-12,-3,-13,-3,-13,-3,-12,-4,-13,-4,-13,-4,-13,-5,-13,-5,-13,-5,-13,-6,-13,-6,-13,-6,-14,-6,-14,-7,-14,-8,-14,-8,-14,-8,-14,0,0,-8,-15,-8,-15,-8,-14,-8,-15,-8,-15,-8,-15,-7,-15,-8,-15,-7,-15,-7,-15,-7,-14,-7,-14,-6,-14,-7,-14,-6,-14,-5,-14,-5,-14,-5,-13,-4,-13,-4,-13,-4,-13,-3,-13,-3,-13,-3,-12,-2,-12,-1,-12,0,0,0,0,0,0,0,0,0,0,0.0,0.0,0.0,0.0,0.0,0.0,12.0,12.0,12.041594578792296,12.041594578792296,12.041594578792296,12.041594578792296,12.041594578792296,12.165525060596439,12.165525060596439,13.341664064126334,13.341664064126334,12.36931687685298,13.601470508735444,13.601470508735444,13.601470508735444,13.92838827718412,13.92838827718412,13.92838827718412,14.317821063276353,14.317821063276353,15.231546211727817,15.231546211727817,15.652475842498529,16.1245154965971,16.1245154965971,16.1245154965971,0.0,17.0,17.0,16.1245154965971,17.0,17.0,17.0,16.55294535724685,17.0,16.55294535724685,16.55294535724685,15.652475842498529,15.652475842498529,15.231546211727817,15.652475842498529,15.231546211727817,14.866068747318506,14.866068747318506,13.92838827718412,13.601470508735444,13.601470508735444,13.601470508735444,13.341664064126334,13.341664064126334,12.36931687685298,12.165525060596439,12.041594578792296,0.0,0.0,0.0,0.0,0.0,0.0,0.0,0.0,0.0,0.0,0.0,-1.5707963267948966,-1.5707963267948966,-1.6539375586833378,-1.6539375586833378,-1.6539375586833378,-1.6539375586833378,-1.6539375586833378,-1.7359450042095235,-1.7359450042095235,-1.7975951748487824,-1.7975951748487824,-1.8157749899217608,-1.8692952583810758,-1.8692952583810758,-1.8692952583810758,-1.9379701606131159,-1.9379701606131159,-1.9379701606131159,-2.0032041023654346,-2.0032041023654346,-1.97568811307998,-1.97568811307998,-2.0344439357957027,-2.0899424410414196,-2.0899424410414196,-2.0899424410414196,0.0,-2.060753653048625,-2.060753653048625,-2.0899424410414196,-2.060753653048625,-2.060753653048625,-2.060753653048625,-2.007423486608438,-2.060753653048625,-2.007423486608438,-2.007423486608438,-2.0344439357957027,-2.0344439357957027,-1.97568811307998,-2.0344439357957027,-1.97568811307998,-1.9138202672156,-1.9138202672156,-1.9379701606131159,-1.8692952583810758,-1.8692952583810758,-1.8692952583810758,-1.7975951748487824,-1.7975951748487824,-1.8157749899217608,-1.7359450042095235,-1.6539375586833378,0.0,0.0,0.0,0.0,0.0
4.030376809998415,tx,1a:00:00:00:00:00,-49,93.56844520750144,64,0.6123782871861224,8.713808025295549,0,0,0,0,0,0,0,0,0,0,0,0,-8,-7,-9,-7,-9,-7,-9,-7,-9,-6,-10,-7,-10,-6,-10,-6,-10,-6,-11,-5,-11,-5,-11,-5,-12,-5,-12,-5,-12,-5,-12,-5,-13,-4,-12,-4,-13,-4,-13,-4,-13,-3,-14,-4,-13,-3,-14,-3,-15,-3,-15,-3,0,0,-15,-2,-15,-3,-16,-3,-15,-2,-16,-3,-16,-3,-16,-3,-15,-4,-15,-4,-14,-3,-15,-4,-14,-4,-14,-4,-14,-4,-13,-5,-14,-5,-13,-4,-12,-5,-12,-5,-12,-5,-12,-5,-11,-6,-11,-5,-10,-6,-10,-6,-9,-7,0,0,0,0,0,0,0,0,0,0,0.0,0.0,0.0,0.0,0.0,0.0,10.63014581273465,11.40175425099138,11.40175425099138,11.40175425099138,10.816653826391969,12.206555615733702,11.661903789690601,11.661903789690601,11.661903789690601,12.083045973594572,12.083045973594572,12.083045973594572,13.0,13.0,13.0,13.0,13.601470508735444,12.649110640673518,13.601470508735444,13.601470508735444,13.341664064126334,14.560219778561036,13.341664064126334,14.317821063276353,15.297058540778355,15.297058540778355,0.0,15.132745950421556,15.297058540778355,16.278820596099706,15.132745950421556,16.278820596099706,16.278820596099706,16.278820596099706,15.524174696260024,15.524174696260024,14.317821063276353,15.524174696260024,14.560219778561036,14.560219778561036,14.560219778561036,13.92838827718412,14.866068747318506,13.601470508735444,13.0,13.0,13.0,13.0,12.529964086141668,12.083045973594572,11.661903789690601,11.661903789690601,11.40175425099138,0.0,0.0,0.0,0.0,0.0,0.0,0.0,0.0,0.0,0.0,0.0,-2.4227626539681686,-2.4805494847391065,-2.4805494847391065,-2.4805494847391065,-2.5535900500422257,-2.5308666892005847,-2.601173153319209,-2.601173153319209,-2.601173153319209,-2.714965160462917,-2.714965160462917,-2.714965160462917,-2.746801533890032,-2.746801533890032,-2.746801533890032,-2.746801533890032,-2.843093722003614,-2.819842099193151,-2.843093722003614,-2.843093722003614,-2.9147938055359073,-2.8632929945846817,-2.9147938055359073,-2.930499320367047,-2.9441970937399127,-2.9441970937399127,0.0,-3.0090411212931194,-2.9441970937399127,-2.9562447035940984,-3.0090411212931194,-2.9562447035940984,-2.9562447035940984,-2.9562447035940984,-2.8809902618424523,-2.8809902618424523,-2.930499320367047,-2.8809902618424523,-2.8632929945846817,-2.8632929945846817,-2.8632929945846817,-2.774418819771574,-2.79856871316909,-2.843093722003614,-2.746801533890032,-2.746801533890032,-2.746801533890032,-2.746801533890032,-2.642245931909663,-2.714965160462917,-2.601173153319209,-2.601173153319209,-2.4805494847391065,0.0,0.0,0.0,0.0,0.0
4.130382565999753,tx,1a:00:00:00:00:00,-49,93.56844520750144,64,0.6159582709361389,8.723217285715712,0,0,0,0,0,0,0,0,0,0,0,0,5,8,5,8,5,9,5,8,6,8,5,8,6,8,6,8,7,8,7,8,7,8,7,8,8,8,8,8,8,7,9,7,8,7,9,7,9,7,10,7,10,7,10,7,11,7,11,7,11,7,11,7,0,0,11,7,12,8,11,7,12,8,11,7,12,8,12,8,11,8,11,8,11,9,10,8,10,9,10,9,10,8,10,9,9,8,9,9,8,8,8,8,7,8,7,8,7,8,7,9,6,8,5,9,4,8,0,0,0,0,0,0,0,0,0,0,0.0,0.0,0.0,0.0,0.0,0.0,9.433981132056603,9.433981132056603,10.295630140987,9.433981132056603,10.0,9.433981132056603,10.0,10.0,10.63014581273465,10.63014581273465,10.63014581273465,10.63014581273465,11.313708498984761,11.313708498984761,10.63014581273465,11.40175425099138,10.63014581273465,11.40175425099138,11.40175425099138,12.206555615733702,12.206555615733702,12.206555615733702,13.038404810405298,13.038404810405298,13.038404810405298,13.038404810405298,0.0,13.038404810405298,14.422205101855956,13.038404810405298,14.422205101855956,13.038404810405298,14.422205101855956,14.422205101855956,13.601470508735444,13.601470508735444,14.212670403551895,12.806248474865697,13.45362404707371,13.45362404707371,12.806248474865697,13.45362404707371,12.041594578792296,12.727922061357855,11.313708498984761,11.313708498984761,10.63014581273465,10.63014581273465,10.63014581273465,11.40175425099138,10.0,10.295630140987,8.94427190999916,0.0,0.0,0.0,0.0,0.0,0.0,0.0,0.0,0.0,0.0,0.0,1.0121970114513341,1.0121970114513341,1.0636978224025597,1.0121970114513341,0.9272952180016122,1.0121970114513341,0.9272952180016122,0.9272952180016122,0.8519663271732721,0.8519663271732721,0.8519663271732721,0.8519663271732721,0.7853981633974483,0.7853981633974483,0.7188299996216245,0.6610431688506869,0.7188299996216245,0.6610431688506869,0.6610431688506869,0.6107259643892086,0.6107259643892086,0.6107259643892086,0.5667292175235064,0.5667292175235064,0.5667292175235064,0.5667292175235064,0.0,0.5667292175235064,0.5880026035475675,0.5667292175235064,0.5880026035475675,0.5667292175235064,0.5880026035475675,0.5880026035475675,0.628796286415433,0.628796286415433,0.6857295109062863,0.6747409422235526,0.7328151017865066,0.7328151017865066,0.6747409422235526,0.7328151017865066,0.7266423406817256,0.7853981633974483,0.7853981633974483,0.7853981633974483,0.8519663271732721,0.8519663271732721,0.8519663271732721,0.9097531579442097,0.9272952180016122,1.0636978224025597,1.1071487177940904,0.0,0.0,0.0,0.0,0.0
4.241779805000988,tx,1a:00:00:00:00:00,-49,93.56844520750144,64,0.6183911246620111,8.723333609977399,0,0,0,0,0,0,0,0,0,0,0,0,-1,-12,0,-12,-1,-10,-1,-11,-1,-11,-2,-12,-2,-11,-2,-11,-2,-11,-3,-11,-3,-12,-4,-12,-4,-12,-4,-12,-4,-12,-4,-12,-5,-12,-5,-11,-6,-12,-5,-12,-6,-12,-6,-13,-6,-12,-7,-12,-7,-13,-7,-13,0,0,-8,-13,-7,-13,-8,-14,-7,-13,-7,-14,-7,-14,-7,-14,-7,-14,-6,-14,-6,-13,-7,-13,-6,-13,-6,-13,-6,-13,-5,-12,-5,-13,-5,-12,-4,-12,-4,-12,-3,-12,-3,-12,-3,-12,-3,-11,-3,-11,-2,-11,-1,-11,0,0,0,0,0,0,0,0,0,0,0.0,0.0,0.0,0.0,0.0,0.0,12.041594578792296,12.0,10.04987562112089,11.045361017187261,11.045361017187261,12.165525060596439,11.180339887498949,11.180339887498949,11.180339887498949,11.40175425099138,12.36931687685298,12.649110640673518,12.649110640673518,12.649110640673518,12.649110640673518,12.649110640673518,13.0,12.083045973594572,13.416407864998739,13.0,13.416407864998739,14.317821063276353,13.416407864998739,13.892443989449804,14.7648230602334,14.7648230602334,0.0,15.264337522473747,14.7648230602334,16.1245154965971,14.7648230602334,15.652475842498529,15.652475842498529,15.652475842498529,15.652475842498529,15.231546211727817,14.317821063276353,14.7648230602334,14.317821063276353,14.317821063276353,14.317821063276353,13.0,13.92838827718412,13.0,12.649110640673518,12.649110640673518,12.36931687685298,12.36931687685298,12.36931687685298,11.40175425099138,11.40175425099138,11.180339887498949,11.045361017187261,0.0,0.0,0.0,0.0,0.0,0.0,0.0,0.0,0.0,0.0,0.0,-1.6539375586833378,-1.5707963267948966,-1.6704649792860586,-1.6614562139956417,-1.6614562139956417,-1.7359450042095235,-1.750649826587375,-1.750649826587375,-1.750649826587375,-1.837048375945822,-1.8157749899217608,-1.892546881191539,-1.892546881191539,-1.892546881191539,-1.892546881191539,-1.892546881191539,-1.965587446494658,-1.9974238199217726,-2.0344439357957027,-1.965587446494658,-2.0344439357957027,-2.0032041023654346,-2.0344439357957027,-2.0988707752212563,-2.0647376957144776,-2.0647376957144776,0.0,-2.1224513093234436,-2.0647376957144776,-2.0899424410414196,-2.0647376957144776,-2.0344439357957027,-2.0344439357957027,-2.0344439357957027,-2.0344439357957027,-1.97568811307998,-2.0032041023654346,-2.0647376957144776,-2.0032041023654346,-2.0032041023654346,-2.0032041023654346,-1.965587446494658,-1.9379701606131159,-1.965587446494658,-1.892546881191539,-1.892546881191539,-1.8157749899217608,-1.8157749899217608,-1.8157749899217608,-1.837048375945822,-1.837048375945822,-1.750649826587375,-1.6614562139956417,0.0,0.0,0.0,0.0,0.0
4.351854966000246,tx,1a:00:00:00:00:00,-49,93.56844520750144,64,0.6196832793746138,8.714086942813257,0,0,0,0,0,0,0,0,0,0,0,0,-10,-3,-11,-4,-10,-3,-11,-3,-11,-3,-11,-3,-11,-3,-11,-2,-12,-3,-11,-2,-12,-1,-12,-1,-12,-1,-13,-1,-13,0,-13,-1,-13,0,-12,0,-13,1,-13,0,-13,0,-14,1,-13,1,-14,2,-15,2,-15,2,0,0,-15,2,-15,1,-16,1,-15,2,-15,1,-16,1,-15,0,-15,0,-15,0,-15,0,-15,0,-15,0,-15,0,-15,0,-13,-1,-14,-1,-13,-1,-13,-1,-13,-2,-12,-2,-12,-3,-12,-3,-11,-3,-11,-3,-11,-3,-10,-4,0,0,0,0,0,0,0,0,0,0,0.0,0.0,0.0,0.0,0.0,0.0,10.44030650891055,11.704699910719626,10.44030650891055,11.40175425099138,11.40175425099138,11.40175425099138,11.40175425099138,11.180339887498949,12.36931687685298,11.180339887498949,12.041594578792296,12.041594578792296,12.041594578792296,13.038404810405298,13.0,13.038404810405298,13.0,12.0,13.038404810405298,13.0,13.0,14.035668847618199,13.038404810405298,14.142135623730951,15.132745950421556,15.132745950421556,0.0,15.132745950421556,15.033296378372908,16.0312195418814,15.132745950421556,15.033296378372908,16.0312195418814,15.0,15.0,15.0,15.0,15.0,15.0,15.0,15.0,13.038404810405298,14.035668847618199,13.038404810405298,13.038404810405298,13.152946437965905,12.165525060596439,12.36931687685298,12.36931687685298,11.40175425099138,11.40175425099138,11.40175425099138,10.770329614269007,0.0,0.0,0.0,0.0,0.0,0.0,0.0,0.0,0.0,0.0,0.0,-2.8501358591119264,-2.7928216500058864,-2.8501358591119264,-2.875340604438868,-2.875340604438868,-2.875340604438868,-2.875340604438868,-2.961739153797315,-2.896613990462929,-2.961739153797315,-3.058451421701352,-3.058451421701352,-3.058451421701352,-3.064820762320015,3.141592653589793,-3.064820762320015,3.141592653589793,3.141592653589793,3.064820762320015,3.141592653589793,3.141592653589793,3.070285188804503,3.064820762320015,2.999695598985629,3.0090411212931194,3.0090411212931194,0.0,3.0090411212931194,3.0750244898139694,3.079173843593836,3.0090411212931194,3.0750244898139694,3.079173843593836,3.141592653589793,3.141592653589793,3.141592653589793,3.141592653589793,3.141592653589793,3.141592653589793,3.141592653589793,3.141592653589793,-3.064820762320015,-3.070285188804503,-3.064820762320015,-3.064820762320015,-2.988943325194528,-2.976443976175166,-2.896613990462929,-2.896613990462929,-2.875340604438868,-2.875340604438868,-2.875340604438868,-2.761086276477428,0.0,0.0,0.0,0.0,0.0
4.459170818001439,tx,1a:00:00:00:00:00,-49,93.56844520750144,64,0.6206624961351972,8.695573169907217,0,0,0,0,0,0,0,0,0,0,0,0,-3,10,-3,10,-3,11,-3,11,-3,11,-3,11,-2,11,-2,11,-2,11,-2,12,-2,12,-1,12,-1,12,-1,12,-1,12,0,13,0,12,0,13,1,13,1,13,1,13,2,13,2,14,2,14,2,14,2,14,0,0,2,15,2,15,2,15,2,15,2,15,2,15,2,15,1,15,1,15,1,15,1,14,0,14,0,14,0,14,0,14,0,13,-1,13,-1,13,-1,12,-1,12,-2,12,-2,12,-3,12,-3,11,-3,11,-4,10,0,0,0,0,0,0,0,0,0,0,0.0,0.0,0.0,0.0,0.0,0.0,10.44030650891055,10.44030650891055,11.40175425099138,11.40175425099138,11.40175425099138,11.40175425099138,11.180339887498949,11.180339887498949,11.180339887498949,12.165525060596439,12.165525060596439,12.041594578792296,12.041594578792296,12.041594578792296,12.041594578792296,13.0,12.0,13.0,13.038404810405298,13.038404810405298,13.038404810405298,13.152946437965905,14.142135623730951,14.142135623730951,14.142135623730951,14.142135623730951,0.0,15.132745950421556,15.132745950421556,15.132745950421556,15.132745950421556,15.132745950421556,15.132745950421556,15.132745950421556,15.033296378372908,15.033296378372908,15.033296378372908,14.035668847618199,14.0,14.0,14.0,14.0,13.0,13.038404810405298,13.038404810405298,12.041594578792296,12.041594578792296,12.165525060596439,12.165525060596439,12.36931687685298,11.40175425099138,11.40175425099138,10.770329614269007,0.0,0.0,0.0,0.0,0.0,0.0,0.0,0.0,0.0,0.0,0.0,1.8622531212727638,1.8622531212727638,1.837048375945822,1.837048375945822,1.837048375945822,1.837048375945822,1.750649826587375,1.750649826587375,1.750649826587375,1.7359450042095235,1.7359450042095235,1.6539375586833378,1.6539375586833378,1.6539375586833378,1.6539375586833378,1.5707963267948966,1.5707963267948966,1.5707963267948966,1.4940244355251187,1.4940244355251187,1.4940244355251187,1.4181469983996315,1.4288992721907328,1.4288992721907328,1.4288992721907328,1.4288992721907328,0.0,1.4382447944982226,1.4382447944982226,1.4382447944982226,1.4382447944982226,1.4382447944982226,1.4382447944982226,1.4382447944982226,1.5042281630190728,1.5042281630190728,1.5042281630190728,1.4994888620096063,1.5707963267948966,1.5707963267948966,1.5707963267948966,1.5707963267948966,1.5707963267948966,1.6475682180646747,1.6475682180646747,1.6539375586833378,1.6539375586833378,1.7359450042095235,1.7359450042095235,1.8157749899217608,1.837048375945822,1.837048375945822,1.9513027039072615,0.0,0.0,0.0,0.0,0.0
4.559511591003684,tx,1a:00:00:00:00:00,-49,93.56844520750144,64,0.6208926875908111,8.667949982367348,0,0,0,0,0,0,0,0,0,0,0,0,-11,2,-10,2,-11,2,-11,2,-11,3,-10,3,-11,3,-11,3,-11,4,-11,4,-11,4,-11,5,-11,5,-11,6,-11,6,-11,6,-11,6,-11,7,-10,7,-11,7,-11,7,-11,8,-11,8,-11,8,-11,9,-11,9,0,0,-11,9,-12,9,-12,9,-12,9,-11,9,-12,9,-12,9,-12,9,-12,9,-12,8,-12,8,-12,8,-12,7,-12,7,-12,7,-11,6,-12,6,-11,6,-11,6,-11,5,-11,5,-11,5,-11,4,-10,3,-10,3,-10,2,0,0,0,0,0,0,0,0,0,0,0.0,0.0,0.0,0.0,0.0,0.0,11.180339887498949,10.198039027185569,11.180339887498949,11.180339887498949,11.40175425099138,10.44030650891055,11.40175425099138,11.40175425099138,11.704699910719626,11.704699910719626,11.704699910719626,12.083045973594572,12.083045973594572,12.529964086141668,12.529964086141668,12.529964086141668,12.529964086141668,13.038404810405298,12.206555615733702,13.038404810405298,13.038404810405298,13.601470508735444,13.601470508735444,13.601470508735444,14.212670403551895,14.212670403551895,0.0,14.212670403551895,15.0,15.0,15.0,14.212670403551895,15.0,15.0,15.0,15.0,14.422205101855956,14.422205101855956,14.422205101855956,13.892443989449804,13.892443989449804,13.892443989449804,12.529964086141668,13.416407864998739,12.529964086141668,12.529964086141668,12.083045973594572,12.083045973594572,12.083045973594572,11.704699910719626,10.44030650891055,10.44030650891055,10.198039027185569,0.0,0.0,0.0,0.0,0.0,0.0,0.0,0.0,0.0,0.0,0.0,2.961739153797315,2.9441970937399127,2.961739153797315,2.961739153797315,2.875340604438868,2.8501358591119264,2.875340604438868,2.875340604438868,2.7928216500058864,2.7928216500058864,2.7928216500058864,2.714965160462917,2.714965160462917,2.642245931909663,2.642245931909663,2.642245931909663,2.642245931909663,2.5748634360662868,2.5308666892005847,2.5748634360662868,2.5748634360662868,2.5127963671743605,2.5127963671743605,2.5127963671743605,2.455863142683507,2.455863142683507,0.0,2.455863142683507,2.498091544796509,2.498091544796509,2.498091544796509,2.455863142683507,2.498091544796509,2.498091544796509,2.498091544796509,2.498091544796509,2.5535900500422257,2.5535900500422257,2.5535900500422257,2.6135182051634334,2.6135182051634334,2.6135182051634334,2.642245931909663,2.677945044588987,2.642245931909663,2.642245931909663,2.714965160462917,2.714965160462917,2.714965160462917,2.7928216500058864,2.8501358591119264,2.8501358591119264,2.9441970937399127,0.0,0.0,0.0,0.0,0.0
4.659604644002684,tx,1a:00:00:00:00:00,-49,93.56844520750144,64,0.6208824820978696,8.631390418789309,0,0,0,0,0,0,0,0,0,0,0,0,11,1,10,1,12,1,11,1,12,0,11,0,11,0,11,0,12,-1,13,0,12,-1,12,-1,13,-1,12,-2,12,-2,13,-3,12,-3,13,-3,12,-4,13,-4,13,-4,14,-5,14,-5,14,-5,14,-5,14,-5,0,0,15,-5,15,-6,14,-6,15,-6,14,-5,15,-5,15,-5,15,-4,15,-5,15,-4,15,-4,14,-4,14,-3,14,-3,14,-4,13,-3,14,-3,12,-2,12,-2,12,-2,12,-1,12,-1,12,0,12,0,11,0,10,1,0,0,0,0,0,0,0,0,0,0,0.0,0.0,0.0,0.0,0.0,0.0,11.045361017187261,10.04987562112089,12.041594578792296,11.045361017187261,12.0,11.0,11.0,11.0,12.041594578792296,13.0,12.041594578792296,12.041594578792296,13.038404810405298,12.165525060596439,12.165525060596439,13.341664064126334,12.36931687685298,13.341664064126334,12.649110640673518,13.601470508735444,13.601470508735444,14.866068747318506,14.866068747318506,14.866068747318506,14.866068747318506,14.866068747318506,0.0,15.811388300841896,16.15549442140351,15.231546211727817,16.15549442140351,14.866068747318506,15.811388300841896,15.811388300841896,15.524174696260024,15.811388300841896,15.524174696260024,15.524174696260024,14.560219778561036,14.317821063276353,14.317821063276353,14.560219778561036,13.341664064126334,14.317821063276353,12.165525060596439,12.165525060596439,12.165525060596439,12.041594578792296,12.041594578792296,12.0,12.0,11.0,10.04987562112089,0.0,0.0,0.0,0.0,0.0,0.0,0.0,0.0,0.0,0.0,0.0,0.09065988720074511,0.09966865249116202,0.08314123188844123,0.09065988720074511,0.0,0.0,0.0,0.0,-0.08314123188844123,0.0,-0.08314123188844123,-0.08314123188844123,-0.07677189126977804,-0.16514867741462683,-0.16514867741462683,-0.22679884805388587,-0.24497866312686414,-0.22679884805388587,-0.3217505543966422,-0.2984989315861793,-0.2984989315861793,-0.3430239404207034,-0.3430239404207034,-0.3430239404207034,-0.3430239404207034,-0.3430239404207034,0.0,-0.3217505543966422,-0.3805063771123649,-0.40489178628508343,-0.3805063771123649,-0.3430239404207034,-0.3217505543966422,-0.3217505543966422,-0.260602391747341,-0.3217505543966422,-0.260602391747341,-0.260602391747341,-0.27829965900511133,-0.21109333322274654,-0.21109333322274654,-0.27829965900511133,-0.22679884805388587,-0.21109333322274654,-0.16514867741462683,-0.16514867741462683,-0.16514867741462683,-0.08314123188844123,-0.08314123188844123,0.0,0.0,0.0,0.09966865249116202,0.0,0.0,0.0,0.0,0.0
4.760299838002538,tx,1a:00:00:00:00:00,-49,96.60034161449553,64,0.6211911236608305,8.58614471875164,0,0,0,0,0,0,0,0,0,0,0,0,8,-7,8,-7,8,-8,9,-8,8,-8,8,-8,8,-9,8,-9,8,-9,8,-9,8,-10,8,-10,8,-10,7,-10,7,-11,7,-11,7,-12,7,-12,6,-12,6,-13,6,-13,6,-13,6,-13,6,-14,6,-14,6,-14,0,0,6,-14,6,-14,7,-15,6,-15,7,-15,7,-15,7,-15,7,-15,7,-14,7,-14,7,-14,7,-13,8,-13,7,-13,7,-12,8,-12,8,-12,7,-11,7,-11,7,-10,8,-11,8,-10,8,-10,8,-9,8,-8,8,-7,0,0,0,0,0,0,0,0,0,0,0.0,0.0,0.0,0.0,0.0,0.0,10.63014581273465,10.63014581273465,11.313708498984761,12.041594578792296,11.313708498984761,11.313708498984761,12.041594578792296,12.041594578792296,12.041594578792296,12.041594578792296,12.806248474865697,12.806248474865697,12.806248474865697,12.206555615733702,13.038404810405298,13.038404810405298,13.892443989449804,13.892443989449804,13.416407864998739,14.317821063276353,14.317821063276353,14.317821063276353,14.317821063276353,15.231546211727817,15.231546211727817,15.231546211727817,0.0,15.231546211727817,15.231546211727817,16.55294535724685,16.15549442140351,16.55294535724685,16.55294535724685,16.55294535724685,16.55294535724685,15.652475842498529,15.652475842498529,15.652475842498529,14.7648230602334,15.264337522473747,14.7648230602334,13.892443989449804,14.422205101855956,14.422205101855956,13.038404810405298,13.038404810405298,12.206555615733702,13.601470508735444,12.806248474865697,12.806248474865697,12.041594578792296,11.313708498984761,10.63014581273465,0.0,0.0,0.0,0.0,0.0,0.0,0.0,0.0,0.0,0.0,0.0,-0.7188299996216245,-0.7188299996216245,-0.7853981633974483,-0.7266423406817256,-0.7853981633974483,-0.7853981633974483,-0.844153986113171,-0.844153986113171,-0.844153986113171,-0.844153986113171,-0.8960553845713439,-0.8960553845713439,-0.8960553845713439,-0.960070362405688,-1.0040671092713902,-1.0040671092713902,-1.042721878368537,-1.042721878368537,-1.1071487177940904,-1.1383885512243588,-1.1383885512243588,-1.1383885512243588,-1.1383885512243588,-1.1659045405098132,-1.1659045405098132,-1.1659045405098132,0.0,-1.1659045405098132,-1.1659045405098132,-1.1341691669813554,-1.1902899496825317,-1.1341691669813554,-1.1341691669813554,-1.1341691669813554,-1.1341691669813554,-1.1071487177940904,-1.1071487177940904,-1.1071487177940904,-1.0768549578753155,-1.0191413442663497,-1.0768549578753155,-1.042721878368537,-0.982793723247329,-0.982793723247329,-1.0040671092713902,-1.0040671092713902,-0.960070362405688,-0.9420000403794636,-0.8960553845713439,-0.8960553845713439,-0.844153986113171,-0.7853981633974483,-0.7188299996216245,0.0,0.0,0.0,0.0,0.0
4.864311541998177,tx,1a:00:00:00:00:00,-49,96.60034161449553,64,0.6215268350397541,8.532461223341846,0,0,0,0,0,0,0,0,0,0,0,0,-2,-11,-2,-11,-2,-11,-2,-12,-3,-11,-3,-11,-3,-11,-3,-11,-3,-12,-4,-11,-4,-12,-5,-12,-5,-12,-5,-12,-6,-12,-5,-12,-6,-12,-6,-11,-7,-12,-7,-12,-7,-12,-7,-13,-7,-12,-8,-13,-8,-13,-9,-13,0,0,-9,-13,-8,-13,-9,-14,-8,-13,-8,-14,-8,-14,-8,-14,-8,-14,-7,-14,-7,-13,-7,-13,-7,-13,-7,-13,-7,-13,-5,-13,-5,-13,-5,-12,-5,-12,-5,-12,-4,-12,-4,-12,-3,-12,-3,-11,-3,-11,-2,-11,-2,-11,0,0,0,0,0,0,0,0,0,0,0.0,0.0,0.0,0.0,0.0,0.0,11.180339887498949,11.180339887498949,11.180339887498949,12.165525060596439,11.40175425099138,11.40175425099138,11.40175425099138,11.40175425099138,12.36931687685298,11.704699910719626,12.649110640673518,13.0,13.0,13.0,13.416407864998739,13.0,13.416407864998739,12.529964086141668,13.892443989449804,13.892443989449804,13.892443989449804,14.7648230602334,13.892443989449804,15.264337522473747,15.264337522473747,15.811388300841896,0.0,15.811388300841896,15.264337522473747,16.64331697709324,15.264337522473747,16.1245154965971,16.1245154965971,16.1245154965971,16.1245154965971,15.652475842498529,14.7648230602334,14.7648230602334,14.7648230602334,14.7648230602334,14.7648230602334,13.92838827718412,13.92838827718412,13.0,13.0,13.0,12.649110640673518,12.649110640673518,12.36931687685298,11.40175425099138,11.40175425099138,11.180339887498949,11.180339887498949,0.0,0.0,0.0,0.0,0.0,0.0,0.0,0.0,0.0,0.0,0.0,-1.750649826587375,-1.750649826587375,-1.750649826587375,-1.7359450042095235,-1.837048375945822,-1.837048375945822,-1.837048375945822,-1.837048375945822,-1.8157749899217608,-1.9195673303788037,-1.892546881191539,-1.965587446494658,-1.965587446494658,-1.965587446494658,-2.0344439357957027,-1.965587446494658,-2.0344439357957027,-2.0701430484750265,-2.0988707752212563,-2.0988707752212563,-2.0988707752212563,-2.0647376957144776,-2.0988707752212563,-2.1224513093234436,-2.1224513093234436,-2.1763409903998667,0.0,-2.1763409903998667,-2.1224513093234436,-2.1421338066285234,-2.1224513093234436,-2.0899424410414196,-2.0899424410414196,-2.0899424410414196,-2.0899424410414196,-2.0344439357957027,-2.0647376957144776,-2.0647376957144776,-2.0647376957144776,-2.0647376957144776,-2.0647376957144776,-1.9379701606131159,-1.9379701606131159,-1.965587446494658,-1.965587446494658,-1.965587446494658,-1.892546881191539,-1.892546881191539,-1.8157749899217608,-1.837048375945822,-1.837048375945822,-1.750649826587375,-1.750649826587375,0.0,0.0,0.0,0.0,0.0
4.970217071997467,tx,1a:00:00:00:00:00,-48,96.60034161449553,64,0.6219065292406575,8.470578654211813,0,0,0,0,0,0,0,0,0,0,0,0,-3,-11,-3,-10,-3,-11,-3,-11,-4,-11,-4,-11,-4,-11,-4,-11,-5,-11,-5,-12,-5,-12,-5,-11,-6,-11,-6,-11,-6,-11,-7,-11,-7,-11,-7,-12,-8,-11,-8,-12,-7,-12,-8,-12,-8,-12,-9,-12,-9,-12,-9,-12,0,0,-9,-12,-10,-12,-9,-12,-10,-13,-9,-13,-9,-13,-9,-13,-8,-14,-9,-13,-8,-14,-8,-13,-7,-13,-7,-13,-6,-12,-7,-13,-7,-12,-6,-13,-6,-12,-5,-12,-5,-12,-4,-12,-4,-12,-4,-12,-3,-11,-3,-11,-2,-11,0,0,0,0,0,0,0,0,0,0,0.0,0.0,0.0,0.0,0.0,0.0,11.40175425099138,10.44030650891055,11.40175425099138,11.40175425099138,11.704699910719626,11.704699910719626,11.704699910719626,11.704699910719626,12.083045973594572,13.0,13.0,12.083045973594572,12.529964086141668,12.529964086141668,12.529964086141668,13.038404810405298,13.038404810405298,13.892443989449804,13.601470508735444,14.422205101855956,13.892443989449804,14.422205101855956,14.422205101855956,15.0,15.0,15.0,0.0,15.0,15.620499351813308,15.0,16.401219466856727,15.811388300841896,15.811388300841896,15.811388300841896,16.1245154965971,15.811388300841896,16.1245154965971,15.264337522473747,14.7648230602334,14.7648230602334,13.416407864998739,14.7648230602334,13.892443989449804,14.317821063276353,13.416407864998739,13.0,13.0,12.649110640673518,12.649110640673518,12.649110640673518,11.40175425099138,11.40175425099138,11.180339887498949,0.0,0.0,0.0,0.0,0.0,0.0,0.0,0.0,0.0,0.0,0.0,-1.837048375945822,-1.8622531212727638,-1.837048375945822,-1.837048375945822,-1.9195673303788037,-1.9195673303788037,-1.9195673303788037,-1.9195673303788037,-1.9974238199217726,-1.965587446494658,-1.965587446494658,-1.9974238199217726,-2.0701430484750265,-2.0701430484750265,-2.0701430484750265,-2.137525544318403,-2.137525544318403,-2.0988707752212563,-2.1995926132103296,-2.158798930342464,-2.0988707752212563,-2.158798930342464,-2.158798930342464,-2.214297435588181,-2.214297435588181,-2.214297435588181,0.0,-2.214297435588181,-2.2655346029916,-2.214297435588181,-2.2264919530364327,-2.1763409903998667,-2.1763409903998667,-2.1763409903998667,-2.0899424410414196,-2.1763409903998667,-2.0899424410414196,-2.1224513093234436,-2.0647376957144776,-2.0647376957144776,-2.0344439357957027,-2.0647376957144776,-2.0988707752212563,-2.0032041023654346,-2.0344439357957027,-1.965587446494658,-1.965587446494658,-1.892546881191539,-1.892546881191539,-1.892546881191539,-1.837048375945822,-1.837048375945822,-1.750649826587375,0.0,0.0,0.0,0.0,0.0
5.079352986998856,tx,1a:00:00:00:00:00,-49,96.60034161449553,64,0.623577113212143,8.400709674563204,0,0,0,0,0,0,0,0,0,0,0,0,10,-1,9,-1,10,-1,10,-1,10,-1,10,-1,10,-2,10,-2,10,-2,11,-2,11,-2,11,-3,11,-3,11,-3,11,-3,11,-5,11,-5,11,-5,11,-5,11,-6,11,-5,11,-6,12,-6,12,-6,12,-6,12,-6,0,0,12,-7,13,-7,12,-7,13,-7,13,-7,13,-7,13,-7,13,-6,13,-6,13,-6,13,-6,13,-5,13,-4,12,-4,12,-5,12,-5,12,-4,11,-4,11,-3,11,-3,11,-3,11,-3,11,-2,11,-1,10,-1,10,0,0,0,0,0,0,0,0,0,0,0,0.0,0.0,0.0,0.0,0.0,0.0,10.04987562112089,9.055385138137417,10.04987562112089,10.04987562112089,10.04987562112089,10.04987562112089,10.198039027185569,10.198039027185569,10.198039027185569,11.180339887498949,11.180339887498949,11.40175425099138,11.40175425099138,11.40175425099138,11.40175425099138,12.083045973594572,12.083045973594572,12.083045973594572,12.083045973594572,12.529964086141668,12.083045973594572,12.529964086141668,13.416407864998739,13.416407864998739,13.416407864998739,13.416407864998739,0.0,13.892443989449804,14.7648230602334,13.892443989449804,14.7648230602334,14.7648230602334,14.7648230602334,14.7648230602334,14.317821063276353,14.317821063276353,14.317821063276353,14.317821063276353,13.92838827718412,13.601470508735444,12.649110640673518,13.0,13.0,12.649110640673518,11.704699910719626,11.40175425099138,11.40175425099138,11.40175425099138,11.40175425099138,11.180339887498949,11.045361017187261,10.04987562112089,10.0,0.0,0.0,0.0,0.0,0.0,0.0,0.0,0.0,0.0,0.0,0.0,-0.09966865249116202,-0.11065722117389565,-0.09966865249116202,-0.09966865249116202,-0.09966865249116202,-0.09966865249116202,-0.19739555984988075,-0.19739555984988075,-0.19739555984988075,-0.17985349979247828,-0.17985349979247828,-0.2662520491509254,-0.2662520491509254,-0.2662520491509254,-0.2662520491509254,-0.4266274931268761,-0.4266274931268761,-0.4266274931268761,-0.4266274931268761,-0.4993467216801301,-0.4266274931268761,-0.4993467216801301,-0.4636476090008061,-0.4636476090008061,-0.4636476090008061,-0.4636476090008061,0.0,-0.5280744484263596,-0.49394136891958124,-0.5280744484263596,-0.49394136891958124,-0.49394136891958124,-0.49394136891958124,-0.49394136891958124,-0.43240777557053783,-0.43240777557053783,-0.43240777557053783,-0.43240777557053783,-0.3671738338182192,-0.2984989315861793,-0.3217505543966422,-0.3947911196997615,-0.3947911196997615,-0.3217505543966422,-0.348771003583907,-0.2662520491509254,-0.2662520491509254,-0.2662520491509254,-0.2662520491509254,-0.17985349979247828,-0.09065988720074511,-0.09966865249116202,0.0,0.0,0.0,0.0,0.0,0.0
5.190480944998853,tx,1a:00:00:00:00:00,-48,96.60034161449553,64,0.62550242213676,8.323103485969757,0,0,0,0,0,0,0,0,0,0,0,0,3,-11,2,-12,1,-12,2,-11,1,-12,2,-12,0,-12,1,-12,0,-13,1,-13,1,-13,0,-13,-1,-14,-1,-12,-1,-12,-1,-14,-2,-14,-1,-14,-2,-13,-4,-14,-3,-14,-3,-14,-3,-15,-3,-15,-4,-15,-4,-15,0,0,-4,-16,-4,-16,-5,-15,-5,-17,-4,-16,-4,-16,-4,-16,-3,-16,-4,-16,-3,-16,-3,-16,-2,-15,-2,-15,-2,-15,-3,-15,-2,-14,-1,-15,-1,-14,-1,-14,-1,-13,0,-13,0,-13,1,-13,1,-12,1,-12,2,-11,0,0,0,0,0,0,0,0,0,0,0.0,0.0,0.0,0.0,0.0,0.0,11.40175425099138,12.165525060596439,12.041594578792296,11.180339887498949,12.041594578792296,12.165525060596439,12.0,12.041594578792296,13.0,13.038404810405298,13.038404810405298,13.0,14.035668847618199,12.041594578792296,12.041594578792296,14.035668847618199,14.142135623730951,14.035668847618199,13.152946437965905,14.560219778561036,14.317821063276353,14.317821063276353,15.297058540778355,15.297058540778355,15.524174696260024,15.524174696260024,0.0,16.492422502470642,16.492422502470642,15.811388300841896,17.72004514666935,16.492422502470642,16.492422502470642,16.492422502470642,16.278820596099706,16.492422502470642,16.278820596099706,16.278820596099706,15.132745950421556,15.132745950421556,15.132745950421556,15.297058540778355,14.142135623730951,15.033296378372908,14.035668847618199,14.035668847618199,13.038404810405298,13.0,13.0,13.038404810405298,12.041594578792296,12.041594578792296,11.180339887498949,0.0,0.0,0.0,0.0,0.0,0.0,0.0,0.0,0.0,0.0,0.0,-1.3045442776439713,-1.4056476493802699,-1.4876550949064553,-1.3909428270024184,-1.4876550949064553,-1.4056476493802699,-1.5707963267948966,-1.4876550949064553,-1.5707963267948966,-1.4940244355251187,-1.4940244355251187,-1.5707963267948966,-1.642103791580187,-1.6539375586833378,-1.6539375586833378,-1.642103791580187,-1.7126933813990606,-1.642103791580187,-1.7234456551901618,-1.849095985800008,-1.7818896600176433,-1.7818896600176433,-1.7681918866447774,-1.7681918866447774,-1.8313987185422376,-1.8313987185422376,0.0,-1.8157749899217608,-1.8157749899217608,-1.892546881191539,-1.856847768512215,-1.8157749899217608,-1.8157749899217608,-1.8157749899217608,-1.7561442767905915,-1.8157749899217608,-1.7561442767905915,-1.7561442767905915,-1.7033478590915707,-1.7033478590915707,-1.7033478590915707,-1.7681918866447774,-1.7126933813990606,-1.6373644905707205,-1.642103791580187,-1.642103791580187,-1.6475682180646747,-1.5707963267948966,-1.5707963267948966,-1.4940244355251187,-1.4876550949064553,-1.4876550949064553,-1.3909428270024184,0.0,0.0,0.0,0.0,0.0
5.300596150998899,tx,1a:00:00:00:00:00,-49,96.60034161449553,64,0.6284680647431684,8.238029294403221,0,0,0,0,0,0,0,0,0,0,0,0,-3,9,-3,10,-3,10,-3,10,-2,10,-2,10,-2,10,-2,10,-2,11,-1,11,-1,11,-1,11,-1,11,0,11,0,12,0,12,0,12,1,12,1,12,1,12,1,13,2,13,2,13,2,13,2,14,2,13,0,0,2,14,2,14,3,14,2,14,2,14,2,13,2,14,1,14,2,14,1,13,0,13,1,13,0,13,0,13,0,12,0,12,0,12,-1,11,-1,11,-1,11,-1,11,-2,11,-2,11,-3,10,-3,10,-3,9,0,0,0,0,0,0,0,0,0,0,0.0,0.0,0.0,0.0,0.0,0.0,9.486832980505138,10.44030650891055,10.44030650891055,10.44030650891055,10.198039027185569,10.198039027185569,10.198039027185569,10.198039027185569,11.180339887498949,11.045361017187261,11.045361017187261,11.045361017187261,11.045361017187261,11.0,12.0,12.0,12.0,12.041594578792296,12.041594578792296,12.041594578792296,13.038404810405298,13.152946437965905,13.152946437965905,13.152946437965905,14.142135623730951,13.152946437965905,0.0,14.142135623730951,14.142135623730951,14.317821063276353,14.142135623730951,14.142135623730951,13.152946437965905,14.142135623730951,14.035668847618199,14.142135623730951,13.038404810405298,13.0,13.038404810405298,13.0,13.0,12.0,12.0,12.0,11.045361017187261,11.045361017187261,11.045361017187261,11.045361017187261,11.180339887498949,11.180339887498949,10.44030650891055,10.44030650891055,9.486832980505138,0.0,0.0,0.0,0.0,0.0,0.0,0.0,0.0,0.0,0.0,0.0,1.892546881191539,1.8622531212727638,1.8622531212727638,1.8622531212727638,1.7681918866447774,1.7681918866447774,1.7681918866447774,1.7681918866447774,1.750649826587375,1.6614562139956417,1.6614562139956417,1.6614562139956417,1.6614562139956417,1.5707963267948966,1.5707963267948966,1.5707963267948966,1.5707963267948966,1.4876550949064553,1.4876550949064553,1.4876550949064553,1.4940244355251187,1.4181469983996315,1.4181469983996315,1.4181469983996315,1.4288992721907328,1.4181469983996315,0.0,1.4288992721907328,1.4288992721907328,1.35970299357215,1.4288992721907328,1.4288992721907328,1.4181469983996315,1.4288992721907328,1.4994888620096063,1.4288992721907328,1.4940244355251187,1.5707963267948966,1.4940244355251187,1.5707963267948966,1.5707963267948966,1.5707963267948966,1.5707963267948966,1.5707963267948966,1.6614562139956417,1.6614562139956417,1.6614562139956417,1.6614562139956417,1.750649826587375,1.750649826587375,1.8622531212727638,1.8622531212727638,1.892546881191539,0.0,0.0,0.0,0.0,0.0
5.400850122998236,tx,1a:00:00:00:00:00,-49,96.60034161449553,64,0.6297386366074493,8.145810653011704,0,0,0,0,0,0,0,0,0,0,0,0,-9,6,-9,7,-9,7,-9,7,-8,7,-8,8,-8,8,-8,8,-8,9,-9,9,-9,9,-8,9,-8,10,-8,10,-8,10,-7,11,-7,11,-7,11,-7,12,-7,12,-7,12,-6,12,-7,12,-7,13,-7,13,-7,13,0,0,-6,14,-7,14,-7,14,-7,14,-7,14,-7,14,-7,14,-8,13,-7,12,-8,13,-7,13,-8,11,-8,11,-8,12,-8,11,-8,11,-8,11,-8,10,-7,10,-8,9,-8,9,-8,9,-8,8,-9,7,-8,7,-9,6,0,0,0,0,0,0,0,0,0,0,0.0,0.0,0.0,0.0,0.0,0.0,10.816653826391969,11.40175425099138,11.40175425099138,11.40175425099138,10.63014581273465,11.313708498984761,11.313708498984761,11.313708498984761,12.041594578792296,12.727922061357855,12.727922061357855,12.041594578792296,12.806248474865697,12.806248474865697,12.806248474865697,13.038404810405298,13.038404810405298,13.038404810405298,13.892443989449804,13.892443989449804,13.892443989449804,13.416407864998739,13.892443989449804,14.7648230602334,14.7648230602334,14.7648230602334,0.0,15.231546211727817,15.652475842498529,15.652475842498529,15.652475842498529,15.652475842498529,15.652475842498529,15.652475842498529,15.264337522473747,13.892443989449804,15.264337522473747,14.7648230602334,13.601470508735444,13.601470508735444,14.422205101855956,13.601470508735444,13.601470508735444,13.601470508735444,12.806248474865697,12.206555615733702,12.041594578792296,12.041594578792296,12.041594578792296,11.313708498984761,11.40175425099138,10.63014581273465,10.816653826391969,0.0,0.0,0.0,0.0,0.0,0.0,0.0,0.0,0.0,0.0,0.0,2.5535900500422257,2.4805494847391065,2.4805494847391065,2.4805494847391065,2.4227626539681686,2.356194490192345,2.356194490192345,2.356194490192345,2.297438667476622,2.356194490192345,2.356194490192345,2.297438667476622,2.2455372690184494,2.2455372690184494,2.2455372690184494,2.137525544318403,2.137525544318403,2.137525544318403,2.0988707752212563,2.0988707752212563,2.0988707752212563,2.0344439357957027,2.0988707752212563,2.0647376957144776,2.0647376957144776,2.0647376957144776,0.0,1.97568811307998,2.0344439357957027,2.0344439357957027,2.0344439357957027,2.0344439357957027,2.0344439357957027,2.0344439357957027,2.1224513093234436,2.0988707752212563,2.1224513093234436,2.0647376957144776,2.1995926132103296,2.1995926132103296,2.158798930342464,2.1995926132103296,2.1995926132103296,2.1995926132103296,2.2455372690184494,2.1815222911841055,2.297438667476622,2.297438667476622,2.297438667476622,2.356194490192345,2.4805494847391065,2.4227626539681686,2.5535900500422257,0.0,0.0,0.0,0.0,0.0
5.504487293997954,tx,1a:00:00:00:00:00,-49,96.60034161449553,64,0.6302417272887277,8.046814868197092,0,0,0,0,0,0,0,0,0,0,0,0,-10,6,-9,7,-10,6,-9,7,-10,7,-9,8,-9,8,-10,7,-9,8,-9,8,-8,9,-9,9,-8,10,-8,11,-9,10,-8,11,-8,10,-8,11,-6,11,-7,11,-7,12,-8,13,-6,11,-7,12,-7,13,-8,14,0,0,-8,14,-7,14,-7,14,-7,14,-7,13,-8,14,-8,14,-8,13,-9,13,-8,13,-8,13,-8,12,-9,12,-8,12,-8,12,-8,11,-8,11,-8,10,-8,9,-8,9,-8,10,-9,10,-9,8,-9,8,-8,9,-10,6,0,0,0,0,0,0,0,0,0,0,0.0,0.0,0.0,0.0,0.0,0.0,11.661903789690601,11.40175425099138,11.661903789690601,11.40175425099138,12.206555615733702,12.041594578792296,12.041594578792296,12.206555615733702,12.041594578792296,12.041594578792296,12.041594578792296,12.727922061357855,12.806248474865697,13.601470508735444,13.45362404707371,13.601470508735444,12.806248474865697,13.601470508735444,12.529964086141668,13.038404810405298,13.892443989449804,15.264337522473747,12.529964086141668,13.892443989449804,14.7648230602334,16.1245154965971,0.0,16.1245154965971,15.652475842498529,15.652475842498529,15.652475842498529,14.7648230602334,16.1245154965971,16.1245154965971,15.264337522473747,15.811388300841896,15.264337522473747,15.264337522473747,14.422205101855956,15.0,14.422205101855956,14.422205101855956,13.601470508735444,13.601470508735444,12.806248474865697,12.041594578792296,12.041594578792296,12.806248474865697,13.45362404707371,12.041594578792296,12.041594578792296,12.041594578792296,11.661903789690601,0.0,0.0,0.0,0.0,0.0,0.0,0.0,0.0,0.0,0.0,0.0,2.601173153319209,2.4805494847391065,2.601173153319209,2.4805494847391065,2.5308666892005847,2.4149503129080676,2.4149503129080676,2.5308666892005847,2.4149503129080676,2.4149503129080676,2.297438667476622,2.356194490192345,2.2455372690184494,2.1995926132103296,2.3036114285814033,2.1995926132103296,2.2455372690184494,2.1995926132103296,2.0701430484750265,2.137525544318403,2.0988707752212563,2.1224513093234436,2.0701430484750265,2.0988707752212563,2.0647376957144776,2.0899424410414196,0.0,2.0899424410414196,2.0344439357957027,2.0344439357957027,2.0344439357957027,2.0647376957144776,2.0899424410414196,2.0899424410414196,2.1224513093234436,2.1763409903998667,2.1224513093234436,2.1224513093234436,2.158798930342464,2.214297435588181,2.158798930342464,2.158798930342464,2.1995926132103296,2.1995926132103296,2.2455372690184494,2.297438667476622,2.297438667476622,2.2455372690184494,2.3036114285814033,2.4149503129080676,2.4149503129080676,2.297438667476622,2.601173153319209,0.0,0.0,0.0,0.0,0.0
5.610558107997349,tx,1a:00:00:00:00:00,-49,96.60034161449553,64,0.6300079890284094,7.941479529297306,0,0,0,0,0,0,0,0,0,0,0,0,-10,2,-10,2,-11,2,-10,2,-11,2,-10,2,-11,3,-10,3,-11,4,-11,3,-11,3,-11,4,-11,4,-11,4,-11,5,-11,6,-10,6,-11,6,-11,6,-11,7,-11,7,-11,8,-12,7,-12,7,-12,8,-12,7,0,0,-12,8,-12,9,-11,8,-12,9,-12,8,-12,8,-12,8,-13,8,-12,8,-13,7,-13,7,-13,6,-12,6,-12,6,-12,7,-11,6,-13,6,-11,5,-11,5,-11,4,-11,4,-11,4,-11,3,-11,2,-11,2,-10,1,0,0,0,0,0,0,0,0,0,0,0.0,0.0,0.0,0.0,0.0,0.0,10.198039027185569,10.198039027185569,11.180339887498949,10.198039027185569,11.180339887498949,10.198039027185569,11.40175425099138,10.44030650891055,11.704699910719626,11.40175425099138,11.40175425099138,11.704699910719626,11.704699910719626,11.704699910719626,12.083045973594572,12.529964086141668,11.661903789690601,12.529964086141668,12.529964086141668,13.038404810405298,13.038404810405298,13.601470508735444,13.892443989449804,13.892443989449804,14.422205101855956,13.892443989449804,0.0,14.422205101855956,15.0,13.601470508735444,15.0,14.422205101855956,14.422205101855956,14.422205101855956,15.264337522473747,14.422205101855956,14.7648230602334,14.7648230602334,14.317821063276353,13.416407864998739,13.416407864998739,13.892443989449804,12.529964086141668,14.317821063276353,12.083045973594572,12.083045973594572,11.704699910719626,11.704699910719626,11.704699910719626,11.40175425099138,11.180339887498949,11.180339887498949,10.04987562112089,0.0,0.0,0.0,0.0,0.0,0.0,0.0,0.0,0.0,0.0,0.0,2.9441970937399127,2.9441970937399127,2.961739153797315,2.9441970937399127,2.961739153797315,2.9441970937399127,2.875340604438868,2.8501358591119264,2.7928216500058864,2.875340604438868,2.875340604438868,2.7928216500058864,2.7928216500058864,2.7928216500058864,2.714965160462917,2.642245931909663,2.601173153319209,2.642245931909663,2.642245931909663,2.5748634360662868,2.5748634360662868,2.5127963671743605,2.6135182051634334,2.6135182051634334,2.5535900500422257,2.6135182051634334,0.0,2.5535900500422257,2.498091544796509,2.5127963671743605,2.498091544796509,2.5535900500422257,2.5535900500422257,2.5535900500422257,2.5899376710612465,2.5535900500422257,2.647651284670212,2.647651284670212,2.7091848780192556,2.677945044588987,2.677945044588987,2.6135182051634334,2.642245931909663,2.7091848780192556,2.714965160462917,2.714965160462917,2.7928216500058864,2.7928216500058864,2.7928216500058864,2.875340604438868,2.961739153797315,2.961739153797315,3.0419240010986313,0.0,0.0,0.0,0.0,0.0
5.710583585998393,tx,1a:00:00:00:00:00,-48,98.71006642434007,64,0.6321526097988294,7.830306069722456,0,0,0,0,0,0,0,0,0,0,0,0,9,2,9,2,10,2,9,2,10,2,9,1,10,1,10,1,10,0,11,1,11,1,11,0,11,0,11,0,11,-1,12,-2,11,-2,12,-2,11,-2,12,-2,12,-2,13,-3,13,-2,13,-3,13,-3,13,-3,0,0,13,-3,14,-4,13,-4,15,-4,13,-3,14,-3,14,-3,14,-2,14,-3,14,-2,14,-2,13,-1,13,-1,12,-1,13,-2,12,-1,13,-1,11,-1,11,-1,11,0,11,0,11,0,11,1,10,1,10,2,9,2,0,0,0,0,0,0,0,0,0,0,0.0,0.0,0.0,0.0,0.0,0.0,9.219544457292887,9.219544457292887,10.198039027185569,9.219544457292887,10.198039027185569,9.055385138137417,10.04987562112089,10.04987562112089,10.0,11.045361017187261,11.045361017187261,11.0,11.0,11.0,11.045361017187261,12.165525060596439,11.180339887498949,12.165525060596439,11.180339887498949,12.165525060596439,12.165525060596439,13.341664064126334,13.152946437965905,13.341664064126334,13.341664064126334,13.341664064126334,0.0,13.341664064126334,14.560219778561036,13.601470508735444,15.524174696260024,13.341664064126334,14.317821063276353,14.317821063276353,14.142135623730951,14.317821063276353,14.142135623730951,14.142135623730951,13.038404810405298,13.038404810405298,12.041594578792296,13.152946437965905,12.041594578792296,13.038404810405298,11.045361017187261,11.045361017187261,11.0,11.0,11.0,11.045361017187261,10.04987562112089,10.198039027185569,9.219544457292887,0.0,0.0,0.0,0.0,0.0,0.0,0.0,0.0,0.0,0.0,0.0,0.21866894587394195,0.21866894587394195,0.19739555984988075,0.21866894587394195,0.19739555984988075,0.11065722117389565,0.09966865249116202,0.09966865249116202,0.0,0.09065988720074511,0.09065988720074511,0.0,0.0,0.0,-0.09065988720074511,-0.16514867741462683,-0.17985349979247828,-0.16514867741462683,-0.17985349979247828,-0.16514867741462683,-0.16514867741462683,-0.22679884805388587,-0.15264932839526515,-0.22679884805388587,-0.22679884805388587,-0.22679884805388587,0.0,-0.22679884805388587,-0.27829965900511133,-0.2984989315861793,-0.260602391747341,-0.22679884805388587,-0.21109333322274654,-0.21109333322274654,-0.14189705460416394,-0.21109333322274654,-0.14189705460416394,-0.14189705460416394,-0.07677189126977804,-0.07677189126977804,-0.08314123188844123,-0.15264932839526515,-0.08314123188844123,-0.07677189126977804,-0.09065988720074511,-0.09065988720074511,0.0,0.0,0.0,0.09065988720074511,0.09966865249116202,0.19739555984988075,0.21866894587394195,0.0,0.0,0.0,0.0,0.0
5.813694957003463,tx,1a:00:00:00:00:00,-48,98.71006642434007,64,0.6332751164252206,7.713719554390455,0,0,0,0,0,0,0,0,0,0,0,0,1,10,1,11,2,10,2,11,2,11,2,11,2,11,3,11,3,11,3,11,4,11,4,11,4,11,5,11,5,12,5,11,6,12,6,11,7,12,7,12,7,12,7,12,7,11,8,12,8,12,9,12,0,0,9,13,8,12,9,13,8,12,8,13,8,13,8,13,8,13,7,13,7,13,7,13,7,13,6,13,6,13,5,12,6,13,5,12,5,12,4,12,4,11,4,12,3,12,3,11,2,11,2,11,1,11,0,0,0,0,0,0,0,0,0,0,0.0,0.0,0.0,0.0,0.0,0.0,10.04987562112089,11.045361017187261,10.198039027185569,11.180339887498949,11.180339887498949,11.180339887498949,11.180339887498949,11.40175425099138,11.40175425099138,11.40175425099138,11.704699910719626,11.704699910719626,11.704699910719626,12.083045973594572,13.0,12.083045973594572,13.416407864998739,12.529964086141668,13.892443989449804,13.892443989449804,13.892443989449804,13.892443989449804,13.038404810405298,14.422205101855956,14.422205101855956,15.0,0.0,15.811388300841896,14.422205101855956,15.811388300841896,14.422205101855956,15.264337522473747,15.264337522473747,15.264337522473747,15.264337522473747,14.7648230602334,14.7648230602334,14.7648230602334,14.7648230602334,14.317821063276353,14.317821063276353,13.0,14.317821063276353,13.0,13.0,12.649110640673518,11.704699910719626,12.649110640673518,12.36931687685298,11.40175425099138,11.180339887498949,11.180339887498949,11.045361017187261,0.0,0.0,0.0,0.0,0.0,0.0,0.0,0.0,0.0,0.0,0.0,1.4711276743037347,1.4801364395941514,1.373400766945016,1.3909428270024184,1.3909428270024184,1.3909428270024184,1.3909428270024184,1.3045442776439713,1.3045442776439713,1.3045442776439713,1.2220253232109897,1.2220253232109897,1.2220253232109897,1.1441688336680205,1.176005207095135,1.1441688336680205,1.1071487177940904,1.0714496051147666,1.042721878368537,1.042721878368537,1.042721878368537,1.042721878368537,1.0040671092713902,0.982793723247329,0.982793723247329,0.9272952180016122,0.0,0.9652516631899266,0.982793723247329,0.9652516631899266,0.982793723247329,1.0191413442663497,1.0191413442663497,1.0191413442663497,1.0191413442663497,1.0768549578753155,1.0768549578753155,1.0768549578753155,1.0768549578753155,1.1383885512243588,1.1383885512243588,1.176005207095135,1.1383885512243588,1.176005207095135,1.176005207095135,1.2490457723982544,1.2220253232109897,1.2490457723982544,1.3258176636680326,1.3045442776439713,1.3909428270024184,1.3909428270024184,1.4801364395941514,0.0,0.0,0.0,0.0,0.0
5.9193253420016845,tx,1a:00:00:00:00:00,-48,98.71006642434007,64,0.6350395197262615,7.592163058355616,0,0,0,0,0,0,0,0,0,0,0,0,-6,9,-5,9,-5,9,-5,9,-5,9,-5,9,-4,9,-5,10,-5,10,-4,11,-4,10,-4,11,-4,11,-3,11,-4,11,-3,12,-2,12,-3,12,-2,12,-2,12,-2,13,-2,13,-2,13,-1,13,-2,14,-2,13,0,0,-2,14,-1,15,-1,14,-1,15,-2,14,-2,15,-2,15,-3,14,-2,14,-3,15,-3,14,-3,13,-3,13,-3,12,-3,13,-3,12,-4,13,-4,11,-4,11,-4,11,-4,11,-4,11,-5,10,-5,9,-6,9,-6,8,0,0,0,0,0,0,0,0,0,0,0.0,0.0,0.0,0.0,0.0,0.0,10.816653826391969,10.295630140987,10.295630140987,10.295630140987,10.295630140987,10.295630140987,9.848857801796104,11.180339887498949,11.180339887498949,11.704699910719626,10.770329614269007,11.704699910719626,11.704699910719626,11.40175425099138,11.704699910719626,12.36931687685298,12.165525060596439,12.36931687685298,12.165525060596439,12.165525060596439,13.152946437965905,13.152946437965905,13.152946437965905,13.038404810405298,14.142135623730951,13.152946437965905,0.0,14.142135623730951,15.033296378372908,14.035668847618199,15.033296378372908,14.142135623730951,15.132745950421556,15.132745950421556,14.317821063276353,14.142135623730951,15.297058540778355,14.317821063276353,13.341664064126334,13.341664064126334,12.36931687685298,13.341664064126334,12.36931687685298,13.601470508735444,11.704699910719626,11.704699910719626,11.704699910719626,11.704699910719626,11.704699910719626,11.180339887498949,10.295630140987,10.816653826391969,10.0,0.0,0.0,0.0,0.0,0.0,0.0,0.0,0.0,0.0,0.0,0.0,2.158798930342464,2.0778948311872334,2.0778948311872334,2.0778948311872334,2.0778948311872334,2.0778948311872334,1.9890206563741257,2.0344439357957027,2.0344439357957027,1.9195673303788037,1.9513027039072615,1.9195673303788037,1.9195673303788037,1.837048375945822,1.9195673303788037,1.8157749899217608,1.7359450042095235,1.8157749899217608,1.7359450042095235,1.7359450042095235,1.7234456551901618,1.7234456551901618,1.7234456551901618,1.6475682180646747,1.7126933813990606,1.7234456551901618,0.0,1.7126933813990606,1.6373644905707205,1.642103791580187,1.6373644905707205,1.7126933813990606,1.7033478590915707,1.7033478590915707,1.7818896600176433,1.7126933813990606,1.7681918866447774,1.7818896600176433,1.7975951748487824,1.7975951748487824,1.8157749899217608,1.7975951748487824,1.8157749899217608,1.8692952583810758,1.9195673303788037,1.9195673303788037,1.9195673303788037,1.9195673303788037,1.9195673303788037,2.0344439357957027,2.0778948311872334,2.158798930342464,2.214297435588181,0.0,0.0,0.0,0.0,0.0
6.0298682270004065,tx,1a:00:00:00:00:00,-48,98.71006642434007,64,0.6362492462211027,7.465986666145874,0,0,0,0,0,0,0,0,0,0,0,0,2,-10,2,-11,1,-11,2,-11,1,-11,1,-12,1,-12,0,-12,1,-12,0,-12,0,-12,0,-13,-1,-13,-1,-13,-1,-14,-1,-13,-2,-14,-2,-13,-2,-14,-3,-14,-3,-14,-3,-14,-3,-14,-3,-15,-3,-15,-4,-15,0,0,-4,-16,-3,-15,-4,-16,-4,-15,-3,-16,-3,-16,-3,-16,-3,-16,-3,-15,-2,-15,-2,-15,-1,-15,-1,-15,-1,-15,-1,-14,-1,-14,-1,-13,0,-13,0,-13,0,-12,0,-12,1,-12,1,-12,2,-11,2,-11,2,-11,0,0,0,0,0,0,0,0,0,0,0.0,0.0,0.0,0.0,0.0,0.0,10.198039027185569,11.180339887498949,11.045361017187261,11.180339887498949,11.045361017187261,12.041594578792296,12.041594578792296,12.0,12.041594578792296,12.0,12.0,13.0,13.038404810405298,13.038404810405298,14.035668847618199,13.038404810405298,14.142135623730951,13.152946437965905,14.142135623730951,14.317821063276353,14.317821063276353,14.317821063276353,14.317821063276353,15.297058540778355,15.297058540778355,15.524174696260024,0.0,16.492422502470642,15.297058540778355,16.492422502470642,15.524174696260024,16.278820596099706,16.278820596099706,16.278820596099706,16.278820596099706,15.297058540778355,15.132745950421556,15.132745950421556,15.033296378372908,15.033296378372908,15.033296378372908,14.035668847618199,14.035668847618199,13.038404810405298,13.0,13.0,12.0,12.0,12.041594578792296,12.041594578792296,11.180339887498949,11.180339887498949,11.180339887498949,0.0,0.0,0.0,0.0,0.0,0.0,0.0,0.0,0.0,0.0,0.0,-1.373400766945016,-1.3909428270024184,-1.4801364395941514,-1.3909428270024184,-1.4801364395941514,-1.4876550949064553,-1.4876550949064553,-1.5707963267948966,-1.4876550949064553,-1.5707963267948966,-1.5707963267948966,-1.5707963267948966,-1.6475682180646747,-1.6475682180646747,-1.642103791580187,-1.6475682180646747,-1.7126933813990606,-1.7234456551901618,-1.7126933813990606,-1.7818896600176433,-1.7818896600176433,-1.7818896600176433,-1.7818896600176433,-1.7681918866447774,-1.7681918866447774,-1.8313987185422376,0.0,-1.8157749899217608,-1.7681918866447774,-1.8157749899217608,-1.8313987185422376,-1.7561442767905915,-1.7561442767905915,-1.7561442767905915,-1.7561442767905915,-1.7681918866447774,-1.7033478590915707,-1.7033478590915707,-1.6373644905707205,-1.6373644905707205,-1.6373644905707205,-1.642103791580187,-1.642103791580187,-1.6475682180646747,-1.5707963267948966,-1.5707963267948966,-1.5707963267948966,-1.5707963267948966,-1.4876550949064553,-1.4876550949064553,-1.3909428270024184,-1.3909428270024184,-1.3909428270024184,0.0,0.0,0.0,0.0,0.0
6.139328752004076,tx,1a:00:00:00:00:00,-48,98.71006642434007,64,0.6368893995035908,7.335521829034032,0,0,0,0,0,0,0,0,0,0,0,0,10,2,10,3,10,2,11,2,11,2,11,2,11,1,11,1,11,1,12,1,12,0,12,0,12,0,12,-1,12,-1,13,-1,13,-2,13,-2,13,-2,13,-2,13,-3,13,-3,13,-3,14,-4,14,-4,14,-4,0,0,15,-4,15,-4,15,-4,15,-4,15,-4,15,-4,15,-4,15,-3,15,-3,15,-3,15,-3,14,-2,14,-2,14,-2,13,-2,13,-2,13,-1,13,-1,12,-1,12,-1,12,0,12,0,11,0,11,1,11,1,10,2,0,0,0,0,0,0,0,0,0,0,0.0,0.0,0.0,0.0,0.0,0.0,10.198039027185569,10.44030650891055,10.198039027185569,11.180339887498949,11.180339887498949,11.180339887498949,11.045361017187261,11.045361017187261,11.045361017187261,12.041594578792296,12.0,12.0,12.0,12.041594578792296,12.041594578792296,13.038404810405298,13.152946437965905,13.152946437965905,13.152946437965905,13.152946437965905,13.341664064126334,13.341664064126334,13.341664064126334,14.560219778561036,14.560219778561036,14.560219778561036,0.0,15.524174696260024,15.524174696260024,15.524174696260024,15.524174696260024,15.524174696260024,15.524174696260024,15.524174696260024,15.297058540778355,15.297058540778355,15.297058540778355,15.297058540778355,14.142135623730951,14.142135623730951,14.142135623730951,13.152946437965905,13.152946437965905,13.038404810405298,13.038404810405298,12.041594578792296,12.041594578792296,12.0,12.0,11.0,11.045361017187261,11.045361017187261,10.198039027185569,0.0,0.0,0.0,0.0,0.0,0.0,0.0,0.0,0.0,0.0,0.0,0.19739555984988075,0.2914567944778671,0.19739555984988075,0.17985349979247828,0.17985349979247828,0.17985349979247828,0.09065988720074511,0.09065988720074511,0.09065988720074511,0.08314123188844123,0.0,0.0,0.0,-0.08314123188844123,-0.08314123188844123,-0.07677189126977804,-0.15264932839526515,-0.15264932839526515,-0.15264932839526515,-0.15264932839526515,-0.22679884805388587,-0.22679884805388587,-0.22679884805388587,-0.27829965900511133,-0.27829965900511133,-0.27829965900511133,0.0,-0.260602391747341,-0.260602391747341,-0.260602391747341,-0.260602391747341,-0.260602391747341,-0.260602391747341,-0.260602391747341,-0.19739555984988075,-0.19739555984988075,-0.19739555984988075,-0.19739555984988075,-0.14189705460416394,-0.14189705460416394,-0.14189705460416394,-0.15264932839526515,-0.15264932839526515,-0.07677189126977804,-0.07677189126977804,-0.08314123188844123,-0.08314123188844123,0.0,0.0,0.0,0.09065988720074511,0.09065988720074511,0.19739555984988075,0.0,0.0,0.0,0.0,0.0
6.250054686002841,tx,1a:00:00:00:00:00,-49,98.71006642434007,64,0.6386626789872303,7.201099383481802,0,0,0,0,0,0,0,0,0,0,0,0,-8,-8,-9,-9,-9,-8,-9,-9,-9,-8,-10,-9,-9,-8,-10,-8,-10,-8,-10,-8,-11,-8,-11,-7,-11,-7,-11,-7,-12,-7,-12,-7,-13,-7,-12,-6,-13,-7,-13,-6,-13,-6,-14,-6,-14,-6,-14,-6,-15,-6,-15,-6,0,0,-15,-6,-15,-6,-16,-7,-15,-6,-16,-7,-16,-7,-15,-7,-15,-7,-15,-7,-14,-7,-14,-8,-13,-8,-13,-8,-13,-8,-12,-8,-13,-8,-12,-8,-12,-8,-11,-8,-10,-8,-10,-8,-10,-8,-9,-8,-9,-9,-8,-9,-7,-9,0,0,0,0,0,0,0,0,0,0,0.0,0.0,0.0,0.0,0.0,0.0,11.313708498984761,12.727922061357855,12.041594578792296,12.727922061357855,12.041594578792296,13.45362404707371,12.041594578792296,12.806248474865697,12.806248474865697,12.806248474865697,13.601470508735444,13.038404810405298,13.038404810405298,13.038404810405298,13.892443989449804,13.892443989449804,14.7648230602334,13.416407864998739,14.7648230602334,14.317821063276353,14.317821063276353,15.231546211727817,15.231546211727817,15.231546211727817,16.15549442140351,16.15549442140351,0.0,16.15549442140351,16.15549442140351,17.46424919657298,16.15549442140351,17.46424919657298,17.46424919657298,16.55294535724685,16.55294535724685,16.55294535724685,15.652475842498529,16.1245154965971,15.264337522473747,15.264337522473747,15.264337522473747,14.422205101855956,15.264337522473747,14.422205101855956,14.422205101855956,13.601470508735444,12.806248474865697,12.806248474865697,12.806248474865697,12.041594578792296,12.727922061357855,12.041594578792296,11.40175425099138,0.0,0.0,0.0,0.0,0.0,0.0,0.0,0.0,0.0,0.0,0.0,-2.356194490192345,-2.356194490192345,-2.4149503129080676,-2.356194490192345,-2.4149503129080676,-2.408777551803287,-2.4149503129080676,-2.4668517113662407,-2.4668517113662407,-2.4668517113662407,-2.5127963671743605,-2.5748634360662868,-2.5748634360662868,-2.5748634360662868,-2.6135182051634334,-2.6135182051634334,-2.647651284670212,-2.677945044588987,-2.647651284670212,-2.7091848780192556,-2.7091848780192556,-2.7367008673047097,-2.7367008673047097,-2.7367008673047097,-2.761086276477428,-2.761086276477428,0.0,-2.761086276477428,-2.761086276477428,-2.729182211992406,-2.761086276477428,-2.729182211992406,-2.729182211992406,-2.704965493776252,-2.704965493776252,-2.704965493776252,-2.677945044588987,-2.62244653934327,-2.5899376710612465,-2.5899376710612465,-2.5899376710612465,-2.5535900500422257,-2.5899376710612465,-2.5535900500422257,-2.5535900500422257,-2.5127963671743605,-2.4668517113662407,-2.4668517113662407,-2.4668517113662407,-2.4149503129080676,-2.356194490192345,-2.297438667476622,-2.2318394956455836,0.0,0.0,0.0,0.0,0.0
6.351286925004388,tx,1a:00:00:00:00:00,-48,98.71006642434007,64,0.6395846487018583,7.063230767836428,0,0,0,0,0,0,0,0,0,0,0,0,-2,-10,-2,-11,-2,-11,-2,-11,-2,-11,-3,-11,-3,-11,-3,-11,-3,-11,-3,-11,-4,-11,-4,-11,-5,-11,-5,-11,-5,-12,-5,-11,-6,-12,-6,-11,-6,-12,-6,-12,-6,-12,-6,-12,-7,-12,-8,-12,-8,-12,-8,-12,0,0,-8,-13,-8,-13,-8,-13,-8,-12,-8,-13,-8,-13,-7,-14,-7,-13,-7,-13,-7,-13,-7,-13,-6,-13,-6,-13,-6,-13,-5,-12,-5,-12,-5,-12,-5,-12,-4,-12,-4,-11,-4,-11,-3,-11,-3,-11,-3,-11,-2,-11,-2,-10,0,0,0,0,0,0,0,0,0,0,0.0,0.0,0.0,0.0,0.0,0.0,10.198039027185569,11.180339887498949,11.180339887498949,11.180339887498949,11.180339887498949,11.40175425099138,11.40175425099138,11.40175425099138,11.40175425099138,11.40175425099138,11.704699910719626,11.704699910719626,12.083045973594572,12.083045973594572,13.0,12.083045973594572,13.416407864998739,12.529964086141668,13.416407864998739,13.416407864998739,13.416407864998739,13.416407864998739,13.892443989449804,14.422205101855956,14.422205101855956,14.422205101855956,0.0,15.264337522473747,15.264337522473747,15.264337522473747,14.422205101855956,15.264337522473747,15.264337522473747,15.652475842498529,14.7648230602334,14.7648230602334,14.7648230602334,14.7648230602334,14.317821063276353,14.317821063276353,14.317821063276353,13.0,13.0,13.0,13.0,12.649110640673518,11.704699910719626,11.704699910719626,11.40175425099138,11.40175425099138,11.40175425099138,11.180339887498949,10.198039027185569,0.0,0.0,0.0,0.0,0.0,0.0,0.0,0.0,0.0,0.0,0.0,-1.7681918866447774,-1.750649826587375,-1.750649826587375,-1.750649826587375,-1.750649826587375,-1.837048375945822,-1.837048375945822,-1.837048375945822,-1.837048375945822,-1.837048375945822,-1.9195673303788037,-1.9195673303788037,-1.9974238199217726,-1.9974238199217726,-1.965587446494658,-1.9974238199217726,-2.0344439357957027,-2.0701430484750265,-2.0344439357957027,-2.0344439357957027,-2.0344439357957027,-2.0344439357957027,-2.0988707752212563,-2.158798930342464,-2.158798930342464,-2.158798930342464,0.0,-2.1224513093234436,-2.1224513093234436,-2.1224513093234436,-2.158798930342464,-2.1224513093234436,-2.1224513093234436,-2.0344439357957027,-2.0647376957144776,-2.0647376957144776,-2.0647376957144776,-2.0647376957144776,-2.0032041023654346,-2.0032041023654346,-2.0032041023654346,-1.965587446494658,-1.965587446494658,-1.965587446494658,-1.965587446494658,-1.892546881191539,-1.9195673303788037,-1.9195673303788037,-1.837048375945822,-1.837048375945822,-1.837048375945822,-1.750649826587375,-1.7681918866447774,0.0,0.0,0.0,0.0,0.0
6.4601375610000105,tx,1a:00:00:00:00:00,-48,98.71006642434007,64,0.641097239320793,6.922402200848101,0,0,0,0,0,0,0,0,0,0,0,0,-1,-12,-1,-11,-2,-12,-1,-12,-2,-12,-2,-11,-2,-12,-2,-12,-3,-12,-3,-13,-3,-13,-4,-13,-4,-13,-4,-13,-4,-13,-6,-13,-5,-12,-6,-14,-6,-13,-7,-13,-6,-14,-7,-14,-7,-14,-7,-14,-8,-14,-8,-14,0,0,-7,-14,-8,-15,-8,-14,-8,-15,-8,-14,-8,-15,-8,-15,-7,-15,-7,-15,-7,-16,-6,-14,-6,-14,-6,-14,-5,-14,-6,-14,-5,-13,-5,-14,-5,-13,-4,-13,-3,-13,-3,-13,-3,-13,-2,-12,-2,-12,-2,-12,-1,-11,0,0,0,0,0,0,0,0,0,0,0.0,0.0,0.0,0.0,0.0,0.0,12.041594578792296,11.045361017187261,12.165525060596439,12.041594578792296,12.165525060596439,11.180339887498949,12.165525060596439,12.165525060596439,12.36931687685298,13.341664064126334,13.341664064126334,13.601470508735444,13.601470508735444,13.601470508735444,13.601470508735444,14.317821063276353,13.0,15.231546211727817,14.317821063276353,14.7648230602334,15.231546211727817,15.652475842498529,15.652475842498529,15.652475842498529,16.1245154965971,16.1245154965971,0.0,15.652475842498529,17.0,16.1245154965971,17.0,16.1245154965971,17.0,17.0,16.55294535724685,16.55294535724685,17.46424919657298,15.231546211727817,15.231546211727817,15.231546211727817,14.866068747318506,15.231546211727817,13.92838827718412,14.866068747318506,13.92838827718412,13.601470508735444,13.341664064126334,13.341664064126334,13.341664064126334,12.165525060596439,12.165525060596439,12.165525060596439,11.045361017187261,0.0,0.0,0.0,0.0,0.0,0.0,0.0,0.0,0.0,0.0,0.0,-1.6539375586833378,-1.6614562139956417,-1.7359450042095235,-1.6539375586833378,-1.7359450042095235,-1.750649826587375,-1.7359450042095235,-1.7359450042095235,-1.8157749899217608,-1.7975951748487824,-1.7975951748487824,-1.8692952583810758,-1.8692952583810758,-1.8692952583810758,-1.8692952583810758,-2.0032041023654346,-1.965587446494658,-1.97568811307998,-2.0032041023654346,-2.0647376957144776,-1.97568811307998,-2.0344439357957027,-2.0344439357957027,-2.0344439357957027,-2.0899424410414196,-2.0899424410414196,0.0,-2.0344439357957027,-2.060753653048625,-2.0899424410414196,-2.060753653048625,-2.0899424410414196,-2.060753653048625,-2.060753653048625,-2.007423486608438,-2.007423486608438,-1.9832067683922838,-1.97568811307998,-1.97568811307998,-1.97568811307998,-1.9138202672156,-1.97568811307998,-1.9379701606131159,-1.9138202672156,-1.9379701606131159,-1.8692952583810758,-1.7975951748487824,-1.7975951748487824,-1.7975951748487824,-1.7359450042095235,-1.7359450042095235,-1.7359450042095235,-1.6614562139956417,0.0,0.0,0.0,0.0,0.0
6.570288087001245,tx,1a:00:00:00:00:00,-48,98.71006642434007,64,0.6440629245497016,6.779264922851751,0,0,0,0,0,0,0,0,0,0,0,0,2,-12,2,-11,2,-12,2,-12,1,-13,1,-12,1,-13,1,-12,0,-13,0,-13,0,-13,0,-13,-1,-14,-1,-14,-1,-13,-2,-14,-3,-14,-3,-15,-3,-14,-3,-15,-3,-15,-4,-15,-4,-16,-4,-15,-4,-16,-4,-15,0,0,-4,-16,-5,-17,-5,-16,-5,-17,-4,-16,-4,-17,-4,-17,-4,-17,-4,-16,-3,-17,-3,-16,-3,-16,-3,-15,-2,-15,-3,-15,-2,-14,-2,-15,-2,-13,-1,-14,-1,-13,0,-13,-1,-13,0,-13,0,-12,1,-12,1,-11,0,0,0,0,0,0,0,0,0,0,0.0,0.0,0.0,0.0,0.0,0.0,12.165525060596439,11.180339887498949,12.165525060596439,12.165525060596439,13.038404810405298,12.041594578792296,13.038404810405298,12.041594578792296,13.0,13.0,13.0,13.0,14.035668847618199,14.035668847618199,13.038404810405298,14.142135623730951,14.317821063276353,15.297058540778355,14.317821063276353,15.297058540778355,15.297058540778355,15.524174696260024,16.492422502470642,15.524174696260024,16.492422502470642,15.524174696260024,0.0,16.492422502470642,17.72004514666935,16.76305461424021,17.72004514666935,16.492422502470642,17.46424919657298,17.46424919657298,17.46424919657298,16.492422502470642,17.26267650163207,16.278820596099706,16.278820596099706,15.297058540778355,15.132745950421556,15.297058540778355,14.142135623730951,15.132745950421556,13.152946437965905,14.035668847618199,13.038404810405298,13.0,13.038404810405298,13.0,12.0,12.041594578792296,11.045361017187261,0.0,0.0,0.0,0.0,0.0,0.0,0.0,0.0,0.0,0.0,0.0,-1.4056476493802699,-1.3909428270024184,-1.4056476493802699,-1.4056476493802699,-1.4940244355251187,-1.4876550949064553,-1.4940244355251187,-1.4876550949064553,-1.5707963267948966,-1.5707963267948966,-1.5707963267948966,-1.5707963267948966,-1.642103791580187,-1.642103791580187,-1.6475682180646747,-1.7126933813990606,-1.7818896600176433,-1.7681918866447774,-1.7818896600176433,-1.7681918866447774,-1.7681918866447774,-1.8313987185422376,-1.8157749899217608,-1.8313987185422376,-1.8157749899217608,-1.8313987185422376,0.0,-1.8157749899217608,-1.856847768512215,-1.873681195169868,-1.856847768512215,-1.8157749899217608,-1.8018869939907938,-1.8018869939907938,-1.8018869939907938,-1.8157749899217608,-1.7454685258031364,-1.7561442767905915,-1.7561442767905915,-1.7681918866447774,-1.7033478590915707,-1.7681918866447774,-1.7126933813990606,-1.7033478590915707,-1.7234456551901618,-1.642103791580187,-1.6475682180646747,-1.5707963267948966,-1.6475682180646747,-1.5707963267948966,-1.5707963267948966,-1.4876550949064553,-1.4801364395941514,0.0,0.0,0.0,0.0,0.0
6.67918411300343,tx,1a:00:00:00:00:00,-48,98.71006642434007,64,0.6454613066872019,6.634753449205805,0,0,0,0,0,0,0,0,0,0,0,0,-3,10,-3,10,-3,10,-3,10,-3,10,-3,10,-2,11,-2,11,-2,11,-2,11,-1,11,-1,12,-1,12,-1,12,0,12,1,12,1,12,1,12,1,12,1,13,1,13,2,13,2,13,2,14,2,14,2,14,0,0,2,14,3,15,3,14,3,15,2,14,2,15,2,15,2,15,2,14,1,14,1,14,1,14,1,14,0,13,1,13,1,13,0,13,0,12,0,12,-1,11,-1,11,-1,11,-2,11,-2,10,-2,10,-3,10,0,0,0,0,0,0,0,0,0,0,0.0,0.0,0.0,0.0,0.0,0.0,10.44030650891055,10.44030650891055,10.44030650891055,10.44030650891055,10.44030650891055,10.44030650891055,11.180339887498949,11.180339887498949,11.180339887498949,11.180339887498949,11.045361017187261,12.041594578792296,12.041594578792296,12.041594578792296,12.0,12.041594578792296,12.041594578792296,12.041594578792296,12.041594578792296,13.038404810405298,13.038404810405298,13.152946437965905,13.152946437965905,14.142135623730951,14.142135623730951,14.142135623730951,0.0,14.142135623730951,15.297058540778355,14.317821063276353,15.297058540778355,14.142135623730951,15.132745950421556,15.132745950421556,15.132745950421556,14.142135623730951,14.035668847618199,14.035668847618199,14.035668847618199,14.035668847618199,13.0,13.038404810405298,13.038404810405298,13.0,12.0,12.0,11.045361017187261,11.045361017187261,11.045361017187261,11.180339887498949,10.198039027185569,10.198039027185569,10.44030650891055,0.0,0.0,0.0,0.0,0.0,0.0,0.0,0.0,0.0,0.0,0.0,1.8622531212727638,1.8622531212727638,1.8622531212727638,1.8622531212727638,1.8622531212727638,1.8622531212727638,1.750649826587375,1.750649826587375,1.750649826587375,1.750649826587375,1.6614562139956417,1.6539375586833378,1.6539375586833378,1.6539375586833378,1.5707963267948966,1.4876550949064553,1.4876550949064553,1.4876550949064553,1.4876550949064553,1.4940244355251187,1.4940244355251187,1.4181469983996315,1.4181469983996315,1.4288992721907328,1.4288992721907328,1.4288992721907328,0.0,1.4288992721907328,1.373400766945016,1.35970299357215,1.373400766945016,1.4288992721907328,1.4382447944982226,1.4382447944982226,1.4382447944982226,1.4288992721907328,1.4994888620096063,1.4994888620096063,1.4994888620096063,1.4994888620096063,1.5707963267948966,1.4940244355251187,1.4940244355251187,1.5707963267948966,1.5707963267948966,1.5707963267948966,1.6614562139956417,1.6614562139956417,1.6614562139956417,1.750649826587375,1.7681918866447774,1.7681918866447774,1.8622531212727638,0.0,0.0,0.0,0.0,0.0
6.781338414999482,tx,1a:00:00:00:00:00,-48,97.9938537272157,64,0.6472399731489062,6.489699061990217,0,0,0,0,0,0,0,0,0,0,0,0,-11,-3,-11,-3,-12,-2,-12,-2,-12,-2,-12,-2,-12,-2,-12,-1,-12,-1,-13,-1,-13,-1,-13,0,-13,0,-13,0,-13,1,-14,1,-13,1,-14,2,-14,2,-14,3,-14,2,-15,3,-15,3,-15,4,-15,4,-15,4,0,0,-16,4,-16,4,-16,4,-16,4,-16,4,-17,4,-16,3,-16,3,-16,3,-16,3,-16,2,-16,2,-16,2,-15,2,-15,2,-14,1,-15,1,-13,1,-14,1,-13,0,-13,0,-13,0,-13,-1,-12,-2,-12,-2,-11,-3,0,0,0,0,0,0,0,0,0,0,0.0,0.0,0.0,0.0,0.0,0.0,11.40175425099138,11.40175425099138,12.165525060596439,12.165525060596439,12.165525060596439,12.165525060596439,12.165525060596439,12.041594578792296,12.041594578792296,13.038404810405298,13.038404810405298,13.0,13.0,13.0,13.038404810405298,14.035668847618199,13.038404810405298,14.142135623730951,14.142135623730951,14.317821063276353,14.142135623730951,15.297058540778355,15.297058540778355,15.524174696260024,15.524174696260024,15.524174696260024,0.0,16.492422502470642,16.492422502470642,16.492422502470642,16.492422502470642,16.492422502470642,17.46424919657298,16.278820596099706,16.278820596099706,16.278820596099706,16.278820596099706,16.1245154965971,16.1245154965971,16.1245154965971,15.132745950421556,15.132745950421556,14.035668847618199,15.033296378372908,13.038404810405298,14.035668847618199,13.0,13.0,13.0,13.038404810405298,12.165525060596439,12.165525060596439,11.40175425099138,0.0,0.0,0.0,0.0,0.0,0.0,0.0,0.0,0.0,0.0,0.0,-2.875340604438868,-2.875340604438868,-2.976443976175166,-2.976443976175166,-2.976443976175166,-2.976443976175166,-2.976443976175166,-3.058451421701352,-3.058451421701352,-3.064820762320015,-3.064820762320015,3.141592653589793,3.141592653589793,3.141592653589793,3.064820762320015,3.070285188804503,3.064820762320015,2.999695598985629,2.999695598985629,2.930499320367047,2.999695598985629,2.9441970937399127,2.9441970937399127,2.8809902618424523,2.8809902618424523,2.8809902618424523,0.0,2.896613990462929,2.896613990462929,2.896613990462929,2.896613990462929,2.896613990462929,2.9105019863938963,2.9562447035940984,2.9562447035940984,2.9562447035940984,2.9562447035940984,3.017237659043032,3.017237659043032,3.017237659043032,3.0090411212931194,3.0090411212931194,3.070285188804503,3.0750244898139694,3.064820762320015,3.070285188804503,3.141592653589793,3.141592653589793,3.141592653589793,-3.064820762320015,-2.976443976175166,-2.976443976175166,-2.875340604438868,0.0,0.0,0.0,0.0,0.0
6.90049227399868,tx,1a:00:00:00:00:00,-48,97.9938537272157,64,0.6488857795803178,6.344949089527177,0,0,0,0,0,0,0,0,0,0,0,0,-10,-6,-10,-6,-11,-6,-10,-6,-11,-6,-11,-5,-12,-5,-11,-5,-12,-4,-12,-5,-12,-5,-13,-4,-13,-4,-13,-4,-13,-3,-14,-2,-13,-2,-14,-3,-14,-2,-15,-2,-15,-2,-15,-1,-15,-2,-16,-1,-16,-1,-15,-1,0,0,-16,-1,-17,0,-16,-1,-17,-1,-16,-1,-17,-1,-17,-1,-17,-2,-16,-2,-17,-2,-16,-3,-15,-3,-14,-3,-14,-3,-15,-2,-14,-2,-15,-4,-13,-3,-13,-3,-13,-3,-12,-4,-12,-4,-12,-5,-12,-5,-11,-5,-10,-6,0,0,0,0,0,0,0,0,0,0,0.0,0.0,0.0,0.0,0.0,0.0,11.661903789690601,11.661903789690601,12.529964086141668,11.661903789690601,12.529964086141668,12.083045973594572,13.0,12.083045973594572,12.649110640673518,13.0,13.0,13.601470508735444,13.601470508735444,13.601470508735444,13.341664064126334,14.142135623730951,13.152946437965905,14.317821063276353,14.142135623730951,15.132745950421556,15.132745950421556,15.033296378372908,15.132745950421556,16.0312195418814,16.0312195418814,15.033296378372908,0.0,16.0312195418814,17.0,16.0312195418814,17.029386365926403,16.0312195418814,17.029386365926403,17.029386365926403,17.11724276862369,16.1245154965971,17.11724276862369,16.278820596099706,15.297058540778355,14.317821063276353,14.317821063276353,15.132745950421556,14.142135623730951,15.524174696260024,13.341664064126334,13.341664064126334,13.341664064126334,12.649110640673518,12.649110640673518,13.0,13.0,12.083045973594572,11.661903789690601,0.0,0.0,0.0,0.0,0.0,0.0,0.0,0.0,0.0,0.0,0.0,-2.601173153319209,-2.601173153319209,-2.642245931909663,-2.601173153319209,-2.642245931909663,-2.714965160462917,-2.746801533890032,-2.714965160462917,-2.819842099193151,-2.746801533890032,-2.746801533890032,-2.843093722003614,-2.843093722003614,-2.843093722003614,-2.9147938055359073,-2.999695598985629,-2.988943325194528,-2.930499320367047,-2.999695598985629,-3.0090411212931194,-3.0090411212931194,-3.0750244898139694,-3.0090411212931194,-3.079173843593836,-3.079173843593836,-3.0750244898139694,0.0,-3.079173843593836,3.141592653589793,-3.079173843593836,-3.0828368308740703,-3.079173843593836,-3.0828368308740703,-3.0828368308740703,-3.024483909022929,-3.017237659043032,-3.024483909022929,-2.9562447035940984,-2.9441970937399127,-2.930499320367047,-2.930499320367047,-3.0090411212931194,-2.999695598985629,-2.8809902618424523,-2.9147938055359073,-2.9147938055359073,-2.9147938055359073,-2.819842099193151,-2.819842099193151,-2.746801533890032,-2.746801533890032,-2.714965160462917,-2.601173153319209,0.0,0.0,0.0,0.0,0.0
7.010390248004114,tx,1a:00:00:00:00:00,-48,97.9938537272157,64,0.6516909789051513,6.201364143938251,0,0,0,0,0,0,0,0,0,0,0,0,-2,-11,-2,-12,-3,-12,-3,-12,-3,-12,-3,-12,-4,-12,-4,-12,-4,-12,-5,-12,-5,-12,-6,-12,-6,-12,-6,-12,-7,-12,-7,-13,-7,-12,-7,-12,-8,-12,-8,-12,-9,-12,-9,-13,-9,-13,-9,-13,-10,-13,-10,-13,0,0,-10,-13,-10,-14,-10,-14,-10,-14,-10,-14,-10,-14,-10,-14,-10,-14,-9,-14,-9,-14,-8,-14,-8,-14,-7,-14,-7,-14,-7,-13,-7,-13,-6,-13,-6,-12,-6,-12,-6,-12,-5,-12,-5,-12,-4,-12,-3,-12,-3,-12,-2,-11,0,0,0,0,0,0,0,0,0,0,0.0,0.0,0.0,0.0,0.0,0.0,11.180339887498949,12.165525060596439,12.36931687685298,12.36931687685298,12.36931687685298,12.36931687685298,12.649110640673518,12.649110640673518,12.649110640673518,13.0,13.0,13.416407864998739,13.416407864998739,13.416407864998739,13.892443989449804,14.7648230602334,13.892443989449804,13.892443989449804,14.422205101855956,14.422205101855956,15.0,15.811388300841896,15.811388300841896,15.811388300841896,16.401219466856727,16.401219466856727,0.0,16.401219466856727,17.204650534085253,17.204650534085253,17.204650534085253,17.204650534085253,17.204650534085253,17.204650534085253,17.204650534085253,16.64331697709324,16.64331697709324,16.1245154965971,16.1245154965971,15.652475842498529,15.652475842498529,14.7648230602334,14.7648230602334,14.317821063276353,13.416407864998739,13.416407864998739,13.416407864998739,13.0,13.0,12.649110640673518,12.36931687685298,12.36931687685298,11.180339887498949,0.0,0.0,0.0,0.0,0.0,0.0,0.0,0.0,0.0,0.0,0.0,-1.750649826587375,-1.7359450042095235,-1.8157749899217608,-1.8157749899217608,-1.8157749899217608,-1.8157749899217608,-1.892546881191539,-1.892546881191539,-1.892546881191539,-1.965587446494658,-1.965587446494658,-2.0344439357957027,-2.0344439357957027,-2.0344439357957027,-2.0988707752212563,-2.0647376957144776,-2.0988707752212563,-2.0988707752212563,-2.158798930342464,-2.158798930342464,-2.214297435588181,-2.1763409903998667,-2.1763409903998667,-2.1763409903998667,-2.2264919530364327,-2.2264919530364327,0.0,-2.2264919530364327,-2.191045812777718,-2.191045812777718,-2.191045812777718,-2.191045812777718,-2.191045812777718,-2.191045812777718,-2.191045812777718,-2.1421338066285234,-2.1421338066285234,-2.0899424410414196,-2.0899424410414196,-2.0344439357957027,-2.0344439357957027,-2.0647376957144776,-2.0647376957144776,-2.0032041023654346,-2.0344439357957027,-2.0344439357957027,-2.0344439357957027,-1.965587446494658,-1.965587446494658,-1.892546881191539,-1.8157749899217608,-1.8157749899217608,-1.750649826587375,0.0,0.0,0.0,0.0,0.0
7.119682957003533,tx,1a:00:00:00:00:00,-48,97.9938537272157,64,0.6527511073851714,6.0599427267625705,0,0,0,0,0,0,0,0,0,0,0,0,-10,-1,-11,-1,-10,-1,-11,-1,-11,0,-12,0,-11,0,-11,0,-12,0,-11,1,-12,1,-12,2,-12,2,-12,2,-13,2,-12,2,-13,3,-12,3,-13,3,-13,3,-13,4,-13,4,-12,4,-13,5,-14,5,-14,5,0,0,-14,5,-14,4,-15,5,-14,4,-15,4,-15,4,-15,4,-15,4,-15,3,-14,3,-14,3,-14,3,-14,3,-14,2,-13,1,-14,1,-12,1,-12,1,-12,1,-12,0,-12,0,-12,-1,-11,0,-11,-1,-11,-1,-10,-2,0,0,0,0,0,0,0,0,0,0,0.0,0.0,0.0,0.0,0.0,0.0,10.04987562112089,11.045361017187261,10.04987562112089,11.045361017187261,11.0,12.0,11.0,11.0,12.0,11.045361017187261,12.041594578792296,12.165525060596439,12.165525060596439,12.165525060596439,13.152946437965905,12.165525060596439,13.341664064126334,12.36931687685298,13.341664064126334,13.341664064126334,13.601470508735444,13.601470508735444,12.649110640673518,13.92838827718412,14.866068747318506,14.866068747318506,0.0,14.866068747318506,14.560219778561036,15.811388300841896,14.560219778561036,15.524174696260024,15.524174696260024,15.524174696260024,15.524174696260024,15.297058540778355,14.317821063276353,14.317821063276353,14.317821063276353,14.317821063276353,14.142135623730951,13.038404810405298,14.035668847618199,12.041594578792296,12.041594578792296,12.041594578792296,12.0,12.0,12.041594578792296,11.0,11.045361017187261,11.045361017187261,10.198039027185569,0.0,0.0,0.0,0.0,0.0,0.0,0.0,0.0,0.0,0.0,0.0,-3.0419240010986313,-3.050932766389048,-3.0419240010986313,-3.050932766389048,3.141592653589793,3.141592653589793,3.141592653589793,3.141592653589793,3.141592653589793,3.050932766389048,3.058451421701352,2.976443976175166,2.976443976175166,2.976443976175166,2.988943325194528,2.976443976175166,2.9147938055359073,2.896613990462929,2.9147938055359073,2.9147938055359073,2.843093722003614,2.843093722003614,2.819842099193151,2.774418819771574,2.79856871316909,2.79856871316909,0.0,2.79856871316909,2.8632929945846817,2.819842099193151,2.8632929945846817,2.8809902618424523,2.8809902618424523,2.8809902618424523,2.8809902618424523,2.9441970937399127,2.930499320367047,2.930499320367047,2.930499320367047,2.930499320367047,2.999695598985629,3.064820762320015,3.070285188804503,3.058451421701352,3.058451421701352,3.058451421701352,3.141592653589793,3.141592653589793,-3.058451421701352,3.141592653589793,-3.050932766389048,-3.050932766389048,-2.9441970937399127,0.0,0.0,0.0,0.0,0.0
7.230009184997471,tx,1a:00:00:00:00:00,-49,97.9938537272157,64,0.6544873849146455,5.921658808086789,0,0,0,0,0,0,0,0,0,0,0,0,-2,10,-2,10,-1,11,-1,10,-1,11,-1,10,0,11,0,11,0,11,0,12,0,11,1,11,1,11,1,12,1,11,3,12,3,11,3,12,3,12,4,12,3,12,4,12,4,13,5,13,4,13,5,13,0,0,5,13,6,14,5,13,5,14,5,13,5,14,5,14,4,14,5,14,4,14,4,14,3,13,3,13,2,12,3,13,3,12,2,13,2,12,3,10,1,12,1,11,3,12,0,11,0,10,-1,10,-1,10,0,0,0,0,0,0,0,0,0,0,0.0,0.0,0.0,0.0,0.0,0.0,10.198039027185569,10.198039027185569,11.045361017187261,10.04987562112089,11.045361017187261,10.04987562112089,11.0,11.0,11.0,12.0,11.0,11.045361017187261,11.045361017187261,12.041594578792296,11.045361017187261,12.36931687685298,11.40175425099138,12.36931687685298,12.36931687685298,12.649110640673518,12.36931687685298,12.649110640673518,13.601470508735444,13.92838827718412,13.601470508735444,13.92838827718412,0.0,13.92838827718412,15.231546211727817,13.92838827718412,14.866068747318506,13.92838827718412,14.866068747318506,14.866068747318506,14.560219778561036,14.866068747318506,14.560219778561036,14.560219778561036,13.341664064126334,13.341664064126334,12.165525060596439,13.341664064126334,12.36931687685298,13.152946437965905,12.165525060596439,10.44030650891055,12.041594578792296,11.045361017187261,12.36931687685298,11.0,10.0,10.04987562112089,10.04987562112089,0.0,0.0,0.0,0.0,0.0,0.0,0.0,0.0,0.0,0.0,0.0,1.7681918866447774,1.7681918866447774,1.6614562139956417,1.6704649792860586,1.6614562139956417,1.6704649792860586,1.5707963267948966,1.5707963267948966,1.5707963267948966,1.5707963267948966,1.5707963267948966,1.4801364395941514,1.4801364395941514,1.4876550949064553,1.4801364395941514,1.3258176636680326,1.3045442776439713,1.3258176636680326,1.3258176636680326,1.2490457723982544,1.3258176636680326,1.2490457723982544,1.2722973952087173,1.2036224929766774,1.2722973952087173,1.2036224929766774,0.0,1.2036224929766774,1.1659045405098132,1.2036224929766774,1.2277723863741932,1.2036224929766774,1.2277723863741932,1.2277723863741932,1.2924966677897853,1.2277723863741932,1.2924966677897853,1.2924966677897853,1.3439974787410107,1.3439974787410107,1.4056476493802699,1.3439974787410107,1.3258176636680326,1.4181469983996315,1.4056476493802699,1.2793395323170296,1.4876550949064553,1.4801364395941514,1.3258176636680326,1.5707963267948966,1.5707963267948966,1.6704649792860586,1.6704649792860586,0.0,0.0,0.0,0.0,0.0
7.339974132999487,tx,1a:00:00:00:00:00,-49,97.9938537272157,64,0.65720529903124,5.78742161217412,0,0,0,0,0,0,0,0,0,0,0,0,5,8,5,8,6,8,6,8,6,8,6,8,7,8,7,8,7,8,8,8,7,8,8,8,8,8,8,8,8,7,10,7,9,7,10,7,10,6,10,6,10,7,11,7,11,7,12,7,12,7,12,7,0,0,12,7,13,7,12,6,13,7,12,7,13,7,13,8,12,8,12,7,12,8,11,8,11,8,11,8,10,8,11,8,10,7,10,8,9,7,9,7,8,8,8,8,8,8,7,8,6,8,6,8,5,8,0,0,0,0,0,0,0,0,0,0,0.0,0.0,0.0,0.0,0.0,0.0,9.433981132056603,9.433981132056603,10.0,10.0,10.0,10.0,10.63014581273465,10.63014581273465,10.63014581273465,11.313708498984761,10.63014581273465,11.313708498984761,11.313708498984761,11.313708498984761,10.63014581273465,12.206555615733702,11.40175425099138,12.206555615733702,11.661903789690601,11.661903789690601,12.206555615733702,13.038404810405298,13.038404810405298,13.892443989449804,13.892443989449804,13.892443989449804,0.0,13.892443989449804,14.7648230602334,13.416407864998739,14.7648230602334,13.892443989449804,14.7648230602334,15.264337522473747,14.422205101855956,13.892443989449804,14.422205101855956,13.601470508735444,13.601470508735444,13.601470508735444,12.806248474865697,13.601470508735444,12.206555615733702,12.806248474865697,11.40175425099138,11.40175425099138,11.313708498984761,11.313708498984761,11.313708498984761,10.63014581273465,10.0,10.0,9.433981132056603,0.0,0.0,0.0,0.0,0.0,0.0,0.0,0.0,0.0,0.0,0.0,1.0121970114513341,1.0121970114513341,0.9272952180016122,0.9272952180016122,0.9272952180016122,0.9272952180016122,0.8519663271732721,0.8519663271732721,0.8519663271732721,0.7853981633974483,0.8519663271732721,0.7853981633974483,0.7853981633974483,0.7853981633974483,0.7188299996216245,0.6107259643892086,0.6610431688506869,0.6107259643892086,0.5404195002705842,0.5404195002705842,0.6107259643892086,0.5667292175235064,0.5667292175235064,0.5280744484263596,0.5280744484263596,0.5280744484263596,0.0,0.5280744484263596,0.49394136891958124,0.4636476090008061,0.49394136891958124,0.5280744484263596,0.49394136891958124,0.5516549825285468,0.5880026035475675,0.5280744484263596,0.5880026035475675,0.628796286415433,0.628796286415433,0.628796286415433,0.6747409422235526,0.628796286415433,0.6107259643892086,0.6747409422235526,0.6610431688506869,0.6610431688506869,0.7853981633974483,0.7853981633974483,0.7853981633974483,0.8519663271732721,0.9272952180016122,0.9272952180016122,1.0121970114513341,0.0,0.0,0.0,0.0,0.0
7.451392882001528,tx,1a:00:00:00:00:00,-49,97.9938537272157,64,0.6594693291624899,5.658040297541035,0,0,0,0,0,0,0,0,0,0,0,0,-3,10,-3,10,-2,10,-2,10,-2,10,-2,10,-2,10,-1,10,-2,11,-1,11,-1,11,0,11,0,11,0,12,0,12,1,12,1,12,1,12,2,12,2,12,2,13,2,13,2,13,3,13,3,13,3,13,0,0,3,14,3,14,3,14,3,14,3,14,3,15,2,14,2,14,2,14,2,14,2,14,2,14,1,14,1,13,1,13,1,13,0,13,0,12,0,12,-1,11,-1,11,-1,11,-1,11,-2,10,-2,10,-3,10,0,0,0,0,0,0,0,0,0,0,0.0,0.0,0.0,0.0,0.0,0.0,10.44030650891055,10.44030650891055,10.198039027185569,10.198039027185569,10.198039027185569,10.198039027185569,10.198039027185569,10.04987562112089,11.180339887498949,11.045361017187261,11.045361017187261,11.0,11.0,12.0,12.0,12.041594578792296,12.041594578792296,12.041594578792296,12.165525060596439,12.165525060596439,13.152946437965905,13.152946437965905,13.152946437965905,13.341664064126334,13.341664064126334,13.341664064126334,0.0,14.317821063276353,14.317821063276353,14.317821063276353,14.317821063276353,14.317821063276353,15.297058540778355,14.142135623730951,14.142135623730951,14.142135623730951,14.142135623730951,14.142135623730951,14.142135623730951,14.035668847618199,13.038404810405298,13.038404810405298,13.038404810405298,13.0,12.0,12.0,11.045361017187261,11.045361017187261,11.045361017187261,11.045361017187261,10.198039027185569,10.198039027185569,10.44030650891055,0.0,0.0,0.0,0.0,0.0,0.0,0.0,0.0,0.0,0.0,0.0,1.8622531212727638,1.8622531212727638,1.7681918866447774,1.7681918866447774,1.7681918866447774,1.7681918866447774,1.7681918866447774,1.6704649792860586,1.750649826587375,1.6614562139956417,1.6614562139956417,1.5707963267948966,1.5707963267948966,1.5707963267948966,1.5707963267948966,1.4876550949064553,1.4876550949064553,1.4876550949064553,1.4056476493802699,1.4056476493802699,1.4181469983996315,1.4181469983996315,1.4181469983996315,1.3439974787410107,1.3439974787410107,1.3439974787410107,0.0,1.35970299357215,1.35970299357215,1.35970299357215,1.35970299357215,1.35970299357215,1.373400766945016,1.4288992721907328,1.4288992721907328,1.4288992721907328,1.4288992721907328,1.4288992721907328,1.4288992721907328,1.4994888620096063,1.4940244355251187,1.4940244355251187,1.4940244355251187,1.5707963267948966,1.5707963267948966,1.5707963267948966,1.6614562139956417,1.6614562139956417,1.6614562139956417,1.6614562139956417,1.7681918866447774,1.7681918866447774,1.8622531212727638,0.0,0.0,0.0,0.0,0.0
7.551471790000505,tx,1a:00:00:00:00:00,-49,97.9938537272157,64,0.6589531401702127,5.5543379138885,0,0,0,0,0,0,0,0,0,0,0,0,9,-6,9,-6,9,-6,9,-7,9,-7,9,-7,9,-7,9,-8,9,-7,8,-8,9,-8,8,-9,8,-9,9,-9,9,-10,9,-10,9,-10,8,-10,8,-11,8,-11,9,-12,9,-12,8,-12,8,-13,8,-13,8,-13,0,0,9,-13,9,-13,9,-14,9,-13,10,-14,10,-13,10,-12,10,-13,10,-12,10,-12,10,-12,10,-11,10,-11,10,-11,10,-9,11,-10,10,-9,10,-9,10,-9,9,-8,10,-8,10,-7,9,-7,10,-6,10,-6,10,-5,0,0,0,0,0,0,0,0,0,0,0.0,0.0,0.0,0.0,0.0,0.0,10.816653826391969,10.816653826391969,10.816653826391969,11.40175425099138,11.40175425099138,11.40175425099138,11.40175425099138,12.041594578792296,11.40175425099138,11.313708498984761,12.041594578792296,12.041594578792296,12.041594578792296,12.727922061357855,13.45362404707371,13.45362404707371,13.45362404707371,12.806248474865697,13.601470508735444,13.601470508735444,15.0,15.0,14.422205101855956,15.264337522473747,15.264337522473747,15.264337522473747,0.0,15.811388300841896,15.811388300841896,16.64331697709324,15.811388300841896,17.204650534085253,16.401219466856727,15.620499351813308,16.401219466856727,15.620499351813308,15.620499351813308,15.620499351813308,14.866068747318506,14.866068747318506,14.866068747318506,13.45362404707371,14.866068747318506,13.45362404707371,13.45362404707371,13.45362404707371,12.041594578792296,12.806248474865697,12.206555615733702,11.40175425099138,11.661903789690601,11.661903789690601,11.180339887498949,0.0,0.0,0.0,0.0,0.0,0.0,0.0,0.0,0.0,0.0,0.0,-0.5880026035475675,-0.5880026035475675,-0.5880026035475675,-0.6610431688506869,-0.6610431688506869,-0.6610431688506869,-0.6610431688506869,-0.7266423406817256,-0.6610431688506869,-0.7853981633974483,-0.7266423406817256,-0.844153986113171,-0.844153986113171,-0.7853981633974483,-0.83798122500839,-0.83798122500839,-0.83798122500839,-0.8960553845713439,-0.9420000403794636,-0.9420000403794636,-0.9272952180016122,-0.9272952180016122,-0.982793723247329,-1.0191413442663497,-1.0191413442663497,-1.0191413442663497,0.0,-0.9652516631899266,-0.9652516631899266,-0.9994588469612699,-0.9652516631899266,-0.9505468408120752,-0.9151007005533605,-0.8760580505981934,-0.9151007005533605,-0.8760580505981934,-0.8760580505981934,-0.8760580505981934,-0.8329812666744317,-0.8329812666744317,-0.8329812666744317,-0.7328151017865066,-0.7378150601204649,-0.7328151017865066,-0.7328151017865066,-0.7328151017865066,-0.7266423406817256,-0.6747409422235526,-0.6107259643892086,-0.6610431688506869,-0.5404195002705842,-0.5404195002705842,-0.4636476090008061,0.0,0.0,0.0,0.0,0.0
7.659300052997423,tx,1a:00:00:00:00:00,-48,97.9938537272157,64,0.6600428293084951,5.511270521376895,0,0,0,0,0,0,0,0,0,0,0,0,10,1,10,0,10,-1,10,0,10,0,10,-1,11,0,10,-1,10,-2,11,-2,11,-1,11,-2,11,-2,11,-3,11,-3,12,-4,11,-4,12,-4,11,-5,12,-5,12,-5,12,-6,12,-5,12,-6,12,-6,12,-6,0,0,13,-6,13,-7,12,-7,13,-7,13,-6,13,-6,13,-6,13,-6,13,-6,13,-5,13,-5,13,-5,12,-4,12,-4,12,-5,11,-4,12,-4,11,-3,11,-3,11,-3,11,-2,11,-2,11,-2,10,-1,10,-1,9,0,0,0,0,0,0,0,0,0,0,0,0.0,0.0,0.0,0.0,0.0,0.0,10.04987562112089,10.0,10.04987562112089,10.0,10.0,10.04987562112089,11.0,10.04987562112089,10.198039027185569,11.180339887498949,11.045361017187261,11.180339887498949,11.180339887498949,11.40175425099138,11.40175425099138,12.649110640673518,11.704699910719626,12.649110640673518,12.083045973594572,13.0,13.0,13.416407864998739,13.0,13.416407864998739,13.416407864998739,13.416407864998739,0.0,14.317821063276353,14.7648230602334,13.892443989449804,14.7648230602334,14.317821063276353,14.317821063276353,14.317821063276353,14.317821063276353,14.317821063276353,13.92838827718412,13.92838827718412,13.92838827718412,12.649110640673518,12.649110640673518,13.0,11.704699910719626,12.649110640673518,11.40175425099138,11.40175425099138,11.40175425099138,11.180339887498949,11.180339887498949,11.180339887498949,10.04987562112089,10.04987562112089,9.0,0.0,0.0,0.0,0.0,0.0,0.0,0.0,0.0,0.0,0.0,0.0,0.09966865249116202,0.0,-0.09966865249116202,0.0,0.0,-0.09966865249116202,0.0,-0.09966865249116202,-0.19739555984988075,-0.17985349979247828,-0.09065988720074511,-0.17985349979247828,-0.17985349979247828,-0.2662520491509254,-0.2662520491509254,-0.3217505543966422,-0.348771003583907,-0.3217505543966422,-0.4266274931268761,-0.3947911196997615,-0.3947911196997615,-0.4636476090008061,-0.3947911196997615,-0.4636476090008061,-0.4636476090008061,-0.4636476090008061,0.0,-0.43240777557053783,-0.49394136891958124,-0.5280744484263596,-0.49394136891958124,-0.43240777557053783,-0.43240777557053783,-0.43240777557053783,-0.43240777557053783,-0.43240777557053783,-0.3671738338182192,-0.3671738338182192,-0.3671738338182192,-0.3217505543966422,-0.3217505543966422,-0.3947911196997615,-0.348771003583907,-0.3217505543966422,-0.2662520491509254,-0.2662520491509254,-0.2662520491509254,-0.17985349979247828,-0.17985349979247828,-0.17985349979247828,-0.09966865249116202,-0.09966865249116202,0.0,0.0,0.0,0.0,0.0,0.0
7.760072283999762,tx,1a:00:00:00:00:00,-48,93.11268508817786,64,0.6622042942995922,5.511364206442343,0,0,0,0,0,0,0,0,0,0,0,0,-3,-11,-4,-12,-4,-11,-4,-12,-4,-11,-4,-12,-4,-12,-5,-12,-5,-12,-6,-11,-6,-12,-7,-11,-7,-12,-7,-12,-8,-12,-7,-11,-8,-12,-8,-11,-9,-12,-9,-12,-9,-12,-9,-12,-10,-11,-11,-11,-11,-12,-11,-12,0,0,-11,-13,-10,-12,-11,-13,-11,-12,-11,-13,-11,-14,-10,-13,-10,-14,-10,-14,-9,-13,-10,-13,-9,-13,-9,-13,-9,-13,-8,-12,-8,-13,-7,-12,-7,-12,-6,-13,-6,-12,-6,-12,-5,-12,-5,-11,-5,-12,-4,-11,-3,-11,0,0,0,0,0,0,0,0,0,0,0.0,0.0,0.0,0.0,0.0,0.0,11.40175425099138,12.649110640673518,11.704699910719626,12.649110640673518,11.704699910719626,12.649110640673518,12.649110640673518,13.0,13.0,12.529964086141668,13.416407864998739,13.038404810405298,13.892443989449804,13.892443989449804,14.422205101855956,13.038404810405298,14.422205101855956,13.601470508735444,15.0,15.0,15.0,15.0,14.866068747318506,15.556349186104045,16.278820596099706,16.278820596099706,0.0,17.029386365926403,15.620499351813308,17.029386365926403,16.278820596099706,17.029386365926403,17.804493814764857,16.401219466856727,17.204650534085253,17.204650534085253,15.811388300841896,16.401219466856727,15.811388300841896,15.811388300841896,15.811388300841896,14.422205101855956,15.264337522473747,13.892443989449804,13.892443989449804,14.317821063276353,13.416407864998739,13.416407864998739,13.0,12.083045973594572,13.0,11.704699910719626,11.40175425099138,0.0,0.0,0.0,0.0,0.0,0.0,0.0,0.0,0.0,0.0,0.0,-1.837048375945822,-1.892546881191539,-1.9195673303788037,-1.892546881191539,-1.9195673303788037,-1.892546881191539,-1.892546881191539,-1.965587446494658,-1.965587446494658,-2.0701430484750265,-2.0344439357957027,-2.137525544318403,-2.0988707752212563,-2.0988707752212563,-2.158798930342464,-2.137525544318403,-2.158798930342464,-2.1995926132103296,-2.214297435588181,-2.214297435588181,-2.214297435588181,-2.214297435588181,-2.3086113869153615,-2.356194490192345,-2.312743594800814,-2.312743594800814,0.0,-2.2730532583039036,-2.2655346029916,-2.2730532583039036,-2.312743594800814,-2.2730532583039036,-2.2367655641740063,-2.2264919530364327,-2.191045812777718,-2.191045812777718,-2.1763409903998667,-2.2264919530364327,-2.1763409903998667,-2.1763409903998667,-2.1763409903998667,-2.158798930342464,-2.1224513093234436,-2.0988707752212563,-2.0988707752212563,-2.0032041023654346,-2.0344439357957027,-2.0344439357957027,-1.965587446494658,-1.9974238199217726,-1.965587446494658,-1.9195673303788037,-1.837048375945822,0.0,0.0,0.0,0.0,0.0
7.86216531899845,tx,1a:00:00:00:00:00,-48,93.11268508817786,64,0.6626134477325843,5.5421425436314555,0,0,0,0,0,0,0,0,0,0,0,0,-6,-10,-6,-10,-7,-10,-6,-10,-7,-10,-7,-10,-7,-10,-7,-10,-8,-10,-8,-10,-8,-10,-9,-10,-9,-10,-9,-10,-9,-9,-10,-9,-10,-9,-10,-9,-11,-9,-11,-9,-11,-9,-12,-9,-12,-9,-12,-9,-12,-9,-12,-9,0,0,-13,-9,-13,-9,-13,-9,-14,-9,-13,-9,-13,-10,-13,-10,-12,-10,-12,-10,-12,-10,-12,-10,-11,-10,-11,-10,-10,-10,-11,-10,-10,-10,-10,-10,-10,-10,-9,-9,-9,-9,-8,-10,-8,-10,-7,-10,-7,-10,-6,-10,-5,-10,0,0,0,0,0,0,0,0,0,0,0.0,0.0,0.0,0.0,0.0,0.0,11.661903789690601,11.661903789690601,12.206555615733702,11.661903789690601,12.206555615733702,12.206555615733702,12.206555615733702,12.206555615733702,12.806248474865697,12.806248474865697,12.806248474865697,13.45362404707371,13.45362404707371,13.45362404707371,12.727922061357855,13.45362404707371,13.45362404707371,13.45362404707371,14.212670403551895,14.212670403551895,14.212670403551895,15.0,15.0,15.0,15.0,15.0,0.0,15.811388300841896,15.811388300841896,15.811388300841896,16.64331697709324,15.811388300841896,16.401219466856727,16.401219466856727,15.620499351813308,15.620499351813308,15.620499351813308,15.620499351813308,14.866068747318506,14.866068747318506,14.142135623730951,14.866068747318506,14.142135623730951,14.142135623730951,14.142135623730951,12.727922061357855,12.727922061357855,12.806248474865697,12.806248474865697,12.206555615733702,12.206555615733702,11.661903789690601,11.180339887498949,0.0,0.0,0.0,0.0,0.0,0.0,0.0,0.0,0.0,0.0,0.0,-2.1112158270654806,-2.1112158270654806,-2.1815222911841055,-2.1112158270654806,-2.1815222911841055,-2.1815222911841055,-2.1815222911841055,-2.1815222911841055,-2.2455372690184494,-2.2455372690184494,-2.2455372690184494,-2.3036114285814033,-2.3036114285814033,-2.3036114285814033,-2.356194490192345,-2.408777551803287,-2.408777551803287,-2.408777551803287,-2.455863142683507,-2.455863142683507,-2.455863142683507,-2.498091544796509,-2.498091544796509,-2.498091544796509,-2.498091544796509,-2.498091544796509,0.0,-2.5360479899848234,-2.5360479899848234,-2.5360479899848234,-2.5702551737561663,-2.5360479899848234,-2.485897027348257,-2.485897027348257,-2.44685437739309,-2.44685437739309,-2.44685437739309,-2.44685437739309,-2.403777593469328,-2.403777593469328,-2.356194490192345,-2.403777593469328,-2.356194490192345,-2.356194490192345,-2.356194490192345,-2.356194490192345,-2.356194490192345,-2.2455372690184494,-2.2455372690184494,-2.1815222911841055,-2.1815222911841055,-2.1112158270654806,-2.0344439357957027,0.0,0.0,0.0,0.0,0.0
7.963439851002477,tx,1a:00:00:00:00:00,-49,93.11268508817786,64,0.6618903789508339,5.594553304085927,0,0,0,0,0,0,0,0,0,0,0,0,-1,10,-1,10,0,11,-1,11,0,11,0,10,0,11,0,11,1,11,1,11,1,11,1,11,2,11,2,11,2,12,3,12,3,12,4,12,4,12,4,12,4,12,5,12,5,12,5,12,6,13,5,13,0,0,6,13,6,13,6,13,6,13,6,13,6,13,6,14,5,13,5,13,5,14,5,13,4,13,4,13,4,13,4,12,4,12,3,12,3,11,3,11,2,11,2,11,2,11,1,11,1,11,0,10,-1,10,0,0,0,0,0,0,0,0,0,0,0.0,0.0,0.0,0.0,0.0,0.0,10.04987562112089,10.04987562112089,11.0,11.045361017187261,11.0,10.0,11.0,11.0,11.045361017187261,11.045361017187261,11.045361017187261,11.045361017187261,11.180339887498949,11.180339887498949,12.165525060596439,12.36931687685298,12.36931687685298,12.649110640673518,12.649110640673518,12.649110640673518,12.649110640673518,13.0,13.0,13.0,14.317821063276353,13.92838827718412,0.0,14.317821063276353,14.317821063276353,14.317821063276353,14.317821063276353,14.317821063276353,14.317821063276353,15.231546211727817,13.92838827718412,13.92838827718412,14.866068747318506,13.92838827718412,13.601470508735444,13.601470508735444,13.601470508735444,12.649110640673518,12.649110640673518,12.36931687685298,11.40175425099138,11.40175425099138,11.180339887498949,11.180339887498949,11.180339887498949,11.045361017187261,11.045361017187261,10.0,10.04987562112089,0.0,0.0,0.0,0.0,0.0,0.0,0.0,0.0,0.0,0.0,0.0,1.6704649792860586,1.6704649792860586,1.5707963267948966,1.6614562139956417,1.5707963267948966,1.5707963267948966,1.5707963267948966,1.5707963267948966,1.4801364395941514,1.4801364395941514,1.4801364395941514,1.4801364395941514,1.3909428270024184,1.3909428270024184,1.4056476493802699,1.3258176636680326,1.3258176636680326,1.2490457723982544,1.2490457723982544,1.2490457723982544,1.2490457723982544,1.176005207095135,1.176005207095135,1.176005207095135,1.1383885512243588,1.2036224929766774,0.0,1.1383885512243588,1.1383885512243588,1.1383885512243588,1.1383885512243588,1.1383885512243588,1.1383885512243588,1.1659045405098132,1.2036224929766774,1.2036224929766774,1.2277723863741932,1.2036224929766774,1.2722973952087173,1.2722973952087173,1.2722973952087173,1.2490457723982544,1.2490457723982544,1.3258176636680326,1.3045442776439713,1.3045442776439713,1.3909428270024184,1.3909428270024184,1.3909428270024184,1.4801364395941514,1.4801364395941514,1.5707963267948966,1.6704649792860586,0.0,0.0,0.0,0.0,0.0
8.079315752002003,tx,1a:00:00:00:00:00,-48,93.11268508817786,64,0.6599267899504897,5.662045873812225,0,0,0,0,0,0,0,0,0,0,0,0,-7,7,-7,7,-7,8,-7,8,-7,8,-7,8,-7,9,-7,9,-6,9,-7,9,-7,9,-7,10,-7,10,-6,10,-6,10,-5,11,-5,11,-5,11,-5,11,-5,12,-5,12,-4,12,-5,12,-5,13,-5,13,-5,13,0,0,-5,13,-4,14,-4,13,-5,14,-5,14,-5,14,-5,14,-6,13,-5,13,-6,13,-6,13,-6,12,-6,12,-6,11,-6,12,-6,11,-7,11,-6,10,-6,10,-6,10,-7,10,-7,9,-7,9,-8,8,-7,8,-8,7,0,0,0,0,0,0,0,0,0,0,0.0,0.0,0.0,0.0,0.0,0.0,9.899494936611665,9.899494936611665,10.63014581273465,10.63014581273465,10.63014581273465,10.63014581273465,11.40175425099138,11.40175425099138,10.816653826391969,11.40175425099138,11.40175425099138,12.206555615733702,12.206555615733702,11.661903789690601,11.661903789690601,12.083045973594572,12.083045973594572,12.083045973594572,12.083045973594572,13.0,13.0,12.649110640673518,13.0,13.92838827718412,13.92838827718412,13.92838827718412,0.0,13.92838827718412,14.560219778561036,13.601470508735444,14.866068747318506,14.866068747318506,14.866068747318506,14.866068747318506,14.317821063276353,13.92838827718412,14.317821063276353,14.317821063276353,13.416407864998739,13.416407864998739,12.529964086141668,13.416407864998739,12.529964086141668,13.038404810405298,11.661903789690601,11.661903789690601,11.661903789690601,12.206555615733702,11.40175425099138,11.40175425099138,11.313708498984761,10.63014581273465,10.63014581273465,0.0,0.0,0.0,0.0,0.0,0.0,0.0,0.0,0.0,0.0,0.0,2.356194490192345,2.356194490192345,2.289626326416521,2.289626326416521,2.289626326416521,2.289626326416521,2.2318394956455836,2.2318394956455836,2.158798930342464,2.2318394956455836,2.2318394956455836,2.1815222911841055,2.1815222911841055,2.1112158270654806,2.1112158270654806,1.9974238199217726,1.9974238199217726,1.9974238199217726,1.9974238199217726,1.965587446494658,1.965587446494658,1.892546881191539,1.965587446494658,1.9379701606131159,1.9379701606131159,1.9379701606131159,0.0,1.9379701606131159,1.849095985800008,1.8692952583810758,1.9138202672156,1.9138202672156,1.9138202672156,1.9138202672156,2.0032041023654346,1.9379701606131159,2.0032041023654346,2.0032041023654346,2.0344439357957027,2.0344439357957027,2.0701430484750265,2.0344439357957027,2.0701430484750265,2.137525544318403,2.1112158270654806,2.1112158270654806,2.1112158270654806,2.1815222911841055,2.2318394956455836,2.2318394956455836,2.356194490192345,2.289626326416521,2.4227626539681686,0.0,0.0,0.0,0.0,0.0
8.18210710099811,tx,1a:00:00:00:00:00,-48,93.11268508817786,64,0.657816637124431,5.739862808219382,0,0,0,0,0,0,0,0,0,0,0,0,-10,5,-10,5,-10,5,-11,5,-10,5,-10,6,-10,6,-10,7,-10,6,-10,7,-10,7,-10,8,-10,8,-10,8,-10,9,-10,9,-10,9,-9,9,-9,10,-9,10,-9,10,-10,11,-9,10,-9,11,-10,12,-9,12,0,0,-10,12,-10,12,-11,12,-10,11,-11,12,-11,12,-11,12,-11,11,-11,11,-10,11,-11,10,-11,10,-11,10,-11,10,-11,9,-11,9,-10,8,-10,8,-10,8,-10,7,-10,7,-11,6,-10,6,-10,6,-10,5,-10,4,0,0,0,0,0,0,0,0,0,0,0.0,0.0,0.0,0.0,0.0,0.0,11.180339887498949,11.180339887498949,11.180339887498949,12.083045973594572,11.180339887498949,11.661903789690601,11.661903789690601,12.206555615733702,11.661903789690601,12.206555615733702,12.206555615733702,12.806248474865697,12.806248474865697,12.806248474865697,13.45362404707371,13.45362404707371,13.45362404707371,12.727922061357855,13.45362404707371,13.45362404707371,13.45362404707371,14.866068747318506,13.45362404707371,14.212670403551895,15.620499351813308,15.0,0.0,15.620499351813308,15.620499351813308,16.278820596099706,14.866068747318506,16.278820596099706,16.278820596099706,16.278820596099706,15.556349186104045,15.556349186104045,14.866068747318506,14.866068747318506,14.866068747318506,14.866068747318506,14.866068747318506,14.212670403551895,14.212670403551895,12.806248474865697,12.806248474865697,12.806248474865697,12.206555615733702,12.206555615733702,12.529964086141668,11.661903789690601,11.661903789690601,11.180339887498949,10.770329614269007,0.0,0.0,0.0,0.0,0.0,0.0,0.0,0.0,0.0,0.0,0.0,2.677945044588987,2.677945044588987,2.677945044588987,2.714965160462917,2.677945044588987,2.601173153319209,2.601173153319209,2.5308666892005847,2.601173153319209,2.5308666892005847,2.5308666892005847,2.4668517113662407,2.4668517113662407,2.4668517113662407,2.408777551803287,2.408777551803287,2.408777551803287,2.356194490192345,2.3036114285814033,2.3036114285814033,2.3036114285814033,2.3086113869153615,2.3036114285814033,2.256525837701183,2.2655346029916,2.214297435588181,0.0,2.2655346029916,2.2655346029916,2.312743594800814,2.3086113869153615,2.312743594800814,2.312743594800814,2.312743594800814,2.356194490192345,2.356194490192345,2.3086113869153615,2.403777593469328,2.403777593469328,2.403777593469328,2.403777593469328,2.455863142683507,2.455863142683507,2.4668517113662407,2.4668517113662407,2.4668517113662407,2.5308666892005847,2.5308666892005847,2.642245931909663,2.601173153319209,2.601173153319209,2.677945044588987,2.761086276477428,0.0,0.0,0.0,0.0,0.0
8.3000033740027,tx,1a:00:00:00:00:00,-48,93.11268508817786,64,0.6569842437864027,5.824525483184429,0,0,0,0,0,0,0,0,0,0,0,0,-8,-9,-8,-8,-9,-9,-9,-8,-9,-9,-9,-8,-10,-8,-9,-8,-10,-8,-11,-8,-11,-8,-11,-8,-11,-8,-12,-7,-12,-7,-13,-7,-12,-6,-13,-7,-13,-6,-14,-6,-13,-6,-14,-6,-14,-6,-15,-5,-15,-6,-15,-6,0,0,-15,-6,-16,-5,-15,-5,-16,-6,-16,-6,-16,-6,-16,-6,-16,-7,-15,-6,-15,-7,-15,-6,-14,-7,-14,-7,-13,-7,-14,-6,-13,-6,-13,-7,-12,-7,-12,-7,-11,-7,-11,-7,-11,-7,-10,-8,-10,-8,-9,-8,-9,-8,0,0,0,0,0,0,0,0,0,0,0.0,0.0,0.0,0.0,0.0,0.0,12.041594578792296,11.313708498984761,12.727922061357855,12.041594578792296,12.727922061357855,12.041594578792296,12.806248474865697,12.041594578792296,12.806248474865697,13.601470508735444,13.601470508735444,13.601470508735444,13.601470508735444,13.892443989449804,13.892443989449804,14.7648230602334,13.416407864998739,14.7648230602334,14.317821063276353,15.231546211727817,14.317821063276353,15.231546211727817,15.231546211727817,15.811388300841896,16.15549442140351,16.15549442140351,0.0,16.15549442140351,16.76305461424021,15.811388300841896,17.08800749063506,17.08800749063506,17.08800749063506,17.08800749063506,17.46424919657298,16.15549442140351,16.55294535724685,16.15549442140351,15.652475842498529,15.652475842498529,14.7648230602334,15.231546211727817,14.317821063276353,14.7648230602334,13.892443989449804,13.892443989449804,13.038404810405298,13.038404810405298,13.038404810405298,12.806248474865697,12.806248474865697,12.041594578792296,12.041594578792296,0.0,0.0,0.0,0.0,0.0,0.0,0.0,0.0,0.0,0.0,0.0,-2.297438667476622,-2.356194490192345,-2.356194490192345,-2.4149503129080676,-2.356194490192345,-2.4149503129080676,-2.4668517113662407,-2.4149503129080676,-2.4668517113662407,-2.5127963671743605,-2.5127963671743605,-2.5127963671743605,-2.5127963671743605,-2.6135182051634334,-2.6135182051634334,-2.647651284670212,-2.677945044588987,-2.647651284670212,-2.7091848780192556,-2.7367008673047097,-2.7091848780192556,-2.7367008673047097,-2.7367008673047097,-2.819842099193151,-2.761086276477428,-2.761086276477428,0.0,-2.761086276477428,-2.838707785214822,-2.819842099193151,-2.782821983319221,-2.782821983319221,-2.782821983319221,-2.782821983319221,-2.729182211992406,-2.761086276477428,-2.704965493776252,-2.761086276477428,-2.677945044588987,-2.677945044588987,-2.647651284670212,-2.7367008673047097,-2.7091848780192556,-2.647651284670212,-2.6135182051634334,-2.6135182051634334,-2.5748634360662868,-2.5748634360662868,-2.5748634360662868,-2.4668517113662407,-2.4668517113662407,-2.4149503129080676,-2.4149503129080676,0.0,0.0,0.0,0.0,0.0
8.400266729004215,tx,1a:00:00:00:00:00,-48,93.11268508817786,64,0.6561956642044064,5.913489700772043,0,0,0,0,0,0,0,0,0,0,0,0,-3,-10,-3,-11,-3,-10,-3,-11,-4,-11,-4,-11,-4,-11,-5,-11,-4,-11,-5,-11,-6,-11,-6,-11,-6,-11,-6,-11,-7,-11,-7,-11,-7,-11,-7,-11,-8,-11,-8,-11,-8,-11,-8,-11,-8,-11,-10,-11,-10,-11,-10,-12,0,0,-10,-12,-9,-12,-10,-13,-10,-12,-9,-13,-10,-13,-9,-13,-9,-13,-8,-13,-8,-12,-8,-12,-8,-12,-8,-12,-8,-12,-7,-12,-7,-12,-7,-11,-6,-11,-6,-12,-5,-11,-5,-11,-4,-11,-4,-11,-4,-11,-3,-11,-3,-10,0,0,0,0,0,0,0,0,0,0,0.0,0.0,0.0,0.0,0.0,0.0,10.44030650891055,11.40175425099138,10.44030650891055,11.40175425099138,11.704699910719626,11.704699910719626,11.704699910719626,12.083045973594572,11.704699910719626,12.083045973594572,12.529964086141668,12.529964086141668,12.529964086141668,12.529964086141668,13.038404810405298,13.038404810405298,13.038404810405298,13.038404810405298,13.601470508735444,13.601470508735444,13.601470508735444,13.601470508735444,13.601470508735444,14.866068747318506,14.866068747318506,15.620499351813308,0.0,15.620499351813308,15.0,16.401219466856727,15.620499351813308,15.811388300841896,16.401219466856727,15.811388300841896,15.811388300841896,15.264337522473747,14.422205101855956,14.422205101855956,14.422205101855956,14.422205101855956,14.422205101855956,13.892443989449804,13.892443989449804,13.038404810405298,12.529964086141668,13.416407864998739,12.083045973594572,12.083045973594572,11.704699910719626,11.704699910719626,11.704699910719626,11.40175425099138,10.44030650891055,0.0,0.0,0.0,0.0,0.0,0.0,0.0,0.0,0.0,0.0,0.0,-1.8622531212727638,-1.837048375945822,-1.8622531212727638,-1.837048375945822,-1.9195673303788037,-1.9195673303788037,-1.9195673303788037,-1.9974238199217726,-1.9195673303788037,-1.9974238199217726,-2.0701430484750265,-2.0701430484750265,-2.0701430484750265,-2.0701430484750265,-2.137525544318403,-2.137525544318403,-2.137525544318403,-2.137525544318403,-2.1995926132103296,-2.1995926132103296,-2.1995926132103296,-2.1995926132103296,-2.1995926132103296,-2.3086113869153615,-2.3086113869153615,-2.2655346029916,0.0,-2.2655346029916,-2.214297435588181,-2.2264919530364327,-2.2655346029916,-2.1763409903998667,-2.2264919530364327,-2.1763409903998667,-2.1763409903998667,-2.1224513093234436,-2.158798930342464,-2.158798930342464,-2.158798930342464,-2.158798930342464,-2.158798930342464,-2.0988707752212563,-2.0988707752212563,-2.137525544318403,-2.0701430484750265,-2.0344439357957027,-1.9974238199217726,-1.9974238199217726,-1.9195673303788037,-1.9195673303788037,-1.9195673303788037,-1.837048375945822,-1.8622531212727638,0.0,0.0,0.0,0.0,0.0
8.508914158999687,tx,1a:00:00:00:00:00,-48,93.11268508817786,64,0.6553115294953916,6.004903250790504,0,0,0,0,0,0,0,0,0,0,0,0,7,8,7,8,7,8,8,8,7,8,8,8,8,8,9,7,9,8,9,7,9,7,10,7,10,7,10,7,11,7,11,6,12,6,11,6,12,6,12,6,12,6,13,6,13,5,14,5,14,5,14,5,0,0,15,5,14,6,15,6,14,5,14,6,15,6,14,6,14,6,14,7,13,6,13,7,13,7,13,6,13,7,11,7,12,7,11,6,11,7,11,7,10,7,10,7,9,8,9,7,8,7,8,8,7,8,0,0,0,0,0,0,0,0,0,0,0.0,0.0,0.0,0.0,0.0,0.0,10.63014581273465,10.63014581273465,10.63014581273465,11.313708498984761,10.63014581273465,11.313708498984761,11.313708498984761,11.40175425099138,12.041594578792296,11.40175425099138,11.40175425099138,12.206555615733702,12.206555615733702,12.206555615733702,13.038404810405298,12.529964086141668,13.416407864998739,12.529964086141668,13.416407864998739,13.416407864998739,13.416407864998739,14.317821063276353,13.92838827718412,14.866068747318506,14.866068747318506,14.866068747318506,0.0,15.811388300841896,15.231546211727817,16.15549442140351,14.866068747318506,15.231546211727817,16.15549442140351,15.231546211727817,15.231546211727817,15.652475842498529,14.317821063276353,14.7648230602334,14.7648230602334,14.317821063276353,14.7648230602334,13.038404810405298,13.892443989449804,12.529964086141668,13.038404810405298,13.038404810405298,12.206555615733702,12.206555615733702,12.041594578792296,11.40175425099138,10.63014581273465,11.313708498984761,10.63014581273465,0.0,0.0,0.0,0.0,0.0,0.0,0.0,0.0,0.0,0.0,0.0,0.8519663271732721,0.8519663271732721,0.8519663271732721,0.7853981633974483,0.8519663271732721,0.7853981633974483,0.7853981633974483,0.6610431688506869,0.7266423406817256,0.6610431688506869,0.6610431688506869,0.6107259643892086,0.6107259643892086,0.6107259643892086,0.5667292175235064,0.4993467216801301,0.4636476090008061,0.4993467216801301,0.4636476090008061,0.4636476090008061,0.4636476090008061,0.43240777557053783,0.3671738338182192,0.3430239404207034,0.3430239404207034,0.3430239404207034,0.0,0.3217505543966422,0.40489178628508343,0.3805063771123649,0.3430239404207034,0.40489178628508343,0.3805063771123649,0.40489178628508343,0.40489178628508343,0.4636476090008061,0.43240777557053783,0.49394136891958124,0.49394136891958124,0.43240777557053783,0.49394136891958124,0.5667292175235064,0.5280744484263596,0.4993467216801301,0.5667292175235064,0.5667292175235064,0.6107259643892086,0.6107259643892086,0.7266423406817256,0.6610431688506869,0.7188299996216245,0.7853981633974483,0.8519663271732721,0.0,0.0,0.0,0.0,0.0
8.610154376998253,tx,1a:00:00:00:00:00,-48,93.11268508817786,64,0.6565211149659269,6.097383204925568,0,0,0,0,0,0,0,0,0,0,0,0,-6,-11,-5,-10,-6,-11,-6,-11,-7,-11,-6,-10,-7,-11,-7,-10,-8,-11,-8,-11,-8,-11,-8,-11,-9,-11,-9,-10,-9,-10,-11,-10,-10,-9,-11,-10,-11,-9,-11,-10,-11,-10,-12,-10,-12,-11,-12,-10,-13,-10,-12,-10,0,0,-13,-10,-14,-10,-13,-10,-14,-11,-13,-10,-13,-11,-13,-11,-13,-11,-13,-11,-12,-12,-12,-11,-11,-11,-11,-12,-10,-11,-12,-11,-10,-10,-10,-11,-9,-10,-9,-10,-9,-11,-8,-11,-8,-10,-7,-11,-6,-11,-6,-10,-5,-10,0,0,0,0,0,0,0,0,0,0,0.0,0.0,0.0,0.0,0.0,0.0,12.529964086141668,11.180339887498949,12.529964086141668,12.529964086141668,13.038404810405298,11.661903789690601,13.038404810405298,12.206555615733702,13.601470508735444,13.601470508735444,13.601470508735444,13.601470508735444,14.212670403551895,13.45362404707371,13.45362404707371,14.866068747318506,13.45362404707371,14.866068747318506,14.212670403551895,14.866068747318506,14.866068747318506,15.620499351813308,16.278820596099706,15.620499351813308,16.401219466856727,15.620499351813308,0.0,16.401219466856727,17.204650534085253,16.401219466856727,17.804493814764857,16.401219466856727,17.029386365926403,17.029386365926403,17.029386365926403,17.029386365926403,16.97056274847714,16.278820596099706,15.556349186104045,16.278820596099706,14.866068747318506,16.278820596099706,14.142135623730951,14.866068747318506,13.45362404707371,13.45362404707371,14.212670403551895,13.601470508735444,12.806248474865697,13.038404810405298,12.529964086141668,11.661903789690601,11.180339887498949,0.0,0.0,0.0,0.0,0.0,0.0,0.0,0.0,0.0,0.0,0.0,-2.0701430484750265,-2.0344439357957027,-2.0701430484750265,-2.0701430484750265,-2.137525544318403,-2.1112158270654806,-2.137525544318403,-2.1815222911841055,-2.1995926132103296,-2.1995926132103296,-2.1995926132103296,-2.1995926132103296,-2.256525837701183,-2.3036114285814033,-2.3036114285814033,-2.403777593469328,-2.408777551803287,-2.403777593469328,-2.455863142683507,-2.403777593469328,-2.403777593469328,-2.44685437739309,-2.399645385583876,-2.44685437739309,-2.485897027348257,-2.44685437739309,0.0,-2.485897027348257,-2.5213431676069717,-2.485897027348257,-2.4756234162106834,-2.485897027348257,-2.439335722080786,-2.439335722080786,-2.439335722080786,-2.439335722080786,-2.356194490192345,-2.399645385583876,-2.356194490192345,-2.312743594800814,-2.3086113869153615,-2.399645385583876,-2.356194490192345,-2.3086113869153615,-2.3036114285814033,-2.3036114285814033,-2.256525837701183,-2.1995926132103296,-2.2455372690184494,-2.137525544318403,-2.0701430484750265,-2.1112158270654806,-2.0344439357957027,0.0,0.0,0.0,0.0,0.0
8.719977419001225,tx,1a:00:00:00:00:00,-48,95.28048834485253,64,0.6588221542859632,6.190000455386087,0,0,0,0,0,0,0,0,0,0,0,0,-10,-6,-11,-6,-11,-6,-11,-6,-11,-6,-11,-5,-12,-5,-11,-5,-12,-5,-12,-5,-12,-5,-13,-5,-13,-4,-13,-4,-13,-3,-14,-3,-14,-3,-14,-2,-15,-2,-15,-2,-15,-2,-15,-1,-15,-1,-16,-1,-16,-1,-16,-1,0,0,-17,-1,-16,0,-17,-1,-17,0,-17,-1,-17,-1,-17,-1,-17,-1,-16,-1,-16,-2,-16,-2,-16,-2,-15,-3,-15,-2,-15,-2,-15,-2,-15,-3,-14,-3,-13,-3,-13,-3,-13,-3,-12,-3,-12,-4,-12,-5,-11,-5,-10,-5,0,0,0,0,0,0,0,0,0,0,0.0,0.0,0.0,0.0,0.0,0.0,11.661903789690601,12.529964086141668,12.529964086141668,12.529964086141668,12.529964086141668,12.083045973594572,13.0,12.083045973594572,13.0,13.0,13.0,13.92838827718412,13.601470508735444,13.601470508735444,13.341664064126334,14.317821063276353,14.317821063276353,14.142135623730951,15.132745950421556,15.132745950421556,15.132745950421556,15.033296378372908,15.033296378372908,16.0312195418814,16.0312195418814,16.0312195418814,0.0,17.029386365926403,16.0,17.029386365926403,17.0,17.029386365926403,17.029386365926403,17.029386365926403,17.029386365926403,16.0312195418814,16.1245154965971,16.1245154965971,16.1245154965971,15.297058540778355,15.132745950421556,15.132745950421556,15.132745950421556,15.297058540778355,14.317821063276353,13.341664064126334,13.341664064126334,13.341664064126334,12.36931687685298,12.649110640673518,13.0,12.083045973594572,11.180339887498949,0.0,0.0,0.0,0.0,0.0,0.0,0.0,0.0,0.0,0.0,0.0,-2.601173153319209,-2.642245931909663,-2.642245931909663,-2.642245931909663,-2.642245931909663,-2.714965160462917,-2.746801533890032,-2.714965160462917,-2.746801533890032,-2.746801533890032,-2.746801533890032,-2.774418819771574,-2.843093722003614,-2.843093722003614,-2.9147938055359073,-2.930499320367047,-2.930499320367047,-2.999695598985629,-3.0090411212931194,-3.0090411212931194,-3.0090411212931194,-3.0750244898139694,-3.0750244898139694,-3.079173843593836,-3.079173843593836,-3.079173843593836,0.0,-3.0828368308740703,3.141592653589793,-3.0828368308740703,3.141592653589793,-3.0828368308740703,-3.0828368308740703,-3.0828368308740703,-3.0828368308740703,-3.079173843593836,-3.017237659043032,-3.017237659043032,-3.017237659043032,-2.9441970937399127,-3.0090411212931194,-3.0090411212931194,-3.0090411212931194,-2.9441970937399127,-2.930499320367047,-2.9147938055359073,-2.9147938055359073,-2.9147938055359073,-2.896613990462929,-2.819842099193151,-2.746801533890032,-2.714965160462917,-2.677945044588987,0.0,0.0,0.0,0.0,0.0
8.82864105200133,tx,1a:00:00:00:00:00,-48,95.28048834485253,64,0.6590178198593051,6.282320286729499,0,0,0,0,0,0,0,0,0,0,0,0,4,9,4,9,5,9,5,9,5,9,5,9,6,9,6,9,6,9,6,9,6,9,7,9,7,9,7,9,8,9,8,9,8,9,8,9,9,9,9,9,9,9,10,9,10,9,10,9,11,9,11,9,0,0,11,9,11,9,11,10,11,10,11,10,11,10,11,10,10,11,10,10,10,10,9,10,9,10,8,10,8,10,8,10,8,10,7,10,7,10,7,10,6,9,6,10,5,10,5,10,4,10,4,10,3,9,0,0,0,0,0,0,0,0,0,0,0.0,0.0,0.0,0.0,0.0,0.0,9.848857801796104,9.848857801796104,10.295630140987,10.295630140987,10.295630140987,10.295630140987,10.816653826391969,10.816653826391969,10.816653826391969,10.816653826391969,10.816653826391969,11.40175425099138,11.40175425099138,11.40175425099138,12.041594578792296,12.041594578792296,12.041594578792296,12.041594578792296,12.727922061357855,12.727922061357855,12.727922061357855,13.45362404707371,13.45362404707371,13.45362404707371,14.212670403551895,14.212670403551895,0.0,14.212670403551895,14.212670403551895,14.866068747318506,14.866068747318506,14.866068747318506,14.866068747318506,14.866068747318506,14.866068747318506,14.142135623730951,14.142135623730951,13.45362404707371,13.45362404707371,12.806248474865697,12.806248474865697,12.806248474865697,12.806248474865697,12.206555615733702,12.206555615733702,12.206555615733702,10.816653826391969,11.661903789690601,11.180339887498949,11.180339887498949,10.770329614269007,10.770329614269007,9.486832980505138,0.0,0.0,0.0,0.0,0.0,0.0,0.0,0.0,0.0,0.0,0.0,1.1525719972156676,1.1525719972156676,1.0636978224025597,1.0636978224025597,1.0636978224025597,1.0636978224025597,0.982793723247329,0.982793723247329,0.982793723247329,0.982793723247329,0.982793723247329,0.9097531579442097,0.9097531579442097,0.9097531579442097,0.844153986113171,0.844153986113171,0.844153986113171,0.844153986113171,0.7853981633974483,0.7853981633974483,0.7853981633974483,0.7328151017865066,0.7328151017865066,0.7328151017865066,0.6857295109062863,0.6857295109062863,0.0,0.6857295109062863,0.6857295109062863,0.7378150601204649,0.7378150601204649,0.7378150601204649,0.7378150601204649,0.7378150601204649,0.8329812666744317,0.7853981633974483,0.7853981633974483,0.83798122500839,0.83798122500839,0.8960553845713439,0.8960553845713439,0.8960553845713439,0.8960553845713439,0.960070362405688,0.960070362405688,0.960070362405688,0.982793723247329,1.0303768265243125,1.1071487177940904,1.1071487177940904,1.1902899496825317,1.1902899496825317,1.2490457723982544,0.0,0.0,0.0,0.0,0.0
8.930897133002873,tx,1a:00:00:00:00:00,-49,95.28048834485253,64,0.6588182221734556,6.37425670232784,0,0,0,0,0,0,0,0,0,0,0,0,8,-7,7,-7,8,-8,7,-8,8,-8,7,-8,7,-9,7,-9,7,-9,7,-10,7,-10,7,-10,7,-10,7,-10,6,-11,6,-12,6,-11,6,-11,6,-12,6,-12,6,-12,6,-13,6,-13,6,-13,6,-13,6,-13,0,0,6,-14,6,-14,6,-14,6,-15,6,-14,7,-14,7,-14,7,-14,7,-13,7,-14,7,-13,8,-13,8,-13,7,-12,8,-11,8,-11,9,-12,7,-10,8,-9,8,-10,8,-11,7,-10,8,-8,9,-7,6,-9,6,-8,0,0,0,0,0,0,0,0,0,0,0.0,0.0,0.0,0.0,0.0,0.0,10.63014581273465,9.899494936611665,11.313708498984761,10.63014581273465,11.313708498984761,10.63014581273465,11.40175425099138,11.40175425099138,11.40175425099138,12.206555615733702,12.206555615733702,12.206555615733702,12.206555615733702,12.206555615733702,12.529964086141668,13.416407864998739,12.529964086141668,12.529964086141668,13.416407864998739,13.416407864998739,13.416407864998739,14.317821063276353,14.317821063276353,14.317821063276353,14.317821063276353,14.317821063276353,0.0,15.231546211727817,15.231546211727817,15.231546211727817,16.15549442140351,15.231546211727817,15.652475842498529,15.652475842498529,15.652475842498529,14.7648230602334,15.652475842498529,14.7648230602334,15.264337522473747,15.264337522473747,13.892443989449804,13.601470508735444,13.601470508735444,15.0,12.206555615733702,12.041594578792296,12.806248474865697,13.601470508735444,12.206555615733702,11.313708498984761,11.40175425099138,10.816653826391969,10.0,0.0,0.0,0.0,0.0,0.0,0.0,0.0,0.0,0.0,0.0,0.0,-0.7188299996216245,-0.7853981633974483,-0.7853981633974483,-0.8519663271732721,-0.7853981633974483,-0.8519663271732721,-0.9097531579442097,-0.9097531579442097,-0.9097531579442097,-0.960070362405688,-0.960070362405688,-0.960070362405688,-0.960070362405688,-0.960070362405688,-1.0714496051147666,-1.1071487177940904,-1.0714496051147666,-1.0714496051147666,-1.1071487177940904,-1.1071487177940904,-1.1071487177940904,-1.1383885512243588,-1.1383885512243588,-1.1383885512243588,-1.1383885512243588,-1.1383885512243588,0.0,-1.1659045405098132,-1.1659045405098132,-1.1659045405098132,-1.1902899496825317,-1.1659045405098132,-1.1071487177940904,-1.1071487177940904,-1.1071487177940904,-1.0768549578753155,-1.1071487177940904,-1.0768549578753155,-1.0191413442663497,-1.0191413442663497,-1.042721878368537,-0.9420000403794636,-0.9420000403794636,-0.9272952180016122,-0.960070362405688,-0.844153986113171,-0.8960553845713439,-0.9420000403794636,-0.960070362405688,-0.7853981633974483,-0.6610431688506869,-0.982793723247329,-0.9272952180016122,0.0,0.0,0.0,0.0,0.0
9.039252239002963,tx,1a:00:00:00:00:00,-48,95.28048834485253,64,0.65843756989825,6.465868280016721,0,0,0,0,0,0,0,0,0,0,0,0,8,-7,8,-7,8,-8,8,-8,8,-8,8,-8,8,-9,7,-9,8,-9,7,-10,8,-10,7,-10,7,-10,7,-11,7,-11,6,-12,6,-12,6,-12,6,-13,6,-13,6,-13,6,-14,6,-13,6,-14,6,-14,6,-14,0,0,6,-15,6,-15,6,-15,5,-15,6,-15,6,-16,6,-15,6,-15,6,-15,7,-14,7,-14,7,-14,7,-13,7,-13,7,-13,7,-12,7,-12,7,-11,7,-11,7,-11,7,-11,7,-10,7,-10,7,-9,7,-8,8,-8,0,0,0,0,0,0,0,0,0,0,0.0,0.0,0.0,0.0,0.0,0.0,10.63014581273465,10.63014581273465,11.313708498984761,11.313708498984761,11.313708498984761,11.313708498984761,12.041594578792296,11.40175425099138,12.041594578792296,12.206555615733702,12.806248474865697,12.206555615733702,12.206555615733702,13.038404810405298,13.038404810405298,13.416407864998739,13.416407864998739,13.416407864998739,14.317821063276353,14.317821063276353,14.317821063276353,15.231546211727817,14.317821063276353,15.231546211727817,15.231546211727817,15.231546211727817,0.0,16.15549442140351,16.15549442140351,16.15549442140351,15.811388300841896,16.15549442140351,17.08800749063506,16.15549442140351,16.15549442140351,16.15549442140351,15.652475842498529,15.652475842498529,15.652475842498529,14.7648230602334,14.7648230602334,14.7648230602334,13.892443989449804,13.892443989449804,13.038404810405298,13.038404810405298,13.038404810405298,13.038404810405298,12.206555615733702,12.206555615733702,11.40175425099138,10.63014581273465,11.313708498984761,0.0,0.0,0.0,0.0,0.0,0.0,0.0,0.0,0.0,0.0,0.0,-0.7188299996216245,-0.7188299996216245,-0.7853981633974483,-0.7853981633974483,-0.7853981633974483,-0.7853981633974483,-0.844153986113171,-0.9097531579442097,-0.844153986113171,-0.960070362405688,-0.8960553845713439,-0.960070362405688,-0.960070362405688,-1.0040671092713902,-1.0040671092713902,-1.1071487177940904,-1.1071487177940904,-1.1071487177940904,-1.1383885512243588,-1.1383885512243588,-1.1383885512243588,-1.1659045405098132,-1.1383885512243588,-1.1659045405098132,-1.1659045405098132,-1.1659045405098132,0.0,-1.1902899496825317,-1.1902899496825317,-1.1902899496825317,-1.2490457723982544,-1.1902899496825317,-1.2120256565243244,-1.1902899496825317,-1.1902899496825317,-1.1902899496825317,-1.1071487177940904,-1.1071487177940904,-1.1071487177940904,-1.0768549578753155,-1.0768549578753155,-1.0768549578753155,-1.042721878368537,-1.042721878368537,-1.0040671092713902,-1.0040671092713902,-1.0040671092713902,-1.0040671092713902,-0.960070362405688,-0.960070362405688,-0.9097531579442097,-0.8519663271732721,-0.7853981633974483,0.0,0.0,0.0,0.0,0.0
9.140020940998511,tx,1a:00:00:00:00:00,-48,95.28048834485253,64,0.6591227610640898,6.557273810801988,0,0,0,0,0,0,0,0,0,0,0,0,-11,-4,-11,-4,-12,-4,-12,-3,-12,-3,-11,-3,-12,-2,-12,-3,-12,-2,-13,-2,-13,-2,-13,-2,-13,-1,-13,-1,-13,-1,-14,0,-14,0,-15,0,-14,1,-15,1,-15,1,-15,2,-16,1,-15,2,-16,2,-15,2,0,0,-16,2,-16,3,-16,2,-17,3,-16,2,-17,2,-17,2,-17,2,-16,2,-17,1,-16,1,-16,0,-15,0,-15,0,-15,1,-14,0,-15,-1,-14,0,-13,-1,-13,-1,-13,-1,-13,-1,-13,-2,-12,-3,-12,-3,-11,-4,0,0,0,0,0,0,0,0,0,0,0.0,0.0,0.0,0.0,0.0,0.0,11.704699910719626,11.704699910719626,12.649110640673518,12.36931687685298,12.36931687685298,11.40175425099138,12.165525060596439,12.36931687685298,12.165525060596439,13.152946437965905,13.152946437965905,13.152946437965905,13.038404810405298,13.038404810405298,13.038404810405298,14.0,14.0,15.0,14.035668847618199,15.033296378372908,15.033296378372908,15.132745950421556,16.0312195418814,15.132745950421556,16.1245154965971,15.132745950421556,0.0,16.1245154965971,16.278820596099706,16.1245154965971,17.26267650163207,16.1245154965971,17.11724276862369,17.11724276862369,17.11724276862369,16.1245154965971,17.029386365926403,16.0312195418814,16.0,15.0,15.0,15.033296378372908,14.0,15.033296378372908,14.0,13.038404810405298,13.038404810405298,13.038404810405298,13.038404810405298,13.152946437965905,12.36931687685298,12.36931687685298,11.704699910719626,0.0,0.0,0.0,0.0,0.0,0.0,0.0,0.0,0.0,0.0,0.0,-2.7928216500058864,-2.7928216500058864,-2.819842099193151,-2.896613990462929,-2.896613990462929,-2.875340604438868,-2.976443976175166,-2.896613990462929,-2.976443976175166,-2.988943325194528,-2.988943325194528,-2.988943325194528,-3.064820762320015,-3.064820762320015,-3.064820762320015,3.141592653589793,3.141592653589793,3.141592653589793,3.070285188804503,3.0750244898139694,3.0750244898139694,3.0090411212931194,3.079173843593836,3.0090411212931194,3.017237659043032,3.0090411212931194,0.0,3.017237659043032,2.9562447035940984,3.017237659043032,2.9669204545815537,3.017237659043032,3.024483909022929,3.024483909022929,3.024483909022929,3.017237659043032,3.0828368308740703,3.079173843593836,3.141592653589793,3.141592653589793,3.141592653589793,3.0750244898139694,3.141592653589793,-3.0750244898139694,3.141592653589793,-3.064820762320015,-3.064820762320015,-3.064820762320015,-3.064820762320015,-2.988943325194528,-2.896613990462929,-2.896613990462929,-2.7928216500058864,0.0,0.0,0.0,0.0,0.0
9.24898449700413,tx,1a:00:00:00:00:00,-48,95.28048834485253,64,0.6586514623774312,6.648561291711632,0,0,0,0,0,0,0,0,0,0,0,0,5,9,5,9,6,9,6,9,6,10,6,9,7,9,7,9,7,9,8,9,8,9,8,9,8,9,8,9,8,9,10,8,10,8,10,9,10,8,11,8,11,8,11,8,12,8,12,8,12,8,12,8,0,0,12,9,13,9,12,8,13,9,12,9,13,9,12,9,12,10,12,9,12,10,12,9,11,9,10,9,10,9,10,9,9,9,9,10,9,9,8,9,8,9,7,9,7,9,7,9,6,9,6,9,5,9,0,0,0,0,0,0,0,0,0,0,0.0,0.0,0.0,0.0,0.0,0.0,10.295630140987,10.295630140987,10.816653826391969,10.816653826391969,11.661903789690601,10.816653826391969,11.40175425099138,11.40175425099138,11.40175425099138,12.041594578792296,12.041594578792296,12.041594578792296,12.041594578792296,12.041594578792296,12.041594578792296,12.806248474865697,12.806248474865697,13.45362404707371,12.806248474865697,13.601470508735444,13.601470508735444,13.601470508735444,14.422205101855956,14.422205101855956,14.422205101855956,14.422205101855956,0.0,15.0,15.811388300841896,14.422205101855956,15.811388300841896,15.0,15.811388300841896,15.0,15.620499351813308,15.0,15.620499351813308,15.0,14.212670403551895,13.45362404707371,13.45362404707371,13.45362404707371,12.727922061357855,13.45362404707371,12.727922061357855,12.041594578792296,12.041594578792296,11.40175425099138,11.40175425099138,11.40175425099138,10.816653826391969,10.816653826391969,10.295630140987,0.0,0.0,0.0,0.0,0.0,0.0,0.0,0.0,0.0,0.0,0.0,1.0636978224025597,1.0636978224025597,0.982793723247329,0.982793723247329,1.0303768265243125,0.982793723247329,0.9097531579442097,0.9097531579442097,0.9097531579442097,0.844153986113171,0.844153986113171,0.844153986113171,0.844153986113171,0.844153986113171,0.844153986113171,0.6747409422235526,0.6747409422235526,0.7328151017865066,0.6747409422235526,0.628796286415433,0.628796286415433,0.628796286415433,0.5880026035475675,0.5880026035475675,0.5880026035475675,0.5880026035475675,0.0,0.6435011087932844,0.6055446636049701,0.5880026035475675,0.6055446636049701,0.6435011087932844,0.6055446636049701,0.6435011087932844,0.6947382761967031,0.6435011087932844,0.6947382761967031,0.6435011087932844,0.6857295109062863,0.7328151017865066,0.7328151017865066,0.7328151017865066,0.7853981633974483,0.83798122500839,0.7853981633974483,0.844153986113171,0.844153986113171,0.9097531579442097,0.9097531579442097,0.9097531579442097,0.982793723247329,0.982793723247329,1.0636978224025597,0.0,0.0,0.0,0.0,0.0
9.349268739002582,tx,1a:00:00:00:00:00,-48,95.28048834485253,64,0.6584306297967092,6.739744525058327,0,0,0,0,0,0,0,0,0,0,0,0,7,-9,7,-9,7,-9,7,-10,7,-10,7,-10,7,-10,6,-10,7,-10,6,-11,6,-11,6,-12,6,-12,5,-12,5,-13,5,-12,5,-13,4,-13,5,-13,5,-13,5,-14,5,-14,4,-14,4,-15,4,-15,4,-15,0,0,4,-16,5,-16,5,-16,4,-15,5,-15,5,-16,6,-15,6,-15,6,-15,5,-14,6,-15,6,-14,6,-14,6,-14,6,-13,7,-13,6,-12,6,-12,6,-11,7,-11,7,-11,7,-10,7,-10,7,-9,7,-9,8,-8,0,0,0,0,0,0,0,0,0,0,0.0,0.0,0.0,0.0,0.0,0.0,11.40175425099138,11.40175425099138,11.40175425099138,12.206555615733702,12.206555615733702,12.206555615733702,12.206555615733702,11.661903789690601,12.206555615733702,12.529964086141668,12.529964086141668,13.416407864998739,13.416407864998739,13.0,13.92838827718412,13.0,13.92838827718412,13.601470508735444,13.92838827718412,13.92838827718412,14.866068747318506,14.866068747318506,14.560219778561036,15.524174696260024,15.524174696260024,15.524174696260024,0.0,16.492422502470642,16.76305461424021,16.76305461424021,15.524174696260024,15.811388300841896,16.76305461424021,16.15549442140351,16.15549442140351,16.15549442140351,14.866068747318506,16.15549442140351,15.231546211727817,15.231546211727817,15.231546211727817,14.317821063276353,14.7648230602334,13.416407864998739,13.416407864998739,12.529964086141668,13.038404810405298,13.038404810405298,12.206555615733702,12.206555615733702,11.40175425099138,11.40175425099138,11.313708498984761,0.0,0.0,0.0,0.0,0.0,0.0,0.0,0.0,0.0,0.0,0.0,-0.9097531579442097,-0.9097531579442097,-0.9097531579442097,-0.960070362405688,-0.960070362405688,-0.960070362405688,-0.960070362405688,-1.0303768265243125,-0.960070362405688,-1.0714496051147666,-1.0714496051147666,-1.1071487177940904,-1.1071487177940904,-1.176005207095135,-1.2036224929766774,-1.176005207095135,-1.2036224929766774,-1.2722973952087173,-1.2036224929766774,-1.2036224929766774,-1.2277723863741932,-1.2277723863741932,-1.2924966677897853,-1.3101939350475555,-1.3101939350475555,-1.3101939350475555,0.0,-1.3258176636680326,-1.2679114584199251,-1.2679114584199251,-1.3101939350475555,-1.2490457723982544,-1.2679114584199251,-1.1902899496825317,-1.1902899496825317,-1.1902899496825317,-1.2277723863741932,-1.1902899496825317,-1.1659045405098132,-1.1659045405098132,-1.1659045405098132,-1.1383885512243588,-1.0768549578753155,-1.1071487177940904,-1.1071487177940904,-1.0714496051147666,-1.0040671092713902,-1.0040671092713902,-0.960070362405688,-0.960070362405688,-0.9097531579442097,-0.9097531579442097,-0.7853981633974483,0.0,0.0,0.0,0.0,0.0
9.460061577003216,tx,1a:00:00:00:00:00,-48,95.28048834485253,64,0.65808807778244,6.830728852893891,0,0,0,0,0,0,0,0,0,0,0,0,-10,-5,-10,-5,-10,-5,-10,-5,-11,-5,-11,-5,-11,-5,-11,-4,-11,-5,-11,-4,-12,-4,-12,-4,-12,-3,-12,-3,-13,-3,-13,-3,-13,-3,-13,-2,-14,-2,-14,-2,-14,-2,-14,-2,-14,-2,-14,-1,-15,-1,-15,-1,0,0,-16,-1,-15,-2,-16,-1,-15,-1,-15,-2,-16,-2,-16,-2,-15,-2,-15,-3,-14,-2,-15,-2,-14,-3,-14,-3,-14,-3,-13,-3,-14,-4,-13,-4,-12,-4,-12,-4,-12,-4,-12,-4,-11,-5,-11,-5,-10,-5,-10,-5,-9,-6,0,0,0,0,0,0,0,0,0,0,0.0,0.0,0.0,0.0,0.0,0.0,11.180339887498949,11.180339887498949,11.180339887498949,11.180339887498949,12.083045973594572,12.083045973594572,12.083045973594572,11.704699910719626,12.083045973594572,11.704699910719626,12.649110640673518,12.649110640673518,12.36931687685298,12.36931687685298,13.341664064126334,13.341664064126334,13.341664064126334,13.152946437965905,14.142135623730951,14.142135623730951,14.142135623730951,14.142135623730951,14.142135623730951,14.035668847618199,15.033296378372908,15.033296378372908,0.0,16.0312195418814,15.132745950421556,16.0312195418814,15.033296378372908,15.132745950421556,16.1245154965971,16.1245154965971,15.132745950421556,15.297058540778355,14.142135623730951,15.132745950421556,14.317821063276353,14.317821063276353,14.317821063276353,13.341664064126334,14.560219778561036,13.601470508735444,12.649110640673518,12.649110640673518,12.649110640673518,12.649110640673518,12.083045973594572,12.083045973594572,11.180339887498949,11.180339887498949,10.816653826391969,0.0,0.0,0.0,0.0,0.0,0.0,0.0,0.0,0.0,0.0,0.0,-2.677945044588987,-2.677945044588987,-2.677945044588987,-2.677945044588987,-2.714965160462917,-2.714965160462917,-2.714965160462917,-2.7928216500058864,-2.714965160462917,-2.7928216500058864,-2.819842099193151,-2.819842099193151,-2.896613990462929,-2.896613990462929,-2.9147938055359073,-2.9147938055359073,-2.9147938055359073,-2.988943325194528,-2.999695598985629,-2.999695598985629,-2.999695598985629,-2.999695598985629,-2.999695598985629,-3.070285188804503,-3.0750244898139694,-3.0750244898139694,0.0,-3.079173843593836,-3.0090411212931194,-3.079173843593836,-3.0750244898139694,-3.0090411212931194,-3.017237659043032,-3.017237659043032,-3.0090411212931194,-2.9441970937399127,-2.999695598985629,-3.0090411212931194,-2.930499320367047,-2.930499320367047,-2.930499320367047,-2.9147938055359073,-2.8632929945846817,-2.843093722003614,-2.819842099193151,-2.819842099193151,-2.819842099193151,-2.819842099193151,-2.714965160462917,-2.714965160462917,-2.677945044588987,-2.677945044588987,-2.5535900500422257,0.0,0.0,0.0,0.0,0.0
9.561734763999993,tx,1a:00:00:00:00:00,-48,95.28048834485253,64,0.657733278249893,6.921299437539811,0,0,0,0,0,0,0,0,0,0,0,0,-10,-5,-10,-5,-10,-5,-10,-5,-11,-5,-10,-5,-11,-5,-11,-5,-11,-5,-12,-4,-12,-4,-12,-4,-12,-4,-12,-4,-12,-3,-13,-3,-13,-3,-13,-3,-13,-2,-14,-2,-14,-2,-14,-2,-15,-2,-14,-2,-15,-2,-15,-2,0,0,-15,-2,-16,-2,-15,-1,-16,-2,-15,-2,-16,-2,-15,-2,-15,-3,-15,-3,-15,-3,-14,-3,-14,-4,-14,-4,-14,-3,-14,-4,-13,-4,-13,-4,-12,-4,-12,-4,-12,-4,-11,-5,-11,-5,-11,-5,-10,-5,-10,-6,-9,-6,0,0,0,0,0,0,0,0,0,0,0.0,0.0,0.0,0.0,0.0,0.0,11.180339887498949,11.180339887498949,11.180339887498949,11.180339887498949,12.083045973594572,11.180339887498949,12.083045973594572,12.083045973594572,12.083045973594572,12.649110640673518,12.649110640673518,12.649110640673518,12.649110640673518,12.649110640673518,12.36931687685298,13.341664064126334,13.341664064126334,13.341664064126334,13.152946437965905,14.142135623730951,14.142135623730951,14.142135623730951,15.132745950421556,14.142135623730951,15.132745950421556,15.132745950421556,0.0,15.132745950421556,16.1245154965971,15.033296378372908,16.1245154965971,15.132745950421556,16.1245154965971,15.132745950421556,15.297058540778355,15.297058540778355,15.297058540778355,14.317821063276353,14.560219778561036,14.560219778561036,14.317821063276353,14.560219778561036,13.601470508735444,13.601470508735444,12.649110640673518,12.649110640673518,12.649110640673518,12.083045973594572,12.083045973594572,12.083045973594572,11.180339887498949,11.661903789690601,10.816653826391969,0.0,0.0,0.0,0.0,0.0,0.0,0.0,0.0,0.0,0.0,0.0,-2.677945044588987,-2.677945044588987,-2.677945044588987,-2.677945044588987,-2.714965160462917,-2.677945044588987,-2.714965160462917,-2.714965160462917,-2.714965160462917,-2.819842099193151,-2.819842099193151,-2.819842099193151,-2.819842099193151,-2.819842099193151,-2.896613990462929,-2.9147938055359073,-2.9147938055359073,-2.9147938055359073,-2.988943325194528,-2.999695598985629,-2.999695598985629,-2.999695598985629,-3.0090411212931194,-2.999695598985629,-3.0090411212931194,-3.0090411212931194,0.0,-3.0090411212931194,-3.017237659043032,-3.0750244898139694,-3.017237659043032,-3.0090411212931194,-3.017237659043032,-3.0090411212931194,-2.9441970937399127,-2.9441970937399127,-2.9441970937399127,-2.930499320367047,-2.8632929945846817,-2.8632929945846817,-2.930499320367047,-2.8632929945846817,-2.843093722003614,-2.843093722003614,-2.819842099193151,-2.819842099193151,-2.819842099193151,-2.714965160462917,-2.714965160462917,-2.714965160462917,-2.677945044588987,-2.601173153319209,-2.5535900500422257,0.0,0.0,0.0,0.0,0.0
9.669696598997689,tx,1a:00:00:00:00:00,-48,95.28048834485253,64,0.657533806306755,7.011148904427774,0,0,0,0,0,0,0,0,0,0,0,0,6,-8,6,-8,7,-9,6,-9,6,-9,6,-9,6,-10,6,-9,5,-10,6,-10,6,-10,6,-11,6,-11,5,-11,5,-11,5,-12,4,-12,5,-12,4,-12,4,-13,4,-13,4,-13,4,-13,4,-14,4,-14,4,-14,0,0,4,-14,4,-15,4,-14,4,-15,4,-15,4,-15,4,-15,5,-14,5,-14,5,-14,5,-14,5,-13,6,-13,6,-12,5,-12,5,-12,6,-12,6,-11,5,-11,6,-10,6,-10,6,-10,7,-9,7,-9,6,-8,7,-7,0,0,0,0,0,0,0,0,0,0,0.0,0.0,0.0,0.0,0.0,0.0,10.0,10.0,11.40175425099138,10.816653826391969,10.816653826391969,10.816653826391969,11.661903789690601,10.816653826391969,11.180339887498949,11.661903789690601,11.661903789690601,12.529964086141668,12.529964086141668,12.083045973594572,12.083045973594572,13.0,12.649110640673518,13.0,12.649110640673518,13.601470508735444,13.601470508735444,13.601470508735444,13.601470508735444,14.560219778561036,14.560219778561036,14.560219778561036,0.0,14.560219778561036,15.524174696260024,14.560219778561036,15.524174696260024,15.524174696260024,15.524174696260024,15.524174696260024,14.866068747318506,14.866068747318506,14.866068747318506,14.866068747318506,13.92838827718412,14.317821063276353,13.416407864998739,13.0,13.0,13.416407864998739,12.529964086141668,12.083045973594572,11.661903789690601,11.661903789690601,11.661903789690601,11.40175425099138,11.40175425099138,10.0,9.899494936611665,0.0,0.0,0.0,0.0,0.0,0.0,0.0,0.0,0.0,0.0,0.0,-0.9272952180016122,-0.9272952180016122,-0.9097531579442097,-0.982793723247329,-0.982793723247329,-0.982793723247329,-1.0303768265243125,-0.982793723247329,-1.1071487177940904,-1.0303768265243125,-1.0303768265243125,-1.0714496051147666,-1.0714496051147666,-1.1441688336680205,-1.1441688336680205,-1.176005207095135,-1.2490457723982544,-1.176005207095135,-1.2490457723982544,-1.2722973952087173,-1.2722973952087173,-1.2722973952087173,-1.2722973952087173,-1.2924966677897853,-1.2924966677897853,-1.2924966677897853,0.0,-1.2924966677897853,-1.3101939350475555,-1.2924966677897853,-1.3101939350475555,-1.3101939350475555,-1.3101939350475555,-1.3101939350475555,-1.2277723863741932,-1.2277723863741932,-1.2277723863741932,-1.2277723863741932,-1.2036224929766774,-1.1383885512243588,-1.1071487177940904,-1.176005207095135,-1.176005207095135,-1.1071487177940904,-1.0714496051147666,-1.1441688336680205,-1.0303768265243125,-1.0303768265243125,-1.0303768265243125,-0.9097531579442097,-0.9097531579442097,-0.9272952180016122,-0.7853981633974483,0.0,0.0,0.0,0.0,0.0
9.770453655997699,tx,1a:00:00:00:00:00,-48,91.8259036879922,64,0.6576351098416694,7.16043832465962,0,0,0,0,0,0,0,0,0,0,0,0,3,-11,3,-11,3,-12,3,-12,2,-12,2,-12,2,-12,2,-12,2,-13,1,-13,1,-13,1,-13,1,-14,0,-14,0,-14,-1,-14,-1,-14,-1,-14,-2,-14,-2,-15,-2,-15,-2,-15,-2,-15,-3,-15,-3,-16,-3,-16,0,0,-3,-16,-3,-17,-3,-16,-4,-17,-3,-16,-3,-17,-2,-17,-2,-17,-2,-17,-2,-16,-2,-16,-2,-16,-1,-16,-1,-15,-1,-15,-1,-14,-1,-15,-1,-14,0,-14,0,-13,0,-13,1,-13,1,-13,1,-12,2,-12,2,-11,0,0,0,0,0,0,0,0,0,0,0.0,0.0,0.0,0.0,0.0,0.0,11.40175425099138,11.40175425099138,12.36931687685298,12.36931687685298,12.165525060596439,12.165525060596439,12.165525060596439,12.165525060596439,13.152946437965905,13.038404810405298,13.038404810405298,13.038404810405298,14.035668847618199,14.0,14.0,14.035668847618199,14.035668847618199,14.035668847618199,14.142135623730951,15.132745950421556,15.132745950421556,15.132745950421556,15.132745950421556,15.297058540778355,16.278820596099706,16.278820596099706,0.0,16.278820596099706,17.26267650163207,16.278820596099706,17.46424919657298,16.278820596099706,17.26267650163207,17.11724276862369,17.11724276862369,17.11724276862369,16.1245154965971,16.1245154965971,16.1245154965971,16.0312195418814,15.033296378372908,15.033296378372908,14.035668847618199,15.033296378372908,14.035668847618199,14.0,13.0,13.0,13.038404810405298,13.038404810405298,12.041594578792296,12.165525060596439,11.180339887498949,0.0,0.0,0.0,0.0,0.0,0.0,0.0,0.0,0.0,0.0,0.0,-1.3045442776439713,-1.3045442776439713,-1.3258176636680326,-1.3258176636680326,-1.4056476493802699,-1.4056476493802699,-1.4056476493802699,-1.4056476493802699,-1.4181469983996315,-1.4940244355251187,-1.4940244355251187,-1.4940244355251187,-1.4994888620096063,-1.5707963267948966,-1.5707963267948966,-1.642103791580187,-1.642103791580187,-1.642103791580187,-1.7126933813990606,-1.7033478590915707,-1.7033478590915707,-1.7033478590915707,-1.7033478590915707,-1.7681918866447774,-1.7561442767905915,-1.7561442767905915,0.0,-1.7561442767905915,-1.7454685258031364,-1.7561442767905915,-1.8018869939907938,-1.7561442767905915,-1.7454685258031364,-1.687905071361761,-1.687905071361761,-1.687905071361761,-1.695151321341658,-1.695151321341658,-1.695151321341658,-1.633215136790854,-1.6373644905707205,-1.6373644905707205,-1.642103791580187,-1.6373644905707205,-1.642103791580187,-1.5707963267948966,-1.5707963267948966,-1.5707963267948966,-1.4940244355251187,-1.4940244355251187,-1.4876550949064553,-1.4056476493802699,-1.3909428270024184,0.0,0.0,0.0,0.0,0.0
9.8793476130013,tx,1a:00:00:00:00:00,-49,91.8259036879922,64,0.6585843205987327,7.272114882702041,0,0,0,0,0,0,0,0,0,0,0,0,-1,10,-1,10,-1,11,-1,10,0,11,0,10,0,11,1,11,1,11,1,12,1,11,1,12,1,12,1,12,2,12,3,12,3,11,3,12,4,12,4,12,4,13,5,13,4,13,5,13,5,13,5,13,0,0,5,13,5,14,5,13,6,14,5,13,5,14,4,14,4,14,5,14,4,15,3,13,3,14,3,13,3,13,3,13,2,12,2,13,2,11,2,12,1,11,1,11,0,11,0,11,-1,11,-1,10,-2,10,0,0,0,0,0,0,0,0,0,0,0.0,0.0,0.0,0.0,0.0,0.0,10.04987562112089,10.04987562112089,11.045361017187261,10.04987562112089,11.0,10.0,11.0,11.045361017187261,11.045361017187261,12.041594578792296,11.045361017187261,12.041594578792296,12.041594578792296,12.041594578792296,12.165525060596439,12.36931687685298,11.40175425099138,12.36931687685298,12.649110640673518,12.649110640673518,13.601470508735444,13.92838827718412,13.601470508735444,13.92838827718412,13.92838827718412,13.92838827718412,0.0,13.92838827718412,14.866068747318506,13.92838827718412,15.231546211727817,13.92838827718412,14.866068747318506,14.560219778561036,14.560219778561036,14.866068747318506,15.524174696260024,13.341664064126334,14.317821063276353,13.341664064126334,13.341664064126334,13.341664064126334,12.165525060596439,13.152946437965905,11.180339887498949,12.165525060596439,11.045361017187261,11.045361017187261,11.0,11.0,11.045361017187261,10.04987562112089,10.198039027185569,0.0,0.0,0.0,0.0,0.0,0.0,0.0,0.0,0.0,0.0,0.0,1.6704649792860586,1.6704649792860586,1.6614562139956417,1.6704649792860586,1.5707963267948966,1.5707963267948966,1.5707963267948966,1.4801364395941514,1.4801364395941514,1.4876550949064553,1.4801364395941514,1.4876550949064553,1.4876550949064553,1.4876550949064553,1.4056476493802699,1.3258176636680326,1.3045442776439713,1.3258176636680326,1.2490457723982544,1.2490457723982544,1.2722973952087173,1.2036224929766774,1.2722973952087173,1.2036224929766774,1.2036224929766774,1.2036224929766774,0.0,1.2036224929766774,1.2277723863741932,1.2036224929766774,1.1659045405098132,1.2036224929766774,1.2277723863741932,1.2924966677897853,1.2924966677897853,1.2277723863741932,1.3101939350475555,1.3439974787410107,1.35970299357215,1.3439974787410107,1.3439974787410107,1.3439974787410107,1.4056476493802699,1.4181469983996315,1.3909428270024184,1.4056476493802699,1.4801364395941514,1.4801364395941514,1.5707963267948966,1.5707963267948966,1.6614562139956417,1.6704649792860586,1.7681918866447774,0.0,0.0,0.0,0.0,0.0
9.979539161002322,tx,1a:00:00:00:00:00,-48,91.8259036879922,64,0.6590319383519132,7.362219530846772,0,0,0,0,0,0,0,0,0,0,0,0,4,-11,3,-11,3,-12,3,-11,3,-12,3,-11,3,-12,3,-12,2,-12,3,-13,3,-13,2,-13,2,-13,2,-13,1,-13,0,-14,0,-14,0,-14,0,-14,0,-15,0,-15,-1,-15,0,-15,-1,-16,0,-16,-1,-15,0,0,-1,-16,-1,-17,-1,-16,-1,-17,-1,-16,-1,-17,0,-17,0,-17,0,-16,1,-16,1,-16,1,-15,1,-15,2,-14,1,-15,1,-14,2,-15,2,-13,2,-13,2,-13,3,-12,3,-12,4,-12,4,-11,4,-11,4,-10,0,0,0,0,0,0,0,0,0,0,0.0,0.0,0.0,0.0,0.0,0.0,11.704699910719626,11.40175425099138,12.36931687685298,11.40175425099138,12.36931687685298,11.40175425099138,12.36931687685298,12.36931687685298,12.165525060596439,13.341664064126334,13.341664064126334,13.152946437965905,13.152946437965905,13.152946437965905,13.038404810405298,14.0,14.0,14.0,14.0,15.0,15.0,15.033296378372908,15.0,16.0312195418814,16.0,15.033296378372908,0.0,16.0312195418814,17.029386365926403,16.0312195418814,17.029386365926403,16.0312195418814,17.029386365926403,17.0,17.0,16.0,16.0312195418814,16.0312195418814,15.033296378372908,15.033296378372908,14.142135623730951,15.033296378372908,14.035668847618199,15.132745950421556,13.152946437965905,13.152946437965905,13.152946437965905,12.36931687685298,12.36931687685298,12.649110640673518,11.704699910719626,11.704699910719626,10.770329614269007,0.0,0.0,0.0,0.0,0.0,0.0,0.0,0.0,0.0,0.0,0.0,-1.2220253232109897,-1.3045442776439713,-1.3258176636680326,-1.3045442776439713,-1.3258176636680326,-1.3045442776439713,-1.3258176636680326,-1.3258176636680326,-1.4056476493802699,-1.3439974787410107,-1.3439974787410107,-1.4181469983996315,-1.4181469983996315,-1.4181469983996315,-1.4940244355251187,-1.5707963267948966,-1.5707963267948966,-1.5707963267948966,-1.5707963267948966,-1.5707963267948966,-1.5707963267948966,-1.6373644905707205,-1.5707963267948966,-1.633215136790854,-1.5707963267948966,-1.6373644905707205,0.0,-1.633215136790854,-1.6295521495106193,-1.633215136790854,-1.6295521495106193,-1.633215136790854,-1.6295521495106193,-1.5707963267948966,-1.5707963267948966,-1.5707963267948966,-1.5083775167989393,-1.5083775167989393,-1.5042281630190728,-1.5042281630190728,-1.4288992721907328,-1.5042281630190728,-1.4994888620096063,-1.4382447944982226,-1.4181469983996315,-1.4181469983996315,-1.4181469983996315,-1.3258176636680326,-1.3258176636680326,-1.2490457723982544,-1.2220253232109897,-1.2220253232109897,-1.1902899496825317,0.0,0.0,0.0,0.0,0.0
10.089369615001488,tx,1a:00:00:00:00:00,-49,91.8259036879922,64,0.6592679516339368,7.440283029544045,0,0,0,0,0,0,0,0,0,0,0,0,8,7,8,7,8,7,9,7,9,6,9,6,10,6,10,6,10,6,10,6,11,6,11,5,11,5,11,5,12,5,12,4,12,4,12,4,13,4,13,3,13,4,13,3,14,3,14,3,15,3,14,3,0,0,15,3,15,3,15,3,15,3,15,3,16,3,15,3,15,4,15,4,15,4,15,4,14,4,13,4,13,4,13,4,13,4,13,5,12,5,12,4,11,4,11,5,10,5,10,5,10,6,9,5,8,6,0,0,0,0,0,0,0,0,0,0,0.0,0.0,0.0,0.0,0.0,0.0,10.63014581273465,10.63014581273465,10.63014581273465,11.40175425099138,10.816653826391969,10.816653826391969,11.661903789690601,11.661903789690601,11.661903789690601,11.661903789690601,12.529964086141668,12.083045973594572,12.083045973594572,12.083045973594572,13.0,12.649110640673518,12.649110640673518,12.649110640673518,13.601470508735444,13.341664064126334,13.601470508735444,13.341664064126334,14.317821063276353,14.317821063276353,15.297058540778355,14.317821063276353,0.0,15.297058540778355,15.297058540778355,15.297058540778355,15.297058540778355,15.297058540778355,16.278820596099706,15.297058540778355,15.524174696260024,15.524174696260024,15.524174696260024,15.524174696260024,14.560219778561036,13.601470508735444,13.601470508735444,13.601470508735444,13.601470508735444,13.92838827718412,13.0,12.649110640673518,11.704699910719626,12.083045973594572,11.180339887498949,11.180339887498949,11.661903789690601,10.295630140987,10.0,0.0,0.0,0.0,0.0,0.0,0.0,0.0,0.0,0.0,0.0,0.0,0.7188299996216245,0.7188299996216245,0.7188299996216245,0.6610431688506869,0.5880026035475675,0.5880026035475675,0.5404195002705842,0.5404195002705842,0.5404195002705842,0.5404195002705842,0.4993467216801301,0.4266274931268761,0.4266274931268761,0.4266274931268761,0.3947911196997615,0.3217505543966422,0.3217505543966422,0.3217505543966422,0.2984989315861793,0.22679884805388587,0.2984989315861793,0.22679884805388587,0.21109333322274654,0.21109333322274654,0.19739555984988075,0.21109333322274654,0.0,0.19739555984988075,0.19739555984988075,0.19739555984988075,0.19739555984988075,0.19739555984988075,0.18534794999569476,0.19739555984988075,0.260602391747341,0.260602391747341,0.260602391747341,0.260602391747341,0.27829965900511133,0.2984989315861793,0.2984989315861793,0.2984989315861793,0.2984989315861793,0.3671738338182192,0.3947911196997615,0.3217505543966422,0.348771003583907,0.4266274931268761,0.4636476090008061,0.4636476090008061,0.5404195002705842,0.507098504392337,0.6435011087932844,0.0,0.0,0.0,0.0,0.0
10.199304515997937,tx,1a:00:00:00:00:00,-48,91.8259036879922,64,0.6599795984332607,7.511773454625554,0,0,0,0,0,0,0,0,0,0,0,0,2,10,2,11,2,10,2,12,2,10,3,12,3,11,3,11,3,11,4,10,5,11,5,11,6,11,6,11,6,12,6,11,7,12,6,10,8,12,7,11,7,11,8,12,8,11,9,11,10,11,10,11,0,0,10,12,9,11,10,13,9,11,10,13,9,13,9,13,9,13,8,13,8,11,9,12,8,12,8,12,8,13,6,11,7,12,6,11,6,11,5,11,5,11,4,11,4,11,4,9,4,10,4,10,2,11,0,0,0,0,0,0,0,0,0,0,0.0,0.0,0.0,0.0,0.0,0.0,10.198039027185569,11.180339887498949,10.198039027185569,12.165525060596439,10.198039027185569,12.36931687685298,11.40175425099138,11.40175425099138,11.40175425099138,10.770329614269007,12.083045973594572,12.083045973594572,12.529964086141668,12.529964086141668,13.416407864998739,12.529964086141668,13.892443989449804,11.661903789690601,14.422205101855956,13.038404810405298,13.038404810405298,14.422205101855956,13.601470508735444,14.212670403551895,14.866068747318506,14.866068747318506,0.0,15.620499351813308,14.212670403551895,16.401219466856727,14.212670403551895,16.401219466856727,15.811388300841896,15.811388300841896,15.811388300841896,15.264337522473747,13.601470508735444,15.0,14.422205101855956,14.422205101855956,15.264337522473747,12.529964086141668,13.892443989449804,12.529964086141668,12.529964086141668,12.083045973594572,12.083045973594572,11.704699910719626,11.704699910719626,9.848857801796104,10.770329614269007,10.770329614269007,11.180339887498949,0.0,0.0,0.0,0.0,0.0,0.0,0.0,0.0,0.0,0.0,0.0,1.373400766945016,1.3909428270024184,1.373400766945016,1.4056476493802699,1.373400766945016,1.3258176636680326,1.3045442776439713,1.3045442776439713,1.3045442776439713,1.1902899496825317,1.1441688336680205,1.1441688336680205,1.0714496051147666,1.0714496051147666,1.1071487177940904,1.0714496051147666,1.042721878368537,1.0303768265243125,0.982793723247329,1.0040671092713902,1.0040671092713902,0.982793723247329,0.9420000403794636,0.8850668158886104,0.8329812666744317,0.8329812666744317,0.0,0.8760580505981934,0.8850668158886104,0.9151007005533605,0.8850668158886104,0.9151007005533605,0.9652516631899266,0.9652516631899266,0.9652516631899266,1.0191413442663497,0.9420000403794636,0.9272952180016122,0.982793723247329,0.982793723247329,1.0191413442663497,1.0714496051147666,1.042721878368537,1.0714496051147666,1.0714496051147666,1.1441688336680205,1.1441688336680205,1.2220253232109897,1.2220253232109897,1.1525719972156676,1.1902899496825317,1.1902899496825317,1.3909428270024184,0.0,0.0,0.0,0.0,0.0
10.299967771999945,tx,1a:00:00:00:00:00,-49,91.8259036879922,64,0.6604105350348742,7.579605634587311,0,0,0,0,0,0,0,0,0,0,0,0,-11,0,-12,0,-12,0,-12,0,-12,0,-12,1,-12,0,-12,1,-12,1,-12,2,-13,2,-12,3,-13,3,-13,3,-13,3,-13,3,-13,4,-12,4,-14,4,-13,4,-14,5,-14,4,-13,5,-14,6,-14,6,-14,6,0,0,-15,6,-15,5,-16,6,-14,6,-15,6,-15,6,-15,5,-15,5,-15,4,-14,5,-15,5,-14,4,-14,4,-14,4,-14,3,-14,3,-13,3,-13,3,-13,2,-12,1,-13,1,-12,1,-11,1,-12,0,-12,0,-11,-2,0,0,0,0,0,0,0,0,0,0,0.0,0.0,0.0,0.0,0.0,0.0,11.0,12.0,12.0,12.0,12.0,12.041594578792296,12.0,12.041594578792296,12.041594578792296,12.165525060596439,13.152946437965905,12.36931687685298,13.341664064126334,13.341664064126334,13.341664064126334,13.341664064126334,13.601470508735444,12.649110640673518,14.560219778561036,13.601470508735444,14.866068747318506,14.560219778561036,13.92838827718412,15.231546211727817,15.231546211727817,15.231546211727817,0.0,16.15549442140351,15.811388300841896,17.08800749063506,15.231546211727817,16.15549442140351,16.15549442140351,15.811388300841896,15.811388300841896,15.524174696260024,14.866068747318506,15.811388300841896,14.560219778561036,14.560219778561036,14.560219778561036,14.317821063276353,14.317821063276353,13.341664064126334,13.341664064126334,13.152946437965905,12.041594578792296,13.038404810405298,12.041594578792296,11.045361017187261,12.0,12.0,11.180339887498949,0.0,0.0,0.0,0.0,0.0,0.0,0.0,0.0,0.0,0.0,0.0,3.141592653589793,3.141592653589793,3.141592653589793,3.141592653589793,3.141592653589793,3.058451421701352,3.141592653589793,3.058451421701352,3.058451421701352,2.976443976175166,2.988943325194528,2.896613990462929,2.9147938055359073,2.9147938055359073,2.9147938055359073,2.9147938055359073,2.843093722003614,2.819842099193151,2.8632929945846817,2.843093722003614,2.79856871316909,2.8632929945846817,2.774418819771574,2.7367008673047097,2.7367008673047097,2.7367008673047097,0.0,2.761086276477428,2.819842099193151,2.782821983319221,2.7367008673047097,2.761086276477428,2.761086276477428,2.819842099193151,2.819842099193151,2.8809902618424523,2.79856871316909,2.819842099193151,2.8632929945846817,2.8632929945846817,2.8632929945846817,2.930499320367047,2.930499320367047,2.9147938055359073,2.9147938055359073,2.988943325194528,3.058451421701352,3.064820762320015,3.058451421701352,3.050932766389048,3.141592653589793,3.141592653589793,-2.961739153797315,0.0,0.0,0.0,0.0,0.0
10.409687058003328,tx,1a:00:00:00:00:00,-48,91.8259036879922,64,0.6606361232083413,7.645129906679669,0,0,0,0,0,0,0,0,0,0,0,0,10,-4,10,-4,10,-5,10,-5,10,-5,10,-5,10,-6,10,-6,10,-6,11,-6,11,-6,11,-7,10,-7,10,-7,10,-8,10,-9,10,-9,10,-9,10,-9,10,-10,10,-9,10,-10,11,-10,11,-11,11,-11,11,-11,0,0,11,-11,11,-11,11,-11,11,-11,11,-11,12,-11,11,-11,12,-10,11,-10,12,-10,12,-9,12,-9,12,-8,11,-8,11,-9,11,-8,12,-8,11,-7,10,-7,10,-6,10,-6,10,-6,11,-5,10,-4,10,-4,10,-3,0,0,0,0,0,0,0,0,0,0,0.0,0.0,0.0,0.0,0.0,0.0,10.770329614269007,10.770329614269007,11.180339887498949,11.180339887498949,11.180339887498949,11.180339887498949,11.661903789690601,11.661903789690601,11.661903789690601,12.529964086141668,12.529964086141668,13.038404810405298,12.206555615733702,12.206555615733702,12.806248474865697,13.45362404707371,13.45362404707371,13.45362404707371,13.45362404707371,14.142135623730951,13.45362404707371,14.142135623730951,14.866068747318506,15.556349186104045,15.556349186104045,15.556349186104045,0.0,15.556349186104045,15.556349186104045,15.556349186104045,15.556349186104045,15.556349186104045,16.278820596099706,15.556349186104045,15.620499351813308,14.866068747318506,15.620499351813308,15.0,15.0,14.422205101855956,13.601470508735444,14.212670403551895,13.601470508735444,14.422205101855956,13.038404810405298,12.206555615733702,11.661903789690601,11.661903789690601,11.661903789690601,12.083045973594572,10.770329614269007,10.770329614269007,10.44030650891055,0.0,0.0,0.0,0.0,0.0,0.0,0.0,0.0,0.0,0.0,0.0,-0.3805063771123649,-0.3805063771123649,-0.4636476090008061,-0.4636476090008061,-0.4636476090008061,-0.4636476090008061,-0.5404195002705842,-0.5404195002705842,-0.5404195002705842,-0.4993467216801301,-0.4993467216801301,-0.5667292175235064,-0.6107259643892086,-0.6107259643892086,-0.6747409422235526,-0.7328151017865066,-0.7328151017865066,-0.7328151017865066,-0.7328151017865066,-0.7853981633974483,-0.7328151017865066,-0.7853981633974483,-0.7378150601204649,-0.7853981633974483,-0.7853981633974483,-0.7853981633974483,0.0,-0.7853981633974483,-0.7853981633974483,-0.7853981633974483,-0.7853981633974483,-0.7853981633974483,-0.7419472680059175,-0.7853981633974483,-0.6947382761967031,-0.7378150601204649,-0.6947382761967031,-0.6435011087932844,-0.6435011087932844,-0.5880026035475675,-0.628796286415433,-0.6857295109062863,-0.628796286415433,-0.5880026035475675,-0.5667292175235064,-0.6107259643892086,-0.5404195002705842,-0.5404195002705842,-0.5404195002705842,-0.4266274931268761,-0.3805063771123649,-0.3805063771123649,-0.2914567944778671,0.0,0.0,0.0,0.0,0.0
10.510466525003721,tx,1a:00:00:00:00:00,-48,91.8259036879922,64,0.6622509572224776,7.708810773130127,0,0,0,0,0,0,0,0,0,0,0,0,-8,-8,-9,-9,-9,-9,-9,-9,-9,-8,-10,-8,-10,-8,-10,-8,-10,-8,-11,-8,-11,-8,-12,-7,-12,-7,-12,-7,-12,-7,-13,-7,-13,-7,-13,-7,-14,-7,-14,-7,-14,-7,-14,-6,-14,-6,-15,-6,-15,-6,-15,-6,0,0,-16,-6,-15,-6,-16,-7,-15,-6,-16,-7,-16,-7,-15,-7,-15,-7,-15,-7,-14,-7,-15,-7,-14,-8,-14,-8,-13,-8,-13,-7,-13,-8,-12,-8,-12,-8,-11,-8,-11,-8,-11,-8,-10,-8,-10,-8,-9,-8,-9,-8,-8,-8,0,0,0,0,0,0,0,0,0,0,0.0,0.0,0.0,0.0,0.0,0.0,11.313708498984761,12.727922061357855,12.727922061357855,12.727922061357855,12.041594578792296,12.806248474865697,12.806248474865697,12.806248474865697,12.806248474865697,13.601470508735444,13.601470508735444,13.892443989449804,13.892443989449804,13.892443989449804,13.892443989449804,14.7648230602334,14.7648230602334,14.7648230602334,15.652475842498529,15.652475842498529,15.652475842498529,15.231546211727817,15.231546211727817,16.15549442140351,16.15549442140351,16.15549442140351,0.0,17.08800749063506,16.15549442140351,17.46424919657298,16.15549442140351,17.46424919657298,17.46424919657298,16.55294535724685,16.55294535724685,16.55294535724685,15.652475842498529,16.55294535724685,16.1245154965971,16.1245154965971,15.264337522473747,14.7648230602334,15.264337522473747,14.422205101855956,14.422205101855956,13.601470508735444,13.601470508735444,13.601470508735444,12.806248474865697,12.806248474865697,12.041594578792296,12.041594578792296,11.313708498984761,0.0,0.0,0.0,0.0,0.0,0.0,0.0,0.0,0.0,0.0,0.0,-2.356194490192345,-2.356194490192345,-2.356194490192345,-2.356194490192345,-2.4149503129080676,-2.4668517113662407,-2.4668517113662407,-2.4668517113662407,-2.4668517113662407,-2.5127963671743605,-2.5127963671743605,-2.6135182051634334,-2.6135182051634334,-2.6135182051634334,-2.6135182051634334,-2.647651284670212,-2.647651284670212,-2.647651284670212,-2.677945044588987,-2.677945044588987,-2.677945044588987,-2.7367008673047097,-2.7367008673047097,-2.761086276477428,-2.761086276477428,-2.761086276477428,0.0,-2.782821983319221,-2.761086276477428,-2.729182211992406,-2.761086276477428,-2.729182211992406,-2.729182211992406,-2.704965493776252,-2.704965493776252,-2.704965493776252,-2.677945044588987,-2.704965493776252,-2.62244653934327,-2.62244653934327,-2.5899376710612465,-2.647651284670212,-2.5899376710612465,-2.5535900500422257,-2.5535900500422257,-2.5127963671743605,-2.5127963671743605,-2.5127963671743605,-2.4668517113662407,-2.4668517113662407,-2.4149503129080676,-2.4149503129080676,-2.356194490192345,0.0,0.0,0.0,0.0,0.0
10.628603577999456,tx,1a:00:00:00:00:00,-48,91.8259036879922,64,0.6640157907527557,7.770705224808651,0,0,0,0,0,0,0,0,0,0,0,0,7,7,7,7,8,6,8,5,9,6,8,6,9,6,8,6,9,6,10,6,10,6,10,6,10,5,11,5,10,5,12,4,11,4,12,4,11,4,12,4,12,4,13,4,13,4,13,3,13,3,13,3,0,0,14,4,14,3,14,3,15,3,13,4,14,4,14,4,14,5,13,4,14,5,13,4,12,5,12,5,11,5,12,5,11,4,12,5,10,5,10,5,10,5,10,6,9,5,9,6,8,6,8,6,7,6,0,0,0,0,0,0,0,0,0,0,0.0,0.0,0.0,0.0,0.0,0.0,9.899494936611665,9.899494936611665,10.0,9.433981132056603,10.816653826391969,10.0,10.816653826391969,10.0,10.816653826391969,11.661903789690601,11.661903789690601,11.661903789690601,11.180339887498949,12.083045973594572,11.180339887498949,12.649110640673518,11.704699910719626,12.649110640673518,11.704699910719626,12.649110640673518,12.649110640673518,13.601470508735444,13.601470508735444,13.341664064126334,13.341664064126334,13.341664064126334,0.0,14.560219778561036,14.317821063276353,14.317821063276353,15.297058540778355,13.601470508735444,14.560219778561036,14.560219778561036,14.866068747318506,13.601470508735444,14.866068747318506,13.601470508735444,13.0,13.0,12.083045973594572,13.0,11.704699910719626,13.0,11.180339887498949,11.180339887498949,11.180339887498949,11.661903789690601,10.295630140987,10.816653826391969,10.0,10.0,9.219544457292887,0.0,0.0,0.0,0.0,0.0,0.0,0.0,0.0,0.0,0.0,0.0,0.7853981633974483,0.7853981633974483,0.6435011087932844,0.5585993153435624,0.5880026035475675,0.6435011087932844,0.5880026035475675,0.6435011087932844,0.5880026035475675,0.5404195002705842,0.5404195002705842,0.5404195002705842,0.4636476090008061,0.4266274931268761,0.4636476090008061,0.3217505543966422,0.348771003583907,0.3217505543966422,0.348771003583907,0.3217505543966422,0.3217505543966422,0.2984989315861793,0.2984989315861793,0.22679884805388587,0.22679884805388587,0.22679884805388587,0.0,0.27829965900511133,0.21109333322274654,0.21109333322274654,0.19739555984988075,0.2984989315861793,0.27829965900511133,0.27829965900511133,0.3430239404207034,0.2984989315861793,0.3430239404207034,0.2984989315861793,0.3947911196997615,0.3947911196997615,0.4266274931268761,0.3947911196997615,0.348771003583907,0.3947911196997615,0.4636476090008061,0.4636476090008061,0.4636476090008061,0.5404195002705842,0.507098504392337,0.5880026035475675,0.6435011087932844,0.6435011087932844,0.7086262721276703,0.0,0.0,0.0,0.0,0.0
10.73929890999716,tx,1a:00:00:00:00:00,-48,95.1665745357206,64,0.6655432310228854,7.869237982897445,0,0,0,0,0,0,0,0,0,0,0,0,-11,1,-11,2,-12,2,-12,2,-12,2,-12,2,-12,3,-12,3,-12,3,-13,3,-13,4,-13,4,-13,4,-12,5,-12,5,-13,6,-12,6,-13,6,-13,7,-13,7,-13,6,-13,8,-13,7,-13,8,-13,8,-13,8,0,0,-14,8,-14,9,-13,9,-14,9,-14,8,-14,8,-14,8,-15,7,-14,8,-15,7,-14,7,-14,6,-14,6,-13,6,-13,6,-13,6,-14,5,-13,5,-12,4,-13,4,-13,3,-12,3,-12,2,-12,2,-12,1,-11,1,0,0,0,0,0,0,0,0,0,0,0.0,0.0,0.0,0.0,0.0,0.0,11.045361017187261,11.180339887498949,12.165525060596439,12.165525060596439,12.165525060596439,12.165525060596439,12.36931687685298,12.36931687685298,12.36931687685298,13.341664064126334,13.601470508735444,13.601470508735444,13.601470508735444,13.0,13.0,14.317821063276353,13.416407864998739,14.317821063276353,14.7648230602334,14.7648230602334,14.317821063276353,15.264337522473747,14.7648230602334,15.264337522473747,15.264337522473747,15.264337522473747,0.0,16.1245154965971,16.64331697709324,15.811388300841896,16.64331697709324,16.1245154965971,16.1245154965971,16.1245154965971,16.55294535724685,16.1245154965971,16.55294535724685,15.652475842498529,15.231546211727817,15.231546211727817,14.317821063276353,14.317821063276353,14.317821063276353,14.866068747318506,13.92838827718412,12.649110640673518,13.601470508735444,13.341664064126334,12.36931687685298,12.165525060596439,12.165525060596439,12.041594578792296,11.045361017187261,0.0,0.0,0.0,0.0,0.0,0.0,0.0,0.0,0.0,0.0,0.0,3.050932766389048,2.961739153797315,2.976443976175166,2.976443976175166,2.976443976175166,2.976443976175166,2.896613990462929,2.896613990462929,2.896613990462929,2.9147938055359073,2.843093722003614,2.843093722003614,2.843093722003614,2.746801533890032,2.746801533890032,2.7091848780192556,2.677945044588987,2.7091848780192556,2.647651284670212,2.647651284670212,2.7091848780192556,2.5899376710612465,2.647651284670212,2.5899376710612465,2.5899376710612465,2.5899376710612465,0.0,2.62244653934327,2.5702551737561663,2.5360479899848234,2.5702551737561663,2.62244653934327,2.62244653934327,2.62244653934327,2.704965493776252,2.62244653934327,2.704965493776252,2.677945044588987,2.7367008673047097,2.7367008673047097,2.7091848780192556,2.7091848780192556,2.7091848780192556,2.79856871316909,2.774418819771574,2.819842099193151,2.843093722003614,2.9147938055359073,2.896613990462929,2.976443976175166,2.976443976175166,3.058451421701352,3.050932766389048,0.0,0.0,0.0,0.0,0.0
10.841101552003238,tx,1a:00:00:00:00:00,-48,95.1665745357206,64,0.6682890344230051,7.942206830243393,0,0,0,0,0,0,0,0,0,0,0,0,-9,-8,-9,-8,-10,-8,-9,-8,-10,-8,-9,-8,-10,-7,-10,-8,-11,-7,-11,-8,-11,-8,-11,-7,-12,-7,-12,-7,-12,-7,-13,-6,-13,-6,-13,-6,-13,-6,-14,-5,-14,-6,-14,-5,-15,-6,-15,-6,-15,-6,-15,-6,0,0,-15,-6,-16,-5,-15,-6,-16,-6,-16,-6,-16,-6,-16,-6,-16,-7,-15,-6,-15,-7,-15,-7,-14,-8,-14,-8,-13,-7,-14,-7,-13,-7,-13,-8,-12,-7,-11,-7,-11,-7,-11,-8,-11,-7,-10,-9,-9,-8,-9,-9,-8,-8,0,0,0,0,0,0,0,0,0,0,0.0,0.0,0.0,0.0,0.0,0.0,12.041594578792296,12.041594578792296,12.806248474865697,12.041594578792296,12.806248474865697,12.041594578792296,12.206555615733702,12.806248474865697,13.038404810405298,13.601470508735444,13.601470508735444,13.038404810405298,13.892443989449804,13.892443989449804,13.892443989449804,14.317821063276353,14.317821063276353,14.317821063276353,14.317821063276353,14.866068747318506,15.231546211727817,14.866068747318506,16.15549442140351,16.15549442140351,16.15549442140351,16.15549442140351,0.0,16.15549442140351,16.76305461424021,16.15549442140351,17.08800749063506,17.08800749063506,17.08800749063506,17.08800749063506,17.46424919657298,16.15549442140351,16.55294535724685,16.55294535724685,16.1245154965971,16.1245154965971,14.7648230602334,15.652475842498529,14.7648230602334,15.264337522473747,13.892443989449804,13.038404810405298,13.038404810405298,13.601470508735444,13.038404810405298,13.45362404707371,12.041594578792296,12.727922061357855,11.313708498984761,0.0,0.0,0.0,0.0,0.0,0.0,0.0,0.0,0.0,0.0,0.0,-2.4149503129080676,-2.4149503129080676,-2.4668517113662407,-2.4149503129080676,-2.4668517113662407,-2.4149503129080676,-2.5308666892005847,-2.4668517113662407,-2.5748634360662868,-2.5127963671743605,-2.5127963671743605,-2.5748634360662868,-2.6135182051634334,-2.6135182051634334,-2.6135182051634334,-2.7091848780192556,-2.7091848780192556,-2.7091848780192556,-2.7091848780192556,-2.79856871316909,-2.7367008673047097,-2.79856871316909,-2.761086276477428,-2.761086276477428,-2.761086276477428,-2.761086276477428,0.0,-2.761086276477428,-2.838707785214822,-2.761086276477428,-2.782821983319221,-2.782821983319221,-2.782821983319221,-2.782821983319221,-2.729182211992406,-2.761086276477428,-2.704965493776252,-2.704965493776252,-2.62244653934327,-2.62244653934327,-2.647651284670212,-2.677945044588987,-2.647651284670212,-2.5899376710612465,-2.6135182051634334,-2.5748634360662868,-2.5748634360662868,-2.5127963671743605,-2.5748634360662868,-2.408777551803287,-2.4149503129080676,-2.356194490192345,-2.356194490192345,0.0,0.0,0.0,0.0,0.0
10.9499492870018,tx,1a:00:00:00:00:00,-48,95.1665745357206,64,0.6702547095216712,7.9996302707999085,0,0,0,0,0,0,0,0,0,0,0,0,-10,-4,-11,-4,-10,-4,-11,-4,-11,-3,-11,-4,-11,-4,-11,-3,-11,-3,-11,-2,-12,-2,-12,-2,-12,-2,-13,-1,-13,-1,-13,-1,-13,-1,-13,-1,-14,0,-14,-1,-14,0,-14,0,-14,0,-14,1,-15,1,-15,1,0,0,-16,1,-15,0,-16,0,-15,1,-15,0,-16,0,-15,-1,-15,-1,-15,-1,-14,-1,-15,-1,-15,-1,-15,-1,-15,-1,-13,-2,-14,-2,-13,-2,-13,-2,-13,-3,-12,-3,-12,-3,-11,-4,-11,-3,-11,-4,-10,-4,-10,-4,0,0,0,0,0,0,0,0,0,0,0.0,0.0,0.0,0.0,0.0,0.0,10.770329614269007,11.704699910719626,10.770329614269007,11.704699910719626,11.40175425099138,11.704699910719626,11.704699910719626,11.40175425099138,11.40175425099138,11.180339887498949,12.165525060596439,12.165525060596439,12.165525060596439,13.038404810405298,13.038404810405298,13.038404810405298,13.038404810405298,13.038404810405298,14.0,14.035668847618199,14.0,14.0,14.0,14.035668847618199,15.033296378372908,15.033296378372908,0.0,16.0312195418814,15.0,16.0,15.033296378372908,15.0,16.0,15.033296378372908,15.033296378372908,15.033296378372908,14.035668847618199,15.033296378372908,15.033296378372908,15.033296378372908,15.033296378372908,13.152946437965905,14.142135623730951,13.152946437965905,13.152946437965905,13.341664064126334,12.36931687685298,12.36931687685298,11.704699910719626,11.40175425099138,11.704699910719626,10.770329614269007,10.770329614269007,0.0,0.0,0.0,0.0,0.0,0.0,0.0,0.0,0.0,0.0,0.0,-2.761086276477428,-2.7928216500058864,-2.761086276477428,-2.7928216500058864,-2.875340604438868,-2.7928216500058864,-2.7928216500058864,-2.875340604438868,-2.875340604438868,-2.961739153797315,-2.976443976175166,-2.976443976175166,-2.976443976175166,-3.064820762320015,-3.064820762320015,-3.064820762320015,-3.064820762320015,-3.064820762320015,3.141592653589793,-3.070285188804503,3.141592653589793,3.141592653589793,3.141592653589793,3.070285188804503,3.0750244898139694,3.0750244898139694,0.0,3.079173843593836,3.141592653589793,3.141592653589793,3.0750244898139694,3.141592653589793,3.141592653589793,-3.0750244898139694,-3.0750244898139694,-3.0750244898139694,-3.070285188804503,-3.0750244898139694,-3.0750244898139694,-3.0750244898139694,-3.0750244898139694,-2.988943325194528,-2.999695598985629,-2.988943325194528,-2.988943325194528,-2.9147938055359073,-2.896613990462929,-2.896613990462929,-2.7928216500058864,-2.875340604438868,-2.7928216500058864,-2.761086276477428,-2.761086276477428,0.0,0.0,0.0,0.0,0.0
11.061190852000436,tx,1a:00:00:00:00:00,-48,95.1665745357206,64,0.6716737404861232,8.047351942057581,0,0,0,0,0,0,0,0,0,0,0,0,-10,-5,-10,-5,-10,-5,-11,-5,-10,-5,-11,-5,-10,-5,-11,-5,-11,-5,-11,-4,-12,-3,-12,-3,-13,-3,-13,-3,-13,-3,-12,-3,-13,-3,-12,-3,-14,-2,-13,-3,-14,-3,-14,-3,-13,-2,-15,-1,-15,-1,-15,-1,0,0,-16,-1,-15,-2,-16,-2,-15,-1,-15,-2,-16,-3,-15,-3,-15,-3,-15,-4,-14,-3,-14,-3,-14,-3,-14,-3,-14,-4,-13,-4,-13,-4,-12,-4,-12,-4,-12,-4,-11,-5,-11,-5,-11,-5,-10,-5,-10,-5,-10,-5,-9,-6,0,0,0,0,0,0,0,0,0,0,0.0,0.0,0.0,0.0,0.0,0.0,11.180339887498949,11.180339887498949,11.180339887498949,12.083045973594572,11.180339887498949,12.083045973594572,11.180339887498949,12.083045973594572,12.083045973594572,11.704699910719626,12.36931687685298,12.36931687685298,13.341664064126334,13.341664064126334,13.341664064126334,12.36931687685298,13.341664064126334,12.36931687685298,14.142135623730951,13.341664064126334,14.317821063276353,14.317821063276353,13.152946437965905,15.033296378372908,15.033296378372908,15.033296378372908,0.0,16.0312195418814,15.132745950421556,16.1245154965971,15.033296378372908,15.132745950421556,16.278820596099706,15.297058540778355,15.297058540778355,15.524174696260024,14.317821063276353,14.317821063276353,14.317821063276353,14.317821063276353,14.560219778561036,13.601470508735444,13.601470508735444,12.649110640673518,12.649110640673518,12.649110640673518,12.083045973594572,12.083045973594572,12.083045973594572,11.180339887498949,11.180339887498949,11.180339887498949,10.816653826391969,0.0,0.0,0.0,0.0,0.0,0.0,0.0,0.0,0.0,0.0,0.0,-2.677945044588987,-2.677945044588987,-2.677945044588987,-2.714965160462917,-2.677945044588987,-2.714965160462917,-2.677945044588987,-2.714965160462917,-2.714965160462917,-2.7928216500058864,-2.896613990462929,-2.896613990462929,-2.9147938055359073,-2.9147938055359073,-2.9147938055359073,-2.896613990462929,-2.9147938055359073,-2.896613990462929,-2.999695598985629,-2.9147938055359073,-2.930499320367047,-2.930499320367047,-2.988943325194528,-3.0750244898139694,-3.0750244898139694,-3.0750244898139694,0.0,-3.079173843593836,-3.0090411212931194,-3.017237659043032,-3.0750244898139694,-3.0090411212931194,-2.9562447035940984,-2.9441970937399127,-2.9441970937399127,-2.8809902618424523,-2.930499320367047,-2.930499320367047,-2.930499320367047,-2.930499320367047,-2.8632929945846817,-2.843093722003614,-2.843093722003614,-2.819842099193151,-2.819842099193151,-2.819842099193151,-2.714965160462917,-2.714965160462917,-2.714965160462917,-2.677945044588987,-2.677945044588987,-2.677945044588987,-2.5535900500422257,0.0,0.0,0.0,0.0,0.0
11.169361016000039,tx,1a:00:00:00:00:00,-48,95.1665745357206,64,0.6720098494270171,8.088665517586229,0,0,0,0,0,0,0,0,0,0,0,0,11,-2,11,-3,11,-3,11,-3,11,-3,11,-4,11,-4,11,-4,11,-4,11,-5,11,-5,11,-6,11,-6,11,-6,12,-7,11,-6,12,-7,11,-7,11,-8,12,-8,12,-8,12,-8,11,-9,11,-9,12,-10,12,-10,0,0,12,-10,12,-9,13,-10,12,-10,13,-9,13,-9,13,-9,13,-9,13,-9,13,-9,13,-8,13,-8,13,-8,13,-8,12,-7,12,-7,12,-7,11,-6,11,-6,11,-5,11,-5,11,-5,11,-4,10,-4,10,-3,10,-3,0,0,0,0,0,0,0,0,0,0,0.0,0.0,0.0,0.0,0.0,0.0,11.180339887498949,11.40175425099138,11.40175425099138,11.40175425099138,11.40175425099138,11.704699910719626,11.704699910719626,11.704699910719626,11.704699910719626,12.083045973594572,12.083045973594572,12.529964086141668,12.529964086141668,12.529964086141668,13.892443989449804,12.529964086141668,13.892443989449804,13.038404810405298,13.601470508735444,14.422205101855956,14.422205101855956,14.422205101855956,14.212670403551895,14.212670403551895,15.620499351813308,15.620499351813308,0.0,15.620499351813308,15.0,16.401219466856727,15.620499351813308,15.811388300841896,15.811388300841896,15.811388300841896,15.811388300841896,15.811388300841896,15.811388300841896,15.264337522473747,15.264337522473747,15.264337522473747,15.264337522473747,13.892443989449804,13.892443989449804,13.892443989449804,12.529964086141668,12.529964086141668,12.083045973594572,12.083045973594572,12.083045973594572,11.704699910719626,10.770329614269007,10.44030650891055,10.44030650891055,0.0,0.0,0.0,0.0,0.0,0.0,0.0,0.0,0.0,0.0,0.0,-0.17985349979247828,-0.2662520491509254,-0.2662520491509254,-0.2662520491509254,-0.2662520491509254,-0.348771003583907,-0.348771003583907,-0.348771003583907,-0.348771003583907,-0.4266274931268761,-0.4266274931268761,-0.4993467216801301,-0.4993467216801301,-0.4993467216801301,-0.5280744484263596,-0.4993467216801301,-0.5280744484263596,-0.5667292175235064,-0.628796286415433,-0.5880026035475675,-0.5880026035475675,-0.5880026035475675,-0.6857295109062863,-0.6857295109062863,-0.6947382761967031,-0.6947382761967031,0.0,-0.6947382761967031,-0.6435011087932844,-0.6556956262415362,-0.6947382761967031,-0.6055446636049701,-0.6055446636049701,-0.6055446636049701,-0.6055446636049701,-0.6055446636049701,-0.6055446636049701,-0.5516549825285468,-0.5516549825285468,-0.5516549825285468,-0.5516549825285468,-0.5280744484263596,-0.5280744484263596,-0.5280744484263596,-0.4993467216801301,-0.4993467216801301,-0.4266274931268761,-0.4266274931268761,-0.4266274931268761,-0.348771003583907,-0.3805063771123649,-0.2914567944778671,-0.2914567944778671,0.0,0.0,0.0,0.0,0.0
11.278753897997376,tx,1a:00:00:00:00:00,-48,95.1665745357206,64,0.6711092638120162,8.125375038032479,0,0,0,0,0,0,0,0,0,0,0,0,6,9,6,9,6,9,7,9,7,9,7,9,7,9,8,9,8,9,8,9,8,9,9,8,9,9,9,9,10,9,10,8,10,8,10,8,11,8,11,8,11,8,12,8,11,8,12,8,13,8,13,8,0,0,13,8,13,8,14,9,13,8,13,9,13,9,13,9,13,9,12,9,12,9,12,9,11,10,11,10,11,9,10,9,10,9,10,9,9,9,9,9,8,9,8,9,7,9,7,9,6,9,6,9,5,9,0,0,0,0,0,0,0,0,0,0,0.0,0.0,0.0,0.0,0.0,0.0,10.816653826391969,10.816653826391969,10.816653826391969,11.40175425099138,11.40175425099138,11.40175425099138,11.40175425099138,12.041594578792296,12.041594578792296,12.041594578792296,12.041594578792296,12.041594578792296,12.727922061357855,12.727922061357855,13.45362404707371,12.806248474865697,12.806248474865697,12.806248474865697,13.601470508735444,13.601470508735444,13.601470508735444,14.422205101855956,13.601470508735444,14.422205101855956,15.264337522473747,15.264337522473747,0.0,15.264337522473747,15.264337522473747,16.64331697709324,15.264337522473747,15.811388300841896,15.811388300841896,15.811388300841896,15.811388300841896,15.0,15.0,15.0,14.866068747318506,14.866068747318506,14.212670403551895,13.45362404707371,13.45362404707371,13.45362404707371,12.727922061357855,12.727922061357855,12.041594578792296,12.041594578792296,11.40175425099138,11.40175425099138,10.816653826391969,10.816653826391969,10.295630140987,0.0,0.0,0.0,0.0,0.0,0.0,0.0,0.0,0.0,0.0,0.0,0.982793723247329,0.982793723247329,0.982793723247329,0.9097531579442097,0.9097531579442097,0.9097531579442097,0.9097531579442097,0.844153986113171,0.844153986113171,0.844153986113171,0.844153986113171,0.7266423406817256,0.7853981633974483,0.7853981633974483,0.7328151017865066,0.6747409422235526,0.6747409422235526,0.6747409422235526,0.628796286415433,0.628796286415433,0.628796286415433,0.5880026035475675,0.628796286415433,0.5880026035475675,0.5516549825285468,0.5516549825285468,0.0,0.5516549825285468,0.5516549825285468,0.5713374798336268,0.5516549825285468,0.6055446636049701,0.6055446636049701,0.6055446636049701,0.6055446636049701,0.6435011087932844,0.6435011087932844,0.6435011087932844,0.7378150601204649,0.7378150601204649,0.6857295109062863,0.7328151017865066,0.7328151017865066,0.7328151017865066,0.7853981633974483,0.7853981633974483,0.844153986113171,0.844153986113171,0.9097531579442097,0.9097531579442097,0.982793723247329,0.982793723247329,1.0636978224025597,0.0,0.0,0.0,0.0,0.0
11.38062227699993,tx,1a:00:00:00:00:00,-48,95.1665745357206,64,0.6710751983524934,8.158396547129318,0,0,0,0,0,0,0,0,0,0,0,0,-5,-11,-5,-11,-5,-11,-6,-12,-6,-11,-6,-11,-6,-11,-7,-11,-7,-11,-7,-11,-7,-12,-8,-11,-8,-12,-8,-11,-9,-11,-9,-11,-9,-11,-10,-11,-10,-11,-11,-11,-10,-11,-11,-11,-11,-11,-11,-11,-12,-12,-12,-11,0,0,-12,-12,-12,-12,-12,-12,-12,-12,-12,-12,-12,-12,-12,-13,-11,-13,-11,-12,-11,-13,-10,-13,-10,-13,-9,-13,-9,-12,-9,-12,-9,-12,-8,-12,-8,-12,-7,-11,-7,-11,-7,-12,-6,-11,-6,-12,-5,-12,-5,-11,-4,-11,0,0,0,0,0,0,0,0,0,0,0.0,0.0,0.0,0.0,0.0,0.0,12.083045973594572,12.083045973594572,12.083045973594572,13.416407864998739,12.529964086141668,12.529964086141668,12.529964086141668,13.038404810405298,13.038404810405298,13.038404810405298,13.892443989449804,13.601470508735444,14.422205101855956,13.601470508735444,14.212670403551895,14.212670403551895,14.212670403551895,14.866068747318506,14.866068747318506,15.556349186104045,14.866068747318506,15.556349186104045,15.556349186104045,15.556349186104045,16.97056274847714,16.278820596099706,0.0,16.97056274847714,16.97056274847714,16.97056274847714,16.97056274847714,16.97056274847714,16.97056274847714,17.69180601295413,17.029386365926403,16.278820596099706,17.029386365926403,16.401219466856727,16.401219466856727,15.811388300841896,15.0,15.0,15.0,14.422205101855956,14.422205101855956,13.038404810405298,13.038404810405298,13.892443989449804,12.529964086141668,13.416407864998739,13.0,12.083045973594572,11.704699910719626,0.0,0.0,0.0,0.0,0.0,0.0,0.0,0.0,0.0,0.0,0.0,-1.9974238199217726,-1.9974238199217726,-1.9974238199217726,-2.0344439357957027,-2.0701430484750265,-2.0701430484750265,-2.0701430484750265,-2.137525544318403,-2.137525544318403,-2.137525544318403,-2.0988707752212563,-2.1995926132103296,-2.158798930342464,-2.1995926132103296,-2.256525837701183,-2.256525837701183,-2.256525837701183,-2.3086113869153615,-2.3086113869153615,-2.356194490192345,-2.3086113869153615,-2.356194490192345,-2.356194490192345,-2.356194490192345,-2.356194490192345,-2.399645385583876,0.0,-2.356194490192345,-2.356194490192345,-2.356194490192345,-2.356194490192345,-2.356194490192345,-2.356194490192345,-2.316215803069055,-2.2730532583039036,-2.312743594800814,-2.2730532583039036,-2.2264919530364327,-2.2264919530364327,-2.1763409903998667,-2.214297435588181,-2.214297435588181,-2.214297435588181,-2.158798930342464,-2.158798930342464,-2.137525544318403,-2.137525544318403,-2.0988707752212563,-2.0701430484750265,-2.0344439357957027,-1.965587446494658,-1.9974238199217726,-1.9195673303788037,0.0,0.0,0.0,0.0,0.0
11.490386972000124,tx,1a:00:00:00:00:00,-48,95.1665745357206,64,0.6709084801973008,8.187981402782867,0,0,0,0,0,0,0,0,0,0,0,0,-8,-7,-8,-7,-9,-7,-9,-7,-9,-7,-9,-7,-10,-6,-10,-6,-10,-6,-10,-6,-11,-6,-11,-6,-11,-5,-11,-5,-12,-5,-12,-5,-12,-5,-12,-5,-13,-5,-13,-4,-13,-4,-13,-4,-13,-4,-14,-4,-14,-4,-14,-4,0,0,-14,-4,-14,-4,-15,-4,-14,-4,-15,-4,-15,-4,-15,-4,-14,-5,-14,-4,-14,-5,-14,-5,-13,-5,-13,-5,-13,-5,-12,-5,-12,-5,-12,-6,-12,-5,-11,-5,-11,-5,-10,-6,-10,-6,-10,-6,-9,-6,-9,-6,-8,-7,0,0,0,0,0,0,0,0,0,0,0.0,0.0,0.0,0.0,0.0,0.0,10.63014581273465,10.63014581273465,11.40175425099138,11.40175425099138,11.40175425099138,11.40175425099138,11.661903789690601,11.661903789690601,11.661903789690601,11.661903789690601,12.529964086141668,12.529964086141668,12.083045973594572,12.083045973594572,13.0,13.0,13.0,13.0,13.92838827718412,13.601470508735444,13.601470508735444,13.601470508735444,13.601470508735444,14.560219778561036,14.560219778561036,14.560219778561036,0.0,14.560219778561036,14.560219778561036,15.524174696260024,14.560219778561036,15.524174696260024,15.524174696260024,15.524174696260024,14.866068747318506,14.560219778561036,14.866068747318506,14.866068747318506,13.92838827718412,13.92838827718412,13.92838827718412,13.0,13.0,13.416407864998739,13.0,12.083045973594572,12.083045973594572,11.661903789690601,11.661903789690601,11.661903789690601,10.816653826391969,10.816653826391969,10.63014581273465,0.0,0.0,0.0,0.0,0.0,0.0,0.0,0.0,0.0,0.0,0.0,-2.4227626539681686,-2.4227626539681686,-2.4805494847391065,-2.4805494847391065,-2.4805494847391065,-2.4805494847391065,-2.601173153319209,-2.601173153319209,-2.601173153319209,-2.601173153319209,-2.642245931909663,-2.642245931909663,-2.714965160462917,-2.714965160462917,-2.746801533890032,-2.746801533890032,-2.746801533890032,-2.746801533890032,-2.774418819771574,-2.843093722003614,-2.843093722003614,-2.843093722003614,-2.843093722003614,-2.8632929945846817,-2.8632929945846817,-2.8632929945846817,0.0,-2.8632929945846817,-2.8632929945846817,-2.8809902618424523,-2.8632929945846817,-2.8809902618424523,-2.8809902618424523,-2.8809902618424523,-2.79856871316909,-2.8632929945846817,-2.79856871316909,-2.79856871316909,-2.774418819771574,-2.774418819771574,-2.774418819771574,-2.746801533890032,-2.746801533890032,-2.677945044588987,-2.746801533890032,-2.714965160462917,-2.714965160462917,-2.601173153319209,-2.601173153319209,-2.601173153319209,-2.5535900500422257,-2.5535900500422257,-2.4227626539681686,0.0,0.0,0.0,0.0,0.0
11.599211346998345,tx,1a:00:00:00:00:00,-48,95.1665745357206,64,0.6704818571776918,8.214019155073464,0,0,0,0,0,0,0,0,0,0,0,0,10,1,11,1,11,1,11,1,11,1,11,1,11,0,11,0,11,0,11,-1,12,-1,12,-1,12,-2,12,-2,13,-2,12,-2,13,-2,12,-3,13,-3,13,-3,13,-3,13,-4,13,-4,14,-5,14,-5,14,-5,0,0,15,-5,14,-4,15,-4,14,-5,15,-4,15,-4,15,-4,15,-3,15,-3,15,-3,15,-3,14,-3,14,-3,14,-2,13,-2,14,-1,13,-1,13,-1,12,-1,12,0,12,0,12,1,11,1,11,1,11,1,10,2,0,0,0,0,0,0,0,0,0,0,0.0,0.0,0.0,0.0,0.0,0.0,10.04987562112089,11.045361017187261,11.045361017187261,11.045361017187261,11.045361017187261,11.045361017187261,11.0,11.0,11.0,11.045361017187261,12.041594578792296,12.041594578792296,12.165525060596439,12.165525060596439,13.152946437965905,12.165525060596439,13.152946437965905,12.36931687685298,13.341664064126334,13.341664064126334,13.341664064126334,13.601470508735444,13.601470508735444,14.866068747318506,14.866068747318506,14.866068747318506,0.0,15.811388300841896,14.560219778561036,15.524174696260024,14.866068747318506,15.524174696260024,15.524174696260024,15.524174696260024,15.297058540778355,15.297058540778355,15.297058540778355,15.297058540778355,14.317821063276353,14.317821063276353,14.142135623730951,13.152946437965905,14.035668847618199,13.038404810405298,13.038404810405298,12.041594578792296,12.0,12.0,12.041594578792296,11.045361017187261,11.045361017187261,11.045361017187261,10.198039027185569,0.0,0.0,0.0,0.0,0.0,0.0,0.0,0.0,0.0,0.0,0.0,0.09966865249116202,0.09065988720074511,0.09065988720074511,0.09065988720074511,0.09065988720074511,0.09065988720074511,0.0,0.0,0.0,-0.09065988720074511,-0.08314123188844123,-0.08314123188844123,-0.16514867741462683,-0.16514867741462683,-0.15264932839526515,-0.16514867741462683,-0.15264932839526515,-0.24497866312686414,-0.22679884805388587,-0.22679884805388587,-0.22679884805388587,-0.2984989315861793,-0.2984989315861793,-0.3430239404207034,-0.3430239404207034,-0.3430239404207034,0.0,-0.3217505543966422,-0.27829965900511133,-0.260602391747341,-0.3430239404207034,-0.260602391747341,-0.260602391747341,-0.260602391747341,-0.19739555984988075,-0.19739555984988075,-0.19739555984988075,-0.19739555984988075,-0.21109333322274654,-0.21109333322274654,-0.14189705460416394,-0.15264932839526515,-0.07130746478529032,-0.07677189126977804,-0.07677189126977804,-0.08314123188844123,0.0,0.0,0.08314123188844123,0.09065988720074511,0.09065988720074511,0.09065988720074511,0.19739555984988075,0.0,0.0,0.0,0.0,0.0
11.699329584000225,tx,1a:00:00:00:00:00,-48,95.1665745357206,64,0.6700469827274024,8.23625787811346,0,0,0,0,0,0,0,0,0,0,0,0,10,3,10,2,11,2,11,2,11,2,11,2,11,1,11,1,11,1,12,0,12,1,12,0,12,0,13,-1,13,-1,13,-1,13,-2,13,-2,13,-2,13,-2,14,-2,14,-3,14,-3,14,-3,14,-3,14,-4,0,0,15,-4,15,-4,15,-4,15,-4,15,-3,15,-4,15,-3,15,-3,15,-3,15,-2,14,-2,14,-2,14,-2,14,-2,13,-1,13,-1,13,-1,12,-1,12,-1,12,0,12,0,12,0,11,1,11,1,11,1,10,2,0,0,0,0,0,0,0,0,0,0,0.0,0.0,0.0,0.0,0.0,0.0,10.44030650891055,10.198039027185569,11.180339887498949,11.180339887498949,11.180339887498949,11.180339887498949,11.045361017187261,11.045361017187261,11.045361017187261,12.0,12.041594578792296,12.0,12.0,13.038404810405298,13.038404810405298,13.038404810405298,13.152946437965905,13.152946437965905,13.152946437965905,13.152946437965905,14.142135623730951,14.317821063276353,14.317821063276353,14.317821063276353,14.317821063276353,14.560219778561036,0.0,15.524174696260024,15.524174696260024,15.524174696260024,15.524174696260024,15.297058540778355,15.524174696260024,15.297058540778355,15.297058540778355,15.297058540778355,15.132745950421556,14.142135623730951,14.142135623730951,14.142135623730951,14.142135623730951,13.038404810405298,13.038404810405298,13.038404810405298,12.041594578792296,12.041594578792296,12.0,12.0,12.0,11.045361017187261,11.045361017187261,11.045361017187261,10.198039027185569,0.0,0.0,0.0,0.0,0.0,0.0,0.0,0.0,0.0,0.0,0.0,0.2914567944778671,0.19739555984988075,0.17985349979247828,0.17985349979247828,0.17985349979247828,0.17985349979247828,0.09065988720074511,0.09065988720074511,0.09065988720074511,0.0,0.08314123188844123,0.0,0.0,-0.07677189126977804,-0.07677189126977804,-0.07677189126977804,-0.15264932839526515,-0.15264932839526515,-0.15264932839526515,-0.15264932839526515,-0.14189705460416394,-0.21109333322274654,-0.21109333322274654,-0.21109333322274654,-0.21109333322274654,-0.27829965900511133,0.0,-0.260602391747341,-0.260602391747341,-0.260602391747341,-0.260602391747341,-0.19739555984988075,-0.260602391747341,-0.19739555984988075,-0.19739555984988075,-0.19739555984988075,-0.13255153229667402,-0.14189705460416394,-0.14189705460416394,-0.14189705460416394,-0.14189705460416394,-0.07677189126977804,-0.07677189126977804,-0.07677189126977804,-0.08314123188844123,-0.08314123188844123,0.0,0.0,0.0,0.09065988720074511,0.09065988720074511,0.09065988720074511,0.19739555984988075,0.0,0.0,0.0,0.0,0.0
11.801257974999317,tx,1a:00:00:00:00:00,-48,90.7428907321304,64,0.6679998321268635,8.260435317640063,0,0,0,0,0,0,0,0,0,0,0,0,4,-10,4,-10,4,-10,4,-11,4,-11,4,-11,4,-11,4,-11,4,-11,3,-12,3,-12,2,-12,2,-13,2,-12,2,-13,2,-13,2,-13,2,-13,1,-14,1,-14,1,-14,2,-14,1,-14,0,-15,0,-15,0,-15,0,0,0,-16,1,-15,1,-16,0,-15,1,-16,1,-16,2,-16,2,-16,2,-15,2,-15,1,-15,2,-15,2,-15,2,-14,3,-13,3,-14,3,-13,3,-13,3,-12,4,-12,4,-12,4,-11,4,-11,4,-11,4,-10,5,-10,0,0,0,0,0,0,0,0,0,0,0.0,0.0,0.0,0.0,0.0,0.0,10.770329614269007,10.770329614269007,10.770329614269007,11.704699910719626,11.704699910719626,11.704699910719626,11.704699910719626,11.704699910719626,11.704699910719626,12.36931687685298,12.36931687685298,12.165525060596439,13.152946437965905,12.165525060596439,13.152946437965905,13.152946437965905,13.152946437965905,13.152946437965905,14.035668847618199,14.035668847618199,14.035668847618199,14.142135623730951,14.035668847618199,15.0,15.0,15.0,0.0,16.0,15.033296378372908,16.0312195418814,15.0,16.0312195418814,16.0312195418814,16.1245154965971,16.1245154965971,15.132745950421556,15.132745950421556,15.033296378372908,15.132745950421556,15.132745950421556,14.142135623730951,13.341664064126334,14.317821063276353,13.341664064126334,13.341664064126334,12.36931687685298,12.649110640673518,12.649110640673518,11.704699910719626,11.704699910719626,11.704699910719626,10.770329614269007,11.180339887498949,0.0,0.0,0.0,0.0,0.0,0.0,0.0,0.0,0.0,0.0,0.0,-1.1902899496825317,-1.1902899496825317,-1.1902899496825317,-1.2220253232109897,-1.2220253232109897,-1.2220253232109897,-1.2220253232109897,-1.2220253232109897,-1.2220253232109897,-1.3258176636680326,-1.3258176636680326,-1.4056476493802699,-1.4181469983996315,-1.4056476493802699,-1.4181469983996315,-1.4181469983996315,-1.4181469983996315,-1.4181469983996315,-1.4994888620096063,-1.4994888620096063,-1.4994888620096063,-1.4288992721907328,-1.4994888620096063,-1.5707963267948966,-1.5707963267948966,-1.5707963267948966,0.0,-1.5707963267948966,-1.5042281630190728,-1.5083775167989393,-1.5707963267948966,-1.5083775167989393,-1.5083775167989393,-1.446441332248135,-1.446441332248135,-1.4382447944982226,-1.4382447944982226,-1.5042281630190728,-1.4382447944982226,-1.4382447944982226,-1.4288992721907328,-1.3439974787410107,-1.35970299357215,-1.3439974787410107,-1.3439974787410107,-1.3258176636680326,-1.2490457723982544,-1.2490457723982544,-1.2220253232109897,-1.2220253232109897,-1.2220253232109897,-1.1902899496825317,-1.1071487177940904,0.0,0.0,0.0,0.0,0.0
11.902364481000404,tx,1a:00:00:00:00:00,-48,90.7428907321304,64,0.6653668779187971,8.27662513515633,0,0,0,0,0,0,0,0,0,0,0,0,-5,-10,-5,-9,-6,-10,-5,-10,-6,-10,-6,-9,-6,-10,-6,-10,-7,-9,-7,-10,-7,-10,-7,-10,-7,-10,-8,-9,-8,-9,-10,-9,-9,-9,-10,-9,-10,-9,-10,-9,-10,-9,-11,-9,-11,-10,-11,-9,-11,-9,-11,-9,0,0,-11,-9,-13,-9,-12,-8,-13,-10,-12,-9,-12,-10,-12,-10,-12,-10,-12,-9,-11,-11,-11,-10,-10,-10,-10,-10,-9,-9,-11,-9,-9,-9,-10,-10,-9,-9,-9,-9,-8,-9,-8,-9,-8,-9,-7,-10,-6,-10,-6,-9,-5,-9,0,0,0,0,0,0,0,0,0,0,0.0,0.0,0.0,0.0,0.0,0.0,11.180339887498949,10.295630140987,11.661903789690601,11.180339887498949,11.661903789690601,10.816653826391969,11.661903789690601,11.661903789690601,11.40175425099138,12.206555615733702,12.206555615733702,12.206555615733702,12.206555615733702,12.041594578792296,12.041594578792296,13.45362404707371,12.727922061357855,13.45362404707371,13.45362404707371,13.45362404707371,13.45362404707371,14.212670403551895,14.866068747318506,14.212670403551895,14.212670403551895,14.212670403551895,0.0,14.212670403551895,15.811388300841896,14.422205101855956,16.401219466856727,15.0,15.620499351813308,15.620499351813308,15.620499351813308,15.0,15.556349186104045,14.866068747318506,14.142135623730951,14.142135623730951,12.727922061357855,14.212670403551895,12.727922061357855,14.142135623730951,12.727922061357855,12.727922061357855,12.041594578792296,12.041594578792296,12.041594578792296,12.206555615733702,11.661903789690601,10.816653826391969,10.295630140987,0.0,0.0,0.0,0.0,0.0,0.0,0.0,0.0,0.0,0.0,0.0,-2.0344439357957027,-2.0778948311872334,-2.1112158270654806,-2.0344439357957027,-2.1112158270654806,-2.158798930342464,-2.1112158270654806,-2.1112158270654806,-2.2318394956455836,-2.1815222911841055,-2.1815222911841055,-2.1815222911841055,-2.1815222911841055,-2.297438667476622,-2.297438667476622,-2.408777551803287,-2.356194490192345,-2.408777551803287,-2.408777551803287,-2.408777551803287,-2.408777551803287,-2.455863142683507,-2.403777593469328,-2.455863142683507,-2.455863142683507,-2.455863142683507,0.0,-2.455863142683507,-2.5360479899848234,-2.5535900500422257,-2.485897027348257,-2.498091544796509,-2.44685437739309,-2.44685437739309,-2.44685437739309,-2.498091544796509,-2.356194490192345,-2.403777593469328,-2.356194490192345,-2.356194490192345,-2.356194490192345,-2.455863142683507,-2.356194490192345,-2.356194490192345,-2.356194490192345,-2.356194490192345,-2.297438667476622,-2.297438667476622,-2.297438667476622,-2.1815222911841055,-2.1112158270654806,-2.158798930342464,-2.0778948311872334,0.0,0.0,0.0,0.0,0.0
12.019732963002753,tx,1a:00:00:00:00:00,-48,90.7428907321304,64,0.6629464913047851,8.286187008503626,0,0,0,0,0,0,0,0,0,0,0,0,7,-9,7,-9,6,-9,7,-10,6,-10,6,-11,6,-10,6,-10,6,-11,5,-11,6,-12,5,-12,5,-12,5,-12,5,-13,5,-12,5,-14,4,-13,4,-14,4,-14,4,-14,4,-14,3,-14,3,-15,3,-15,3,-16,0,0,3,-16,4,-15,4,-17,3,-15,4,-16,4,-16,5,-16,5,-16,5,-15,5,-14,5,-15,5,-15,5,-14,5,-14,5,-13,6,-14,5,-13,6,-13,6,-12,6,-11,6,-11,6,-11,6,-10,6,-10,6,-10,7,-9,0,0,0,0,0,0,0,0,0,0,0.0,0.0,0.0,0.0,0.0,0.0,11.40175425099138,11.40175425099138,10.816653826391969,12.206555615733702,11.661903789690601,12.529964086141668,11.661903789690601,11.661903789690601,12.529964086141668,12.083045973594572,13.416407864998739,13.0,13.0,13.0,13.92838827718412,13.0,14.866068747318506,13.601470508735444,14.560219778561036,14.560219778561036,14.560219778561036,14.560219778561036,14.317821063276353,15.297058540778355,15.297058540778355,16.278820596099706,0.0,16.278820596099706,15.524174696260024,17.46424919657298,15.297058540778355,16.492422502470642,16.492422502470642,16.76305461424021,16.76305461424021,15.811388300841896,14.866068747318506,15.811388300841896,15.811388300841896,14.866068747318506,14.866068747318506,13.92838827718412,15.231546211727817,13.92838827718412,14.317821063276353,13.416407864998739,12.529964086141668,12.529964086141668,12.529964086141668,11.661903789690601,11.661903789690601,11.661903789690601,11.40175425099138,0.0,0.0,0.0,0.0,0.0,0.0,0.0,0.0,0.0,0.0,0.0,-0.9097531579442097,-0.9097531579442097,-0.982793723247329,-0.960070362405688,-1.0303768265243125,-1.0714496051147666,-1.0303768265243125,-1.0303768265243125,-1.0714496051147666,-1.1441688336680205,-1.1071487177940904,-1.176005207095135,-1.176005207095135,-1.176005207095135,-1.2036224929766774,-1.176005207095135,-1.2277723863741932,-1.2722973952087173,-1.2924966677897853,-1.2924966677897853,-1.2924966677897853,-1.2924966677897853,-1.35970299357215,-1.373400766945016,-1.373400766945016,-1.3854483767992019,0.0,-1.3854483767992019,-1.3101939350475555,-1.3397056595989996,-1.373400766945016,-1.3258176636680326,-1.3258176636680326,-1.2679114584199251,-1.2679114584199251,-1.2490457723982544,-1.2277723863741932,-1.2490457723982544,-1.2490457723982544,-1.2277723863741932,-1.2277723863741932,-1.2036224929766774,-1.1659045405098132,-1.2036224929766774,-1.1383885512243588,-1.1071487177940904,-1.0714496051147666,-1.0714496051147666,-1.0714496051147666,-1.0303768265243125,-1.0303768265243125,-1.0303768265243125,-0.9097531579442097,0.0,0.0,0.0,0.0,0.0
12.129243126997608,tx,1a:00:00:00:00:00,-48,90.7428907321304,64,0.6610695980038495,8.289947151667608,0,0,0,0,0,0,0,0,0,0,0,0,10,3,10,3,11,3,11,3,11,3,11,3,11,3,11,2,11,2,12,2,12,1,12,1,13,0,13,0,13,0,13,0,13,0,13,0,14,-1,14,-1,14,-1,14,-1,14,-2,15,-2,15,-2,15,-2,0,0,16,-2,15,-2,16,-2,15,-2,16,-1,16,-1,16,-1,16,-1,16,0,15,0,15,0,15,0,15,0,15,0,14,1,14,1,13,1,13,1,13,2,12,2,12,2,12,3,11,3,11,3,11,3,10,4,0,0,0,0,0,0,0,0,0,0,0.0,0.0,0.0,0.0,0.0,0.0,10.44030650891055,10.44030650891055,11.40175425099138,11.40175425099138,11.40175425099138,11.40175425099138,11.40175425099138,11.180339887498949,11.180339887498949,12.165525060596439,12.041594578792296,12.041594578792296,13.0,13.0,13.0,13.0,13.0,13.0,14.035668847618199,14.035668847618199,14.035668847618199,14.035668847618199,14.142135623730951,15.132745950421556,15.132745950421556,15.132745950421556,0.0,16.1245154965971,15.132745950421556,16.1245154965971,15.132745950421556,16.0312195418814,16.0312195418814,16.0312195418814,16.0312195418814,16.0,15.0,15.0,15.0,15.0,15.0,14.035668847618199,14.035668847618199,13.038404810405298,13.038404810405298,13.152946437965905,12.165525060596439,12.165525060596439,12.36931687685298,11.40175425099138,11.40175425099138,11.40175425099138,10.770329614269007,0.0,0.0,0.0,0.0,0.0,0.0,0.0,0.0,0.0,0.0,0.0,0.2914567944778671,0.2914567944778671,0.2662520491509254,0.2662520491509254,0.2662520491509254,0.2662520491509254,0.2662520491509254,0.17985349979247828,0.17985349979247828,0.16514867741462683,0.08314123188844123,0.08314123188844123,0.0,0.0,0.0,0.0,0.0,0.0,-0.07130746478529032,-0.07130746478529032,-0.07130746478529032,-0.07130746478529032,-0.14189705460416394,-0.13255153229667402,-0.13255153229667402,-0.13255153229667402,0.0,-0.12435499454676144,-0.13255153229667402,-0.12435499454676144,-0.13255153229667402,-0.06241880999595735,-0.06241880999595735,-0.06241880999595735,-0.06241880999595735,0.0,0.0,0.0,0.0,0.0,0.0,0.07130746478529032,0.07130746478529032,0.07677189126977804,0.07677189126977804,0.15264932839526515,0.16514867741462683,0.16514867741462683,0.24497866312686414,0.2662520491509254,0.2662520491509254,0.2662520491509254,0.3805063771123649,0.0,0.0,0.0,0.0,0.0
12.229522936002468,tx,1a:00:00:00:00:00,-48,90.7428907321304,64,0.65955805812601,8.288422358233944,0,0,0,0,0,0,0,0,0,0,0,0,-8,8,-8,8,-7,8,-8,8,-8,9,-7,9,-7,9,-7,9,-7,10,-7,10,-7,10,-6,10,-6,11,-6,11,-6,11,-6,12,-6,12,-5,12,-5,12,-5,13,-5,13,-5,13,-5,13,-5,14,-5,14,-5,14,0,0,-5,15,-5,15,-5,15,-5,15,-5,14,-5,15,-5,15,-5,15,-6,14,-6,14,-6,14,-6,13,-7,13,-6,13,-6,12,-7,12,-7,12,-6,11,-6,11,-7,10,-7,10,-7,10,-7,9,-8,9,-8,8,-8,8,0,0,0,0,0,0,0,0,0,0,0.0,0.0,0.0,0.0,0.0,0.0,11.313708498984761,11.313708498984761,10.63014581273465,11.313708498984761,12.041594578792296,11.40175425099138,11.40175425099138,11.40175425099138,12.206555615733702,12.206555615733702,12.206555615733702,11.661903789690601,12.529964086141668,12.529964086141668,12.529964086141668,13.416407864998739,13.416407864998739,13.0,13.0,13.92838827718412,13.92838827718412,13.92838827718412,13.92838827718412,14.866068747318506,14.866068747318506,14.866068747318506,0.0,15.811388300841896,15.811388300841896,15.811388300841896,15.811388300841896,14.866068747318506,15.811388300841896,15.811388300841896,15.811388300841896,15.231546211727817,15.231546211727817,15.231546211727817,14.317821063276353,14.7648230602334,14.317821063276353,13.416407864998739,13.892443989449804,13.892443989449804,12.529964086141668,12.529964086141668,12.206555615733702,12.206555615733702,12.206555615733702,11.40175425099138,12.041594578792296,11.313708498984761,11.313708498984761,0.0,0.0,0.0,0.0,0.0,0.0,0.0,0.0,0.0,0.0,0.0,2.356194490192345,2.356194490192345,2.289626326416521,2.356194490192345,2.297438667476622,2.2318394956455836,2.2318394956455836,2.2318394956455836,2.1815222911841055,2.1815222911841055,2.1815222911841055,2.1112158270654806,2.0701430484750265,2.0701430484750265,2.0701430484750265,2.0344439357957027,2.0344439357957027,1.965587446494658,1.965587446494658,1.9379701606131159,1.9379701606131159,1.9379701606131159,1.9379701606131159,1.9138202672156,1.9138202672156,1.9138202672156,0.0,1.892546881191539,1.892546881191539,1.892546881191539,1.892546881191539,1.9138202672156,1.892546881191539,1.892546881191539,1.892546881191539,1.97568811307998,1.97568811307998,1.97568811307998,2.0032041023654346,2.0647376957144776,2.0032041023654346,2.0344439357957027,2.0988707752212563,2.0988707752212563,2.0701430484750265,2.0701430484750265,2.1815222911841055,2.1815222911841055,2.1815222911841055,2.2318394956455836,2.297438667476622,2.356194490192345,2.356194490192345,0.0,0.0,0.0,0.0,0.0
12.329515008997987,tx,1a:00:00:00:00:00,-48,90.7428907321304,64,0.6588382425310872,8.28194442650299,0,0,0,0,0,0,0,0,0,0,0,0,-11,-3,-12,-2,-12,-2,-12,-2,-12,-2,-13,-2,-12,-1,-13,-1,-13,-1,-13,0,-13,0,-13,0,-13,1,-14,1,-14,1,-14,1,-15,1,-14,2,-15,2,-14,2,-15,3,-15,3,-14,3,-15,4,-15,4,-16,4,0,0,-16,4,-16,3,-17,4,-16,4,-16,3,-17,4,-17,3,-16,3,-16,3,-16,3,-16,3,-16,2,-16,2,-16,2,-15,1,-15,1,-14,1,-14,1,-14,0,-13,0,-13,0,-13,-1,-13,-1,-12,-1,-12,-2,-12,-2,0,0,0,0,0,0,0,0,0,0,0.0,0.0,0.0,0.0,0.0,0.0,11.40175425099138,12.165525060596439,12.165525060596439,12.165525060596439,12.165525060596439,13.152946437965905,12.041594578792296,13.038404810405298,13.038404810405298,13.0,13.0,13.0,13.038404810405298,14.035668847618199,14.035668847618199,14.035668847618199,15.033296378372908,14.142135623730951,15.132745950421556,14.142135623730951,15.297058540778355,15.297058540778355,14.317821063276353,15.524174696260024,15.524174696260024,16.492422502470642,0.0,16.492422502470642,16.278820596099706,17.46424919657298,16.492422502470642,16.278820596099706,17.46424919657298,17.26267650163207,16.278820596099706,16.278820596099706,16.278820596099706,16.278820596099706,16.1245154965971,16.1245154965971,16.1245154965971,15.033296378372908,15.033296378372908,14.035668847618199,14.035668847618199,14.0,13.0,13.0,13.038404810405298,13.038404810405298,12.041594578792296,12.165525060596439,12.165525060596439,0.0,0.0,0.0,0.0,0.0,0.0,0.0,0.0,0.0,0.0,0.0,-2.875340604438868,-2.976443976175166,-2.976443976175166,-2.976443976175166,-2.976443976175166,-2.988943325194528,-3.058451421701352,-3.064820762320015,-3.064820762320015,3.141592653589793,3.141592653589793,3.141592653589793,3.064820762320015,3.070285188804503,3.070285188804503,3.070285188804503,3.0750244898139694,2.999695598985629,3.0090411212931194,2.999695598985629,2.9441970937399127,2.9441970937399127,2.930499320367047,2.8809902618424523,2.8809902618424523,2.896613990462929,0.0,2.896613990462929,2.9562447035940984,2.9105019863938963,2.896613990462929,2.9562447035940984,2.9105019863938963,2.9669204545815537,2.9562447035940984,2.9562447035940984,2.9562447035940984,2.9562447035940984,3.017237659043032,3.017237659043032,3.017237659043032,3.0750244898139694,3.0750244898139694,3.070285188804503,3.070285188804503,3.141592653589793,3.141592653589793,3.141592653589793,-3.064820762320015,-3.064820762320015,-3.058451421701352,-2.976443976175166,-2.976443976175166,0.0,0.0,0.0,0.0,0.0
12.440766009000072,tx,1a:00:00:00:00:00,-48,90.7428907321304,64,0.6586781592847768,8.270817843474976,0,0,0,0,0,0,0,0,0,0,0,0,-1,10,-1,10,-1,10,-1,10,-1,10,0,10,0,11,0,11,0,11,1,11,1,11,1,11,1,12,2,12,2,12,2,12,2,12,3,12,3,12,3,12,3,12,4,13,4,13,4,13,4,13,5,13,0,0,5,14,5,14,5,14,5,14,4,13,5,14,4,14,4,14,3,14,3,14,3,14,3,14,3,14,3,13,2,13,2,13,2,13,1,12,1,12,0,12,1,12,0,11,0,11,-1,11,-1,10,-2,10,0,0,0,0,0,0,0,0,0,0,0.0,0.0,0.0,0.0,0.0,0.0,10.04987562112089,10.04987562112089,10.04987562112089,10.04987562112089,10.04987562112089,10.0,11.0,11.0,11.0,11.045361017187261,11.045361017187261,11.045361017187261,12.041594578792296,12.165525060596439,12.165525060596439,12.165525060596439,12.165525060596439,12.36931687685298,12.36931687685298,12.36931687685298,12.36931687685298,13.601470508735444,13.601470508735444,13.601470508735444,13.601470508735444,13.92838827718412,0.0,14.866068747318506,14.866068747318506,14.866068747318506,14.866068747318506,13.601470508735444,14.866068747318506,14.560219778561036,14.560219778561036,14.317821063276353,14.317821063276353,14.317821063276353,14.317821063276353,14.317821063276353,13.341664064126334,13.152946437965905,13.152946437965905,13.152946437965905,12.041594578792296,12.041594578792296,12.0,12.041594578792296,11.0,11.0,11.045361017187261,10.04987562112089,10.198039027185569,0.0,0.0,0.0,0.0,0.0,0.0,0.0,0.0,0.0,0.0,0.0,1.6704649792860586,1.6704649792860586,1.6704649792860586,1.6704649792860586,1.6704649792860586,1.5707963267948966,1.5707963267948966,1.5707963267948966,1.5707963267948966,1.4801364395941514,1.4801364395941514,1.4801364395941514,1.4876550949064553,1.4056476493802699,1.4056476493802699,1.4056476493802699,1.4056476493802699,1.3258176636680326,1.3258176636680326,1.3258176636680326,1.3258176636680326,1.2722973952087173,1.2722973952087173,1.2722973952087173,1.2722973952087173,1.2036224929766774,0.0,1.2277723863741932,1.2277723863741932,1.2277723863741932,1.2277723863741932,1.2722973952087173,1.2277723863741932,1.2924966677897853,1.2924966677897853,1.35970299357215,1.35970299357215,1.35970299357215,1.35970299357215,1.35970299357215,1.3439974787410107,1.4181469983996315,1.4181469983996315,1.4181469983996315,1.4876550949064553,1.4876550949064553,1.5707963267948966,1.4876550949064553,1.5707963267948966,1.5707963267948966,1.6614562139956417,1.6704649792860586,1.7681918866447774,0.0,0.0,0.0,0.0,0.0
12.559773054003017,tx,1a:00:00:00:00:00,-49,90.7428907321304,64,0.6593335704184874,8.255286874983748,0,0,0,0,0,0,0,0,0,0,0,0,1,-12,1,-11,1,-12,1,-12,1,-12,1,-12,0,-13,0,-12,0,-13,0,-13,0,-13,-1,-13,-1,-13,-1,-13,-1,-13,-3,-14,-2,-13,-3,-14,-3,-14,-3,-14,-3,-14,-4,-15,-3,-15,-4,-15,-4,-15,-4,-15,0,0,-4,-16,-5,-16,-4,-16,-5,-16,-4,-16,-4,-16,-4,-16,-3,-16,-3,-16,-3,-16,-3,-16,-2,-15,-2,-15,-2,-15,-2,-15,-2,-14,-1,-15,-1,-14,-1,-14,-1,-13,0,-13,0,-13,1,-13,1,-12,2,-12,2,-11,0,0,0,0,0,0,0,0,0,0,0.0,0.0,0.0,0.0,0.0,0.0,12.041594578792296,11.045361017187261,12.041594578792296,12.041594578792296,12.041594578792296,12.041594578792296,13.0,12.0,13.0,13.0,13.0,13.038404810405298,13.038404810405298,13.038404810405298,13.038404810405298,14.317821063276353,13.152946437965905,14.317821063276353,14.317821063276353,14.317821063276353,14.317821063276353,15.524174696260024,15.297058540778355,15.524174696260024,15.524174696260024,15.524174696260024,0.0,16.492422502470642,16.76305461424021,16.492422502470642,16.76305461424021,16.492422502470642,16.492422502470642,16.492422502470642,16.278820596099706,16.278820596099706,16.278820596099706,16.278820596099706,15.132745950421556,15.132745950421556,15.132745950421556,15.132745950421556,14.142135623730951,15.033296378372908,14.035668847618199,14.035668847618199,13.038404810405298,13.0,13.0,13.038404810405298,12.041594578792296,12.165525060596439,11.180339887498949,0.0,0.0,0.0,0.0,0.0,0.0,0.0,0.0,0.0,0.0,0.0,-1.4876550949064553,-1.4801364395941514,-1.4876550949064553,-1.4876550949064553,-1.4876550949064553,-1.4876550949064553,-1.5707963267948966,-1.5707963267948966,-1.5707963267948966,-1.5707963267948966,-1.5707963267948966,-1.6475682180646747,-1.6475682180646747,-1.6475682180646747,-1.6475682180646747,-1.7818896600176433,-1.7234456551901618,-1.7818896600176433,-1.7818896600176433,-1.7818896600176433,-1.7818896600176433,-1.8313987185422376,-1.7681918866447774,-1.8313987185422376,-1.8313987185422376,-1.8313987185422376,0.0,-1.8157749899217608,-1.873681195169868,-1.8157749899217608,-1.873681195169868,-1.8157749899217608,-1.8157749899217608,-1.8157749899217608,-1.7561442767905915,-1.7561442767905915,-1.7561442767905915,-1.7561442767905915,-1.7033478590915707,-1.7033478590915707,-1.7033478590915707,-1.7033478590915707,-1.7126933813990606,-1.6373644905707205,-1.642103791580187,-1.642103791580187,-1.6475682180646747,-1.5707963267948966,-1.5707963267948966,-1.4940244355251187,-1.4876550949064553,-1.4056476493802699,-1.3909428270024184,0.0,0.0,0.0,0.0,0.0
12.673580839000351,tx,1a:00:00:00:00:00,-49,90.7428907321304,64,0.6612996345087004,8.23554863437089,0,0,0,0,0,0,0,0,0,0,0,0,4,8,5,9,5,8,5,9,5,9,6,9,5,9,6,8,6,9,7,8,7,8,7,8,8,8,8,8,9,9,8,8,9,9,8,8,9,8,9,8,10,8,10,8,10,8,11,8,11,8,11,8,0,0,12,9,11,9,12,9,11,8,11,10,11,10,11,10,11,10,10,10,10,9,10,10,10,10,10,10,10,10,8,10,9,10,8,9,8,10,7,10,6,9,6,9,5,10,5,9,5,9,4,9,4,9,0,0,0,0,0,0,0,0,0,0,0.0,0.0,0.0,0.0,0.0,0.0,8.94427190999916,10.295630140987,9.433981132056603,10.295630140987,10.295630140987,10.816653826391969,10.295630140987,10.0,10.816653826391969,10.63014581273465,10.63014581273465,10.63014581273465,11.313708498984761,11.313708498984761,12.727922061357855,11.313708498984761,12.727922061357855,11.313708498984761,12.041594578792296,12.041594578792296,12.806248474865697,12.806248474865697,12.806248474865697,13.601470508735444,13.601470508735444,13.601470508735444,0.0,15.0,14.212670403551895,15.0,13.601470508735444,14.866068747318506,14.866068747318506,14.866068747318506,14.866068747318506,14.142135623730951,13.45362404707371,14.142135623730951,14.142135623730951,14.142135623730951,14.142135623730951,12.806248474865697,13.45362404707371,12.041594578792296,12.806248474865697,12.206555615733702,10.816653826391969,10.816653826391969,11.180339887498949,10.295630140987,10.295630140987,9.848857801796104,9.848857801796104,0.0,0.0,0.0,0.0,0.0,0.0,0.0,0.0,0.0,0.0,0.0,1.1071487177940904,1.0636978224025597,1.0121970114513341,1.0636978224025597,1.0636978224025597,0.982793723247329,1.0636978224025597,0.9272952180016122,0.982793723247329,0.8519663271732721,0.8519663271732721,0.8519663271732721,0.7853981633974483,0.7853981633974483,0.7853981633974483,0.7853981633974483,0.7853981633974483,0.7853981633974483,0.7266423406817256,0.7266423406817256,0.6747409422235526,0.6747409422235526,0.6747409422235526,0.628796286415433,0.628796286415433,0.628796286415433,0.0,0.6435011087932844,0.6857295109062863,0.6435011087932844,0.628796286415433,0.7378150601204649,0.7378150601204649,0.7378150601204649,0.7378150601204649,0.7853981633974483,0.7328151017865066,0.7853981633974483,0.7853981633974483,0.7853981633974483,0.7853981633974483,0.8960553845713439,0.83798122500839,0.844153986113171,0.8960553845713439,0.960070362405688,0.982793723247329,0.982793723247329,1.1071487177940904,1.0636978224025597,1.0636978224025597,1.1525719972156676,1.1525719972156676,0.0,0.0,0.0,0.0,0.0
12.774519997001335,tx,1a:00:00:00:00:00,-48,93.8484066683967,64,0.663365868700234,8.188543312307033,0,0,0,0,0,0,0,0,0,0,0,0,-7,-9,-7,-9,-8,-9,-8,-9,-8,-9,-8,-8,-9,-8,-9,-8,-10,-8,-10,-9,-10,-9,-10,-8,-11,-8,-11,-8,-11,-8,-12,-7,-12,-7,-12,-7,-12,-6,-13,-6,-13,-7,-14,-6,-14,-7,-14,-7,-14,-7,-14,-6,0,0,-15,-6,-15,-6,-15,-6,-16,-7,-14,-6,-15,-7,-15,-7,-14,-8,-15,-7,-15,-8,-14,-8,-13,-8,-13,-8,-12,-8,-13,-7,-13,-7,-12,-8,-11,-7,-11,-7,-11,-7,-10,-8,-10,-8,-10,-9,-9,-9,-9,-8,-8,-8,0,0,0,0,0,0,0,0,0,0,0.0,0.0,0.0,0.0,0.0,0.0,11.40175425099138,11.40175425099138,12.041594578792296,12.041594578792296,12.041594578792296,11.313708498984761,12.041594578792296,12.041594578792296,12.806248474865697,13.45362404707371,13.45362404707371,12.806248474865697,13.601470508735444,13.601470508735444,13.601470508735444,13.892443989449804,13.892443989449804,13.892443989449804,13.416407864998739,14.317821063276353,14.7648230602334,15.231546211727817,15.652475842498529,15.652475842498529,15.652475842498529,15.231546211727817,0.0,16.15549442140351,16.15549442140351,16.15549442140351,17.46424919657298,15.231546211727817,16.55294535724685,16.55294535724685,16.1245154965971,16.55294535724685,17.0,16.1245154965971,15.264337522473747,15.264337522473747,14.422205101855956,14.7648230602334,14.7648230602334,14.422205101855956,13.038404810405298,13.038404810405298,13.038404810405298,12.806248474865697,12.806248474865697,13.45362404707371,12.727922061357855,12.041594578792296,11.313708498984761,0.0,0.0,0.0,0.0,0.0,0.0,0.0,0.0,0.0,0.0,0.0,-2.2318394956455836,-2.2318394956455836,-2.297438667476622,-2.297438667476622,-2.297438667476622,-2.356194490192345,-2.4149503129080676,-2.4149503129080676,-2.4668517113662407,-2.408777551803287,-2.408777551803287,-2.4668517113662407,-2.5127963671743605,-2.5127963671743605,-2.5127963671743605,-2.6135182051634334,-2.6135182051634334,-2.6135182051634334,-2.677945044588987,-2.7091848780192556,-2.647651284670212,-2.7367008673047097,-2.677945044588987,-2.677945044588987,-2.677945044588987,-2.7367008673047097,0.0,-2.761086276477428,-2.761086276477428,-2.761086276477428,-2.729182211992406,-2.7367008673047097,-2.704965493776252,-2.704965493776252,-2.62244653934327,-2.704965493776252,-2.651635327336065,-2.62244653934327,-2.5899376710612465,-2.5899376710612465,-2.5535900500422257,-2.647651284670212,-2.647651284670212,-2.5535900500422257,-2.5748634360662868,-2.5748634360662868,-2.5748634360662868,-2.4668517113662407,-2.4668517113662407,-2.408777551803287,-2.356194490192345,-2.4149503129080676,-2.356194490192345,0.0,0.0,0.0,0.0,0.0
12.878960710004321,tx,1a:00:00:00:00:00,-48,93.8484066683967,64,0.665660204073669,8.1515531354895,0,0,0,0,0,0,0,0,0,0,0,0,10,2,10,2,10,1,10,2,10,1,10,1,10,1,11,1,11,1,11,0,11,0,11,0,12,0,12,-1,12,-1,12,-1,12,-2,12,-2,12,-2,12,-2,13,-2,13,-3,13,-3,13,-3,14,-3,14,-3,0,0,14,-4,14,-4,14,-4,14,-4,14,-3,15,-3,15,-3,14,-3,14,-2,14,-2,14,-2,14,-1,14,-1,13,-1,13,-1,13,-1,12,-1,12,-1,12,0,11,0,11,0,11,1,11,1,10,1,10,2,10,2,0,0,0,0,0,0,0,0,0,0,0.0,0.0,0.0,0.0,0.0,0.0,10.198039027185569,10.198039027185569,10.04987562112089,10.198039027185569,10.04987562112089,10.04987562112089,10.04987562112089,11.045361017187261,11.045361017187261,11.0,11.0,11.0,12.0,12.041594578792296,12.041594578792296,12.041594578792296,12.165525060596439,12.165525060596439,12.165525060596439,12.165525060596439,13.152946437965905,13.341664064126334,13.341664064126334,13.341664064126334,14.317821063276353,14.317821063276353,0.0,14.560219778561036,14.560219778561036,14.560219778561036,14.560219778561036,14.317821063276353,15.297058540778355,15.297058540778355,14.317821063276353,14.142135623730951,14.142135623730951,14.142135623730951,14.035668847618199,14.035668847618199,13.038404810405298,13.038404810405298,13.038404810405298,12.041594578792296,12.041594578792296,12.0,11.0,11.0,11.045361017187261,11.045361017187261,10.04987562112089,10.198039027185569,10.198039027185569,0.0,0.0,0.0,0.0,0.0,0.0,0.0,0.0,0.0,0.0,0.0,0.19739555984988075,0.19739555984988075,0.09966865249116202,0.19739555984988075,0.09966865249116202,0.09966865249116202,0.09966865249116202,0.09065988720074511,0.09065988720074511,0.0,0.0,0.0,0.0,-0.08314123188844123,-0.08314123188844123,-0.08314123188844123,-0.16514867741462683,-0.16514867741462683,-0.16514867741462683,-0.16514867741462683,-0.15264932839526515,-0.22679884805388587,-0.22679884805388587,-0.22679884805388587,-0.21109333322274654,-0.21109333322274654,0.0,-0.27829965900511133,-0.27829965900511133,-0.27829965900511133,-0.27829965900511133,-0.21109333322274654,-0.19739555984988075,-0.19739555984988075,-0.21109333322274654,-0.14189705460416394,-0.14189705460416394,-0.14189705460416394,-0.07130746478529032,-0.07130746478529032,-0.07677189126977804,-0.07677189126977804,-0.07677189126977804,-0.08314123188844123,-0.08314123188844123,0.0,0.0,0.0,0.09065988720074511,0.09065988720074511,0.09966865249116202,0.19739555984988075,0.19739555984988075,0.0,0.0,0.0,0.0,0.0
12.981942851001804,tx,1a:00:00:00:00:00,-48,93.8484066683967,64,0.6661006402041684,8.118362198577044,0,0,0,0,0,0,0,0,0,0,0,0,10,-2,10,-3,11,-3,11,-3,11,-3,11,-4,10,-4,10,-4,11,-5,11,-5,11,-5,11,-5,11,-6,11,-6,11,-6,11,-7,11,-7,11,-7,11,-8,11,-8,11,-8,11,-9,11,-9,11,-9,12,-9,12,-9,0,0,12,-10,12,-10,12,-10,12,-10,12,-10,13,-10,12,-10,13,-9,13,-9,13,-9,13,-8,12,-8,13,-8,12,-7,12,-7,12,-7,12,-6,12,-6,11,-6,11,-5,11,-5,11,-4,11,-4,11,-3,11,-3,10,-2,0,0,0,0,0,0,0,0,0,0,0.0,0.0,0.0,0.0,0.0,0.0,10.198039027185569,10.44030650891055,11.40175425099138,11.40175425099138,11.40175425099138,11.704699910719626,10.770329614269007,10.770329614269007,12.083045973594572,12.083045973594572,12.083045973594572,12.083045973594572,12.529964086141668,12.529964086141668,12.529964086141668,13.038404810405298,13.038404810405298,13.038404810405298,13.601470508735444,13.601470508735444,13.601470508735444,14.212670403551895,14.212670403551895,14.212670403551895,15.0,15.0,0.0,15.620499351813308,15.620499351813308,15.620499351813308,15.620499351813308,15.620499351813308,16.401219466856727,15.620499351813308,15.811388300841896,15.811388300841896,15.811388300841896,15.264337522473747,14.422205101855956,15.264337522473747,13.892443989449804,13.892443989449804,13.892443989449804,13.416407864998739,13.416407864998739,12.529964086141668,12.083045973594572,12.083045973594572,11.704699910719626,11.704699910719626,11.40175425099138,11.40175425099138,10.198039027185569,0.0,0.0,0.0,0.0,0.0,0.0,0.0,0.0,0.0,0.0,0.0,-0.19739555984988075,-0.2914567944778671,-0.2662520491509254,-0.2662520491509254,-0.2662520491509254,-0.348771003583907,-0.3805063771123649,-0.3805063771123649,-0.4266274931268761,-0.4266274931268761,-0.4266274931268761,-0.4266274931268761,-0.4993467216801301,-0.4993467216801301,-0.4993467216801301,-0.5667292175235064,-0.5667292175235064,-0.5667292175235064,-0.628796286415433,-0.628796286415433,-0.628796286415433,-0.6857295109062863,-0.6857295109062863,-0.6857295109062863,-0.6435011087932844,-0.6435011087932844,0.0,-0.6947382761967031,-0.6947382761967031,-0.6947382761967031,-0.6947382761967031,-0.6947382761967031,-0.6556956262415362,-0.6947382761967031,-0.6055446636049701,-0.6055446636049701,-0.6055446636049701,-0.5516549825285468,-0.5880026035475675,-0.5516549825285468,-0.5280744484263596,-0.5280744484263596,-0.5280744484263596,-0.4636476090008061,-0.4636476090008061,-0.4993467216801301,-0.4266274931268761,-0.4266274931268761,-0.348771003583907,-0.348771003583907,-0.2662520491509254,-0.2662520491509254,-0.19739555984988075,0.0,0.0,0.0,0.0,0.0
13.08324227000412,tx,1a:00:00:00:00:00,-48,93.8484066683967,64,0.6661503090209085,8.08518642458115,0,0,0,0,0,0,0,0,0,0,0,0,8,6,8,5,9,6,9,5,9,6,9,5,10,5,10,5,10,5,11,5,11,5,11,5,11,4,11,4,11,4,12,3,12,3,13,3,12,3,13,3,13,3,13,2,14,3,14,2,14,3,14,2,0,0,15,2,15,2,15,2,15,2,15,3,15,3,15,3,15,4,15,3,15,4,14,4,14,4,13,4,13,4,13,4,12,4,13,5,11,4,11,4,11,5,10,5,10,5,10,6,9,6,9,6,8,6,0,0,0,0,0,0,0,0,0,0,0.0,0.0,0.0,0.0,0.0,0.0,10.0,9.433981132056603,10.816653826391969,10.295630140987,10.816653826391969,10.295630140987,11.180339887498949,11.180339887498949,11.180339887498949,12.083045973594572,12.083045973594572,12.083045973594572,11.704699910719626,11.704699910719626,11.704699910719626,12.36931687685298,12.36931687685298,13.341664064126334,12.36931687685298,13.341664064126334,13.341664064126334,13.152946437965905,14.317821063276353,14.142135623730951,14.317821063276353,14.142135623730951,0.0,15.132745950421556,15.132745950421556,15.132745950421556,15.132745950421556,15.297058540778355,15.297058540778355,15.297058540778355,15.524174696260024,15.297058540778355,15.524174696260024,14.560219778561036,14.560219778561036,13.601470508735444,13.601470508735444,13.601470508735444,12.649110640673518,13.92838827718412,11.704699910719626,11.704699910719626,12.083045973594572,11.180339887498949,11.180339887498949,11.661903789690601,10.816653826391969,10.816653826391969,10.0,0.0,0.0,0.0,0.0,0.0,0.0,0.0,0.0,0.0,0.0,0.0,0.6435011087932844,0.5585993153435624,0.5880026035475675,0.507098504392337,0.5880026035475675,0.507098504392337,0.4636476090008061,0.4636476090008061,0.4636476090008061,0.4266274931268761,0.4266274931268761,0.4266274931268761,0.348771003583907,0.348771003583907,0.348771003583907,0.24497866312686414,0.24497866312686414,0.22679884805388587,0.24497866312686414,0.22679884805388587,0.22679884805388587,0.15264932839526515,0.21109333322274654,0.14189705460416394,0.21109333322274654,0.14189705460416394,0.0,0.13255153229667402,0.13255153229667402,0.13255153229667402,0.13255153229667402,0.19739555984988075,0.19739555984988075,0.19739555984988075,0.260602391747341,0.19739555984988075,0.260602391747341,0.27829965900511133,0.27829965900511133,0.2984989315861793,0.2984989315861793,0.2984989315861793,0.3217505543966422,0.3671738338182192,0.348771003583907,0.348771003583907,0.4266274931268761,0.4636476090008061,0.4636476090008061,0.5404195002705842,0.5880026035475675,0.5880026035475675,0.6435011087932844,0.0,0.0,0.0,0.0,0.0
13.195341108999855,tx,1a:00:00:00:00:00,-48,93.8484066683967,64,0.6641351542495114,8.049727380062082,0,0,0,0,0,0,0,0,0,0,0,0,-11,-2,-11,-1,-12,-1,-11,-1,-12,-1,-11,-1,-12,-1,-12,0,-12,0,-12,0,-12,0,-12,1,-13,1,-13,1,-13,2,-13,2,-13,2,-13,3,-13,3,-13,3,-13,3,-14,4,-14,4,-14,4,-14,4,-14,4,0,0,-15,5,-15,5,-15,4,-15,5,-15,4,-15,5,-15,4,-15,4,-15,4,-15,3,-14,3,-15,3,-15,2,-14,2,-14,2,-14,2,-14,2,-13,1,-13,1,-12,0,-12,0,-12,0,-12,0,-11,-1,-11,-1,-11,-2,0,0,0,0,0,0,0,0,0,0,0.0,0.0,0.0,0.0,0.0,0.0,11.180339887498949,11.045361017187261,12.041594578792296,11.045361017187261,12.041594578792296,11.045361017187261,12.041594578792296,12.0,12.0,12.0,12.0,12.041594578792296,13.038404810405298,13.038404810405298,13.152946437965905,13.152946437965905,13.152946437965905,13.341664064126334,13.341664064126334,13.341664064126334,13.341664064126334,14.560219778561036,14.560219778561036,14.560219778561036,14.560219778561036,14.560219778561036,0.0,15.811388300841896,15.811388300841896,15.524174696260024,15.811388300841896,15.524174696260024,15.811388300841896,15.524174696260024,15.524174696260024,15.524174696260024,15.297058540778355,14.317821063276353,15.297058540778355,15.132745950421556,14.142135623730951,14.142135623730951,14.142135623730951,14.142135623730951,13.038404810405298,13.038404810405298,12.0,12.0,12.0,12.0,11.045361017187261,11.045361017187261,11.180339887498949,0.0,0.0,0.0,0.0,0.0,0.0,0.0,0.0,0.0,0.0,0.0,-2.961739153797315,-3.050932766389048,-3.058451421701352,-3.050932766389048,-3.058451421701352,-3.050932766389048,-3.058451421701352,3.141592653589793,3.141592653589793,3.141592653589793,3.141592653589793,3.058451421701352,3.064820762320015,3.064820762320015,2.988943325194528,2.988943325194528,2.988943325194528,2.9147938055359073,2.9147938055359073,2.9147938055359073,2.9147938055359073,2.8632929945846817,2.8632929945846817,2.8632929945846817,2.8632929945846817,2.8632929945846817,0.0,2.819842099193151,2.819842099193151,2.8809902618424523,2.819842099193151,2.8809902618424523,2.819842099193151,2.8809902618424523,2.8809902618424523,2.8809902618424523,2.9441970937399127,2.930499320367047,2.9441970937399127,3.0090411212931194,2.999695598985629,2.999695598985629,2.999695598985629,2.999695598985629,3.064820762320015,3.064820762320015,3.141592653589793,3.141592653589793,3.141592653589793,3.141592653589793,-3.050932766389048,-3.050932766389048,-2.961739153797315,0.0,0.0,0.0,0.0,0.0
13.29989741800091,tx,1a:00:00:00:00:00,-48,93.8484066683967,64,0.663710776282916,8.010581632357184,0,0,0,0,0,0,0,0,0,0,0,0,9,-4,9,-4,9,-4,10,-5,9,-5,10,-5,9,-5,9,-6,9,-5,9,-6,9,-7,9,-7,9,-7,9,-8,10,-8,9,-8,9,-8,9,-8,10,-9,9,-9,9,-9,10,-9,9,-9,9,-11,9,-11,9,-11,0,0,10,-11,10,-10,11,-11,10,-11,10,-11,11,-11,11,-10,11,-10,11,-10,10,-9,10,-10,11,-9,11,-9,11,-9,10,-8,11,-8,10,-7,10,-7,10,-7,10,-6,10,-6,10,-5,9,-5,9,-5,9,-4,9,-4,0,0,0,0,0,0,0,0,0,0,0.0,0.0,0.0,0.0,0.0,0.0,9.848857801796104,9.848857801796104,9.848857801796104,11.180339887498949,10.295630140987,11.180339887498949,10.295630140987,10.816653826391969,10.295630140987,10.816653826391969,11.40175425099138,11.40175425099138,11.40175425099138,12.041594578792296,12.806248474865697,12.041594578792296,12.041594578792296,12.041594578792296,13.45362404707371,12.727922061357855,12.727922061357855,13.45362404707371,12.727922061357855,14.212670403551895,14.212670403551895,14.212670403551895,0.0,14.866068747318506,14.142135623730951,15.556349186104045,14.866068747318506,14.866068747318506,15.556349186104045,14.866068747318506,14.866068747318506,14.866068747318506,13.45362404707371,14.142135623730951,14.212670403551895,14.212670403551895,14.212670403551895,12.806248474865697,13.601470508735444,12.206555615733702,12.206555615733702,12.206555615733702,11.661903789690601,11.661903789690601,11.180339887498949,10.295630140987,10.295630140987,9.848857801796104,9.848857801796104,0.0,0.0,0.0,0.0,0.0,0.0,0.0,0.0,0.0,0.0,0.0,-0.4182243295792291,-0.4182243295792291,-0.4182243295792291,-0.4636476090008061,-0.507098504392337,-0.4636476090008061,-0.507098504392337,-0.5880026035475675,-0.507098504392337,-0.5880026035475675,-0.6610431688506869,-0.6610431688506869,-0.6610431688506869,-0.7266423406817256,-0.6747409422235526,-0.7266423406817256,-0.7266423406817256,-0.7266423406817256,-0.7328151017865066,-0.7853981633974483,-0.7853981633974483,-0.7328151017865066,-0.7853981633974483,-0.8850668158886104,-0.8850668158886104,-0.8850668158886104,0.0,-0.8329812666744317,-0.7853981633974483,-0.7853981633974483,-0.8329812666744317,-0.8329812666744317,-0.7853981633974483,-0.7378150601204649,-0.7378150601204649,-0.7378150601204649,-0.7328151017865066,-0.7853981633974483,-0.6857295109062863,-0.6857295109062863,-0.6857295109062863,-0.6747409422235526,-0.628796286415433,-0.6107259643892086,-0.6107259643892086,-0.6107259643892086,-0.5404195002705842,-0.5404195002705842,-0.4636476090008061,-0.507098504392337,-0.507098504392337,-0.4182243295792291,-0.4182243295792291,0.0,0.0,0.0,0.0,0.0
13.40139480400103,tx,1a:00:00:00:00:00,-49,93.8484066683967,64,0.6635296904241031,7.966965553427058,0,0,0,0,0,0,0,0,0,0,0,0,-8,-8,-9,-9,-8,-7,-9,-8,-9,-8,-8,-8,-9,-7,-10,-7,-10,-7,-10,-6,-10,-7,-11,-6,-11,-8,-11,-7,-12,-7,-11,-5,-12,-6,-12,-7,-13,-6,-12,-6,-13,-5,-13,-5,-12,-5,-14,-6,-13,-5,-15,-5,0,0,-15,-6,-14,-6,-15,-7,-14,-5,-15,-6,-15,-6,-15,-7,-14,-7,-14,-7,-13,-6,-13,-7,-13,-7,-13,-7,-13,-7,-12,-7,-12,-8,-11,-7,-11,-7,-11,-7,-10,-8,-10,-8,-9,-8,-9,-8,-9,-8,-8,-8,-8,-8,0,0,0,0,0,0,0,0,0,0,0.0,0.0,0.0,0.0,0.0,0.0,11.313708498984761,12.727922061357855,10.63014581273465,12.041594578792296,12.041594578792296,11.313708498984761,11.40175425099138,12.206555615733702,12.206555615733702,11.661903789690601,12.206555615733702,12.529964086141668,13.601470508735444,13.038404810405298,13.892443989449804,12.083045973594572,13.416407864998739,13.892443989449804,14.317821063276353,13.416407864998739,13.92838827718412,13.92838827718412,13.0,15.231546211727817,13.92838827718412,15.811388300841896,0.0,16.15549442140351,15.231546211727817,16.55294535724685,14.866068747318506,16.15549442140351,16.15549442140351,16.55294535724685,15.652475842498529,15.652475842498529,14.317821063276353,14.7648230602334,14.7648230602334,14.7648230602334,14.7648230602334,13.892443989449804,14.422205101855956,13.038404810405298,13.038404810405298,13.038404810405298,12.806248474865697,12.806248474865697,12.041594578792296,12.041594578792296,12.041594578792296,11.313708498984761,11.313708498984761,0.0,0.0,0.0,0.0,0.0,0.0,0.0,0.0,0.0,0.0,0.0,-2.356194490192345,-2.356194490192345,-2.4227626539681686,-2.4149503129080676,-2.4149503129080676,-2.356194490192345,-2.4805494847391065,-2.5308666892005847,-2.5308666892005847,-2.601173153319209,-2.5308666892005847,-2.642245931909663,-2.5127963671743605,-2.5748634360662868,-2.6135182051634334,-2.714965160462917,-2.677945044588987,-2.6135182051634334,-2.7091848780192556,-2.677945044588987,-2.774418819771574,-2.774418819771574,-2.746801533890032,-2.7367008673047097,-2.774418819771574,-2.819842099193151,0.0,-2.761086276477428,-2.7367008673047097,-2.704965493776252,-2.79856871316909,-2.761086276477428,-2.761086276477428,-2.704965493776252,-2.677945044588987,-2.677945044588987,-2.7091848780192556,-2.647651284670212,-2.647651284670212,-2.647651284670212,-2.647651284670212,-2.6135182051634334,-2.5535900500422257,-2.5748634360662868,-2.5748634360662868,-2.5748634360662868,-2.4668517113662407,-2.4668517113662407,-2.4149503129080676,-2.4149503129080676,-2.4149503129080676,-2.356194490192345,-2.356194490192345,0.0,0.0,0.0,0.0,0.0
13.510661758002243,tx,1a:00:00:00:00:00,-49,93.8484066683967,64,0.6643495712912569,7.918501456472995,0,0,0,0,0,0,0,0,0,0,0,0,-6,-10,-6,-10,-6,-11,-6,-10,-6,-11,-6,-10,-7,-10,-7,-10,-8,-10,-8,-11,-8,-11,-9,-10,-8,-10,-9,-10,-9,-10,-10,-10,-10,-10,-10,-10,-11,-10,-11,-10,-11,-10,-12,-9,-12,-10,-12,-10,-12,-10,-12,-10,0,0,-13,-10,-13,-10,-13,-10,-13,-10,-13,-10,-13,-11,-13,-10,-13,-11,-12,-11,-12,-11,-12,-11,-11,-11,-11,-11,-11,-11,-11,-11,-10,-10,-10,-11,-10,-10,-9,-10,-9,-10,-8,-10,-8,-10,-7,-11,-7,-11,-6,-10,-5,-10,0,0,0,0,0,0,0,0,0,0,0.0,0.0,0.0,0.0,0.0,0.0,11.661903789690601,11.661903789690601,12.529964086141668,11.661903789690601,12.529964086141668,11.661903789690601,12.206555615733702,12.206555615733702,12.806248474865697,13.601470508735444,13.601470508735444,13.45362404707371,12.806248474865697,13.45362404707371,13.45362404707371,14.142135623730951,14.142135623730951,14.142135623730951,14.866068747318506,14.866068747318506,14.866068747318506,15.0,15.620499351813308,15.620499351813308,15.620499351813308,15.620499351813308,0.0,16.401219466856727,16.401219466856727,16.401219466856727,16.401219466856727,16.401219466856727,17.029386365926403,16.401219466856727,17.029386365926403,16.278820596099706,16.278820596099706,16.278820596099706,15.556349186104045,15.556349186104045,15.556349186104045,15.556349186104045,14.142135623730951,14.866068747318506,14.142135623730951,13.45362404707371,13.45362404707371,12.806248474865697,12.806248474865697,13.038404810405298,13.038404810405298,11.661903789690601,11.180339887498949,0.0,0.0,0.0,0.0,0.0,0.0,0.0,0.0,0.0,0.0,0.0,-2.1112158270654806,-2.1112158270654806,-2.0701430484750265,-2.1112158270654806,-2.0701430484750265,-2.1112158270654806,-2.1815222911841055,-2.1815222911841055,-2.2455372690184494,-2.1995926132103296,-2.1995926132103296,-2.3036114285814033,-2.2455372690184494,-2.3036114285814033,-2.3036114285814033,-2.356194490192345,-2.356194490192345,-2.356194490192345,-2.403777593469328,-2.403777593469328,-2.403777593469328,-2.498091544796509,-2.44685437739309,-2.44685437739309,-2.44685437739309,-2.44685437739309,0.0,-2.485897027348257,-2.485897027348257,-2.485897027348257,-2.485897027348257,-2.485897027348257,-2.439335722080786,-2.485897027348257,-2.439335722080786,-2.399645385583876,-2.399645385583876,-2.399645385583876,-2.356194490192345,-2.356194490192345,-2.356194490192345,-2.356194490192345,-2.356194490192345,-2.3086113869153615,-2.356194490192345,-2.3036114285814033,-2.3036114285814033,-2.2455372690184494,-2.2455372690184494,-2.137525544318403,-2.137525544318403,-2.1112158270654806,-2.0344439357957027,0.0,0.0,0.0,0.0,0.0
13.619045587001892,tx,1a:00:00:00:00:00,-48,93.8484066683967,64,0.6648535716499431,7.865055224297165,0,0,0,0,0,0,0,0,0,0,0,0,7,-8,7,-8,7,-8,7,-9,7,-9,7,-9,6,-9,6,-10,6,-10,6,-10,6,-11,6,-11,6,-11,6,-11,6,-12,5,-12,5,-12,5,-12,5,-13,5,-13,4,-13,5,-13,4,-13,4,-14,4,-14,4,-14,0,0,5,-15,5,-14,5,-15,5,-15,5,-15,5,-15,5,-15,5,-14,6,-14,6,-14,6,-14,6,-13,6,-13,6,-13,6,-12,6,-12,6,-12,6,-11,6,-11,6,-10,7,-10,7,-10,7,-9,7,-9,7,-8,7,-7,0,0,0,0,0,0,0,0,0,0,0.0,0.0,0.0,0.0,0.0,0.0,10.63014581273465,10.63014581273465,10.63014581273465,11.40175425099138,11.40175425099138,11.40175425099138,10.816653826391969,11.661903789690601,11.661903789690601,11.661903789690601,12.529964086141668,12.529964086141668,12.529964086141668,12.529964086141668,13.416407864998739,13.0,13.0,13.0,13.92838827718412,13.92838827718412,13.601470508735444,13.92838827718412,13.601470508735444,14.560219778561036,14.560219778561036,14.560219778561036,0.0,15.811388300841896,14.866068747318506,15.811388300841896,15.811388300841896,15.811388300841896,15.811388300841896,15.811388300841896,14.866068747318506,15.231546211727817,15.231546211727817,15.231546211727817,14.317821063276353,14.317821063276353,14.317821063276353,13.416407864998739,13.416407864998739,13.416407864998739,12.529964086141668,12.529964086141668,11.661903789690601,12.206555615733702,12.206555615733702,11.40175425099138,11.40175425099138,10.63014581273465,9.899494936611665,0.0,0.0,0.0,0.0,0.0,0.0,0.0,0.0,0.0,0.0,0.0,-0.8519663271732721,-0.8519663271732721,-0.8519663271732721,-0.9097531579442097,-0.9097531579442097,-0.9097531579442097,-0.982793723247329,-1.0303768265243125,-1.0303768265243125,-1.0303768265243125,-1.0714496051147666,-1.0714496051147666,-1.0714496051147666,-1.0714496051147666,-1.1071487177940904,-1.176005207095135,-1.176005207095135,-1.176005207095135,-1.2036224929766774,-1.2036224929766774,-1.2722973952087173,-1.2036224929766774,-1.2722973952087173,-1.2924966677897853,-1.2924966677897853,-1.2924966677897853,0.0,-1.2490457723982544,-1.2277723863741932,-1.2490457723982544,-1.2490457723982544,-1.2490457723982544,-1.2490457723982544,-1.2490457723982544,-1.2277723863741932,-1.1659045405098132,-1.1659045405098132,-1.1659045405098132,-1.1383885512243588,-1.1383885512243588,-1.1383885512243588,-1.1071487177940904,-1.1071487177940904,-1.1071487177940904,-1.0714496051147666,-1.0714496051147666,-1.0303768265243125,-0.960070362405688,-0.960070362405688,-0.9097531579442097,-0.9097531579442097,-0.8519663271732721,-0.7853981633974483,0.0,0.0,0.0,0.0,0.0
13.7192870650033,tx,1a:00:00:00:00:00,-48,93.8484066683967,64,0.6639435163712382,7.806616843615621,0,0,0,0,0,0,0,0,0,0,0,0,-6,9,-6,9,-6,10,-6,10,-6,11,-5,10,-5,10,-5,10,-5,11,-5,12,-5,11,-5,12,-4,12,-4,12,-4,12,-3,13,-2,12,-3,13,-2,13,-2,13,-2,14,-1,14,-2,14,-1,15,-2,15,-2,15,0,0,-1,15,-1,16,-1,15,-1,16,-1,15,-1,16,-1,16,-2,15,-1,16,-2,16,-2,15,-3,14,-3,14,-3,14,-2,14,-2,13,-3,14,-3,12,-3,12,-3,12,-4,12,-4,12,-5,11,-5,10,-5,10,-5,9,0,0,0,0,0,0,0,0,0,0,0.0,0.0,0.0,0.0,0.0,0.0,10.816653826391969,10.816653826391969,11.661903789690601,11.661903789690601,12.529964086141668,11.180339887498949,11.180339887498949,11.180339887498949,12.083045973594572,13.0,12.083045973594572,13.0,12.649110640673518,12.649110640673518,12.649110640673518,13.341664064126334,12.165525060596439,13.341664064126334,13.152946437965905,13.152946437965905,14.142135623730951,14.035668847618199,14.142135623730951,15.033296378372908,15.132745950421556,15.132745950421556,0.0,15.033296378372908,16.0312195418814,15.033296378372908,16.0312195418814,15.033296378372908,16.0312195418814,16.0312195418814,15.132745950421556,16.0312195418814,16.1245154965971,15.132745950421556,14.317821063276353,14.317821063276353,14.317821063276353,14.142135623730951,13.152946437965905,14.317821063276353,12.36931687685298,12.36931687685298,12.36931687685298,12.649110640673518,12.649110640673518,12.083045973594572,11.180339887498949,11.180339887498949,10.295630140987,0.0,0.0,0.0,0.0,0.0,0.0,0.0,0.0,0.0,0.0,0.0,2.158798930342464,2.158798930342464,2.1112158270654806,2.1112158270654806,2.0701430484750265,2.0344439357957027,2.0344439357957027,2.0344439357957027,1.9974238199217726,1.965587446494658,1.9974238199217726,1.965587446494658,1.892546881191539,1.892546881191539,1.892546881191539,1.7975951748487824,1.7359450042095235,1.7975951748487824,1.7234456551901618,1.7234456551901618,1.7126933813990606,1.642103791580187,1.7126933813990606,1.6373644905707205,1.7033478590915707,1.7033478590915707,0.0,1.6373644905707205,1.633215136790854,1.6373644905707205,1.633215136790854,1.6373644905707205,1.633215136790854,1.633215136790854,1.7033478590915707,1.633215136790854,1.695151321341658,1.7033478590915707,1.7818896600176433,1.7818896600176433,1.7818896600176433,1.7126933813990606,1.7234456551901618,1.7818896600176433,1.8157749899217608,1.8157749899217608,1.8157749899217608,1.892546881191539,1.892546881191539,1.9974238199217726,2.0344439357957027,2.0344439357957027,2.0778948311872334,0.0,0.0,0.0,0.0,0.0
13.81934026700037,tx,1a:00:00:00:00:00,-49,93.52068507280876,64,0.66333505214285,7.743226983876186,0,0,0,0,0,0,0,0,0,0,0,0,9,5,9,4,10,4,10,4,10,4,10,4,11,4,10,4,11,3,11,4,12,4,12,3,12,3,12,2,12,2,13,2,13,1,13,2,13,1,13,1,14,1,14,1,14,1,14,0,15,0,15,0,0,0,15,1,16,0,15,0,16,0,15,0,16,1,16,1,15,1,15,1,15,2,15,2,14,2,14,2,14,2,14,2,13,2,13,3,12,3,12,3,12,3,11,3,11,3,11,4,10,4,10,4,9,5,0,0,0,0,0,0,0,0,0,0,0.0,0.0,0.0,0.0,0.0,0.0,10.295630140987,9.848857801796104,10.770329614269007,10.770329614269007,10.770329614269007,10.770329614269007,11.704699910719626,10.770329614269007,11.40175425099138,11.704699910719626,12.649110640673518,12.36931687685298,12.36931687685298,12.165525060596439,12.165525060596439,13.152946437965905,13.038404810405298,13.152946437965905,13.038404810405298,13.038404810405298,14.035668847618199,14.035668847618199,14.035668847618199,14.0,15.0,15.0,0.0,15.033296378372908,16.0,15.0,16.0,15.0,16.0312195418814,16.0312195418814,15.033296378372908,15.033296378372908,15.132745950421556,15.132745950421556,14.142135623730951,14.142135623730951,14.142135623730951,14.142135623730951,13.152946437965905,13.341664064126334,12.36931687685298,12.36931687685298,12.36931687685298,11.40175425099138,11.40175425099138,11.704699910719626,10.770329614269007,10.770329614269007,10.295630140987,0.0,0.0,0.0,0.0,0.0,0.0,0.0,0.0,0.0,0.0,0.0,0.507098504392337,0.4182243295792291,0.3805063771123649,0.3805063771123649,0.3805063771123649,0.3805063771123649,0.348771003583907,0.3805063771123649,0.2662520491509254,0.348771003583907,0.3217505543966422,0.24497866312686414,0.24497866312686414,0.16514867741462683,0.16514867741462683,0.15264932839526515,0.07677189126977804,0.15264932839526515,0.07677189126977804,0.07677189126977804,0.07130746478529032,0.07130746478529032,0.07130746478529032,0.0,0.0,0.0,0.0,0.06656816377582381,0.0,0.0,0.0,0.0,0.06241880999595735,0.06241880999595735,0.06656816377582381,0.06656816377582381,0.13255153229667402,0.13255153229667402,0.14189705460416394,0.14189705460416394,0.14189705460416394,0.14189705460416394,0.15264932839526515,0.22679884805388587,0.24497866312686414,0.24497866312686414,0.24497866312686414,0.2662520491509254,0.2662520491509254,0.348771003583907,0.3805063771123649,0.3805063771123649,0.507098504392337,0.0,0.0,0.0,0.0,0.0
13.930725974001689,tx,1a:00:00:00:00:00,-48,93.52068507280876,64,0.6619247922372997,7.674956225188049,0,0,0,0,0,0,0,0,0,0,0,0,6,-8,6,-9,6,-9,6,-9,6,-9,6,-9,6,-9,5,-10,6,-10,5,-10,5,-11,5,-11,4,-11,5,-11,4,-12,4,-12,4,-12,4,-12,4,-13,4,-13,4,-13,4,-13,3,-13,3,-14,3,-14,3,-15,0,0,3,-15,4,-15,4,-15,3,-14,4,-15,4,-15,5,-15,5,-14,5,-14,5,-14,5,-14,5,-14,5,-14,5,-13,5,-12,6,-12,5,-12,5,-11,5,-11,6,-10,6,-11,6,-10,6,-10,6,-9,6,-9,7,-8,0,0,0,0,0,0,0,0,0,0,0.0,0.0,0.0,0.0,0.0,0.0,10.0,10.816653826391969,10.816653826391969,10.816653826391969,10.816653826391969,10.816653826391969,10.816653826391969,11.180339887498949,11.661903789690601,11.180339887498949,12.083045973594572,12.083045973594572,11.704699910719626,12.083045973594572,12.649110640673518,12.649110640673518,12.649110640673518,12.649110640673518,13.601470508735444,13.601470508735444,13.601470508735444,13.601470508735444,13.341664064126334,14.317821063276353,14.317821063276353,15.297058540778355,0.0,15.297058540778355,15.524174696260024,15.524174696260024,14.317821063276353,15.524174696260024,15.524174696260024,15.811388300841896,14.866068747318506,14.866068747318506,14.866068747318506,14.866068747318506,14.866068747318506,14.866068747318506,13.92838827718412,13.0,13.416407864998739,13.0,12.083045973594572,12.083045973594572,11.661903789690601,12.529964086141668,11.661903789690601,11.661903789690601,10.816653826391969,10.816653826391969,10.63014581273465,0.0,0.0,0.0,0.0,0.0,0.0,0.0,0.0,0.0,0.0,0.0,-0.9272952180016122,-0.982793723247329,-0.982793723247329,-0.982793723247329,-0.982793723247329,-0.982793723247329,-0.982793723247329,-1.1071487177940904,-1.0303768265243125,-1.1071487177940904,-1.1441688336680205,-1.1441688336680205,-1.2220253232109897,-1.1441688336680205,-1.2490457723982544,-1.2490457723982544,-1.2490457723982544,-1.2490457723982544,-1.2722973952087173,-1.2722973952087173,-1.2722973952087173,-1.2722973952087173,-1.3439974787410107,-1.35970299357215,-1.35970299357215,-1.373400766945016,0.0,-1.373400766945016,-1.3101939350475555,-1.3101939350475555,-1.35970299357215,-1.3101939350475555,-1.3101939350475555,-1.2490457723982544,-1.2277723863741932,-1.2277723863741932,-1.2277723863741932,-1.2277723863741932,-1.2277723863741932,-1.2277723863741932,-1.2036224929766774,-1.176005207095135,-1.1071487177940904,-1.176005207095135,-1.1441688336680205,-1.1441688336680205,-1.0303768265243125,-1.0714496051147666,-1.0303768265243125,-1.0303768265243125,-0.982793723247329,-0.982793723247329,-0.8519663271732721,0.0,0.0,0.0,0.0,0.0
14.03905293400021,tx,1a:00:00:00:00:00,-48,93.52068507280876,64,0.661765411530984,7.601860696152153,0,0,0,0,0,0,0,0,0,0,0,0,-7,7,-7,7,-7,7,-8,8,-7,8,-7,8,-7,8,-7,9,-7,9,-7,9,-7,9,-6,10,-6,10,-6,10,-6,11,-5,11,-6,11,-5,11,-5,12,-5,12,-5,12,-5,12,-5,12,-5,13,-5,13,-5,13,0,0,-5,13,-5,13,-5,14,-5,14,-5,14,-5,14,-5,14,-6,14,-6,13,-6,13,-6,13,-6,12,-6,12,-7,12,-6,11,-6,11,-6,11,-7,11,-7,10,-6,10,-7,9,-7,9,-7,8,-7,8,-7,8,-8,7,0,0,0,0,0,0,0,0,0,0,0.0,0.0,0.0,0.0,0.0,0.0,9.899494936611665,9.899494936611665,9.899494936611665,11.313708498984761,10.63014581273465,10.63014581273465,10.63014581273465,11.40175425099138,11.40175425099138,11.40175425099138,11.40175425099138,11.661903789690601,11.661903789690601,11.661903789690601,12.529964086141668,12.083045973594572,12.529964086141668,12.083045973594572,13.0,13.0,13.0,13.0,13.0,13.92838827718412,13.92838827718412,13.92838827718412,0.0,13.92838827718412,13.92838827718412,14.866068747318506,14.866068747318506,14.866068747318506,14.866068747318506,14.866068747318506,15.231546211727817,14.317821063276353,14.317821063276353,14.317821063276353,13.416407864998739,13.416407864998739,13.892443989449804,12.529964086141668,12.529964086141668,12.529964086141668,13.038404810405298,12.206555615733702,11.661903789690601,11.40175425099138,11.40175425099138,10.63014581273465,10.63014581273465,10.63014581273465,10.63014581273465,0.0,0.0,0.0,0.0,0.0,0.0,0.0,0.0,0.0,0.0,0.0,2.356194490192345,2.356194490192345,2.356194490192345,2.356194490192345,2.289626326416521,2.289626326416521,2.289626326416521,2.2318394956455836,2.2318394956455836,2.2318394956455836,2.2318394956455836,2.1112158270654806,2.1112158270654806,2.1112158270654806,2.0701430484750265,1.9974238199217726,2.0701430484750265,1.9974238199217726,1.965587446494658,1.965587446494658,1.965587446494658,1.965587446494658,1.965587446494658,1.9379701606131159,1.9379701606131159,1.9379701606131159,0.0,1.9379701606131159,1.9379701606131159,1.9138202672156,1.9138202672156,1.9138202672156,1.9138202672156,1.9138202672156,1.97568811307998,2.0032041023654346,2.0032041023654346,2.0032041023654346,2.0344439357957027,2.0344439357957027,2.0988707752212563,2.0701430484750265,2.0701430484750265,2.0701430484750265,2.137525544318403,2.1815222911841055,2.1112158270654806,2.2318394956455836,2.2318394956455836,2.289626326416521,2.289626326416521,2.289626326416521,2.4227626539681686,0.0,0.0,0.0,0.0,0.0
14.1492230570002,tx,1a:00:00:00:00:00,-48,93.52068507280876,64,0.661559109414157,7.523914686427783,0,0,0,0,0,0,0,0,0,0,0,0,3,9,3,10,3,9,3,10,4,9,4,10,4,10,4,10,4,10,5,9,5,10,6,10,6,10,6,10,7,10,7,10,7,10,7,9,8,10,8,10,8,10,8,10,8,10,9,10,9,10,10,10,0,0,10,11,9,11,10,11,9,10,9,11,9,11,9,12,9,12,8,12,8,11,8,11,8,11,8,11,8,12,6,11,7,11,6,11,6,11,5,10,5,10,5,10,4,11,4,10,3,10,3,10,2,10,0,0,0,0,0,0,0,0,0,0,0.0,0.0,0.0,0.0,0.0,0.0,9.486832980505138,10.44030650891055,9.486832980505138,10.44030650891055,9.848857801796104,10.770329614269007,10.770329614269007,10.770329614269007,10.770329614269007,10.295630140987,11.180339887498949,11.661903789690601,11.661903789690601,11.661903789690601,12.206555615733702,12.206555615733702,12.206555615733702,11.40175425099138,12.806248474865697,12.806248474865697,12.806248474865697,12.806248474865697,12.806248474865697,13.45362404707371,13.45362404707371,14.142135623730951,0.0,14.866068747318506,14.212670403551895,14.866068747318506,13.45362404707371,14.212670403551895,14.212670403551895,15.0,15.0,14.422205101855956,13.601470508735444,13.601470508735444,13.601470508735444,13.601470508735444,14.422205101855956,12.529964086141668,13.038404810405298,12.529964086141668,12.529964086141668,11.180339887498949,11.180339887498949,11.180339887498949,11.704699910719626,10.770329614269007,10.44030650891055,10.44030650891055,10.198039027185569,0.0,0.0,0.0,0.0,0.0,0.0,0.0,0.0,0.0,0.0,0.0,1.2490457723982544,1.2793395323170296,1.2490457723982544,1.2793395323170296,1.1525719972156676,1.1902899496825317,1.1902899496825317,1.1902899496825317,1.1902899496825317,1.0636978224025597,1.1071487177940904,1.0303768265243125,1.0303768265243125,1.0303768265243125,0.960070362405688,0.960070362405688,0.960070362405688,0.9097531579442097,0.8960553845713439,0.8960553845713439,0.8960553845713439,0.8960553845713439,0.8960553845713439,0.83798122500839,0.83798122500839,0.7853981633974483,0.0,0.8329812666744317,0.8850668158886104,0.8329812666744317,0.83798122500839,0.8850668158886104,0.8850668158886104,0.9272952180016122,0.9272952180016122,0.982793723247329,0.9420000403794636,0.9420000403794636,0.9420000403794636,0.9420000403794636,0.982793723247329,1.0714496051147666,1.0040671092713902,1.0714496051147666,1.0714496051147666,1.1071487177940904,1.1071487177940904,1.1071487177940904,1.2220253232109897,1.1902899496825317,1.2793395323170296,1.2793395323170296,1.373400766945016,0.0,0.0,0.0,0.0,0.0
14.258591972997237,tx,1a:00:00:00:00:00,-49,93.52068507280876,64,0.662575450705663,7.440947481279941,0,0,0,0,0,0,0,0,0,0,0,0,8,5,9,5,9,5,9,5,9,5,9,5,9,5,10,4,10,5,10,4,10,4,11,3,11,3,11,3,11,3,12,3,12,3,12,2,12,2,12,2,13,2,13,2,13,2,14,1,14,1,14,1,0,0,14,1,15,2,15,2,14,1,14,2,15,2,14,2,14,3,14,3,14,3,14,2,13,3,13,3,13,3,12,3,12,4,12,3,11,4,11,4,10,4,10,4,10,5,10,4,9,4,9,5,8,5,0,0,0,0,0,0,0,0,0,0,0.0,0.0,0.0,0.0,0.0,0.0,9.433981132056603,10.295630140987,10.295630140987,10.295630140987,10.295630140987,10.295630140987,10.295630140987,10.770329614269007,11.180339887498949,10.770329614269007,10.770329614269007,11.40175425099138,11.40175425099138,11.40175425099138,11.40175425099138,12.36931687685298,12.36931687685298,12.165525060596439,12.165525060596439,12.165525060596439,13.152946437965905,13.152946437965905,13.152946437965905,14.035668847618199,14.035668847618199,14.035668847618199,0.0,14.035668847618199,15.132745950421556,15.132745950421556,14.035668847618199,14.142135623730951,15.132745950421556,14.142135623730951,14.317821063276353,14.317821063276353,14.317821063276353,14.142135623730951,13.341664064126334,13.341664064126334,13.341664064126334,12.36931687685298,12.649110640673518,12.36931687685298,11.704699910719626,11.704699910719626,10.770329614269007,10.770329614269007,11.180339887498949,10.770329614269007,9.848857801796104,10.295630140987,9.433981132056603,0.0,0.0,0.0,0.0,0.0,0.0,0.0,0.0,0.0,0.0,0.0,0.5585993153435624,0.507098504392337,0.507098504392337,0.507098504392337,0.507098504392337,0.507098504392337,0.507098504392337,0.3805063771123649,0.4636476090008061,0.3805063771123649,0.3805063771123649,0.2662520491509254,0.2662520491509254,0.2662520491509254,0.2662520491509254,0.24497866312686414,0.24497866312686414,0.16514867741462683,0.16514867741462683,0.16514867741462683,0.15264932839526515,0.15264932839526515,0.15264932839526515,0.07130746478529032,0.07130746478529032,0.07130746478529032,0.0,0.07130746478529032,0.13255153229667402,0.13255153229667402,0.07130746478529032,0.14189705460416394,0.13255153229667402,0.14189705460416394,0.21109333322274654,0.21109333322274654,0.21109333322274654,0.14189705460416394,0.22679884805388587,0.22679884805388587,0.22679884805388587,0.24497866312686414,0.3217505543966422,0.24497866312686414,0.348771003583907,0.348771003583907,0.3805063771123649,0.3805063771123649,0.4636476090008061,0.3805063771123649,0.4182243295792291,0.507098504392337,0.5585993153435624,0.0,0.0,0.0,0.0,0.0
14.372319143003551,tx,1a:00:00:00:00:00,-48,93.52068507280876,64,0.6654254148572911,7.352718993563404,0,0,0,0,0,0,0,0,0,0,0,0,3,9,3,9,3,9,3,10,3,9,4,10,4,9,4,9,4,9,5,9,5,9,6,9,6,9,6,9,6,10,6,9,7,10,7,9,8,10,8,10,8,9,8,10,8,9,9,10,9,10,9,10,0,0,9,10,9,10,10,11,9,10,9,11,9,11,9,11,8,11,8,11,8,11,8,11,8,11,7,10,7,11,6,10,7,11,6,10,6,10,5,10,5,9,4,10,4,10,4,9,4,10,3,9,2,9,0,0,0,0,0,0,0,0,0,0,0.0,0.0,0.0,0.0,0.0,0.0,9.486832980505138,9.486832980505138,9.486832980505138,10.44030650891055,9.486832980505138,10.770329614269007,9.848857801796104,9.848857801796104,9.848857801796104,10.295630140987,10.295630140987,10.816653826391969,10.816653826391969,10.816653826391969,11.661903789690601,10.816653826391969,12.206555615733702,11.40175425099138,12.806248474865697,12.806248474865697,12.041594578792296,12.806248474865697,12.041594578792296,13.45362404707371,13.45362404707371,13.45362404707371,0.0,13.45362404707371,13.45362404707371,14.866068747318506,13.45362404707371,14.212670403551895,14.212670403551895,14.212670403551895,13.601470508735444,13.601470508735444,13.601470508735444,13.601470508735444,13.601470508735444,12.206555615733702,13.038404810405298,11.661903789690601,13.038404810405298,11.661903789690601,11.661903789690601,11.180339887498949,10.295630140987,10.770329614269007,10.770329614269007,9.848857801796104,10.770329614269007,9.486832980505138,9.219544457292887,0.0,0.0,0.0,0.0,0.0,0.0,0.0,0.0,0.0,0.0,0.0,1.2490457723982544,1.2490457723982544,1.2490457723982544,1.2793395323170296,1.2490457723982544,1.1902899496825317,1.1525719972156676,1.1525719972156676,1.1525719972156676,1.0636978224025597,1.0636978224025597,0.982793723247329,0.982793723247329,0.982793723247329,1.0303768265243125,0.982793723247329,0.960070362405688,0.9097531579442097,0.8960553845713439,0.8960553845713439,0.844153986113171,0.8960553845713439,0.844153986113171,0.83798122500839,0.83798122500839,0.83798122500839,0.0,0.83798122500839,0.83798122500839,0.8329812666744317,0.83798122500839,0.8850668158886104,0.8850668158886104,0.8850668158886104,0.9420000403794636,0.9420000403794636,0.9420000403794636,0.9420000403794636,0.9420000403794636,0.960070362405688,1.0040671092713902,1.0303768265243125,1.0040671092713902,1.0303768265243125,1.0303768265243125,1.1071487177940904,1.0636978224025597,1.1902899496825317,1.1902899496825317,1.1525719972156676,1.1902899496825317,1.2490457723982544,1.3521273809209546,0.0,0.0,0.0,0.0,0.0
14.478983457003778,tx,1a:00:00:00:00:00,-49,93.52068507280876,64,0.6680213118711273,7.258962500881192,0,0,0,0,0,0,0,0,0,0,0,0,-4,9,-4,10,-4,9,-4,10,-4,10,-4,10,-4,10,-3,11,-3,11,-2,11,-2,11,-2,11,-2,12,-1,12,-1,12,-1,12,-1,13,0,12,0,13,0,13,0,13,0,13,1,13,1,14,1,14,2,14,0,0,2,14,1,14,1,15,1,14,1,15,1,15,0,15,0,15,0,14,0,14,0,14,0,14,0,14,0,14,-1,13,-1,13,-1,12,-1,12,-1,12,-2,11,-2,11,-3,11,-2,10,-3,10,-3,10,-3,10,0,0,0,0,0,0,0,0,0,0,0.0,0.0,0.0,0.0,0.0,0.0,9.848857801796104,10.770329614269007,9.848857801796104,10.770329614269007,10.770329614269007,10.770329614269007,10.770329614269007,11.40175425099138,11.40175425099138,11.180339887498949,11.180339887498949,11.180339887498949,12.165525060596439,12.041594578792296,12.041594578792296,12.041594578792296,13.038404810405298,12.0,13.0,13.0,13.0,13.0,13.038404810405298,14.035668847618199,14.035668847618199,14.142135623730951,0.0,14.142135623730951,14.035668847618199,15.033296378372908,14.035668847618199,15.033296378372908,15.033296378372908,15.0,15.0,14.0,14.0,14.0,14.0,14.0,14.0,13.038404810405298,13.038404810405298,12.041594578792296,12.041594578792296,12.041594578792296,11.180339887498949,11.180339887498949,11.40175425099138,10.198039027185569,10.44030650891055,10.44030650891055,10.44030650891055,0.0,0.0,0.0,0.0,0.0,0.0,0.0,0.0,0.0,0.0,0.0,1.9890206563741257,1.9513027039072615,1.9890206563741257,1.9513027039072615,1.9513027039072615,1.9513027039072615,1.9513027039072615,1.837048375945822,1.837048375945822,1.750649826587375,1.750649826587375,1.750649826587375,1.7359450042095235,1.6539375586833378,1.6539375586833378,1.6539375586833378,1.6475682180646747,1.5707963267948966,1.5707963267948966,1.5707963267948966,1.5707963267948966,1.5707963267948966,1.4940244355251187,1.4994888620096063,1.4994888620096063,1.4288992721907328,0.0,1.4288992721907328,1.4994888620096063,1.5042281630190728,1.4994888620096063,1.5042281630190728,1.5042281630190728,1.5707963267948966,1.5707963267948966,1.5707963267948966,1.5707963267948966,1.5707963267948966,1.5707963267948966,1.5707963267948966,1.5707963267948966,1.6475682180646747,1.6475682180646747,1.6539375586833378,1.6539375586833378,1.6539375586833378,1.750649826587375,1.750649826587375,1.837048375945822,1.7681918866447774,1.8622531212727638,1.8622531212727638,1.8622531212727638,0.0,0.0,0.0,0.0,0.0
14.57948220000253,tx,1a:00:00:00:00:00,-48,93.52068507280876,64,0.6694393270793967,7.159443115655659,0,0,0,0,0,0,0,0,0,0,0,0,6,-9,6,-8,6,-9,6,-9,6,-9,5,-9,6,-10,6,-9,5,-10,6,-11,6,-11,6,-11,5,-11,5,-11,5,-11,4,-13,4,-12,4,-13,3,-12,4,-13,4,-13,3,-14,4,-14,3,-14,4,-14,3,-14,0,0,4,-15,3,-16,3,-15,3,-15,3,-15,4,-15,4,-15,4,-15,4,-15,5,-15,4,-14,4,-14,5,-13,5,-13,4,-14,4,-12,5,-13,4,-12,5,-11,5,-11,5,-11,5,-11,6,-10,6,-10,6,-9,6,-8,0,0,0,0,0,0,0,0,0,0,0.0,0.0,0.0,0.0,0.0,0.0,10.816653826391969,10.0,10.816653826391969,10.816653826391969,10.816653826391969,10.295630140987,11.661903789690601,10.816653826391969,11.180339887498949,12.529964086141668,12.529964086141668,12.529964086141668,12.083045973594572,12.083045973594572,12.083045973594572,13.601470508735444,12.649110640673518,13.601470508735444,12.36931687685298,13.601470508735444,13.601470508735444,14.317821063276353,14.560219778561036,14.317821063276353,14.560219778561036,14.317821063276353,0.0,15.524174696260024,16.278820596099706,15.297058540778355,15.297058540778355,15.297058540778355,15.524174696260024,15.524174696260024,15.524174696260024,15.524174696260024,15.811388300841896,14.560219778561036,14.560219778561036,13.92838827718412,13.92838827718412,14.560219778561036,12.649110640673518,13.92838827718412,12.649110640673518,12.083045973594572,12.083045973594572,12.083045973594572,12.083045973594572,11.661903789690601,11.661903789690601,10.816653826391969,10.0,0.0,0.0,0.0,0.0,0.0,0.0,0.0,0.0,0.0,0.0,0.0,-0.982793723247329,-0.9272952180016122,-0.982793723247329,-0.982793723247329,-0.982793723247329,-1.0636978224025597,-1.0303768265243125,-0.982793723247329,-1.1071487177940904,-1.0714496051147666,-1.0714496051147666,-1.0714496051147666,-1.1441688336680205,-1.1441688336680205,-1.1441688336680205,-1.2722973952087173,-1.2490457723982544,-1.2722973952087173,-1.3258176636680326,-1.2722973952087173,-1.2722973952087173,-1.35970299357215,-1.2924966677897853,-1.35970299357215,-1.2924966677897853,-1.35970299357215,0.0,-1.3101939350475555,-1.3854483767992019,-1.373400766945016,-1.373400766945016,-1.373400766945016,-1.3101939350475555,-1.3101939350475555,-1.3101939350475555,-1.3101939350475555,-1.2490457723982544,-1.2924966677897853,-1.2924966677897853,-1.2036224929766774,-1.2036224929766774,-1.2924966677897853,-1.2490457723982544,-1.2036224929766774,-1.2490457723982544,-1.1441688336680205,-1.1441688336680205,-1.1441688336680205,-1.1441688336680205,-1.0303768265243125,-1.0303768265243125,-0.982793723247329,-0.9272952180016122,0.0,0.0,0.0,0.0,0.0
14.69348571300361,tx,1a:00:00:00:00:00,-48,93.52068507280876,64,0.6713886995621908,7.054005859966364,0,0,0,0,0,0,0,0,0,0,0,0,9,5,9,5,9,4,9,5,9,4,10,4,10,4,10,4,10,4,10,3,11,3,11,3,11,2,11,2,12,2,12,2,12,2,12,2,13,1,13,1,13,1,13,1,13,1,14,0,14,0,14,0,0,0,15,0,14,1,15,1,14,0,15,1,15,1,15,1,14,2,14,2,14,1,14,1,14,2,13,2,13,2,12,2,13,3,12,3,12,3,11,3,11,3,11,3,10,4,10,3,10,4,9,4,9,4,0,0,0,0,0,0,0,0,0,0,0.0,0.0,0.0,0.0,0.0,0.0,10.295630140987,10.295630140987,9.848857801796104,10.295630140987,9.848857801796104,10.770329614269007,10.770329614269007,10.770329614269007,10.770329614269007,10.44030650891055,11.40175425099138,11.40175425099138,11.180339887498949,11.180339887498949,12.165525060596439,12.165525060596439,12.165525060596439,12.165525060596439,13.038404810405298,13.038404810405298,13.038404810405298,13.038404810405298,13.038404810405298,14.0,14.0,14.0,0.0,15.0,14.035668847618199,15.033296378372908,14.0,15.033296378372908,15.033296378372908,15.033296378372908,14.142135623730951,14.142135623730951,14.035668847618199,14.035668847618199,14.142135623730951,13.152946437965905,13.152946437965905,12.165525060596439,13.341664064126334,12.36931687685298,12.36931687685298,11.40175425099138,11.40175425099138,11.40175425099138,10.770329614269007,10.44030650891055,10.770329614269007,9.848857801796104,9.848857801796104,0.0,0.0,0.0,0.0,0.0,0.0,0.0,0.0,0.0,0.0,0.0,0.507098504392337,0.507098504392337,0.4182243295792291,0.507098504392337,0.4182243295792291,0.3805063771123649,0.3805063771123649,0.3805063771123649,0.3805063771123649,0.2914567944778671,0.2662520491509254,0.2662520491509254,0.17985349979247828,0.17985349979247828,0.16514867741462683,0.16514867741462683,0.16514867741462683,0.16514867741462683,0.07677189126977804,0.07677189126977804,0.07677189126977804,0.07677189126977804,0.07677189126977804,0.0,0.0,0.0,0.0,0.0,0.07130746478529032,0.06656816377582381,0.0,0.06656816377582381,0.06656816377582381,0.06656816377582381,0.14189705460416394,0.14189705460416394,0.07130746478529032,0.07130746478529032,0.14189705460416394,0.15264932839526515,0.15264932839526515,0.16514867741462683,0.22679884805388587,0.24497866312686414,0.24497866312686414,0.2662520491509254,0.2662520491509254,0.2662520491509254,0.3805063771123649,0.2914567944778671,0.3805063771123649,0.4182243295792291,0.4182243295792291,0.0,0.0,0.0,0.0,0.0
14.798808061997988,tx,1a:00:00:00:00:00,-48,95.14288090575334,64,0.6728616394257418,6.94786174911349,0,0,0,0,0,0,0,0,0,0,0,0,8,-6,8,-7,8,-7,8,-7,8,-7,8,-7,8,-8,8,-8,8,-8,8,-8,8,-9,8,-9,8,-9,8,-9,8,-10,7,-10,7,-11,7,-10,7,-11,7,-11,7,-11,7,-12,7,-11,7,-12,7,-12,7,-13,0,0,7,-13,7,-13,8,-14,7,-13,8,-13,8,-13,8,-13,8,-12,8,-12,8,-12,8,-11,9,-11,9,-11,9,-11,8,-10,9,-10,8,-10,8,-9,8,-9,8,-8,8,-8,8,-8,8,-7,8,-7,8,-6,8,-5,0,0,0,0,0,0,0,0,0,0,0.0,0.0,0.0,0.0,0.0,0.0,10.0,10.63014581273465,10.63014581273465,10.63014581273465,10.63014581273465,10.63014581273465,11.313708498984761,11.313708498984761,11.313708498984761,11.313708498984761,12.041594578792296,12.041594578792296,12.041594578792296,12.041594578792296,12.806248474865697,12.206555615733702,13.038404810405298,12.206555615733702,13.038404810405298,13.038404810405298,13.038404810405298,13.892443989449804,13.038404810405298,13.892443989449804,13.892443989449804,14.7648230602334,0.0,14.7648230602334,14.7648230602334,16.1245154965971,14.7648230602334,15.264337522473747,15.264337522473747,15.264337522473747,14.422205101855956,14.422205101855956,14.422205101855956,13.601470508735444,14.212670403551895,14.212670403551895,14.212670403551895,12.806248474865697,13.45362404707371,12.806248474865697,12.041594578792296,12.041594578792296,11.313708498984761,11.313708498984761,11.313708498984761,10.63014581273465,10.63014581273465,10.0,9.433981132056603,0.0,0.0,0.0,0.0,0.0,0.0,0.0,0.0,0.0,0.0,0.0,-0.6435011087932844,-0.7188299996216245,-0.7188299996216245,-0.7188299996216245,-0.7188299996216245,-0.7188299996216245,-0.7853981633974483,-0.7853981633974483,-0.7853981633974483,-0.7853981633974483,-0.844153986113171,-0.844153986113171,-0.844153986113171,-0.844153986113171,-0.8960553845713439,-0.960070362405688,-1.0040671092713902,-0.960070362405688,-1.0040671092713902,-1.0040671092713902,-1.0040671092713902,-1.042721878368537,-1.0040671092713902,-1.042721878368537,-1.042721878368537,-1.0768549578753155,0.0,-1.0768549578753155,-1.0768549578753155,-1.0516502125483738,-1.0768549578753155,-1.0191413442663497,-1.0191413442663497,-1.0191413442663497,-0.982793723247329,-0.982793723247329,-0.982793723247329,-0.9420000403794636,-0.8850668158886104,-0.8850668158886104,-0.8850668158886104,-0.8960553845713439,-0.83798122500839,-0.8960553845713439,-0.844153986113171,-0.844153986113171,-0.7853981633974483,-0.7853981633974483,-0.7853981633974483,-0.7188299996216245,-0.7188299996216245,-0.6435011087932844,-0.5585993153435624,0.0,0.0,0.0,0.0,0.0
14.91035447500326,tx,1a:00:00:00:00:00,-48,95.14288090575334,64,0.6744671370942503,6.863455289890787,0,0,0,0,0,0,0,0,0,0,0,0,-9,-7,-9,-7,-10,-7,-10,-7,-10,-7,-10,-7,-10,-7,-10,-6,-11,-6,-11,-6,-11,-6,-12,-6,-12,-6,-12,-6,-13,-6,-13,-5,-13,-5,-13,-5,-14,-4,-14,-4,-14,-4,-14,-4,-14,-4,-15,-4,-15,-4,-15,-4,0,0,-16,-4,-15,-4,-16,-4,-16,-4,-16,-4,-16,-4,-16,-4,-15,-5,-15,-5,-15,-5,-15,-5,-14,-6,-14,-6,-14,-6,-13,-5,-14,-6,-13,-6,-13,-6,-12,-6,-11,-6,-11,-6,-11,-6,-10,-7,-10,-7,-9,-7,-9,-7,0,0,0,0,0,0,0,0,0,0,0.0,0.0,0.0,0.0,0.0,0.0,11.40175425099138,11.40175425099138,12.206555615733702,12.206555615733702,12.206555615733702,12.206555615733702,12.206555615733702,11.661903789690601,12.529964086141668,12.529964086141668,12.529964086141668,13.416407864998739,13.416407864998739,13.416407864998739,14.317821063276353,13.92838827718412,13.92838827718412,13.92838827718412,14.560219778561036,14.560219778561036,14.560219778561036,14.560219778561036,14.560219778561036,15.524174696260024,15.524174696260024,15.524174696260024,0.0,16.492422502470642,15.524174696260024,16.492422502470642,16.492422502470642,16.492422502470642,16.492422502470642,16.492422502470642,15.811388300841896,15.811388300841896,15.811388300841896,15.811388300841896,15.231546211727817,15.231546211727817,15.231546211727817,13.92838827718412,15.231546211727817,14.317821063276353,14.317821063276353,13.416407864998739,12.529964086141668,12.529964086141668,12.529964086141668,12.206555615733702,12.206555615733702,11.40175425099138,11.40175425099138,0.0,0.0,0.0,0.0,0.0,0.0,0.0,0.0,0.0,0.0,0.0,-2.4805494847391065,-2.4805494847391065,-2.5308666892005847,-2.5308666892005847,-2.5308666892005847,-2.5308666892005847,-2.5308666892005847,-2.601173153319209,-2.642245931909663,-2.642245931909663,-2.642245931909663,-2.677945044588987,-2.677945044588987,-2.677945044588987,-2.7091848780192556,-2.774418819771574,-2.774418819771574,-2.774418819771574,-2.8632929945846817,-2.8632929945846817,-2.8632929945846817,-2.8632929945846817,-2.8632929945846817,-2.8809902618424523,-2.8809902618424523,-2.8809902618424523,0.0,-2.896613990462929,-2.8809902618424523,-2.896613990462929,-2.896613990462929,-2.896613990462929,-2.896613990462929,-2.896613990462929,-2.819842099193151,-2.819842099193151,-2.819842099193151,-2.819842099193151,-2.7367008673047097,-2.7367008673047097,-2.7367008673047097,-2.774418819771574,-2.7367008673047097,-2.7091848780192556,-2.7091848780192556,-2.677945044588987,-2.642245931909663,-2.642245931909663,-2.642245931909663,-2.5308666892005847,-2.5308666892005847,-2.4805494847391065,-2.4805494847391065,0.0,0.0,0.0,0.0,0.0
15.020358376998047,tx,1a:00:00:00:00:00,-48,95.14288090575334,64,0.6759307140560326,6.791579174515647,0,0,0,0,0,0,0,0,0,0,0,0,10,1,10,1,10,1,10,1,11,1,10,0,11,0,11,0,11,0,11,0,11,0,11,-1,12,-1,11,-1,12,-1,12,-2,12,-2,13,-3,12,-3,12,-3,13,-3,13,-4,13,-3,13,-4,14,-4,13,-4,0,0,14,-4,14,-4,14,-4,15,-4,14,-4,14,-4,14,-4,14,-3,14,-3,14,-3,13,-3,13,-2,13,-2,13,-2,13,-2,12,-2,13,-2,11,-1,11,-1,11,0,11,0,11,0,11,0,10,1,10,1,9,2,0,0,0,0,0,0,0,0,0,0,0.0,0.0,0.0,0.0,0.0,0.0,10.04987562112089,10.04987562112089,10.04987562112089,10.04987562112089,11.045361017187261,10.0,11.0,11.0,11.0,11.0,11.0,11.045361017187261,12.041594578792296,11.045361017187261,12.041594578792296,12.165525060596439,12.165525060596439,13.341664064126334,12.36931687685298,12.36931687685298,13.341664064126334,13.601470508735444,13.341664064126334,13.601470508735444,14.560219778561036,13.601470508735444,0.0,14.560219778561036,14.560219778561036,14.560219778561036,15.524174696260024,14.560219778561036,14.560219778561036,14.560219778561036,14.317821063276353,14.317821063276353,14.317821063276353,13.341664064126334,13.152946437965905,13.152946437965905,13.152946437965905,13.152946437965905,12.165525060596439,13.152946437965905,11.045361017187261,11.045361017187261,11.0,11.0,11.0,11.0,10.04987562112089,10.04987562112089,9.219544457292887,0.0,0.0,0.0,0.0,0.0,0.0,0.0,0.0,0.0,0.0,0.0,0.09966865249116202,0.09966865249116202,0.09966865249116202,0.09966865249116202,0.09065988720074511,0.0,0.0,0.0,0.0,0.0,0.0,-0.09065988720074511,-0.08314123188844123,-0.09065988720074511,-0.08314123188844123,-0.16514867741462683,-0.16514867741462683,-0.22679884805388587,-0.24497866312686414,-0.24497866312686414,-0.22679884805388587,-0.2984989315861793,-0.22679884805388587,-0.2984989315861793,-0.27829965900511133,-0.2984989315861793,0.0,-0.27829965900511133,-0.27829965900511133,-0.27829965900511133,-0.260602391747341,-0.27829965900511133,-0.27829965900511133,-0.27829965900511133,-0.21109333322274654,-0.21109333322274654,-0.21109333322274654,-0.22679884805388587,-0.15264932839526515,-0.15264932839526515,-0.15264932839526515,-0.15264932839526515,-0.16514867741462683,-0.15264932839526515,-0.09065988720074511,-0.09065988720074511,0.0,0.0,0.0,0.0,0.09966865249116202,0.09966865249116202,0.21866894587394195,0.0,0.0,0.0,0.0,0.0
15.129211571002088,tx,1a:00:00:00:00:00,-49,95.14288090575334,64,0.6779314704851274,6.725867446386229,0,0,0,0,0,0,0,0,0,0,0,0,-8,6,-8,7,-8,7,-8,7,-8,7,-8,8,-8,7,-8,8,-8,8,-7,8,-7,9,-7,9,-7,10,-7,10,-7,10,-7,10,-6,10,-6,10,-6,11,-6,11,-6,11,-6,12,-6,11,-5,13,-5,13,-5,13,0,0,-6,13,-6,13,-6,14,-6,13,-6,13,-6,13,-7,13,-7,12,-7,12,-7,12,-6,12,-6,12,-7,12,-7,12,-7,10,-7,11,-7,10,-7,10,-7,9,-7,9,-7,9,-8,8,-7,8,-7,8,-7,7,-8,7,0,0,0,0,0,0,0,0,0,0,0.0,0.0,0.0,0.0,0.0,0.0,10.0,10.63014581273465,10.63014581273465,10.63014581273465,10.63014581273465,11.313708498984761,10.63014581273465,11.313708498984761,11.313708498984761,10.63014581273465,11.40175425099138,11.40175425099138,12.206555615733702,12.206555615733702,12.206555615733702,12.206555615733702,11.661903789690601,11.661903789690601,12.529964086141668,12.529964086141668,12.529964086141668,13.416407864998739,12.529964086141668,13.92838827718412,13.92838827718412,13.92838827718412,0.0,14.317821063276353,14.317821063276353,15.231546211727817,14.317821063276353,14.317821063276353,14.317821063276353,14.7648230602334,13.892443989449804,13.892443989449804,13.892443989449804,13.416407864998739,13.416407864998739,13.892443989449804,13.892443989449804,12.206555615733702,13.038404810405298,12.206555615733702,12.206555615733702,11.40175425099138,11.40175425099138,11.40175425099138,11.313708498984761,10.63014581273465,10.63014581273465,9.899494936611665,10.63014581273465,0.0,0.0,0.0,0.0,0.0,0.0,0.0,0.0,0.0,0.0,0.0,2.498091544796509,2.4227626539681686,2.4227626539681686,2.4227626539681686,2.4227626539681686,2.356194490192345,2.4227626539681686,2.356194490192345,2.356194490192345,2.289626326416521,2.2318394956455836,2.2318394956455836,2.1815222911841055,2.1815222911841055,2.1815222911841055,2.1815222911841055,2.1112158270654806,2.1112158270654806,2.0701430484750265,2.0701430484750265,2.0701430484750265,2.0344439357957027,2.0701430484750265,1.9379701606131159,1.9379701606131159,1.9379701606131159,0.0,2.0032041023654346,2.0032041023654346,1.97568811307998,2.0032041023654346,2.0032041023654346,2.0032041023654346,2.0647376957144776,2.0988707752212563,2.0988707752212563,2.0988707752212563,2.0344439357957027,2.0344439357957027,2.0988707752212563,2.0988707752212563,2.1815222911841055,2.137525544318403,2.1815222911841055,2.1815222911841055,2.2318394956455836,2.2318394956455836,2.2318394956455836,2.356194490192345,2.289626326416521,2.289626326416521,2.356194490192345,2.4227626539681686,0.0,0.0,0.0,0.0,0.0
15.23514799500117,tx,1a:00:00:00:00:00,-48,95.14288090575334,64,0.6786046564262285,6.661849149182648,0,0,0,0,0,0,0,0,0,0,0,0,-10,6,-10,6,-10,7,-10,6,-10,7,-9,7,-10,7,-9,7,-9,8,-10,8,-10,8,-10,8,-10,9,-10,9,-9,9,-9,10,-8,10,-9,11,-8,11,-8,11,-8,11,-8,12,-9,12,-9,12,-9,12,-9,12,0,0,-9,13,-9,13,-8,13,-9,13,-9,13,-9,13,-9,13,-9,13,-9,13,-10,12,-10,11,-10,11,-10,11,-10,10,-9,11,-9,10,-10,10,-9,9,-9,9,-9,9,-9,8,-9,8,-10,7,-10,6,-10,6,-10,5,0,0,0,0,0,0,0,0,0,0,0.0,0.0,0.0,0.0,0.0,0.0,11.661903789690601,11.661903789690601,12.206555615733702,11.661903789690601,12.206555615733702,11.40175425099138,12.206555615733702,11.40175425099138,12.041594578792296,12.806248474865697,12.806248474865697,12.806248474865697,13.45362404707371,13.45362404707371,12.727922061357855,13.45362404707371,12.806248474865697,14.212670403551895,13.601470508735444,13.601470508735444,13.601470508735444,14.422205101855956,15.0,15.0,15.0,15.0,0.0,15.811388300841896,15.811388300841896,15.264337522473747,15.811388300841896,15.811388300841896,15.811388300841896,15.811388300841896,15.811388300841896,15.811388300841896,15.620499351813308,14.866068747318506,14.866068747318506,14.866068747318506,14.142135623730951,14.212670403551895,13.45362404707371,14.142135623730951,12.727922061357855,12.727922061357855,12.727922061357855,12.041594578792296,12.041594578792296,12.206555615733702,11.661903789690601,11.661903789690601,11.180339887498949,0.0,0.0,0.0,0.0,0.0,0.0,0.0,0.0,0.0,0.0,0.0,2.601173153319209,2.601173153319209,2.5308666892005847,2.601173153319209,2.5308666892005847,2.4805494847391065,2.5308666892005847,2.4805494847391065,2.4149503129080676,2.4668517113662407,2.4668517113662407,2.4668517113662407,2.408777551803287,2.408777551803287,2.356194490192345,2.3036114285814033,2.2455372690184494,2.256525837701183,2.1995926132103296,2.1995926132103296,2.1995926132103296,2.158798930342464,2.214297435588181,2.214297435588181,2.214297435588181,2.214297435588181,0.0,2.1763409903998667,2.1763409903998667,2.1224513093234436,2.1763409903998667,2.1763409903998667,2.1763409903998667,2.1763409903998667,2.1763409903998667,2.1763409903998667,2.2655346029916,2.3086113869153615,2.3086113869153615,2.3086113869153615,2.356194490192345,2.256525837701183,2.3036114285814033,2.356194490192345,2.356194490192345,2.356194490192345,2.356194490192345,2.4149503129080676,2.4149503129080676,2.5308666892005847,2.601173153319209,2.601173153319209,2.677945044588987,0.0,0.0,0.0,0.0,0.0
15.340304055003799,tx,1a:00:00:00:00:00,-48,95.14288090575334,64,0.6790496009366533,6.5964531397971955,0,0,0,0,0,0,0,0,0,0,0,0,1,-11,2,-11,1,-12,1,-11,1,-12,1,-11,0,-12,1,-12,0,-12,0,-13,0,-12,0,-13,0,-13,-1,-13,-1,-12,-2,-13,-2,-13,-2,-13,-3,-13,-3,-14,-3,-14,-3,-14,-3,-14,-3,-14,-3,-14,-3,-14,0,0,-4,-15,-4,-15,-4,-15,-4,-15,-3,-15,-4,-15,-3,-15,-3,-15,-3,-15,-2,-15,-2,-15,-1,-14,-1,-14,-1,-14,-2,-14,-1,-13,-1,-14,-1,-12,0,-12,0,-12,0,-12,0,-12,1,-12,1,-11,2,-11,2,-10,0,0,0,0,0,0,0,0,0,0,0.0,0.0,0.0,0.0,0.0,0.0,11.045361017187261,11.180339887498949,12.041594578792296,11.045361017187261,12.041594578792296,11.045361017187261,12.0,12.041594578792296,12.0,13.0,12.0,13.0,13.0,13.038404810405298,12.041594578792296,13.152946437965905,13.152946437965905,13.152946437965905,13.341664064126334,14.317821063276353,14.317821063276353,14.317821063276353,14.317821063276353,14.317821063276353,14.317821063276353,14.317821063276353,0.0,15.524174696260024,15.524174696260024,15.524174696260024,15.524174696260024,15.297058540778355,15.524174696260024,15.297058540778355,15.297058540778355,15.297058540778355,15.132745950421556,15.132745950421556,14.035668847618199,14.035668847618199,14.035668847618199,14.142135623730951,13.038404810405298,14.035668847618199,12.041594578792296,12.0,12.0,12.0,12.0,12.041594578792296,11.045361017187261,11.180339887498949,10.198039027185569,0.0,0.0,0.0,0.0,0.0,0.0,0.0,0.0,0.0,0.0,0.0,-1.4801364395941514,-1.3909428270024184,-1.4876550949064553,-1.4801364395941514,-1.4876550949064553,-1.4801364395941514,-1.5707963267948966,-1.4876550949064553,-1.5707963267948966,-1.5707963267948966,-1.5707963267948966,-1.5707963267948966,-1.5707963267948966,-1.6475682180646747,-1.6539375586833378,-1.7234456551901618,-1.7234456551901618,-1.7234456551901618,-1.7975951748487824,-1.7818896600176433,-1.7818896600176433,-1.7818896600176433,-1.7818896600176433,-1.7818896600176433,-1.7818896600176433,-1.7818896600176433,0.0,-1.8313987185422376,-1.8313987185422376,-1.8313987185422376,-1.8313987185422376,-1.7681918866447774,-1.8313987185422376,-1.7681918866447774,-1.7681918866447774,-1.7681918866447774,-1.7033478590915707,-1.7033478590915707,-1.642103791580187,-1.642103791580187,-1.642103791580187,-1.7126933813990606,-1.6475682180646747,-1.642103791580187,-1.6539375586833378,-1.5707963267948966,-1.5707963267948966,-1.5707963267948966,-1.5707963267948966,-1.4876550949064553,-1.4801364395941514,-1.3909428270024184,-1.373400766945016,0.0,0.0,0.0,0.0,0.0
15.442543468001531,tx,1a:00:00:00:00:00,-49,95.14288090575334,64,0.6792582262003197,6.5276144293241245,0,0,0,0,0,0,0,0,0,0,0,0,-6,-9,-6,-9,-6,-9,-7,-10,-6,-9,-7,-10,-7,-9,-7,-9,-8,-9,-8,-9,-8,-9,-9,-9,-9,-9,-9,-9,-10,-9,-10,-8,-10,-8,-10,-8,-11,-8,-11,-8,-11,-8,-12,-8,-11,-8,-12,-8,-12,-8,-13,-8,0,0,-13,-8,-12,-8,-13,-8,-13,-8,-13,-9,-13,-9,-13,-9,-13,-9,-12,-9,-12,-9,-12,-9,-11,-9,-11,-9,-11,-9,-10,-9,-10,-9,-10,-9,-10,-9,-9,-8,-9,-8,-9,-9,-8,-9,-8,-8,-7,-9,-7,-9,-6,-9,0,0,0,0,0,0,0,0,0,0,0.0,0.0,0.0,0.0,0.0,0.0,10.816653826391969,10.816653826391969,10.816653826391969,12.206555615733702,10.816653826391969,12.206555615733702,11.40175425099138,11.40175425099138,12.041594578792296,12.041594578792296,12.041594578792296,12.727922061357855,12.727922061357855,12.727922061357855,13.45362404707371,12.806248474865697,12.806248474865697,12.806248474865697,13.601470508735444,13.601470508735444,13.601470508735444,14.422205101855956,13.601470508735444,14.422205101855956,14.422205101855956,15.264337522473747,0.0,15.264337522473747,14.422205101855956,15.264337522473747,15.264337522473747,15.811388300841896,15.811388300841896,15.811388300841896,15.811388300841896,15.0,15.0,15.0,14.212670403551895,14.212670403551895,14.212670403551895,13.45362404707371,13.45362404707371,13.45362404707371,13.45362404707371,12.041594578792296,12.041594578792296,12.727922061357855,12.041594578792296,11.313708498984761,11.40175425099138,11.40175425099138,10.816653826391969,0.0,0.0,0.0,0.0,0.0,0.0,0.0,0.0,0.0,0.0,0.0,-2.158798930342464,-2.158798930342464,-2.158798930342464,-2.1815222911841055,-2.158798930342464,-2.1815222911841055,-2.2318394956455836,-2.2318394956455836,-2.297438667476622,-2.297438667476622,-2.297438667476622,-2.356194490192345,-2.356194490192345,-2.356194490192345,-2.408777551803287,-2.4668517113662407,-2.4668517113662407,-2.4668517113662407,-2.5127963671743605,-2.5127963671743605,-2.5127963671743605,-2.5535900500422257,-2.5127963671743605,-2.5535900500422257,-2.5535900500422257,-2.5899376710612465,0.0,-2.5899376710612465,-2.5535900500422257,-2.5899376710612465,-2.5899376710612465,-2.5360479899848234,-2.5360479899848234,-2.5360479899848234,-2.5360479899848234,-2.498091544796509,-2.498091544796509,-2.498091544796509,-2.455863142683507,-2.455863142683507,-2.455863142683507,-2.408777551803287,-2.408777551803287,-2.408777551803287,-2.408777551803287,-2.4149503129080676,-2.4149503129080676,-2.356194490192345,-2.297438667476622,-2.356194490192345,-2.2318394956455836,-2.2318394956455836,-2.158798930342464,0.0,0.0,0.0,0.0,0.0
15.549130407998746,tx,1a:00:00:00:00:00,-48,95.14288090575334,64,0.679590909869536,6.453956523621562,0,0,0,0,0,0,0,0,0,0,0,0,-9,4,-10,5,-9,5,-10,5,-10,5,-10,5,-9,6,-9,6,-9,6,-9,7,-9,7,-9,7,-9,7,-9,8,-9,8,-9,8,-9,9,-9,8,-9,9,-9,9,-9,10,-9,10,-9,10,-9,11,-9,11,-9,11,0,0,-10,11,-10,11,-10,11,-10,11,-10,11,-10,11,-10,11,-10,10,-10,10,-10,10,-10,10,-10,9,-10,9,-10,9,-10,8,-10,8,-10,8,-10,7,-10,7,-10,6,-10,6,-10,6,-10,5,-10,5,-10,4,-10,4,0,0,0,0,0,0,0,0,0,0,0.0,0.0,0.0,0.0,0.0,0.0,9.848857801796104,11.180339887498949,10.295630140987,11.180339887498949,11.180339887498949,11.180339887498949,10.816653826391969,10.816653826391969,10.816653826391969,11.40175425099138,11.40175425099138,11.40175425099138,11.40175425099138,12.041594578792296,12.041594578792296,12.041594578792296,12.727922061357855,12.041594578792296,12.727922061357855,12.727922061357855,13.45362404707371,13.45362404707371,13.45362404707371,14.212670403551895,14.212670403551895,14.212670403551895,0.0,14.866068747318506,14.866068747318506,14.866068747318506,14.866068747318506,14.866068747318506,14.866068747318506,14.866068747318506,14.142135623730951,14.142135623730951,14.142135623730951,14.142135623730951,13.45362404707371,13.45362404707371,13.45362404707371,12.806248474865697,12.806248474865697,12.806248474865697,12.206555615733702,12.206555615733702,11.661903789690601,11.661903789690601,11.661903789690601,11.180339887498949,11.180339887498949,10.770329614269007,10.770329614269007,0.0,0.0,0.0,0.0,0.0,0.0,0.0,0.0,0.0,0.0,0.0,2.723368324010564,2.677945044588987,2.6344941491974563,2.677945044588987,2.677945044588987,2.677945044588987,2.5535900500422257,2.5535900500422257,2.5535900500422257,2.4805494847391065,2.4805494847391065,2.4805494847391065,2.4805494847391065,2.4149503129080676,2.4149503129080676,2.4149503129080676,2.356194490192345,2.4149503129080676,2.356194490192345,2.356194490192345,2.3036114285814033,2.3036114285814033,2.3036114285814033,2.256525837701183,2.256525837701183,2.256525837701183,0.0,2.3086113869153615,2.3086113869153615,2.3086113869153615,2.3086113869153615,2.3086113869153615,2.3086113869153615,2.3086113869153615,2.356194490192345,2.356194490192345,2.356194490192345,2.356194490192345,2.408777551803287,2.408777551803287,2.408777551803287,2.4668517113662407,2.4668517113662407,2.4668517113662407,2.5308666892005847,2.5308666892005847,2.601173153319209,2.601173153319209,2.601173153319209,2.677945044588987,2.677945044588987,2.761086276477428,2.761086276477428,0.0,0.0,0.0,0.0,0.0
15.660202751001634,tx,1a:00:00:00:00:00,-49,95.14288090575334,64,0.6811694527007589,6.374575992244768,0,0,0,0,0,0,0,0,0,0,0,0,-5,-11,-6,-11,-6,-10,-6,-11,-6,-10,-7,-11,-6,-11,-7,-11,-6,-11,-7,-10,-8,-11,-8,-10,-9,-10,-9,-10,-9,-11,-9,-10,-10,-11,-9,-10,-11,-11,-11,-11,-10,-10,-11,-11,-11,-10,-12,-10,-12,-10,-13,-10,0,0,-13,-11,-12,-11,-13,-11,-12,-10,-13,-12,-12,-12,-12,-12,-12,-12,-11,-12,-11,-11,-11,-11,-11,-11,-11,-12,-11,-12,-9,-11,-10,-12,-9,-11,-9,-11,-8,-11,-7,-11,-7,-11,-6,-11,-6,-10,-6,-11,-6,-10,-5,-11,0,0,0,0,0,0,0,0,0,0,0.0,0.0,0.0,0.0,0.0,0.0,12.083045973594572,12.529964086141668,11.661903789690601,12.529964086141668,11.661903789690601,13.038404810405298,12.529964086141668,13.038404810405298,12.529964086141668,12.206555615733702,13.601470508735444,12.806248474865697,13.45362404707371,13.45362404707371,14.212670403551895,13.45362404707371,14.866068747318506,13.45362404707371,15.556349186104045,15.556349186104045,14.142135623730951,15.556349186104045,14.866068747318506,15.620499351813308,15.620499351813308,16.401219466856727,0.0,17.029386365926403,16.278820596099706,17.029386365926403,15.620499351813308,17.69180601295413,16.97056274847714,16.97056274847714,16.97056274847714,16.278820596099706,15.556349186104045,15.556349186104045,15.556349186104045,16.278820596099706,16.278820596099706,14.212670403551895,15.620499351813308,14.212670403551895,14.212670403551895,13.601470508735444,13.038404810405298,13.038404810405298,12.529964086141668,11.661903789690601,12.529964086141668,11.661903789690601,12.083045973594572,0.0,0.0,0.0,0.0,0.0,0.0,0.0,0.0,0.0,0.0,0.0,-1.9974238199217726,-2.0701430484750265,-2.1112158270654806,-2.0701430484750265,-2.1112158270654806,-2.137525544318403,-2.0701430484750265,-2.137525544318403,-2.0701430484750265,-2.1815222911841055,-2.1995926132103296,-2.2455372690184494,-2.3036114285814033,-2.3036114285814033,-2.256525837701183,-2.3036114285814033,-2.3086113869153615,-2.3036114285814033,-2.356194490192345,-2.356194490192345,-2.356194490192345,-2.356194490192345,-2.403777593469328,-2.44685437739309,-2.44685437739309,-2.485897027348257,0.0,-2.439335722080786,-2.399645385583876,-2.439335722080786,-2.44685437739309,-2.396173177315635,-2.356194490192345,-2.356194490192345,-2.356194490192345,-2.312743594800814,-2.356194490192345,-2.356194490192345,-2.356194490192345,-2.312743594800814,-2.312743594800814,-2.256525837701183,-2.2655346029916,-2.256525837701183,-2.256525837701183,-2.1995926132103296,-2.137525544318403,-2.137525544318403,-2.0701430484750265,-2.1112158270654806,-2.0701430484750265,-2.1112158270654806,-1.9974238199217726,0.0,0.0,0.0,0.0,0.0
15.77025409899943,tx,1a:00:00:00:00:00,-48,91.06012369261909,64,0.6825154023405129,6.218675145776129,0,0,0,0,0,0,0,0,0,0,0,0,-9,-6,-10,-7,-10,-6,-11,-6,-10,-6,-11,-6,-11,-6,-11,-5,-11,-6,-11,-5,-12,-5,-12,-4,-12,-4,-12,-4,-13,-4,-12,-4,-13,-4,-12,-4,-14,-4,-14,-3,-14,-3,-14,-3,-13,-3,-15,-2,-15,-2,-15,-2,0,0,-15,-2,-15,-3,-16,-3,-14,-2,-16,-3,-16,-3,-15,-4,-15,-3,-15,-4,-14,-3,-14,-4,-14,-4,-14,-4,-14,-4,-12,-5,-14,-5,-12,-4,-12,-5,-12,-5,-11,-5,-11,-5,-11,-6,-10,-5,-10,-6,-10,-6,-9,-6,0,0,0,0,0,0,0,0,0,0,0.0,0.0,0.0,0.0,0.0,0.0,10.816653826391969,12.206555615733702,11.661903789690601,12.529964086141668,11.661903789690601,12.529964086141668,12.529964086141668,12.083045973594572,12.529964086141668,12.083045973594572,13.0,12.649110640673518,12.649110640673518,12.649110640673518,13.601470508735444,12.649110640673518,13.601470508735444,12.649110640673518,14.560219778561036,14.317821063276353,14.317821063276353,14.317821063276353,13.341664064126334,15.132745950421556,15.132745950421556,15.132745950421556,0.0,15.132745950421556,15.297058540778355,16.278820596099706,14.142135623730951,16.278820596099706,16.278820596099706,15.524174696260024,15.297058540778355,15.524174696260024,14.317821063276353,14.560219778561036,14.560219778561036,14.560219778561036,14.560219778561036,13.0,14.866068747318506,12.649110640673518,13.0,13.0,12.083045973594572,12.083045973594572,12.529964086141668,11.180339887498949,11.661903789690601,11.661903789690601,10.816653826391969,0.0,0.0,0.0,0.0,0.0,0.0,0.0,0.0,0.0,0.0,0.0,-2.5535900500422257,-2.5308666892005847,-2.601173153319209,-2.642245931909663,-2.601173153319209,-2.642245931909663,-2.642245931909663,-2.714965160462917,-2.642245931909663,-2.714965160462917,-2.746801533890032,-2.819842099193151,-2.819842099193151,-2.819842099193151,-2.843093722003614,-2.819842099193151,-2.843093722003614,-2.819842099193151,-2.8632929945846817,-2.930499320367047,-2.930499320367047,-2.930499320367047,-2.9147938055359073,-3.0090411212931194,-3.0090411212931194,-3.0090411212931194,0.0,-3.0090411212931194,-2.9441970937399127,-2.9562447035940984,-2.999695598985629,-2.9562447035940984,-2.9562447035940984,-2.8809902618424523,-2.9441970937399127,-2.8809902618424523,-2.930499320367047,-2.8632929945846817,-2.8632929945846817,-2.8632929945846817,-2.8632929945846817,-2.746801533890032,-2.79856871316909,-2.819842099193151,-2.746801533890032,-2.746801533890032,-2.714965160462917,-2.714965160462917,-2.642245931909663,-2.677945044588987,-2.601173153319209,-2.601173153319209,-2.5535900500422257,0.0,0.0,0.0,0.0,0.0
15.880160239998077,tx,1a:00:00:00:00:00,-49,91.06012369261909,64,0.6810423988029708,6.115701144707848,0,0,0,0,0,0,0,0,0,0,0,0,-2,-11,-2,-11,-2,-10,-3,-11,-3,-11,-3,-12,-3,-12,-4,-11,-3,-11,-4,-11,-5,-11,-5,-11,-5,-12,-5,-12,-6,-12,-5,-12,-6,-12,-6,-11,-6,-12,-6,-12,-6,-12,-7,-12,-7,-12,-8,-12,-8,-13,-8,-13,0,0,-8,-13,-7,-13,-8,-14,-7,-13,-7,-13,-7,-14,-7,-14,-7,-13,-6,-14,-6,-13,-6,-13,-6,-13,-6,-13,-6,-13,-4,-13,-4,-13,-4,-12,-4,-12,-4,-12,-3,-11,-3,-11,-2,-12,-2,-11,-2,-11,-1,-11,-1,-10,0,0,0,0,0,0,0,0,0,0,0.0,0.0,0.0,0.0,0.0,0.0,11.180339887498949,11.180339887498949,10.198039027185569,11.40175425099138,11.40175425099138,12.36931687685298,12.36931687685298,11.704699910719626,11.40175425099138,11.704699910719626,12.083045973594572,12.083045973594572,13.0,13.0,13.416407864998739,13.0,13.416407864998739,12.529964086141668,13.416407864998739,13.416407864998739,13.416407864998739,13.892443989449804,13.892443989449804,14.422205101855956,15.264337522473747,15.264337522473747,0.0,15.264337522473747,14.7648230602334,16.1245154965971,14.7648230602334,14.7648230602334,15.652475842498529,15.652475842498529,14.7648230602334,15.231546211727817,14.317821063276353,14.317821063276353,14.317821063276353,14.317821063276353,14.317821063276353,13.601470508735444,13.601470508735444,12.649110640673518,12.649110640673518,12.649110640673518,11.40175425099138,11.40175425099138,12.165525060596439,11.180339887498949,11.180339887498949,11.045361017187261,10.04987562112089,0.0,0.0,0.0,0.0,0.0,0.0,0.0,0.0,0.0,0.0,0.0,-1.750649826587375,-1.750649826587375,-1.7681918866447774,-1.837048375945822,-1.837048375945822,-1.8157749899217608,-1.8157749899217608,-1.9195673303788037,-1.837048375945822,-1.9195673303788037,-1.9974238199217726,-1.9974238199217726,-1.965587446494658,-1.965587446494658,-2.0344439357957027,-1.965587446494658,-2.0344439357957027,-2.0701430484750265,-2.0344439357957027,-2.0344439357957027,-2.0344439357957027,-2.0988707752212563,-2.0988707752212563,-2.158798930342464,-2.1224513093234436,-2.1224513093234436,0.0,-2.1224513093234436,-2.0647376957144776,-2.0899424410414196,-2.0647376957144776,-2.0647376957144776,-2.0344439357957027,-2.0344439357957027,-2.0647376957144776,-1.97568811307998,-2.0032041023654346,-2.0032041023654346,-2.0032041023654346,-2.0032041023654346,-2.0032041023654346,-1.8692952583810758,-1.8692952583810758,-1.892546881191539,-1.892546881191539,-1.892546881191539,-1.837048375945822,-1.837048375945822,-1.7359450042095235,-1.750649826587375,-1.750649826587375,-1.6614562139956417,-1.6704649792860586,0.0,0.0,0.0,0.0,0.0
15.989015398998163,tx,1a:00:00:00:00:00,-48,91.06012369261909,64,0.6815327883310859,6.101610411269668,0,0,0,0,0,0,0,0,0,0,0,0,5,8,6,8,6,8,6,9,6,8,7,8,7,8,7,8,7,8,8,7,8,8,8,7,9,7,9,7,9,8,9,7,10,8,9,7,10,7,10,7,11,7,11,7,11,7,12,7,12,7,12,7,0,0,12,7,11,7,13,8,11,7,12,8,12,8,12,8,12,8,11,8,11,8,11,8,11,8,11,8,11,8,9,8,9,9,9,8,8,8,8,8,7,8,8,8,7,8,6,7,6,8,6,8,5,8,0,0,0,0,0,0,0,0,0,0,0.0,0.0,0.0,0.0,0.0,0.0,9.433981132056603,10.0,10.0,10.816653826391969,10.0,10.63014581273465,10.63014581273465,10.63014581273465,10.63014581273465,10.63014581273465,11.313708498984761,10.63014581273465,11.40175425099138,11.40175425099138,12.041594578792296,11.40175425099138,12.806248474865697,11.40175425099138,12.206555615733702,12.206555615733702,13.038404810405298,13.038404810405298,13.038404810405298,13.892443989449804,13.892443989449804,13.892443989449804,0.0,13.892443989449804,13.038404810405298,15.264337522473747,13.038404810405298,14.422205101855956,14.422205101855956,14.422205101855956,14.422205101855956,13.601470508735444,13.601470508735444,13.601470508735444,13.601470508735444,13.601470508735444,13.601470508735444,12.041594578792296,12.727922061357855,12.041594578792296,11.313708498984761,11.313708498984761,10.63014581273465,11.313708498984761,10.63014581273465,9.219544457292887,10.0,10.0,9.433981132056603,0.0,0.0,0.0,0.0,0.0,0.0,0.0,0.0,0.0,0.0,0.0,1.0121970114513341,0.9272952180016122,0.9272952180016122,0.982793723247329,0.9272952180016122,0.8519663271732721,0.8519663271732721,0.8519663271732721,0.8519663271732721,0.7188299996216245,0.7853981633974483,0.7188299996216245,0.6610431688506869,0.6610431688506869,0.7266423406817256,0.6610431688506869,0.6747409422235526,0.6610431688506869,0.6107259643892086,0.6107259643892086,0.5667292175235064,0.5667292175235064,0.5667292175235064,0.5280744484263596,0.5280744484263596,0.5280744484263596,0.0,0.5280744484263596,0.5667292175235064,0.5516549825285468,0.5667292175235064,0.5880026035475675,0.5880026035475675,0.5880026035475675,0.5880026035475675,0.628796286415433,0.628796286415433,0.628796286415433,0.628796286415433,0.628796286415433,0.628796286415433,0.7266423406817256,0.7853981633974483,0.7266423406817256,0.7853981633974483,0.7853981633974483,0.8519663271732721,0.7853981633974483,0.8519663271732721,0.8621700546672264,0.9272952180016122,0.9272952180016122,1.0121970114513341,0.0,0.0,0.0,0.0,0.0
16.088988909999898,tx,1a:00:00:00:00:00,-49,91.06012369261909,64,0.6818448579692264,6.130648010223421,0,0,0,0,0,0,0,0,0,0,0,0,-10,6,-9,6,-10,7,-9,7,-10,7,-9,7,-9,8,-9,7,-9,8,-10,8,-10,8,-9,9,-9,9,-9,9,-9,9,-8,11,-8,10,-9,11,-8,11,-8,12,-8,11,-8,12,-9,12,-8,12,-8,13,-8,12,0,0,-8,13,-8,14,-8,13,-8,14,-8,13,-8,14,-8,14,-9,13,-8,13,-9,13,-10,12,-9,12,-9,11,-9,11,-9,12,-8,10,-10,11,-9,10,-9,9,-9,9,-9,9,-9,9,-10,8,-9,7,-9,7,-9,6,0,0,0,0,0,0,0,0,0,0,0.0,0.0,0.0,0.0,0.0,0.0,11.661903789690601,10.816653826391969,12.206555615733702,11.40175425099138,12.206555615733702,11.40175425099138,12.041594578792296,11.40175425099138,12.041594578792296,12.806248474865697,12.806248474865697,12.727922061357855,12.727922061357855,12.727922061357855,12.727922061357855,13.601470508735444,12.806248474865697,14.212670403551895,13.601470508735444,14.422205101855956,13.601470508735444,14.422205101855956,15.0,14.422205101855956,15.264337522473747,14.422205101855956,0.0,15.264337522473747,16.1245154965971,15.264337522473747,16.1245154965971,15.264337522473747,16.1245154965971,16.1245154965971,15.811388300841896,15.264337522473747,15.811388300841896,15.620499351813308,15.0,14.212670403551895,14.212670403551895,15.0,12.806248474865697,14.866068747318506,13.45362404707371,12.727922061357855,12.727922061357855,12.727922061357855,12.727922061357855,12.806248474865697,11.40175425099138,11.40175425099138,10.816653826391969,0.0,0.0,0.0,0.0,0.0,0.0,0.0,0.0,0.0,0.0,0.0,2.601173153319209,2.5535900500422257,2.5308666892005847,2.4805494847391065,2.5308666892005847,2.4805494847391065,2.4149503129080676,2.4805494847391065,2.4149503129080676,2.4668517113662407,2.4668517113662407,2.356194490192345,2.356194490192345,2.356194490192345,2.356194490192345,2.1995926132103296,2.2455372690184494,2.256525837701183,2.1995926132103296,2.158798930342464,2.1995926132103296,2.158798930342464,2.214297435588181,2.158798930342464,2.1224513093234436,2.158798930342464,0.0,2.1224513093234436,2.0899424410414196,2.1224513093234436,2.0899424410414196,2.1224513093234436,2.0899424410414196,2.0899424410414196,2.1763409903998667,2.1224513093234436,2.1763409903998667,2.2655346029916,2.214297435588181,2.256525837701183,2.256525837701183,2.214297435588181,2.2455372690184494,2.3086113869153615,2.3036114285814033,2.356194490192345,2.356194490192345,2.356194490192345,2.356194490192345,2.4668517113662407,2.4805494847391065,2.4805494847391065,2.5535900500422257,0.0,0.0,0.0,0.0,0.0
16.18922965099773,tx,1a:00:00:00:00:00,-48,91.06012369261909,64,0.6817396356134011,6.191812010764998,0,0,0,0,0,0,0,0,0,0,0,0,5,-9,5,-10,5,-9,5,-10,5,-10,5,-11,5,-10,4,-11,5,-11,4,-11,4,-12,4,-12,4,-12,4,-12,4,-13,3,-12,3,-13,3,-13,3,-14,3,-14,2,-14,3,-14,2,-14,2,-15,2,-15,2,-15,0,0,2,-16,2,-15,2,-16,2,-15,3,-16,3,-16,3,-16,3,-15,3,-15,3,-14,3,-15,4,-14,4,-14,4,-15,4,-13,4,-13,4,-12,4,-13,4,-12,5,-11,4,-11,5,-11,5,-10,5,-10,5,-9,6,-9,0,0,0,0,0,0,0,0,0,0,0.0,0.0,0.0,0.0,0.0,0.0,10.295630140987,11.180339887498949,10.295630140987,11.180339887498949,11.180339887498949,12.083045973594572,11.180339887498949,11.704699910719626,12.083045973594572,11.704699910719626,12.649110640673518,12.649110640673518,12.649110640673518,12.649110640673518,13.601470508735444,12.36931687685298,13.341664064126334,13.341664064126334,14.317821063276353,14.317821063276353,14.142135623730951,14.317821063276353,14.142135623730951,15.132745950421556,15.132745950421556,15.132745950421556,0.0,16.1245154965971,15.132745950421556,16.1245154965971,15.132745950421556,16.278820596099706,16.278820596099706,16.278820596099706,15.297058540778355,15.297058540778355,14.317821063276353,15.297058540778355,14.560219778561036,14.560219778561036,15.524174696260024,13.601470508735444,13.601470508735444,12.649110640673518,13.601470508735444,12.649110640673518,12.083045973594572,11.704699910719626,12.083045973594572,11.180339887498949,11.180339887498949,10.295630140987,10.816653826391969,0.0,0.0,0.0,0.0,0.0,0.0,0.0,0.0,0.0,0.0,0.0,-1.0636978224025597,-1.1071487177940904,-1.0636978224025597,-1.1071487177940904,-1.1071487177940904,-1.1441688336680205,-1.1071487177940904,-1.2220253232109897,-1.1441688336680205,-1.2220253232109897,-1.2490457723982544,-1.2490457723982544,-1.2490457723982544,-1.2490457723982544,-1.2722973952087173,-1.3258176636680326,-1.3439974787410107,-1.3439974787410107,-1.35970299357215,-1.35970299357215,-1.4288992721907328,-1.35970299357215,-1.4288992721907328,-1.4382447944982226,-1.4382447944982226,-1.4382447944982226,0.0,-1.446441332248135,-1.4382447944982226,-1.446441332248135,-1.4382447944982226,-1.3854483767992019,-1.3854483767992019,-1.3854483767992019,-1.373400766945016,-1.373400766945016,-1.35970299357215,-1.373400766945016,-1.2924966677897853,-1.2924966677897853,-1.3101939350475555,-1.2722973952087173,-1.2722973952087173,-1.2490457723982544,-1.2722973952087173,-1.2490457723982544,-1.1441688336680205,-1.2220253232109897,-1.1441688336680205,-1.1071487177940904,-1.1071487177940904,-1.0636978224025597,-0.982793723247329,0.0,0.0,0.0,0.0,0.0
16.301568253002188,tx,1a:00:00:00:00:00,-49,91.06012369261909,64,0.6819232395716384,6.266412192519853,0,0,0,0,0,0,0,0,0,0,0,0,-6,-10,-6,-10,-7,-10,-7,-10,-8,-11,-7,-10,-8,-10,-8,-10,-8,-10,-9,-11,-9,-10,-10,-10,-10,-10,-10,-10,-10,-10,-11,-9,-11,-9,-11,-9,-12,-9,-12,-9,-12,-9,-13,-9,-13,-10,-13,-9,-14,-9,-13,-9,0,0,-14,-10,-14,-10,-14,-9,-15,-10,-14,-10,-14,-10,-14,-10,-13,-11,-13,-11,-13,-11,-13,-10,-12,-10,-12,-11,-12,-11,-12,-10,-11,-10,-11,-11,-10,-10,-9,-10,-9,-10,-9,-11,-8,-10,-8,-11,-7,-10,-7,-10,-6,-10,0,0,0,0,0,0,0,0,0,0,0.0,0.0,0.0,0.0,0.0,0.0,11.661903789690601,11.661903789690601,12.206555615733702,12.206555615733702,13.601470508735444,12.206555615733702,12.806248474865697,12.806248474865697,12.806248474865697,14.212670403551895,13.45362404707371,14.142135623730951,14.142135623730951,14.142135623730951,14.142135623730951,14.212670403551895,14.212670403551895,14.212670403551895,15.0,15.0,15.0,15.811388300841896,16.401219466856727,15.811388300841896,16.64331697709324,15.811388300841896,0.0,17.204650534085253,17.204650534085253,16.64331697709324,18.027756377319946,17.204650534085253,17.204650534085253,17.204650534085253,17.029386365926403,17.029386365926403,17.029386365926403,16.401219466856727,15.620499351813308,16.278820596099706,16.278820596099706,15.620499351813308,14.866068747318506,15.556349186104045,14.142135623730951,13.45362404707371,13.45362404707371,14.212670403551895,12.806248474865697,13.601470508735444,12.206555615733702,12.206555615733702,11.661903789690601,0.0,0.0,0.0,0.0,0.0,0.0,0.0,0.0,0.0,0.0,0.0,-2.1112158270654806,-2.1112158270654806,-2.1815222911841055,-2.1815222911841055,-2.1995926132103296,-2.1815222911841055,-2.2455372690184494,-2.2455372690184494,-2.2455372690184494,-2.256525837701183,-2.3036114285814033,-2.356194490192345,-2.356194490192345,-2.356194490192345,-2.356194490192345,-2.455863142683507,-2.455863142683507,-2.455863142683507,-2.498091544796509,-2.498091544796509,-2.498091544796509,-2.5360479899848234,-2.485897027348257,-2.5360479899848234,-2.5702551737561663,-2.5360479899848234,0.0,-2.5213431676069717,-2.5213431676069717,-2.5702551737561663,-2.5535900500422257,-2.5213431676069717,-2.5213431676069717,-2.5213431676069717,-2.439335722080786,-2.439335722080786,-2.439335722080786,-2.485897027348257,-2.44685437739309,-2.399645385583876,-2.399645385583876,-2.44685437739309,-2.403777593469328,-2.356194490192345,-2.356194490192345,-2.3036114285814033,-2.3036114285814033,-2.256525837701183,-2.2455372690184494,-2.1995926132103296,-2.1815222911841055,-2.1815222911841055,-2.1112158270654806,0.0,0.0,0.0,0.0,0.0
16.409190660000604,tx,1a:00:00:00:00:00,-49,91.06012369261909,64,0.6825375103950015,6.332330206484706,0,0,0,0,0,0,0,0,0,0,0,0,6,-9,6,-10,6,-10,6,-10,6,-10,6,-10,5,-11,5,-11,5,-11,5,-12,5,-12,4,-12,4,-12,4,-13,4,-13,4,-13,4,-13,3,-13,3,-14,3,-14,3,-14,3,-15,3,-14,2,-15,2,-16,2,-16,0,0,2,-16,3,-16,3,-16,2,-16,3,-16,3,-17,3,-16,3,-16,4,-16,4,-15,4,-15,4,-15,4,-15,4,-15,5,-14,5,-14,5,-13,5,-12,5,-12,5,-12,5,-12,6,-11,6,-11,6,-10,6,-10,6,-9,0,0,0,0,0,0,0,0,0,0,0.0,0.0,0.0,0.0,0.0,0.0,10.816653826391969,11.661903789690601,11.661903789690601,11.661903789690601,11.661903789690601,11.661903789690601,12.083045973594572,12.083045973594572,12.083045973594572,13.0,13.0,12.649110640673518,12.649110640673518,13.601470508735444,13.601470508735444,13.601470508735444,13.601470508735444,13.341664064126334,14.317821063276353,14.317821063276353,14.317821063276353,15.297058540778355,14.317821063276353,15.132745950421556,16.1245154965971,16.1245154965971,0.0,16.1245154965971,16.278820596099706,16.278820596099706,16.1245154965971,16.278820596099706,17.26267650163207,16.278820596099706,16.278820596099706,16.492422502470642,15.524174696260024,15.524174696260024,15.524174696260024,15.524174696260024,15.524174696260024,14.866068747318506,14.866068747318506,13.92838827718412,13.0,13.0,13.0,13.0,12.529964086141668,12.529964086141668,11.661903789690601,11.661903789690601,10.816653826391969,0.0,0.0,0.0,0.0,0.0,0.0,0.0,0.0,0.0,0.0,0.0,-0.982793723247329,-1.0303768265243125,-1.0303768265243125,-1.0303768265243125,-1.0303768265243125,-1.0303768265243125,-1.1441688336680205,-1.1441688336680205,-1.1441688336680205,-1.176005207095135,-1.176005207095135,-1.2490457723982544,-1.2490457723982544,-1.2722973952087173,-1.2722973952087173,-1.2722973952087173,-1.2722973952087173,-1.3439974787410107,-1.35970299357215,-1.35970299357215,-1.35970299357215,-1.373400766945016,-1.35970299357215,-1.4382447944982226,-1.446441332248135,-1.446441332248135,0.0,-1.446441332248135,-1.3854483767992019,-1.3854483767992019,-1.446441332248135,-1.3854483767992019,-1.396124127786657,-1.3854483767992019,-1.3854483767992019,-1.3258176636680326,-1.3101939350475555,-1.3101939350475555,-1.3101939350475555,-1.3101939350475555,-1.3101939350475555,-1.2277723863741932,-1.2277723863741932,-1.2036224929766774,-1.176005207095135,-1.176005207095135,-1.176005207095135,-1.176005207095135,-1.0714496051147666,-1.0714496051147666,-1.0303768265243125,-1.0303768265243125,-0.982793723247329,0.0,0.0,0.0,0.0,0.0
16.522259313001996,tx,1a:00:00:00:00:00,-48,91.06012369261909,64,0.6832139055728572,6.378755944531731,0,0,0,0,0,0,0,0,0,0,0,0,0,-11,0,-11,-1,-12,-1,-12,-1,-12,-1,-12,-2,-12,-2,-12,-2,-12,-2,-13,-2,-13,-2,-13,-3,-13,-3,-13,-3,-13,-4,-13,-4,-13,-5,-13,-5,-13,-5,-13,-5,-13,-6,-13,-6,-14,-6,-14,-6,-14,-6,-14,0,0,-7,-14,-7,-15,-7,-14,-7,-15,-6,-14,-7,-15,-6,-15,-6,-15,-6,-15,-5,-15,-5,-15,-4,-14,-4,-14,-4,-14,-5,-14,-4,-13,-4,-14,-3,-13,-3,-13,-3,-12,-3,-13,-3,-12,-2,-12,-1,-12,-1,-11,0,-11,0,0,0,0,0,0,0,0,0,0,0.0,0.0,0.0,0.0,0.0,0.0,11.0,11.0,12.041594578792296,12.041594578792296,12.041594578792296,12.041594578792296,12.165525060596439,12.165525060596439,12.165525060596439,13.152946437965905,13.152946437965905,13.152946437965905,13.341664064126334,13.341664064126334,13.341664064126334,13.601470508735444,13.601470508735444,13.92838827718412,13.92838827718412,13.92838827718412,13.92838827718412,14.317821063276353,15.231546211727817,15.231546211727817,15.231546211727817,15.231546211727817,0.0,15.652475842498529,16.55294535724685,15.652475842498529,16.55294535724685,15.231546211727817,16.55294535724685,16.15549442140351,16.15549442140351,16.15549442140351,15.811388300841896,15.811388300841896,14.560219778561036,14.560219778561036,14.560219778561036,14.866068747318506,13.601470508735444,14.560219778561036,13.341664064126334,13.341664064126334,12.36931687685298,13.341664064126334,12.36931687685298,12.165525060596439,12.041594578792296,11.045361017187261,11.0,0.0,0.0,0.0,0.0,0.0,0.0,0.0,0.0,0.0,0.0,0.0,-1.5707963267948966,-1.5707963267948966,-1.6539375586833378,-1.6539375586833378,-1.6539375586833378,-1.6539375586833378,-1.7359450042095235,-1.7359450042095235,-1.7359450042095235,-1.7234456551901618,-1.7234456551901618,-1.7234456551901618,-1.7975951748487824,-1.7975951748487824,-1.7975951748487824,-1.8692952583810758,-1.8692952583810758,-1.9379701606131159,-1.9379701606131159,-1.9379701606131159,-1.9379701606131159,-2.0032041023654346,-1.97568811307998,-1.97568811307998,-1.97568811307998,-1.97568811307998,0.0,-2.0344439357957027,-2.007423486608438,-2.0344439357957027,-2.007423486608438,-1.97568811307998,-2.007423486608438,-1.9513027039072615,-1.9513027039072615,-1.9513027039072615,-1.892546881191539,-1.892546881191539,-1.849095985800008,-1.849095985800008,-1.849095985800008,-1.9138202672156,-1.8692952583810758,-1.849095985800008,-1.7975951748487824,-1.7975951748487824,-1.8157749899217608,-1.7975951748487824,-1.8157749899217608,-1.7359450042095235,-1.6539375586833378,-1.6614562139956417,-1.5707963267948966,0.0,0.0,0.0,0.0,0.0
16.62853494400042,tx,1a:00:00:00:00:00,-49,91.06012369261909,64,0.6846674971341848,6.435310627750047,0,0,0,0,0,0,0,0,0,0,0,0,4,10,4,9,4,10,4,9,4,10,4,9,5,9,5,10,6,9,6,10,6,10,6,10,6,9,7,9,7,9,8,9,8,9,8,9,8,9,9,9,9,9,10,9,10,9,10,9,10,9,10,9,0,0,11,9,12,9,11,8,12,10,11,9,11,10,11,10,10,10,11,9,10,10,10,10,10,10,9,10,9,10,9,9,8,9,8,10,7,9,7,9,7,9,7,9,6,9,6,10,5,9,5,9,4,9,0,0,0,0,0,0,0,0,0,0,0.0,0.0,0.0,0.0,0.0,0.0,10.770329614269007,9.848857801796104,10.770329614269007,9.848857801796104,10.770329614269007,9.848857801796104,10.295630140987,11.180339887498949,10.816653826391969,11.661903789690601,11.661903789690601,11.661903789690601,10.816653826391969,11.40175425099138,11.40175425099138,12.041594578792296,12.041594578792296,12.041594578792296,12.041594578792296,12.727922061357855,12.727922061357855,13.45362404707371,13.45362404707371,13.45362404707371,13.45362404707371,13.45362404707371,0.0,14.212670403551895,15.0,13.601470508735444,15.620499351813308,14.212670403551895,14.866068747318506,14.866068747318506,14.142135623730951,14.212670403551895,14.142135623730951,14.142135623730951,14.142135623730951,13.45362404707371,13.45362404707371,12.727922061357855,12.041594578792296,12.806248474865697,11.40175425099138,11.40175425099138,11.40175425099138,11.40175425099138,10.816653826391969,11.661903789690601,10.295630140987,10.295630140987,9.848857801796104,0.0,0.0,0.0,0.0,0.0,0.0,0.0,0.0,0.0,0.0,0.0,1.1902899496825317,1.1525719972156676,1.1902899496825317,1.1525719972156676,1.1902899496825317,1.1525719972156676,1.0636978224025597,1.1071487177940904,0.982793723247329,1.0303768265243125,1.0303768265243125,1.0303768265243125,0.982793723247329,0.9097531579442097,0.9097531579442097,0.844153986113171,0.844153986113171,0.844153986113171,0.844153986113171,0.7853981633974483,0.7853981633974483,0.7328151017865066,0.7328151017865066,0.7328151017865066,0.7328151017865066,0.7328151017865066,0.0,0.6857295109062863,0.6435011087932844,0.628796286415433,0.6947382761967031,0.6857295109062863,0.7378150601204649,0.7378150601204649,0.7853981633974483,0.6857295109062863,0.7853981633974483,0.7853981633974483,0.7853981633974483,0.83798122500839,0.83798122500839,0.7853981633974483,0.844153986113171,0.8960553845713439,0.9097531579442097,0.9097531579442097,0.9097531579442097,0.9097531579442097,0.982793723247329,1.0303768265243125,1.0636978224025597,1.0636978224025597,1.1525719972156676,0.0,0.0,0.0,0.0,0.0
16.729682210003375,tx,1a:00:00:00:00:00,-49,91.06012369261909,64,0.6843277955841851,6.5169012961681645,0,0,0,0,0,0,0,0,0,0,0,0,-8,-7,-8,-7,-8,-7,-9,-7,-9,-7,-9,-7,-9,-7,-10,-7,-10,-7,-10,-6,-10,-6,-11,-6,-11,-6,-11,-6,-12,-6,-11,-5,-12,-6,-12,-5,-13,-5,-13,-5,-13,-5,-13,-5,-13,-4,-14,-4,-14,-4,-14,-4,0,0,-15,-4,-14,-5,-15,-5,-14,-4,-14,-5,-15,-5,-14,-5,-14,-5,-14,-6,-13,-5,-14,-6,-13,-6,-13,-6,-13,-6,-12,-6,-12,-6,-11,-6,-11,-6,-11,-6,-10,-6,-10,-6,-10,-7,-9,-6,-9,-7,-9,-7,-8,-7,0,0,0,0,0,0,0,0,0,0,0.0,0.0,0.0,0.0,0.0,0.0,10.63014581273465,10.63014581273465,10.63014581273465,11.40175425099138,11.40175425099138,11.40175425099138,11.40175425099138,12.206555615733702,12.206555615733702,11.661903789690601,11.661903789690601,12.529964086141668,12.529964086141668,12.529964086141668,13.416407864998739,12.083045973594572,13.416407864998739,13.0,13.92838827718412,13.92838827718412,13.92838827718412,13.92838827718412,13.601470508735444,14.560219778561036,14.560219778561036,14.560219778561036,0.0,15.524174696260024,14.866068747318506,15.811388300841896,14.560219778561036,14.866068747318506,15.811388300841896,14.866068747318506,14.866068747318506,15.231546211727817,13.92838827718412,15.231546211727817,14.317821063276353,14.317821063276353,14.317821063276353,13.416407864998739,13.416407864998739,12.529964086141668,12.529964086141668,12.529964086141668,11.661903789690601,11.661903789690601,12.206555615733702,10.816653826391969,11.40175425099138,11.40175425099138,10.63014581273465,0.0,0.0,0.0,0.0,0.0,0.0,0.0,0.0,0.0,0.0,0.0,-2.4227626539681686,-2.4227626539681686,-2.4227626539681686,-2.4805494847391065,-2.4805494847391065,-2.4805494847391065,-2.4805494847391065,-2.5308666892005847,-2.5308666892005847,-2.601173153319209,-2.601173153319209,-2.642245931909663,-2.642245931909663,-2.642245931909663,-2.677945044588987,-2.714965160462917,-2.677945044588987,-2.746801533890032,-2.774418819771574,-2.774418819771574,-2.774418819771574,-2.774418819771574,-2.843093722003614,-2.8632929945846817,-2.8632929945846817,-2.8632929945846817,0.0,-2.8809902618424523,-2.79856871316909,-2.819842099193151,-2.8632929945846817,-2.79856871316909,-2.819842099193151,-2.79856871316909,-2.79856871316909,-2.7367008673047097,-2.774418819771574,-2.7367008673047097,-2.7091848780192556,-2.7091848780192556,-2.7091848780192556,-2.677945044588987,-2.677945044588987,-2.642245931909663,-2.642245931909663,-2.642245931909663,-2.601173153319209,-2.601173153319209,-2.5308666892005847,-2.5535900500422257,-2.4805494847391065,-2.4805494847391065,-2.4227626539681686,0.0,0.0,0.0,0.0,0.0
16.839012593998632,tx,1a:00:00:00:00:00,-49,97.93185774064914,64,0.6840249698712708,6.700699392996586,0,0,0,0,0,0,0,0,0,0,0,0,10,0,11,0,11,0,12,0,11,-1,12,-1,11,-1,11,-1,11,-1,12,-2,12,-2,12,-3,12,-3,12,-3,13,-3,12,-3,13,-4,12,-3,13,-4,13,-4,13,-4,13,-4,13,-5,14,-6,14,-6,14,-6,0,0,15,-5,14,-5,15,-5,14,-5,15,-5,15,-5,15,-4,15,-4,15,-3,14,-4,14,-4,14,-3,14,-3,14,-3,13,-2,14,-2,13,-1,13,-1,12,-1,12,0,12,0,12,0,11,0,11,1,11,1,10,2,0,0,0,0,0,0,0,0,0,0,0.0,0.0,0.0,0.0,0.0,0.0,10.0,11.0,11.0,12.0,11.045361017187261,12.041594578792296,11.045361017187261,11.045361017187261,11.045361017187261,12.165525060596439,12.165525060596439,12.36931687685298,12.36931687685298,12.36931687685298,13.341664064126334,12.36931687685298,13.601470508735444,12.36931687685298,13.601470508735444,13.601470508735444,13.601470508735444,13.601470508735444,13.92838827718412,15.231546211727817,15.231546211727817,15.231546211727817,0.0,15.811388300841896,14.866068747318506,15.811388300841896,14.866068747318506,15.811388300841896,15.811388300841896,15.524174696260024,15.524174696260024,15.297058540778355,14.560219778561036,14.560219778561036,14.317821063276353,14.317821063276353,14.317821063276353,13.152946437965905,14.142135623730951,13.038404810405298,13.038404810405298,12.041594578792296,12.0,12.0,12.0,11.0,11.045361017187261,11.045361017187261,10.198039027185569,0.0,0.0,0.0,0.0,0.0,0.0,0.0,0.0,0.0,0.0,0.0,0.0,0.0,0.0,0.0,-0.09065988720074511,-0.08314123188844123,-0.09065988720074511,-0.09065988720074511,-0.09065988720074511,-0.16514867741462683,-0.16514867741462683,-0.24497866312686414,-0.24497866312686414,-0.24497866312686414,-0.22679884805388587,-0.24497866312686414,-0.2984989315861793,-0.24497866312686414,-0.2984989315861793,-0.2984989315861793,-0.2984989315861793,-0.2984989315861793,-0.3671738338182192,-0.40489178628508343,-0.40489178628508343,-0.40489178628508343,0.0,-0.3217505543966422,-0.3430239404207034,-0.3217505543966422,-0.3430239404207034,-0.3217505543966422,-0.3217505543966422,-0.260602391747341,-0.260602391747341,-0.19739555984988075,-0.27829965900511133,-0.27829965900511133,-0.21109333322274654,-0.21109333322274654,-0.21109333322274654,-0.15264932839526515,-0.14189705460416394,-0.07677189126977804,-0.07677189126977804,-0.08314123188844123,0.0,0.0,0.0,0.0,0.09065988720074511,0.09065988720074511,0.19739555984988075,0.0,0.0,0.0,0.0,0.0
16.941274748001888,tx,1a:00:00:00:00:00,-49,97.93185774064914,64,0.6810837011484302,6.804264612291313,0,0,0,0,0,0,0,0,0,0,0,0,9,-6,9,-6,9,-7,9,-6,9,-7,9,-7,9,-7,9,-7,9,-8,9,-8,9,-9,9,-9,9,-9,9,-10,9,-10,8,-11,8,-10,8,-11,8,-11,8,-11,9,-11,8,-12,8,-12,8,-13,8,-13,8,-13,0,0,8,-13,8,-14,8,-14,8,-14,8,-13,9,-14,9,-13,9,-13,9,-13,9,-13,9,-13,9,-12,9,-12,9,-11,8,-12,8,-11,9,-11,8,-10,8,-10,8,-9,9,-9,9,-9,9,-8,9,-8,8,-7,9,-6,0,0,0,0,0,0,0,0,0,0,0.0,0.0,0.0,0.0,0.0,0.0,10.816653826391969,10.816653826391969,11.40175425099138,10.816653826391969,11.40175425099138,11.40175425099138,11.40175425099138,11.40175425099138,12.041594578792296,12.041594578792296,12.727922061357855,12.727922061357855,12.727922061357855,13.45362404707371,13.45362404707371,13.601470508735444,12.806248474865697,13.601470508735444,13.601470508735444,13.601470508735444,14.212670403551895,14.422205101855956,14.422205101855956,15.264337522473747,15.264337522473747,15.264337522473747,0.0,15.264337522473747,16.1245154965971,16.1245154965971,16.1245154965971,15.264337522473747,16.64331697709324,15.811388300841896,15.811388300841896,15.811388300841896,15.811388300841896,15.811388300841896,15.0,15.0,14.212670403551895,14.422205101855956,13.601470508735444,14.212670403551895,12.806248474865697,12.806248474865697,12.041594578792296,12.727922061357855,12.727922061357855,12.041594578792296,12.041594578792296,10.63014581273465,10.816653826391969,0.0,0.0,0.0,0.0,0.0,0.0,0.0,0.0,0.0,0.0,0.0,-0.5880026035475675,-0.5880026035475675,-0.6610431688506869,-0.5880026035475675,-0.6610431688506869,-0.6610431688506869,-0.6610431688506869,-0.6610431688506869,-0.7266423406817256,-0.7266423406817256,-0.7853981633974483,-0.7853981633974483,-0.7853981633974483,-0.83798122500839,-0.83798122500839,-0.9420000403794636,-0.8960553845713439,-0.9420000403794636,-0.9420000403794636,-0.9420000403794636,-0.8850668158886104,-0.982793723247329,-0.982793723247329,-1.0191413442663497,-1.0191413442663497,-1.0191413442663497,0.0,-1.0191413442663497,-1.0516502125483738,-1.0516502125483738,-1.0516502125483738,-1.0191413442663497,-0.9994588469612699,-0.9652516631899266,-0.9652516631899266,-0.9652516631899266,-0.9652516631899266,-0.9652516631899266,-0.9272952180016122,-0.9272952180016122,-0.8850668158886104,-0.982793723247329,-0.9420000403794636,-0.8850668158886104,-0.8960553845713439,-0.8960553845713439,-0.844153986113171,-0.7853981633974483,-0.7853981633974483,-0.7266423406817256,-0.7266423406817256,-0.7188299996216245,-0.5880026035475675,0.0,0.0,0.0,0.0,0.0
17.041591888002586,tx,1a:00:00:00:00:00,-49,97.93185774064914,64,0.679418436156074,6.870509421125381,0,0,0,0,0,0,0,0,0,0,0,0,9,-3,10,-3,10,-3,10,-3,10,-3,10,-4,10,-4,10,-4,10,-4,10,-5,10,-5,10,-6,10,-6,10,-6,11,-7,10,-7,11,-7,10,-7,11,-8,10,-8,11,-8,11,-8,10,-8,11,-9,11,-10,11,-9,0,0,11,-10,11,-9,12,-10,11,-9,12,-9,12,-9,12,-9,12,-9,12,-8,11,-8,12,-8,12,-8,12,-8,12,-8,11,-6,12,-6,11,-6,11,-6,11,-6,10,-5,10,-5,11,-4,10,-4,10,-4,10,-3,10,-3,0,0,0,0,0,0,0,0,0,0,0.0,0.0,0.0,0.0,0.0,0.0,9.486832980505138,10.44030650891055,10.44030650891055,10.44030650891055,10.44030650891055,10.770329614269007,10.770329614269007,10.770329614269007,10.770329614269007,11.180339887498949,11.180339887498949,11.661903789690601,11.661903789690601,11.661903789690601,13.038404810405298,12.206555615733702,13.038404810405298,12.206555615733702,13.601470508735444,12.806248474865697,13.601470508735444,13.601470508735444,12.806248474865697,14.212670403551895,14.866068747318506,14.212670403551895,0.0,14.866068747318506,14.212670403551895,15.620499351813308,14.212670403551895,15.0,15.0,15.0,15.0,14.422205101855956,13.601470508735444,14.422205101855956,14.422205101855956,14.422205101855956,14.422205101855956,12.529964086141668,13.416407864998739,12.529964086141668,12.529964086141668,12.529964086141668,11.180339887498949,11.180339887498949,11.704699910719626,10.770329614269007,10.770329614269007,10.44030650891055,10.44030650891055,0.0,0.0,0.0,0.0,0.0,0.0,0.0,0.0,0.0,0.0,0.0,-0.3217505543966422,-0.2914567944778671,-0.2914567944778671,-0.2914567944778671,-0.2914567944778671,-0.3805063771123649,-0.3805063771123649,-0.3805063771123649,-0.3805063771123649,-0.4636476090008061,-0.4636476090008061,-0.5404195002705842,-0.5404195002705842,-0.5404195002705842,-0.5667292175235064,-0.6107259643892086,-0.5667292175235064,-0.6107259643892086,-0.628796286415433,-0.6747409422235526,-0.628796286415433,-0.628796286415433,-0.6747409422235526,-0.6857295109062863,-0.7378150601204649,-0.6857295109062863,0.0,-0.7378150601204649,-0.6857295109062863,-0.6947382761967031,-0.6857295109062863,-0.6435011087932844,-0.6435011087932844,-0.6435011087932844,-0.6435011087932844,-0.5880026035475675,-0.628796286415433,-0.5880026035475675,-0.5880026035475675,-0.5880026035475675,-0.5880026035475675,-0.4993467216801301,-0.4636476090008061,-0.4993467216801301,-0.4993467216801301,-0.4993467216801301,-0.4636476090008061,-0.4636476090008061,-0.348771003583907,-0.3805063771123649,-0.3805063771123649,-0.2914567944778671,-0.2914567944778671,0.0,0.0,0.0,0.0,0.0
17.151612793000822,tx,1a:00:00:00:00:00,-48,97.93185774064914,64,0.6787213146949329,6.924541630988366,0,0,0,0,0,0,0,0,0,0,0,0,6,-8,7,-8,6,-8,7,-8,6,-8,6,-9,6,-9,6,-9,6,-9,6,-10,5,-10,5,-10,5,-11,5,-11,5,-11,5,-11,5,-11,5,-11,5,-12,5,-12,5,-12,5,-13,4,-12,4,-13,4,-14,4,-14,0,0,4,-14,5,-14,5,-14,4,-14,5,-14,5,-14,5,-14,5,-14,6,-14,5,-13,5,-13,5,-13,6,-13,6,-13,6,-11,6,-12,6,-11,6,-11,6,-10,6,-10,6,-10,7,-9,6,-9,6,-9,6,-8,7,-8,0,0,0,0,0,0,0,0,0,0,0.0,0.0,0.0,0.0,0.0,0.0,10.0,10.63014581273465,10.0,10.63014581273465,10.0,10.816653826391969,10.816653826391969,10.816653826391969,10.816653826391969,11.661903789690601,11.180339887498949,11.180339887498949,12.083045973594572,12.083045973594572,12.083045973594572,12.083045973594572,12.083045973594572,12.083045973594572,13.0,13.0,13.0,13.92838827718412,12.649110640673518,13.601470508735444,14.560219778561036,14.560219778561036,0.0,14.560219778561036,14.866068747318506,14.866068747318506,14.560219778561036,14.866068747318506,14.866068747318506,14.866068747318506,14.866068747318506,15.231546211727817,13.92838827718412,13.92838827718412,13.92838827718412,14.317821063276353,14.317821063276353,12.529964086141668,13.416407864998739,12.529964086141668,12.529964086141668,11.661903789690601,11.661903789690601,11.661903789690601,11.40175425099138,10.816653826391969,10.816653826391969,10.0,10.63014581273465,0.0,0.0,0.0,0.0,0.0,0.0,0.0,0.0,0.0,0.0,0.0,-0.9272952180016122,-0.8519663271732721,-0.9272952180016122,-0.8519663271732721,-0.9272952180016122,-0.982793723247329,-0.982793723247329,-0.982793723247329,-0.982793723247329,-1.0303768265243125,-1.1071487177940904,-1.1071487177940904,-1.1441688336680205,-1.1441688336680205,-1.1441688336680205,-1.1441688336680205,-1.1441688336680205,-1.1441688336680205,-1.176005207095135,-1.176005207095135,-1.176005207095135,-1.2036224929766774,-1.2490457723982544,-1.2722973952087173,-1.2924966677897853,-1.2924966677897853,0.0,-1.2924966677897853,-1.2277723863741932,-1.2277723863741932,-1.2924966677897853,-1.2277723863741932,-1.2277723863741932,-1.2277723863741932,-1.2277723863741932,-1.1659045405098132,-1.2036224929766774,-1.2036224929766774,-1.2036224929766774,-1.1383885512243588,-1.1383885512243588,-1.0714496051147666,-1.1071487177940904,-1.0714496051147666,-1.0714496051147666,-1.0303768265243125,-1.0303768265243125,-1.0303768265243125,-0.9097531579442097,-0.982793723247329,-0.982793723247329,-0.9272952180016122,-0.8519663271732721,0.0,0.0,0.0,0.0,0.0
17.25907108699903,tx,1a:00:00:00:00:00,-49,97.93185774064914,64,0.6782809299414518,6.967174986571181,0,0,0,0,0,0,0,0,0,0,0,0,6,-8,7,-9,6,-9,7,-9,6,-9,7,-9,6,-9,6,-10,6,-10,6,-10,6,-11,5,-11,5,-11,5,-11,5,-12,5,-12,5,-12,4,-12,5,-13,5,-13,4,-13,5,-13,4,-13,3,-14,3,-15,4,-15,0,0,4,-15,4,-14,4,-15,4,-14,5,-15,5,-15,5,-15,5,-14,5,-14,5,-14,5,-14,5,-14,5,-14,6,-13,5,-12,6,-13,5,-11,6,-12,5,-11,6,-10,6,-11,6,-10,5,-9,7,-10,7,-9,6,-8,0,0,0,0,0,0,0,0,0,0,0.0,0.0,0.0,0.0,0.0,0.0,10.0,11.40175425099138,10.816653826391969,11.40175425099138,10.816653826391969,11.40175425099138,10.816653826391969,11.661903789690601,11.661903789690601,11.661903789690601,12.529964086141668,12.083045973594572,12.083045973594572,12.083045973594572,13.0,13.0,13.0,12.649110640673518,13.92838827718412,13.92838827718412,13.601470508735444,13.92838827718412,13.601470508735444,14.317821063276353,15.297058540778355,15.524174696260024,0.0,15.524174696260024,14.560219778561036,15.524174696260024,14.560219778561036,15.811388300841896,15.811388300841896,15.811388300841896,14.866068747318506,14.866068747318506,14.866068747318506,14.866068747318506,14.866068747318506,14.866068747318506,14.317821063276353,13.0,14.317821063276353,12.083045973594572,13.416407864998739,12.083045973594572,11.661903789690601,12.529964086141668,11.661903789690601,10.295630140987,12.206555615733702,11.40175425099138,10.0,0.0,0.0,0.0,0.0,0.0,0.0,0.0,0.0,0.0,0.0,0.0,-0.9272952180016122,-0.9097531579442097,-0.982793723247329,-0.9097531579442097,-0.982793723247329,-0.9097531579442097,-0.982793723247329,-1.0303768265243125,-1.0303768265243125,-1.0303768265243125,-1.0714496051147666,-1.1441688336680205,-1.1441688336680205,-1.1441688336680205,-1.176005207095135,-1.176005207095135,-1.176005207095135,-1.2490457723982544,-1.2036224929766774,-1.2036224929766774,-1.2722973952087173,-1.2036224929766774,-1.2722973952087173,-1.35970299357215,-1.373400766945016,-1.3101939350475555,0.0,-1.3101939350475555,-1.2924966677897853,-1.3101939350475555,-1.2924966677897853,-1.2490457723982544,-1.2490457723982544,-1.2490457723982544,-1.2277723863741932,-1.2277723863741932,-1.2277723863741932,-1.2277723863741932,-1.2277723863741932,-1.2277723863741932,-1.1383885512243588,-1.176005207095135,-1.1383885512243588,-1.1441688336680205,-1.1071487177940904,-1.1441688336680205,-1.0303768265243125,-1.0714496051147666,-1.0303768265243125,-1.0636978224025597,-0.960070362405688,-0.9097531579442097,-0.9272952180016122,0.0,0.0,0.0,0.0,0.0
17.369464950999827,tx,1a:00:00:00:00:00,-49,97.93185774064914,64,0.6779408674964919,6.998349937111662,0,0,0,0,0,0,0,0,0,0,0,0,-11,2,-11,2,-11,2,-12,2,-11,2,-12,3,-11,3,-11,3,-11,3,-11,4,-11,4,-11,5,-11,5,-11,5,-12,6,-11,5,-12,6,-11,5,-12,7,-12,6,-12,7,-12,7,-11,7,-12,8,-12,8,-12,8,0,0,-13,8,-12,7,-13,9,-12,8,-13,8,-13,8,-13,7,-13,7,-14,7,-12,7,-13,7,-13,7,-13,7,-13,6,-12,5,-13,5,-12,4,-12,5,-12,4,-12,3,-12,3,-12,2,-11,3,-11,3,-11,2,-11,1,0,0,0,0,0,0,0,0,0,0,0.0,0.0,0.0,0.0,0.0,0.0,11.180339887498949,11.180339887498949,11.180339887498949,12.165525060596439,11.180339887498949,12.36931687685298,11.40175425099138,11.40175425099138,11.40175425099138,11.704699910719626,11.704699910719626,12.083045973594572,12.083045973594572,12.083045973594572,13.416407864998739,12.083045973594572,13.416407864998739,12.083045973594572,13.892443989449804,13.416407864998739,13.892443989449804,13.892443989449804,13.038404810405298,14.422205101855956,14.422205101855956,14.422205101855956,0.0,15.264337522473747,13.892443989449804,15.811388300841896,14.422205101855956,15.264337522473747,15.264337522473747,14.7648230602334,14.7648230602334,15.652475842498529,13.892443989449804,14.7648230602334,14.7648230602334,14.7648230602334,14.317821063276353,13.0,13.92838827718412,12.649110640673518,13.0,12.649110640673518,12.36931687685298,12.36931687685298,12.165525060596439,11.40175425099138,11.40175425099138,11.180339887498949,11.045361017187261,0.0,0.0,0.0,0.0,0.0,0.0,0.0,0.0,0.0,0.0,0.0,2.961739153797315,2.961739153797315,2.961739153797315,2.976443976175166,2.961739153797315,2.896613990462929,2.875340604438868,2.875340604438868,2.875340604438868,2.7928216500058864,2.7928216500058864,2.714965160462917,2.714965160462917,2.714965160462917,2.677945044588987,2.714965160462917,2.677945044588987,2.714965160462917,2.6135182051634334,2.677945044588987,2.6135182051634334,2.6135182051634334,2.5748634360662868,2.5535900500422257,2.5535900500422257,2.5535900500422257,0.0,2.5899376710612465,2.6135182051634334,2.5360479899848234,2.5535900500422257,2.5899376710612465,2.5899376710612465,2.647651284670212,2.647651284670212,2.677945044588987,2.6135182051634334,2.647651284670212,2.647651284670212,2.647651284670212,2.7091848780192556,2.746801533890032,2.774418819771574,2.819842099193151,2.746801533890032,2.819842099193151,2.896613990462929,2.896613990462929,2.976443976175166,2.875340604438868,2.875340604438868,2.961739153797315,3.050932766389048,0.0,0.0,0.0,0.0,0.0
17.46969541299768,tx,1a:00:00:00:00:00,-48,97.93185774064914,64,0.6777094041378031,7.021249708648499,0,0,0,0,0,0,0,0,0,0,0,0,-10,-7,-9,-6,-10,-6,-10,-6,-10,-6,-10,-6,-10,-6,-11,-6,-11,-6,-11,-5,-11,-5,-12,-5,-12,-5,-12,-5,-12,-4,-13,-4,-12,-4,-13,-4,-13,-3,-13,-3,-13,-3,-14,-3,-14,-3,-14,-3,-15,-3,-14,-3,0,0,-15,-3,-15,-3,-15,-3,-16,-3,-15,-3,-16,-3,-15,-4,-15,-4,-15,-4,-15,-4,-14,-4,-14,-4,-14,-5,-13,-5,-14,-5,-13,-5,-13,-5,-12,-5,-12,-5,-11,-5,-11,-6,-11,-6,-11,-6,-10,-6,-9,-6,-9,-7,0,0,0,0,0,0,0,0,0,0,0.0,0.0,0.0,0.0,0.0,0.0,12.206555615733702,10.816653826391969,11.661903789690601,11.661903789690601,11.661903789690601,11.661903789690601,11.661903789690601,12.529964086141668,12.529964086141668,12.083045973594572,12.083045973594572,13.0,13.0,13.0,12.649110640673518,13.601470508735444,12.649110640673518,13.601470508735444,13.341664064126334,13.341664064126334,13.341664064126334,14.317821063276353,14.317821063276353,14.317821063276353,15.297058540778355,14.317821063276353,0.0,15.297058540778355,15.297058540778355,15.297058540778355,16.278820596099706,15.297058540778355,16.278820596099706,15.524174696260024,15.524174696260024,15.524174696260024,15.524174696260024,14.560219778561036,14.560219778561036,14.866068747318506,13.92838827718412,14.866068747318506,13.92838827718412,13.92838827718412,13.0,13.0,12.083045973594572,12.529964086141668,12.529964086141668,12.529964086141668,11.661903789690601,10.816653826391969,11.40175425099138,0.0,0.0,0.0,0.0,0.0,0.0,0.0,0.0,0.0,0.0,0.0,-2.5308666892005847,-2.5535900500422257,-2.601173153319209,-2.601173153319209,-2.601173153319209,-2.601173153319209,-2.601173153319209,-2.642245931909663,-2.642245931909663,-2.714965160462917,-2.714965160462917,-2.746801533890032,-2.746801533890032,-2.746801533890032,-2.819842099193151,-2.843093722003614,-2.819842099193151,-2.843093722003614,-2.9147938055359073,-2.9147938055359073,-2.9147938055359073,-2.930499320367047,-2.930499320367047,-2.930499320367047,-2.9441970937399127,-2.930499320367047,0.0,-2.9441970937399127,-2.9441970937399127,-2.9441970937399127,-2.9562447035940984,-2.9441970937399127,-2.9562447035940984,-2.8809902618424523,-2.8809902618424523,-2.8809902618424523,-2.8809902618424523,-2.8632929945846817,-2.8632929945846817,-2.79856871316909,-2.774418819771574,-2.79856871316909,-2.774418819771574,-2.774418819771574,-2.746801533890032,-2.746801533890032,-2.714965160462917,-2.642245931909663,-2.642245931909663,-2.642245931909663,-2.601173153319209,-2.5535900500422257,-2.4805494847391065,0.0,0.0,0.0,0.0,0.0
17.580321973997343,tx,1a:00:00:00:00:00,-48,97.93185774064914,64,0.6774164879867941,7.048470974815772,0,0,0,0,0,0,0,0,0,0,0,0,6,9,6,9,6,9,6,10,6,9,7,9,7,9,7,9,7,9,8,9,8,9,9,8,9,8,9,8,9,9,9,8,10,8,9,8,11,8,11,8,11,8,11,8,11,7,12,7,12,8,13,8,0,0,13,8,12,8,13,9,12,8,13,9,13,9,12,9,12,9,12,9,11,9,12,9,11,9,11,9,11,9,9,9,10,10,9,9,9,9,8,9,8,9,8,9,7,9,7,9,6,9,6,9,5,9,0,0,0,0,0,0,0,0,0,0,0.0,0.0,0.0,0.0,0.0,0.0,10.816653826391969,10.816653826391969,10.816653826391969,11.661903789690601,10.816653826391969,11.40175425099138,11.40175425099138,11.40175425099138,11.40175425099138,12.041594578792296,12.041594578792296,12.041594578792296,12.041594578792296,12.041594578792296,12.727922061357855,12.041594578792296,12.806248474865697,12.041594578792296,13.601470508735444,13.601470508735444,13.601470508735444,13.601470508735444,13.038404810405298,13.892443989449804,14.422205101855956,15.264337522473747,0.0,15.264337522473747,14.422205101855956,15.811388300841896,14.422205101855956,15.811388300841896,15.811388300841896,15.0,15.0,15.0,14.212670403551895,15.0,14.212670403551895,14.212670403551895,14.212670403551895,12.727922061357855,14.142135623730951,12.727922061357855,12.727922061357855,12.041594578792296,12.041594578792296,12.041594578792296,11.40175425099138,11.40175425099138,10.816653826391969,10.816653826391969,10.295630140987,0.0,0.0,0.0,0.0,0.0,0.0,0.0,0.0,0.0,0.0,0.0,0.982793723247329,0.982793723247329,0.982793723247329,1.0303768265243125,0.982793723247329,0.9097531579442097,0.9097531579442097,0.9097531579442097,0.9097531579442097,0.844153986113171,0.844153986113171,0.7266423406817256,0.7266423406817256,0.7266423406817256,0.7853981633974483,0.7266423406817256,0.6747409422235526,0.7266423406817256,0.628796286415433,0.628796286415433,0.628796286415433,0.628796286415433,0.5667292175235064,0.5280744484263596,0.5880026035475675,0.5516549825285468,0.0,0.5516549825285468,0.5880026035475675,0.6055446636049701,0.5880026035475675,0.6055446636049701,0.6055446636049701,0.6435011087932844,0.6435011087932844,0.6435011087932844,0.6857295109062863,0.6435011087932844,0.6857295109062863,0.6857295109062863,0.6857295109062863,0.7853981633974483,0.7853981633974483,0.7853981633974483,0.7853981633974483,0.844153986113171,0.844153986113171,0.844153986113171,0.9097531579442097,0.9097531579442097,0.982793723247329,0.982793723247329,1.0636978224025597,0.0,0.0,0.0,0.0,0.0
17.69145307400322,tx,1a:00:00:00:00:00,-48,97.93185774064914,64,0.6772320102835354,7.082953578608885,0,0,0,0,0,0,0,0,0,0,0,0,9,6,8,6,9,6,9,6,10,6,9,5,10,5,10,6,10,5,11,6,11,5,11,5,11,4,11,4,12,4,13,3,12,3,13,3,13,3,13,2,13,3,14,2,14,2,14,2,14,2,14,2,0,0,15,2,16,1,15,1,16,1,15,2,16,2,15,2,15,3,15,2,15,3,14,3,14,3,14,3,13,3,14,3,13,3,13,4,12,3,12,3,11,4,11,4,11,4,11,5,10,5,10,5,9,5,0,0,0,0,0,0,0,0,0,0,0.0,0.0,0.0,0.0,0.0,0.0,10.816653826391969,10.0,10.816653826391969,10.816653826391969,11.661903789690601,10.295630140987,11.180339887498949,11.661903789690601,11.180339887498949,12.529964086141668,12.083045973594572,12.083045973594572,11.704699910719626,11.704699910719626,12.649110640673518,13.341664064126334,12.36931687685298,13.341664064126334,13.341664064126334,13.152946437965905,13.341664064126334,14.142135623730951,14.142135623730951,14.142135623730951,14.142135623730951,14.142135623730951,0.0,15.132745950421556,16.0312195418814,15.033296378372908,16.0312195418814,15.132745950421556,16.1245154965971,15.132745950421556,15.297058540778355,15.132745950421556,15.297058540778355,14.317821063276353,14.317821063276353,14.317821063276353,13.341664064126334,14.317821063276353,13.341664064126334,13.601470508735444,12.36931687685298,12.36931687685298,11.704699910719626,11.704699910719626,11.704699910719626,12.083045973594572,11.180339887498949,11.180339887498949,10.295630140987,0.0,0.0,0.0,0.0,0.0,0.0,0.0,0.0,0.0,0.0,0.0,0.5880026035475675,0.6435011087932844,0.5880026035475675,0.5880026035475675,0.5404195002705842,0.507098504392337,0.4636476090008061,0.5404195002705842,0.4636476090008061,0.4993467216801301,0.4266274931268761,0.4266274931268761,0.348771003583907,0.348771003583907,0.3217505543966422,0.22679884805388587,0.24497866312686414,0.22679884805388587,0.22679884805388587,0.15264932839526515,0.22679884805388587,0.14189705460416394,0.14189705460416394,0.14189705460416394,0.14189705460416394,0.14189705460416394,0.0,0.13255153229667402,0.06241880999595735,0.06656816377582381,0.06241880999595735,0.13255153229667402,0.12435499454676144,0.13255153229667402,0.19739555984988075,0.13255153229667402,0.19739555984988075,0.21109333322274654,0.21109333322274654,0.21109333322274654,0.22679884805388587,0.21109333322274654,0.22679884805388587,0.2984989315861793,0.24497866312686414,0.24497866312686414,0.348771003583907,0.348771003583907,0.348771003583907,0.4266274931268761,0.4636476090008061,0.4636476090008061,0.507098504392337,0.0,0.0,0.0,0.0,0.0
17.79204996699991,tx,1a:00:00:00:00:00,-49,94.99547176677044,64,0.6770898761182288,7.119355270143448,0,0,0,0,0,0,0,0,0,0,0,0,-11,1,-11,1,-11,1,-12,1,-11,1,-12,2,-12,2,-12,2,-12,2,-11,3,-12,3,-12,4,-12,4,-12,4,-12,5,-12,5,-12,5,-11,5,-12,6,-12,6,-12,6,-13,6,-12,7,-13,8,-13,7,-13,7,0,0,-14,8,-12,7,-14,8,-13,7,-14,7,-14,8,-14,7,-14,8,-14,7,-13,7,-13,7,-13,6,-14,6,-14,6,-13,5,-13,5,-12,5,-13,4,-12,4,-12,4,-12,4,-12,3,-11,3,-12,2,-11,2,-11,1,0,0,0,0,0,0,0,0,0,0,0.0,0.0,0.0,0.0,0.0,0.0,11.045361017187261,11.045361017187261,11.045361017187261,12.041594578792296,11.045361017187261,12.165525060596439,12.165525060596439,12.165525060596439,12.165525060596439,11.40175425099138,12.36931687685298,12.649110640673518,12.649110640673518,12.649110640673518,13.0,13.0,13.0,12.083045973594572,13.416407864998739,13.416407864998739,13.416407864998739,14.317821063276353,13.892443989449804,15.264337522473747,14.7648230602334,14.7648230602334,0.0,16.1245154965971,13.892443989449804,16.1245154965971,14.7648230602334,15.652475842498529,16.1245154965971,15.652475842498529,16.1245154965971,15.652475842498529,14.7648230602334,14.7648230602334,14.317821063276353,15.231546211727817,15.231546211727817,13.92838827718412,13.92838827718412,13.0,13.601470508735444,12.649110640673518,12.649110640673518,12.649110640673518,12.36931687685298,11.40175425099138,12.165525060596439,11.180339887498949,11.045361017187261,0.0,0.0,0.0,0.0,0.0,0.0,0.0,0.0,0.0,0.0,0.0,3.050932766389048,3.050932766389048,3.050932766389048,3.058451421701352,3.050932766389048,2.976443976175166,2.976443976175166,2.976443976175166,2.976443976175166,2.875340604438868,2.896613990462929,2.819842099193151,2.819842099193151,2.819842099193151,2.746801533890032,2.746801533890032,2.746801533890032,2.714965160462917,2.677945044588987,2.677945044588987,2.677945044588987,2.7091848780192556,2.6135182051634334,2.5899376710612465,2.647651284670212,2.647651284670212,0.0,2.62244653934327,2.6135182051634334,2.62244653934327,2.647651284670212,2.677945044588987,2.62244653934327,2.677945044588987,2.62244653934327,2.677945044588987,2.647651284670212,2.647651284670212,2.7091848780192556,2.7367008673047097,2.7367008673047097,2.774418819771574,2.774418819771574,2.746801533890032,2.843093722003614,2.819842099193151,2.819842099193151,2.819842099193151,2.896613990462929,2.875340604438868,2.976443976175166,2.961739153797315,3.050932766389048,0.0,0.0,0.0,0.0,0.0
17.90102460500202,tx,1a:00:00:00:00:00,-48,94.99547176677044,64,0.6756787641128382,7.141686274784987,0,0,0,0,0,0,0,0,0,0,0,0,-10,-4,-10,-5,-11,-4,-11,-4,-11,-4,-11,-4,-11,-4,-11,-4,-11,-3,-12,-4,-12,-4,-12,-3,-12,-3,-12,-3,-13,-3,-13,-2,-13,-2,-13,-2,-13,-1,-14,-1,-14,-1,-14,-1,-14,-1,-15,0,-15,-1,-15,-1,0,0,-15,-1,-16,0,-15,0,-16,0,-15,-1,-16,-1,-16,-1,-16,-1,-15,-1,-16,-2,-15,-2,-15,-2,-14,-3,-14,-3,-14,-2,-13,-2,-14,-3,-13,-3,-12,-3,-12,-3,-12,-4,-12,-4,-11,-4,-11,-5,-10,-5,-10,-5,0,0,0,0,0,0,0,0,0,0,0.0,0.0,0.0,0.0,0.0,0.0,10.770329614269007,11.180339887498949,11.704699910719626,11.704699910719626,11.704699910719626,11.704699910719626,11.704699910719626,11.704699910719626,11.40175425099138,12.649110640673518,12.649110640673518,12.36931687685298,12.36931687685298,12.36931687685298,13.341664064126334,13.152946437965905,13.152946437965905,13.152946437965905,13.038404810405298,14.035668847618199,14.035668847618199,14.035668847618199,14.035668847618199,15.0,15.033296378372908,15.033296378372908,0.0,15.033296378372908,16.0,15.0,16.0,15.033296378372908,16.0312195418814,16.0312195418814,16.0312195418814,15.033296378372908,16.1245154965971,15.132745950421556,15.132745950421556,14.317821063276353,14.317821063276353,14.142135623730951,13.152946437965905,14.317821063276353,13.341664064126334,12.36931687685298,12.36931687685298,12.649110640673518,12.649110640673518,11.704699910719626,12.083045973594572,11.180339887498949,11.180339887498949,0.0,0.0,0.0,0.0,0.0,0.0,0.0,0.0,0.0,0.0,0.0,-2.761086276477428,-2.677945044588987,-2.7928216500058864,-2.7928216500058864,-2.7928216500058864,-2.7928216500058864,-2.7928216500058864,-2.7928216500058864,-2.875340604438868,-2.819842099193151,-2.819842099193151,-2.896613990462929,-2.896613990462929,-2.896613990462929,-2.9147938055359073,-2.988943325194528,-2.988943325194528,-2.988943325194528,-3.064820762320015,-3.070285188804503,-3.070285188804503,-3.070285188804503,-3.070285188804503,3.141592653589793,-3.0750244898139694,-3.0750244898139694,0.0,-3.0750244898139694,3.141592653589793,3.141592653589793,3.141592653589793,-3.0750244898139694,-3.079173843593836,-3.079173843593836,-3.079173843593836,-3.0750244898139694,-3.017237659043032,-3.0090411212931194,-3.0090411212931194,-2.930499320367047,-2.930499320367047,-2.999695598985629,-2.988943325194528,-2.930499320367047,-2.9147938055359073,-2.896613990462929,-2.896613990462929,-2.819842099193151,-2.819842099193151,-2.7928216500058864,-2.714965160462917,-2.677945044588987,-2.677945044588987,0.0,0.0,0.0,0.0,0.0
18.00112535899825,tx,1a:00:00:00:00:00,-48,94.99547176677044,64,0.6752957701977429,7.172034451336197,0,0,0,0,0,0,0,0,0,0,0,0,5,-8,5,-9,4,-9,5,-10,4,-9,5,-10,4,-10,4,-10,4,-10,3,-10,3,-11,3,-11,3,-11,3,-11,3,-12,3,-11,3,-12,2,-11,2,-13,2,-12,2,-12,2,-13,2,-12,1,-13,1,-13,1,-14,0,0,2,-14,2,-13,2,-15,2,-14,2,-15,2,-15,2,-14,3,-14,3,-14,3,-13,3,-14,3,-13,3,-13,4,-13,3,-12,4,-12,4,-11,4,-11,4,-11,4,-10,4,-10,5,-10,4,-9,5,-9,5,-9,5,-8,0,0,0,0,0,0,0,0,0,0,0.0,0.0,0.0,0.0,0.0,0.0,9.433981132056603,10.295630140987,9.848857801796104,11.180339887498949,9.848857801796104,11.180339887498949,10.770329614269007,10.770329614269007,10.770329614269007,10.44030650891055,11.40175425099138,11.40175425099138,11.40175425099138,11.40175425099138,12.36931687685298,11.40175425099138,12.36931687685298,11.180339887498949,13.152946437965905,12.165525060596439,12.165525060596439,13.152946437965905,12.165525060596439,13.038404810405298,13.038404810405298,14.035668847618199,0.0,14.142135623730951,13.152946437965905,15.132745950421556,14.142135623730951,15.132745950421556,15.132745950421556,14.142135623730951,14.317821063276353,14.317821063276353,13.341664064126334,14.317821063276353,13.341664064126334,13.341664064126334,13.601470508735444,12.36931687685298,12.649110640673518,11.704699910719626,11.704699910719626,11.704699910719626,10.770329614269007,10.770329614269007,11.180339887498949,9.848857801796104,10.295630140987,10.295630140987,9.433981132056603,0.0,0.0,0.0,0.0,0.0,0.0,0.0,0.0,0.0,0.0,0.0,-1.0121970114513341,-1.0636978224025597,-1.1525719972156676,-1.1071487177940904,-1.1525719972156676,-1.1071487177940904,-1.1902899496825317,-1.1902899496825317,-1.1902899496825317,-1.2793395323170296,-1.3045442776439713,-1.3045442776439713,-1.3045442776439713,-1.3045442776439713,-1.3258176636680326,-1.3045442776439713,-1.3258176636680326,-1.3909428270024184,-1.4181469983996315,-1.4056476493802699,-1.4056476493802699,-1.4181469983996315,-1.4056476493802699,-1.4940244355251187,-1.4940244355251187,-1.4994888620096063,0.0,-1.4288992721907328,-1.4181469983996315,-1.4382447944982226,-1.4288992721907328,-1.4382447944982226,-1.4382447944982226,-1.4288992721907328,-1.35970299357215,-1.35970299357215,-1.3439974787410107,-1.35970299357215,-1.3439974787410107,-1.3439974787410107,-1.2722973952087173,-1.3258176636680326,-1.2490457723982544,-1.2220253232109897,-1.2220253232109897,-1.2220253232109897,-1.1902899496825317,-1.1902899496825317,-1.1071487177940904,-1.1525719972156676,-1.0636978224025597,-1.0636978224025597,-1.0121970114513341,0.0,0.0,0.0,0.0,0.0
18.101244281002437,tx,1a:00:00:00:00:00,-49,94.99547176677044,64,0.6748008668628768,7.201500709069673,0,0,0,0,0,0,0,0,0,0,0,0,9,2,9,2,10,2,10,2,10,2,10,2,10,2,10,1,11,1,11,1,11,0,11,0,11,0,12,-1,12,-1,12,-1,12,-2,12,-2,12,-2,12,-2,12,-2,13,-3,13,-3,13,-3,13,-3,13,-3,0,0,14,-4,14,-4,14,-3,14,-4,14,-3,14,-3,14,-3,14,-3,14,-3,14,-3,13,-3,13,-2,13,-2,13,-2,13,-1,12,-1,12,-1,11,-1,11,-1,11,0,11,0,11,0,11,1,10,1,10,1,9,2,0,0,0,0,0,0,0,0,0,0,0.0,0.0,0.0,0.0,0.0,0.0,9.219544457292887,9.219544457292887,10.198039027185569,10.198039027185569,10.198039027185569,10.198039027185569,10.198039027185569,10.04987562112089,11.045361017187261,11.045361017187261,11.0,11.0,11.0,12.041594578792296,12.041594578792296,12.041594578792296,12.165525060596439,12.165525060596439,12.165525060596439,12.165525060596439,12.165525060596439,13.341664064126334,13.341664064126334,13.341664064126334,13.341664064126334,13.341664064126334,0.0,14.560219778561036,14.560219778561036,14.317821063276353,14.560219778561036,14.317821063276353,14.317821063276353,14.317821063276353,14.317821063276353,14.317821063276353,14.317821063276353,13.341664064126334,13.152946437965905,13.152946437965905,13.152946437965905,13.038404810405298,12.041594578792296,12.041594578792296,11.045361017187261,11.045361017187261,11.0,11.0,11.0,11.045361017187261,10.04987562112089,10.04987562112089,9.219544457292887,0.0,0.0,0.0,0.0,0.0,0.0,0.0,0.0,0.0,0.0,0.0,0.21866894587394195,0.21866894587394195,0.19739555984988075,0.19739555984988075,0.19739555984988075,0.19739555984988075,0.19739555984988075,0.09966865249116202,0.09065988720074511,0.09065988720074511,0.0,0.0,0.0,-0.08314123188844123,-0.08314123188844123,-0.08314123188844123,-0.16514867741462683,-0.16514867741462683,-0.16514867741462683,-0.16514867741462683,-0.16514867741462683,-0.22679884805388587,-0.22679884805388587,-0.22679884805388587,-0.22679884805388587,-0.22679884805388587,0.0,-0.27829965900511133,-0.27829965900511133,-0.21109333322274654,-0.27829965900511133,-0.21109333322274654,-0.21109333322274654,-0.21109333322274654,-0.21109333322274654,-0.21109333322274654,-0.21109333322274654,-0.22679884805388587,-0.15264932839526515,-0.15264932839526515,-0.15264932839526515,-0.07677189126977804,-0.08314123188844123,-0.08314123188844123,-0.09065988720074511,-0.09065988720074511,0.0,0.0,0.0,0.09065988720074511,0.09966865249116202,0.09966865249116202,0.21866894587394195,0.0,0.0,0.0,0.0,0.0
18.204718458997377,tx,1a:00:00:00:00:00,-48,94.99547176677044,64,0.6754237848664526,7.219890911604234,0,0,0,0,0,0,0,0,0,0,0,0,3,-11,3,-11,3,-12,3,-12,2,-12,2,-12,2,-12,1,-12,2,-13,1,-13,1,-13,0,-13,0,-13,0,-14,0,-14,0,-14,-1,-14,-1,-14,-1,-14,-2,-15,-1,-15,-2,-15,-2,-15,-2,-15,-2,-16,-2,-16,0,0,-2,-16,-2,-16,-2,-16,-2,-16,-2,-16,-2,-17,-2,-17,-1,-16,-1,-16,-1,-16,-1,-16,0,-16,0,-15,0,-15,0,-15,0,-15,0,-14,1,-14,1,-13,1,-13,2,-13,2,-13,2,-12,3,-12,3,-11,3,-11,0,0,0,0,0,0,0,0,0,0,0.0,0.0,0.0,0.0,0.0,0.0,11.40175425099138,11.40175425099138,12.36931687685298,12.36931687685298,12.165525060596439,12.165525060596439,12.165525060596439,12.041594578792296,13.152946437965905,13.038404810405298,13.038404810405298,13.0,13.0,14.0,14.0,14.0,14.035668847618199,14.035668847618199,14.035668847618199,15.132745950421556,15.033296378372908,15.132745950421556,15.132745950421556,15.132745950421556,16.1245154965971,16.1245154965971,0.0,16.1245154965971,16.1245154965971,16.1245154965971,16.1245154965971,16.1245154965971,17.11724276862369,17.11724276862369,16.0312195418814,16.0312195418814,16.0312195418814,16.0312195418814,16.0,15.0,15.0,15.0,15.0,14.0,14.035668847618199,13.038404810405298,13.038404810405298,13.152946437965905,13.152946437965905,12.165525060596439,12.36931687685298,11.40175425099138,11.40175425099138,0.0,0.0,0.0,0.0,0.0,0.0,0.0,0.0,0.0,0.0,0.0,-1.3045442776439713,-1.3045442776439713,-1.3258176636680326,-1.3258176636680326,-1.4056476493802699,-1.4056476493802699,-1.4056476493802699,-1.4876550949064553,-1.4181469983996315,-1.4940244355251187,-1.4940244355251187,-1.5707963267948966,-1.5707963267948966,-1.5707963267948966,-1.5707963267948966,-1.5707963267948966,-1.642103791580187,-1.642103791580187,-1.642103791580187,-1.7033478590915707,-1.6373644905707205,-1.7033478590915707,-1.7033478590915707,-1.7033478590915707,-1.695151321341658,-1.695151321341658,0.0,-1.695151321341658,-1.695151321341658,-1.695151321341658,-1.695151321341658,-1.695151321341658,-1.687905071361761,-1.687905071361761,-1.633215136790854,-1.633215136790854,-1.633215136790854,-1.633215136790854,-1.5707963267948966,-1.5707963267948966,-1.5707963267948966,-1.5707963267948966,-1.5707963267948966,-1.5707963267948966,-1.4994888620096063,-1.4940244355251187,-1.4940244355251187,-1.4181469983996315,-1.4181469983996315,-1.4056476493802699,-1.3258176636680326,-1.3045442776439713,-1.3045442776439713,0.0,0.0,0.0,0.0,0.0
18.30974615800369,tx,1a:00:00:00:00:00,-48,94.99547176677044,64,0.675710374782646,7.233792558030913,0,0,0,0,0,0,0,0,0,0,0,0,-11,0,-11,1,-11,1,-11,0,-12,1,-11,2,-11,1,-12,2,-11,2,-12,3,-12,3,-12,3,-12,4,-12,4,-11,4,-12,5,-11,5,-12,5,-11,5,-12,6,-12,6,-12,6,-12,6,-12,7,-13,7,-12,7,0,0,-13,7,-13,7,-13,7,-13,7,-13,7,-14,7,-14,7,-13,6,-14,6,-14,6,-13,6,-13,5,-13,5,-13,5,-13,5,-12,4,-13,4,-12,3,-12,3,-12,3,-12,3,-12,2,-12,2,-11,1,-11,1,-10,0,0,0,0,0,0,0,0,0,0,0,0.0,0.0,0.0,0.0,0.0,0.0,11.0,11.045361017187261,11.045361017187261,11.0,12.041594578792296,11.180339887498949,11.045361017187261,12.165525060596439,11.180339887498949,12.36931687685298,12.36931687685298,12.36931687685298,12.649110640673518,12.649110640673518,11.704699910719626,13.0,12.083045973594572,13.0,12.083045973594572,13.416407864998739,13.416407864998739,13.416407864998739,13.416407864998739,13.892443989449804,14.7648230602334,13.892443989449804,0.0,14.7648230602334,14.7648230602334,14.7648230602334,14.7648230602334,14.7648230602334,15.652475842498529,15.652475842498529,14.317821063276353,15.231546211727817,15.231546211727817,14.317821063276353,13.92838827718412,13.92838827718412,13.92838827718412,13.92838827718412,12.649110640673518,13.601470508735444,12.36931687685298,12.36931687685298,12.36931687685298,12.36931687685298,12.165525060596439,12.165525060596439,11.045361017187261,11.045361017187261,10.0,0.0,0.0,0.0,0.0,0.0,0.0,0.0,0.0,0.0,0.0,0.0,3.141592653589793,3.050932766389048,3.050932766389048,3.141592653589793,3.058451421701352,2.961739153797315,3.050932766389048,2.976443976175166,2.961739153797315,2.896613990462929,2.896613990462929,2.896613990462929,2.819842099193151,2.819842099193151,2.7928216500058864,2.746801533890032,2.714965160462917,2.746801533890032,2.714965160462917,2.677945044588987,2.677945044588987,2.677945044588987,2.677945044588987,2.6135182051634334,2.647651284670212,2.6135182051634334,0.0,2.647651284670212,2.647651284670212,2.647651284670212,2.647651284670212,2.647651284670212,2.677945044588987,2.677945044588987,2.7091848780192556,2.7367008673047097,2.7367008673047097,2.7091848780192556,2.774418819771574,2.774418819771574,2.774418819771574,2.774418819771574,2.819842099193151,2.843093722003614,2.896613990462929,2.896613990462929,2.896613990462929,2.896613990462929,2.976443976175166,2.976443976175166,3.050932766389048,3.050932766389048,3.141592653589793,0.0,0.0,0.0,0.0,0.0
18.420045079001284,tx,1a:00:00:00:00:00,-48,94.99547176677044,64,0.6754489682804693,7.239255354920129,0,0,0,0,0,0,0,0,0,0,0,0,-11,-2,-11,-2,-12,-1,-11,-1,-12,-1,-11,-1,-12,-1,-12,-1,-12,0,-13,0,-12,0,-12,0,-13,1,-13,1,-13,1,-13,2,-12,2,-13,2,-13,3,-13,3,-14,2,-14,3,-14,3,-14,4,-14,4,-14,4,0,0,-15,4,-15,4,-14,4,-15,5,-14,4,-15,4,-15,3,-15,3,-15,3,-15,3,-14,3,-14,2,-15,2,-14,2,-14,2,-13,1,-14,1,-13,1,-13,1,-12,0,-12,0,-12,0,-12,-1,-11,-1,-11,-1,-11,-2,0,0,0,0,0,0,0,0,0,0,0.0,0.0,0.0,0.0,0.0,0.0,11.180339887498949,11.180339887498949,12.041594578792296,11.045361017187261,12.041594578792296,11.045361017187261,12.041594578792296,12.041594578792296,12.0,13.0,12.0,12.0,13.038404810405298,13.038404810405298,13.038404810405298,13.152946437965905,12.165525060596439,13.152946437965905,13.341664064126334,13.341664064126334,14.142135623730951,14.317821063276353,14.317821063276353,14.560219778561036,14.560219778561036,14.560219778561036,0.0,15.524174696260024,15.524174696260024,14.560219778561036,15.811388300841896,14.560219778561036,15.524174696260024,15.297058540778355,15.297058540778355,15.297058540778355,15.297058540778355,14.317821063276353,14.142135623730951,15.132745950421556,14.142135623730951,14.142135623730951,13.038404810405298,14.035668847618199,13.038404810405298,13.038404810405298,12.0,12.0,12.0,12.041594578792296,11.045361017187261,11.045361017187261,11.180339887498949,0.0,0.0,0.0,0.0,0.0,0.0,0.0,0.0,0.0,0.0,0.0,-2.961739153797315,-2.961739153797315,-3.058451421701352,-3.050932766389048,-3.058451421701352,-3.050932766389048,-3.058451421701352,-3.058451421701352,3.141592653589793,3.141592653589793,3.141592653589793,3.141592653589793,3.064820762320015,3.064820762320015,3.064820762320015,2.988943325194528,2.976443976175166,2.988943325194528,2.9147938055359073,2.9147938055359073,2.999695598985629,2.930499320367047,2.930499320367047,2.8632929945846817,2.8632929945846817,2.8632929945846817,0.0,2.8809902618424523,2.8809902618424523,2.8632929945846817,2.819842099193151,2.8632929945846817,2.8809902618424523,2.9441970937399127,2.9441970937399127,2.9441970937399127,2.9441970937399127,2.930499320367047,2.999695598985629,3.0090411212931194,2.999695598985629,2.999695598985629,3.064820762320015,3.070285188804503,3.064820762320015,3.064820762320015,3.141592653589793,3.141592653589793,3.141592653589793,-3.058451421701352,-3.050932766389048,-3.050932766389048,-2.961739153797315,0.0,0.0,0.0,0.0,0.0
18.520400257999427,tx,1a:00:00:00:00:00,-49,94.99547176677044,64,0.6728223840280179,7.233901220017952,0,0,0,0,0,0,0,0,0,0,0,0,-5,-10,-5,-10,-5,-10,-5,-10,-6,-10,-6,-10,-6,-10,-6,-10,-7,-10,-7,-10,-7,-10,-7,-10,-8,-10,-8,-10,-8,-10,-9,-10,-9,-9,-9,-10,-10,-10,-10,-9,-10,-9,-11,-9,-11,-9,-11,-10,-11,-10,-11,-10,0,0,-12,-10,-12,-9,-12,-10,-12,-10,-12,-10,-12,-10,-12,-10,-12,-11,-12,-10,-11,-11,-11,-11,-10,-11,-10,-11,-10,-10,-10,-10,-10,-10,-9,-11,-9,-10,-8,-10,-8,-10,-8,-10,-7,-10,-6,-10,-6,-10,-5,-10,-5,-10,0,0,0,0,0,0,0,0,0,0,0.0,0.0,0.0,0.0,0.0,0.0,11.180339887498949,11.180339887498949,11.180339887498949,11.180339887498949,11.661903789690601,11.661903789690601,11.661903789690601,11.661903789690601,12.206555615733702,12.206555615733702,12.206555615733702,12.206555615733702,12.806248474865697,12.806248474865697,12.806248474865697,13.45362404707371,12.727922061357855,13.45362404707371,14.142135623730951,13.45362404707371,13.45362404707371,14.212670403551895,14.212670403551895,14.866068747318506,14.866068747318506,14.866068747318506,0.0,15.620499351813308,15.0,15.620499351813308,15.620499351813308,15.620499351813308,15.620499351813308,15.620499351813308,16.278820596099706,15.620499351813308,15.556349186104045,15.556349186104045,14.866068747318506,14.866068747318506,14.142135623730951,14.142135623730951,14.142135623730951,14.212670403551895,13.45362404707371,12.806248474865697,12.806248474865697,12.806248474865697,12.206555615733702,11.661903789690601,11.661903789690601,11.180339887498949,11.180339887498949,0.0,0.0,0.0,0.0,0.0,0.0,0.0,0.0,0.0,0.0,0.0,-2.0344439357957027,-2.0344439357957027,-2.0344439357957027,-2.0344439357957027,-2.1112158270654806,-2.1112158270654806,-2.1112158270654806,-2.1112158270654806,-2.1815222911841055,-2.1815222911841055,-2.1815222911841055,-2.1815222911841055,-2.2455372690184494,-2.2455372690184494,-2.2455372690184494,-2.3036114285814033,-2.356194490192345,-2.3036114285814033,-2.356194490192345,-2.408777551803287,-2.408777551803287,-2.455863142683507,-2.455863142683507,-2.403777593469328,-2.403777593469328,-2.403777593469328,0.0,-2.44685437739309,-2.498091544796509,-2.44685437739309,-2.44685437739309,-2.44685437739309,-2.44685437739309,-2.44685437739309,-2.399645385583876,-2.44685437739309,-2.356194490192345,-2.356194490192345,-2.3086113869153615,-2.3086113869153615,-2.356194490192345,-2.356194490192345,-2.356194490192345,-2.256525837701183,-2.3036114285814033,-2.2455372690184494,-2.2455372690184494,-2.2455372690184494,-2.1815222911841055,-2.1112158270654806,-2.1112158270654806,-2.0344439357957027,-2.0344439357957027,0.0,0.0,0.0,0.0,0.0
18.6300999649975,tx,1a:00:00:00:00:00,-49,94.99547176677044,64,0.6708943680841388,7.2243207859620675,0,0,0,0,0,0,0,0,0,0,0,0,-10,-5,-10,-5,-10,-5,-11,-5,-11,-4,-11,-4,-11,-4,-11,-4,-11,-4,-12,-3,-12,-3,-12,-3,-12,-3,-12,-2,-13,-2,-13,-2,-13,-2,-13,-2,-14,-1,-14,-1,-14,-1,-14,-1,-14,-1,-15,0,-15,0,-15,0,0,0,-15,0,-15,-1,-16,-1,-15,-1,-16,-1,-16,-1,-16,-2,-15,-2,-15,-2,-15,-2,-15,-2,-15,-2,-15,-2,-14,-3,-14,-3,-14,-3,-13,-3,-13,-3,-12,-4,-12,-4,-12,-4,-12,-5,-11,-4,-11,-5,-10,-5,-10,-5,0,0,0,0,0,0,0,0,0,0,0.0,0.0,0.0,0.0,0.0,0.0,11.180339887498949,11.180339887498949,11.180339887498949,12.083045973594572,11.704699910719626,11.704699910719626,11.704699910719626,11.704699910719626,11.704699910719626,12.36931687685298,12.36931687685298,12.36931687685298,12.36931687685298,12.165525060596439,13.152946437965905,13.152946437965905,13.152946437965905,13.152946437965905,14.035668847618199,14.035668847618199,14.035668847618199,14.035668847618199,14.035668847618199,15.0,15.0,15.0,0.0,15.0,15.033296378372908,16.0312195418814,15.033296378372908,16.0312195418814,16.0312195418814,16.1245154965971,15.132745950421556,15.132745950421556,15.132745950421556,15.132745950421556,15.132745950421556,15.132745950421556,14.317821063276353,14.317821063276353,14.317821063276353,13.341664064126334,13.341664064126334,12.649110640673518,12.649110640673518,12.649110640673518,13.0,11.704699910719626,12.083045973594572,11.180339887498949,11.180339887498949,0.0,0.0,0.0,0.0,0.0,0.0,0.0,0.0,0.0,0.0,0.0,-2.677945044588987,-2.677945044588987,-2.677945044588987,-2.714965160462917,-2.7928216500058864,-2.7928216500058864,-2.7928216500058864,-2.7928216500058864,-2.7928216500058864,-2.896613990462929,-2.896613990462929,-2.896613990462929,-2.896613990462929,-2.976443976175166,-2.988943325194528,-2.988943325194528,-2.988943325194528,-2.988943325194528,-3.070285188804503,-3.070285188804503,-3.070285188804503,-3.070285188804503,-3.070285188804503,3.141592653589793,3.141592653589793,3.141592653589793,0.0,3.141592653589793,-3.0750244898139694,-3.079173843593836,-3.0750244898139694,-3.079173843593836,-3.079173843593836,-3.017237659043032,-3.0090411212931194,-3.0090411212931194,-3.0090411212931194,-3.0090411212931194,-3.0090411212931194,-3.0090411212931194,-2.930499320367047,-2.930499320367047,-2.930499320367047,-2.9147938055359073,-2.9147938055359073,-2.819842099193151,-2.819842099193151,-2.819842099193151,-2.746801533890032,-2.7928216500058864,-2.714965160462917,-2.677945044588987,-2.677945044588987,0.0,0.0,0.0,0.0,0.0
18.738901586999418,tx,1a:00:00:00:00:00,-49,94.99547176677044,64,0.6685296302182538,7.2141018314015515,0,0,0,0,0,0,0,0,0,0,0,0,-9,7,-8,7,-8,7,-8,8,-8,8,-8,8,-8,8,-8,8,-8,9,-8,9,-8,9,-8,10,-8,10,-7,10,-7,10,-7,11,-7,11,-6,11,-6,12,-6,12,-6,12,-6,12,-6,12,-6,13,-6,13,-6,13,0,0,-6,14,-6,14,-6,14,-6,14,-6,14,-6,14,-7,14,-7,14,-7,14,-7,13,-7,13,-8,13,-8,13,-8,12,-8,12,-8,11,-8,11,-8,11,-8,10,-8,10,-8,10,-8,9,-8,9,-8,8,-9,7,-9,7,0,0,0,0,0,0,0,0,0,0,0.0,0.0,0.0,0.0,0.0,0.0,11.40175425099138,10.63014581273465,10.63014581273465,11.313708498984761,11.313708498984761,11.313708498984761,11.313708498984761,11.313708498984761,12.041594578792296,12.041594578792296,12.041594578792296,12.806248474865697,12.806248474865697,12.206555615733702,12.206555615733702,13.038404810405298,13.038404810405298,12.529964086141668,13.416407864998739,13.416407864998739,13.416407864998739,13.416407864998739,13.416407864998739,14.317821063276353,14.317821063276353,14.317821063276353,0.0,15.231546211727817,15.231546211727817,15.231546211727817,15.231546211727817,15.231546211727817,15.231546211727817,15.652475842498529,15.652475842498529,15.652475842498529,14.7648230602334,14.7648230602334,15.264337522473747,15.264337522473747,14.422205101855956,14.422205101855956,13.601470508735444,13.601470508735444,13.601470508735444,12.806248474865697,12.806248474865697,12.806248474865697,12.041594578792296,12.041594578792296,11.313708498984761,11.40175425099138,11.40175425099138,0.0,0.0,0.0,0.0,0.0,0.0,0.0,0.0,0.0,0.0,0.0,2.4805494847391065,2.4227626539681686,2.4227626539681686,2.356194490192345,2.356194490192345,2.356194490192345,2.356194490192345,2.356194490192345,2.297438667476622,2.297438667476622,2.297438667476622,2.2455372690184494,2.2455372690184494,2.1815222911841055,2.1815222911841055,2.137525544318403,2.137525544318403,2.0701430484750265,2.0344439357957027,2.0344439357957027,2.0344439357957027,2.0344439357957027,2.0344439357957027,2.0032041023654346,2.0032041023654346,2.0032041023654346,0.0,1.97568811307998,1.97568811307998,1.97568811307998,1.97568811307998,1.97568811307998,1.97568811307998,2.0344439357957027,2.0344439357957027,2.0344439357957027,2.0647376957144776,2.0647376957144776,2.1224513093234436,2.1224513093234436,2.158798930342464,2.158798930342464,2.1995926132103296,2.1995926132103296,2.1995926132103296,2.2455372690184494,2.2455372690184494,2.2455372690184494,2.297438667476622,2.297438667476622,2.356194490192345,2.4805494847391065,2.4805494847391065,0.0,0.0,0.0,0.0,0.0
18.8398407450004,tx,1a:00:00:00:00:00,-49,95.35180283020381,64,0.6677880886793279,7.207846894314089,0,0,0,0,0,0,0,0,0,0,0,0,-5,-11,-5,-10,-6,-11,-5,-11,-6,-11,-6,-10,-6,-10,-6,-10,-7,-10,-7,-11,-7,-11,-8,-10,-8,-10,-8,-10,-9,-10,-10,-10,-10,-9,-10,-10,-10,-9,-11,-9,-10,-10,-12,-9,-11,-10,-12,-9,-12,-10,-12,-9,0,0,-12,-10,-13,-9,-13,-9,-14,-10,-13,-9,-13,-10,-13,-10,-13,-11,-13,-10,-13,-11,-12,-11,-12,-11,-11,-10,-11,-10,-12,-10,-11,-10,-11,-11,-10,-10,-9,-10,-9,-10,-9,-10,-9,-10,-8,-11,-7,-10,-7,-10,-6,-10,0,0,0,0,0,0,0,0,0,0,0.0,0.0,0.0,0.0,0.0,0.0,12.083045973594572,11.180339887498949,12.529964086141668,12.083045973594572,12.529964086141668,11.661903789690601,11.661903789690601,11.661903789690601,12.206555615733702,13.038404810405298,13.038404810405298,12.806248474865697,12.806248474865697,12.806248474865697,13.45362404707371,14.142135623730951,13.45362404707371,14.142135623730951,13.45362404707371,14.212670403551895,14.142135623730951,15.0,14.866068747318506,15.0,15.620499351813308,15.0,0.0,15.620499351813308,15.811388300841896,15.811388300841896,17.204650534085253,15.811388300841896,16.401219466856727,16.401219466856727,17.029386365926403,16.401219466856727,17.029386365926403,16.278820596099706,16.278820596099706,14.866068747318506,14.866068747318506,15.620499351813308,14.866068747318506,15.556349186104045,14.142135623730951,13.45362404707371,13.45362404707371,13.45362404707371,13.45362404707371,13.601470508735444,12.206555615733702,12.206555615733702,11.661903789690601,0.0,0.0,0.0,0.0,0.0,0.0,0.0,0.0,0.0,0.0,0.0,-1.9974238199217726,-2.0344439357957027,-2.0701430484750265,-1.9974238199217726,-2.0701430484750265,-2.1112158270654806,-2.1112158270654806,-2.1112158270654806,-2.1815222911841055,-2.137525544318403,-2.137525544318403,-2.2455372690184494,-2.2455372690184494,-2.2455372690184494,-2.3036114285814033,-2.356194490192345,-2.408777551803287,-2.356194490192345,-2.408777551803287,-2.455863142683507,-2.356194490192345,-2.498091544796509,-2.403777593469328,-2.498091544796509,-2.44685437739309,-2.498091544796509,0.0,-2.44685437739309,-2.5360479899848234,-2.5360479899848234,-2.5213431676069717,-2.5360479899848234,-2.485897027348257,-2.485897027348257,-2.439335722080786,-2.485897027348257,-2.439335722080786,-2.399645385583876,-2.399645385583876,-2.403777593469328,-2.403777593469328,-2.44685437739309,-2.403777593469328,-2.356194490192345,-2.356194490192345,-2.3036114285814033,-2.3036114285814033,-2.3036114285814033,-2.3036114285814033,-2.1995926132103296,-2.1815222911841055,-2.1815222911841055,-2.1112158270654806,0.0,0.0,0.0,0.0,0.0
18.94002684300358,tx,1a:00:00:00:00:00,-49,95.35180283020381,64,0.6695379796147446,7.211929278818088,0,0,0,0,0,0,0,0,0,0,0,0,-5,-11,-6,-11,-6,-10,-6,-11,-6,-11,-7,-11,-7,-11,-7,-11,-7,-11,-8,-10,-8,-11,-9,-10,-9,-10,-9,-10,-10,-11,-9,-10,-10,-11,-9,-10,-11,-11,-11,-10,-11,-10,-11,-10,-11,-10,-12,-10,-13,-10,-13,-10,0,0,-13,-11,-12,-10,-13,-12,-12,-10,-13,-11,-13,-11,-12,-12,-12,-12,-12,-12,-11,-11,-12,-12,-11,-12,-11,-12,-11,-12,-9,-12,-10,-12,-9,-11,-9,-12,-8,-12,-8,-11,-8,-12,-7,-12,-6,-11,-6,-11,-6,-11,-5,-11,0,0,0,0,0,0,0,0,0,0,0.0,0.0,0.0,0.0,0.0,0.0,12.083045973594572,12.529964086141668,11.661903789690601,12.529964086141668,12.529964086141668,13.038404810405298,13.038404810405298,13.038404810405298,13.038404810405298,12.806248474865697,13.601470508735444,13.45362404707371,13.45362404707371,13.45362404707371,14.866068747318506,13.45362404707371,14.866068747318506,13.45362404707371,15.556349186104045,14.866068747318506,14.866068747318506,14.866068747318506,14.866068747318506,15.620499351813308,16.401219466856727,16.401219466856727,0.0,17.029386365926403,15.620499351813308,17.69180601295413,15.620499351813308,17.029386365926403,17.029386365926403,16.97056274847714,16.97056274847714,16.97056274847714,15.556349186104045,16.97056274847714,16.278820596099706,16.278820596099706,16.278820596099706,15.0,15.620499351813308,14.212670403551895,15.0,14.422205101855956,13.601470508735444,14.422205101855956,13.892443989449804,12.529964086141668,12.529964086141668,12.529964086141668,12.083045973594572,0.0,0.0,0.0,0.0,0.0,0.0,0.0,0.0,0.0,0.0,0.0,-1.9974238199217726,-2.0701430484750265,-2.1112158270654806,-2.0701430484750265,-2.0701430484750265,-2.137525544318403,-2.137525544318403,-2.137525544318403,-2.137525544318403,-2.2455372690184494,-2.1995926132103296,-2.3036114285814033,-2.3036114285814033,-2.3036114285814033,-2.3086113869153615,-2.3036114285814033,-2.3086113869153615,-2.3036114285814033,-2.356194490192345,-2.403777593469328,-2.403777593469328,-2.403777593469328,-2.403777593469328,-2.44685437739309,-2.485897027348257,-2.485897027348257,0.0,-2.439335722080786,-2.44685437739309,-2.396173177315635,-2.44685437739309,-2.439335722080786,-2.439335722080786,-2.356194490192345,-2.356194490192345,-2.356194490192345,-2.356194490192345,-2.356194490192345,-2.312743594800814,-2.312743594800814,-2.312743594800814,-2.214297435588181,-2.2655346029916,-2.256525837701183,-2.214297435588181,-2.158798930342464,-2.1995926132103296,-2.158798930342464,-2.0988707752212563,-2.0701430484750265,-2.0701430484750265,-2.0701430484750265,-1.9974238199217726,0.0,0.0,0.0,0.0,0.0
19.04931924900302,tx,1a:00:00:00:00:00,-49,95.35180283020381,64,0.6701954908931325,7.228786917319457,0,0,0,0,0,0,0,0,0,0,0,0,-7,8,-7,8,-6,8,-7,9,-6,9,-6,9,-6,9,-6,9,-6,9,-5,10,-5,10,-5,10,-5,11,-5,11,-5,11,-4,11,-4,12,-4,11,-4,12,-4,12,-4,12,-4,13,-3,12,-3,13,-3,14,-3,14,0,0,-3,14,-3,14,-3,15,-3,14,-4,14,-4,14,-4,14,-4,14,-5,14,-4,14,-4,13,-4,14,-4,13,-5,13,-5,12,-5,12,-5,12,-5,11,-6,11,-6,10,-6,10,-7,9,-6,9,-6,9,-7,9,-7,8,0,0,0,0,0,0,0,0,0,0,0.0,0.0,0.0,0.0,0.0,0.0,10.63014581273465,10.63014581273465,10.0,11.40175425099138,10.816653826391969,10.816653826391969,10.816653826391969,10.816653826391969,10.816653826391969,11.180339887498949,11.180339887498949,11.180339887498949,12.083045973594572,12.083045973594572,12.083045973594572,11.704699910719626,12.649110640673518,11.704699910719626,12.649110640673518,12.649110640673518,12.649110640673518,13.601470508735444,12.36931687685298,13.341664064126334,14.317821063276353,14.317821063276353,0.0,14.317821063276353,14.317821063276353,15.297058540778355,14.317821063276353,14.560219778561036,14.560219778561036,14.560219778561036,14.560219778561036,14.866068747318506,14.560219778561036,13.601470508735444,14.560219778561036,13.601470508735444,13.92838827718412,13.0,13.0,13.0,12.083045973594572,12.529964086141668,11.661903789690601,11.661903789690601,11.40175425099138,10.816653826391969,10.816653826391969,11.40175425099138,10.63014581273465,0.0,0.0,0.0,0.0,0.0,0.0,0.0,0.0,0.0,0.0,0.0,2.289626326416521,2.289626326416521,2.214297435588181,2.2318394956455836,2.158798930342464,2.158798930342464,2.158798930342464,2.158798930342464,2.158798930342464,2.0344439357957027,2.0344439357957027,2.0344439357957027,1.9974238199217726,1.9974238199217726,1.9974238199217726,1.9195673303788037,1.892546881191539,1.9195673303788037,1.892546881191539,1.892546881191539,1.892546881191539,1.8692952583810758,1.8157749899217608,1.7975951748487824,1.7818896600176433,1.7818896600176433,0.0,1.7818896600176433,1.7818896600176433,1.7681918866447774,1.7818896600176433,1.849095985800008,1.849095985800008,1.849095985800008,1.849095985800008,1.9138202672156,1.849095985800008,1.8692952583810758,1.849095985800008,1.8692952583810758,1.9379701606131159,1.965587446494658,1.965587446494658,1.965587446494658,1.9974238199217726,2.0701430484750265,2.1112158270654806,2.1112158270654806,2.2318394956455836,2.158798930342464,2.158798930342464,2.2318394956455836,2.289626326416521,0.0,0.0,0.0,0.0,0.0
19.159429232997354,tx,1a:00:00:00:00:00,-48,95.35180283020381,64,0.6719606971179295,7.254913310280429,0,0,0,0,0,0,0,0,0,0,0,0,6,-10,6,-10,5,-10,6,-11,5,-10,5,-11,5,-11,5,-11,5,-11,4,-11,4,-12,4,-12,4,-13,3,-13,3,-14,3,-13,3,-14,3,-13,3,-15,3,-14,3,-15,3,-15,2,-14,1,-16,1,-16,1,-16,0,0,1,-17,2,-16,2,-17,1,-16,2,-17,3,-17,3,-17,3,-17,4,-16,3,-16,3,-16,3,-16,3,-16,3,-16,4,-14,5,-15,4,-14,4,-14,5,-13,5,-12,5,-12,6,-11,5,-11,6,-11,6,-10,6,-10,0,0,0,0,0,0,0,0,0,0,0.0,0.0,0.0,0.0,0.0,0.0,11.661903789690601,11.661903789690601,11.180339887498949,12.529964086141668,11.180339887498949,12.083045973594572,12.083045973594572,12.083045973594572,12.083045973594572,11.704699910719626,12.649110640673518,12.649110640673518,13.601470508735444,13.341664064126334,14.317821063276353,13.341664064126334,14.317821063276353,13.341664064126334,15.297058540778355,14.317821063276353,15.297058540778355,15.297058540778355,14.142135623730951,16.0312195418814,16.0312195418814,16.0312195418814,0.0,17.029386365926403,16.1245154965971,17.11724276862369,16.0312195418814,17.11724276862369,17.26267650163207,17.26267650163207,17.26267650163207,16.492422502470642,16.278820596099706,16.278820596099706,16.278820596099706,16.278820596099706,16.278820596099706,14.560219778561036,15.811388300841896,14.560219778561036,14.560219778561036,13.92838827718412,13.0,13.0,12.529964086141668,12.083045973594572,12.529964086141668,11.661903789690601,11.661903789690601,0.0,0.0,0.0,0.0,0.0,0.0,0.0,0.0,0.0,0.0,0.0,-1.0303768265243125,-1.0303768265243125,-1.1071487177940904,-1.0714496051147666,-1.1071487177940904,-1.1441688336680205,-1.1441688336680205,-1.1441688336680205,-1.1441688336680205,-1.2220253232109897,-1.2490457723982544,-1.2490457723982544,-1.2722973952087173,-1.3439974787410107,-1.35970299357215,-1.3439974787410107,-1.35970299357215,-1.3439974787410107,-1.373400766945016,-1.35970299357215,-1.373400766945016,-1.373400766945016,-1.4288992721907328,-1.5083775167989393,-1.5083775167989393,-1.5083775167989393,0.0,-1.512040504079174,-1.446441332248135,-1.4536875822280324,-1.5083775167989393,-1.4536875822280324,-1.396124127786657,-1.396124127786657,-1.396124127786657,-1.3258176636680326,-1.3854483767992019,-1.3854483767992019,-1.3854483767992019,-1.3854483767992019,-1.3854483767992019,-1.2924966677897853,-1.2490457723982544,-1.2924966677897853,-1.2924966677897853,-1.2036224929766774,-1.176005207095135,-1.176005207095135,-1.0714496051147666,-1.1441688336680205,-1.0714496051147666,-1.0303768265243125,-1.0303768265243125,0.0,0.0,0.0,0.0,0.0
19.269640582002467,tx,1a:00:00:00:00:00,-49,95.35180283020381,64,0.6719716269576941,7.284854624797098,0,0,0,0,0,0,0,0,0,0,0,0,10,-4,10,-5,10,-5,10,-5,10,-5,9,-6,10,-6,10,-6,10,-7,10,-7,10,-7,10,-7,10,-7,10,-8,10,-8,9,-9,9,-9,9,-9,9,-10,9,-10,9,-10,9,-11,9,-10,9,-11,10,-11,10,-11,0,0,10,-12,10,-12,10,-12,10,-12,10,-12,11,-12,11,-12,11,-11,11,-12,11,-11,11,-10,11,-10,11,-10,11,-10,11,-9,11,-9,11,-9,10,-8,10,-8,10,-7,11,-7,11,-7,11,-6,11,-5,10,-5,10,-4,0,0,0,0,0,0,0,0,0,0,0.0,0.0,0.0,0.0,0.0,0.0,10.770329614269007,11.180339887498949,11.180339887498949,11.180339887498949,11.180339887498949,10.816653826391969,11.661903789690601,11.661903789690601,12.206555615733702,12.206555615733702,12.206555615733702,12.206555615733702,12.206555615733702,12.806248474865697,12.806248474865697,12.727922061357855,12.727922061357855,12.727922061357855,13.45362404707371,13.45362404707371,13.45362404707371,14.212670403551895,13.45362404707371,14.212670403551895,14.866068747318506,14.866068747318506,0.0,15.620499351813308,15.620499351813308,15.620499351813308,15.620499351813308,15.620499351813308,16.278820596099706,16.278820596099706,15.556349186104045,16.278820596099706,15.556349186104045,14.866068747318506,14.866068747318506,14.866068747318506,14.866068747318506,14.212670403551895,14.212670403551895,14.212670403551895,12.806248474865697,12.806248474865697,12.206555615733702,13.038404810405298,13.038404810405298,12.529964086141668,12.083045973594572,11.180339887498949,10.770329614269007,0.0,0.0,0.0,0.0,0.0,0.0,0.0,0.0,0.0,0.0,0.0,-0.3805063771123649,-0.4636476090008061,-0.4636476090008061,-0.4636476090008061,-0.4636476090008061,-0.5880026035475675,-0.5404195002705842,-0.5404195002705842,-0.6107259643892086,-0.6107259643892086,-0.6107259643892086,-0.6107259643892086,-0.6107259643892086,-0.6747409422235526,-0.6747409422235526,-0.7853981633974483,-0.7853981633974483,-0.7853981633974483,-0.83798122500839,-0.83798122500839,-0.83798122500839,-0.8850668158886104,-0.83798122500839,-0.8850668158886104,-0.8329812666744317,-0.8329812666744317,0.0,-0.8760580505981934,-0.8760580505981934,-0.8760580505981934,-0.8760580505981934,-0.8760580505981934,-0.8288490587889792,-0.8288490587889792,-0.7853981633974483,-0.8288490587889792,-0.7853981633974483,-0.7378150601204649,-0.7378150601204649,-0.7378150601204649,-0.7378150601204649,-0.6857295109062863,-0.6857295109062863,-0.6857295109062863,-0.6747409422235526,-0.6747409422235526,-0.6107259643892086,-0.5667292175235064,-0.5667292175235064,-0.4993467216801301,-0.4266274931268761,-0.4636476090008061,-0.3805063771123649,0.0,0.0,0.0,0.0,0.0
19.3789368200014,tx,1a:00:00:00:00:00,-49,95.35180283020381,64,0.6705528969728028,7.314766824831762,0,0,0,0,0,0,0,0,0,0,0,0,10,0,10,0,11,0,11,0,11,-1,10,-1,11,-1,11,-1,11,-2,12,-2,11,-2,11,-2,12,-3,12,-3,11,-4,12,-5,11,-5,12,-5,11,-5,12,-6,12,-5,12,-6,12,-6,12,-6,13,-6,12,-7,0,0,13,-7,13,-8,13,-8,13,-8,13,-7,13,-7,13,-7,13,-7,13,-7,14,-6,13,-6,13,-5,13,-5,12,-5,13,-6,12,-5,13,-5,11,-4,11,-4,11,-4,11,-3,11,-3,12,-2,11,-2,11,-1,10,-1,0,0,0,0,0,0,0,0,0,0,0.0,0.0,0.0,0.0,0.0,0.0,10.0,10.0,11.0,11.0,11.045361017187261,10.04987562112089,11.045361017187261,11.045361017187261,11.180339887498949,12.165525060596439,11.180339887498949,11.180339887498949,12.36931687685298,12.36931687685298,11.704699910719626,13.0,12.083045973594572,13.0,12.083045973594572,13.416407864998739,13.0,13.416407864998739,13.416407864998739,13.416407864998739,14.317821063276353,13.892443989449804,0.0,14.7648230602334,15.264337522473747,15.264337522473747,15.264337522473747,14.7648230602334,14.7648230602334,14.7648230602334,14.7648230602334,14.7648230602334,15.231546211727817,14.317821063276353,13.92838827718412,13.92838827718412,13.0,14.317821063276353,13.0,13.92838827718412,11.704699910719626,11.704699910719626,11.704699910719626,11.40175425099138,11.40175425099138,12.165525060596439,11.180339887498949,11.045361017187261,10.04987562112089,0.0,0.0,0.0,0.0,0.0,0.0,0.0,0.0,0.0,0.0,0.0,0.0,0.0,0.0,0.0,-0.09065988720074511,-0.09966865249116202,-0.09065988720074511,-0.09065988720074511,-0.17985349979247828,-0.16514867741462683,-0.17985349979247828,-0.17985349979247828,-0.24497866312686414,-0.24497866312686414,-0.348771003583907,-0.3947911196997615,-0.4266274931268761,-0.3947911196997615,-0.4266274931268761,-0.4636476090008061,-0.3947911196997615,-0.4636476090008061,-0.4636476090008061,-0.4636476090008061,-0.43240777557053783,-0.5280744484263596,0.0,-0.49394136891958124,-0.5516549825285468,-0.5516549825285468,-0.5516549825285468,-0.49394136891958124,-0.49394136891958124,-0.49394136891958124,-0.49394136891958124,-0.49394136891958124,-0.40489178628508343,-0.43240777557053783,-0.3671738338182192,-0.3671738338182192,-0.3947911196997615,-0.43240777557053783,-0.3947911196997615,-0.3671738338182192,-0.348771003583907,-0.348771003583907,-0.348771003583907,-0.2662520491509254,-0.2662520491509254,-0.16514867741462683,-0.17985349979247828,-0.09065988720074511,-0.09966865249116202,0.0,0.0,0.0,0.0,0.0
19.490928168997925,tx,1a:00:00:00:00:00,-49,95.35180283020381,64,0.6695353599999501,7.342058870082045,0,0,0,0,0,0,0,0,0,0,0,0,10,0,10,0,10,-1,11,-1,10,-1,11,-1,10,-2,10,-2,11,-2,11,-3,11,-3,11,-3,11,-3,11,-4,11,-4,11,-4,12,-5,11,-5,12,-6,11,-6,11,-6,12,-6,11,-6,12,-7,12,-7,12,-7,0,0,13,-8,13,-7,13,-8,12,-7,13,-7,13,-8,13,-8,13,-7,13,-7,13,-7,13,-6,13,-6,13,-5,13,-6,12,-5,13,-5,12,-4,12,-4,11,-4,11,-4,11,-3,11,-3,11,-2,11,-2,10,-1,10,-1,0,0,0,0,0,0,0,0,0,0,0.0,0.0,0.0,0.0,0.0,0.0,10.0,10.0,10.04987562112089,11.045361017187261,10.04987562112089,11.045361017187261,10.198039027185569,10.198039027185569,11.180339887498949,11.40175425099138,11.40175425099138,11.40175425099138,11.40175425099138,11.704699910719626,11.704699910719626,11.704699910719626,13.0,12.083045973594572,13.416407864998739,12.529964086141668,12.529964086141668,13.416407864998739,12.529964086141668,13.892443989449804,13.892443989449804,13.892443989449804,0.0,15.264337522473747,14.7648230602334,15.264337522473747,13.892443989449804,14.7648230602334,15.264337522473747,15.264337522473747,14.7648230602334,14.7648230602334,14.7648230602334,14.317821063276353,14.317821063276353,13.92838827718412,14.317821063276353,13.0,13.92838827718412,12.649110640673518,12.649110640673518,11.704699910719626,11.704699910719626,11.40175425099138,11.40175425099138,11.180339887498949,11.180339887498949,10.04987562112089,10.04987562112089,0.0,0.0,0.0,0.0,0.0,0.0,0.0,0.0,0.0,0.0,0.0,0.0,0.0,-0.09966865249116202,-0.09065988720074511,-0.09966865249116202,-0.09065988720074511,-0.19739555984988075,-0.19739555984988075,-0.17985349979247828,-0.2662520491509254,-0.2662520491509254,-0.2662520491509254,-0.2662520491509254,-0.348771003583907,-0.348771003583907,-0.348771003583907,-0.3947911196997615,-0.4266274931268761,-0.4636476090008061,-0.4993467216801301,-0.4993467216801301,-0.4636476090008061,-0.4993467216801301,-0.5280744484263596,-0.5280744484263596,-0.5280744484263596,0.0,-0.5516549825285468,-0.49394136891958124,-0.5516549825285468,-0.5280744484263596,-0.49394136891958124,-0.5516549825285468,-0.5516549825285468,-0.49394136891958124,-0.49394136891958124,-0.49394136891958124,-0.43240777557053783,-0.43240777557053783,-0.3671738338182192,-0.43240777557053783,-0.3947911196997615,-0.3671738338182192,-0.3217505543966422,-0.3217505543966422,-0.348771003583907,-0.348771003583907,-0.2662520491509254,-0.2662520491509254,-0.17985349979247828,-0.17985349979247828,-0.09966865249116202,-0.09966865249116202,0.0,0.0,0.0,0.0,0.0
19.60095034400001,tx,1a:00:00:00:00:00,-49,95.35180283020381,64,0.6686703412562516,7.364959689344072,0,0,0,0,0,0,0,0,0,0,0,0,2,-11,1,-11,1,-12,1,-12,1,-12,1,-12,0,-12,0,-12,0,-12,0,-13,0,-13,-1,-13,-1,-13,-1,-13,-2,-13,-2,-13,-2,-13,-2,-14,-3,-14,-4,-14,-3,-14,-4,-14,-4,-14,-4,-15,-4,-15,-5,-15,0,0,-4,-15,-5,-15,-5,-16,-5,-16,-4,-16,-5,-16,-4,-16,-4,-16,-4,-16,-3,-16,-3,-16,-3,-15,-2,-15,-2,-15,-2,-15,-2,-15,-1,-15,-1,-14,-1,-14,-1,-13,0,-13,0,-13,1,-13,1,-12,2,-12,2,-11,0,0,0,0,0,0,0,0,0,0,0.0,0.0,0.0,0.0,0.0,0.0,11.180339887498949,11.045361017187261,12.041594578792296,12.041594578792296,12.041594578792296,12.041594578792296,12.0,12.0,12.0,13.0,13.0,13.038404810405298,13.038404810405298,13.038404810405298,13.152946437965905,13.152946437965905,13.152946437965905,14.142135623730951,14.317821063276353,14.560219778561036,14.317821063276353,14.560219778561036,14.560219778561036,15.524174696260024,15.524174696260024,15.811388300841896,0.0,15.524174696260024,15.811388300841896,16.76305461424021,16.76305461424021,16.492422502470642,16.76305461424021,16.492422502470642,16.492422502470642,16.492422502470642,16.278820596099706,16.278820596099706,15.297058540778355,15.132745950421556,15.132745950421556,15.132745950421556,15.132745950421556,15.033296378372908,14.035668847618199,14.035668847618199,13.038404810405298,13.0,13.0,13.038404810405298,12.041594578792296,12.165525060596439,11.180339887498949,0.0,0.0,0.0,0.0,0.0,0.0,0.0,0.0,0.0,0.0,0.0,-1.3909428270024184,-1.4801364395941514,-1.4876550949064553,-1.4876550949064553,-1.4876550949064553,-1.4876550949064553,-1.5707963267948966,-1.5707963267948966,-1.5707963267948966,-1.5707963267948966,-1.5707963267948966,-1.6475682180646747,-1.6475682180646747,-1.6475682180646747,-1.7234456551901618,-1.7234456551901618,-1.7234456551901618,-1.7126933813990606,-1.7818896600176433,-1.849095985800008,-1.7818896600176433,-1.849095985800008,-1.849095985800008,-1.8313987185422376,-1.8313987185422376,-1.892546881191539,0.0,-1.8313987185422376,-1.892546881191539,-1.873681195169868,-1.873681195169868,-1.8157749899217608,-1.873681195169868,-1.8157749899217608,-1.8157749899217608,-1.8157749899217608,-1.7561442767905915,-1.7561442767905915,-1.7681918866447774,-1.7033478590915707,-1.7033478590915707,-1.7033478590915707,-1.7033478590915707,-1.6373644905707205,-1.642103791580187,-1.642103791580187,-1.6475682180646747,-1.5707963267948966,-1.5707963267948966,-1.4940244355251187,-1.4876550949064553,-1.4056476493802699,-1.3909428270024184,0.0,0.0,0.0,0.0,0.0
19.71119169300073,tx,1a:00:00:00:00:00,-49,95.35180283020381,64,0.6681850447437102,7.382179930235222,0,0,0,0,0,0,0,0,0,0,0,0,8,6,7,6,8,6,8,6,8,6,8,6,9,5,9,6,9,5,10,5,10,5,10,5,10,5,10,4,10,4,12,4,11,3,12,3,12,3,12,3,12,3,13,2,13,3,13,2,13,2,13,2,0,0,14,2,14,2,14,2,15,2,14,2,15,2,14,2,14,3,14,2,14,3,14,3,13,4,13,4,13,4,13,3,12,3,12,4,12,4,11,4,11,4,11,5,10,5,10,5,9,6,9,6,8,6,0,0,0,0,0,0,0,0,0,0,0.0,0.0,0.0,0.0,0.0,0.0,10.0,9.219544457292887,10.0,10.0,10.0,10.0,10.295630140987,10.816653826391969,10.295630140987,11.180339887498949,11.180339887498949,11.180339887498949,11.180339887498949,10.770329614269007,10.770329614269007,12.649110640673518,11.40175425099138,12.36931687685298,12.36931687685298,12.36931687685298,12.36931687685298,13.152946437965905,13.341664064126334,13.152946437965905,13.152946437965905,13.152946437965905,0.0,14.142135623730951,14.142135623730951,14.142135623730951,15.132745950421556,14.142135623730951,15.132745950421556,14.142135623730951,14.317821063276353,14.142135623730951,14.317821063276353,14.317821063276353,13.601470508735444,13.601470508735444,13.601470508735444,13.341664064126334,12.36931687685298,12.649110640673518,12.649110640673518,11.704699910719626,11.704699910719626,12.083045973594572,11.180339887498949,11.180339887498949,10.816653826391969,10.816653826391969,10.0,0.0,0.0,0.0,0.0,0.0,0.0,0.0,0.0,0.0,0.0,0.0,0.6435011087932844,0.7086262721276703,0.6435011087932844,0.6435011087932844,0.6435011087932844,0.6435011087932844,0.507098504392337,0.5880026035475675,0.507098504392337,0.4636476090008061,0.4636476090008061,0.4636476090008061,0.4636476090008061,0.3805063771123649,0.3805063771123649,0.3217505543966422,0.2662520491509254,0.24497866312686414,0.24497866312686414,0.24497866312686414,0.24497866312686414,0.15264932839526515,0.22679884805388587,0.15264932839526515,0.15264932839526515,0.15264932839526515,0.0,0.14189705460416394,0.14189705460416394,0.14189705460416394,0.13255153229667402,0.14189705460416394,0.13255153229667402,0.14189705460416394,0.21109333322274654,0.14189705460416394,0.21109333322274654,0.21109333322274654,0.2984989315861793,0.2984989315861793,0.2984989315861793,0.22679884805388587,0.24497866312686414,0.3217505543966422,0.3217505543966422,0.348771003583907,0.348771003583907,0.4266274931268761,0.4636476090008061,0.4636476090008061,0.5880026035475675,0.5880026035475675,0.6435011087932844,0.0,0.0,0.0,0.0,0.0
19.8190235439979,tx,1a:00:00:00:00:00,-49,98.98437264467337,64,0.6664484606113686,7.39298968682773,0,0,0,0,0,0,0,0,0,0,0,0,-10,4,-10,4,-10,4,-10,4,-10,5,-10,5,-10,5,-10,5,-10,6,-10,6,-10,6,-10,7,-10,7,-9,7,-9,7,-9,8,-9,8,-9,9,-9,9,-9,9,-9,9,-9,10,-9,10,-9,10,-9,11,-9,11,0,0,-9,11,-9,12,-9,12,-9,12,-9,11,-9,12,-10,11,-10,11,-10,11,-10,11,-10,11,-10,10,-10,10,-10,9,-10,10,-10,9,-10,9,-9,8,-9,8,-9,7,-10,7,-10,7,-10,6,-10,6,-10,5,-10,4,0,0,0,0,0,0,0,0,0,0,0.0,0.0,0.0,0.0,0.0,0.0,10.770329614269007,10.770329614269007,10.770329614269007,10.770329614269007,11.180339887498949,11.180339887498949,11.180339887498949,11.180339887498949,11.661903789690601,11.661903789690601,11.661903789690601,12.206555615733702,12.206555615733702,11.40175425099138,11.40175425099138,12.041594578792296,12.041594578792296,12.727922061357855,12.727922061357855,12.727922061357855,12.727922061357855,13.45362404707371,13.45362404707371,13.45362404707371,14.212670403551895,14.212670403551895,0.0,14.212670403551895,15.0,15.0,15.0,14.212670403551895,15.0,14.866068747318506,14.866068747318506,14.866068747318506,14.866068747318506,14.866068747318506,14.142135623730951,14.142135623730951,13.45362404707371,14.142135623730951,13.45362404707371,13.45362404707371,12.041594578792296,12.041594578792296,11.40175425099138,12.206555615733702,12.206555615733702,11.661903789690601,11.661903789690601,11.180339887498949,10.770329614269007,0.0,0.0,0.0,0.0,0.0,0.0,0.0,0.0,0.0,0.0,0.0,2.761086276477428,2.761086276477428,2.761086276477428,2.761086276477428,2.677945044588987,2.677945044588987,2.677945044588987,2.677945044588987,2.601173153319209,2.601173153319209,2.601173153319209,2.5308666892005847,2.5308666892005847,2.4805494847391065,2.4805494847391065,2.4149503129080676,2.4149503129080676,2.356194490192345,2.356194490192345,2.356194490192345,2.356194490192345,2.3036114285814033,2.3036114285814033,2.3036114285814033,2.256525837701183,2.256525837701183,0.0,2.256525837701183,2.214297435588181,2.214297435588181,2.214297435588181,2.256525837701183,2.214297435588181,2.3086113869153615,2.3086113869153615,2.3086113869153615,2.3086113869153615,2.3086113869153615,2.356194490192345,2.356194490192345,2.408777551803287,2.356194490192345,2.408777551803287,2.408777551803287,2.4149503129080676,2.4149503129080676,2.4805494847391065,2.5308666892005847,2.5308666892005847,2.601173153319209,2.601173153319209,2.677945044588987,2.761086276477428,0.0,0.0,0.0,0.0,0.0
19.929441271997348,tx,1a:00:00:00:00:00,-49,98.98437264467337,64,0.6657367851484475,7.397142867933786,0,0,0,0,0,0,0,0,0,0,0,0,10,-2,10,-2,10,-3,10,-3,10,-3,10,-3,10,-4,10,-4,10,-4,10,-4,10,-5,10,-5,10,-5,10,-6,10,-6,10,-7,10,-7,10,-7,10,-8,10,-8,10,-8,10,-9,10,-8,10,-9,11,-9,10,-9,0,0,11,-10,11,-9,11,-10,11,-10,11,-10,11,-10,11,-10,12,-9,11,-9,11,-9,11,-9,11,-8,11,-8,11,-8,11,-7,11,-8,11,-7,11,-7,10,-6,10,-6,10,-5,10,-5,10,-5,10,-4,10,-4,10,-3,0,0,0,0,0,0,0,0,0,0,0.0,0.0,0.0,0.0,0.0,0.0,10.198039027185569,10.198039027185569,10.44030650891055,10.44030650891055,10.44030650891055,10.44030650891055,10.770329614269007,10.770329614269007,10.770329614269007,10.770329614269007,11.180339887498949,11.180339887498949,11.180339887498949,11.661903789690601,11.661903789690601,12.206555615733702,12.206555615733702,12.206555615733702,12.806248474865697,12.806248474865697,12.806248474865697,13.45362404707371,12.806248474865697,13.45362404707371,14.212670403551895,13.45362404707371,0.0,14.866068747318506,14.212670403551895,14.866068747318506,14.866068747318506,14.866068747318506,14.866068747318506,14.866068747318506,15.0,14.212670403551895,14.212670403551895,14.212670403551895,13.601470508735444,13.601470508735444,13.601470508735444,13.038404810405298,13.601470508735444,13.038404810405298,13.038404810405298,11.661903789690601,11.661903789690601,11.180339887498949,11.180339887498949,11.180339887498949,10.770329614269007,10.770329614269007,10.44030650891055,0.0,0.0,0.0,0.0,0.0,0.0,0.0,0.0,0.0,0.0,0.0,-0.19739555984988075,-0.19739555984988075,-0.2914567944778671,-0.2914567944778671,-0.2914567944778671,-0.2914567944778671,-0.3805063771123649,-0.3805063771123649,-0.3805063771123649,-0.3805063771123649,-0.4636476090008061,-0.4636476090008061,-0.4636476090008061,-0.5404195002705842,-0.5404195002705842,-0.6107259643892086,-0.6107259643892086,-0.6107259643892086,-0.6747409422235526,-0.6747409422235526,-0.6747409422235526,-0.7328151017865066,-0.6747409422235526,-0.7328151017865066,-0.6857295109062863,-0.7328151017865066,0.0,-0.7378150601204649,-0.6857295109062863,-0.7378150601204649,-0.7378150601204649,-0.7378150601204649,-0.7378150601204649,-0.7378150601204649,-0.6435011087932844,-0.6857295109062863,-0.6857295109062863,-0.6857295109062863,-0.628796286415433,-0.628796286415433,-0.628796286415433,-0.5667292175235064,-0.628796286415433,-0.5667292175235064,-0.5667292175235064,-0.5404195002705842,-0.5404195002705842,-0.4636476090008061,-0.4636476090008061,-0.4636476090008061,-0.3805063771123649,-0.3805063771123649,-0.2914567944778671,0.0,0.0,0.0,0.0,0.0
20.04042018399923,tx,1a:00:00:00:00:00,-48,98.98437264467337,64,0.665269296795533,7.39460378374118,0,0,0,0,0,0,0,0,0,0,0,0,-2,10,-2,10,-1,10,-2,10,-1,10,-1,11,-1,11,0,11,-1,11,0,11,0,11,1,11,1,11,1,11,2,12,2,11,2,12,2,12,3,12,3,12,3,12,3,12,4,12,4,13,4,13,5,13,0,0,5,14,4,13,4,14,4,13,4,14,4,14,4,14,4,14,3,14,3,13,3,14,3,13,2,13,2,13,2,13,1,13,1,12,1,12,1,12,0,12,0,12,-1,11,-1,11,-1,11,-2,10,-2,10,0,0,0,0,0,0,0,0,0,0,0.0,0.0,0.0,0.0,0.0,0.0,10.198039027185569,10.198039027185569,10.04987562112089,10.198039027185569,10.04987562112089,11.045361017187261,11.045361017187261,11.0,11.045361017187261,11.0,11.0,11.045361017187261,11.045361017187261,11.045361017187261,12.165525060596439,11.180339887498949,12.165525060596439,12.165525060596439,12.36931687685298,12.36931687685298,12.36931687685298,12.36931687685298,12.649110640673518,13.601470508735444,13.601470508735444,13.92838827718412,0.0,14.866068747318506,13.601470508735444,14.560219778561036,13.601470508735444,14.560219778561036,14.560219778561036,14.560219778561036,14.560219778561036,14.317821063276353,13.341664064126334,14.317821063276353,13.341664064126334,13.152946437965905,13.152946437965905,13.152946437965905,13.038404810405298,12.041594578792296,12.041594578792296,12.041594578792296,12.0,12.0,11.045361017187261,11.045361017187261,11.045361017187261,10.198039027185569,10.198039027185569,0.0,0.0,0.0,0.0,0.0,0.0,0.0,0.0,0.0,0.0,0.0,1.7681918866447774,1.7681918866447774,1.6704649792860586,1.7681918866447774,1.6704649792860586,1.6614562139956417,1.6614562139956417,1.5707963267948966,1.6614562139956417,1.5707963267948966,1.5707963267948966,1.4801364395941514,1.4801364395941514,1.4801364395941514,1.4056476493802699,1.3909428270024184,1.4056476493802699,1.4056476493802699,1.3258176636680326,1.3258176636680326,1.3258176636680326,1.3258176636680326,1.2490457723982544,1.2722973952087173,1.2722973952087173,1.2036224929766774,0.0,1.2277723863741932,1.2722973952087173,1.2924966677897853,1.2722973952087173,1.2924966677897853,1.2924966677897853,1.2924966677897853,1.2924966677897853,1.35970299357215,1.3439974787410107,1.35970299357215,1.3439974787410107,1.4181469983996315,1.4181469983996315,1.4181469983996315,1.4940244355251187,1.4876550949064553,1.4876550949064553,1.4876550949064553,1.5707963267948966,1.5707963267948966,1.6614562139956417,1.6614562139956417,1.6614562139956417,1.7681918866447774,1.7681918866447774,0.0,0.0,0.0,0.0,0.0
20.14310258199839,tx,1a:00:00:00:00:00,-49,98.98437264467337,64,0.663773613176032,7.385464085281836,0,0,0,0,0,0,0,0,0,0,0,0,-6,9,-6,9,-6,9,-5,9,-5,10,-5,9,-5,10,-5,10,-4,10,-5,11,-4,11,-4,11,-4,11,-3,11,-3,11,-2,12,-2,12,-2,13,-2,12,-1,13,-1,13,-1,13,-1,14,-1,13,-1,14,-1,14,0,0,0,14,0,15,0,14,0,16,0,15,0,15,0,15,-1,15,-1,15,-1,15,-2,14,-2,14,-2,14,-2,13,-2,14,-2,13,-3,14,-3,12,-3,12,-3,12,-3,12,-3,11,-4,11,-5,11,-5,10,-5,9,0,0,0,0,0,0,0,0,0,0,0.0,0.0,0.0,0.0,0.0,0.0,10.816653826391969,10.816653826391969,10.816653826391969,10.295630140987,11.180339887498949,10.295630140987,11.180339887498949,11.180339887498949,10.770329614269007,12.083045973594572,11.704699910719626,11.704699910719626,11.704699910719626,11.40175425099138,11.40175425099138,12.165525060596439,12.165525060596439,13.152946437965905,12.165525060596439,13.038404810405298,13.038404810405298,13.038404810405298,14.035668847618199,13.038404810405298,14.035668847618199,14.035668847618199,0.0,14.0,15.0,14.0,16.0,15.0,15.0,15.0,15.033296378372908,15.033296378372908,15.033296378372908,14.142135623730951,14.142135623730951,14.142135623730951,13.152946437965905,14.142135623730951,13.152946437965905,14.317821063276353,12.36931687685298,12.36931687685298,12.36931687685298,12.36931687685298,11.40175425099138,11.704699910719626,12.083045973594572,11.180339887498949,10.295630140987,0.0,0.0,0.0,0.0,0.0,0.0,0.0,0.0,0.0,0.0,0.0,2.158798930342464,2.158798930342464,2.158798930342464,2.0778948311872334,2.0344439357957027,2.0778948311872334,2.0344439357957027,2.0344439357957027,1.9513027039072615,1.9974238199217726,1.9195673303788037,1.9195673303788037,1.9195673303788037,1.837048375945822,1.837048375945822,1.7359450042095235,1.7359450042095235,1.7234456551901618,1.7359450042095235,1.6475682180646747,1.6475682180646747,1.6475682180646747,1.642103791580187,1.6475682180646747,1.642103791580187,1.642103791580187,0.0,1.5707963267948966,1.5707963267948966,1.5707963267948966,1.5707963267948966,1.5707963267948966,1.5707963267948966,1.5707963267948966,1.6373644905707205,1.6373644905707205,1.6373644905707205,1.7126933813990606,1.7126933813990606,1.7126933813990606,1.7234456551901618,1.7126933813990606,1.7234456551901618,1.7818896600176433,1.8157749899217608,1.8157749899217608,1.8157749899217608,1.8157749899217608,1.837048375945822,1.9195673303788037,1.9974238199217726,2.0344439357957027,2.0778948311872334,0.0,0.0,0.0,0.0,0.0
20.252246269999887,tx,1a:00:00:00:00:00,-49,98.98437264467337,64,0.6616299509017655,7.369799179969579,0,0,0,0,0,0,0,0,0,0,0,0,3,-10,3,-10,3,-10,3,-11,2,-11,2,-11,2,-11,2,-11,2,-11,1,-11,1,-12,1,-12,0,-12,0,-12,0,-13,0,-13,-1,-13,-1,-13,-1,-13,-1,-13,-1,-13,-2,-14,-2,-14,-3,-14,-2,-14,-3,-14,0,0,-3,-15,-2,-15,-3,-15,-3,-15,-2,-15,-2,-16,-2,-16,-1,-15,-1,-15,-1,-15,-1,-15,-1,-15,-1,-15,-1,-15,0,-14,0,-14,0,-14,0,-13,1,-13,1,-13,1,-13,2,-12,2,-12,2,-11,3,-11,3,-10,0,0,0,0,0,0,0,0,0,0,0.0,0.0,0.0,0.0,0.0,0.0,10.44030650891055,10.44030650891055,10.44030650891055,11.40175425099138,11.180339887498949,11.180339887498949,11.180339887498949,11.180339887498949,11.180339887498949,11.045361017187261,12.041594578792296,12.041594578792296,12.0,12.0,13.0,13.0,13.038404810405298,13.038404810405298,13.038404810405298,13.038404810405298,13.038404810405298,14.142135623730951,14.142135623730951,14.317821063276353,14.142135623730951,14.317821063276353,0.0,15.297058540778355,15.132745950421556,15.297058540778355,15.297058540778355,15.132745950421556,16.1245154965971,16.1245154965971,15.033296378372908,15.033296378372908,15.033296378372908,15.033296378372908,15.033296378372908,15.033296378372908,15.033296378372908,14.0,14.0,14.0,13.0,13.038404810405298,13.038404810405298,13.038404810405298,12.165525060596439,12.165525060596439,11.180339887498949,11.40175425099138,10.44030650891055,0.0,0.0,0.0,0.0,0.0,0.0,0.0,0.0,0.0,0.0,0.0,-1.2793395323170296,-1.2793395323170296,-1.2793395323170296,-1.3045442776439713,-1.3909428270024184,-1.3909428270024184,-1.3909428270024184,-1.3909428270024184,-1.3909428270024184,-1.4801364395941514,-1.4876550949064553,-1.4876550949064553,-1.5707963267948966,-1.5707963267948966,-1.5707963267948966,-1.5707963267948966,-1.6475682180646747,-1.6475682180646747,-1.6475682180646747,-1.6475682180646747,-1.6475682180646747,-1.7126933813990606,-1.7126933813990606,-1.7818896600176433,-1.7126933813990606,-1.7818896600176433,0.0,-1.7681918866447774,-1.7033478590915707,-1.7681918866447774,-1.7681918866447774,-1.7033478590915707,-1.695151321341658,-1.695151321341658,-1.6373644905707205,-1.6373644905707205,-1.6373644905707205,-1.6373644905707205,-1.6373644905707205,-1.6373644905707205,-1.6373644905707205,-1.5707963267948966,-1.5707963267948966,-1.5707963267948966,-1.5707963267948966,-1.4940244355251187,-1.4940244355251187,-1.4940244355251187,-1.4056476493802699,-1.4056476493802699,-1.3909428270024184,-1.3045442776439713,-1.2793395323170296,0.0,0.0,0.0,0.0,0.0
20.356459804002952,tx,1a:00:00:00:00:00,-49,98.98437264467337,64,0.6622646939065349,7.347660222435195,0,0,0,0,0,0,0,0,0,0,0,0,-6,-10,-6,-11,-6,-10,-7,-11,-7,-10,-7,-10,-8,-10,-8,-10,-8,-10,-8,-10,-8,-10,-9,-10,-9,-10,-9,-10,-10,-10,-10,-9,-11,-9,-11,-9,-12,-9,-12,-9,-12,-9,-13,-9,-12,-9,-13,-9,-13,-9,-13,-9,0,0,-14,-9,-13,-9,-14,-9,-14,-9,-14,-10,-15,-9,-14,-9,-14,-10,-14,-10,-13,-10,-13,-11,-12,-11,-12,-11,-12,-10,-11,-10,-12,-11,-11,-10,-11,-11,-10,-10,-10,-10,-9,-10,-9,-10,-8,-11,-7,-11,-6,-11,-6,-11,0,0,0,0,0,0,0,0,0,0,0.0,0.0,0.0,0.0,0.0,0.0,11.661903789690601,12.529964086141668,11.661903789690601,13.038404810405298,12.206555615733702,12.206555615733702,12.806248474865697,12.806248474865697,12.806248474865697,12.806248474865697,12.806248474865697,13.45362404707371,13.45362404707371,13.45362404707371,14.142135623730951,13.45362404707371,14.212670403551895,14.212670403551895,15.0,15.0,15.0,15.811388300841896,15.0,15.811388300841896,15.811388300841896,15.811388300841896,0.0,16.64331697709324,15.811388300841896,16.64331697709324,16.64331697709324,17.204650534085253,17.4928556845359,16.64331697709324,17.204650534085253,17.204650534085253,16.401219466856727,17.029386365926403,16.278820596099706,16.278820596099706,15.620499351813308,14.866068747318506,16.278820596099706,14.866068747318506,15.556349186104045,14.142135623730951,14.142135623730951,13.45362404707371,13.45362404707371,13.601470508735444,13.038404810405298,12.529964086141668,12.529964086141668,0.0,0.0,0.0,0.0,0.0,0.0,0.0,0.0,0.0,0.0,0.0,-2.1112158270654806,-2.0701430484750265,-2.1112158270654806,-2.137525544318403,-2.1815222911841055,-2.1815222911841055,-2.2455372690184494,-2.2455372690184494,-2.2455372690184494,-2.2455372690184494,-2.2455372690184494,-2.3036114285814033,-2.3036114285814033,-2.3036114285814033,-2.356194490192345,-2.408777551803287,-2.455863142683507,-2.455863142683507,-2.498091544796509,-2.498091544796509,-2.498091544796509,-2.5360479899848234,-2.498091544796509,-2.5360479899848234,-2.5360479899848234,-2.5360479899848234,0.0,-2.5702551737561663,-2.5360479899848234,-2.5702551737561663,-2.5702551737561663,-2.5213431676069717,-2.601173153319209,-2.5702551737561663,-2.5213431676069717,-2.5213431676069717,-2.485897027348257,-2.439335722080786,-2.399645385583876,-2.399645385583876,-2.44685437739309,-2.403777593469328,-2.399645385583876,-2.403777593469328,-2.356194490192345,-2.356194490192345,-2.356194490192345,-2.3036114285814033,-2.3036114285814033,-2.1995926132103296,-2.137525544318403,-2.0701430484750265,-2.0701430484750265,0.0,0.0,0.0,0.0,0.0
20.459771047004324,tx,1a:00:00:00:00:00,-49,98.98437264467337,64,0.6629716022724315,7.319103422556079,0,0,0,0,0,0,0,0,0,0,0,0,-10,-6,-10,-7,-10,-5,-12,-6,-11,-6,-11,-5,-11,-6,-12,-6,-11,-5,-12,-4,-12,-4,-13,-4,-13,-4,-13,-4,-13,-3,-13,-3,-14,-3,-13,-2,-14,-2,-14,-2,-14,-2,-15,-2,-14,-1,-16,-1,-16,0,-16,-1,0,0,-17,-1,-16,-1,-17,-1,-16,-1,-17,-1,-17,-1,-17,-1,-17,-1,-17,-2,-16,-1,-16,-2,-16,-2,-16,-2,-16,-2,-15,-3,-15,-3,-14,-3,-15,-3,-14,-3,-13,-4,-13,-4,-13,-4,-12,-4,-12,-5,-12,-5,-11,-5,0,0,0,0,0,0,0,0,0,0,0.0,0.0,0.0,0.0,0.0,0.0,11.661903789690601,12.206555615733702,11.180339887498949,13.416407864998739,12.529964086141668,12.083045973594572,12.529964086141668,13.416407864998739,12.083045973594572,12.649110640673518,12.649110640673518,13.601470508735444,13.601470508735444,13.601470508735444,13.341664064126334,13.341664064126334,14.317821063276353,13.152946437965905,14.142135623730951,14.142135623730951,14.142135623730951,15.132745950421556,14.035668847618199,16.0312195418814,16.0,16.0312195418814,0.0,17.029386365926403,16.0312195418814,17.029386365926403,16.0312195418814,17.029386365926403,17.029386365926403,17.029386365926403,17.029386365926403,17.11724276862369,16.0312195418814,16.1245154965971,16.1245154965971,16.1245154965971,16.1245154965971,15.297058540778355,15.297058540778355,14.317821063276353,15.297058540778355,14.317821063276353,13.601470508735444,13.601470508735444,13.601470508735444,12.649110640673518,13.0,13.0,12.083045973594572,0.0,0.0,0.0,0.0,0.0,0.0,0.0,0.0,0.0,0.0,0.0,-2.601173153319209,-2.5308666892005847,-2.677945044588987,-2.677945044588987,-2.642245931909663,-2.714965160462917,-2.642245931909663,-2.677945044588987,-2.714965160462917,-2.819842099193151,-2.819842099193151,-2.843093722003614,-2.843093722003614,-2.843093722003614,-2.9147938055359073,-2.9147938055359073,-2.930499320367047,-2.988943325194528,-2.999695598985629,-2.999695598985629,-2.999695598985629,-3.0090411212931194,-3.070285188804503,-3.079173843593836,3.141592653589793,-3.079173843593836,0.0,-3.0828368308740703,-3.079173843593836,-3.0828368308740703,-3.079173843593836,-3.0828368308740703,-3.0828368308740703,-3.0828368308740703,-3.0828368308740703,-3.024483909022929,-3.079173843593836,-3.017237659043032,-3.017237659043032,-3.017237659043032,-3.017237659043032,-2.9441970937399127,-2.9441970937399127,-2.930499320367047,-2.9441970937399127,-2.930499320367047,-2.843093722003614,-2.843093722003614,-2.843093722003614,-2.819842099193151,-2.746801533890032,-2.746801533890032,-2.714965160462917,0.0,0.0,0.0,0.0,0.0
20.560564913001144,tx,1a:00:00:00:00:00,-49,98.98437264467337,64,0.6619424069662971,7.283656596763015,0,0,0,0,0,0,0,0,0,0,0,0,0,-11,0,-11,-1,-11,0,-12,-1,-11,-1,-12,-1,-11,-2,-12,-1,-12,-2,-11,-3,-12,-3,-12,-3,-12,-4,-12,-4,-13,-4,-12,-5,-13,-5,-12,-5,-13,-5,-13,-5,-13,-6,-13,-6,-13,-7,-13,-7,-13,-7,-13,0,0,-7,-14,-7,-14,-7,-15,-7,-14,-7,-14,-7,-15,-6,-15,-6,-15,-6,-15,-6,-14,-6,-14,-6,-14,-5,-14,-5,-14,-4,-13,-4,-14,-4,-13,-4,-13,-3,-13,-2,-12,-2,-13,-2,-12,-2,-12,-1,-12,-1,-12,0,-11,0,0,0,0,0,0,0,0,0,0,0.0,0.0,0.0,0.0,0.0,0.0,11.0,11.0,11.045361017187261,12.0,11.045361017187261,12.041594578792296,11.045361017187261,12.165525060596439,12.041594578792296,11.180339887498949,12.36931687685298,12.36931687685298,12.36931687685298,12.649110640673518,13.601470508735444,12.649110640673518,13.92838827718412,13.0,13.92838827718412,13.92838827718412,13.92838827718412,14.317821063276353,14.317821063276353,14.7648230602334,14.7648230602334,14.7648230602334,0.0,15.652475842498529,15.652475842498529,16.55294535724685,15.652475842498529,15.652475842498529,16.55294535724685,16.15549442140351,16.15549442140351,16.15549442140351,15.231546211727817,15.231546211727817,15.231546211727817,14.866068747318506,14.866068747318506,13.601470508735444,14.560219778561036,13.601470508735444,13.601470508735444,13.341664064126334,12.165525060596439,13.152946437965905,12.165525060596439,12.165525060596439,12.041594578792296,12.041594578792296,11.0,0.0,0.0,0.0,0.0,0.0,0.0,0.0,0.0,0.0,0.0,0.0,-1.5707963267948966,-1.5707963267948966,-1.6614562139956417,-1.5707963267948966,-1.6614562139956417,-1.6539375586833378,-1.6614562139956417,-1.7359450042095235,-1.6539375586833378,-1.750649826587375,-1.8157749899217608,-1.8157749899217608,-1.8157749899217608,-1.892546881191539,-1.8692952583810758,-1.892546881191539,-1.9379701606131159,-1.965587446494658,-1.9379701606131159,-1.9379701606131159,-1.9379701606131159,-2.0032041023654346,-2.0032041023654346,-2.0647376957144776,-2.0647376957144776,-2.0647376957144776,0.0,-2.0344439357957027,-2.0344439357957027,-2.007423486608438,-2.0344439357957027,-2.0344439357957027,-2.007423486608438,-1.9513027039072615,-1.9513027039072615,-1.9513027039072615,-1.97568811307998,-1.97568811307998,-1.97568811307998,-1.9138202672156,-1.9138202672156,-1.8692952583810758,-1.849095985800008,-1.8692952583810758,-1.8692952583810758,-1.7975951748487824,-1.7359450042095235,-1.7234456551901618,-1.7359450042095235,-1.7359450042095235,-1.6539375586833378,-1.6539375586833378,-1.5707963267948966,0.0,0.0,0.0,0.0,0.0
20.66950130600162,tx,1a:00:00:00:00:00,-49,98.98437264467337,64,0.6608222674646037,7.240982866361503,0,0,0,0,0,0,0,0,0,0,0,0,-5,-10,-6,-9,-6,-9,-6,-9,-6,-9,-6,-9,-7,-9,-7,-9,-7,-9,-8,-9,-8,-9,-8,-9,-8,-9,-9,-9,-9,-9,-10,-8,-10,-8,-10,-8,-11,-8,-11,-8,-11,-8,-12,-8,-11,-8,-12,-8,-12,-8,-12,-8,0,0,-13,-8,-13,-8,-13,-8,-13,-8,-13,-8,-14,-8,-13,-8,-13,-8,-13,-9,-12,-9,-12,-9,-12,-9,-12,-9,-12,-9,-11,-9,-11,-9,-11,-9,-10,-9,-10,-9,-9,-9,-9,-9,-9,-9,-8,-9,-7,-9,-7,-9,-6,-9,0,0,0,0,0,0,0,0,0,0,0.0,0.0,0.0,0.0,0.0,0.0,11.180339887498949,10.816653826391969,10.816653826391969,10.816653826391969,10.816653826391969,10.816653826391969,11.40175425099138,11.40175425099138,11.40175425099138,12.041594578792296,12.041594578792296,12.041594578792296,12.041594578792296,12.727922061357855,12.727922061357855,12.806248474865697,12.806248474865697,12.806248474865697,13.601470508735444,13.601470508735444,13.601470508735444,14.422205101855956,13.601470508735444,14.422205101855956,14.422205101855956,14.422205101855956,0.0,15.264337522473747,15.264337522473747,15.264337522473747,15.264337522473747,15.264337522473747,16.1245154965971,15.264337522473747,15.264337522473747,15.811388300841896,15.0,15.0,15.0,15.0,15.0,14.212670403551895,14.212670403551895,14.212670403551895,13.45362404707371,13.45362404707371,12.727922061357855,12.727922061357855,12.727922061357855,12.041594578792296,11.40175425099138,11.40175425099138,10.816653826391969,0.0,0.0,0.0,0.0,0.0,0.0,0.0,0.0,0.0,0.0,0.0,-2.0344439357957027,-2.158798930342464,-2.158798930342464,-2.158798930342464,-2.158798930342464,-2.158798930342464,-2.2318394956455836,-2.2318394956455836,-2.2318394956455836,-2.297438667476622,-2.297438667476622,-2.297438667476622,-2.297438667476622,-2.356194490192345,-2.356194490192345,-2.4668517113662407,-2.4668517113662407,-2.4668517113662407,-2.5127963671743605,-2.5127963671743605,-2.5127963671743605,-2.5535900500422257,-2.5127963671743605,-2.5535900500422257,-2.5535900500422257,-2.5535900500422257,0.0,-2.5899376710612465,-2.5899376710612465,-2.5899376710612465,-2.5899376710612465,-2.5899376710612465,-2.62244653934327,-2.5899376710612465,-2.5899376710612465,-2.5360479899848234,-2.498091544796509,-2.498091544796509,-2.498091544796509,-2.498091544796509,-2.498091544796509,-2.455863142683507,-2.455863142683507,-2.455863142683507,-2.408777551803287,-2.408777551803287,-2.356194490192345,-2.356194490192345,-2.356194490192345,-2.297438667476622,-2.2318394956455836,-2.2318394956455836,-2.158798930342464,0.0,0.0,0.0,0.0,0.0
20.77834856499976,tx,1a:00:00:00:00:00,-49,98.98437264467337,64,0.6615717496397734,7.19081392261478,0,0,0,0,0,0,0,0,0,0,0,0,0,10,0,10,0,10,1,10,1,10,1,10,1,10,2,10,2,10,2,10,2,10,3,10,3,10,3,11,3,11,4,10,4,11,4,10,5,11,5,11,5,11,6,11,6,11,6,11,6,11,7,11,0,0,7,12,7,12,7,12,7,12,6,12,7,12,6,13,6,13,6,13,5,12,5,12,5,12,5,13,5,13,4,12,4,12,4,12,3,11,3,11,2,11,2,11,2,11,1,11,1,10,0,10,0,10,0,0,0,0,0,0,0,0,0,0,0.0,0.0,0.0,0.0,0.0,0.0,10.0,10.0,10.0,10.04987562112089,10.04987562112089,10.04987562112089,10.04987562112089,10.198039027185569,10.198039027185569,10.198039027185569,10.198039027185569,10.44030650891055,10.44030650891055,11.40175425099138,11.40175425099138,10.770329614269007,11.704699910719626,10.770329614269007,12.083045973594572,12.083045973594572,12.083045973594572,12.529964086141668,12.529964086141668,12.529964086141668,12.529964086141668,13.038404810405298,0.0,13.892443989449804,13.892443989449804,13.892443989449804,13.892443989449804,13.416407864998739,13.892443989449804,14.317821063276353,14.317821063276353,14.317821063276353,13.0,13.0,13.0,13.92838827718412,13.92838827718412,12.649110640673518,12.649110640673518,12.649110640673518,11.40175425099138,11.40175425099138,11.180339887498949,11.180339887498949,11.180339887498949,11.045361017187261,10.04987562112089,10.0,10.0,0.0,0.0,0.0,0.0,0.0,0.0,0.0,0.0,0.0,0.0,0.0,1.5707963267948966,1.5707963267948966,1.5707963267948966,1.4711276743037347,1.4711276743037347,1.4711276743037347,1.4711276743037347,1.373400766945016,1.373400766945016,1.373400766945016,1.373400766945016,1.2793395323170296,1.2793395323170296,1.3045442776439713,1.3045442776439713,1.1902899496825317,1.2220253232109897,1.1902899496825317,1.1441688336680205,1.1441688336680205,1.1441688336680205,1.0714496051147666,1.0714496051147666,1.0714496051147666,1.0714496051147666,1.0040671092713902,0.0,1.042721878368537,1.042721878368537,1.042721878368537,1.042721878368537,1.1071487177940904,1.042721878368537,1.1383885512243588,1.1383885512243588,1.1383885512243588,1.176005207095135,1.176005207095135,1.176005207095135,1.2036224929766774,1.2036224929766774,1.2490457723982544,1.2490457723982544,1.2490457723982544,1.3045442776439713,1.3045442776439713,1.3909428270024184,1.3909428270024184,1.3909428270024184,1.4801364395941514,1.4711276743037347,1.5707963267948966,1.5707963267948966,0.0,0.0,0.0,0.0,0.0
20.878851882000163,tx,1a:00:00:00:00:00,-49,93.94331620008417,64,0.6612966597225117,7.133050837968899,0,0,0,0,0,0,0,0,0,0,0,0,7,-8,7,-8,7,-9,7,-9,7,-9,6,-9,6,-9,6,-9,6,-10,6,-10,6,-10,6,-11,6,-11,5,-11,5,-11,5,-12,5,-12,5,-12,4,-12,4,-12,5,-12,4,-13,4,-13,4,-14,4,-14,4,-14,0,0,4,-14,4,-15,4,-14,4,-15,4,-15,5,-15,5,-15,5,-15,5,-14,6,-14,5,-14,6,-13,6,-13,6,-13,6,-13,6,-12,7,-12,6,-12,6,-11,6,-11,7,-10,7,-10,7,-10,7,-9,7,-8,8,-7,0,0,0,0,0,0,0,0,0,0,0.0,0.0,0.0,0.0,0.0,0.0,10.63014581273465,10.63014581273465,11.40175425099138,11.40175425099138,11.40175425099138,10.816653826391969,10.816653826391969,10.816653826391969,11.661903789690601,11.661903789690601,11.661903789690601,12.529964086141668,12.529964086141668,12.083045973594572,12.083045973594572,13.0,13.0,13.0,12.649110640673518,12.649110640673518,13.0,13.601470508735444,13.601470508735444,14.560219778561036,14.560219778561036,14.560219778561036,0.0,14.560219778561036,15.524174696260024,14.560219778561036,15.524174696260024,15.524174696260024,15.811388300841896,15.811388300841896,15.811388300841896,14.866068747318506,15.231546211727817,14.866068747318506,14.317821063276353,14.317821063276353,14.317821063276353,14.317821063276353,13.416407864998739,13.892443989449804,13.416407864998739,12.529964086141668,12.529964086141668,12.206555615733702,12.206555615733702,12.206555615733702,11.40175425099138,10.63014581273465,10.63014581273465,0.0,0.0,0.0,0.0,0.0,0.0,0.0,0.0,0.0,0.0,0.0,-0.8519663271732721,-0.8519663271732721,-0.9097531579442097,-0.9097531579442097,-0.9097531579442097,-0.982793723247329,-0.982793723247329,-0.982793723247329,-1.0303768265243125,-1.0303768265243125,-1.0303768265243125,-1.0714496051147666,-1.0714496051147666,-1.1441688336680205,-1.1441688336680205,-1.176005207095135,-1.176005207095135,-1.176005207095135,-1.2490457723982544,-1.2490457723982544,-1.176005207095135,-1.2722973952087173,-1.2722973952087173,-1.2924966677897853,-1.2924966677897853,-1.2924966677897853,0.0,-1.2924966677897853,-1.3101939350475555,-1.2924966677897853,-1.3101939350475555,-1.3101939350475555,-1.2490457723982544,-1.2490457723982544,-1.2490457723982544,-1.2277723863741932,-1.1659045405098132,-1.2277723863741932,-1.1383885512243588,-1.1383885512243588,-1.1383885512243588,-1.1383885512243588,-1.1071487177940904,-1.042721878368537,-1.1071487177940904,-1.0714496051147666,-1.0714496051147666,-0.960070362405688,-0.960070362405688,-0.960070362405688,-0.9097531579442097,-0.8519663271732721,-0.7188299996216245,0.0,0.0,0.0,0.0,0.0
20.979128389000834,tx,1a:00:00:00:00:00,-49,93.94331620008417,64,0.6614241737228724,7.06760555340919,0,0,0,0,0,0,0,0,0,0,0,0,5,-10,5,-10,5,-10,5,-11,4,-10,5,-11,5,-11,4,-11,5,-11,3,-11,3,-12,3,-12,3,-12,2,-12,2,-13,2,-13,2,-13,1,-13,1,-14,1,-14,1,-14,1,-14,0,-14,0,-15,0,-15,0,-16,0,0,0,-16,0,-15,0,-16,0,-15,0,-16,0,-17,1,-16,1,-16,1,-16,1,-15,1,-16,1,-15,1,-15,2,-15,2,-14,3,-15,2,-13,2,-14,3,-14,3,-12,3,-13,4,-12,3,-12,4,-12,4,-11,5,-10,0,0,0,0,0,0,0,0,0,0,0.0,0.0,0.0,0.0,0.0,0.0,11.180339887498949,11.180339887498949,11.180339887498949,12.083045973594572,10.770329614269007,12.083045973594572,12.083045973594572,11.704699910719626,12.083045973594572,11.40175425099138,12.36931687685298,12.36931687685298,12.36931687685298,12.165525060596439,13.152946437965905,13.152946437965905,13.152946437965905,13.038404810405298,14.035668847618199,14.035668847618199,14.035668847618199,14.035668847618199,14.0,15.0,15.0,16.0,0.0,16.0,15.0,16.0,15.0,16.0,17.0,16.0312195418814,16.0312195418814,16.0312195418814,15.033296378372908,16.0312195418814,15.033296378372908,15.033296378372908,15.132745950421556,14.142135623730951,15.297058540778355,13.152946437965905,14.142135623730951,14.317821063276353,12.36931687685298,13.341664064126334,12.649110640673518,12.36931687685298,12.649110640673518,11.704699910719626,11.180339887498949,0.0,0.0,0.0,0.0,0.0,0.0,0.0,0.0,0.0,0.0,0.0,-1.1071487177940904,-1.1071487177940904,-1.1071487177940904,-1.1441688336680205,-1.1902899496825317,-1.1441688336680205,-1.1441688336680205,-1.2220253232109897,-1.1441688336680205,-1.3045442776439713,-1.3258176636680326,-1.3258176636680326,-1.3258176636680326,-1.4056476493802699,-1.4181469983996315,-1.4181469983996315,-1.4181469983996315,-1.4940244355251187,-1.4994888620096063,-1.4994888620096063,-1.4994888620096063,-1.4994888620096063,-1.5707963267948966,-1.5707963267948966,-1.5707963267948966,-1.5707963267948966,0.0,-1.5707963267948966,-1.5707963267948966,-1.5707963267948966,-1.5707963267948966,-1.5707963267948966,-1.5707963267948966,-1.5083775167989393,-1.5083775167989393,-1.5083775167989393,-1.5042281630190728,-1.5083775167989393,-1.5042281630190728,-1.5042281630190728,-1.4382447944982226,-1.4288992721907328,-1.373400766945016,-1.4181469983996315,-1.4288992721907328,-1.35970299357215,-1.3258176636680326,-1.3439974787410107,-1.2490457723982544,-1.3258176636680326,-1.2490457723982544,-1.2220253232109897,-1.1071487177940904,0.0,0.0,0.0,0.0,0.0
21.08903428100166,tx,1a:00:00:00:00:00,-49,93.94331620008417,64,0.660024414129204,6.994398087212412,0,0,0,0,0,0,0,0,0,0,0,0,-10,5,-10,5,-10,5,-10,5,-10,5,-10,6,-10,6,-10,7,-10,6,-9,7,-9,7,-9,8,-9,8,-9,9,-9,9,-9,8,-9,10,-8,9,-9,10,-9,10,-9,11,-9,11,-8,10,-8,12,-8,12,-9,12,0,0,-8,13,-9,12,-9,13,-8,12,-9,13,-9,13,-10,12,-9,12,-10,12,-9,11,-9,11,-10,11,-10,12,-10,11,-10,10,-10,10,-9,9,-10,9,-10,9,-10,8,-10,8,-10,7,-9,7,-10,7,-10,6,-10,5,0,0,0,0,0,0,0,0,0,0,0.0,0.0,0.0,0.0,0.0,0.0,11.180339887498949,11.180339887498949,11.180339887498949,11.180339887498949,11.180339887498949,11.661903789690601,11.661903789690601,12.206555615733702,11.661903789690601,11.40175425099138,11.40175425099138,12.041594578792296,12.041594578792296,12.727922061357855,12.727922061357855,12.041594578792296,13.45362404707371,12.041594578792296,13.45362404707371,13.45362404707371,14.212670403551895,14.212670403551895,12.806248474865697,14.422205101855956,14.422205101855956,15.0,0.0,15.264337522473747,15.0,15.811388300841896,14.422205101855956,15.811388300841896,15.811388300841896,15.620499351813308,15.0,15.620499351813308,14.212670403551895,14.212670403551895,14.866068747318506,15.620499351813308,14.866068747318506,14.142135623730951,14.142135623730951,12.727922061357855,13.45362404707371,13.45362404707371,12.806248474865697,12.806248474865697,12.206555615733702,11.40175425099138,12.206555615733702,11.661903789690601,11.180339887498949,0.0,0.0,0.0,0.0,0.0,0.0,0.0,0.0,0.0,0.0,0.0,2.677945044588987,2.677945044588987,2.677945044588987,2.677945044588987,2.677945044588987,2.601173153319209,2.601173153319209,2.5308666892005847,2.601173153319209,2.4805494847391065,2.4805494847391065,2.4149503129080676,2.4149503129080676,2.356194490192345,2.356194490192345,2.4149503129080676,2.3036114285814033,2.297438667476622,2.3036114285814033,2.3036114285814033,2.256525837701183,2.256525837701183,2.2455372690184494,2.158798930342464,2.158798930342464,2.214297435588181,0.0,2.1224513093234436,2.214297435588181,2.1763409903998667,2.158798930342464,2.1763409903998667,2.1763409903998667,2.2655346029916,2.214297435588181,2.2655346029916,2.256525837701183,2.256525837701183,2.3086113869153615,2.2655346029916,2.3086113869153615,2.356194490192345,2.356194490192345,2.356194490192345,2.408777551803287,2.408777551803287,2.4668517113662407,2.4668517113662407,2.5308666892005847,2.4805494847391065,2.5308666892005847,2.601173153319209,2.677945044588987,0.0,0.0,0.0,0.0,0.0
21.18968499499897,tx,1a:00:00:00:00:00,-49,93.94331620008417,64,0.6592803307046518,6.9136879113201815,0,0,0,0,0,0,0,0,0,0,0,0,-1,-11,-1,-11,-1,-12,-1,-11,-2,-12,-2,-11,-2,-11,-2,-11,-3,-12,-3,-12,-3,-12,-3,-12,-4,-12,-4,-12,-4,-12,-6,-12,-5,-11,-6,-12,-6,-12,-7,-12,-7,-12,-7,-12,-7,-13,-8,-12,-8,-13,-8,-12,0,0,-8,-13,-9,-13,-9,-12,-9,-14,-8,-13,-9,-13,-9,-14,-8,-14,-8,-13,-8,-14,-8,-13,-7,-13,-7,-13,-6,-13,-7,-13,-7,-12,-6,-13,-6,-12,-5,-12,-5,-12,-5,-12,-5,-12,-4,-12,-3,-12,-3,-11,-2,-11,0,0,0,0,0,0,0,0,0,0,0.0,0.0,0.0,0.0,0.0,0.0,11.045361017187261,11.045361017187261,12.041594578792296,11.045361017187261,12.165525060596439,11.180339887498949,11.180339887498949,11.180339887498949,12.36931687685298,12.36931687685298,12.36931687685298,12.36931687685298,12.649110640673518,12.649110640673518,12.649110640673518,13.416407864998739,12.083045973594572,13.416407864998739,13.416407864998739,13.892443989449804,13.892443989449804,13.892443989449804,14.7648230602334,14.422205101855956,15.264337522473747,14.422205101855956,0.0,15.264337522473747,15.811388300841896,15.0,16.64331697709324,15.264337522473747,15.811388300841896,16.64331697709324,16.1245154965971,15.264337522473747,16.1245154965971,15.264337522473747,14.7648230602334,14.7648230602334,14.317821063276353,14.7648230602334,13.892443989449804,14.317821063276353,13.416407864998739,13.0,13.0,13.0,13.0,12.649110640673518,12.36931687685298,11.40175425099138,11.180339887498949,0.0,0.0,0.0,0.0,0.0,0.0,0.0,0.0,0.0,0.0,0.0,-1.6614562139956417,-1.6614562139956417,-1.6539375586833378,-1.6614562139956417,-1.7359450042095235,-1.750649826587375,-1.750649826587375,-1.750649826587375,-1.8157749899217608,-1.8157749899217608,-1.8157749899217608,-1.8157749899217608,-1.892546881191539,-1.892546881191539,-1.892546881191539,-2.0344439357957027,-1.9974238199217726,-2.0344439357957027,-2.0344439357957027,-2.0988707752212563,-2.0988707752212563,-2.0988707752212563,-2.0647376957144776,-2.158798930342464,-2.1224513093234436,-2.158798930342464,0.0,-2.1224513093234436,-2.1763409903998667,-2.214297435588181,-2.1421338066285234,-2.1224513093234436,-2.1763409903998667,-2.1421338066285234,-2.0899424410414196,-2.1224513093234436,-2.0899424410414196,-2.1224513093234436,-2.0647376957144776,-2.0647376957144776,-2.0032041023654346,-2.0647376957144776,-2.0988707752212563,-2.0032041023654346,-2.0344439357957027,-1.965587446494658,-1.965587446494658,-1.965587446494658,-1.965587446494658,-1.892546881191539,-1.8157749899217608,-1.837048375945822,-1.750649826587375,0.0,0.0,0.0,0.0,0.0
21.298948059004033,tx,1a:00:00:00:00:00,-49,93.94331620008417,64,0.6591271495192267,6.825789173413256,0,0,0,0,0,0,0,0,0,0,0,0,8,-8,7,-8,8,-8,8,-8,8,-9,7,-8,7,-9,7,-9,7,-10,8,-10,7,-10,7,-10,7,-11,7,-11,6,-11,6,-12,6,-12,6,-12,5,-12,5,-13,6,-13,5,-13,5,-14,5,-14,5,-14,5,-14,0,0,5,-15,5,-15,5,-15,6,-16,6,-15,6,-15,6,-15,6,-15,6,-15,7,-15,7,-14,7,-14,7,-13,7,-13,7,-13,6,-12,8,-13,7,-12,7,-11,7,-11,8,-11,8,-10,8,-10,8,-9,8,-8,8,-7,0,0,0,0,0,0,0,0,0,0,0.0,0.0,0.0,0.0,0.0,0.0,11.313708498984761,10.63014581273465,11.313708498984761,11.313708498984761,12.041594578792296,10.63014581273465,11.40175425099138,11.40175425099138,12.206555615733702,12.806248474865697,12.206555615733702,12.206555615733702,13.038404810405298,13.038404810405298,12.529964086141668,13.416407864998739,13.416407864998739,13.416407864998739,13.0,13.92838827718412,14.317821063276353,13.92838827718412,14.866068747318506,14.866068747318506,14.866068747318506,14.866068747318506,0.0,15.811388300841896,15.811388300841896,15.811388300841896,17.08800749063506,16.15549442140351,16.15549442140351,16.15549442140351,16.15549442140351,16.15549442140351,16.55294535724685,15.652475842498529,15.652475842498529,14.7648230602334,14.7648230602334,14.7648230602334,13.416407864998739,15.264337522473747,13.892443989449804,13.038404810405298,13.038404810405298,13.601470508735444,12.806248474865697,12.806248474865697,12.041594578792296,11.313708498984761,10.63014581273465,0.0,0.0,0.0,0.0,0.0,0.0,0.0,0.0,0.0,0.0,0.0,-0.7853981633974483,-0.8519663271732721,-0.7853981633974483,-0.7853981633974483,-0.844153986113171,-0.8519663271732721,-0.9097531579442097,-0.9097531579442097,-0.960070362405688,-0.8960553845713439,-0.960070362405688,-0.960070362405688,-1.0040671092713902,-1.0040671092713902,-1.0714496051147666,-1.1071487177940904,-1.1071487177940904,-1.1071487177940904,-1.176005207095135,-1.2036224929766774,-1.1383885512243588,-1.2036224929766774,-1.2277723863741932,-1.2277723863741932,-1.2277723863741932,-1.2277723863741932,0.0,-1.2490457723982544,-1.2490457723982544,-1.2490457723982544,-1.2120256565243244,-1.1902899496825317,-1.1902899496825317,-1.1902899496825317,-1.1902899496825317,-1.1902899496825317,-1.1341691669813554,-1.1071487177940904,-1.1071487177940904,-1.0768549578753155,-1.0768549578753155,-1.0768549578753155,-1.1071487177940904,-1.0191413442663497,-1.042721878368537,-1.0040671092713902,-1.0040671092713902,-0.9420000403794636,-0.8960553845713439,-0.8960553845713439,-0.844153986113171,-0.7853981633974483,-0.7188299996216245,0.0,0.0,0.0,0.0,0.0
21.399010384004214,tx,1a:00:00:00:00:00,-49,93.94331620008417,64,0.6568899268665226,6.748688666428385,0,0,0,0,0,0,0,0,0,0,0,0,-11,0,-11,0,-11,0,-11,0,-11,1,-11,1,-11,1,-11,2,-11,2,-11,2,-12,2,-12,3,-12,3,-12,3,-12,4,-12,4,-12,4,-12,4,-12,5,-12,5,-12,5,-13,5,-12,6,-13,6,-13,6,-13,7,0,0,-13,7,-13,6,-14,7,-13,6,-14,7,-14,7,-14,6,-14,6,-14,6,-14,5,-14,5,-14,5,-14,5,-14,5,-13,4,-14,3,-13,3,-13,3,-13,3,-12,2,-12,2,-12,1,-12,1,-12,1,-11,0,-11,-1,0,0,0,0,0,0,0,0,0,0,0.0,0.0,0.0,0.0,0.0,0.0,11.0,11.0,11.0,11.0,11.045361017187261,11.045361017187261,11.045361017187261,11.180339887498949,11.180339887498949,11.180339887498949,12.165525060596439,12.36931687685298,12.36931687685298,12.36931687685298,12.649110640673518,12.649110640673518,12.649110640673518,12.649110640673518,13.0,13.0,13.0,13.92838827718412,13.416407864998739,14.317821063276353,14.317821063276353,14.7648230602334,0.0,14.7648230602334,14.317821063276353,15.652475842498529,14.317821063276353,15.652475842498529,15.652475842498529,15.231546211727817,15.231546211727817,15.231546211727817,14.866068747318506,14.866068747318506,14.866068747318506,14.866068747318506,14.866068747318506,13.601470508735444,14.317821063276353,13.341664064126334,13.341664064126334,13.341664064126334,12.165525060596439,12.165525060596439,12.041594578792296,12.041594578792296,12.041594578792296,11.0,11.045361017187261,0.0,0.0,0.0,0.0,0.0,0.0,0.0,0.0,0.0,0.0,0.0,3.141592653589793,3.141592653589793,3.141592653589793,3.141592653589793,3.050932766389048,3.050932766389048,3.050932766389048,2.961739153797315,2.961739153797315,2.961739153797315,2.976443976175166,2.896613990462929,2.896613990462929,2.896613990462929,2.819842099193151,2.819842099193151,2.819842099193151,2.819842099193151,2.746801533890032,2.746801533890032,2.746801533890032,2.774418819771574,2.677945044588987,2.7091848780192556,2.7091848780192556,2.647651284670212,0.0,2.647651284670212,2.7091848780192556,2.677945044588987,2.7091848780192556,2.677945044588987,2.677945044588987,2.7367008673047097,2.7367008673047097,2.7367008673047097,2.79856871316909,2.79856871316909,2.79856871316909,2.79856871316909,2.79856871316909,2.843093722003614,2.930499320367047,2.9147938055359073,2.9147938055359073,2.9147938055359073,2.976443976175166,2.976443976175166,3.058451421701352,3.058451421701352,3.058451421701352,3.141592653589793,-3.050932766389048,0.0,0.0,0.0,0.0,0.0
21.508379824001167,tx,1a:00:00:00:00:00,-49,93.94331620008417,64,0.6537762364080367,6.720484120121415,0,0,0,0,0,0,0,0,0,0,0,0,1,10,1,11,1,10,1,11,2,11,2,11,2,11,3,11,2,11,3,11,4,11,4,11,4,11,5,11,5,12,5,11,6,12,6,11,7,12,6,12,7,12,7,12,7,11,8,12,8,12,9,12,0,0,9,13,8,13,9,14,8,12,8,13,9,14,8,14,8,14,7,14,7,13,7,13,7,13,7,14,6,14,5,13,5,14,5,12,4,13,4,13,3,12,3,12,2,12,2,11,2,12,1,11,1,11,0,0,0,0,0,0,0,0,0,0,0.0,0.0,0.0,0.0,0.0,0.0,10.04987562112089,11.045361017187261,10.04987562112089,11.045361017187261,11.180339887498949,11.180339887498949,11.180339887498949,11.40175425099138,11.180339887498949,11.40175425099138,11.704699910719626,11.704699910719626,11.704699910719626,12.083045973594572,13.0,12.083045973594572,13.416407864998739,12.529964086141668,13.892443989449804,13.416407864998739,13.892443989449804,13.892443989449804,13.038404810405298,14.422205101855956,14.422205101855956,15.0,0.0,15.811388300841896,15.264337522473747,16.64331697709324,14.422205101855956,15.264337522473747,16.64331697709324,16.1245154965971,16.1245154965971,15.652475842498529,14.7648230602334,14.7648230602334,14.7648230602334,15.652475842498529,15.231546211727817,13.92838827718412,14.866068747318506,13.0,13.601470508735444,13.601470508735444,12.36931687685298,12.36931687685298,12.165525060596439,11.180339887498949,12.165525060596439,11.045361017187261,11.045361017187261,0.0,0.0,0.0,0.0,0.0,0.0,0.0,0.0,0.0,0.0,0.0,1.4711276743037347,1.4801364395941514,1.4711276743037347,1.4801364395941514,1.3909428270024184,1.3909428270024184,1.3909428270024184,1.3045442776439713,1.3909428270024184,1.3045442776439713,1.2220253232109897,1.2220253232109897,1.2220253232109897,1.1441688336680205,1.176005207095135,1.1441688336680205,1.1071487177940904,1.0714496051147666,1.042721878368537,1.1071487177940904,1.042721878368537,1.042721878368537,1.0040671092713902,0.982793723247329,0.982793723247329,0.9272952180016122,0.0,0.9652516631899266,1.0191413442663497,0.9994588469612699,0.982793723247329,1.0191413442663497,0.9994588469612699,1.0516502125483738,1.0516502125483738,1.1071487177940904,1.0768549578753155,1.0768549578753155,1.0768549578753155,1.1071487177940904,1.1659045405098132,1.2036224929766774,1.2277723863741932,1.176005207095135,1.2722973952087173,1.2722973952087173,1.3258176636680326,1.3258176636680326,1.4056476493802699,1.3909428270024184,1.4056476493802699,1.4801364395941514,1.4801364395941514,0.0,0.0,0.0,0.0,0.0
21.6089122830017,tx,1a:00:00:00:00:00,-49,93.94331620008417,64,0.6510221596788934,6.724141783317877,0,0,0,0,0,0,0,0,0,0,0,0,-11,0,-11,0,-12,1,-12,1,-12,1,-12,1,-12,2,-12,2,-12,2,-12,2,-12,2,-12,3,-12,3,-12,3,-12,4,-12,5,-12,5,-12,5,-12,6,-12,6,-13,6,-13,7,-13,6,-13,7,-13,7,-13,7,0,0,-14,8,-14,8,-14,8,-14,8,-14,8,-14,8,-14,8,-14,7,-14,7,-14,7,-14,7,-14,6,-14,6,-14,6,-14,5,-13,5,-14,5,-13,4,-13,4,-13,4,-13,3,-13,3,-13,2,-12,2,-12,1,-12,0,0,0,0,0,0,0,0,0,0,0,0.0,0.0,0.0,0.0,0.0,0.0,11.0,11.0,12.041594578792296,12.041594578792296,12.041594578792296,12.041594578792296,12.165525060596439,12.165525060596439,12.165525060596439,12.165525060596439,12.165525060596439,12.36931687685298,12.36931687685298,12.36931687685298,12.649110640673518,13.0,13.0,13.0,13.416407864998739,13.416407864998739,14.317821063276353,14.7648230602334,14.317821063276353,14.7648230602334,14.7648230602334,14.7648230602334,0.0,16.1245154965971,16.1245154965971,16.1245154965971,16.1245154965971,16.1245154965971,16.1245154965971,16.1245154965971,15.652475842498529,15.652475842498529,15.652475842498529,15.652475842498529,15.231546211727817,15.231546211727817,15.231546211727817,14.866068747318506,13.92838827718412,14.866068747318506,13.601470508735444,13.601470508735444,13.601470508735444,13.341664064126334,13.341664064126334,13.152946437965905,12.165525060596439,12.041594578792296,12.0,0.0,0.0,0.0,0.0,0.0,0.0,0.0,0.0,0.0,0.0,0.0,3.141592653589793,3.141592653589793,3.058451421701352,3.058451421701352,3.058451421701352,3.058451421701352,2.976443976175166,2.976443976175166,2.976443976175166,2.976443976175166,2.976443976175166,2.896613990462929,2.896613990462929,2.896613990462929,2.819842099193151,2.746801533890032,2.746801533890032,2.746801533890032,2.677945044588987,2.677945044588987,2.7091848780192556,2.647651284670212,2.7091848780192556,2.647651284670212,2.647651284670212,2.647651284670212,0.0,2.62244653934327,2.62244653934327,2.62244653934327,2.62244653934327,2.62244653934327,2.62244653934327,2.62244653934327,2.677945044588987,2.677945044588987,2.677945044588987,2.677945044588987,2.7367008673047097,2.7367008673047097,2.7367008673047097,2.79856871316909,2.774418819771574,2.79856871316909,2.843093722003614,2.843093722003614,2.843093722003614,2.9147938055359073,2.9147938055359073,2.988943325194528,2.976443976175166,3.058451421701352,3.141592653589793,0.0,0.0,0.0,0.0,0.0
21.70956771800411,tx,1a:00:00:00:00:00,-49,93.94331620008417,64,0.649231563544482,6.747714138724176,0,0,0,0,0,0,0,0,0,0,0,0,9,-3,10,-4,9,-4,10,-4,9,-4,10,-5,10,-5,10,-5,10,-5,9,-6,10,-6,10,-7,10,-7,10,-7,10,-8,9,-8,10,-8,9,-8,10,-9,10,-9,10,-9,10,-9,9,-9,10,-11,10,-11,10,-11,0,0,10,-11,10,-11,11,-12,9,-11,11,-11,11,-11,11,-11,11,-10,11,-10,10,-10,11,-10,11,-10,11,-9,11,-9,10,-8,11,-8,10,-8,11,-8,11,-7,10,-6,10,-7,10,-6,10,-5,10,-5,10,-5,10,-4,0,0,0,0,0,0,0,0,0,0,0.0,0.0,0.0,0.0,0.0,0.0,9.486832980505138,10.770329614269007,9.848857801796104,10.770329614269007,9.848857801796104,11.180339887498949,11.180339887498949,11.180339887498949,11.180339887498949,10.816653826391969,11.661903789690601,12.206555615733702,12.206555615733702,12.206555615733702,12.806248474865697,12.041594578792296,12.806248474865697,12.041594578792296,13.45362404707371,13.45362404707371,13.45362404707371,13.45362404707371,12.727922061357855,14.866068747318506,14.866068747318506,14.866068747318506,0.0,14.866068747318506,14.866068747318506,16.278820596099706,14.212670403551895,15.556349186104045,15.556349186104045,15.556349186104045,14.866068747318506,14.866068747318506,14.142135623730951,14.866068747318506,14.866068747318506,14.212670403551895,14.212670403551895,12.806248474865697,13.601470508735444,12.806248474865697,13.601470508735444,13.038404810405298,11.661903789690601,12.206555615733702,11.661903789690601,11.180339887498949,11.180339887498949,11.180339887498949,10.770329614269007,0.0,0.0,0.0,0.0,0.0,0.0,0.0,0.0,0.0,0.0,0.0,-0.3217505543966422,-0.3805063771123649,-0.4182243295792291,-0.3805063771123649,-0.4182243295792291,-0.4636476090008061,-0.4636476090008061,-0.4636476090008061,-0.4636476090008061,-0.5880026035475675,-0.5404195002705842,-0.6107259643892086,-0.6107259643892086,-0.6107259643892086,-0.6747409422235526,-0.7266423406817256,-0.6747409422235526,-0.7266423406817256,-0.7328151017865066,-0.7328151017865066,-0.7328151017865066,-0.7328151017865066,-0.7853981633974483,-0.8329812666744317,-0.8329812666744317,-0.8329812666744317,0.0,-0.8329812666744317,-0.8329812666744317,-0.8288490587889792,-0.8850668158886104,-0.7853981633974483,-0.7853981633974483,-0.7853981633974483,-0.7378150601204649,-0.7378150601204649,-0.7853981633974483,-0.7378150601204649,-0.7378150601204649,-0.6857295109062863,-0.6857295109062863,-0.6747409422235526,-0.628796286415433,-0.6747409422235526,-0.628796286415433,-0.5667292175235064,-0.5404195002705842,-0.6107259643892086,-0.5404195002705842,-0.4636476090008061,-0.4636476090008061,-0.4636476090008061,-0.3805063771123649,0.0,0.0,0.0,0.0,0.0
21.818450446997304,tx,1a:00:00:00:00:00,-49,97.09136050182485,64,0.6525865747286349,6.782824891692048,0,0,0,0,0,0,0,0,0,0,0,0,1,9,1,9,1,9,1,10,1,9,2,10,2,9,2,10,2,9,3,9,3,9,4,9,4,10,4,9,4,10,4,10,5,10,5,9,6,10,5,10,6,10,6,10,6,10,7,10,8,10,8,10,0,0,8,11,7,11,8,11,7,10,8,11,7,11,7,12,7,11,7,12,6,11,7,11,6,11,7,11,6,11,5,11,5,11,5,10,4,10,4,11,3,10,3,11,2,10,3,10,3,10,2,10,1,10,0,0,0,0,0,0,0,0,0,0,0.0,0.0,0.0,0.0,0.0,0.0,9.055385138137417,9.055385138137417,9.055385138137417,10.04987562112089,9.055385138137417,10.198039027185569,9.219544457292887,10.198039027185569,9.219544457292887,9.486832980505138,9.486832980505138,9.848857801796104,10.770329614269007,9.848857801796104,10.770329614269007,10.770329614269007,11.180339887498949,10.295630140987,11.661903789690601,11.180339887498949,11.661903789690601,11.661903789690601,11.661903789690601,12.206555615733702,12.806248474865697,12.806248474865697,0.0,13.601470508735444,13.038404810405298,13.601470508735444,12.206555615733702,13.601470508735444,13.038404810405298,13.892443989449804,13.038404810405298,13.892443989449804,12.529964086141668,13.038404810405298,12.529964086141668,13.038404810405298,12.529964086141668,12.083045973594572,12.083045973594572,11.180339887498949,10.770329614269007,11.704699910719626,10.44030650891055,11.40175425099138,10.198039027185569,10.44030650891055,10.44030650891055,10.198039027185569,10.04987562112089,0.0,0.0,0.0,0.0,0.0,0.0,0.0,0.0,0.0,0.0,0.0,1.460139105621001,1.460139105621001,1.460139105621001,1.4711276743037347,1.460139105621001,1.373400766945016,1.3521273809209546,1.373400766945016,1.3521273809209546,1.2490457723982544,1.2490457723982544,1.1525719972156676,1.1902899496825317,1.1525719972156676,1.1902899496825317,1.1902899496825317,1.1071487177940904,1.0636978224025597,1.0303768265243125,1.1071487177940904,1.0303768265243125,1.0303768265243125,1.0303768265243125,0.960070362405688,0.8960553845713439,0.8960553845713439,0.0,0.9420000403794636,1.0040671092713902,0.9420000403794636,0.960070362405688,0.9420000403794636,1.0040671092713902,1.042721878368537,1.0040671092713902,1.042721878368537,1.0714496051147666,1.0040671092713902,1.0714496051147666,1.0040671092713902,1.0714496051147666,1.1441688336680205,1.1441688336680205,1.1071487177940904,1.1902899496825317,1.2220253232109897,1.2793395323170296,1.3045442776439713,1.373400766945016,1.2793395323170296,1.2793395323170296,1.373400766945016,1.4711276743037347,0.0,0.0,0.0,0.0,0.0
21.91891250199842,tx,1a:00:00:00:00:00,-49,97.09136050182485,64,0.6551231590536662,6.823480946005397,0,0,0,0,0,0,0,0,0,0,0,0,4,9,4,8,5,9,5,9,5,9,5,8,6,9,6,8,7,8,7,9,7,9,7,9,7,8,8,8,8,8,9,8,9,7,10,8,9,7,10,7,10,7,11,6,11,8,11,8,11,8,11,7,0,0,12,7,13,7,12,6,13,7,12,7,13,7,13,7,12,8,12,7,12,8,11,8,11,8,11,8,10,8,11,8,10,7,10,8,9,8,9,7,9,8,8,8,8,8,8,9,7,9,6,9,5,8,0,0,0,0,0,0,0,0,0,0,0.0,0.0,0.0,0.0,0.0,0.0,9.848857801796104,8.94427190999916,10.295630140987,10.295630140987,10.295630140987,9.433981132056603,10.816653826391969,10.0,10.63014581273465,11.40175425099138,11.40175425099138,11.40175425099138,10.63014581273465,11.313708498984761,11.313708498984761,12.041594578792296,11.40175425099138,12.806248474865697,11.40175425099138,12.206555615733702,12.206555615733702,12.529964086141668,13.601470508735444,13.601470508735444,13.601470508735444,13.038404810405298,0.0,13.892443989449804,14.7648230602334,13.416407864998739,14.7648230602334,13.892443989449804,14.7648230602334,14.7648230602334,14.422205101855956,13.892443989449804,14.422205101855956,13.601470508735444,13.601470508735444,13.601470508735444,12.806248474865697,13.601470508735444,12.206555615733702,12.806248474865697,12.041594578792296,11.40175425099138,12.041594578792296,11.313708498984761,11.313708498984761,12.041594578792296,11.40175425099138,10.816653826391969,9.433981132056603,0.0,0.0,0.0,0.0,0.0,0.0,0.0,0.0,0.0,0.0,0.0,1.1525719972156676,1.1071487177940904,1.0636978224025597,1.0636978224025597,1.0636978224025597,1.0121970114513341,0.982793723247329,0.9272952180016122,0.8519663271732721,0.9097531579442097,0.9097531579442097,0.9097531579442097,0.8519663271732721,0.7853981633974483,0.7853981633974483,0.7266423406817256,0.6610431688506869,0.6747409422235526,0.6610431688506869,0.6107259643892086,0.6107259643892086,0.4993467216801301,0.628796286415433,0.628796286415433,0.628796286415433,0.5667292175235064,0.0,0.5280744484263596,0.49394136891958124,0.4636476090008061,0.49394136891958124,0.5280744484263596,0.49394136891958124,0.49394136891958124,0.5880026035475675,0.5280744484263596,0.5880026035475675,0.628796286415433,0.628796286415433,0.628796286415433,0.6747409422235526,0.628796286415433,0.6107259643892086,0.6747409422235526,0.7266423406817256,0.6610431688506869,0.7266423406817256,0.7853981633974483,0.7853981633974483,0.844153986113171,0.9097531579442097,0.982793723247329,1.0121970114513341,0.0,0.0,0.0,0.0,0.0
22.01983611700416,tx,1a:00:00:00:00:00,-49,97.09136050182485,64,0.6570672108073234,6.865228299434925,0,0,0,0,0,0,0,0,0,0,0,0,-3,-11,-3,-11,-3,-11,-4,-11,-4,-11,-4,-11,-4,-11,-5,-11,-5,-11,-5,-11,-6,-11,-6,-11,-6,-11,-6,-11,-7,-11,-7,-11,-8,-11,-7,-11,-8,-11,-8,-11,-8,-11,-9,-11,-9,-11,-10,-11,-10,-11,-10,-11,0,0,-10,-12,-10,-12,-11,-13,-10,-11,-10,-13,-10,-13,-10,-12,-10,-13,-9,-13,-9,-12,-9,-13,-9,-13,-8,-13,-8,-13,-7,-12,-7,-13,-7,-12,-7,-12,-6,-12,-6,-11,-6,-12,-5,-12,-4,-11,-4,-12,-3,-11,-3,-11,0,0,0,0,0,0,0,0,0,0,0.0,0.0,0.0,0.0,0.0,0.0,11.40175425099138,11.40175425099138,11.40175425099138,11.704699910719626,11.704699910719626,11.704699910719626,11.704699910719626,12.083045973594572,12.083045973594572,12.083045973594572,12.529964086141668,12.529964086141668,12.529964086141668,12.529964086141668,13.038404810405298,13.038404810405298,13.601470508735444,13.038404810405298,13.601470508735444,13.601470508735444,13.601470508735444,14.212670403551895,14.212670403551895,14.866068747318506,14.866068747318506,14.866068747318506,0.0,15.620499351813308,15.620499351813308,17.029386365926403,14.866068747318506,16.401219466856727,16.401219466856727,15.620499351813308,16.401219466856727,15.811388300841896,15.0,15.811388300841896,15.811388300841896,15.264337522473747,15.264337522473747,13.892443989449804,14.7648230602334,13.892443989449804,13.892443989449804,13.416407864998739,12.529964086141668,13.416407864998739,13.0,11.704699910719626,12.649110640673518,11.40175425099138,11.40175425099138,0.0,0.0,0.0,0.0,0.0,0.0,0.0,0.0,0.0,0.0,0.0,-1.837048375945822,-1.837048375945822,-1.837048375945822,-1.9195673303788037,-1.9195673303788037,-1.9195673303788037,-1.9195673303788037,-1.9974238199217726,-1.9974238199217726,-1.9974238199217726,-2.0701430484750265,-2.0701430484750265,-2.0701430484750265,-2.0701430484750265,-2.137525544318403,-2.137525544318403,-2.1995926132103296,-2.137525544318403,-2.1995926132103296,-2.1995926132103296,-2.1995926132103296,-2.256525837701183,-2.256525837701183,-2.3086113869153615,-2.3086113869153615,-2.3086113869153615,0.0,-2.2655346029916,-2.2655346029916,-2.2730532583039036,-2.3086113869153615,-2.2264919530364327,-2.2264919530364327,-2.2655346029916,-2.2264919530364327,-2.1763409903998667,-2.214297435588181,-2.1763409903998667,-2.1763409903998667,-2.1224513093234436,-2.1224513093234436,-2.0988707752212563,-2.0647376957144776,-2.0988707752212563,-2.0988707752212563,-2.0344439357957027,-2.0701430484750265,-2.0344439357957027,-1.965587446494658,-1.9195673303788037,-1.892546881191539,-1.837048375945822,-1.837048375945822,0.0,0.0,0.0,0.0,0.0
22.135675240002456,tx,1a:00:00:00:00:00,-49,97.09136050182485,64,0.6588383534885883,6.904768611449221,0,0,0,0,0,0,0,0,0,0,0,0,-9,-7,-9,-7,-9,-7,-10,-7,-10,-7,-10,-7,-10,-7,-11,-6,-11,-7,-11,-6,-11,-6,-11,-5,-12,-5,-12,-5,-13,-5,-12,-5,-13,-5,-12,-4,-14,-4,-13,-4,-14,-4,-14,-4,-14,-4,-14,-3,-15,-3,-16,-3,0,0,-16,-3,-15,-4,-16,-3,-15,-3,-16,-4,-16,-4,-16,-4,-16,-4,-16,-5,-15,-4,-15,-4,-15,-5,-15,-5,-15,-5,-13,-5,-14,-6,-13,-5,-13,-5,-13,-6,-12,-6,-12,-6,-11,-7,-11,-6,-10,-7,-10,-7,-10,-8,0,0,0,0,0,0,0,0,0,0,0.0,0.0,0.0,0.0,0.0,0.0,11.40175425099138,11.40175425099138,11.40175425099138,12.206555615733702,12.206555615733702,12.206555615733702,12.206555615733702,12.529964086141668,13.038404810405298,12.529964086141668,12.529964086141668,12.083045973594572,13.0,13.0,13.92838827718412,13.0,13.92838827718412,12.649110640673518,14.560219778561036,13.601470508735444,14.560219778561036,14.560219778561036,14.560219778561036,14.317821063276353,15.297058540778355,16.278820596099706,0.0,16.278820596099706,15.524174696260024,16.278820596099706,15.297058540778355,16.492422502470642,16.492422502470642,16.492422502470642,16.492422502470642,16.76305461424021,15.524174696260024,15.524174696260024,15.811388300841896,15.811388300841896,15.811388300841896,13.92838827718412,15.231546211727817,13.92838827718412,13.92838827718412,14.317821063276353,13.416407864998739,13.416407864998739,13.038404810405298,12.529964086141668,12.206555615733702,12.206555615733702,12.806248474865697,0.0,0.0,0.0,0.0,0.0,0.0,0.0,0.0,0.0,0.0,0.0,-2.4805494847391065,-2.4805494847391065,-2.4805494847391065,-2.5308666892005847,-2.5308666892005847,-2.5308666892005847,-2.5308666892005847,-2.642245931909663,-2.5748634360662868,-2.642245931909663,-2.642245931909663,-2.714965160462917,-2.746801533890032,-2.746801533890032,-2.774418819771574,-2.746801533890032,-2.774418819771574,-2.819842099193151,-2.8632929945846817,-2.843093722003614,-2.8632929945846817,-2.8632929945846817,-2.8632929945846817,-2.930499320367047,-2.9441970937399127,-2.9562447035940984,0.0,-2.9562447035940984,-2.8809902618424523,-2.9562447035940984,-2.9441970937399127,-2.896613990462929,-2.896613990462929,-2.896613990462929,-2.896613990462929,-2.838707785214822,-2.8809902618424523,-2.8809902618424523,-2.819842099193151,-2.819842099193151,-2.819842099193151,-2.774418819771574,-2.7367008673047097,-2.774418819771574,-2.774418819771574,-2.7091848780192556,-2.677945044588987,-2.677945044588987,-2.5748634360662868,-2.642245931909663,-2.5308666892005847,-2.5308666892005847,-2.4668517113662407,0.0,0.0,0.0,0.0,0.0
22.238884776001214,tx,1a:00:00:00:00:00,-49,97.09136050182485,64,0.6617875430520581,6.939652736894509,0,0,0,0,0,0,0,0,0,0,0,0,5,-11,4,-10,4,-12,4,-11,4,-12,4,-11,4,-12,4,-12,3,-12,4,-13,3,-13,3,-13,3,-13,2,-13,2,-13,2,-14,1,-13,1,-15,1,-14,1,-14,1,-15,0,-15,1,-16,0,-16,0,-16,0,-15,0,0,0,-16,0,-17,0,-16,0,-17,1,-16,0,-17,1,-17,1,-17,1,-17,2,-17,2,-16,2,-16,3,-16,2,-15,2,-15,2,-14,3,-15,3,-13,3,-13,4,-13,4,-13,5,-13,5,-13,5,-11,5,-11,5,-10,0,0,0,0,0,0,0,0,0,0,0.0,0.0,0.0,0.0,0.0,0.0,12.083045973594572,10.770329614269007,12.649110640673518,11.704699910719626,12.649110640673518,11.704699910719626,12.649110640673518,12.649110640673518,12.36931687685298,13.601470508735444,13.341664064126334,13.341664064126334,13.341664064126334,13.152946437965905,13.152946437965905,14.142135623730951,13.038404810405298,15.033296378372908,14.035668847618199,14.035668847618199,15.033296378372908,15.0,16.0312195418814,16.0,16.0,15.0,0.0,16.0,17.0,16.0,17.0,16.0312195418814,17.0,17.029386365926403,17.029386365926403,17.029386365926403,17.11724276862369,16.1245154965971,16.1245154965971,16.278820596099706,15.132745950421556,15.132745950421556,14.142135623730951,15.297058540778355,13.341664064126334,13.341664064126334,13.601470508735444,13.601470508735444,13.92838827718412,13.92838827718412,12.083045973594572,12.083045973594572,11.180339887498949,0.0,0.0,0.0,0.0,0.0,0.0,0.0,0.0,0.0,0.0,0.0,-1.1441688336680205,-1.1902899496825317,-1.2490457723982544,-1.2220253232109897,-1.2490457723982544,-1.2220253232109897,-1.2490457723982544,-1.2490457723982544,-1.3258176636680326,-1.2722973952087173,-1.3439974787410107,-1.3439974787410107,-1.3439974787410107,-1.4181469983996315,-1.4181469983996315,-1.4288992721907328,-1.4940244355251187,-1.5042281630190728,-1.4994888620096063,-1.4994888620096063,-1.5042281630190728,-1.5707963267948966,-1.5083775167989393,-1.5707963267948966,-1.5707963267948966,-1.5707963267948966,0.0,-1.5707963267948966,-1.5707963267948966,-1.5707963267948966,-1.5707963267948966,-1.5083775167989393,-1.5707963267948966,-1.512040504079174,-1.512040504079174,-1.512040504079174,-1.4536875822280324,-1.446441332248135,-1.446441332248135,-1.3854483767992019,-1.4382447944982226,-1.4382447944982226,-1.4288992721907328,-1.373400766945016,-1.3439974787410107,-1.3439974787410107,-1.2722973952087173,-1.2722973952087173,-1.2036224929766774,-1.2036224929766774,-1.1441688336680205,-1.1441688336680205,-1.1071487177940904,0.0,0.0,0.0,0.0,0.0
22.339254771002743,tx,1a:00:00:00:00:00,-49,97.09136050182485,64,0.6649105900004848,6.968157811097187,0,0,0,0,0,0,0,0,0,0,0,0,-12,0,-12,1,-12,1,-12,1,-13,1,-12,1,-12,1,-12,1,-13,2,-13,2,-13,2,-13,3,-13,3,-13,4,-13,4,-13,5,-12,5,-13,5,-13,5,-13,6,-13,5,-13,6,-14,7,-13,7,-14,7,-14,7,0,0,-14,7,-14,8,-14,8,-15,8,-14,8,-15,8,-15,7,-15,7,-15,7,-15,7,-14,7,-14,6,-14,6,-14,5,-14,6,-13,5,-14,5,-13,4,-13,4,-13,3,-13,3,-13,3,-13,2,-13,2,-12,1,-12,0,0,0,0,0,0,0,0,0,0,0,0.0,0.0,0.0,0.0,0.0,0.0,12.0,12.041594578792296,12.041594578792296,12.041594578792296,13.038404810405298,12.041594578792296,12.041594578792296,12.041594578792296,13.152946437965905,13.152946437965905,13.152946437965905,13.341664064126334,13.341664064126334,13.601470508735444,13.601470508735444,13.92838827718412,13.0,13.92838827718412,13.92838827718412,14.317821063276353,13.92838827718412,14.317821063276353,15.652475842498529,14.7648230602334,15.652475842498529,15.652475842498529,0.0,15.652475842498529,16.1245154965971,16.1245154965971,17.0,16.1245154965971,17.0,16.55294535724685,16.55294535724685,16.55294535724685,16.55294535724685,15.652475842498529,15.231546211727817,15.231546211727817,14.866068747318506,15.231546211727817,13.92838827718412,14.866068747318506,13.601470508735444,13.601470508735444,13.341664064126334,13.341664064126334,13.341664064126334,13.152946437965905,13.152946437965905,12.041594578792296,12.0,0.0,0.0,0.0,0.0,0.0,0.0,0.0,0.0,0.0,0.0,0.0,3.141592653589793,3.058451421701352,3.058451421701352,3.058451421701352,3.064820762320015,3.058451421701352,3.058451421701352,3.058451421701352,2.988943325194528,2.988943325194528,2.988943325194528,2.9147938055359073,2.9147938055359073,2.843093722003614,2.843093722003614,2.774418819771574,2.746801533890032,2.774418819771574,2.774418819771574,2.7091848780192556,2.774418819771574,2.7091848780192556,2.677945044588987,2.647651284670212,2.677945044588987,2.677945044588987,0.0,2.677945044588987,2.62244653934327,2.62244653934327,2.651635327336065,2.62244653934327,2.651635327336065,2.704965493776252,2.704965493776252,2.704965493776252,2.704965493776252,2.677945044588987,2.7367008673047097,2.7367008673047097,2.79856871316909,2.7367008673047097,2.774418819771574,2.79856871316909,2.843093722003614,2.843093722003614,2.9147938055359073,2.9147938055359073,2.9147938055359073,2.988943325194528,2.988943325194528,3.058451421701352,3.141592653589793,0.0,0.0,0.0,0.0,0.0
22.45005276399752,tx,1a:00:00:00:00:00,-49,97.09136050182485,64,0.6693100817434728,6.989160834733811,0,0,0,0,0,0,0,0,0,0,0,0,-11,-5,-11,-5,-12,-5,-12,-5,-12,-5,-12,-4,-12,-4,-12,-4,-12,-4,-13,-3,-13,-4,-13,-3,-13,-3,-14,-2,-14,-2,-14,-1,-14,-1,-14,-1,-14,0,-15,0,-15,0,-15,0,-16,0,-16,1,-16,1,-16,1,0,0,-16,1,-17,2,-17,2,-17,2,-16,1,-17,1,-17,1,-17,1,-17,1,-17,0,-16,0,-16,0,-16,-1,-16,0,-16,0,-15,0,-15,-1,-14,-1,-14,-1,-14,-2,-14,-2,-14,-2,-13,-3,-13,-3,-12,-4,-11,-4,0,0,0,0,0,0,0,0,0,0,0.0,0.0,0.0,0.0,0.0,0.0,12.083045973594572,12.083045973594572,13.0,13.0,13.0,12.649110640673518,12.649110640673518,12.649110640673518,12.649110640673518,13.341664064126334,13.601470508735444,13.341664064126334,13.341664064126334,14.142135623730951,14.142135623730951,14.035668847618199,14.035668847618199,14.035668847618199,14.0,15.0,15.0,15.0,16.0,16.0312195418814,16.0312195418814,16.0312195418814,0.0,16.0312195418814,17.11724276862369,17.11724276862369,17.11724276862369,16.0312195418814,17.029386365926403,17.029386365926403,17.029386365926403,17.029386365926403,17.0,16.0,16.0,16.0312195418814,16.0,16.0,15.0,15.033296378372908,14.035668847618199,14.035668847618199,14.142135623730951,14.142135623730951,14.142135623730951,13.341664064126334,13.341664064126334,12.649110640673518,11.704699910719626,0.0,0.0,0.0,0.0,0.0,0.0,0.0,0.0,0.0,0.0,0.0,-2.714965160462917,-2.714965160462917,-2.746801533890032,-2.746801533890032,-2.746801533890032,-2.819842099193151,-2.819842099193151,-2.819842099193151,-2.819842099193151,-2.9147938055359073,-2.843093722003614,-2.9147938055359073,-2.9147938055359073,-2.999695598985629,-2.999695598985629,-3.070285188804503,-3.070285188804503,-3.070285188804503,3.141592653589793,3.141592653589793,3.141592653589793,3.141592653589793,3.141592653589793,3.079173843593836,3.079173843593836,3.079173843593836,0.0,3.079173843593836,3.024483909022929,3.024483909022929,3.024483909022929,3.079173843593836,3.0828368308740703,3.0828368308740703,3.0828368308740703,3.0828368308740703,3.141592653589793,3.141592653589793,3.141592653589793,-3.079173843593836,3.141592653589793,3.141592653589793,3.141592653589793,-3.0750244898139694,-3.070285188804503,-3.070285188804503,-2.999695598985629,-2.999695598985629,-2.999695598985629,-2.9147938055359073,-2.9147938055359073,-2.819842099193151,-2.7928216500058864,0.0,0.0,0.0,0.0,0.0
22.55185208599869,tx,1a:00:00:00:00:00,-49,97.09136050182485,64,0.6726470392150599,7.002072566032314,0,0,0,0,0,0,0,0,0,0,0,0,0,-12,-1,-11,-1,-12,-1,-12,-1,-12,-2,-12,-2,-12,-2,-12,-3,-12,-2,-13,-3,-13,-3,-13,-3,-13,-4,-12,-4,-12,-6,-13,-5,-12,-6,-13,-6,-12,-7,-13,-6,-13,-8,-13,-7,-14,-8,-14,-7,-14,-8,-13,0,0,-8,-14,-10,-14,-9,-14,-9,-15,-8,-14,-9,-14,-9,-15,-8,-15,-9,-14,-8,-15,-7,-15,-7,-15,-7,-14,-6,-14,-7,-14,-6,-13,-6,-15,-6,-13,-5,-13,-5,-13,-4,-13,-5,-13,-3,-13,-2,-13,-2,-12,-1,-12,0,0,0,0,0,0,0,0,0,0,0.0,0.0,0.0,0.0,0.0,0.0,12.0,11.045361017187261,12.041594578792296,12.041594578792296,12.041594578792296,12.165525060596439,12.165525060596439,12.165525060596439,12.36931687685298,13.152946437965905,13.341664064126334,13.341664064126334,13.341664064126334,12.649110640673518,12.649110640673518,14.317821063276353,13.0,14.317821063276353,13.416407864998739,14.7648230602334,14.317821063276353,15.264337522473747,15.652475842498529,16.1245154965971,15.652475842498529,15.264337522473747,0.0,16.1245154965971,17.204650534085253,16.64331697709324,17.4928556845359,16.1245154965971,16.64331697709324,17.4928556845359,17.0,16.64331697709324,17.0,16.55294535724685,16.55294535724685,15.652475842498529,15.231546211727817,15.652475842498529,14.317821063276353,16.15549442140351,14.317821063276353,13.92838827718412,13.92838827718412,13.601470508735444,13.92838827718412,13.341664064126334,13.152946437965905,12.165525060596439,12.041594578792296,0.0,0.0,0.0,0.0,0.0,0.0,0.0,0.0,0.0,0.0,0.0,-1.5707963267948966,-1.6614562139956417,-1.6539375586833378,-1.6539375586833378,-1.6539375586833378,-1.7359450042095235,-1.7359450042095235,-1.7359450042095235,-1.8157749899217608,-1.7234456551901618,-1.7975951748487824,-1.7975951748487824,-1.7975951748487824,-1.892546881191539,-1.892546881191539,-2.0032041023654346,-1.965587446494658,-2.0032041023654346,-2.0344439357957027,-2.0647376957144776,-2.0032041023654346,-2.1224513093234436,-2.0344439357957027,-2.0899424410414196,-2.0344439357957027,-2.1224513093234436,0.0,-2.0899424410414196,-2.191045812777718,-2.1421338066285234,-2.1112158270654806,-2.0899424410414196,-2.1421338066285234,-2.1112158270654806,-2.060753653048625,-2.1421338066285234,-2.060753653048625,-2.007423486608438,-2.007423486608438,-2.0344439357957027,-1.97568811307998,-2.0344439357957027,-2.0032041023654346,-1.9513027039072615,-2.0032041023654346,-1.9379701606131159,-1.9379701606131159,-1.8692952583810758,-1.9379701606131159,-1.7975951748487824,-1.7234456551901618,-1.7359450042095235,-1.6539375586833378,0.0,0.0,0.0,0.0,0.0
22.659121620003134,tx,1a:00:00:00:00:00,-49,97.09136050182485,64,0.6748718123477739,7.006685784249823,0,0,0,0,0,0,0,0,0,0,0,0,9,-2,10,-2,10,-2,10,-3,10,-3,10,-3,10,-3,10,-4,10,-4,10,-5,10,-5,10,-5,10,-5,10,-6,10,-6,10,-6,11,-6,10,-6,11,-7,10,-7,10,-8,10,-8,10,-8,10,-9,10,-9,11,-9,0,0,11,-10,11,-9,12,-10,11,-9,12,-9,12,-10,12,-9,11,-9,12,-9,11,-8,12,-8,12,-8,12,-8,12,-8,11,-7,12,-7,11,-7,11,-6,11,-6,10,-5,11,-5,11,-4,10,-4,10,-4,10,-3,10,-3,0,0,0,0,0,0,0,0,0,0,0.0,0.0,0.0,0.0,0.0,0.0,9.219544457292887,10.198039027185569,10.198039027185569,10.44030650891055,10.44030650891055,10.44030650891055,10.44030650891055,10.770329614269007,10.770329614269007,11.180339887498949,11.180339887498949,11.180339887498949,11.180339887498949,11.661903789690601,11.661903789690601,11.661903789690601,12.529964086141668,11.661903789690601,13.038404810405298,12.206555615733702,12.806248474865697,12.806248474865697,12.806248474865697,13.45362404707371,13.45362404707371,14.212670403551895,0.0,14.866068747318506,14.212670403551895,15.620499351813308,14.212670403551895,15.0,15.620499351813308,15.0,14.212670403551895,15.0,13.601470508735444,14.422205101855956,14.422205101855956,14.422205101855956,14.422205101855956,13.038404810405298,13.892443989449804,13.038404810405298,12.529964086141668,12.529964086141668,11.180339887498949,12.083045973594572,11.704699910719626,10.770329614269007,10.770329614269007,10.44030650891055,10.44030650891055,0.0,0.0,0.0,0.0,0.0,0.0,0.0,0.0,0.0,0.0,0.0,-0.21866894587394195,-0.19739555984988075,-0.19739555984988075,-0.2914567944778671,-0.2914567944778671,-0.2914567944778671,-0.2914567944778671,-0.3805063771123649,-0.3805063771123649,-0.4636476090008061,-0.4636476090008061,-0.4636476090008061,-0.4636476090008061,-0.5404195002705842,-0.5404195002705842,-0.5404195002705842,-0.4993467216801301,-0.5404195002705842,-0.5667292175235064,-0.6107259643892086,-0.6747409422235526,-0.6747409422235526,-0.6747409422235526,-0.7328151017865066,-0.7328151017865066,-0.6857295109062863,0.0,-0.7378150601204649,-0.6857295109062863,-0.6947382761967031,-0.6857295109062863,-0.6435011087932844,-0.6947382761967031,-0.6435011087932844,-0.6857295109062863,-0.6435011087932844,-0.628796286415433,-0.5880026035475675,-0.5880026035475675,-0.5880026035475675,-0.5880026035475675,-0.5667292175235064,-0.5280744484263596,-0.5667292175235064,-0.4993467216801301,-0.4993467216801301,-0.4636476090008061,-0.4266274931268761,-0.348771003583907,-0.3805063771123649,-0.3805063771123649,-0.2914567944778671,-0.2914567944778671,0.0,0.0,0.0,0.0,0.0
22.75961989100324,tx,1a:00:00:00:00:00,-49,97.09136050182485,64,0.6764774511843352,7.003034400026841,0,0,0,0,0,0,0,0,0,0,0,0,-10,-6,-10,-5,-11,-6,-10,-5,-11,-5,-11,-5,-11,-5,-11,-5,-12,-4,-12,-4,-12,-4,-13,-4,-13,-4,-13,-3,-13,-3,-14,-2,-13,-2,-14,-2,-13,-1,-14,-1,-14,-2,-15,-1,-15,-1,-15,0,-15,0,-15,0,0,0,-16,0,-16,0,-16,0,-17,0,-16,0,-17,0,-17,-1,-16,-1,-16,-1,-17,-1,-16,-1,-15,-2,-15,-2,-14,-2,-15,-2,-14,-2,-15,-3,-14,-2,-13,-3,-13,-3,-13,-4,-13,-4,-13,-4,-12,-4,-11,-5,-10,-5,0,0,0,0,0,0,0,0,0,0,0.0,0.0,0.0,0.0,0.0,0.0,11.661903789690601,11.180339887498949,12.529964086141668,11.180339887498949,12.083045973594572,12.083045973594572,12.083045973594572,12.083045973594572,12.649110640673518,12.649110640673518,12.649110640673518,13.601470508735444,13.601470508735444,13.341664064126334,13.341664064126334,14.142135623730951,13.152946437965905,14.142135623730951,13.038404810405298,14.035668847618199,14.142135623730951,15.033296378372908,15.033296378372908,15.0,15.0,15.0,0.0,16.0,16.0,16.0,17.0,16.0,17.0,17.029386365926403,16.0312195418814,16.0312195418814,17.029386365926403,16.0312195418814,15.132745950421556,15.132745950421556,14.142135623730951,15.132745950421556,14.142135623730951,15.297058540778355,14.142135623730951,13.341664064126334,13.341664064126334,13.601470508735444,13.601470508735444,13.601470508735444,12.649110640673518,12.083045973594572,11.180339887498949,0.0,0.0,0.0,0.0,0.0,0.0,0.0,0.0,0.0,0.0,0.0,-2.601173153319209,-2.677945044588987,-2.642245931909663,-2.677945044588987,-2.714965160462917,-2.714965160462917,-2.714965160462917,-2.714965160462917,-2.819842099193151,-2.819842099193151,-2.819842099193151,-2.843093722003614,-2.843093722003614,-2.9147938055359073,-2.9147938055359073,-2.999695598985629,-2.988943325194528,-2.999695598985629,-3.064820762320015,-3.070285188804503,-2.999695598985629,-3.0750244898139694,-3.0750244898139694,3.141592653589793,3.141592653589793,3.141592653589793,0.0,3.141592653589793,3.141592653589793,3.141592653589793,3.141592653589793,3.141592653589793,3.141592653589793,-3.0828368308740703,-3.079173843593836,-3.079173843593836,-3.0828368308740703,-3.079173843593836,-3.0090411212931194,-3.0090411212931194,-2.999695598985629,-3.0090411212931194,-2.999695598985629,-2.9441970937399127,-2.999695598985629,-2.9147938055359073,-2.9147938055359073,-2.843093722003614,-2.843093722003614,-2.843093722003614,-2.819842099193151,-2.714965160462917,-2.677945044588987,0.0,0.0,0.0,0.0,0.0
22.872140726001817,tx,1a:00:00:00:00:00,-49,90.95307194394921,64,0.6778957797500094,6.969726913908923,0,0,0,0,0,0,0,0,0,0,0,0,-7,7,-7,8,-7,8,-8,8,-7,8,-7,8,-7,8,-6,9,-7,9,-6,9,-6,10,-6,10,-6,10,-6,11,-6,11,-6,11,-5,11,-5,11,-5,12,-5,12,-5,12,-5,12,-4,12,-4,13,-4,13,-4,14,0,0,-4,14,-5,14,-5,14,-4,14,-5,14,-5,14,-5,14,-5,14,-6,14,-5,13,-5,13,-6,13,-6,13,-6,13,-6,12,-7,12,-6,11,-7,11,-7,11,-7,10,-7,10,-8,9,-7,9,-8,8,-8,8,-8,7,0,0,0,0,0,0,0,0,0,0,0.0,0.0,0.0,0.0,0.0,0.0,9.899494936611665,10.63014581273465,10.63014581273465,11.313708498984761,10.63014581273465,10.63014581273465,10.63014581273465,10.816653826391969,11.40175425099138,10.816653826391969,11.661903789690601,11.661903789690601,11.661903789690601,12.529964086141668,12.529964086141668,12.529964086141668,12.083045973594572,12.083045973594572,13.0,13.0,13.0,13.0,12.649110640673518,13.601470508735444,13.601470508735444,14.560219778561036,0.0,14.560219778561036,14.866068747318506,14.866068747318506,14.560219778561036,14.866068747318506,14.866068747318506,14.866068747318506,14.866068747318506,15.231546211727817,13.92838827718412,13.92838827718412,14.317821063276353,14.317821063276353,14.317821063276353,13.416407864998739,13.892443989449804,12.529964086141668,13.038404810405298,13.038404810405298,12.206555615733702,12.206555615733702,12.041594578792296,11.40175425099138,11.313708498984761,11.313708498984761,10.63014581273465,0.0,0.0,0.0,0.0,0.0,0.0,0.0,0.0,0.0,0.0,0.0,2.356194490192345,2.289626326416521,2.289626326416521,2.356194490192345,2.289626326416521,2.289626326416521,2.289626326416521,2.158798930342464,2.2318394956455836,2.158798930342464,2.1112158270654806,2.1112158270654806,2.1112158270654806,2.0701430484750265,2.0701430484750265,2.0701430484750265,1.9974238199217726,1.9974238199217726,1.965587446494658,1.965587446494658,1.965587446494658,1.965587446494658,1.892546881191539,1.8692952583810758,1.8692952583810758,1.849095985800008,0.0,1.849095985800008,1.9138202672156,1.9138202672156,1.849095985800008,1.9138202672156,1.9138202672156,1.9138202672156,1.9138202672156,1.97568811307998,1.9379701606131159,1.9379701606131159,2.0032041023654346,2.0032041023654346,2.0032041023654346,2.0344439357957027,2.0988707752212563,2.0701430484750265,2.137525544318403,2.137525544318403,2.1815222911841055,2.1815222911841055,2.297438667476622,2.2318394956455836,2.356194490192345,2.356194490192345,2.4227626539681686,0.0,0.0,0.0,0.0,0.0
22.98072598100407,tx,1a:00:00:00:00:00,-49,90.95307194394921,64,0.6785075930147191,6.941399115127622,0,0,0,0,0,0,0,0,0,0,0,0,8,7,8,7,8,7,9,7,9,7,9,7,9,7,9,6,9,7,10,6,11,6,11,5,11,5,11,5,12,6,11,5,12,5,11,5,13,5,13,5,13,5,13,5,13,4,14,4,14,4,15,4,0,0,15,4,14,4,15,5,14,4,15,5,15,5,15,5,15,5,14,6,14,5,14,5,14,6,14,6,13,6,12,6,12,7,12,6,12,7,11,7,10,7,10,7,10,7,9,7,9,7,8,7,8,8,0,0,0,0,0,0,0,0,0,0,0.0,0.0,0.0,0.0,0.0,0.0,10.63014581273465,10.63014581273465,10.63014581273465,11.40175425099138,11.40175425099138,11.40175425099138,11.40175425099138,10.816653826391969,11.40175425099138,11.661903789690601,12.529964086141668,12.083045973594572,12.083045973594572,12.083045973594572,13.416407864998739,12.083045973594572,13.0,12.083045973594572,13.92838827718412,13.92838827718412,13.92838827718412,13.92838827718412,13.601470508735444,14.560219778561036,14.560219778561036,15.524174696260024,0.0,15.524174696260024,14.560219778561036,15.811388300841896,14.560219778561036,15.811388300841896,15.811388300841896,15.811388300841896,15.811388300841896,15.231546211727817,14.866068747318506,14.866068747318506,15.231546211727817,15.231546211727817,14.317821063276353,13.416407864998739,13.892443989449804,13.416407864998739,13.892443989449804,13.038404810405298,12.206555615733702,12.206555615733702,12.206555615733702,11.40175425099138,11.40175425099138,10.63014581273465,11.313708498984761,0.0,0.0,0.0,0.0,0.0,0.0,0.0,0.0,0.0,0.0,0.0,0.7188299996216245,0.7188299996216245,0.7188299996216245,0.6610431688506869,0.6610431688506869,0.6610431688506869,0.6610431688506869,0.5880026035475675,0.6610431688506869,0.5404195002705842,0.4993467216801301,0.4266274931268761,0.4266274931268761,0.4266274931268761,0.4636476090008061,0.4266274931268761,0.3947911196997615,0.4266274931268761,0.3671738338182192,0.3671738338182192,0.3671738338182192,0.3671738338182192,0.2984989315861793,0.27829965900511133,0.27829965900511133,0.260602391747341,0.0,0.260602391747341,0.27829965900511133,0.3217505543966422,0.27829965900511133,0.3217505543966422,0.3217505543966422,0.3217505543966422,0.3217505543966422,0.40489178628508343,0.3430239404207034,0.3430239404207034,0.40489178628508343,0.40489178628508343,0.43240777557053783,0.4636476090008061,0.5280744484263596,0.4636476090008061,0.5280744484263596,0.5667292175235064,0.6107259643892086,0.6107259643892086,0.6107259643892086,0.6610431688506869,0.6610431688506869,0.7188299996216245,0.7853981633974483,0.0,0.0,0.0,0.0,0.0
23.092604614001175,tx,1a:00:00:00:00:00,-49,90.95307194394921,64,0.6792402214976324,6.912453410552723,0,0,0,0,0,0,0,0,0,0,0,0,8,-6,8,-6,8,-6,9,-6,8,-6,8,-7,8,-7,8,-7,8,-7,8,-8,8,-8,8,-9,8,-9,7,-9,8,-10,7,-9,7,-10,7,-10,7,-11,7,-11,7,-11,7,-11,7,-11,7,-12,7,-12,7,-13,0,0,7,-13,7,-12,8,-13,7,-12,8,-13,8,-13,8,-12,8,-12,9,-12,8,-12,8,-12,8,-12,8,-11,9,-11,8,-10,9,-10,8,-10,8,-9,8,-9,8,-8,8,-8,9,-8,8,-7,8,-7,8,-7,8,-6,0,0,0,0,0,0,0,0,0,0,0.0,0.0,0.0,0.0,0.0,0.0,10.0,10.0,10.0,10.816653826391969,10.0,10.63014581273465,10.63014581273465,10.63014581273465,10.63014581273465,11.313708498984761,11.313708498984761,12.041594578792296,12.041594578792296,11.40175425099138,12.806248474865697,11.40175425099138,12.206555615733702,12.206555615733702,13.038404810405298,13.038404810405298,13.038404810405298,13.038404810405298,13.038404810405298,13.892443989449804,13.892443989449804,14.7648230602334,0.0,14.7648230602334,13.892443989449804,15.264337522473747,13.892443989449804,15.264337522473747,15.264337522473747,14.422205101855956,14.422205101855956,15.0,14.422205101855956,14.422205101855956,14.422205101855956,13.601470508735444,14.212670403551895,12.806248474865697,13.45362404707371,12.806248474865697,12.041594578792296,12.041594578792296,11.313708498984761,11.313708498984761,12.041594578792296,10.63014581273465,10.63014581273465,10.63014581273465,10.0,0.0,0.0,0.0,0.0,0.0,0.0,0.0,0.0,0.0,0.0,0.0,-0.6435011087932844,-0.6435011087932844,-0.6435011087932844,-0.5880026035475675,-0.6435011087932844,-0.7188299996216245,-0.7188299996216245,-0.7188299996216245,-0.7188299996216245,-0.7853981633974483,-0.7853981633974483,-0.844153986113171,-0.844153986113171,-0.9097531579442097,-0.8960553845713439,-0.9097531579442097,-0.960070362405688,-0.960070362405688,-1.0040671092713902,-1.0040671092713902,-1.0040671092713902,-1.0040671092713902,-1.0040671092713902,-1.042721878368537,-1.042721878368537,-1.0768549578753155,0.0,-1.0768549578753155,-1.042721878368537,-1.0191413442663497,-1.042721878368537,-1.0191413442663497,-1.0191413442663497,-0.982793723247329,-0.982793723247329,-0.9272952180016122,-0.982793723247329,-0.982793723247329,-0.982793723247329,-0.9420000403794636,-0.8850668158886104,-0.8960553845713439,-0.83798122500839,-0.8960553845713439,-0.844153986113171,-0.844153986113171,-0.7853981633974483,-0.7853981633974483,-0.7266423406817256,-0.7188299996216245,-0.7188299996216245,-0.7188299996216245,-0.6435011087932844,0.0,0.0,0.0,0.0,0.0
23.198303001001477,tx,1a:00:00:00:00:00,-48,90.95307194394921,64,0.6800326012592038,6.888113549398112,0,0,0,0,0,0,0,0,0,0,0,0,8,6,9,6,8,6,9,6,8,5,10,6,9,6,10,5,10,6,10,4,11,4,11,4,11,4,12,3,12,4,11,3,13,3,11,3,13,3,13,3,13,3,13,3,13,1,14,1,14,1,15,1,0,0,15,2,14,2,16,2,14,2,16,2,15,3,15,3,15,3,15,4,14,3,14,2,14,3,14,2,14,3,13,4,14,4,12,3,12,4,12,5,11,5,11,5,10,6,10,4,10,5,10,5,9,6,0,0,0,0,0,0,0,0,0,0,0.0,0.0,0.0,0.0,0.0,0.0,10.0,10.816653826391969,10.0,10.816653826391969,9.433981132056603,11.661903789690601,10.816653826391969,11.180339887498949,11.661903789690601,10.770329614269007,11.704699910719626,11.704699910719626,11.704699910719626,12.36931687685298,12.649110640673518,11.40175425099138,13.341664064126334,11.40175425099138,13.341664064126334,13.341664064126334,13.341664064126334,13.341664064126334,13.038404810405298,14.035668847618199,14.035668847618199,15.033296378372908,0.0,15.132745950421556,14.142135623730951,16.1245154965971,14.142135623730951,16.1245154965971,15.297058540778355,15.297058540778355,15.297058540778355,15.524174696260024,14.317821063276353,14.142135623730951,14.317821063276353,14.142135623730951,14.317821063276353,13.601470508735444,14.560219778561036,12.36931687685298,12.649110640673518,13.0,12.083045973594572,12.083045973594572,11.661903789690601,10.770329614269007,11.180339887498949,11.180339887498949,10.816653826391969,0.0,0.0,0.0,0.0,0.0,0.0,0.0,0.0,0.0,0.0,0.0,0.6435011087932844,0.5880026035475675,0.6435011087932844,0.5880026035475675,0.5585993153435624,0.5404195002705842,0.5880026035475675,0.4636476090008061,0.5404195002705842,0.3805063771123649,0.348771003583907,0.348771003583907,0.348771003583907,0.24497866312686414,0.3217505543966422,0.2662520491509254,0.22679884805388587,0.2662520491509254,0.22679884805388587,0.22679884805388587,0.22679884805388587,0.22679884805388587,0.07677189126977804,0.07130746478529032,0.07130746478529032,0.06656816377582381,0.0,0.13255153229667402,0.14189705460416394,0.12435499454676144,0.14189705460416394,0.12435499454676144,0.19739555984988075,0.19739555984988075,0.19739555984988075,0.260602391747341,0.21109333322274654,0.14189705460416394,0.21109333322274654,0.14189705460416394,0.21109333322274654,0.2984989315861793,0.27829965900511133,0.24497866312686414,0.3217505543966422,0.3947911196997615,0.4266274931268761,0.4266274931268761,0.5404195002705842,0.3805063771123649,0.4636476090008061,0.4636476090008061,0.5880026035475675,0.0,0.0,0.0,0.0,0.0
23.299140292998345,tx,1a:00:00:00:00:00,-49,90.95307194394921,64,0.6783435277257724,6.86932538427083,0,0,0,0,0,0,0,0,0,0,0,0,9,-7,8,-7,9,-7,8,-7,8,-8,8,-8,8,-8,8,-9,8,-9,8,-9,8,-9,8,-9,8,-10,8,-10,7,-10,7,-11,7,-11,7,-11,7,-11,7,-12,6,-12,7,-13,6,-13,7,-13,7,-13,7,-13,0,0,7,-14,7,-14,7,-14,7,-14,7,-14,7,-14,7,-14,8,-14,8,-14,8,-13,8,-13,8,-13,8,-13,8,-12,8,-12,8,-11,8,-11,8,-10,8,-10,8,-10,8,-10,8,-9,9,-9,9,-8,9,-7,9,-7,0,0,0,0,0,0,0,0,0,0,0.0,0.0,0.0,0.0,0.0,0.0,11.40175425099138,10.63014581273465,11.40175425099138,10.63014581273465,11.313708498984761,11.313708498984761,11.313708498984761,12.041594578792296,12.041594578792296,12.041594578792296,12.041594578792296,12.041594578792296,12.806248474865697,12.806248474865697,12.206555615733702,13.038404810405298,13.038404810405298,13.038404810405298,13.038404810405298,13.892443989449804,13.416407864998739,14.7648230602334,14.317821063276353,14.7648230602334,14.7648230602334,14.7648230602334,0.0,15.652475842498529,15.652475842498529,15.652475842498529,15.652475842498529,15.652475842498529,15.652475842498529,15.652475842498529,16.1245154965971,16.1245154965971,15.264337522473747,15.264337522473747,15.264337522473747,15.264337522473747,14.422205101855956,14.422205101855956,13.601470508735444,13.601470508735444,12.806248474865697,12.806248474865697,12.806248474865697,12.806248474865697,12.041594578792296,12.727922061357855,12.041594578792296,11.40175425099138,11.40175425099138,0.0,0.0,0.0,0.0,0.0,0.0,0.0,0.0,0.0,0.0,0.0,-0.6610431688506869,-0.7188299996216245,-0.6610431688506869,-0.7188299996216245,-0.7853981633974483,-0.7853981633974483,-0.7853981633974483,-0.844153986113171,-0.844153986113171,-0.844153986113171,-0.844153986113171,-0.844153986113171,-0.8960553845713439,-0.8960553845713439,-0.960070362405688,-1.0040671092713902,-1.0040671092713902,-1.0040671092713902,-1.0040671092713902,-1.042721878368537,-1.1071487177940904,-1.0768549578753155,-1.1383885512243588,-1.0768549578753155,-1.0768549578753155,-1.0768549578753155,0.0,-1.1071487177940904,-1.1071487177940904,-1.1071487177940904,-1.1071487177940904,-1.1071487177940904,-1.1071487177940904,-1.1071487177940904,-1.0516502125483738,-1.0516502125483738,-1.0191413442663497,-1.0191413442663497,-1.0191413442663497,-1.0191413442663497,-0.982793723247329,-0.982793723247329,-0.9420000403794636,-0.9420000403794636,-0.8960553845713439,-0.8960553845713439,-0.8960553845713439,-0.8960553845713439,-0.844153986113171,-0.7853981633974483,-0.7266423406817256,-0.6610431688506869,-0.6610431688506869,0.0,0.0,0.0,0.0,0.0
23.408212672002264,tx,1a:00:00:00:00:00,-49,90.95307194394921,64,0.677211208391195,6.852583911607479,0,0,0,0,0,0,0,0,0,0,0,0,5,8,5,8,6,8,6,8,6,8,6,8,6,8,7,8,7,8,7,8,7,8,8,8,8,7,9,7,9,8,9,7,9,7,10,7,10,7,10,7,10,7,11,7,11,7,11,7,12,7,12,7,0,0,12,7,12,7,12,7,12,7,12,7,12,8,12,8,12,8,12,8,11,8,11,8,11,8,10,9,10,8,10,8,10,8,9,8,9,8,8,8,7,8,7,8,7,9,6,9,6,9,6,9,4,9,0,0,0,0,0,0,0,0,0,0,0.0,0.0,0.0,0.0,0.0,0.0,9.433981132056603,9.433981132056603,10.0,10.0,10.0,10.0,10.0,10.63014581273465,10.63014581273465,10.63014581273465,10.63014581273465,11.313708498984761,10.63014581273465,11.40175425099138,12.041594578792296,11.40175425099138,11.40175425099138,12.206555615733702,12.206555615733702,12.206555615733702,12.206555615733702,13.038404810405298,13.038404810405298,13.038404810405298,13.892443989449804,13.892443989449804,0.0,13.892443989449804,13.892443989449804,13.892443989449804,13.892443989449804,13.892443989449804,14.422205101855956,14.422205101855956,14.422205101855956,14.422205101855956,13.601470508735444,13.601470508735444,13.601470508735444,13.45362404707371,12.806248474865697,12.806248474865697,12.806248474865697,12.041594578792296,12.041594578792296,11.313708498984761,10.63014581273465,10.63014581273465,11.40175425099138,10.816653826391969,10.816653826391969,10.816653826391969,9.848857801796104,0.0,0.0,0.0,0.0,0.0,0.0,0.0,0.0,0.0,0.0,0.0,1.0121970114513341,1.0121970114513341,0.9272952180016122,0.9272952180016122,0.9272952180016122,0.9272952180016122,0.9272952180016122,0.8519663271732721,0.8519663271732721,0.8519663271732721,0.8519663271732721,0.7853981633974483,0.7188299996216245,0.6610431688506869,0.7266423406817256,0.6610431688506869,0.6610431688506869,0.6107259643892086,0.6107259643892086,0.6107259643892086,0.6107259643892086,0.5667292175235064,0.5667292175235064,0.5667292175235064,0.5280744484263596,0.5280744484263596,0.0,0.5280744484263596,0.5280744484263596,0.5280744484263596,0.5280744484263596,0.5280744484263596,0.5880026035475675,0.5880026035475675,0.5880026035475675,0.5880026035475675,0.628796286415433,0.628796286415433,0.628796286415433,0.7328151017865066,0.6747409422235526,0.6747409422235526,0.6747409422235526,0.7266423406817256,0.7266423406817256,0.7853981633974483,0.8519663271732721,0.8519663271732721,0.9097531579442097,0.982793723247329,0.982793723247329,0.982793723247329,1.1525719972156676,0.0,0.0,0.0,0.0,0.0
23.508727861000807,tx,1a:00:00:00:00:00,-49,90.95307194394921,64,0.6756373467779198,6.835143746094481,0,0,0,0,0,0,0,0,0,0,0,0,9,5,10,5,9,5,10,5,10,4,10,4,10,4,10,4,11,4,11,3,11,3,11,3,12,3,12,3,13,2,12,2,13,2,12,1,13,1,13,1,13,1,14,1,13,1,14,0,15,0,15,0,0,0,15,0,15,1,16,1,15,0,15,1,16,1,15,1,15,1,15,2,14,2,15,2,14,2,15,2,14,2,13,3,14,3,13,3,12,3,12,3,11,4,12,4,11,4,11,4,10,5,10,5,9,5,0,0,0,0,0,0,0,0,0,0,0.0,0.0,0.0,0.0,0.0,0.0,10.295630140987,11.180339887498949,10.295630140987,11.180339887498949,10.770329614269007,10.770329614269007,10.770329614269007,10.770329614269007,11.704699910719626,11.40175425099138,11.40175425099138,11.40175425099138,12.36931687685298,12.36931687685298,13.152946437965905,12.165525060596439,13.152946437965905,12.041594578792296,13.038404810405298,13.038404810405298,13.038404810405298,14.035668847618199,13.038404810405298,14.0,15.0,15.0,0.0,15.0,15.033296378372908,16.0312195418814,15.0,15.033296378372908,16.0312195418814,15.033296378372908,15.033296378372908,15.132745950421556,14.142135623730951,15.132745950421556,14.142135623730951,15.132745950421556,14.142135623730951,13.341664064126334,14.317821063276353,13.341664064126334,12.36931687685298,12.36931687685298,11.704699910719626,12.649110640673518,11.704699910719626,11.704699910719626,11.180339887498949,11.180339887498949,10.295630140987,0.0,0.0,0.0,0.0,0.0,0.0,0.0,0.0,0.0,0.0,0.0,0.507098504392337,0.4636476090008061,0.507098504392337,0.4636476090008061,0.3805063771123649,0.3805063771123649,0.3805063771123649,0.3805063771123649,0.348771003583907,0.2662520491509254,0.2662520491509254,0.2662520491509254,0.24497866312686414,0.24497866312686414,0.15264932839526515,0.16514867741462683,0.15264932839526515,0.08314123188844123,0.07677189126977804,0.07677189126977804,0.07677189126977804,0.07130746478529032,0.07677189126977804,0.0,0.0,0.0,0.0,0.0,0.06656816377582381,0.06241880999595735,0.0,0.06656816377582381,0.06241880999595735,0.06656816377582381,0.06656816377582381,0.13255153229667402,0.14189705460416394,0.13255153229667402,0.14189705460416394,0.13255153229667402,0.14189705460416394,0.22679884805388587,0.21109333322274654,0.22679884805388587,0.24497866312686414,0.24497866312686414,0.348771003583907,0.3217505543966422,0.348771003583907,0.348771003583907,0.4636476090008061,0.4636476090008061,0.507098504392337,0.0,0.0,0.0,0.0,0.0
23.60972212100023,tx,1a:00:00:00:00:00,-49,90.95307194394921,64,0.6724598999733951,6.814717447342934,0,0,0,0,0,0,0,0,0,0,0,0,1,-11,1,-11,0,-11,0,-11,0,-11,0,-11,0,-12,-1,-12,-1,-12,-1,-12,-1,-12,-2,-12,-2,-12,-3,-12,-3,-12,-3,-13,-3,-13,-4,-12,-4,-13,-4,-13,-4,-13,-5,-13,-5,-13,-5,-14,-5,-14,-6,-14,0,0,-6,-14,-6,-14,-6,-15,-6,-14,-6,-15,-6,-15,-5,-15,-5,-15,-5,-15,-5,-15,-5,-14,-4,-14,-4,-14,-4,-14,-3,-14,-3,-14,-3,-14,-3,-13,-2,-13,-2,-12,-2,-13,-1,-12,-1,-12,-1,-12,0,-11,0,-11,0,0,0,0,0,0,0,0,0,0,0.0,0.0,0.0,0.0,0.0,0.0,11.045361017187261,11.045361017187261,11.0,11.0,11.0,11.0,12.0,12.041594578792296,12.041594578792296,12.041594578792296,12.041594578792296,12.165525060596439,12.165525060596439,12.36931687685298,12.36931687685298,13.341664064126334,13.341664064126334,12.649110640673518,13.601470508735444,13.601470508735444,13.601470508735444,13.92838827718412,13.92838827718412,14.866068747318506,14.866068747318506,15.231546211727817,0.0,15.231546211727817,15.231546211727817,16.15549442140351,15.231546211727817,16.15549442140351,16.15549442140351,15.811388300841896,15.811388300841896,15.811388300841896,15.811388300841896,14.866068747318506,14.560219778561036,14.560219778561036,14.560219778561036,14.317821063276353,14.317821063276353,14.317821063276353,13.341664064126334,13.152946437965905,12.165525060596439,13.152946437965905,12.041594578792296,12.041594578792296,12.041594578792296,11.0,11.0,0.0,0.0,0.0,0.0,0.0,0.0,0.0,0.0,0.0,0.0,0.0,-1.4801364395941514,-1.4801364395941514,-1.5707963267948966,-1.5707963267948966,-1.5707963267948966,-1.5707963267948966,-1.5707963267948966,-1.6539375586833378,-1.6539375586833378,-1.6539375586833378,-1.6539375586833378,-1.7359450042095235,-1.7359450042095235,-1.8157749899217608,-1.8157749899217608,-1.7975951748487824,-1.7975951748487824,-1.892546881191539,-1.8692952583810758,-1.8692952583810758,-1.8692952583810758,-1.9379701606131159,-1.9379701606131159,-1.9138202672156,-1.9138202672156,-1.97568811307998,0.0,-1.97568811307998,-1.97568811307998,-1.9513027039072615,-1.97568811307998,-1.9513027039072615,-1.9513027039072615,-1.892546881191539,-1.892546881191539,-1.892546881191539,-1.892546881191539,-1.9138202672156,-1.849095985800008,-1.849095985800008,-1.849095985800008,-1.7818896600176433,-1.7818896600176433,-1.7818896600176433,-1.7975951748487824,-1.7234456551901618,-1.7359450042095235,-1.7234456551901618,-1.6539375586833378,-1.6539375586833378,-1.6539375586833378,-1.5707963267948966,-1.5707963267948966,0.0,0.0,0.0,0.0,0.0
23.719314351998037,tx,1a:00:00:00:00:00,-49,90.95307194394921,64,0.6709720966359634,6.7893670723986315,0,0,0,0,0,0,0,0,0,0,0,0,5,-10,5,-10,5,-11,5,-11,5,-11,4,-11,4,-11,4,-11,4,-12,4,-12,4,-12,3,-12,3,-13,3,-13,3,-13,2,-14,2,-13,1,-14,1,-14,1,-14,1,-14,0,-15,1,-15,0,-15,0,-16,0,-15,0,0,0,-16,0,-16,0,-16,-1,-17,0,-16,0,-16,1,-16,1,-16,1,-17,1,-16,1,-16,2,-16,2,-15,2,-15,2,-15,2,-14,2,-15,2,-13,2,-13,3,-13,3,-13,3,-13,4,-12,4,-12,4,-11,5,-10,0,0,0,0,0,0,0,0,0,0,0.0,0.0,0.0,0.0,0.0,0.0,11.180339887498949,11.180339887498949,12.083045973594572,12.083045973594572,12.083045973594572,11.704699910719626,11.704699910719626,11.704699910719626,12.649110640673518,12.649110640673518,12.649110640673518,12.36931687685298,13.341664064126334,13.341664064126334,13.341664064126334,14.142135623730951,13.152946437965905,14.035668847618199,14.035668847618199,14.035668847618199,14.035668847618199,15.0,15.033296378372908,15.0,16.0,15.0,0.0,16.0,16.0,16.0,17.029386365926403,16.0,16.0,16.0312195418814,16.0312195418814,17.029386365926403,16.0312195418814,16.0312195418814,16.1245154965971,15.132745950421556,15.132745950421556,15.132745950421556,14.142135623730951,15.132745950421556,13.152946437965905,13.152946437965905,13.341664064126334,13.341664064126334,13.341664064126334,12.649110640673518,12.649110640673518,11.704699910719626,11.180339887498949,0.0,0.0,0.0,0.0,0.0,0.0,0.0,0.0,0.0,0.0,0.0,-1.1071487177940904,-1.1071487177940904,-1.1441688336680205,-1.1441688336680205,-1.1441688336680205,-1.2220253232109897,-1.2220253232109897,-1.2220253232109897,-1.2490457723982544,-1.2490457723982544,-1.2490457723982544,-1.3258176636680326,-1.3439974787410107,-1.3439974787410107,-1.3439974787410107,-1.4288992721907328,-1.4181469983996315,-1.4994888620096063,-1.4994888620096063,-1.4994888620096063,-1.4994888620096063,-1.5707963267948966,-1.5042281630190728,-1.5707963267948966,-1.5707963267948966,-1.5707963267948966,0.0,-1.5707963267948966,-1.5707963267948966,-1.5707963267948966,-1.6295521495106193,-1.5707963267948966,-1.5707963267948966,-1.5083775167989393,-1.5083775167989393,-1.512040504079174,-1.5083775167989393,-1.5083775167989393,-1.446441332248135,-1.4382447944982226,-1.4382447944982226,-1.4382447944982226,-1.4288992721907328,-1.4382447944982226,-1.4181469983996315,-1.4181469983996315,-1.3439974787410107,-1.3439974787410107,-1.3439974787410107,-1.2490457723982544,-1.2490457723982544,-1.2220253232109897,-1.1071487177940904,0.0,0.0,0.0,0.0,0.0
23.8194753889984,tx,1a:00:00:00:00:00,-49,91.85700280509847,64,0.6702186856665671,6.7575839202888215,0,0,0,0,0,0,0,0,0,0,0,0,-11,1,-11,1,-12,2,-12,2,-12,2,-11,2,-11,3,-12,3,-12,4,-12,4,-12,4,-12,4,-12,5,-12,5,-12,5,-12,6,-12,6,-12,6,-12,7,-12,7,-12,7,-12,8,-12,8,-12,9,-12,9,-12,9,0,0,-12,9,-12,10,-12,9,-13,10,-13,9,-13,10,-13,10,-13,9,-13,9,-13,9,-13,8,-13,8,-13,8,-12,7,-13,7,-12,7,-13,7,-12,6,-12,6,-12,5,-12,5,-12,5,-12,4,-12,4,-12,3,-11,2,0,0,0,0,0,0,0,0,0,0,0.0,0.0,0.0,0.0,0.0,0.0,11.045361017187261,11.045361017187261,12.165525060596439,12.165525060596439,12.165525060596439,11.180339887498949,11.40175425099138,12.36931687685298,12.649110640673518,12.649110640673518,12.649110640673518,12.649110640673518,13.0,13.0,13.0,13.416407864998739,13.416407864998739,13.416407864998739,13.892443989449804,13.892443989449804,13.892443989449804,14.422205101855956,14.422205101855956,15.0,15.0,15.0,0.0,15.0,15.620499351813308,15.0,16.401219466856727,15.811388300841896,16.401219466856727,16.401219466856727,15.811388300841896,15.811388300841896,15.811388300841896,15.264337522473747,15.264337522473747,15.264337522473747,13.892443989449804,14.7648230602334,13.892443989449804,14.7648230602334,13.416407864998739,13.416407864998739,13.0,13.0,13.0,12.649110640673518,12.649110640673518,12.36931687685298,11.180339887498949,0.0,0.0,0.0,0.0,0.0,0.0,0.0,0.0,0.0,0.0,0.0,3.050932766389048,3.050932766389048,2.976443976175166,2.976443976175166,2.976443976175166,2.961739153797315,2.875340604438868,2.896613990462929,2.819842099193151,2.819842099193151,2.819842099193151,2.819842099193151,2.746801533890032,2.746801533890032,2.746801533890032,2.677945044588987,2.677945044588987,2.677945044588987,2.6135182051634334,2.6135182051634334,2.6135182051634334,2.5535900500422257,2.5535900500422257,2.498091544796509,2.498091544796509,2.498091544796509,0.0,2.498091544796509,2.44685437739309,2.498091544796509,2.485897027348257,2.5360479899848234,2.485897027348257,2.485897027348257,2.5360479899848234,2.5360479899848234,2.5360479899848234,2.5899376710612465,2.5899376710612465,2.5899376710612465,2.6135182051634334,2.647651284670212,2.6135182051634334,2.647651284670212,2.677945044588987,2.677945044588987,2.746801533890032,2.746801533890032,2.746801533890032,2.819842099193151,2.819842099193151,2.896613990462929,2.961739153797315,0.0,0.0,0.0,0.0,0.0
23.931871877000958,tx,1a:00:00:00:00:00,-49,91.85700280509847,64,0.6703885471621077,6.718285965927776,0,0,0,0,0,0,0,0,0,0,0,0,9,-4,9,-4,9,-5,9,-5,9,-5,9,-5,9,-6,9,-6,9,-6,9,-6,9,-6,9,-7,9,-7,9,-8,9,-8,8,-9,8,-9,8,-9,8,-9,8,-10,8,-10,8,-10,9,-10,9,-10,9,-11,9,-11,0,0,9,-11,9,-11,9,-11,9,-12,9,-11,10,-11,9,-11,10,-11,10,-11,10,-11,10,-10,10,-10,10,-9,10,-9,10,-9,10,-9,10,-8,9,-8,9,-7,9,-7,9,-7,9,-6,10,-6,9,-5,9,-5,9,-4,0,0,0,0,0,0,0,0,0,0,0.0,0.0,0.0,0.0,0.0,0.0,9.848857801796104,9.848857801796104,10.295630140987,10.295630140987,10.295630140987,10.295630140987,10.816653826391969,10.816653826391969,10.816653826391969,10.816653826391969,10.816653826391969,11.40175425099138,11.40175425099138,12.041594578792296,12.041594578792296,12.041594578792296,12.041594578792296,12.041594578792296,12.041594578792296,12.806248474865697,12.806248474865697,12.806248474865697,13.45362404707371,13.45362404707371,14.212670403551895,14.212670403551895,0.0,14.212670403551895,14.212670403551895,14.212670403551895,15.0,14.212670403551895,14.866068747318506,14.212670403551895,14.866068747318506,14.866068747318506,14.866068747318506,14.142135623730951,14.142135623730951,13.45362404707371,13.45362404707371,13.45362404707371,13.45362404707371,12.806248474865697,12.041594578792296,11.40175425099138,11.40175425099138,11.40175425099138,10.816653826391969,11.661903789690601,10.295630140987,10.295630140987,9.848857801796104,0.0,0.0,0.0,0.0,0.0,0.0,0.0,0.0,0.0,0.0,0.0,-0.4182243295792291,-0.4182243295792291,-0.507098504392337,-0.507098504392337,-0.507098504392337,-0.507098504392337,-0.5880026035475675,-0.5880026035475675,-0.5880026035475675,-0.5880026035475675,-0.5880026035475675,-0.6610431688506869,-0.6610431688506869,-0.7266423406817256,-0.7266423406817256,-0.844153986113171,-0.844153986113171,-0.844153986113171,-0.844153986113171,-0.8960553845713439,-0.8960553845713439,-0.8960553845713439,-0.83798122500839,-0.83798122500839,-0.8850668158886104,-0.8850668158886104,0.0,-0.8850668158886104,-0.8850668158886104,-0.8850668158886104,-0.9272952180016122,-0.8850668158886104,-0.8329812666744317,-0.8850668158886104,-0.8329812666744317,-0.8329812666744317,-0.8329812666744317,-0.7853981633974483,-0.7853981633974483,-0.7328151017865066,-0.7328151017865066,-0.7328151017865066,-0.7328151017865066,-0.6747409422235526,-0.7266423406817256,-0.6610431688506869,-0.6610431688506869,-0.6610431688506869,-0.5880026035475675,-0.5404195002705842,-0.507098504392337,-0.507098504392337,-0.4182243295792291,0.0,0.0,0.0,0.0,0.0
24.040824941999745,tx,1a:00:00:00:00:00,-49,91.85700280509847,64,0.6705651713469867,6.670668443703015,0,0,0,0,0,0,0,0,0,0,0,0,-8,7,-8,7,-8,8,-8,8,-8,8,-8,8,-7,9,-7,9,-7,9,-7,10,-7,10,-7,10,-7,10,-7,11,-6,11,-6,12,-6,12,-6,12,-5,12,-5,12,-5,13,-5,13,-5,13,-5,13,-5,14,-5,14,0,0,-5,15,-5,15,-5,15,-5,15,-5,14,-5,15,-6,15,-6,15,-6,14,-6,14,-6,13,-7,13,-7,13,-7,13,-7,13,-6,12,-7,12,-7,11,-7,11,-7,10,-7,11,-7,10,-8,10,-8,9,-8,8,-8,7,0,0,0,0,0,0,0,0,0,0,0.0,0.0,0.0,0.0,0.0,0.0,10.63014581273465,10.63014581273465,11.313708498984761,11.313708498984761,11.313708498984761,11.313708498984761,11.40175425099138,11.40175425099138,11.40175425099138,12.206555615733702,12.206555615733702,12.206555615733702,12.206555615733702,13.038404810405298,12.529964086141668,13.416407864998739,13.416407864998739,13.416407864998739,13.0,13.0,13.92838827718412,13.92838827718412,13.92838827718412,13.92838827718412,14.866068747318506,14.866068747318506,0.0,15.811388300841896,15.811388300841896,15.811388300841896,15.811388300841896,14.866068747318506,15.811388300841896,16.15549442140351,16.15549442140351,15.231546211727817,15.231546211727817,14.317821063276353,14.7648230602334,14.7648230602334,14.7648230602334,14.7648230602334,13.416407864998739,13.892443989449804,13.038404810405298,13.038404810405298,12.206555615733702,13.038404810405298,12.206555615733702,12.806248474865697,12.041594578792296,11.313708498984761,10.63014581273465,0.0,0.0,0.0,0.0,0.0,0.0,0.0,0.0,0.0,0.0,0.0,2.4227626539681686,2.4227626539681686,2.356194490192345,2.356194490192345,2.356194490192345,2.356194490192345,2.2318394956455836,2.2318394956455836,2.2318394956455836,2.1815222911841055,2.1815222911841055,2.1815222911841055,2.1815222911841055,2.137525544318403,2.0701430484750265,2.0344439357957027,2.0344439357957027,2.0344439357957027,1.965587446494658,1.965587446494658,1.9379701606131159,1.9379701606131159,1.9379701606131159,1.9379701606131159,1.9138202672156,1.9138202672156,0.0,1.892546881191539,1.892546881191539,1.892546881191539,1.892546881191539,1.9138202672156,1.892546881191539,1.9513027039072615,1.9513027039072615,1.97568811307998,1.97568811307998,2.0032041023654346,2.0647376957144776,2.0647376957144776,2.0647376957144776,2.0647376957144776,2.0344439357957027,2.0988707752212563,2.137525544318403,2.137525544318403,2.1815222911841055,2.137525544318403,2.1815222911841055,2.2455372690184494,2.297438667476622,2.356194490192345,2.4227626539681686,0.0,0.0,0.0,0.0,0.0
24.14156830000138,tx,1a:00:00:00:00:00,-48,91.85700280509847,64,0.6684094491741528,6.61411756268901,0,0,0,0,0,0,0,0,0,0,0,0,-9,-7,-8,-7,-10,-7,-9,-7,-10,-7,-9,-6,-10,-6,-10,-6,-10,-6,-11,-6,-11,-6,-11,-6,-11,-6,-11,-5,-11,-5,-13,-5,-12,-4,-13,-4,-12,-4,-13,-3,-13,-4,-14,-3,-14,-4,-14,-4,-14,-4,-14,-4,0,0,-15,-4,-16,-3,-15,-3,-16,-4,-15,-3,-16,-4,-15,-3,-15,-5,-15,-4,-15,-5,-15,-5,-14,-5,-14,-5,-13,-5,-14,-4,-13,-5,-13,-6,-12,-5,-12,-5,-12,-5,-11,-6,-11,-6,-11,-7,-10,-7,-9,-7,-8,-7,0,0,0,0,0,0,0,0,0,0,0.0,0.0,0.0,0.0,0.0,0.0,11.40175425099138,10.63014581273465,12.206555615733702,11.40175425099138,12.206555615733702,10.816653826391969,11.661903789690601,11.661903789690601,11.661903789690601,12.529964086141668,12.529964086141668,12.529964086141668,12.529964086141668,12.083045973594572,12.083045973594572,13.92838827718412,12.649110640673518,13.601470508735444,12.649110640673518,13.341664064126334,13.601470508735444,14.317821063276353,14.560219778561036,14.560219778561036,14.560219778561036,14.560219778561036,0.0,15.524174696260024,16.278820596099706,15.297058540778355,16.492422502470642,15.297058540778355,16.492422502470642,15.297058540778355,15.811388300841896,15.524174696260024,15.811388300841896,15.811388300841896,14.866068747318506,14.866068747318506,13.92838827718412,14.560219778561036,13.92838827718412,14.317821063276353,13.0,13.0,13.0,12.529964086141668,12.529964086141668,13.038404810405298,12.206555615733702,11.40175425099138,10.63014581273465,0.0,0.0,0.0,0.0,0.0,0.0,0.0,0.0,0.0,0.0,0.0,-2.4805494847391065,-2.4227626539681686,-2.5308666892005847,-2.4805494847391065,-2.5308666892005847,-2.5535900500422257,-2.601173153319209,-2.601173153319209,-2.601173153319209,-2.642245931909663,-2.642245931909663,-2.642245931909663,-2.642245931909663,-2.714965160462917,-2.714965160462917,-2.774418819771574,-2.819842099193151,-2.843093722003614,-2.819842099193151,-2.9147938055359073,-2.843093722003614,-2.930499320367047,-2.8632929945846817,-2.8632929945846817,-2.8632929945846817,-2.8632929945846817,0.0,-2.8809902618424523,-2.9562447035940984,-2.9441970937399127,-2.896613990462929,-2.9441970937399127,-2.896613990462929,-2.9441970937399127,-2.819842099193151,-2.8809902618424523,-2.819842099193151,-2.819842099193151,-2.79856871316909,-2.79856871316909,-2.774418819771574,-2.8632929945846817,-2.774418819771574,-2.7091848780192556,-2.746801533890032,-2.746801533890032,-2.746801533890032,-2.642245931909663,-2.642245931909663,-2.5748634360662868,-2.5308666892005847,-2.4805494847391065,-2.4227626539681686,0.0,0.0,0.0,0.0,0.0
24.259552864998113,tx,1a:00:00:00:00:00,-49,91.85700280509847,64,0.6670610722103744,6.548163412026916,0,0,0,0,0,0,0,0,0,0,0,0,10,-2,11,-2,10,-2,11,-3,10,-3,11,-3,11,-3,11,-3,11,-3,10,-4,11,-5,11,-6,11,-6,11,-6,12,-6,11,-6,12,-7,10,-6,12,-8,11,-7,12,-7,12,-8,11,-8,11,-9,12,-9,12,-10,0,0,12,-10,12,-9,13,-10,12,-9,13,-10,13,-9,13,-9,13,-8,13,-8,12,-8,13,-8,13,-8,13,-8,13,-8,12,-6,13,-6,12,-6,12,-6,12,-5,12,-4,12,-5,12,-4,11,-4,11,-3,11,-3,11,-2,0,0,0,0,0,0,0,0,0,0,0.0,0.0,0.0,0.0,0.0,0.0,10.198039027185569,11.180339887498949,10.198039027185569,11.40175425099138,10.44030650891055,11.40175425099138,11.40175425099138,11.40175425099138,11.40175425099138,10.770329614269007,12.083045973594572,12.529964086141668,12.529964086141668,12.529964086141668,13.416407864998739,12.529964086141668,13.892443989449804,11.661903789690601,14.422205101855956,13.038404810405298,13.892443989449804,14.422205101855956,13.601470508735444,14.212670403551895,15.0,15.620499351813308,0.0,15.620499351813308,15.0,16.401219466856727,15.0,16.401219466856727,15.811388300841896,15.811388300841896,15.264337522473747,15.264337522473747,14.422205101855956,15.264337522473747,15.264337522473747,15.264337522473747,15.264337522473747,13.416407864998739,14.317821063276353,13.416407864998739,13.416407864998739,13.0,12.649110640673518,13.0,12.649110640673518,11.704699910719626,11.40175425099138,11.40175425099138,11.180339887498949,0.0,0.0,0.0,0.0,0.0,0.0,0.0,0.0,0.0,0.0,0.0,-0.19739555984988075,-0.17985349979247828,-0.19739555984988075,-0.2662520491509254,-0.2914567944778671,-0.2662520491509254,-0.2662520491509254,-0.2662520491509254,-0.2662520491509254,-0.3805063771123649,-0.4266274931268761,-0.4993467216801301,-0.4993467216801301,-0.4993467216801301,-0.4636476090008061,-0.4993467216801301,-0.5280744484263596,-0.5404195002705842,-0.5880026035475675,-0.5667292175235064,-0.5280744484263596,-0.5880026035475675,-0.628796286415433,-0.6857295109062863,-0.6435011087932844,-0.6947382761967031,0.0,-0.6947382761967031,-0.6435011087932844,-0.6556956262415362,-0.6435011087932844,-0.6556956262415362,-0.6055446636049701,-0.6055446636049701,-0.5516549825285468,-0.5516549825285468,-0.5880026035475675,-0.5516549825285468,-0.5516549825285468,-0.5516549825285468,-0.5516549825285468,-0.4636476090008061,-0.43240777557053783,-0.4636476090008061,-0.4636476090008061,-0.3947911196997615,-0.3217505543966422,-0.3947911196997615,-0.3217505543966422,-0.348771003583907,-0.2662520491509254,-0.2662520491509254,-0.17985349979247828,0.0,0.0,0.0,0.0,0.0
24.36974172400369,tx,1a:00:00:00:00:00,-49,91.85700280509847,64,0.6685125282743891,6.472503845939032,0,0,0,0,0,0,0,0,0,0,0,0,-5,-10,-6,-11,-6,-11,-6,-11,-6,-11,-7,-11,-6,-11,-7,-11,-7,-11,-8,-10,-8,-10,-9,-10,-9,-10,-9,-10,-10,-10,-10,-10,-10,-10,-10,-10,-11,-10,-11,-10,-11,-10,-11,-10,-12,-9,-13,-10,-13,-10,-13,-10,0,0,-13,-10,-13,-10,-14,-11,-13,-10,-13,-11,-13,-11,-13,-12,-13,-11,-12,-12,-12,-11,-12,-11,-12,-11,-12,-11,-12,-12,-10,-11,-10,-12,-10,-11,-9,-11,-9,-11,-8,-11,-8,-11,-7,-11,-7,-11,-7,-11,-6,-11,-5,-11,0,0,0,0,0,0,0,0,0,0,0.0,0.0,0.0,0.0,0.0,0.0,11.180339887498949,12.529964086141668,12.529964086141668,12.529964086141668,12.529964086141668,13.038404810405298,12.529964086141668,13.038404810405298,13.038404810405298,12.806248474865697,12.806248474865697,13.45362404707371,13.45362404707371,13.45362404707371,14.142135623730951,14.142135623730951,14.142135623730951,14.142135623730951,14.866068747318506,14.866068747318506,14.866068747318506,14.866068747318506,15.0,16.401219466856727,16.401219466856727,16.401219466856727,0.0,16.401219466856727,16.401219466856727,17.804493814764857,16.401219466856727,17.029386365926403,17.029386365926403,17.69180601295413,17.029386365926403,16.97056274847714,16.278820596099706,16.278820596099706,16.278820596099706,16.278820596099706,16.97056274847714,14.866068747318506,15.620499351813308,14.866068747318506,14.212670403551895,14.212670403551895,13.601470508735444,13.601470508735444,13.038404810405298,13.038404810405298,13.038404810405298,12.529964086141668,12.083045973594572,0.0,0.0,0.0,0.0,0.0,0.0,0.0,0.0,0.0,0.0,0.0,-2.0344439357957027,-2.0701430484750265,-2.0701430484750265,-2.0701430484750265,-2.0701430484750265,-2.137525544318403,-2.0701430484750265,-2.137525544318403,-2.137525544318403,-2.2455372690184494,-2.2455372690184494,-2.3036114285814033,-2.3036114285814033,-2.3036114285814033,-2.356194490192345,-2.356194490192345,-2.356194490192345,-2.356194490192345,-2.403777593469328,-2.403777593469328,-2.403777593469328,-2.403777593469328,-2.498091544796509,-2.485897027348257,-2.485897027348257,-2.485897027348257,0.0,-2.485897027348257,-2.485897027348257,-2.4756234162106834,-2.485897027348257,-2.439335722080786,-2.439335722080786,-2.396173177315635,-2.439335722080786,-2.356194490192345,-2.399645385583876,-2.399645385583876,-2.399645385583876,-2.399645385583876,-2.356194490192345,-2.3086113869153615,-2.2655346029916,-2.3086113869153615,-2.256525837701183,-2.256525837701183,-2.1995926132103296,-2.1995926132103296,-2.137525544318403,-2.137525544318403,-2.137525544318403,-2.0701430484750265,-1.9974238199217726,0.0,0.0,0.0,0.0,0.0
24.47891596500267,tx,1a:00:00:00:00:00,-49,91.85700280509847,64,0.6695587134299202,6.399149872938856,0,0,0,0,0,0,0,0,0,0,0,0,5,-10,5,-10,4,-10,5,-10,4,-10,4,-11,4,-11,3,-11,4,-11,3,-11,3,-12,3,-12,3,-12,2,-12,2,-13,2,-13,2,-13,1,-13,1,-13,1,-13,1,-14,1,-14,1,-14,0,-15,0,-15,0,-15,0,0,0,-16,1,-15,1,-16,0,-15,1,-16,1,-16,1,-16,1,-16,2,-16,1,-15,2,-15,2,-15,2,-15,2,-15,3,-13,3,-14,2,-13,3,-13,3,-13,3,-12,3,-12,4,-12,4,-10,4,-11,4,-11,6,-10,0,0,0,0,0,0,0,0,0,0,0.0,0.0,0.0,0.0,0.0,0.0,11.180339887498949,11.180339887498949,10.770329614269007,11.180339887498949,10.770329614269007,11.704699910719626,11.704699910719626,11.40175425099138,11.704699910719626,11.40175425099138,12.36931687685298,12.36931687685298,12.36931687685298,12.165525060596439,13.152946437965905,13.152946437965905,13.152946437965905,13.038404810405298,13.038404810405298,13.038404810405298,14.035668847618199,14.035668847618199,14.035668847618199,15.0,15.0,15.0,0.0,16.0,15.033296378372908,16.0312195418814,15.0,16.0312195418814,16.0312195418814,16.0312195418814,16.0312195418814,16.1245154965971,15.033296378372908,15.132745950421556,15.132745950421556,15.132745950421556,15.132745950421556,13.341664064126334,14.317821063276353,13.152946437965905,13.341664064126334,13.341664064126334,12.36931687685298,12.36931687685298,12.649110640673518,10.770329614269007,11.704699910719626,11.704699910719626,11.661903789690601,0.0,0.0,0.0,0.0,0.0,0.0,0.0,0.0,0.0,0.0,0.0,-1.1071487177940904,-1.1071487177940904,-1.1902899496825317,-1.1071487177940904,-1.1902899496825317,-1.2220253232109897,-1.2220253232109897,-1.3045442776439713,-1.2220253232109897,-1.3045442776439713,-1.3258176636680326,-1.3258176636680326,-1.3258176636680326,-1.4056476493802699,-1.4181469983996315,-1.4181469983996315,-1.4181469983996315,-1.4940244355251187,-1.4940244355251187,-1.4940244355251187,-1.4994888620096063,-1.4994888620096063,-1.4994888620096063,-1.5707963267948966,-1.5707963267948966,-1.5707963267948966,0.0,-1.5707963267948966,-1.5042281630190728,-1.5083775167989393,-1.5707963267948966,-1.5083775167989393,-1.5083775167989393,-1.5083775167989393,-1.5083775167989393,-1.446441332248135,-1.5042281630190728,-1.4382447944982226,-1.4382447944982226,-1.4382447944982226,-1.4382447944982226,-1.3439974787410107,-1.35970299357215,-1.4181469983996315,-1.3439974787410107,-1.3439974787410107,-1.3258176636680326,-1.3258176636680326,-1.2490457723982544,-1.1902899496825317,-1.2220253232109897,-1.2220253232109897,-1.0303768265243125,0.0,0.0,0.0,0.0,0.0
24.58100523900066,tx,1a:00:00:00:00:00,-49,91.85700280509847,64,0.670355809445805,6.383259813924679,0,0,0,0,0,0,0,0,0,0,0,0,9,-5,10,-5,9,-5,10,-5,9,-5,10,-6,10,-5,10,-6,10,-6,9,-7,9,-7,9,-8,9,-8,9,-8,10,-8,9,-8,10,-9,9,-9,9,-10,9,-9,9,-10,10,-10,9,-10,9,-11,9,-12,9,-12,0,0,10,-12,10,-11,11,-12,9,-11,10,-11,11,-12,11,-11,11,-11,11,-10,10,-10,10,-11,10,-10,11,-10,11,-10,10,-8,11,-8,10,-8,10,-8,10,-7,10,-6,10,-7,11,-6,10,-6,10,-5,10,-5,10,-4,0,0,0,0,0,0,0,0,0,0,0.0,0.0,0.0,0.0,0.0,0.0,10.295630140987,11.180339887498949,10.295630140987,11.180339887498949,10.295630140987,11.661903789690601,11.180339887498949,11.661903789690601,11.661903789690601,11.40175425099138,11.40175425099138,12.041594578792296,12.041594578792296,12.041594578792296,12.806248474865697,12.041594578792296,13.45362404707371,12.727922061357855,13.45362404707371,12.727922061357855,13.45362404707371,14.142135623730951,13.45362404707371,14.212670403551895,15.0,15.0,0.0,15.620499351813308,14.866068747318506,16.278820596099706,14.212670403551895,14.866068747318506,16.278820596099706,15.556349186104045,15.556349186104045,14.866068747318506,14.142135623730951,14.866068747318506,14.142135623730951,14.866068747318506,14.866068747318506,12.806248474865697,13.601470508735444,12.806248474865697,12.806248474865697,12.206555615733702,11.661903789690601,12.206555615733702,12.529964086141668,11.661903789690601,11.180339887498949,11.180339887498949,10.770329614269007,0.0,0.0,0.0,0.0,0.0,0.0,0.0,0.0,0.0,0.0,0.0,-0.507098504392337,-0.4636476090008061,-0.507098504392337,-0.4636476090008061,-0.507098504392337,-0.5404195002705842,-0.4636476090008061,-0.5404195002705842,-0.5404195002705842,-0.6610431688506869,-0.6610431688506869,-0.7266423406817256,-0.7266423406817256,-0.7266423406817256,-0.6747409422235526,-0.7266423406817256,-0.7328151017865066,-0.7853981633974483,-0.83798122500839,-0.7853981633974483,-0.83798122500839,-0.7853981633974483,-0.83798122500839,-0.8850668158886104,-0.9272952180016122,-0.9272952180016122,0.0,-0.8760580505981934,-0.8329812666744317,-0.8288490587889792,-0.8850668158886104,-0.8329812666744317,-0.8288490587889792,-0.7853981633974483,-0.7853981633974483,-0.7378150601204649,-0.7853981633974483,-0.8329812666744317,-0.7853981633974483,-0.7378150601204649,-0.7378150601204649,-0.6747409422235526,-0.628796286415433,-0.6747409422235526,-0.6747409422235526,-0.6107259643892086,-0.5404195002705842,-0.6107259643892086,-0.4993467216801301,-0.5404195002705842,-0.4636476090008061,-0.4636476090008061,-0.3805063771123649,0.0,0.0,0.0,0.0,0.0
24.68960000199877,tx,1a:00:00:00:00:00,-48,91.85700280509847,64,0.6708486526220427,6.407436853447769,0,0,0,0,0,0,0,0,0,0,0,0,-4,-10,-4,-10,-5,-11,-5,-10,-5,-11,-5,-10,-6,-10,-6,-10,-6,-10,-7,-10,-7,-11,-7,-10,-7,-10,-8,-10,-8,-10,-9,-10,-9,-10,-9,-10,-9,-10,-10,-10,-10,-10,-10,-10,-10,-10,-11,-10,-11,-10,-11,-10,0,0,-11,-10,-12,-10,-12,-10,-12,-11,-11,-11,-12,-11,-11,-11,-11,-11,-11,-11,-11,-11,-10,-11,-10,-11,-10,-11,-10,-11,-9,-11,-9,-11,-9,-11,-8,-11,-8,-11,-7,-11,-7,-11,-7,-10,-6,-11,-5,-11,-5,-11,-4,-10,0,0,0,0,0,0,0,0,0,0,0.0,0.0,0.0,0.0,0.0,0.0,10.770329614269007,10.770329614269007,12.083045973594572,11.180339887498949,12.083045973594572,11.180339887498949,11.661903789690601,11.661903789690601,11.661903789690601,12.206555615733702,13.038404810405298,12.206555615733702,12.206555615733702,12.806248474865697,12.806248474865697,13.45362404707371,13.45362404707371,13.45362404707371,13.45362404707371,14.142135623730951,14.142135623730951,14.142135623730951,14.142135623730951,14.866068747318506,14.866068747318506,14.866068747318506,0.0,14.866068747318506,15.620499351813308,15.620499351813308,16.278820596099706,15.556349186104045,16.278820596099706,15.556349186104045,15.556349186104045,15.556349186104045,15.556349186104045,14.866068747318506,14.866068747318506,14.866068747318506,14.866068747318506,14.212670403551895,14.212670403551895,14.212670403551895,13.601470508735444,13.601470508735444,13.038404810405298,13.038404810405298,12.206555615733702,12.529964086141668,12.083045973594572,12.083045973594572,10.770329614269007,0.0,0.0,0.0,0.0,0.0,0.0,0.0,0.0,0.0,0.0,0.0,-1.9513027039072615,-1.9513027039072615,-1.9974238199217726,-2.0344439357957027,-1.9974238199217726,-2.0344439357957027,-2.1112158270654806,-2.1112158270654806,-2.1112158270654806,-2.1815222911841055,-2.137525544318403,-2.1815222911841055,-2.1815222911841055,-2.2455372690184494,-2.2455372690184494,-2.3036114285814033,-2.3036114285814033,-2.3036114285814033,-2.3036114285814033,-2.356194490192345,-2.356194490192345,-2.356194490192345,-2.356194490192345,-2.403777593469328,-2.403777593469328,-2.403777593469328,0.0,-2.403777593469328,-2.44685437739309,-2.44685437739309,-2.399645385583876,-2.356194490192345,-2.399645385583876,-2.356194490192345,-2.356194490192345,-2.356194490192345,-2.356194490192345,-2.3086113869153615,-2.3086113869153615,-2.3086113869153615,-2.3086113869153615,-2.256525837701183,-2.256525837701183,-2.256525837701183,-2.1995926132103296,-2.1995926132103296,-2.137525544318403,-2.137525544318403,-2.1815222911841055,-2.0701430484750265,-1.9974238199217726,-1.9974238199217726,-1.9513027039072615,0.0,0.0,0.0,0.0,0.0
24.800240278003912,tx,1a:00:00:00:00:00,-49,91.85700280509847,64,0.6708808972742726,6.459465617832764,0,0,0,0,0,0,0,0,0,0,0,0,8,-6,8,-6,8,-6,9,-6,8,-6,8,-7,8,-7,8,-7,8,-7,8,-8,8,-8,8,-9,7,-9,7,-9,7,-10,7,-10,7,-10,7,-10,7,-11,7,-11,7,-11,7,-12,6,-11,6,-12,6,-13,6,-13,0,0,6,-13,7,-13,7,-14,6,-13,7,-13,7,-13,7,-13,7,-13,8,-13,7,-12,7,-12,8,-12,8,-12,8,-12,8,-11,8,-11,7,-10,7,-10,7,-10,8,-9,8,-9,8,-9,8,-8,8,-8,8,-7,8,-6,0,0,0,0,0,0,0,0,0,0,0.0,0.0,0.0,0.0,0.0,0.0,10.0,10.0,10.0,10.816653826391969,10.0,10.63014581273465,10.63014581273465,10.63014581273465,10.63014581273465,11.313708498984761,11.313708498984761,12.041594578792296,11.40175425099138,11.40175425099138,12.206555615733702,12.206555615733702,12.206555615733702,12.206555615733702,13.038404810405298,13.038404810405298,13.038404810405298,13.892443989449804,12.529964086141668,13.416407864998739,14.317821063276353,14.317821063276353,0.0,14.317821063276353,14.7648230602334,15.652475842498529,14.317821063276353,14.7648230602334,14.7648230602334,14.7648230602334,14.7648230602334,15.264337522473747,13.892443989449804,13.892443989449804,14.422205101855956,14.422205101855956,14.422205101855956,13.601470508735444,13.601470508735444,12.206555615733702,12.206555615733702,12.206555615733702,12.041594578792296,12.041594578792296,12.041594578792296,11.313708498984761,11.313708498984761,10.63014581273465,10.0,0.0,0.0,0.0,0.0,0.0,0.0,0.0,0.0,0.0,0.0,0.0,-0.6435011087932844,-0.6435011087932844,-0.6435011087932844,-0.5880026035475675,-0.6435011087932844,-0.7188299996216245,-0.7188299996216245,-0.7188299996216245,-0.7188299996216245,-0.7853981633974483,-0.7853981633974483,-0.844153986113171,-0.9097531579442097,-0.9097531579442097,-0.960070362405688,-0.960070362405688,-0.960070362405688,-0.960070362405688,-1.0040671092713902,-1.0040671092713902,-1.0040671092713902,-1.042721878368537,-1.0714496051147666,-1.1071487177940904,-1.1383885512243588,-1.1383885512243588,0.0,-1.1383885512243588,-1.0768549578753155,-1.1071487177940904,-1.1383885512243588,-1.0768549578753155,-1.0768549578753155,-1.0768549578753155,-1.0768549578753155,-1.0191413442663497,-1.042721878368537,-1.042721878368537,-0.982793723247329,-0.982793723247329,-0.982793723247329,-0.9420000403794636,-0.9420000403794636,-0.960070362405688,-0.960070362405688,-0.960070362405688,-0.844153986113171,-0.844153986113171,-0.844153986113171,-0.7853981633974483,-0.7853981633974483,-0.7188299996216245,-0.6435011087932844,0.0,0.0,0.0,0.0,0.0
24.908468768000603,tx,1a:00:00:00:00:00,-49,95.16939162357177,64,0.6709168080503343,6.462884454894628,0,0,0,0,0,0,0,0,0,0,0,0,-2,11,-1,11,-1,11,-1,11,-1,11,0,11,0,11,0,11,0,11,1,12,1,12,2,12,2,12,2,12,2,12,3,12,3,12,3,12,4,13,4,13,4,13,5,13,5,13,5,13,5,14,6,13,0,0,6,14,6,14,6,14,6,14,6,15,6,15,6,15,5,15,5,14,5,15,5,14,4,14,3,14,4,14,3,14,3,14,2,14,2,13,2,13,2,13,1,13,1,12,0,12,-1,12,-1,11,-1,11,0,0,0,0,0,0,0,0,0,0,0.0,0.0,0.0,0.0,0.0,0.0,11.180339887498949,11.045361017187261,11.045361017187261,11.045361017187261,11.045361017187261,11.0,11.0,11.0,11.0,12.041594578792296,12.041594578792296,12.165525060596439,12.165525060596439,12.165525060596439,12.165525060596439,12.36931687685298,12.36931687685298,12.36931687685298,13.601470508735444,13.601470508735444,13.601470508735444,13.92838827718412,13.92838827718412,13.92838827718412,14.866068747318506,14.317821063276353,0.0,15.231546211727817,15.231546211727817,15.231546211727817,15.231546211727817,16.15549442140351,16.15549442140351,16.15549442140351,15.811388300841896,14.866068747318506,15.811388300841896,14.866068747318506,14.560219778561036,14.317821063276353,14.560219778561036,14.317821063276353,14.317821063276353,14.142135623730951,13.152946437965905,13.152946437965905,13.152946437965905,13.038404810405298,12.041594578792296,12.0,12.041594578792296,11.045361017187261,11.045361017187261,0.0,0.0,0.0,0.0,0.0,0.0,0.0,0.0,0.0,0.0,0.0,1.750649826587375,1.6614562139956417,1.6614562139956417,1.6614562139956417,1.6614562139956417,1.5707963267948966,1.5707963267948966,1.5707963267948966,1.5707963267948966,1.4876550949064553,1.4876550949064553,1.4056476493802699,1.4056476493802699,1.4056476493802699,1.4056476493802699,1.3258176636680326,1.3258176636680326,1.3258176636680326,1.2722973952087173,1.2722973952087173,1.2722973952087173,1.2036224929766774,1.2036224929766774,1.2036224929766774,1.2277723863741932,1.1383885512243588,0.0,1.1659045405098132,1.1659045405098132,1.1659045405098132,1.1659045405098132,1.1902899496825317,1.1902899496825317,1.1902899496825317,1.2490457723982544,1.2277723863741932,1.2490457723982544,1.2277723863741932,1.2924966677897853,1.35970299357215,1.2924966677897853,1.35970299357215,1.35970299357215,1.4288992721907328,1.4181469983996315,1.4181469983996315,1.4181469983996315,1.4940244355251187,1.4876550949064553,1.5707963267948966,1.6539375586833378,1.6614562139956417,1.6614562139956417,0.0,0.0,0.0,0.0,0.0
25.009337064002466,tx,1a:00:00:00:00:00,-49,95.16939162357177,64,0.6712553527762709,6.478427179722287,0,0,0,0,0,0,0,0,0,0,0,0,-6,-9,-7,-9,-7,-9,-7,-9,-7,-9,-7,-9,-8,-9,-8,-9,-9,-9,-9,-9,-9,-9,-9,-9,-9,-9,-10,-8,-10,-8,-11,-8,-11,-8,-11,-8,-11,-7,-12,-7,-12,-7,-12,-7,-12,-8,-13,-7,-13,-8,-13,-7,0,0,-14,-8,-14,-7,-14,-7,-14,-8,-13,-8,-14,-8,-14,-8,-14,-8,-14,-8,-13,-9,-13,-9,-12,-9,-12,-9,-12,-9,-12,-9,-11,-9,-11,-9,-10,-9,-10,-9,-10,-9,-9,-9,-9,-9,-8,-10,-7,-9,-7,-10,-6,-10,0,0,0,0,0,0,0,0,0,0,0.0,0.0,0.0,0.0,0.0,0.0,10.816653826391969,11.40175425099138,11.40175425099138,11.40175425099138,11.40175425099138,11.40175425099138,12.041594578792296,12.041594578792296,12.727922061357855,12.727922061357855,12.727922061357855,12.727922061357855,12.727922061357855,12.806248474865697,12.806248474865697,13.601470508735444,13.601470508735444,13.601470508735444,13.038404810405298,13.892443989449804,13.892443989449804,13.892443989449804,14.422205101855956,14.7648230602334,15.264337522473747,14.7648230602334,0.0,16.1245154965971,15.652475842498529,15.652475842498529,16.1245154965971,15.264337522473747,16.1245154965971,16.1245154965971,16.1245154965971,16.1245154965971,15.811388300841896,15.811388300841896,15.0,15.0,15.0,15.0,14.212670403551895,14.212670403551895,13.45362404707371,13.45362404707371,13.45362404707371,12.727922061357855,12.727922061357855,12.806248474865697,11.40175425099138,12.206555615733702,11.661903789690601,0.0,0.0,0.0,0.0,0.0,0.0,0.0,0.0,0.0,0.0,0.0,-2.158798930342464,-2.2318394956455836,-2.2318394956455836,-2.2318394956455836,-2.2318394956455836,-2.2318394956455836,-2.297438667476622,-2.297438667476622,-2.356194490192345,-2.356194490192345,-2.356194490192345,-2.356194490192345,-2.356194490192345,-2.4668517113662407,-2.4668517113662407,-2.5127963671743605,-2.5127963671743605,-2.5127963671743605,-2.5748634360662868,-2.6135182051634334,-2.6135182051634334,-2.6135182051634334,-2.5535900500422257,-2.647651284670212,-2.5899376710612465,-2.647651284670212,0.0,-2.62244653934327,-2.677945044588987,-2.677945044588987,-2.62244653934327,-2.5899376710612465,-2.62244653934327,-2.62244653934327,-2.62244653934327,-2.62244653934327,-2.5360479899848234,-2.5360479899848234,-2.498091544796509,-2.498091544796509,-2.498091544796509,-2.498091544796509,-2.455863142683507,-2.455863142683507,-2.408777551803287,-2.408777551803287,-2.408777551803287,-2.356194490192345,-2.356194490192345,-2.2455372690184494,-2.2318394956455836,-2.1815222911841055,-2.1112158270654806,0.0,0.0,0.0,0.0,0.0
25.111267159998533,tx,1a:00:00:00:00:00,-49,95.16939162357177,64,0.6714281220006101,6.511820893084737,0,0,0,0,0,0,0,0,0,0,0,0,-11,-3,-12,-3,-12,-3,-12,-3,-12,-3,-12,-3,-12,-3,-12,-2,-12,-3,-12,-1,-13,0,-13,0,-13,0,-13,0,-14,0,-13,0,-14,1,-13,1,-15,2,-14,1,-15,1,-15,1,-14,2,-15,3,-15,4,-16,3,0,0,-16,3,-16,2,-17,3,-15,3,-17,3,-17,2,-17,2,-17,2,-17,1,-16,2,-16,2,-16,2,-16,1,-16,1,-15,0,-16,0,-14,0,-15,0,-14,-1,-13,-2,-14,-2,-13,-3,-13,-2,-13,-2,-12,-3,-12,-3,0,0,0,0,0,0,0,0,0,0,0.0,0.0,0.0,0.0,0.0,0.0,11.40175425099138,12.36931687685298,12.36931687685298,12.36931687685298,12.36931687685298,12.36931687685298,12.36931687685298,12.165525060596439,12.36931687685298,12.041594578792296,13.0,13.0,13.0,13.0,14.0,13.0,14.035668847618199,13.038404810405298,15.132745950421556,14.035668847618199,15.033296378372908,15.033296378372908,14.142135623730951,15.297058540778355,15.524174696260024,16.278820596099706,0.0,16.278820596099706,16.1245154965971,17.26267650163207,15.297058540778355,17.26267650163207,17.11724276862369,17.11724276862369,17.11724276862369,17.029386365926403,16.1245154965971,16.1245154965971,16.1245154965971,16.0312195418814,16.0312195418814,15.0,16.0,14.0,15.0,14.035668847618199,13.152946437965905,14.142135623730951,13.341664064126334,13.152946437965905,13.152946437965905,12.36931687685298,12.36931687685298,0.0,0.0,0.0,0.0,0.0,0.0,0.0,0.0,0.0,0.0,0.0,-2.875340604438868,-2.896613990462929,-2.896613990462929,-2.896613990462929,-2.896613990462929,-2.896613990462929,-2.896613990462929,-2.976443976175166,-2.896613990462929,-3.058451421701352,3.141592653589793,3.141592653589793,3.141592653589793,3.141592653589793,3.141592653589793,3.141592653589793,3.070285188804503,3.064820762320015,3.0090411212931194,3.070285188804503,3.0750244898139694,3.0750244898139694,2.999695598985629,2.9441970937399127,2.8809902618424523,2.9562447035940984,0.0,2.9562447035940984,3.017237659043032,2.9669204545815537,2.9441970937399127,2.9669204545815537,3.024483909022929,3.024483909022929,3.024483909022929,3.0828368308740703,3.017237659043032,3.017237659043032,3.017237659043032,3.079173843593836,3.079173843593836,3.141592653589793,3.141592653589793,3.141592653589793,3.141592653589793,-3.070285188804503,-2.988943325194528,-2.999695598985629,-2.9147938055359073,-2.988943325194528,-2.988943325194528,-2.896613990462929,-2.896613990462929,0.0,0.0,0.0,0.0,0.0
25.21850509900105,tx,1a:00:00:00:00:00,-49,95.16939162357177,64,0.671336343401373,6.564330903389992,0,0,0,0,0,0,0,0,0,0,0,0,2,10,3,10,3,10,3,10,3,10,4,10,4,10,5,9,4,10,5,10,5,10,6,10,6,10,6,10,7,10,7,10,7,10,7,9,8,10,8,10,9,9,9,10,9,9,9,10,10,10,10,10,0,0,10,10,10,10,11,11,10,10,10,11,11,11,10,11,10,11,10,11,10,11,9,11,9,11,8,11,8,11,7,11,8,11,7,11,7,10,7,10,6,10,6,10,5,11,5,10,4,10,4,10,3,10,0,0,0,0,0,0,0,0,0,0,0.0,0.0,0.0,0.0,0.0,0.0,10.198039027185569,10.44030650891055,10.44030650891055,10.44030650891055,10.44030650891055,10.770329614269007,10.770329614269007,10.295630140987,10.770329614269007,11.180339887498949,11.180339887498949,11.661903789690601,11.661903789690601,11.661903789690601,12.206555615733702,12.206555615733702,12.206555615733702,11.40175425099138,12.806248474865697,12.806248474865697,12.727922061357855,13.45362404707371,12.727922061357855,13.45362404707371,14.142135623730951,14.142135623730951,0.0,14.142135623730951,14.142135623730951,15.556349186104045,14.142135623730951,14.866068747318506,15.556349186104045,14.866068747318506,14.866068747318506,14.866068747318506,14.866068747318506,14.212670403551895,14.212670403551895,13.601470508735444,13.601470508735444,13.038404810405298,13.601470508735444,13.038404810405298,12.206555615733702,12.206555615733702,11.661903789690601,11.661903789690601,12.083045973594572,11.180339887498949,10.770329614269007,10.770329614269007,10.44030650891055,0.0,0.0,0.0,0.0,0.0,0.0,0.0,0.0,0.0,0.0,0.0,1.373400766945016,1.2793395323170296,1.2793395323170296,1.2793395323170296,1.2793395323170296,1.1902899496825317,1.1902899496825317,1.0636978224025597,1.1902899496825317,1.1071487177940904,1.1071487177940904,1.0303768265243125,1.0303768265243125,1.0303768265243125,0.960070362405688,0.960070362405688,0.960070362405688,0.9097531579442097,0.8960553845713439,0.8960553845713439,0.7853981633974483,0.83798122500839,0.7853981633974483,0.83798122500839,0.7853981633974483,0.7853981633974483,0.0,0.7853981633974483,0.7853981633974483,0.7853981633974483,0.7853981633974483,0.8329812666744317,0.7853981633974483,0.8329812666744317,0.8329812666744317,0.8329812666744317,0.8329812666744317,0.8850668158886104,0.8850668158886104,0.9420000403794636,0.9420000403794636,1.0040671092713902,0.9420000403794636,1.0040671092713902,0.960070362405688,0.960070362405688,1.0303768265243125,1.0303768265243125,1.1441688336680205,1.1071487177940904,1.1902899496825317,1.1902899496825317,1.2793395323170296,0.0,0.0,0.0,0.0,0.0
25.33904194900242,tx,1a:00:00:00:00:00,-49,95.16939162357177,64,0.670256703455836,6.634856790215975,0,0,0,0,0,0,0,0,0,0,0,0,-11,0,-11,1,-11,1,-11,1,-12,2,-11,1,-11,2,-11,2,-11,3,-12,2,-12,3,-12,3,-12,4,-12,4,-11,4,-12,5,-11,5,-12,5,-11,6,-12,6,-12,6,-12,7,-12,7,-12,7,-12,8,-12,7,0,0,-13,7,-13,8,-12,8,-13,8,-12,8,-13,8,-13,8,-14,7,-13,7,-14,7,-13,7,-13,7,-13,6,-13,5,-13,6,-12,6,-13,5,-12,5,-12,4,-12,4,-12,3,-12,3,-12,3,-12,2,-11,2,-11,1,0,0,0,0,0,0,0,0,0,0,0.0,0.0,0.0,0.0,0.0,0.0,11.0,11.045361017187261,11.045361017187261,11.045361017187261,12.165525060596439,11.045361017187261,11.180339887498949,11.180339887498949,11.40175425099138,12.165525060596439,12.36931687685298,12.36931687685298,12.649110640673518,12.649110640673518,11.704699910719626,13.0,12.083045973594572,13.0,12.529964086141668,13.416407864998739,13.416407864998739,13.892443989449804,13.892443989449804,13.892443989449804,14.422205101855956,13.892443989449804,0.0,14.7648230602334,15.264337522473747,14.422205101855956,15.264337522473747,14.422205101855956,15.264337522473747,15.264337522473747,15.652475842498529,14.7648230602334,15.652475842498529,14.7648230602334,14.7648230602334,14.317821063276353,13.92838827718412,14.317821063276353,13.416407864998739,13.92838827718412,13.0,12.649110640673518,12.649110640673518,12.36931687685298,12.36931687685298,12.36931687685298,12.165525060596439,11.180339887498949,11.045361017187261,0.0,0.0,0.0,0.0,0.0,0.0,0.0,0.0,0.0,0.0,0.0,3.141592653589793,3.050932766389048,3.050932766389048,3.050932766389048,2.976443976175166,3.050932766389048,2.961739153797315,2.961739153797315,2.875340604438868,2.976443976175166,2.896613990462929,2.896613990462929,2.819842099193151,2.819842099193151,2.7928216500058864,2.746801533890032,2.714965160462917,2.746801533890032,2.642245931909663,2.677945044588987,2.677945044588987,2.6135182051634334,2.6135182051634334,2.6135182051634334,2.5535900500422257,2.6135182051634334,0.0,2.647651284670212,2.5899376710612465,2.5535900500422257,2.5899376710612465,2.5535900500422257,2.5899376710612465,2.5899376710612465,2.677945044588987,2.647651284670212,2.677945044588987,2.647651284670212,2.647651284670212,2.7091848780192556,2.774418819771574,2.7091848780192556,2.677945044588987,2.774418819771574,2.746801533890032,2.819842099193151,2.819842099193151,2.896613990462929,2.896613990462929,2.896613990462929,2.976443976175166,2.961739153797315,3.050932766389048,0.0,0.0,0.0,0.0,0.0
25.450564420003502,tx,1a:00:00:00:00:00,-49,95.16939162357177,64,0.6683647181110712,6.721256408422411,0,0,0,0,0,0,0,0,0,0,0,0,8,6,9,6,9,5,10,6,9,5,10,5,9,5,10,5,10,5,10,4,11,4,11,4,11,4,12,3,12,4,12,3,13,3,12,3,13,3,13,3,13,3,13,2,13,2,14,1,14,2,15,2,0,0,15,2,14,2,16,2,15,2,15,2,15,3,15,3,15,3,15,3,14,3,15,3,14,4,14,4,14,4,13,4,14,4,12,4,12,4,12,5,11,5,11,5,11,6,10,5,10,6,9,6,9,7,0,0,0,0,0,0,0,0,0,0,0.0,0.0,0.0,0.0,0.0,0.0,10.0,10.816653826391969,10.295630140987,11.661903789690601,10.295630140987,11.180339887498949,10.295630140987,11.180339887498949,11.180339887498949,10.770329614269007,11.704699910719626,11.704699910719626,11.704699910719626,12.36931687685298,12.649110640673518,12.36931687685298,13.341664064126334,12.36931687685298,13.341664064126334,13.341664064126334,13.341664064126334,13.152946437965905,13.152946437965905,14.035668847618199,14.142135623730951,15.132745950421556,0.0,15.132745950421556,14.142135623730951,16.1245154965971,15.132745950421556,15.132745950421556,15.297058540778355,15.297058540778355,15.297058540778355,15.297058540778355,14.317821063276353,15.297058540778355,14.560219778561036,14.560219778561036,14.560219778561036,13.601470508735444,14.560219778561036,12.649110640673518,12.649110640673518,13.0,12.083045973594572,12.083045973594572,12.529964086141668,11.180339887498949,11.661903789690601,10.816653826391969,11.40175425099138,0.0,0.0,0.0,0.0,0.0,0.0,0.0,0.0,0.0,0.0,0.0,0.6435011087932844,0.5880026035475675,0.507098504392337,0.5404195002705842,0.507098504392337,0.4636476090008061,0.507098504392337,0.4636476090008061,0.4636476090008061,0.3805063771123649,0.348771003583907,0.348771003583907,0.348771003583907,0.24497866312686414,0.3217505543966422,0.24497866312686414,0.22679884805388587,0.24497866312686414,0.22679884805388587,0.22679884805388587,0.22679884805388587,0.15264932839526515,0.15264932839526515,0.07130746478529032,0.14189705460416394,0.13255153229667402,0.0,0.13255153229667402,0.14189705460416394,0.12435499454676144,0.13255153229667402,0.13255153229667402,0.19739555984988075,0.19739555984988075,0.19739555984988075,0.19739555984988075,0.21109333322274654,0.19739555984988075,0.27829965900511133,0.27829965900511133,0.27829965900511133,0.2984989315861793,0.27829965900511133,0.3217505543966422,0.3217505543966422,0.3947911196997615,0.4266274931268761,0.4266274931268761,0.4993467216801301,0.4636476090008061,0.5404195002705842,0.5880026035475675,0.6610431688506869,0.0,0.0,0.0,0.0,0.0
25.559529832004046,tx,1a:00:00:00:00:00,-49,95.16939162357177,64,0.6664620798689119,6.821006729075482,0,0,0,0,0,0,0,0,0,0,0,0,-11,-3,-11,-3,-12,-3,-11,-3,-12,-3,-11,-2,-12,-2,-12,-2,-12,-1,-13,-2,-12,-1,-13,-1,-13,-1,-13,0,-13,0,-13,1,-13,1,-14,1,-13,2,-14,2,-14,2,-14,3,-14,3,-14,3,-15,3,-14,3,0,0,-15,3,-15,4,-15,4,-16,4,-15,4,-16,4,-16,4,-16,3,-15,3,-16,2,-16,2,-15,2,-15,2,-14,1,-15,2,-14,2,-15,1,-13,1,-13,1,-13,0,-13,0,-13,0,-13,-1,-12,-2,-12,-2,-11,-3,0,0,0,0,0,0,0,0,0,0,0.0,0.0,0.0,0.0,0.0,0.0,11.40175425099138,11.40175425099138,12.36931687685298,11.40175425099138,12.36931687685298,11.180339887498949,12.165525060596439,12.165525060596439,12.041594578792296,13.152946437965905,12.041594578792296,13.038404810405298,13.038404810405298,13.0,13.0,13.038404810405298,13.038404810405298,14.035668847618199,13.152946437965905,14.142135623730951,14.142135623730951,14.317821063276353,14.317821063276353,14.317821063276353,15.297058540778355,14.317821063276353,0.0,15.297058540778355,15.524174696260024,15.524174696260024,16.492422502470642,15.524174696260024,16.492422502470642,16.492422502470642,16.278820596099706,15.297058540778355,16.1245154965971,16.1245154965971,15.132745950421556,15.132745950421556,14.035668847618199,15.132745950421556,14.142135623730951,15.033296378372908,13.038404810405298,13.038404810405298,13.0,13.0,13.0,13.038404810405298,12.165525060596439,12.165525060596439,11.40175425099138,0.0,0.0,0.0,0.0,0.0,0.0,0.0,0.0,0.0,0.0,0.0,-2.875340604438868,-2.875340604438868,-2.896613990462929,-2.875340604438868,-2.896613990462929,-2.961739153797315,-2.976443976175166,-2.976443976175166,-3.058451421701352,-2.988943325194528,-3.058451421701352,-3.064820762320015,-3.064820762320015,3.141592653589793,3.141592653589793,3.064820762320015,3.064820762320015,3.070285188804503,2.988943325194528,2.999695598985629,2.999695598985629,2.930499320367047,2.930499320367047,2.930499320367047,2.9441970937399127,2.930499320367047,0.0,2.9441970937399127,2.8809902618424523,2.8809902618424523,2.896613990462929,2.8809902618424523,2.896613990462929,2.896613990462929,2.9562447035940984,2.9441970937399127,3.017237659043032,3.017237659043032,3.0090411212931194,3.0090411212931194,3.070285188804503,3.0090411212931194,2.999695598985629,3.0750244898139694,3.064820762320015,3.064820762320015,3.141592653589793,3.141592653589793,3.141592653589793,-3.064820762320015,-2.976443976175166,-2.976443976175166,-2.875340604438868,0.0,0.0,0.0,0.0,0.0
25.671170825000445,tx,1a:00:00:00:00:00,-49,95.16939162357177,64,0.665833830168187,6.931600202949385,0,0,0,0,0,0,0,0,0,0,0,0,9,-1,10,-2,9,-2,11,-2,10,-2,10,-2,10,-3,10,-3,10,-3,10,-4,10,-4,10,-4,10,-4,10,-5,11,-5,10,-5,11,-6,10,-5,11,-6,11,-6,11,-7,11,-7,10,-7,11,-8,11,-8,11,-8,0,0,12,-8,11,-7,12,-8,11,-8,12,-8,12,-8,12,-8,12,-7,12,-7,11,-7,12,-7,12,-7,12,-6,12,-6,11,-5,12,-5,11,-5,12,-5,11,-4,11,-4,11,-4,11,-3,10,-3,10,-2,10,-2,10,-1,0,0,0,0,0,0,0,0,0,0,0.0,0.0,0.0,0.0,0.0,0.0,9.055385138137417,10.198039027185569,9.219544457292887,11.180339887498949,10.198039027185569,10.198039027185569,10.44030650891055,10.44030650891055,10.44030650891055,10.770329614269007,10.770329614269007,10.770329614269007,10.770329614269007,11.180339887498949,12.083045973594572,11.180339887498949,12.529964086141668,11.180339887498949,12.529964086141668,12.529964086141668,13.038404810405298,13.038404810405298,12.206555615733702,13.601470508735444,13.601470508735444,13.601470508735444,0.0,14.422205101855956,13.038404810405298,14.422205101855956,13.601470508735444,14.422205101855956,14.422205101855956,14.422205101855956,13.892443989449804,13.892443989449804,13.038404810405298,13.892443989449804,13.892443989449804,13.416407864998739,13.416407864998739,12.083045973594572,13.0,12.083045973594572,13.0,11.704699910719626,11.704699910719626,11.704699910719626,11.40175425099138,10.44030650891055,10.198039027185569,10.198039027185569,10.04987562112089,0.0,0.0,0.0,0.0,0.0,0.0,0.0,0.0,0.0,0.0,0.0,-0.11065722117389565,-0.19739555984988075,-0.21866894587394195,-0.17985349979247828,-0.19739555984988075,-0.19739555984988075,-0.2914567944778671,-0.2914567944778671,-0.2914567944778671,-0.3805063771123649,-0.3805063771123649,-0.3805063771123649,-0.3805063771123649,-0.4636476090008061,-0.4266274931268761,-0.4636476090008061,-0.4993467216801301,-0.4636476090008061,-0.4993467216801301,-0.4993467216801301,-0.5667292175235064,-0.5667292175235064,-0.6107259643892086,-0.628796286415433,-0.628796286415433,-0.628796286415433,0.0,-0.5880026035475675,-0.5667292175235064,-0.5880026035475675,-0.628796286415433,-0.5880026035475675,-0.5880026035475675,-0.5880026035475675,-0.5280744484263596,-0.5280744484263596,-0.5667292175235064,-0.5280744484263596,-0.5280744484263596,-0.4636476090008061,-0.4636476090008061,-0.4266274931268761,-0.3947911196997615,-0.4266274931268761,-0.3947911196997615,-0.348771003583907,-0.348771003583907,-0.348771003583907,-0.2662520491509254,-0.2914567944778671,-0.19739555984988075,-0.19739555984988075,-0.09966865249116202,0.0,0.0,0.0,0.0,0.0
25.78241133299889,tx,1a:00:00:00:00:00,-49,95.16939162357177,64,0.6659129734150941,7.0507074980548605,0,0,0,0,0,0,0,0,0,0,0,0,-6,-10,-6,-10,-6,-10,-7,-10,-7,-10,-7,-10,-7,-10,-7,-10,-7,-10,-8,-10,-8,-10,-8,-9,-9,-9,-9,-9,-10,-9,-10,-9,-10,-9,-10,-9,-11,-9,-11,-9,-11,-9,-11,-9,-11,-9,-12,-9,-12,-9,-13,-9,0,0,-13,-9,-13,-9,-13,-10,-13,-9,-13,-10,-13,-10,-13,-10,-13,-10,-12,-10,-12,-10,-12,-10,-11,-10,-11,-11,-11,-11,-10,-10,-10,-11,-10,-10,-9,-10,-9,-10,-8,-10,-8,-10,-7,-11,-7,-10,-6,-11,-6,-10,-5,-11,0,0,0,0,0,0,0,0,0,0,0.0,0.0,0.0,0.0,0.0,0.0,11.661903789690601,11.661903789690601,11.661903789690601,12.206555615733702,12.206555615733702,12.206555615733702,12.206555615733702,12.206555615733702,12.206555615733702,12.806248474865697,12.806248474865697,12.041594578792296,12.727922061357855,12.727922061357855,13.45362404707371,13.45362404707371,13.45362404707371,13.45362404707371,14.212670403551895,14.212670403551895,14.212670403551895,14.212670403551895,14.212670403551895,15.0,15.0,15.811388300841896,0.0,15.811388300841896,15.811388300841896,16.401219466856727,15.811388300841896,16.401219466856727,16.401219466856727,16.401219466856727,16.401219466856727,15.620499351813308,15.620499351813308,15.620499351813308,14.866068747318506,15.556349186104045,15.556349186104045,14.142135623730951,14.866068747318506,14.142135623730951,13.45362404707371,13.45362404707371,12.806248474865697,12.806248474865697,13.038404810405298,12.206555615733702,12.529964086141668,11.661903789690601,12.083045973594572,0.0,0.0,0.0,0.0,0.0,0.0,0.0,0.0,0.0,0.0,0.0,-2.1112158270654806,-2.1112158270654806,-2.1112158270654806,-2.1815222911841055,-2.1815222911841055,-2.1815222911841055,-2.1815222911841055,-2.1815222911841055,-2.1815222911841055,-2.2455372690184494,-2.2455372690184494,-2.297438667476622,-2.356194490192345,-2.356194490192345,-2.408777551803287,-2.408777551803287,-2.408777551803287,-2.408777551803287,-2.455863142683507,-2.455863142683507,-2.455863142683507,-2.455863142683507,-2.455863142683507,-2.498091544796509,-2.498091544796509,-2.5360479899848234,0.0,-2.5360479899848234,-2.5360479899848234,-2.485897027348257,-2.5360479899848234,-2.485897027348257,-2.485897027348257,-2.485897027348257,-2.485897027348257,-2.44685437739309,-2.44685437739309,-2.44685437739309,-2.403777593469328,-2.356194490192345,-2.356194490192345,-2.356194490192345,-2.3086113869153615,-2.356194490192345,-2.3036114285814033,-2.3036114285814033,-2.2455372690184494,-2.2455372690184494,-2.137525544318403,-2.1815222911841055,-2.0701430484750265,-2.1112158270654806,-1.9974238199217726,0.0,0.0,0.0,0.0,0.0
25.884641541000747,tx,1a:00:00:00:00:00,-48,94.05701773025994,64,0.6657296928483906,7.176276214208324,0,0,0,0,0,0,0,0,0,0,0,0,-11,1,-11,1,-11,2,-11,2,-12,2,-11,2,-11,3,-11,2,-11,3,-12,3,-12,3,-11,4,-12,4,-11,4,-11,5,-11,6,-11,6,-12,6,-11,6,-11,7,-11,7,-11,8,-12,7,-12,8,-12,8,-12,8,0,0,-12,8,-12,9,-12,9,-12,9,-12,9,-12,9,-13,9,-13,8,-12,9,-13,8,-13,8,-13,7,-13,7,-12,6,-12,7,-12,6,-13,6,-11,6,-11,5,-11,5,-12,4,-12,4,-12,4,-12,3,-11,2,-11,2,0,0,0,0,0,0,0,0,0,0,0.0,0.0,0.0,0.0,0.0,0.0,11.045361017187261,11.045361017187261,11.180339887498949,11.180339887498949,12.165525060596439,11.180339887498949,11.40175425099138,11.180339887498949,11.40175425099138,12.36931687685298,12.36931687685298,11.704699910719626,12.649110640673518,11.704699910719626,12.083045973594572,12.529964086141668,12.529964086141668,13.416407864998739,12.529964086141668,13.038404810405298,13.038404810405298,13.601470508735444,13.892443989449804,14.422205101855956,14.422205101855956,14.422205101855956,0.0,14.422205101855956,15.0,15.0,15.0,15.0,15.0,15.811388300841896,15.264337522473747,15.0,15.264337522473747,15.264337522473747,14.7648230602334,14.7648230602334,13.416407864998739,13.892443989449804,13.416407864998739,14.317821063276353,12.529964086141668,12.083045973594572,12.083045973594572,12.649110640673518,12.649110640673518,12.649110640673518,12.36931687685298,11.180339887498949,11.180339887498949,0.0,0.0,0.0,0.0,0.0,0.0,0.0,0.0,0.0,0.0,0.0,3.050932766389048,3.050932766389048,2.961739153797315,2.961739153797315,2.976443976175166,2.961739153797315,2.875340604438868,2.961739153797315,2.875340604438868,2.896613990462929,2.896613990462929,2.7928216500058864,2.819842099193151,2.7928216500058864,2.714965160462917,2.642245931909663,2.642245931909663,2.677945044588987,2.642245931909663,2.5748634360662868,2.5748634360662868,2.5127963671743605,2.6135182051634334,2.5535900500422257,2.5535900500422257,2.5535900500422257,0.0,2.5535900500422257,2.498091544796509,2.498091544796509,2.498091544796509,2.498091544796509,2.498091544796509,2.5360479899848234,2.5899376710612465,2.498091544796509,2.5899376710612465,2.5899376710612465,2.647651284670212,2.647651284670212,2.677945044588987,2.6135182051634334,2.677945044588987,2.7091848780192556,2.642245931909663,2.714965160462917,2.714965160462917,2.819842099193151,2.819842099193151,2.819842099193151,2.896613990462929,2.961739153797315,2.961739153797315,0.0,0.0,0.0,0.0,0.0
25.988925908000965,tx,1a:00:00:00:00:00,-48,94.05701773025994,64,0.665801489244209,7.306553898689334,0,0,0,0,0,0,0,0,0,0,0,0,5,-8,5,-10,5,-10,5,-10,4,-10,5,-10,5,-10,4,-10,4,-10,3,-10,3,-11,3,-11,3,-11,3,-12,3,-12,3,-12,3,-12,2,-12,2,-13,2,-13,2,-13,2,-13,1,-13,1,-14,1,-14,1,-14,0,0,1,-15,1,-15,1,-15,1,-14,1,-15,1,-15,2,-15,2,-15,2,-15,2,-14,2,-14,3,-14,3,-14,3,-14,3,-13,3,-13,3,-13,3,-12,3,-12,4,-11,4,-12,5,-11,4,-10,5,-10,5,-10,5,-9,0,0,0,0,0,0,0,0,0,0,0.0,0.0,0.0,0.0,0.0,0.0,9.433981132056603,11.180339887498949,11.180339887498949,11.180339887498949,10.770329614269007,11.180339887498949,11.180339887498949,10.770329614269007,10.770329614269007,10.44030650891055,11.40175425099138,11.40175425099138,11.40175425099138,12.36931687685298,12.36931687685298,12.36931687685298,12.36931687685298,12.165525060596439,13.152946437965905,13.152946437965905,13.152946437965905,13.152946437965905,13.038404810405298,14.035668847618199,14.035668847618199,14.035668847618199,0.0,15.033296378372908,15.033296378372908,15.033296378372908,14.035668847618199,15.033296378372908,15.033296378372908,15.132745950421556,15.132745950421556,15.132745950421556,14.142135623730951,14.142135623730951,14.317821063276353,14.317821063276353,14.317821063276353,13.341664064126334,13.341664064126334,13.341664064126334,12.36931687685298,12.36931687685298,11.704699910719626,12.649110640673518,12.083045973594572,10.770329614269007,11.180339887498949,11.180339887498949,10.295630140987,0.0,0.0,0.0,0.0,0.0,0.0,0.0,0.0,0.0,0.0,0.0,-1.0121970114513341,-1.1071487177940904,-1.1071487177940904,-1.1071487177940904,-1.1902899496825317,-1.1071487177940904,-1.1071487177940904,-1.1902899496825317,-1.1902899496825317,-1.2793395323170296,-1.3045442776439713,-1.3045442776439713,-1.3045442776439713,-1.3258176636680326,-1.3258176636680326,-1.3258176636680326,-1.3258176636680326,-1.4056476493802699,-1.4181469983996315,-1.4181469983996315,-1.4181469983996315,-1.4181469983996315,-1.4940244355251187,-1.4994888620096063,-1.4994888620096063,-1.4994888620096063,0.0,-1.5042281630190728,-1.5042281630190728,-1.5042281630190728,-1.4994888620096063,-1.5042281630190728,-1.5042281630190728,-1.4382447944982226,-1.4382447944982226,-1.4382447944982226,-1.4288992721907328,-1.4288992721907328,-1.35970299357215,-1.35970299357215,-1.35970299357215,-1.3439974787410107,-1.3439974787410107,-1.3439974787410107,-1.3258176636680326,-1.3258176636680326,-1.2220253232109897,-1.2490457723982544,-1.1441688336680205,-1.1902899496825317,-1.1071487177940904,-1.1071487177940904,-1.0636978224025597,0.0,0.0,0.0,0.0,0.0
26.098206499002117,tx,1a:00:00:00:00:00,-49,94.05701773025994,64,0.6653360473346852,7.440045125673139,0,0,0,0,0,0,0,0,0,0,0,0,9,6,9,6,9,6,9,6,10,6,10,5,10,5,10,5,10,5,11,5,11,5,11,5,11,4,12,4,12,4,13,3,12,3,13,3,13,2,13,2,13,2,14,2,14,2,14,2,15,2,14,2,0,0,15,2,16,1,15,1,16,1,15,2,16,2,16,2,16,3,16,2,16,3,15,3,15,3,14,4,14,4,14,3,13,3,14,4,12,4,12,4,12,4,12,5,12,5,11,6,10,6,10,6,9,6,0,0,0,0,0,0,0,0,0,0,0.0,0.0,0.0,0.0,0.0,0.0,10.816653826391969,10.816653826391969,10.816653826391969,10.816653826391969,11.661903789690601,11.180339887498949,11.180339887498949,11.180339887498949,11.180339887498949,12.083045973594572,12.083045973594572,12.083045973594572,11.704699910719626,12.649110640673518,12.649110640673518,13.341664064126334,12.36931687685298,13.341664064126334,13.152946437965905,13.152946437965905,13.152946437965905,14.142135623730951,14.142135623730951,14.142135623730951,15.132745950421556,14.142135623730951,0.0,15.132745950421556,16.0312195418814,15.033296378372908,16.0312195418814,15.132745950421556,16.1245154965971,16.1245154965971,16.278820596099706,16.1245154965971,16.278820596099706,15.297058540778355,15.297058540778355,14.560219778561036,14.560219778561036,14.317821063276353,13.341664064126334,14.560219778561036,12.649110640673518,12.649110640673518,12.649110640673518,13.0,13.0,12.529964086141668,11.661903789690601,11.661903789690601,10.816653826391969,0.0,0.0,0.0,0.0,0.0,0.0,0.0,0.0,0.0,0.0,0.0,0.5880026035475675,0.5880026035475675,0.5880026035475675,0.5880026035475675,0.5404195002705842,0.4636476090008061,0.4636476090008061,0.4636476090008061,0.4636476090008061,0.4266274931268761,0.4266274931268761,0.4266274931268761,0.348771003583907,0.3217505543966422,0.3217505543966422,0.22679884805388587,0.24497866312686414,0.22679884805388587,0.15264932839526515,0.15264932839526515,0.15264932839526515,0.14189705460416394,0.14189705460416394,0.14189705460416394,0.13255153229667402,0.14189705460416394,0.0,0.13255153229667402,0.06241880999595735,0.06656816377582381,0.06241880999595735,0.13255153229667402,0.12435499454676144,0.12435499454676144,0.18534794999569476,0.12435499454676144,0.18534794999569476,0.19739555984988075,0.19739555984988075,0.27829965900511133,0.27829965900511133,0.21109333322274654,0.22679884805388587,0.27829965900511133,0.3217505543966422,0.3217505543966422,0.3217505543966422,0.3947911196997615,0.3947911196997615,0.4993467216801301,0.5404195002705842,0.5404195002705842,0.5880026035475675,0.0,0.0,0.0,0.0,0.0
26.20006462799938,tx,1a:00:00:00:00:00,-49,94.05701773025994,64,0.6648591759862998,7.575497275966514,0,0,0,0,0,0,0,0,0,0,0,0,-1,-11,-1,-11,-1,-11,-1,-12,-1,-12,-1,-12,-2,-12,-2,-11,-2,-12,-3,-12,-3,-12,-3,-12,-4,-12,-4,-12,-4,-12,-5,-12,-5,-12,-5,-13,-5,-12,-6,-12,-6,-13,-6,-13,-7,-13,-7,-13,-7,-13,-7,-13,0,0,-7,-14,-8,-14,-8,-14,-8,-14,-7,-14,-8,-14,-8,-14,-7,-14,-7,-14,-7,-14,-7,-14,-6,-14,-6,-14,-5,-14,-5,-13,-5,-13,-5,-14,-4,-13,-4,-13,-4,-12,-3,-13,-3,-12,-2,-12,-2,-12,-1,-12,0,-11,0,0,0,0,0,0,0,0,0,0,0.0,0.0,0.0,0.0,0.0,0.0,11.045361017187261,11.045361017187261,11.045361017187261,12.041594578792296,12.041594578792296,12.041594578792296,12.165525060596439,11.180339887498949,12.165525060596439,12.36931687685298,12.36931687685298,12.36931687685298,12.649110640673518,12.649110640673518,12.649110640673518,13.0,13.0,13.92838827718412,13.0,13.416407864998739,14.317821063276353,14.317821063276353,14.7648230602334,14.7648230602334,14.7648230602334,14.7648230602334,0.0,15.652475842498529,16.1245154965971,16.1245154965971,16.1245154965971,15.652475842498529,16.1245154965971,16.1245154965971,15.652475842498529,15.652475842498529,15.652475842498529,15.652475842498529,15.231546211727817,15.231546211727817,14.866068747318506,13.92838827718412,13.92838827718412,14.866068747318506,13.601470508735444,13.601470508735444,12.649110640673518,13.341664064126334,12.36931687685298,12.165525060596439,12.165525060596439,12.041594578792296,11.0,0.0,0.0,0.0,0.0,0.0,0.0,0.0,0.0,0.0,0.0,0.0,-1.6614562139956417,-1.6614562139956417,-1.6614562139956417,-1.6539375586833378,-1.6539375586833378,-1.6539375586833378,-1.7359450042095235,-1.750649826587375,-1.7359450042095235,-1.8157749899217608,-1.8157749899217608,-1.8157749899217608,-1.892546881191539,-1.892546881191539,-1.892546881191539,-1.965587446494658,-1.965587446494658,-1.9379701606131159,-1.965587446494658,-2.0344439357957027,-2.0032041023654346,-2.0032041023654346,-2.0647376957144776,-2.0647376957144776,-2.0647376957144776,-2.0647376957144776,0.0,-2.0344439357957027,-2.0899424410414196,-2.0899424410414196,-2.0899424410414196,-2.0344439357957027,-2.0899424410414196,-2.0899424410414196,-2.0344439357957027,-2.0344439357957027,-2.0344439357957027,-2.0344439357957027,-1.97568811307998,-1.97568811307998,-1.9138202672156,-1.9379701606131159,-1.9379701606131159,-1.9138202672156,-1.8692952583810758,-1.8692952583810758,-1.892546881191539,-1.7975951748487824,-1.8157749899217608,-1.7359450042095235,-1.7359450042095235,-1.6539375586833378,-1.5707963267948966,0.0,0.0,0.0,0.0,0.0
26.300940929002536,tx,1a:00:00:00:00:00,-49,94.05701773025994,64,0.6638957264168808,7.711826128893975,0,0,0,0,0,0,0,0,0,0,0,0,-7,8,-7,7,-7,8,-7,8,-7,8,-6,8,-6,9,-6,9,-6,9,-6,10,-6,10,-6,10,-6,10,-5,10,-5,11,-4,11,-4,11,-4,12,-4,11,-3,12,-4,12,-3,13,-4,13,-3,13,-3,13,-3,13,0,0,-3,14,-2,14,-2,14,-2,15,-3,14,-3,14,-3,15,-4,14,-3,14,-4,14,-4,13,-4,13,-4,13,-4,13,-4,13,-4,12,-5,13,-4,11,-4,11,-5,11,-5,11,-5,11,-6,10,-6,9,-6,9,-7,8,0,0,0,0,0,0,0,0,0,0,0.0,0.0,0.0,0.0,0.0,0.0,10.63014581273465,9.899494936611665,10.63014581273465,10.63014581273465,10.63014581273465,10.0,10.816653826391969,10.816653826391969,10.816653826391969,11.661903789690601,11.661903789690601,11.661903789690601,11.661903789690601,11.180339887498949,12.083045973594572,11.704699910719626,11.704699910719626,12.649110640673518,11.704699910719626,12.36931687685298,12.649110640673518,13.341664064126334,13.601470508735444,13.341664064126334,13.341664064126334,13.341664064126334,0.0,14.317821063276353,14.142135623730951,14.142135623730951,15.132745950421556,14.317821063276353,14.317821063276353,15.297058540778355,14.560219778561036,14.317821063276353,14.560219778561036,13.601470508735444,13.601470508735444,13.601470508735444,13.601470508735444,13.601470508735444,12.649110640673518,13.92838827718412,11.704699910719626,11.704699910719626,12.083045973594572,12.083045973594572,12.083045973594572,11.661903789690601,10.816653826391969,10.816653826391969,10.63014581273465,0.0,0.0,0.0,0.0,0.0,0.0,0.0,0.0,0.0,0.0,0.0,2.289626326416521,2.356194490192345,2.289626326416521,2.289626326416521,2.289626326416521,2.214297435588181,2.158798930342464,2.158798930342464,2.158798930342464,2.1112158270654806,2.1112158270654806,2.1112158270654806,2.1112158270654806,2.0344439357957027,1.9974238199217726,1.9195673303788037,1.9195673303788037,1.892546881191539,1.9195673303788037,1.8157749899217608,1.892546881191539,1.7975951748487824,1.8692952583810758,1.7975951748487824,1.7975951748487824,1.7975951748487824,0.0,1.7818896600176433,1.7126933813990606,1.7126933813990606,1.7033478590915707,1.7818896600176433,1.7818896600176433,1.7681918866447774,1.849095985800008,1.7818896600176433,1.849095985800008,1.8692952583810758,1.8692952583810758,1.8692952583810758,1.8692952583810758,1.8692952583810758,1.892546881191539,1.9379701606131159,1.9195673303788037,1.9195673303788037,1.9974238199217726,1.9974238199217726,1.9974238199217726,2.1112158270654806,2.158798930342464,2.158798930342464,2.289626326416521,0.0,0.0,0.0,0.0,0.0
26.408879415997944,tx,1a:00:00:00:00:00,-49,94.05701773025994,64,0.663367402702632,7.848018594456946,0,0,0,0,0,0,0,0,0,0,0,0,-11,-1,-11,-1,-11,-1,-11,-1,-11,-1,-11,0,-11,0,-11,0,-12,0,-11,1,-12,1,-12,2,-12,2,-12,2,-12,2,-12,3,-12,3,-12,3,-12,4,-12,4,-12,4,-13,5,-12,4,-13,5,-13,5,-13,6,0,0,-14,6,-13,5,-14,6,-13,6,-14,6,-14,6,-14,6,-14,5,-14,5,-13,5,-14,5,-14,5,-14,4,-14,4,-13,3,-13,3,-13,3,-13,3,-12,3,-12,2,-12,2,-12,1,-11,1,-11,1,-11,0,-11,-1,0,0,0,0,0,0,0,0,0,0,0.0,0.0,0.0,0.0,0.0,0.0,11.045361017187261,11.045361017187261,11.045361017187261,11.045361017187261,11.045361017187261,11.0,11.0,11.0,12.0,11.045361017187261,12.041594578792296,12.165525060596439,12.165525060596439,12.165525060596439,12.165525060596439,12.36931687685298,12.36931687685298,12.36931687685298,12.649110640673518,12.649110640673518,12.649110640673518,13.92838827718412,12.649110640673518,13.92838827718412,13.92838827718412,14.317821063276353,0.0,15.231546211727817,13.92838827718412,15.231546211727817,14.317821063276353,15.231546211727817,15.231546211727817,15.231546211727817,14.866068747318506,14.866068747318506,13.92838827718412,14.866068747318506,14.866068747318506,14.560219778561036,14.560219778561036,13.341664064126334,13.341664064126334,13.341664064126334,13.341664064126334,12.36931687685298,12.165525060596439,12.165525060596439,12.041594578792296,11.045361017187261,11.045361017187261,11.0,11.045361017187261,0.0,0.0,0.0,0.0,0.0,0.0,0.0,0.0,0.0,0.0,0.0,-3.050932766389048,-3.050932766389048,-3.050932766389048,-3.050932766389048,-3.050932766389048,3.141592653589793,3.141592653589793,3.141592653589793,3.141592653589793,3.050932766389048,3.058451421701352,2.976443976175166,2.976443976175166,2.976443976175166,2.976443976175166,2.896613990462929,2.896613990462929,2.896613990462929,2.819842099193151,2.819842099193151,2.819842099193151,2.774418819771574,2.819842099193151,2.774418819771574,2.774418819771574,2.7091848780192556,0.0,2.7367008673047097,2.774418819771574,2.7367008673047097,2.7091848780192556,2.7367008673047097,2.7367008673047097,2.7367008673047097,2.79856871316909,2.79856871316909,2.774418819771574,2.79856871316909,2.79856871316909,2.8632929945846817,2.8632929945846817,2.9147938055359073,2.9147938055359073,2.9147938055359073,2.9147938055359073,2.896613990462929,2.976443976175166,2.976443976175166,3.058451421701352,3.050932766389048,3.050932766389048,3.141592653589793,-3.050932766389048,0.0,0.0,0.0,0.0,0.0
26.518665479998162,tx,1a:00:00:00:00:00,-49,94.05701773025994,64,0.6632223988622861,7.983121450714034,0,0,0,0,0,0,0,0,0,0,0,0,8,-7,8,-7,8,-8,8,-8,8,-9,7,-8,7,-9,7,-9,7,-10,8,-10,8,-10,7,-10,7,-11,7,-11,6,-11,6,-12,6,-12,6,-12,6,-12,5,-13,5,-13,5,-13,5,-13,5,-14,6,-14,5,-14,0,0,5,-15,5,-15,5,-15,5,-16,5,-15,5,-15,5,-15,6,-15,6,-15,7,-15,7,-14,7,-14,7,-14,6,-13,6,-13,6,-13,7,-13,7,-12,7,-12,7,-11,7,-11,7,-11,8,-10,8,-9,8,-9,8,-8,0,0,0,0,0,0,0,0,0,0,0.0,0.0,0.0,0.0,0.0,0.0,10.63014581273465,10.63014581273465,11.313708498984761,11.313708498984761,12.041594578792296,10.63014581273465,11.40175425099138,11.40175425099138,12.206555615733702,12.806248474865697,12.806248474865697,12.206555615733702,13.038404810405298,13.038404810405298,12.529964086141668,13.416407864998739,13.416407864998739,13.416407864998739,13.416407864998739,13.92838827718412,13.92838827718412,13.92838827718412,13.92838827718412,14.866068747318506,15.231546211727817,14.866068747318506,0.0,15.811388300841896,15.811388300841896,15.811388300841896,16.76305461424021,15.811388300841896,15.811388300841896,15.811388300841896,16.15549442140351,16.15549442140351,16.55294535724685,15.652475842498529,15.652475842498529,15.652475842498529,14.317821063276353,14.317821063276353,14.317821063276353,14.7648230602334,13.892443989449804,13.892443989449804,13.038404810405298,13.038404810405298,13.038404810405298,12.806248474865697,12.041594578792296,12.041594578792296,11.313708498984761,0.0,0.0,0.0,0.0,0.0,0.0,0.0,0.0,0.0,0.0,0.0,-0.7188299996216245,-0.7188299996216245,-0.7853981633974483,-0.7853981633974483,-0.844153986113171,-0.8519663271732721,-0.9097531579442097,-0.9097531579442097,-0.960070362405688,-0.8960553845713439,-0.8960553845713439,-0.960070362405688,-1.0040671092713902,-1.0040671092713902,-1.0714496051147666,-1.1071487177940904,-1.1071487177940904,-1.1071487177940904,-1.1071487177940904,-1.2036224929766774,-1.2036224929766774,-1.2036224929766774,-1.2036224929766774,-1.2277723863741932,-1.1659045405098132,-1.2277723863741932,0.0,-1.2490457723982544,-1.2490457723982544,-1.2490457723982544,-1.2679114584199251,-1.2490457723982544,-1.2490457723982544,-1.2490457723982544,-1.1902899496825317,-1.1902899496825317,-1.1341691669813554,-1.1071487177940904,-1.1071487177940904,-1.1071487177940904,-1.1383885512243588,-1.1383885512243588,-1.1383885512243588,-1.0768549578753155,-1.042721878368537,-1.042721878368537,-1.0040671092713902,-1.0040671092713902,-1.0040671092713902,-0.8960553845713439,-0.844153986113171,-0.844153986113171,-0.7853981633974483,0.0,0.0,0.0,0.0,0.0
26.628784129999985,tx,1a:00:00:00:00:00,-49,94.05701773025994,64,0.6630043988958304,8.116263454008493,0,0,0,0,0,0,0,0,0,0,0,0,-11,1,-11,1,-11,1,-11,1,-11,2,-11,2,-11,2,-11,2,-11,3,-12,3,-12,3,-12,4,-12,4,-12,4,-12,4,-12,5,-11,5,-11,6,-12,6,-12,6,-12,6,-12,7,-12,7,-12,8,-12,7,-12,8,0,0,-13,8,-13,8,-13,8,-13,8,-13,8,-13,8,-14,8,-14,7,-13,7,-14,7,-13,7,-13,6,-13,6,-13,6,-13,6,-13,6,-13,5,-12,5,-12,4,-12,4,-12,3,-12,3,-12,2,-12,2,-12,1,-11,1,0,0,0,0,0,0,0,0,0,0,0.0,0.0,0.0,0.0,0.0,0.0,11.045361017187261,11.045361017187261,11.045361017187261,11.045361017187261,11.180339887498949,11.180339887498949,11.180339887498949,11.180339887498949,11.40175425099138,12.36931687685298,12.36931687685298,12.649110640673518,12.649110640673518,12.649110640673518,12.649110640673518,13.0,12.083045973594572,12.529964086141668,13.416407864998739,13.416407864998739,13.416407864998739,13.892443989449804,13.892443989449804,14.422205101855956,13.892443989449804,14.422205101855956,0.0,15.264337522473747,15.264337522473747,15.264337522473747,15.264337522473747,15.264337522473747,15.264337522473747,16.1245154965971,15.652475842498529,14.7648230602334,15.652475842498529,14.7648230602334,14.317821063276353,14.317821063276353,14.317821063276353,14.317821063276353,14.317821063276353,13.92838827718412,13.0,12.649110640673518,12.649110640673518,12.36931687685298,12.36931687685298,12.165525060596439,12.165525060596439,12.041594578792296,11.045361017187261,0.0,0.0,0.0,0.0,0.0,0.0,0.0,0.0,0.0,0.0,0.0,3.050932766389048,3.050932766389048,3.050932766389048,3.050932766389048,2.961739153797315,2.961739153797315,2.961739153797315,2.961739153797315,2.875340604438868,2.896613990462929,2.896613990462929,2.819842099193151,2.819842099193151,2.819842099193151,2.819842099193151,2.746801533890032,2.714965160462917,2.642245931909663,2.677945044588987,2.677945044588987,2.677945044588987,2.6135182051634334,2.6135182051634334,2.5535900500422257,2.6135182051634334,2.5535900500422257,0.0,2.5899376710612465,2.5899376710612465,2.5899376710612465,2.5899376710612465,2.5899376710612465,2.5899376710612465,2.62244653934327,2.677945044588987,2.647651284670212,2.677945044588987,2.647651284670212,2.7091848780192556,2.7091848780192556,2.7091848780192556,2.7091848780192556,2.7091848780192556,2.774418819771574,2.746801533890032,2.819842099193151,2.819842099193151,2.896613990462929,2.896613990462929,2.976443976175166,2.976443976175166,3.058451421701352,3.050932766389048,0.0,0.0,0.0,0.0,0.0
26.738586699000734,tx,1a:00:00:00:00:00,-49,94.05701773025994,64,0.6645665709053192,8.24665298983487,0,0,0,0,0,0,0,0,0,0,0,0,7,7,7,7,8,7,7,7,8,7,7,6,8,6,8,6,9,6,9,7,9,6,9,6,10,6,10,6,10,5,11,5,10,4,11,5,11,4,12,4,12,4,12,3,13,4,13,4,13,4,12,4,0,0,13,4,14,3,13,3,15,4,13,3,14,3,14,4,14,4,14,4,14,5,13,4,12,5,13,5,11,4,13,4,11,4,12,5,11,5,11,5,10,5,10,6,10,5,9,6,9,6,8,6,7,7,0,0,0,0,0,0,0,0,0,0,0.0,0.0,0.0,0.0,0.0,0.0,9.899494936611665,9.899494936611665,10.63014581273465,9.899494936611665,10.63014581273465,9.219544457292887,10.0,10.0,10.816653826391969,11.40175425099138,10.816653826391969,10.816653826391969,11.661903789690601,11.661903789690601,11.180339887498949,12.083045973594572,10.770329614269007,12.083045973594572,11.704699910719626,12.649110640673518,12.649110640673518,12.36931687685298,13.601470508735444,13.601470508735444,13.601470508735444,12.649110640673518,0.0,13.601470508735444,14.317821063276353,13.341664064126334,15.524174696260024,13.341664064126334,14.317821063276353,14.560219778561036,14.560219778561036,14.560219778561036,14.866068747318506,13.601470508735444,13.0,13.92838827718412,11.704699910719626,13.601470508735444,11.704699910719626,13.0,12.083045973594572,12.083045973594572,11.180339887498949,11.661903789690601,11.180339887498949,10.816653826391969,10.816653826391969,10.0,9.899494936611665,0.0,0.0,0.0,0.0,0.0,0.0,0.0,0.0,0.0,0.0,0.0,0.7853981633974483,0.7853981633974483,0.7188299996216245,0.7853981633974483,0.7188299996216245,0.7086262721276703,0.6435011087932844,0.6435011087932844,0.5880026035475675,0.6610431688506869,0.5880026035475675,0.5880026035475675,0.5404195002705842,0.5404195002705842,0.4636476090008061,0.4266274931268761,0.3805063771123649,0.4266274931268761,0.348771003583907,0.3217505543966422,0.3217505543966422,0.24497866312686414,0.2984989315861793,0.2984989315861793,0.2984989315861793,0.3217505543966422,0.0,0.2984989315861793,0.21109333322274654,0.22679884805388587,0.260602391747341,0.22679884805388587,0.21109333322274654,0.27829965900511133,0.27829965900511133,0.27829965900511133,0.3430239404207034,0.2984989315861793,0.3947911196997615,0.3671738338182192,0.348771003583907,0.2984989315861793,0.348771003583907,0.3947911196997615,0.4266274931268761,0.4266274931268761,0.4636476090008061,0.5404195002705842,0.4636476090008061,0.5880026035475675,0.5880026035475675,0.6435011087932844,0.7853981633974483,0.0,0.0,0.0,0.0,0.0
26.848451033001766,tx,1a:00:00:00:00:00,-49,99.16658271827552,64,0.6659669539046585,8.373569801225136,0,0,0,0,0,0,0,0,0,0,0,0,4,9,4,9,5,9,5,9,5,9,5,9,6,9,5,9,6,9,6,9,6,9,7,9,7,9,8,9,8,8,9,8,9,8,9,8,9,8,10,8,10,8,10,8,10,8,11,8,11,8,11,8,0,0,11,8,12,8,12,8,12,8,12,8,12,9,12,9,12,9,12,9,11,9,11,9,10,9,10,9,10,9,10,9,10,8,9,9,9,8,8,9,8,9,7,9,7,9,7,9,6,9,5,9,4,9,0,0,0,0,0,0,0,0,0,0,0.0,0.0,0.0,0.0,0.0,0.0,9.848857801796104,9.848857801796104,10.295630140987,10.295630140987,10.295630140987,10.295630140987,10.816653826391969,10.295630140987,10.816653826391969,10.816653826391969,10.816653826391969,11.40175425099138,11.40175425099138,12.041594578792296,11.313708498984761,12.041594578792296,12.041594578792296,12.041594578792296,12.041594578792296,12.806248474865697,12.806248474865697,12.806248474865697,12.806248474865697,13.601470508735444,13.601470508735444,13.601470508735444,0.0,13.601470508735444,14.422205101855956,14.422205101855956,14.422205101855956,14.422205101855956,15.0,15.0,15.0,15.0,14.212670403551895,14.212670403551895,13.45362404707371,13.45362404707371,13.45362404707371,13.45362404707371,12.806248474865697,12.727922061357855,12.041594578792296,12.041594578792296,12.041594578792296,11.40175425099138,11.40175425099138,11.40175425099138,10.816653826391969,10.295630140987,9.848857801796104,0.0,0.0,0.0,0.0,0.0,0.0,0.0,0.0,0.0,0.0,0.0,1.1525719972156676,1.1525719972156676,1.0636978224025597,1.0636978224025597,1.0636978224025597,1.0636978224025597,0.982793723247329,1.0636978224025597,0.982793723247329,0.982793723247329,0.982793723247329,0.9097531579442097,0.9097531579442097,0.844153986113171,0.7853981633974483,0.7266423406817256,0.7266423406817256,0.7266423406817256,0.7266423406817256,0.6747409422235526,0.6747409422235526,0.6747409422235526,0.6747409422235526,0.628796286415433,0.628796286415433,0.628796286415433,0.0,0.628796286415433,0.5880026035475675,0.5880026035475675,0.5880026035475675,0.5880026035475675,0.6435011087932844,0.6435011087932844,0.6435011087932844,0.6435011087932844,0.6857295109062863,0.6857295109062863,0.7328151017865066,0.7328151017865066,0.7328151017865066,0.7328151017865066,0.6747409422235526,0.7853981633974483,0.7266423406817256,0.844153986113171,0.844153986113171,0.9097531579442097,0.9097531579442097,0.9097531579442097,0.982793723247329,1.0636978224025597,1.1525719972156676,0.0,0.0,0.0,0.0,0.0
26.95024565699714,tx,1a:00:00:00:00:00,-49,99.16658271827552,64,0.6660152080157011,8.496357948391182,0,0,0,0,0,0,0,0,0,0,0,0,-8,-7,-9,-7,-9,-7,-9,-7,-10,-6,-10,-6,-10,-6,-10,-6,-10,-6,-11,-6,-11,-5,-11,-5,-11,-5,-11,-5,-12,-5,-12,-4,-13,-4,-12,-4,-13,-4,-13,-3,-13,-3,-14,-3,-13,-3,-14,-3,-15,-3,-14,-3,0,0,-15,-2,-15,-3,-16,-3,-15,-3,-15,-3,-15,-3,-15,-3,-15,-3,-15,-3,-15,-4,-15,-4,-14,-4,-14,-4,-14,-4,-13,-4,-14,-5,-13,-5,-13,-5,-12,-5,-12,-5,-12,-5,-11,-5,-11,-6,-10,-6,-10,-6,-9,-7,0,0,0,0,0,0,0,0,0,0,0.0,0.0,0.0,0.0,0.0,0.0,10.63014581273465,11.40175425099138,11.40175425099138,11.40175425099138,11.661903789690601,11.661903789690601,11.661903789690601,11.661903789690601,11.661903789690601,12.529964086141668,12.083045973594572,12.083045973594572,12.083045973594572,12.083045973594572,13.0,12.649110640673518,13.601470508735444,12.649110640673518,13.601470508735444,13.341664064126334,13.341664064126334,14.317821063276353,13.341664064126334,14.317821063276353,15.297058540778355,14.317821063276353,0.0,15.132745950421556,15.297058540778355,16.278820596099706,15.297058540778355,15.297058540778355,15.297058540778355,15.297058540778355,15.297058540778355,15.297058540778355,15.524174696260024,15.524174696260024,14.560219778561036,14.560219778561036,14.560219778561036,13.601470508735444,14.866068747318506,13.92838827718412,13.92838827718412,13.0,13.0,13.0,12.083045973594572,12.529964086141668,11.661903789690601,11.661903789690601,11.40175425099138,0.0,0.0,0.0,0.0,0.0,0.0,0.0,0.0,0.0,0.0,0.0,-2.4227626539681686,-2.4805494847391065,-2.4805494847391065,-2.4805494847391065,-2.601173153319209,-2.601173153319209,-2.601173153319209,-2.601173153319209,-2.601173153319209,-2.642245931909663,-2.714965160462917,-2.714965160462917,-2.714965160462917,-2.714965160462917,-2.746801533890032,-2.819842099193151,-2.843093722003614,-2.819842099193151,-2.843093722003614,-2.9147938055359073,-2.9147938055359073,-2.930499320367047,-2.9147938055359073,-2.930499320367047,-2.9441970937399127,-2.930499320367047,0.0,-3.0090411212931194,-2.9441970937399127,-2.9562447035940984,-2.9441970937399127,-2.9441970937399127,-2.9441970937399127,-2.9441970937399127,-2.9441970937399127,-2.9441970937399127,-2.8809902618424523,-2.8809902618424523,-2.8632929945846817,-2.8632929945846817,-2.8632929945846817,-2.843093722003614,-2.79856871316909,-2.774418819771574,-2.774418819771574,-2.746801533890032,-2.746801533890032,-2.746801533890032,-2.714965160462917,-2.642245931909663,-2.601173153319209,-2.601173153319209,-2.4805494847391065,0.0,0.0,0.0,0.0,0.0
27.058957599001587,tx,1a:00:00:00:00:00,-49,99.16658271827552,64,0.6649510325738813,8.61434810394374,0,0,0,0,0,0,0,0,0,0,0,0,10,-1,10,-1,10,-1,11,-1,10,-2,11,-2,11,-2,11,-3,11,-3,11,-3,11,-4,11,-4,11,-4,11,-5,12,-5,11,-5,11,-6,11,-6,12,-7,12,-6,11,-7,12,-7,11,-7,12,-8,12,-8,12,-9,0,0,12,-9,12,-8,13,-9,12,-8,13,-9,13,-9,13,-8,13,-8,13,-8,12,-8,13,-8,13,-7,13,-7,13,-7,12,-6,13,-6,12,-6,12,-5,12,-5,11,-4,12,-4,12,-3,11,-3,11,-3,11,-2,11,-2,0,0,0,0,0,0,0,0,0,0,0.0,0.0,0.0,0.0,0.0,0.0,10.04987562112089,10.04987562112089,10.04987562112089,11.045361017187261,10.198039027185569,11.180339887498949,11.180339887498949,11.40175425099138,11.40175425099138,11.40175425099138,11.704699910719626,11.704699910719626,11.704699910719626,12.083045973594572,13.0,12.083045973594572,12.529964086141668,12.529964086141668,13.892443989449804,13.416407864998739,13.038404810405298,13.892443989449804,13.038404810405298,14.422205101855956,14.422205101855956,15.0,0.0,15.0,14.422205101855956,15.811388300841896,14.422205101855956,15.811388300841896,15.811388300841896,15.264337522473747,15.264337522473747,15.264337522473747,14.422205101855956,15.264337522473747,14.7648230602334,14.7648230602334,14.7648230602334,13.416407864998739,14.317821063276353,13.416407864998739,13.0,13.0,11.704699910719626,12.649110640673518,12.36931687685298,11.40175425099138,11.40175425099138,11.180339887498949,11.180339887498949,0.0,0.0,0.0,0.0,0.0,0.0,0.0,0.0,0.0,0.0,0.0,-0.09966865249116202,-0.09966865249116202,-0.09966865249116202,-0.09065988720074511,-0.19739555984988075,-0.17985349979247828,-0.17985349979247828,-0.2662520491509254,-0.2662520491509254,-0.2662520491509254,-0.348771003583907,-0.348771003583907,-0.348771003583907,-0.4266274931268761,-0.3947911196997615,-0.4266274931268761,-0.4993467216801301,-0.4993467216801301,-0.5280744484263596,-0.4636476090008061,-0.5667292175235064,-0.5280744484263596,-0.5667292175235064,-0.5880026035475675,-0.5880026035475675,-0.6435011087932844,0.0,-0.6435011087932844,-0.5880026035475675,-0.6055446636049701,-0.5880026035475675,-0.6055446636049701,-0.6055446636049701,-0.5516549825285468,-0.5516549825285468,-0.5516549825285468,-0.5880026035475675,-0.5516549825285468,-0.49394136891958124,-0.49394136891958124,-0.49394136891958124,-0.4636476090008061,-0.43240777557053783,-0.4636476090008061,-0.3947911196997615,-0.3947911196997615,-0.348771003583907,-0.3217505543966422,-0.24497866312686414,-0.2662520491509254,-0.2662520491509254,-0.17985349979247828,-0.17985349979247828,0.0,0.0,0.0,0.0,0.0
27.160163175998605,tx,1a:00:00:00:00:00,-49,99.16658271827552,64,0.6616484982991534,8.726790123155176,0,0,0,0,0,0,0,0,0,0,0,0,-3,-10,-3,-10,-4,-11,-4,-10,-4,-10,-4,-10,-4,-10,-4,-10,-5,-10,-5,-11,-5,-11,-5,-11,-6,-11,-6,-11,-7,-11,-8,-10,-8,-10,-8,-10,-8,-10,-9,-10,-8,-10,-9,-10,-9,-11,-9,-10,-10,-11,-10,-11,0,0,-10,-11,-11,-11,-11,-10,-11,-11,-11,-11,-11,-11,-11,-12,-10,-12,-10,-11,-10,-12,-10,-11,-9,-12,-9,-12,-9,-11,-9,-11,-9,-11,-8,-11,-8,-11,-7,-11,-7,-11,-6,-11,-6,-11,-5,-11,-5,-11,-4,-11,-3,-10,0,0,0,0,0,0,0,0,0,0,0.0,0.0,0.0,0.0,0.0,0.0,10.44030650891055,10.44030650891055,11.704699910719626,10.770329614269007,10.770329614269007,10.770329614269007,10.770329614269007,10.770329614269007,11.180339887498949,12.083045973594572,12.083045973594572,12.083045973594572,12.529964086141668,12.529964086141668,13.038404810405298,12.806248474865697,12.806248474865697,12.806248474865697,12.806248474865697,13.45362404707371,12.806248474865697,13.45362404707371,14.212670403551895,13.45362404707371,14.866068747318506,14.866068747318506,0.0,14.866068747318506,15.556349186104045,14.866068747318506,15.556349186104045,15.556349186104045,15.556349186104045,16.278820596099706,15.620499351813308,14.866068747318506,15.620499351813308,14.866068747318506,15.0,15.0,14.212670403551895,14.212670403551895,14.212670403551895,13.601470508735444,13.601470508735444,13.038404810405298,13.038404810405298,12.529964086141668,12.529964086141668,12.083045973594572,12.083045973594572,11.704699910719626,10.44030650891055,0.0,0.0,0.0,0.0,0.0,0.0,0.0,0.0,0.0,0.0,0.0,-1.8622531212727638,-1.8622531212727638,-1.9195673303788037,-1.9513027039072615,-1.9513027039072615,-1.9513027039072615,-1.9513027039072615,-1.9513027039072615,-2.0344439357957027,-1.9974238199217726,-1.9974238199217726,-1.9974238199217726,-2.0701430484750265,-2.0701430484750265,-2.137525544318403,-2.2455372690184494,-2.2455372690184494,-2.2455372690184494,-2.2455372690184494,-2.3036114285814033,-2.2455372690184494,-2.3036114285814033,-2.256525837701183,-2.3036114285814033,-2.3086113869153615,-2.3086113869153615,0.0,-2.3086113869153615,-2.356194490192345,-2.403777593469328,-2.356194490192345,-2.356194490192345,-2.356194490192345,-2.312743594800814,-2.2655346029916,-2.3086113869153615,-2.2655346029916,-2.3086113869153615,-2.214297435588181,-2.214297435588181,-2.256525837701183,-2.256525837701183,-2.256525837701183,-2.1995926132103296,-2.1995926132103296,-2.137525544318403,-2.137525544318403,-2.0701430484750265,-2.0701430484750265,-1.9974238199217726,-1.9974238199217726,-1.9195673303788037,-1.8622531212727638,0.0,0.0,0.0,0.0,0.0
27.26958249600284,tx,1a:00:00:00:00:00,-49,99.16658271827552,64,0.6594855511443836,8.832850653964066,0,0,0,0,0,0,0,0,0,0,0,0,-11,-3,-11,-3,-12,-3,-11,-3,-12,-2,-11,-2,-12,-2,-12,-2,-12,-2,-13,-2,-13,-1,-13,-1,-13,0,-13,0,-13,0,-14,1,-13,1,-14,1,-14,2,-14,2,-14,2,-14,3,-15,2,-14,3,-15,3,-15,3,0,0,-15,3,-16,4,-15,4,-16,4,-15,4,-16,3,-16,3,-16,3,-16,3,-16,2,-16,2,-15,2,-15,2,-15,1,-15,2,-15,1,-15,1,-14,0,-14,0,-13,0,-14,-1,-13,-1,-13,-2,-13,-2,-12,-2,-11,-3,0,0,0,0,0,0,0,0,0,0,0.0,0.0,0.0,0.0,0.0,0.0,11.40175425099138,11.40175425099138,12.36931687685298,11.40175425099138,12.165525060596439,11.180339887498949,12.165525060596439,12.165525060596439,12.165525060596439,13.152946437965905,13.038404810405298,13.038404810405298,13.0,13.0,13.0,14.035668847618199,13.038404810405298,14.035668847618199,14.142135623730951,14.142135623730951,14.142135623730951,14.317821063276353,15.132745950421556,14.317821063276353,15.297058540778355,15.297058540778355,0.0,15.297058540778355,16.492422502470642,15.524174696260024,16.492422502470642,15.524174696260024,16.278820596099706,16.278820596099706,16.278820596099706,16.278820596099706,16.1245154965971,16.1245154965971,15.132745950421556,15.132745950421556,15.033296378372908,15.132745950421556,15.033296378372908,15.033296378372908,14.0,14.0,13.0,14.035668847618199,13.038404810405298,13.152946437965905,13.152946437965905,12.165525060596439,11.40175425099138,0.0,0.0,0.0,0.0,0.0,0.0,0.0,0.0,0.0,0.0,0.0,-2.875340604438868,-2.875340604438868,-2.896613990462929,-2.875340604438868,-2.976443976175166,-2.961739153797315,-2.976443976175166,-2.976443976175166,-2.976443976175166,-2.988943325194528,-3.064820762320015,-3.064820762320015,3.141592653589793,3.141592653589793,3.141592653589793,3.070285188804503,3.064820762320015,3.070285188804503,2.999695598985629,2.999695598985629,2.999695598985629,2.930499320367047,3.0090411212931194,2.930499320367047,2.9441970937399127,2.9441970937399127,0.0,2.9441970937399127,2.896613990462929,2.8809902618424523,2.896613990462929,2.8809902618424523,2.9562447035940984,2.9562447035940984,2.9562447035940984,2.9562447035940984,3.017237659043032,3.017237659043032,3.0090411212931194,3.0090411212931194,3.0750244898139694,3.0090411212931194,3.0750244898139694,3.0750244898139694,3.141592653589793,3.141592653589793,3.141592653589793,-3.070285188804503,-3.064820762320015,-2.988943325194528,-2.988943325194528,-2.976443976175166,-2.875340604438868,0.0,0.0,0.0,0.0,0.0
27.37965269700362,tx,1a:00:00:00:00:00,-49,99.16658271827552,64,0.6595347689568912,8.931650952123423,0,0,0,0,0,0,0,0,0,0,0,0,0,-12,0,-11,-1,-12,0,-12,-1,-12,-1,-12,-2,-13,-1,-12,-2,-12,-2,-13,-2,-13,-3,-13,-3,-13,-3,-13,-3,-13,-5,-13,-5,-13,-5,-13,-5,-13,-6,-13,-5,-14,-6,-14,-6,-14,-7,-14,-7,-14,-7,-14,0,0,-7,-15,-7,-15,-7,-14,-8,-15,-7,-15,-7,-15,-7,-16,-6,-16,-7,-15,-6,-16,-6,-15,-5,-15,-5,-15,-4,-15,-5,-15,-5,-14,-4,-15,-3,-14,-3,-14,-3,-14,-2,-14,-2,-13,-1,-13,-1,-13,0,-13,0,-12,0,0,0,0,0,0,0,0,0,0,0.0,0.0,0.0,0.0,0.0,0.0,12.0,11.0,12.041594578792296,12.0,12.041594578792296,12.041594578792296,13.152946437965905,12.041594578792296,12.165525060596439,13.152946437965905,13.152946437965905,13.341664064126334,13.341664064126334,13.341664064126334,13.341664064126334,13.92838827718412,13.92838827718412,13.92838827718412,13.92838827718412,14.317821063276353,14.866068747318506,15.231546211727817,15.231546211727817,15.652475842498529,15.652475842498529,15.652475842498529,0.0,16.55294535724685,16.55294535724685,15.652475842498529,17.0,16.55294535724685,16.55294535724685,17.46424919657298,17.08800749063506,16.55294535724685,17.08800749063506,16.15549442140351,15.811388300841896,15.811388300841896,15.524174696260024,15.811388300841896,14.866068747318506,15.524174696260024,14.317821063276353,14.317821063276353,14.317821063276353,14.142135623730951,13.152946437965905,13.038404810405298,13.038404810405298,13.0,12.0,0.0,0.0,0.0,0.0,0.0,0.0,0.0,0.0,0.0,0.0,0.0,-1.5707963267948966,-1.5707963267948966,-1.6539375586833378,-1.5707963267948966,-1.6539375586833378,-1.6539375586833378,-1.7234456551901618,-1.6539375586833378,-1.7359450042095235,-1.7234456551901618,-1.7234456551901618,-1.7975951748487824,-1.7975951748487824,-1.7975951748487824,-1.7975951748487824,-1.9379701606131159,-1.9379701606131159,-1.9379701606131159,-1.9379701606131159,-2.0032041023654346,-1.9138202672156,-1.97568811307998,-1.97568811307998,-2.0344439357957027,-2.0344439357957027,-2.0344439357957027,0.0,-2.007423486608438,-2.007423486608438,-2.0344439357957027,-2.060753653048625,-2.007423486608438,-2.007423486608438,-1.9832067683922838,-1.9295669970654687,-2.007423486608438,-1.9295669970654687,-1.9513027039072615,-1.892546881191539,-1.892546881191539,-1.8313987185422376,-1.892546881191539,-1.9138202672156,-1.8313987185422376,-1.7818896600176433,-1.7818896600176433,-1.7818896600176433,-1.7126933813990606,-1.7234456551901618,-1.6475682180646747,-1.6475682180646747,-1.5707963267948966,-1.5707963267948966,0.0,0.0,0.0,0.0,0.0
27.48899333400186,tx,1a:00:00:00:00:00,-49,99.16658271827552,64,0.6588849362617673,9.02229355676717,0,0,0,0,0,0,0,0,0,0,0,0,-12,1,-11,1,-12,1,-12,1,-12,2,-11,2,-12,2,-12,2,-12,3,-12,3,-12,3,-12,3,-12,4,-12,4,-12,4,-12,5,-12,6,-12,6,-12,6,-12,6,-12,6,-12,7,-13,7,-13,8,-13,8,-13,7,0,0,-13,8,-13,9,-13,8,-13,9,-13,8,-14,8,-14,8,-14,7,-14,8,-14,7,-14,7,-14,6,-14,6,-13,6,-13,6,-13,6,-14,5,-13,5,-13,4,-13,4,-13,3,-12,3,-13,2,-12,2,-12,2,-12,0,0,0,0,0,0,0,0,0,0,0,0.0,0.0,0.0,0.0,0.0,0.0,12.041594578792296,11.045361017187261,12.041594578792296,12.041594578792296,12.165525060596439,11.180339887498949,12.165525060596439,12.165525060596439,12.36931687685298,12.36931687685298,12.36931687685298,12.36931687685298,12.649110640673518,12.649110640673518,12.649110640673518,13.0,13.416407864998739,13.416407864998739,13.416407864998739,13.416407864998739,13.416407864998739,13.892443989449804,14.7648230602334,15.264337522473747,15.264337522473747,14.7648230602334,0.0,15.264337522473747,15.811388300841896,15.264337522473747,15.811388300841896,15.264337522473747,16.1245154965971,16.1245154965971,15.652475842498529,16.1245154965971,15.652475842498529,15.652475842498529,15.231546211727817,15.231546211727817,14.317821063276353,14.317821063276353,14.317821063276353,14.866068747318506,13.92838827718412,13.601470508735444,13.601470508735444,13.341664064126334,12.36931687685298,13.152946437965905,12.165525060596439,12.165525060596439,12.0,0.0,0.0,0.0,0.0,0.0,0.0,0.0,0.0,0.0,0.0,0.0,3.058451421701352,3.050932766389048,3.058451421701352,3.058451421701352,2.976443976175166,2.961739153797315,2.976443976175166,2.976443976175166,2.896613990462929,2.896613990462929,2.896613990462929,2.896613990462929,2.819842099193151,2.819842099193151,2.819842099193151,2.746801533890032,2.677945044588987,2.677945044588987,2.677945044588987,2.677945044588987,2.677945044588987,2.6135182051634334,2.647651284670212,2.5899376710612465,2.5899376710612465,2.647651284670212,0.0,2.5899376710612465,2.5360479899848234,2.5899376710612465,2.5360479899848234,2.5899376710612465,2.62244653934327,2.62244653934327,2.677945044588987,2.62244653934327,2.677945044588987,2.677945044588987,2.7367008673047097,2.7367008673047097,2.7091848780192556,2.7091848780192556,2.7091848780192556,2.79856871316909,2.774418819771574,2.843093722003614,2.843093722003614,2.9147938055359073,2.896613990462929,2.988943325194528,2.976443976175166,2.976443976175166,3.141592653589793,0.0,0.0,0.0,0.0,0.0
27.589972173002025,tx,1a:00:00:00:00:00,-49,99.16658271827552,64,0.6579365626792271,9.103924807241878,0,0,0,0,0,0,0,0,0,0,0,0,10,-4,10,-5,10,-5,10,-5,10,-5,10,-6,10,-6,10,-6,10,-6,9,-7,10,-7,10,-8,9,-8,10,-8,10,-8,10,-9,10,-9,9,-9,9,-10,9,-10,9,-10,10,-10,9,-10,9,-11,9,-12,9,-12,0,0,10,-12,10,-12,11,-12,10,-11,10,-12,11,-12,11,-12,11,-11,11,-11,11,-11,10,-11,11,-10,11,-10,11,-10,11,-9,11,-9,11,-9,10,-8,10,-8,10,-7,11,-7,11,-6,10,-6,10,-5,10,-5,10,-4,0,0,0,0,0,0,0,0,0,0,0.0,0.0,0.0,0.0,0.0,0.0,10.770329614269007,11.180339887498949,11.180339887498949,11.180339887498949,11.180339887498949,11.661903789690601,11.661903789690601,11.661903789690601,11.661903789690601,11.40175425099138,12.206555615733702,12.806248474865697,12.041594578792296,12.806248474865697,12.806248474865697,13.45362404707371,13.45362404707371,12.727922061357855,13.45362404707371,13.45362404707371,13.45362404707371,14.142135623730951,13.45362404707371,14.212670403551895,15.0,15.0,0.0,15.620499351813308,15.620499351813308,16.278820596099706,14.866068747318506,15.620499351813308,16.278820596099706,16.278820596099706,15.556349186104045,15.556349186104045,15.556349186104045,14.866068747318506,14.866068747318506,14.866068747318506,14.866068747318506,14.212670403551895,14.212670403551895,14.212670403551895,12.806248474865697,12.806248474865697,12.206555615733702,13.038404810405298,12.529964086141668,11.661903789690601,11.180339887498949,11.180339887498949,10.770329614269007,0.0,0.0,0.0,0.0,0.0,0.0,0.0,0.0,0.0,0.0,0.0,-0.3805063771123649,-0.4636476090008061,-0.4636476090008061,-0.4636476090008061,-0.4636476090008061,-0.5404195002705842,-0.5404195002705842,-0.5404195002705842,-0.5404195002705842,-0.6610431688506869,-0.6107259643892086,-0.6747409422235526,-0.7266423406817256,-0.6747409422235526,-0.6747409422235526,-0.7328151017865066,-0.7328151017865066,-0.7853981633974483,-0.83798122500839,-0.83798122500839,-0.83798122500839,-0.7853981633974483,-0.83798122500839,-0.8850668158886104,-0.9272952180016122,-0.9272952180016122,0.0,-0.8760580505981934,-0.8760580505981934,-0.8288490587889792,-0.8329812666744317,-0.8760580505981934,-0.8288490587889792,-0.8288490587889792,-0.7853981633974483,-0.7853981633974483,-0.7853981633974483,-0.8329812666744317,-0.7378150601204649,-0.7378150601204649,-0.7378150601204649,-0.6857295109062863,-0.6857295109062863,-0.6857295109062863,-0.6747409422235526,-0.6747409422235526,-0.6107259643892086,-0.5667292175235064,-0.4993467216801301,-0.5404195002705842,-0.4636476090008061,-0.4636476090008061,-0.3805063771123649,0.0,0.0,0.0,0.0,0.0
27.698942492999777,tx,1a:00:00:00:00:00,-49,99.16658271827552,64,0.6568693148170025,9.17577438696225,0,0,0,0,0,0,0,0,0,0,0,0,-11,-1,-12,-1,-11,0,-12,0,-12,0,-12,1,-12,1,-12,1,-12,1,-12,2,-12,2,-12,3,-12,3,-12,3,-13,4,-12,4,-13,4,-12,4,-13,5,-13,5,-13,5,-13,6,-12,6,-13,7,-13,7,-13,7,0,0,-14,8,-14,7,-15,8,-13,7,-14,7,-14,8,-14,7,-14,7,-15,7,-14,6,-14,7,-14,6,-14,6,-14,6,-13,5,-14,5,-13,5,-13,4,-13,4,-13,3,-13,3,-13,3,-12,2,-12,2,-12,1,-12,1,0,0,0,0,0,0,0,0,0,0,0.0,0.0,0.0,0.0,0.0,0.0,11.045361017187261,12.041594578792296,11.0,12.0,12.0,12.041594578792296,12.041594578792296,12.041594578792296,12.041594578792296,12.165525060596439,12.165525060596439,12.36931687685298,12.36931687685298,12.36931687685298,13.601470508735444,12.649110640673518,13.601470508735444,12.649110640673518,13.92838827718412,13.92838827718412,13.92838827718412,14.317821063276353,13.416407864998739,14.7648230602334,14.7648230602334,14.7648230602334,0.0,16.1245154965971,15.652475842498529,17.0,14.7648230602334,15.652475842498529,16.1245154965971,15.652475842498529,15.652475842498529,16.55294535724685,15.231546211727817,15.652475842498529,15.231546211727817,15.231546211727817,15.231546211727817,13.92838827718412,14.866068747318506,13.92838827718412,13.601470508735444,13.601470508735444,13.341664064126334,13.341664064126334,13.341664064126334,12.165525060596439,12.165525060596439,12.041594578792296,12.041594578792296,0.0,0.0,0.0,0.0,0.0,0.0,0.0,0.0,0.0,0.0,0.0,-3.050932766389048,-3.058451421701352,3.141592653589793,3.141592653589793,3.141592653589793,3.058451421701352,3.058451421701352,3.058451421701352,3.058451421701352,2.976443976175166,2.976443976175166,2.896613990462929,2.896613990462929,2.896613990462929,2.843093722003614,2.819842099193151,2.843093722003614,2.819842099193151,2.774418819771574,2.774418819771574,2.774418819771574,2.7091848780192556,2.677945044588987,2.647651284670212,2.647651284670212,2.647651284670212,0.0,2.62244653934327,2.677945044588987,2.651635327336065,2.647651284670212,2.677945044588987,2.62244653934327,2.677945044588987,2.677945044588987,2.704965493776252,2.7367008673047097,2.677945044588987,2.7367008673047097,2.7367008673047097,2.7367008673047097,2.774418819771574,2.79856871316909,2.774418819771574,2.843093722003614,2.843093722003614,2.9147938055359073,2.9147938055359073,2.9147938055359073,2.976443976175166,2.976443976175166,3.058451421701352,3.058451421701352,0.0,0.0,0.0,0.0,0.0
27.801391938999586,tx,1a:00:00:00:00:00,-49,99.16658271827552,64,0.6548758545470116,9.237197606846852,0,0,0,0,0,0,0,0,0,0,0,0,-9,-7,-9,-7,-9,-7,-9,-7,-9,-7,-10,-6,-10,-6,-10,-6,-10,-6,-10,-6,-11,-6,-11,-5,-12,-5,-12,-5,-12,-5,-12,-5,-12,-5,-12,-4,-13,-4,-13,-4,-13,-4,-13,-4,-13,-3,-14,-3,-14,-3,-15,-3,0,0,-15,-3,-15,-4,-15,-4,-15,-3,-15,-4,-16,-4,-15,-4,-15,-4,-15,-5,-14,-5,-14,-5,-14,-5,-14,-5,-14,-5,-13,-6,-13,-6,-13,-6,-12,-6,-12,-6,-12,-6,-10,-6,-10,-7,-9,-6,-10,-6,-9,-8,-9,-8,0,0,0,0,0,0,0,0,0,0,0.0,0.0,0.0,0.0,0.0,0.0,11.40175425099138,11.40175425099138,11.40175425099138,11.40175425099138,11.40175425099138,11.661903789690601,11.661903789690601,11.661903789690601,11.661903789690601,11.661903789690601,12.529964086141668,12.083045973594572,13.0,13.0,13.0,13.0,13.0,12.649110640673518,13.601470508735444,13.601470508735444,13.601470508735444,13.601470508735444,13.341664064126334,14.317821063276353,14.317821063276353,15.297058540778355,0.0,15.297058540778355,15.524174696260024,15.524174696260024,15.297058540778355,15.524174696260024,16.492422502470642,15.524174696260024,15.524174696260024,15.811388300841896,14.866068747318506,14.866068747318506,14.866068747318506,14.866068747318506,14.866068747318506,14.317821063276353,14.317821063276353,14.317821063276353,13.416407864998739,13.416407864998739,13.416407864998739,11.661903789690601,12.206555615733702,10.816653826391969,11.661903789690601,12.041594578792296,12.041594578792296,0.0,0.0,0.0,0.0,0.0,0.0,0.0,0.0,0.0,0.0,0.0,-2.4805494847391065,-2.4805494847391065,-2.4805494847391065,-2.4805494847391065,-2.4805494847391065,-2.601173153319209,-2.601173153319209,-2.601173153319209,-2.601173153319209,-2.601173153319209,-2.642245931909663,-2.714965160462917,-2.746801533890032,-2.746801533890032,-2.746801533890032,-2.746801533890032,-2.746801533890032,-2.819842099193151,-2.843093722003614,-2.843093722003614,-2.843093722003614,-2.843093722003614,-2.9147938055359073,-2.930499320367047,-2.930499320367047,-2.9441970937399127,0.0,-2.9441970937399127,-2.8809902618424523,-2.8809902618424523,-2.9441970937399127,-2.8809902618424523,-2.896613990462929,-2.8809902618424523,-2.8809902618424523,-2.819842099193151,-2.79856871316909,-2.79856871316909,-2.79856871316909,-2.79856871316909,-2.79856871316909,-2.7091848780192556,-2.7091848780192556,-2.7091848780192556,-2.677945044588987,-2.677945044588987,-2.677945044588987,-2.601173153319209,-2.5308666892005847,-2.5535900500422257,-2.601173153319209,-2.4149503129080676,-2.4149503129080676,0.0,0.0,0.0,0.0,0.0
27.910128661998897,tx,1a:00:00:00:00:00,-49,94.68242237337309,64,0.6541087129976664,9.287784254569418,0,0,0,0,0,0,0,0,0,0,0,0,3,9,3,9,4,9,4,9,4,9,4,9,4,9,5,9,5,10,6,9,6,9,6,9,6,9,7,9,7,9,7,9,8,9,8,9,8,9,8,9,9,9,9,9,9,9,10,9,10,9,10,9,0,0,11,10,10,10,11,10,11,10,10,10,11,11,10,11,10,11,10,11,10,11,9,11,9,11,9,12,8,11,8,11,7,10,8,10,6,10,7,10,6,11,5,11,3,9,5,11,5,10,4,7,4,11,0,0,0,0,0,0,0,0,0,0,0.0,0.0,0.0,0.0,0.0,0.0,9.486832980505138,9.486832980505138,9.848857801796104,9.848857801796104,9.848857801796104,9.848857801796104,9.848857801796104,10.295630140987,11.180339887498949,10.816653826391969,10.816653826391969,10.816653826391969,10.816653826391969,11.40175425099138,11.40175425099138,11.40175425099138,12.041594578792296,12.041594578792296,12.041594578792296,12.041594578792296,12.727922061357855,12.727922061357855,12.727922061357855,13.45362404707371,13.45362404707371,13.45362404707371,0.0,14.866068747318506,14.142135623730951,14.866068747318506,14.866068747318506,14.142135623730951,15.556349186104045,14.866068747318506,14.866068747318506,14.866068747318506,14.866068747318506,14.212670403551895,14.212670403551895,15.0,13.601470508735444,13.601470508735444,12.206555615733702,12.806248474865697,11.661903789690601,12.206555615733702,12.529964086141668,12.083045973594572,9.486832980505138,12.083045973594572,11.180339887498949,8.06225774829855,11.704699910719626,0.0,0.0,0.0,0.0,0.0,0.0,0.0,0.0,0.0,0.0,0.0,1.2490457723982544,1.2490457723982544,1.1525719972156676,1.1525719972156676,1.1525719972156676,1.1525719972156676,1.1525719972156676,1.0636978224025597,1.1071487177940904,0.982793723247329,0.982793723247329,0.982793723247329,0.982793723247329,0.9097531579442097,0.9097531579442097,0.9097531579442097,0.844153986113171,0.844153986113171,0.844153986113171,0.844153986113171,0.7853981633974483,0.7853981633974483,0.7853981633974483,0.7328151017865066,0.7328151017865066,0.7328151017865066,0.0,0.7378150601204649,0.7853981633974483,0.7378150601204649,0.7378150601204649,0.7853981633974483,0.7853981633974483,0.8329812666744317,0.8329812666744317,0.8329812666744317,0.8329812666744317,0.8850668158886104,0.8850668158886104,0.9272952180016122,0.9420000403794636,0.9420000403794636,0.960070362405688,0.8960553845713439,1.0303768265243125,0.960070362405688,1.0714496051147666,1.1441688336680205,1.2490457723982544,1.1441688336680205,1.1071487177940904,1.0516502125483738,1.2220253232109897,0.0,0.0,0.0,0.0,0.0
28.018787720000546,tx,1a:00:00:00:00:00,-49,94.68242237337309,64,0.6537373671418845,9.327263280772156,0,0,0,0,0,0,0,0,0,0,0,0,7,-7,7,-7,7,-7,7,-8,7,-8,7,-8,7,-8,6,-8,7,-9,6,-9,6,-10,6,-10,6,-10,6,-10,6,-11,5,-11,5,-11,5,-11,5,-12,5,-12,5,-12,5,-12,4,-12,4,-13,4,-14,4,-14,0,0,5,-14,4,-14,5,-15,4,-14,5,-15,5,-15,5,-14,5,-14,5,-14,5,-14,5,-14,5,-13,6,-13,6,-13,6,-12,6,-12,6,-12,6,-12,6,-11,6,-10,6,-10,7,-10,6,-9,7,-9,7,-9,7,-8,0,0,0,0,0,0,0,0,0,0,0.0,0.0,0.0,0.0,0.0,0.0,9.899494936611665,9.899494936611665,9.899494936611665,10.63014581273465,10.63014581273465,10.63014581273465,10.63014581273465,10.0,11.40175425099138,10.816653826391969,11.661903789690601,11.661903789690601,11.661903789690601,11.661903789690601,12.529964086141668,12.083045973594572,12.083045973594572,12.083045973594572,13.0,13.0,13.0,13.0,12.649110640673518,13.601470508735444,14.560219778561036,14.560219778561036,0.0,14.866068747318506,14.560219778561036,15.811388300841896,14.560219778561036,15.811388300841896,15.811388300841896,14.866068747318506,14.866068747318506,14.866068747318506,14.866068747318506,14.866068747318506,13.92838827718412,14.317821063276353,14.317821063276353,13.416407864998739,13.416407864998739,13.416407864998739,13.416407864998739,12.529964086141668,11.661903789690601,11.661903789690601,12.206555615733702,10.816653826391969,11.40175425099138,11.40175425099138,10.63014581273465,0.0,0.0,0.0,0.0,0.0,0.0,0.0,0.0,0.0,0.0,0.0,-0.7853981633974483,-0.7853981633974483,-0.7853981633974483,-0.8519663271732721,-0.8519663271732721,-0.8519663271732721,-0.8519663271732721,-0.9272952180016122,-0.9097531579442097,-0.982793723247329,-1.0303768265243125,-1.0303768265243125,-1.0303768265243125,-1.0303768265243125,-1.0714496051147666,-1.1441688336680205,-1.1441688336680205,-1.1441688336680205,-1.176005207095135,-1.176005207095135,-1.176005207095135,-1.176005207095135,-1.2490457723982544,-1.2722973952087173,-1.2924966677897853,-1.2924966677897853,0.0,-1.2277723863741932,-1.2924966677897853,-1.2490457723982544,-1.2924966677897853,-1.2490457723982544,-1.2490457723982544,-1.2277723863741932,-1.2277723863741932,-1.2277723863741932,-1.2277723863741932,-1.2277723863741932,-1.2036224929766774,-1.1383885512243588,-1.1383885512243588,-1.1071487177940904,-1.1071487177940904,-1.1071487177940904,-1.1071487177940904,-1.0714496051147666,-1.0303768265243125,-1.0303768265243125,-0.960070362405688,-0.982793723247329,-0.9097531579442097,-0.9097531579442097,-0.8519663271732721,0.0,0.0,0.0,0.0,0.0
28.140274347999366,tx,1a:00:00:00:00:00,-49,94.68242237337309,64,0.6534679300229245,9.355360887074402,0,0,0,0,0,0,0,0,0,0,0,0,-1,-11,-1,-11,-1,-12,-1,-11,-2,-11,-2,-11,-1,-11,-2,-12,-3,-12,-2,-12,-3,-12,-4,-12,-4,-11,-4,-11,-5,-11,-6,-13,-5,-12,-6,-11,-5,-12,-6,-12,-6,-13,-6,-12,-6,-13,-7,-13,-7,-13,-7,-12,0,0,-8,-13,-8,-13,-8,-13,-9,-14,-8,-13,-8,-14,-8,-14,-7,-14,-7,-13,-7,-14,-7,-13,-6,-13,-6,-13,-6,-13,-7,-13,-6,-12,-6,-13,-5,-12,-4,-12,-4,-12,-4,-12,-4,-12,-3,-12,-3,-12,-2,-11,-1,-11,0,0,0,0,0,0,0,0,0,0,0.0,0.0,0.0,0.0,0.0,0.0,11.045361017187261,11.045361017187261,12.041594578792296,11.045361017187261,11.180339887498949,11.180339887498949,11.045361017187261,12.165525060596439,12.36931687685298,12.165525060596439,12.36931687685298,12.649110640673518,11.704699910719626,11.704699910719626,12.083045973594572,14.317821063276353,13.0,12.529964086141668,13.0,13.416407864998739,14.317821063276353,13.416407864998739,14.317821063276353,14.7648230602334,14.7648230602334,13.892443989449804,0.0,15.264337522473747,15.264337522473747,15.264337522473747,16.64331697709324,15.264337522473747,16.1245154965971,16.1245154965971,15.652475842498529,14.7648230602334,15.652475842498529,14.7648230602334,14.317821063276353,14.317821063276353,14.317821063276353,14.7648230602334,13.416407864998739,14.317821063276353,13.0,12.649110640673518,12.649110640673518,12.649110640673518,12.649110640673518,12.36931687685298,12.36931687685298,11.180339887498949,11.045361017187261,0.0,0.0,0.0,0.0,0.0,0.0,0.0,0.0,0.0,0.0,0.0,-1.6614562139956417,-1.6614562139956417,-1.6539375586833378,-1.6614562139956417,-1.750649826587375,-1.750649826587375,-1.6614562139956417,-1.7359450042095235,-1.8157749899217608,-1.7359450042095235,-1.8157749899217608,-1.892546881191539,-1.9195673303788037,-1.9195673303788037,-1.9974238199217726,-2.0032041023654346,-1.965587446494658,-2.0701430484750265,-1.965587446494658,-2.0344439357957027,-2.0032041023654346,-2.0344439357957027,-2.0032041023654346,-2.0647376957144776,-2.0647376957144776,-2.0988707752212563,0.0,-2.1224513093234436,-2.1224513093234436,-2.1224513093234436,-2.1421338066285234,-2.1224513093234436,-2.0899424410414196,-2.0899424410414196,-2.0344439357957027,-2.0647376957144776,-2.0344439357957027,-2.0647376957144776,-2.0032041023654346,-2.0032041023654346,-2.0032041023654346,-2.0647376957144776,-2.0344439357957027,-2.0032041023654346,-1.965587446494658,-1.892546881191539,-1.892546881191539,-1.892546881191539,-1.892546881191539,-1.8157749899217608,-1.8157749899217608,-1.750649826587375,-1.6614562139956417,0.0,0.0,0.0,0.0,0.0
28.2498666399988,tx,1a:00:00:00:00:00,-49,94.68242237337309,64,0.653629316553309,9.371822612792943,0,0,0,0,0,0,0,0,0,0,0,0,9,-3,10,-3,10,-4,10,-4,10,-4,10,-4,10,-4,10,-5,10,-5,10,-5,10,-5,10,-6,10,-6,10,-7,10,-7,9,-7,10,-8,9,-8,10,-8,10,-8,10,-8,10,-9,10,-9,10,-10,10,-10,10,-10,0,0,11,-10,11,-10,11,-10,10,-10,11,-10,11,-10,12,-10,11,-10,11,-10,11,-9,11,-9,11,-9,11,-9,11,-8,11,-8,11,-8,11,-7,10,-7,10,-7,10,-6,10,-6,11,-5,10,-5,10,-4,10,-4,10,-3,0,0,0,0,0,0,0,0,0,0,0.0,0.0,0.0,0.0,0.0,0.0,9.486832980505138,10.44030650891055,10.770329614269007,10.770329614269007,10.770329614269007,10.770329614269007,10.770329614269007,11.180339887498949,11.180339887498949,11.180339887498949,11.180339887498949,11.661903789690601,11.661903789690601,12.206555615733702,12.206555615733702,11.40175425099138,12.806248474865697,12.041594578792296,12.806248474865697,12.806248474865697,12.806248474865697,13.45362404707371,13.45362404707371,14.142135623730951,14.142135623730951,14.142135623730951,0.0,14.866068747318506,14.866068747318506,14.866068747318506,14.142135623730951,14.866068747318506,14.866068747318506,15.620499351813308,14.866068747318506,14.866068747318506,14.212670403551895,14.212670403551895,14.212670403551895,14.212670403551895,13.601470508735444,13.601470508735444,13.601470508735444,13.038404810405298,12.206555615733702,12.206555615733702,11.661903789690601,11.661903789690601,12.083045973594572,11.180339887498949,10.770329614269007,10.770329614269007,10.44030650891055,0.0,0.0,0.0,0.0,0.0,0.0,0.0,0.0,0.0,0.0,0.0,-0.3217505543966422,-0.2914567944778671,-0.3805063771123649,-0.3805063771123649,-0.3805063771123649,-0.3805063771123649,-0.3805063771123649,-0.4636476090008061,-0.4636476090008061,-0.4636476090008061,-0.4636476090008061,-0.5404195002705842,-0.5404195002705842,-0.6107259643892086,-0.6107259643892086,-0.6610431688506869,-0.6747409422235526,-0.7266423406817256,-0.6747409422235526,-0.6747409422235526,-0.6747409422235526,-0.7328151017865066,-0.7328151017865066,-0.7853981633974483,-0.7853981633974483,-0.7853981633974483,0.0,-0.7378150601204649,-0.7378150601204649,-0.7378150601204649,-0.7853981633974483,-0.7378150601204649,-0.7378150601204649,-0.6947382761967031,-0.7378150601204649,-0.7378150601204649,-0.6857295109062863,-0.6857295109062863,-0.6857295109062863,-0.6857295109062863,-0.628796286415433,-0.628796286415433,-0.628796286415433,-0.5667292175235064,-0.6107259643892086,-0.6107259643892086,-0.5404195002705842,-0.5404195002705842,-0.4266274931268761,-0.4636476090008061,-0.3805063771123649,-0.3805063771123649,-0.2914567944778671,0.0,0.0,0.0,0.0,0.0
28.35806741200213,tx,1a:00:00:00:00:00,-49,94.68242237337309,64,0.6541472291602533,9.376430957298904,0,0,0,0,0,0,0,0,0,0,0,0,4,9,4,9,5,9,5,9,6,9,5,9,6,9,6,8,7,9,7,9,7,9,7,9,8,9,8,8,8,8,9,8,9,8,10,8,10,7,10,7,10,7,11,7,11,8,11,7,12,7,12,7,0,0,12,7,13,7,12,7,13,7,12,7,13,8,13,8,12,8,12,8,12,9,12,8,11,9,11,9,10,8,11,8,10,8,10,9,9,8,9,8,9,8,8,8,8,8,8,9,7,9,6,9,5,8,0,0,0,0,0,0,0,0,0,0,0.0,0.0,0.0,0.0,0.0,0.0,9.848857801796104,9.848857801796104,10.295630140987,10.295630140987,10.816653826391969,10.295630140987,10.816653826391969,10.0,11.40175425099138,11.40175425099138,11.40175425099138,11.40175425099138,12.041594578792296,11.313708498984761,11.313708498984761,12.041594578792296,12.041594578792296,12.806248474865697,12.206555615733702,12.206555615733702,12.206555615733702,13.038404810405298,13.601470508735444,13.038404810405298,13.892443989449804,13.892443989449804,0.0,13.892443989449804,14.7648230602334,13.892443989449804,14.7648230602334,13.892443989449804,15.264337522473747,15.264337522473747,14.422205101855956,14.422205101855956,15.0,14.422205101855956,14.212670403551895,14.212670403551895,12.806248474865697,13.601470508735444,12.806248474865697,13.45362404707371,12.041594578792296,12.041594578792296,12.041594578792296,11.313708498984761,11.313708498984761,12.041594578792296,11.40175425099138,10.816653826391969,9.433981132056603,0.0,0.0,0.0,0.0,0.0,0.0,0.0,0.0,0.0,0.0,0.0,1.1525719972156676,1.1525719972156676,1.0636978224025597,1.0636978224025597,0.982793723247329,1.0636978224025597,0.982793723247329,0.9272952180016122,0.9097531579442097,0.9097531579442097,0.9097531579442097,0.9097531579442097,0.844153986113171,0.7853981633974483,0.7853981633974483,0.7266423406817256,0.7266423406817256,0.6747409422235526,0.6107259643892086,0.6107259643892086,0.6107259643892086,0.5667292175235064,0.628796286415433,0.5667292175235064,0.5280744484263596,0.5280744484263596,0.0,0.5280744484263596,0.49394136891958124,0.5280744484263596,0.49394136891958124,0.5280744484263596,0.5516549825285468,0.5516549825285468,0.5880026035475675,0.5880026035475675,0.6435011087932844,0.5880026035475675,0.6857295109062863,0.6857295109062863,0.6747409422235526,0.628796286415433,0.6747409422235526,0.7328151017865066,0.7266423406817256,0.7266423406817256,0.7266423406817256,0.7853981633974483,0.7853981633974483,0.844153986113171,0.9097531579442097,0.982793723247329,1.0121970114513341,0.0,0.0,0.0,0.0,0.0
28.468247044002055,tx,1a:00:00:00:00:00,-49,94.68242237337309,64,0.6528172225711433,9.369005464349659,0,0,0,0,0,0,0,0,0,0,0,0,7,7,8,7,8,7,8,7,8,7,9,7,9,6,9,6,9,6,10,6,10,6,10,5,11,5,11,5,12,5,11,5,12,5,11,4,13,4,13,4,13,4,13,4,13,3,14,3,14,3,15,3,0,0,15,3,15,4,16,4,15,3,15,4,15,4,15,4,15,4,15,4,14,4,14,5,14,5,14,5,14,5,13,5,13,6,12,5,12,5,12,6,11,6,11,6,10,6,10,6,9,7,9,7,8,7,0,0,0,0,0,0,0,0,0,0,0.0,0.0,0.0,0.0,0.0,0.0,9.899494936611665,10.63014581273465,10.63014581273465,10.63014581273465,10.63014581273465,11.40175425099138,10.816653826391969,10.816653826391969,10.816653826391969,11.661903789690601,11.661903789690601,11.180339887498949,12.083045973594572,12.083045973594572,13.0,12.083045973594572,13.0,11.704699910719626,13.601470508735444,13.601470508735444,13.601470508735444,13.601470508735444,13.341664064126334,14.317821063276353,14.317821063276353,15.297058540778355,0.0,15.297058540778355,15.524174696260024,16.492422502470642,15.297058540778355,15.524174696260024,15.524174696260024,15.524174696260024,15.524174696260024,15.524174696260024,14.560219778561036,14.866068747318506,14.866068747318506,14.866068747318506,14.866068747318506,13.92838827718412,14.317821063276353,13.0,13.0,13.416407864998739,12.529964086141668,12.529964086141668,11.661903789690601,11.661903789690601,11.40175425099138,11.40175425099138,10.63014581273465,0.0,0.0,0.0,0.0,0.0,0.0,0.0,0.0,0.0,0.0,0.0,0.7853981633974483,0.7188299996216245,0.7188299996216245,0.7188299996216245,0.7188299996216245,0.6610431688506869,0.5880026035475675,0.5880026035475675,0.5880026035475675,0.5404195002705842,0.5404195002705842,0.4636476090008061,0.4266274931268761,0.4266274931268761,0.3947911196997615,0.4266274931268761,0.3947911196997615,0.348771003583907,0.2984989315861793,0.2984989315861793,0.2984989315861793,0.2984989315861793,0.22679884805388587,0.21109333322274654,0.21109333322274654,0.19739555984988075,0.0,0.19739555984988075,0.260602391747341,0.24497866312686414,0.19739555984988075,0.260602391747341,0.260602391747341,0.260602391747341,0.260602391747341,0.260602391747341,0.27829965900511133,0.3430239404207034,0.3430239404207034,0.3430239404207034,0.3430239404207034,0.3671738338182192,0.43240777557053783,0.3947911196997615,0.3947911196997615,0.4636476090008061,0.4993467216801301,0.4993467216801301,0.5404195002705842,0.5404195002705842,0.6610431688506869,0.6610431688506869,0.7188299996216245,0.0,0.0,0.0,0.0,0.0
28.569020456001454,tx,1a:00:00:00:00:00,-49,94.68242237337309,64,0.6528804055522264,9.349418906963853,0,0,0,0,0,0,0,0,0,0,0,0,-10,3,-10,3,-10,3,-10,3,-10,3,-10,4,-10,4,-10,4,-10,4,-10,5,-10,5,-10,6,-10,6,-9,6,-10,6,-10,6,-10,7,-9,7,-10,7,-10,7,-10,8,-10,8,-9,8,-9,9,-10,9,-10,9,0,0,-10,9,-10,9,-11,10,-10,9,-11,9,-11,10,-11,9,-11,9,-11,8,-11,8,-11,8,-11,8,-11,8,-11,7,-11,6,-11,6,-11,6,-10,6,-11,5,-11,5,-11,5,-11,4,-10,4,-10,4,-10,3,-10,2,0,0,0,0,0,0,0,0,0,0,0.0,0.0,0.0,0.0,0.0,0.0,10.44030650891055,10.44030650891055,10.44030650891055,10.44030650891055,10.44030650891055,10.770329614269007,10.770329614269007,10.770329614269007,10.770329614269007,11.180339887498949,11.180339887498949,11.661903789690601,11.661903789690601,10.816653826391969,11.661903789690601,11.661903789690601,12.206555615733702,11.40175425099138,12.206555615733702,12.206555615733702,12.806248474865697,12.806248474865697,12.041594578792296,12.727922061357855,13.45362404707371,13.45362404707371,0.0,13.45362404707371,13.45362404707371,14.866068747318506,13.45362404707371,14.212670403551895,14.866068747318506,14.212670403551895,14.212670403551895,13.601470508735444,13.601470508735444,13.601470508735444,13.601470508735444,13.601470508735444,13.038404810405298,12.529964086141668,12.529964086141668,12.529964086141668,11.661903789690601,12.083045973594572,12.083045973594572,12.083045973594572,11.704699910719626,10.770329614269007,10.770329614269007,10.44030650891055,10.198039027185569,0.0,0.0,0.0,0.0,0.0,0.0,0.0,0.0,0.0,0.0,0.0,2.8501358591119264,2.8501358591119264,2.8501358591119264,2.8501358591119264,2.8501358591119264,2.761086276477428,2.761086276477428,2.761086276477428,2.761086276477428,2.677945044588987,2.677945044588987,2.601173153319209,2.601173153319209,2.5535900500422257,2.601173153319209,2.601173153319209,2.5308666892005847,2.4805494847391065,2.5308666892005847,2.5308666892005847,2.4668517113662407,2.4668517113662407,2.4149503129080676,2.356194490192345,2.408777551803287,2.408777551803287,0.0,2.408777551803287,2.408777551803287,2.403777593469328,2.408777551803287,2.455863142683507,2.403777593469328,2.455863142683507,2.455863142683507,2.5127963671743605,2.5127963671743605,2.5127963671743605,2.5127963671743605,2.5127963671743605,2.5748634360662868,2.642245931909663,2.642245931909663,2.642245931909663,2.601173153319209,2.714965160462917,2.714965160462917,2.714965160462917,2.7928216500058864,2.761086276477428,2.761086276477428,2.8501358591119264,2.9441970937399127,0.0,0.0,0.0,0.0,0.0
28.688716775999637,tx,1a:00:00:00:00:00,-49,94.68242237337309,64,0.6536007827688521,9.317643393229778,0,0,0,0,0,0,0,0,0,0,0,0,10,0,10,-1,10,-1,11,-1,10,-1,11,-1,10,-2,10,-2,10,-2,10,-3,11,-3,11,-3,11,-4,11,-4,11,-4,11,-4,12,-5,11,-5,12,-6,12,-6,11,-6,12,-6,11,-6,12,-7,12,-7,12,-7,0,0,13,-8,12,-7,13,-8,12,-7,13,-8,13,-7,13,-7,13,-7,13,-6,12,-6,13,-6,13,-6,13,-6,13,-6,12,-5,13,-5,12,-4,12,-4,11,-4,11,-3,11,-3,11,-3,10,-2,10,-2,10,-2,10,-1,0,0,0,0,0,0,0,0,0,0,0.0,0.0,0.0,0.0,0.0,0.0,10.0,10.04987562112089,10.04987562112089,11.045361017187261,10.04987562112089,11.045361017187261,10.198039027185569,10.198039027185569,10.198039027185569,10.44030650891055,11.40175425099138,11.40175425099138,11.704699910719626,11.704699910719626,11.704699910719626,11.704699910719626,13.0,12.083045973594572,13.416407864998739,13.416407864998739,12.529964086141668,13.416407864998739,12.529964086141668,13.892443989449804,13.892443989449804,13.892443989449804,0.0,15.264337522473747,13.892443989449804,15.264337522473747,13.892443989449804,15.264337522473747,14.7648230602334,14.7648230602334,14.7648230602334,14.317821063276353,13.416407864998739,14.317821063276353,14.317821063276353,14.317821063276353,14.317821063276353,13.0,13.92838827718412,12.649110640673518,12.649110640673518,11.704699910719626,11.40175425099138,11.40175425099138,11.40175425099138,10.198039027185569,10.198039027185569,10.198039027185569,10.04987562112089,0.0,0.0,0.0,0.0,0.0,0.0,0.0,0.0,0.0,0.0,0.0,0.0,-0.09966865249116202,-0.09966865249116202,-0.09065988720074511,-0.09966865249116202,-0.09065988720074511,-0.19739555984988075,-0.19739555984988075,-0.19739555984988075,-0.2914567944778671,-0.2662520491509254,-0.2662520491509254,-0.348771003583907,-0.348771003583907,-0.348771003583907,-0.348771003583907,-0.3947911196997615,-0.4266274931268761,-0.4636476090008061,-0.4636476090008061,-0.4993467216801301,-0.4636476090008061,-0.4993467216801301,-0.5280744484263596,-0.5280744484263596,-0.5280744484263596,0.0,-0.5516549825285468,-0.5280744484263596,-0.5516549825285468,-0.5280744484263596,-0.5516549825285468,-0.49394136891958124,-0.49394136891958124,-0.49394136891958124,-0.43240777557053783,-0.4636476090008061,-0.43240777557053783,-0.43240777557053783,-0.43240777557053783,-0.43240777557053783,-0.3947911196997615,-0.3671738338182192,-0.3217505543966422,-0.3217505543966422,-0.348771003583907,-0.2662520491509254,-0.2662520491509254,-0.2662520491509254,-0.19739555984988075,-0.19739555984988075,-0.19739555984988075,-0.09966865249116202,0.0,0.0,0.0,0.0,0.0
28.798774069997307,tx,1a:00:00:00:00:00,-49,94.68242237337309,64,0.6527548585651801,9.273744040115945,0,0,0,0,0,0,0,0,0,0,0,0,-8,7,-8,8,-7,7,-8,8,-7,8,-8,9,-7,9,-7,9,-7,9,-6,9,-6,10,-6,10,-6,10,-6,10,-6,11,-5,10,-5,12,-5,11,-5,12,-5,12,-4,12,-5,12,-4,12,-4,13,-4,13,-4,14,0,0,-4,14,-4,13,-4,15,-4,13,-5,15,-4,15,-5,14,-5,14,-5,14,-5,13,-5,13,-5,13,-6,13,-6,13,-6,12,-6,12,-6,11,-6,11,-6,11,-6,10,-6,10,-7,10,-6,9,-7,9,-7,8,-8,8,0,0,0,0,0,0,0,0,0,0,0.0,0.0,0.0,0.0,0.0,0.0,10.63014581273465,11.313708498984761,9.899494936611665,11.313708498984761,10.63014581273465,12.041594578792296,11.40175425099138,11.40175425099138,11.40175425099138,10.816653826391969,11.661903789690601,11.661903789690601,11.661903789690601,11.661903789690601,12.529964086141668,11.180339887498949,13.0,12.083045973594572,13.0,13.0,12.649110640673518,13.0,12.649110640673518,13.601470508735444,13.601470508735444,14.560219778561036,0.0,14.560219778561036,13.601470508735444,15.524174696260024,13.601470508735444,15.811388300841896,15.524174696260024,14.866068747318506,14.866068747318506,14.866068747318506,13.92838827718412,13.92838827718412,13.92838827718412,14.317821063276353,14.317821063276353,13.416407864998739,13.416407864998739,12.529964086141668,12.529964086141668,12.529964086141668,11.661903789690601,11.661903789690601,12.206555615733702,10.816653826391969,11.40175425099138,10.63014581273465,11.313708498984761,0.0,0.0,0.0,0.0,0.0,0.0,0.0,0.0,0.0,0.0,0.0,2.4227626539681686,2.356194490192345,2.356194490192345,2.356194490192345,2.289626326416521,2.297438667476622,2.2318394956455836,2.2318394956455836,2.2318394956455836,2.158798930342464,2.1112158270654806,2.1112158270654806,2.1112158270654806,2.1112158270654806,2.0701430484750265,2.0344439357957027,1.965587446494658,1.9974238199217726,1.965587446494658,1.965587446494658,1.892546881191539,1.965587446494658,1.892546881191539,1.8692952583810758,1.8692952583810758,1.849095985800008,0.0,1.849095985800008,1.8692952583810758,1.8313987185422376,1.8692952583810758,1.892546881191539,1.8313987185422376,1.9138202672156,1.9138202672156,1.9138202672156,1.9379701606131159,1.9379701606131159,1.9379701606131159,2.0032041023654346,2.0032041023654346,2.0344439357957027,2.0344439357957027,2.0701430484750265,2.0701430484750265,2.0701430484750265,2.1112158270654806,2.1112158270654806,2.1815222911841055,2.158798930342464,2.2318394956455836,2.289626326416521,2.356194490192345,0.0,0.0,0.0,0.0,0.0
28.900930884003174,tx,1a:00:00:00:00:00,-48,87.99013693399954,64,0.6532973039173027,9.159243153851639,0,0,0,0,0,0,0,0,0,0,0,0,-6,-10,-7,-10,-7,-10,-7,-10,-7,-10,-7,-10,-8,-10,-8,-9,-8,-10,-9,-9,-9,-10,-9,-9,-10,-9,-10,-9,-11,-9,-10,-9,-11,-9,-11,-9,-12,-9,-12,-8,-12,-8,-12,-9,-12,-8,-13,-8,-13,-9,-14,-9,0,0,-14,-9,-13,-9,-14,-9,-14,-9,-14,-9,-14,-9,-14,-9,-14,-10,-13,-10,-13,-10,-13,-10,-12,-10,-12,-10,-12,-10,-11,-10,-11,-10,-11,-10,-10,-10,-10,-10,-9,-10,-9,-10,-9,-10,-8,-10,-7,-10,-7,-10,-6,-10,0,0,0,0,0,0,0,0,0,0,0.0,0.0,0.0,0.0,0.0,0.0,11.661903789690601,12.206555615733702,12.206555615733702,12.206555615733702,12.206555615733702,12.206555615733702,12.806248474865697,12.041594578792296,12.806248474865697,12.727922061357855,13.45362404707371,12.727922061357855,13.45362404707371,13.45362404707371,14.212670403551895,13.45362404707371,14.212670403551895,14.212670403551895,15.0,14.422205101855956,14.422205101855956,15.0,14.422205101855956,15.264337522473747,15.811388300841896,16.64331697709324,0.0,16.64331697709324,15.811388300841896,16.64331697709324,16.64331697709324,16.64331697709324,16.64331697709324,16.64331697709324,17.204650534085253,16.401219466856727,16.401219466856727,16.401219466856727,15.620499351813308,15.620499351813308,15.620499351813308,14.866068747318506,14.866068747318506,14.866068747318506,14.142135623730951,14.142135623730951,13.45362404707371,13.45362404707371,13.45362404707371,12.806248474865697,12.206555615733702,12.206555615733702,11.661903789690601,0.0,0.0,0.0,0.0,0.0,0.0,0.0,0.0,0.0,0.0,0.0,-2.1112158270654806,-2.1815222911841055,-2.1815222911841055,-2.1815222911841055,-2.1815222911841055,-2.1815222911841055,-2.2455372690184494,-2.297438667476622,-2.2455372690184494,-2.356194490192345,-2.3036114285814033,-2.356194490192345,-2.408777551803287,-2.408777551803287,-2.455863142683507,-2.408777551803287,-2.455863142683507,-2.455863142683507,-2.498091544796509,-2.5535900500422257,-2.5535900500422257,-2.498091544796509,-2.5535900500422257,-2.5899376710612465,-2.5360479899848234,-2.5702551737561663,0.0,-2.5702551737561663,-2.5360479899848234,-2.5702551737561663,-2.5702551737561663,-2.5702551737561663,-2.5702551737561663,-2.5702551737561663,-2.5213431676069717,-2.485897027348257,-2.485897027348257,-2.485897027348257,-2.44685437739309,-2.44685437739309,-2.44685437739309,-2.403777593469328,-2.403777593469328,-2.403777593469328,-2.356194490192345,-2.356194490192345,-2.3036114285814033,-2.3036114285814033,-2.3036114285814033,-2.2455372690184494,-2.1815222911841055,-2.1815222911841055,-2.1112158270654806,0.0,0.0,0.0,0.0,0.0
29.00874628800375,tx,1a:00:00:00:00:00,-48,87.99013693399954,64,0.6544467023627021,9.068195011322604,0,0,0,0,0,0,0,0,0,0,0,0,9,-2,9,-3,10,-3,10,-3,10,-3,9,-4,10,-4,9,-4,10,-5,10,-5,10,-5,10,-5,10,-6,10,-6,10,-6,10,-7,9,-7,10,-7,10,-8,9,-8,10,-8,9,-9,10,-9,10,-9,10,-9,10,-10,0,0,10,-10,10,-10,10,-10,10,-11,11,-10,11,-11,10,-10,11,-10,10,-10,11,-10,11,-9,11,-9,11,-8,10,-8,10,-9,10,-8,11,-8,10,-7,10,-7,10,-7,10,-6,9,-6,10,-5,10,-5,10,-4,9,-3,0,0,0,0,0,0,0,0,0,0,0.0,0.0,0.0,0.0,0.0,0.0,9.219544457292887,9.486832980505138,10.44030650891055,10.44030650891055,10.44030650891055,9.848857801796104,10.770329614269007,9.848857801796104,11.180339887498949,11.180339887498949,11.180339887498949,11.180339887498949,11.661903789690601,11.661903789690601,11.661903789690601,12.206555615733702,11.40175425099138,12.206555615733702,12.806248474865697,12.041594578792296,12.806248474865697,12.727922061357855,13.45362404707371,13.45362404707371,13.45362404707371,14.142135623730951,0.0,14.142135623730951,14.142135623730951,14.142135623730951,14.866068747318506,14.866068747318506,15.556349186104045,14.142135623730951,14.866068747318506,14.142135623730951,14.866068747318506,14.212670403551895,14.212670403551895,13.601470508735444,12.806248474865697,13.45362404707371,12.806248474865697,13.601470508735444,12.206555615733702,12.206555615733702,12.206555615733702,11.661903789690601,10.816653826391969,11.180339887498949,11.180339887498949,10.770329614269007,9.486832980505138,0.0,0.0,0.0,0.0,0.0,0.0,0.0,0.0,0.0,0.0,0.0,-0.21866894587394195,-0.3217505543966422,-0.2914567944778671,-0.2914567944778671,-0.2914567944778671,-0.4182243295792291,-0.3805063771123649,-0.4182243295792291,-0.4636476090008061,-0.4636476090008061,-0.4636476090008061,-0.4636476090008061,-0.5404195002705842,-0.5404195002705842,-0.5404195002705842,-0.6107259643892086,-0.6610431688506869,-0.6107259643892086,-0.6747409422235526,-0.7266423406817256,-0.6747409422235526,-0.7853981633974483,-0.7328151017865066,-0.7328151017865066,-0.7328151017865066,-0.7853981633974483,0.0,-0.7853981633974483,-0.7853981633974483,-0.7853981633974483,-0.8329812666744317,-0.7378150601204649,-0.7853981633974483,-0.7853981633974483,-0.7378150601204649,-0.7853981633974483,-0.7378150601204649,-0.6857295109062863,-0.6857295109062863,-0.628796286415433,-0.6747409422235526,-0.7328151017865066,-0.6747409422235526,-0.628796286415433,-0.6107259643892086,-0.6107259643892086,-0.6107259643892086,-0.5404195002705842,-0.5880026035475675,-0.4636476090008061,-0.4636476090008061,-0.3805063771123649,-0.3217505543966422,0.0,0.0,0.0,0.0,0.0
29.109737161998055,tx,1a:00:00:00:00:00,-49,87.99013693399954,64,0.6534532177578648,8.985124425993845,0,0,0,0,0,0,0,0,0,0,0,0,0,-11,0,-12,0,-11,0,-12,0,-12,-1,-12,-1,-12,-1,-12,-1,-12,-2,-12,-2,-13,-3,-13,-3,-13,-3,-13,-3,-13,-3,-13,-4,-14,-4,-13,-5,-14,-5,-14,-5,-14,-5,-14,-5,-14,-6,-14,-6,-15,-6,-15,0,0,-6,-15,-5,-15,-6,-16,-6,-15,-6,-16,-6,-16,-5,-16,-5,-16,-5,-16,-4,-15,-5,-15,-4,-15,-4,-15,-4,-15,-3,-14,-2,-15,-2,-14,-2,-14,-2,-14,-1,-13,-1,-13,0,-13,0,-12,0,-12,0,-12,1,-11,0,0,0,0,0,0,0,0,0,0,0.0,0.0,0.0,0.0,0.0,0.0,11.0,12.0,11.0,12.0,12.0,12.041594578792296,12.041594578792296,12.041594578792296,12.041594578792296,12.165525060596439,13.152946437965905,13.341664064126334,13.341664064126334,13.341664064126334,13.341664064126334,13.341664064126334,14.560219778561036,13.601470508735444,14.866068747318506,14.866068747318506,14.866068747318506,14.866068747318506,14.866068747318506,15.231546211727817,16.15549442140351,16.15549442140351,0.0,16.15549442140351,15.811388300841896,17.08800749063506,16.15549442140351,17.08800749063506,17.08800749063506,16.76305461424021,16.76305461424021,16.76305461424021,15.524174696260024,15.811388300841896,15.524174696260024,15.524174696260024,15.524174696260024,14.317821063276353,15.132745950421556,14.142135623730951,14.142135623730951,14.142135623730951,13.038404810405298,13.038404810405298,13.0,12.0,12.0,12.0,11.045361017187261,0.0,0.0,0.0,0.0,0.0,0.0,0.0,0.0,0.0,0.0,0.0,-1.5707963267948966,-1.5707963267948966,-1.5707963267948966,-1.5707963267948966,-1.5707963267948966,-1.6539375586833378,-1.6539375586833378,-1.6539375586833378,-1.6539375586833378,-1.7359450042095235,-1.7234456551901618,-1.7975951748487824,-1.7975951748487824,-1.7975951748487824,-1.7975951748487824,-1.7975951748487824,-1.849095985800008,-1.8692952583810758,-1.9138202672156,-1.9138202672156,-1.9138202672156,-1.9138202672156,-1.9138202672156,-1.97568811307998,-1.9513027039072615,-1.9513027039072615,0.0,-1.9513027039072615,-1.892546881191539,-1.9295669970654687,-1.9513027039072615,-1.9295669970654687,-1.9295669970654687,-1.873681195169868,-1.873681195169868,-1.873681195169868,-1.8313987185422376,-1.892546881191539,-1.8313987185422376,-1.8313987185422376,-1.8313987185422376,-1.7818896600176433,-1.7033478590915707,-1.7126933813990606,-1.7126933813990606,-1.7126933813990606,-1.6475682180646747,-1.6475682180646747,-1.5707963267948966,-1.5707963267948966,-1.5707963267948966,-1.5707963267948966,-1.4801364395941514,0.0,0.0,0.0,0.0,0.0
29.219479826002498,tx,1a:00:00:00:00:00,-49,87.99013693399954,64,0.652152922520227,8.901048511030085,0,0,0,0,0,0,0,0,0,0,0,0,-10,-3,-11,-3,-10,-3,-11,-3,-11,-3,-11,-3,-11,-2,-11,-2,-11,-2,-11,-1,-12,-1,-12,-1,-12,-1,-12,-1,-13,0,-12,0,-13,0,-12,0,-14,1,-13,1,-13,1,-14,1,-13,1,-14,2,-15,2,-15,2,0,0,-15,2,-15,1,-16,2,-15,2,-16,2,-16,2,-15,1,-15,1,-15,1,-14,1,-15,0,-15,0,-15,0,-15,0,-14,-1,-14,-1,-13,-1,-13,-1,-13,-2,-12,-2,-12,-2,-12,-3,-11,-2,-11,-3,-11,-3,-10,-4,0,0,0,0,0,0,0,0,0,0,0.0,0.0,0.0,0.0,0.0,0.0,10.44030650891055,11.40175425099138,10.44030650891055,11.40175425099138,11.40175425099138,11.40175425099138,11.180339887498949,11.180339887498949,11.180339887498949,11.045361017187261,12.041594578792296,12.041594578792296,12.041594578792296,12.041594578792296,13.0,12.0,13.0,12.0,14.035668847618199,13.038404810405298,13.038404810405298,14.035668847618199,13.038404810405298,14.142135623730951,15.132745950421556,15.132745950421556,0.0,15.132745950421556,15.033296378372908,16.1245154965971,15.132745950421556,16.1245154965971,16.1245154965971,15.033296378372908,15.033296378372908,15.033296378372908,14.035668847618199,15.0,15.0,15.0,15.0,14.035668847618199,14.035668847618199,13.038404810405298,13.038404810405298,13.152946437965905,12.165525060596439,12.165525060596439,12.36931687685298,11.180339887498949,11.40175425099138,11.40175425099138,10.770329614269007,0.0,0.0,0.0,0.0,0.0,0.0,0.0,0.0,0.0,0.0,0.0,-2.8501358591119264,-2.875340604438868,-2.8501358591119264,-2.875340604438868,-2.875340604438868,-2.875340604438868,-2.961739153797315,-2.961739153797315,-2.961739153797315,-3.050932766389048,-3.058451421701352,-3.058451421701352,-3.058451421701352,-3.058451421701352,3.141592653589793,3.141592653589793,3.141592653589793,3.141592653589793,3.070285188804503,3.064820762320015,3.064820762320015,3.070285188804503,3.064820762320015,2.999695598985629,3.0090411212931194,3.0090411212931194,0.0,3.0090411212931194,3.0750244898139694,3.017237659043032,3.0090411212931194,3.017237659043032,3.017237659043032,3.0750244898139694,3.0750244898139694,3.0750244898139694,3.070285188804503,3.141592653589793,3.141592653589793,3.141592653589793,3.141592653589793,-3.070285188804503,-3.070285188804503,-3.064820762320015,-3.064820762320015,-2.988943325194528,-2.976443976175166,-2.976443976175166,-2.896613990462929,-2.961739153797315,-2.875340604438868,-2.875340604438868,-2.761086276477428,0.0,0.0,0.0,0.0,0.0
29.319709289004095,tx,1a:00:00:00:00:00,-48,87.99013693399954,64,0.6515093631927478,8.811017171482227,0,0,0,0,0,0,0,0,0,0,0,0,-4,-11,-5,-11,-5,-11,-5,-11,-5,-11,-5,-11,-6,-11,-6,-10,-6,-10,-6,-11,-6,-11,-7,-11,-7,-11,-8,-11,-8,-11,-9,-10,-9,-11,-9,-11,-9,-10,-10,-10,-10,-11,-10,-10,-10,-11,-11,-11,-11,-11,-11,-11,0,0,-12,-11,-12,-11,-11,-11,-12,-12,-11,-12,-12,-12,-11,-12,-11,-12,-11,-12,-10,-12,-10,-12,-9,-12,-9,-12,-9,-12,-9,-12,-9,-12,-8,-12,-8,-11,-8,-11,-7,-11,-7,-11,-6,-11,-6,-11,-5,-11,-4,-11,-4,-11,0,0,0,0,0,0,0,0,0,0,0.0,0.0,0.0,0.0,0.0,0.0,11.704699910719626,12.083045973594572,12.083045973594572,12.083045973594572,12.083045973594572,12.083045973594572,12.529964086141668,11.661903789690601,11.661903789690601,12.529964086141668,12.529964086141668,13.038404810405298,13.038404810405298,13.601470508735444,13.601470508735444,13.45362404707371,14.212670403551895,14.212670403551895,13.45362404707371,14.142135623730951,14.866068747318506,14.142135623730951,14.866068747318506,15.556349186104045,15.556349186104045,15.556349186104045,0.0,16.278820596099706,16.278820596099706,15.556349186104045,16.97056274847714,16.278820596099706,16.97056274847714,16.278820596099706,16.278820596099706,16.278820596099706,15.620499351813308,15.620499351813308,15.0,15.0,15.0,15.0,15.0,14.422205101855956,13.601470508735444,13.601470508735444,13.038404810405298,13.038404810405298,12.529964086141668,12.529964086141668,12.083045973594572,11.704699910719626,11.704699910719626,0.0,0.0,0.0,0.0,0.0,0.0,0.0,0.0,0.0,0.0,0.0,-1.9195673303788037,-1.9974238199217726,-1.9974238199217726,-1.9974238199217726,-1.9974238199217726,-1.9974238199217726,-2.0701430484750265,-2.1112158270654806,-2.1112158270654806,-2.0701430484750265,-2.0701430484750265,-2.137525544318403,-2.137525544318403,-2.1995926132103296,-2.1995926132103296,-2.3036114285814033,-2.256525837701183,-2.256525837701183,-2.3036114285814033,-2.356194490192345,-2.3086113869153615,-2.356194490192345,-2.3086113869153615,-2.356194490192345,-2.356194490192345,-2.356194490192345,0.0,-2.399645385583876,-2.399645385583876,-2.356194490192345,-2.356194490192345,-2.312743594800814,-2.356194490192345,-2.312743594800814,-2.312743594800814,-2.312743594800814,-2.2655346029916,-2.2655346029916,-2.214297435588181,-2.214297435588181,-2.214297435588181,-2.214297435588181,-2.214297435588181,-2.158798930342464,-2.1995926132103296,-2.1995926132103296,-2.137525544318403,-2.137525544318403,-2.0701430484750265,-2.0701430484750265,-1.9974238199217726,-1.9195673303788037,-1.9195673303788037,0.0,0.0,0.0,0.0,0.0
29.430678326003544,tx,1a:00:00:00:00:00,-48,87.99013693399954,64,0.6498798262247458,8.712572278541362,0,0,0,0,0,0,0,0,0,0,0,0,7,-8,7,-8,7,-8,7,-9,7,-9,6,-9,6,-9,6,-9,6,-10,6,-10,6,-10,6,-11,6,-11,5,-11,5,-11,5,-12,5,-12,5,-12,5,-12,4,-13,5,-13,4,-13,4,-13,4,-14,4,-14,4,-14,0,0,4,-14,4,-15,4,-15,4,-15,5,-15,5,-15,5,-15,5,-14,5,-14,6,-14,5,-14,6,-13,6,-13,6,-13,6,-12,6,-12,6,-12,6,-11,6,-11,6,-10,7,-10,7,-10,7,-9,7,-9,7,-8,7,-8,0,0,0,0,0,0,0,0,0,0,0.0,0.0,0.0,0.0,0.0,0.0,10.63014581273465,10.63014581273465,10.63014581273465,11.40175425099138,11.40175425099138,10.816653826391969,10.816653826391969,10.816653826391969,11.661903789690601,11.661903789690601,11.661903789690601,12.529964086141668,12.529964086141668,12.083045973594572,12.083045973594572,13.0,13.0,13.0,13.0,13.601470508735444,13.92838827718412,13.601470508735444,13.601470508735444,14.560219778561036,14.560219778561036,14.560219778561036,0.0,14.560219778561036,15.524174696260024,15.524174696260024,15.524174696260024,15.811388300841896,15.811388300841896,15.811388300841896,14.866068747318506,14.866068747318506,15.231546211727817,14.866068747318506,14.317821063276353,14.317821063276353,14.317821063276353,13.416407864998739,13.416407864998739,13.416407864998739,12.529964086141668,12.529964086141668,11.661903789690601,12.206555615733702,12.206555615733702,11.40175425099138,11.40175425099138,10.63014581273465,10.63014581273465,0.0,0.0,0.0,0.0,0.0,0.0,0.0,0.0,0.0,0.0,0.0,-0.8519663271732721,-0.8519663271732721,-0.8519663271732721,-0.9097531579442097,-0.9097531579442097,-0.982793723247329,-0.982793723247329,-0.982793723247329,-1.0303768265243125,-1.0303768265243125,-1.0303768265243125,-1.0714496051147666,-1.0714496051147666,-1.1441688336680205,-1.1441688336680205,-1.176005207095135,-1.176005207095135,-1.176005207095135,-1.176005207095135,-1.2722973952087173,-1.2036224929766774,-1.2722973952087173,-1.2722973952087173,-1.2924966677897853,-1.2924966677897853,-1.2924966677897853,0.0,-1.2924966677897853,-1.3101939350475555,-1.3101939350475555,-1.3101939350475555,-1.2490457723982544,-1.2490457723982544,-1.2490457723982544,-1.2277723863741932,-1.2277723863741932,-1.1659045405098132,-1.2277723863741932,-1.1383885512243588,-1.1383885512243588,-1.1383885512243588,-1.1071487177940904,-1.1071487177940904,-1.1071487177940904,-1.0714496051147666,-1.0714496051147666,-1.0303768265243125,-0.960070362405688,-0.960070362405688,-0.9097531579442097,-0.9097531579442097,-0.8519663271732721,-0.8519663271732721,0.0,0.0,0.0,0.0,0.0
29.54172993099928,tx,1a:00:00:00:00:00,-48,87.99013693399954,64,0.6499954255241464,8.60479176783018,0,0,0,0,0,0,0,0,0,0,0,0,8,6,8,6,9,6,8,6,9,6,8,5,9,5,9,5,9,5,10,5,10,5,10,4,11,4,11,4,11,4,12,3,11,3,12,3,12,3,12,3,12,3,13,2,13,3,13,2,13,2,13,2,0,0,14,2,15,2,14,2,15,2,14,2,15,3,14,3,14,3,14,3,14,3,14,3,13,3,13,3,12,3,13,4,12,4,12,4,11,4,11,4,10,4,10,5,10,4,10,5,9,5,9,5,8,6,0,0,0,0,0,0,0,0,0,0,0.0,0.0,0.0,0.0,0.0,0.0,10.0,10.0,10.816653826391969,10.0,10.816653826391969,9.433981132056603,10.295630140987,10.295630140987,10.295630140987,11.180339887498949,11.180339887498949,10.770329614269007,11.704699910719626,11.704699910719626,11.704699910719626,12.36931687685298,11.40175425099138,12.36931687685298,12.36931687685298,12.36931687685298,12.36931687685298,13.152946437965905,13.341664064126334,13.152946437965905,13.152946437965905,13.152946437965905,0.0,14.142135623730951,15.132745950421556,14.142135623730951,15.132745950421556,14.142135623730951,15.297058540778355,14.317821063276353,14.317821063276353,14.317821063276353,14.317821063276353,14.317821063276353,13.341664064126334,13.341664064126334,12.36931687685298,13.601470508735444,12.649110640673518,12.649110640673518,11.704699910719626,11.704699910719626,10.770329614269007,11.180339887498949,10.770329614269007,11.180339887498949,10.295630140987,10.295630140987,10.0,0.0,0.0,0.0,0.0,0.0,0.0,0.0,0.0,0.0,0.0,0.0,0.6435011087932844,0.6435011087932844,0.5880026035475675,0.6435011087932844,0.5880026035475675,0.5585993153435624,0.507098504392337,0.507098504392337,0.507098504392337,0.4636476090008061,0.4636476090008061,0.3805063771123649,0.348771003583907,0.348771003583907,0.348771003583907,0.24497866312686414,0.2662520491509254,0.24497866312686414,0.24497866312686414,0.24497866312686414,0.24497866312686414,0.15264932839526515,0.22679884805388587,0.15264932839526515,0.15264932839526515,0.15264932839526515,0.0,0.14189705460416394,0.13255153229667402,0.14189705460416394,0.13255153229667402,0.14189705460416394,0.19739555984988075,0.21109333322274654,0.21109333322274654,0.21109333322274654,0.21109333322274654,0.21109333322274654,0.22679884805388587,0.22679884805388587,0.24497866312686414,0.2984989315861793,0.3217505543966422,0.3217505543966422,0.348771003583907,0.348771003583907,0.3805063771123649,0.4636476090008061,0.3805063771123649,0.4636476090008061,0.507098504392337,0.507098504392337,0.6435011087932844,0.0,0.0,0.0,0.0,0.0
29.648599387001013,tx,1a:00:00:00:00:00,-49,87.99013693399954,64,0.6526263211441851,8.487642214526662,0,0,0,0,0,0,0,0,0,0,0,0,5,8,5,8,6,8,6,8,6,8,6,8,7,7,6,8,7,7,7,8,7,8,8,8,8,7,8,7,8,7,10,6,9,6,10,6,10,6,11,6,10,7,11,6,11,6,12,6,11,7,11,6,0,0,12,6,13,6,12,6,13,6,12,6,13,7,12,7,12,7,12,7,12,8,11,7,11,8,10,7,10,7,11,7,10,7,10,8,9,7,9,7,8,7,8,8,8,7,7,8,6,8,6,8,5,8,0,0,0,0,0,0,0,0,0,0,0.0,0.0,0.0,0.0,0.0,0.0,9.433981132056603,9.433981132056603,10.0,10.0,10.0,10.0,9.899494936611665,10.0,9.899494936611665,10.63014581273465,10.63014581273465,11.313708498984761,10.63014581273465,10.63014581273465,10.63014581273465,11.661903789690601,10.816653826391969,11.661903789690601,11.661903789690601,12.529964086141668,12.206555615733702,12.529964086141668,12.529964086141668,13.416407864998739,13.038404810405298,12.529964086141668,0.0,13.416407864998739,14.317821063276353,13.416407864998739,14.317821063276353,13.416407864998739,14.7648230602334,13.892443989449804,13.892443989449804,13.892443989449804,14.422205101855956,13.038404810405298,13.601470508735444,12.206555615733702,12.206555615733702,13.038404810405298,12.206555615733702,12.806248474865697,11.40175425099138,11.40175425099138,10.63014581273465,11.313708498984761,10.63014581273465,10.63014581273465,10.0,10.0,9.433981132056603,0.0,0.0,0.0,0.0,0.0,0.0,0.0,0.0,0.0,0.0,0.0,1.0121970114513341,1.0121970114513341,0.9272952180016122,0.9272952180016122,0.9272952180016122,0.9272952180016122,0.7853981633974483,0.9272952180016122,0.7853981633974483,0.8519663271732721,0.8519663271732721,0.7853981633974483,0.7188299996216245,0.7188299996216245,0.7188299996216245,0.5404195002705842,0.5880026035475675,0.5404195002705842,0.5404195002705842,0.4993467216801301,0.6107259643892086,0.4993467216801301,0.4993467216801301,0.4636476090008061,0.5667292175235064,0.4993467216801301,0.0,0.4636476090008061,0.43240777557053783,0.4636476090008061,0.43240777557053783,0.4636476090008061,0.49394136891958124,0.5280744484263596,0.5280744484263596,0.5280744484263596,0.5880026035475675,0.5667292175235064,0.628796286415433,0.6107259643892086,0.6107259643892086,0.5667292175235064,0.6107259643892086,0.6747409422235526,0.6610431688506869,0.6610431688506869,0.7188299996216245,0.7853981633974483,0.7188299996216245,0.8519663271732721,0.9272952180016122,0.9272952180016122,1.0121970114513341,0.0,0.0,0.0,0.0,0.0
29.749194791002083,tx,1a:00:00:00:00:00,-49,87.99013693399954,64,0.6547447520485491,8.361486526563773,0,0,0,0,0,0,0,0,0,0,0,0,1,-11,1,-12,0,-11,1,-12,0,-11,0,-12,0,-12,0,-12,0,-12,-1,-12,-1,-12,-2,-12,-2,-13,-2,-13,-2,-13,-3,-13,-3,-14,-3,-13,-4,-14,-3,-14,-4,-14,-4,-14,-4,-13,-5,-14,-5,-14,-5,-15,0,0,-5,-15,-5,-15,-5,-16,-5,-15,-4,-16,-4,-16,-4,-16,-4,-16,-4,-16,-3,-14,-4,-15,-3,-15,-3,-15,-3,-15,-2,-14,-2,-14,-2,-13,-1,-13,-1,-13,0,-13,0,-13,1,-13,0,-12,0,-12,1,-11,2,-11,0,0,0,0,0,0,0,0,0,0,0.0,0.0,0.0,0.0,0.0,0.0,11.045361017187261,12.041594578792296,11.0,12.041594578792296,11.0,12.0,12.0,12.0,12.0,12.041594578792296,12.041594578792296,12.165525060596439,13.152946437965905,13.152946437965905,13.152946437965905,13.341664064126334,14.317821063276353,13.341664064126334,14.560219778561036,14.317821063276353,14.560219778561036,14.560219778561036,13.601470508735444,14.866068747318506,14.866068747318506,15.811388300841896,0.0,15.811388300841896,15.811388300841896,16.76305461424021,15.811388300841896,16.492422502470642,16.492422502470642,16.492422502470642,16.492422502470642,16.492422502470642,14.317821063276353,15.524174696260024,15.297058540778355,15.297058540778355,15.297058540778355,14.142135623730951,14.142135623730951,13.152946437965905,13.038404810405298,13.038404810405298,13.0,13.0,13.038404810405298,12.0,12.0,11.045361017187261,11.180339887498949,0.0,0.0,0.0,0.0,0.0,0.0,0.0,0.0,0.0,0.0,0.0,-1.4801364395941514,-1.4876550949064553,-1.5707963267948966,-1.4876550949064553,-1.5707963267948966,-1.5707963267948966,-1.5707963267948966,-1.5707963267948966,-1.5707963267948966,-1.6539375586833378,-1.6539375586833378,-1.7359450042095235,-1.7234456551901618,-1.7234456551901618,-1.7234456551901618,-1.7975951748487824,-1.7818896600176433,-1.7975951748487824,-1.849095985800008,-1.7818896600176433,-1.849095985800008,-1.849095985800008,-1.8692952583810758,-1.9138202672156,-1.9138202672156,-1.892546881191539,0.0,-1.892546881191539,-1.892546881191539,-1.873681195169868,-1.892546881191539,-1.8157749899217608,-1.8157749899217608,-1.8157749899217608,-1.8157749899217608,-1.8157749899217608,-1.7818896600176433,-1.8313987185422376,-1.7681918866447774,-1.7681918866447774,-1.7681918866447774,-1.7126933813990606,-1.7126933813990606,-1.7234456551901618,-1.6475682180646747,-1.6475682180646747,-1.5707963267948966,-1.5707963267948966,-1.4940244355251187,-1.5707963267948966,-1.5707963267948966,-1.4801364395941514,-1.3909428270024184,0.0,0.0,0.0,0.0,0.0
29.849653015000513,tx,1a:00:00:00:00:00,-48,87.99013693399954,64,0.6558990294330993,8.226912708322446,0,0,0,0,0,0,0,0,0,0,0,0,9,4,9,4,10,4,10,4,10,4,10,3,11,3,11,3,11,3,12,3,11,3,12,3,12,2,12,2,12,1,13,1,13,1,13,0,13,0,13,0,13,0,14,-1,14,0,14,-1,15,0,15,-1,0,0,15,-1,16,-1,15,-1,16,-1,15,0,16,-1,16,0,16,0,15,0,15,1,15,1,15,2,14,2,14,1,14,1,13,2,13,2,12,2,12,2,12,2,12,2,12,3,11,3,10,4,10,4,9,4,0,0,0,0,0,0,0,0,0,0,0.0,0.0,0.0,0.0,0.0,0.0,9.848857801796104,9.848857801796104,10.770329614269007,10.770329614269007,10.770329614269007,10.44030650891055,11.40175425099138,11.40175425099138,11.40175425099138,12.36931687685298,11.40175425099138,12.36931687685298,12.165525060596439,12.165525060596439,12.041594578792296,13.038404810405298,13.038404810405298,13.0,13.0,13.0,13.0,14.035668847618199,14.0,14.035668847618199,15.0,15.033296378372908,0.0,15.033296378372908,16.0312195418814,15.033296378372908,16.0312195418814,15.0,16.0312195418814,16.0,16.0,15.0,15.033296378372908,15.033296378372908,15.132745950421556,14.142135623730951,14.035668847618199,14.035668847618199,13.152946437965905,13.152946437965905,12.165525060596439,12.165525060596439,12.165525060596439,12.165525060596439,12.36931687685298,11.40175425099138,10.770329614269007,10.770329614269007,9.848857801796104,0.0,0.0,0.0,0.0,0.0,0.0,0.0,0.0,0.0,0.0,0.0,0.4182243295792291,0.4182243295792291,0.3805063771123649,0.3805063771123649,0.3805063771123649,0.2914567944778671,0.2662520491509254,0.2662520491509254,0.2662520491509254,0.24497866312686414,0.2662520491509254,0.24497866312686414,0.16514867741462683,0.16514867741462683,0.08314123188844123,0.07677189126977804,0.07677189126977804,0.0,0.0,0.0,0.0,-0.07130746478529032,0.0,-0.07130746478529032,0.0,-0.06656816377582381,0.0,-0.06656816377582381,-0.06241880999595735,-0.06656816377582381,-0.06241880999595735,0.0,-0.06241880999595735,0.0,0.0,0.0,0.06656816377582381,0.06656816377582381,0.13255153229667402,0.14189705460416394,0.07130746478529032,0.07130746478529032,0.15264932839526515,0.15264932839526515,0.16514867741462683,0.16514867741462683,0.16514867741462683,0.16514867741462683,0.24497866312686414,0.2662520491509254,0.3805063771123649,0.3805063771123649,0.4182243295792291,0.0,0.0,0.0,0.0,0.0
29.952034922003804,tx,1a:00:00:00:00:00,-49,94.51206248088157,64,0.656208776455678,7.972756139435937,0,0,0,0,0,0,0,0,0,0,0,0,-10,5,-10,5,-10,5,-10,6,-10,5,-10,6,-10,6,-10,6,-10,7,-9,7,-9,8,-9,8,-9,8,-9,8,-10,9,-9,9,-9,9,-9,9,-9,10,-9,10,-9,10,-9,11,-9,10,-9,11,-9,12,-9,12,0,0,-10,12,-9,12,-10,12,-9,11,-10,12,-10,12,-10,12,-11,11,-11,11,-10,10,-10,11,-11,10,-11,10,-11,10,-10,9,-11,9,-10,8,-11,8,-10,7,-10,7,-10,7,-11,6,-10,6,-10,5,-10,5,-10,4,0,0,0,0,0,0,0,0,0,0,0.0,0.0,0.0,0.0,0.0,0.0,11.180339887498949,11.180339887498949,11.180339887498949,11.661903789690601,11.180339887498949,11.661903789690601,11.661903789690601,11.661903789690601,12.206555615733702,11.40175425099138,12.041594578792296,12.041594578792296,12.041594578792296,12.041594578792296,13.45362404707371,12.727922061357855,12.727922061357855,12.727922061357855,13.45362404707371,13.45362404707371,13.45362404707371,14.212670403551895,13.45362404707371,14.212670403551895,15.0,15.0,0.0,15.620499351813308,15.0,15.620499351813308,14.212670403551895,15.620499351813308,15.620499351813308,15.620499351813308,15.556349186104045,15.556349186104045,14.142135623730951,14.866068747318506,14.866068747318506,14.866068747318506,14.866068747318506,13.45362404707371,14.212670403551895,12.806248474865697,13.601470508735444,12.206555615733702,12.206555615733702,12.206555615733702,12.529964086141668,11.661903789690601,11.180339887498949,11.180339887498949,10.770329614269007,0.0,0.0,0.0,0.0,0.0,0.0,0.0,0.0,0.0,0.0,0.0,2.677945044588987,2.677945044588987,2.677945044588987,2.601173153319209,2.677945044588987,2.601173153319209,2.601173153319209,2.601173153319209,2.5308666892005847,2.4805494847391065,2.4149503129080676,2.4149503129080676,2.4149503129080676,2.4149503129080676,2.408777551803287,2.356194490192345,2.356194490192345,2.356194490192345,2.3036114285814033,2.3036114285814033,2.3036114285814033,2.256525837701183,2.3036114285814033,2.256525837701183,2.214297435588181,2.214297435588181,0.0,2.2655346029916,2.214297435588181,2.2655346029916,2.256525837701183,2.2655346029916,2.2655346029916,2.2655346029916,2.356194490192345,2.356194490192345,2.356194490192345,2.3086113869153615,2.403777593469328,2.403777593469328,2.403777593469328,2.408777551803287,2.455863142683507,2.4668517113662407,2.5127963671743605,2.5308666892005847,2.5308666892005847,2.5308666892005847,2.642245931909663,2.601173153319209,2.677945044588987,2.677945044588987,2.761086276477428,0.0,0.0,0.0,0.0,0.0
30.05928336099896,tx,1a:00:00:00:00:00,-49,94.51206248088157,64,0.6574948709359667,7.77911580805468,0,0,0,0,0,0,0,0,0,0,0,0,-11,-3,-12,-3,-11,-3,-12,-3,-12,-3,-13,-3,-12,-3,-12,-2,-12,-3,-12,-1,-13,-1,-13,-1,-13,0,-13,0,-14,0,-13,0,-15,0,-13,0,-15,1,-15,0,-15,1,-15,1,-14,1,-15,2,-15,2,-16,2,0,0,-16,2,-15,1,-17,2,-15,2,-17,1,-17,1,-17,0,-17,0,-16,0,-15,0,-16,1,-16,0,-15,0,-16,0,-14,-1,-15,-2,-14,-1,-14,-2,-14,-2,-13,-3,-13,-3,-12,-4,-12,-3,-12,-3,-11,-3,-11,-4,0,0,0,0,0,0,0,0,0,0,0.0,0.0,0.0,0.0,0.0,0.0,11.40175425099138,12.36931687685298,11.40175425099138,12.36931687685298,12.36931687685298,13.341664064126334,12.36931687685298,12.165525060596439,12.36931687685298,12.041594578792296,13.038404810405298,13.038404810405298,13.0,13.0,14.0,13.0,15.0,13.0,15.033296378372908,15.0,15.033296378372908,15.033296378372908,14.035668847618199,15.132745950421556,15.132745950421556,16.1245154965971,0.0,16.1245154965971,15.033296378372908,17.11724276862369,15.132745950421556,17.029386365926403,17.029386365926403,17.0,17.0,16.0,15.0,16.0312195418814,16.0,15.0,16.0,14.035668847618199,15.132745950421556,14.035668847618199,14.142135623730951,14.142135623730951,13.341664064126334,13.341664064126334,12.649110640673518,12.36931687685298,12.36931687685298,11.40175425099138,11.704699910719626,0.0,0.0,0.0,0.0,0.0,0.0,0.0,0.0,0.0,0.0,0.0,-2.875340604438868,-2.896613990462929,-2.875340604438868,-2.896613990462929,-2.896613990462929,-2.9147938055359073,-2.896613990462929,-2.976443976175166,-2.896613990462929,-3.058451421701352,-3.064820762320015,-3.064820762320015,3.141592653589793,3.141592653589793,3.141592653589793,3.141592653589793,3.141592653589793,3.141592653589793,3.0750244898139694,3.141592653589793,3.0750244898139694,3.0750244898139694,3.070285188804503,3.0090411212931194,3.0090411212931194,3.017237659043032,0.0,3.017237659043032,3.0750244898139694,3.024483909022929,3.0090411212931194,3.0828368308740703,3.0828368308740703,3.141592653589793,3.141592653589793,3.141592653589793,3.141592653589793,3.079173843593836,3.141592653589793,3.141592653589793,3.141592653589793,-3.070285188804503,-3.0090411212931194,-3.070285188804503,-2.999695598985629,-2.999695598985629,-2.9147938055359073,-2.9147938055359073,-2.819842099193151,-2.896613990462929,-2.896613990462929,-2.875340604438868,-2.7928216500058864,0.0,0.0,0.0,0.0,0.0
30.159272388002137,tx,1a:00:00:00:00:00,-48,94.51206248088157,64,0.658401717424952,7.616821158399716,0,0,0,0,0,0,0,0,0,0,0,0,10,-5,10,-5,10,-5,10,-5,10,-6,10,-5,10,-6,10,-6,10,-6,11,-7,10,-7,10,-7,10,-8,10,-8,10,-8,10,-9,10,-9,10,-9,9,-10,10,-10,10,-10,10,-10,10,-10,10,-11,10,-11,10,-11,0,0,11,-12,11,-12,11,-12,11,-12,11,-11,11,-11,12,-11,12,-11,12,-11,12,-11,11,-10,11,-10,11,-10,11,-9,11,-9,11,-9,11,-8,10,-8,11,-7,11,-7,11,-6,11,-6,11,-6,10,-5,10,-5,10,-4,0,0,0,0,0,0,0,0,0,0,0.0,0.0,0.0,0.0,0.0,0.0,11.180339887498949,11.180339887498949,11.180339887498949,11.180339887498949,11.661903789690601,11.180339887498949,11.661903789690601,11.661903789690601,11.661903789690601,13.038404810405298,12.206555615733702,12.206555615733702,12.806248474865697,12.806248474865697,12.806248474865697,13.45362404707371,13.45362404707371,13.45362404707371,13.45362404707371,14.142135623730951,14.142135623730951,14.142135623730951,14.142135623730951,14.866068747318506,14.866068747318506,14.866068747318506,0.0,16.278820596099706,16.278820596099706,16.278820596099706,16.278820596099706,15.556349186104045,15.556349186104045,16.278820596099706,16.278820596099706,16.278820596099706,16.278820596099706,14.866068747318506,14.866068747318506,14.866068747318506,14.212670403551895,14.212670403551895,14.212670403551895,13.601470508735444,12.806248474865697,13.038404810405298,13.038404810405298,12.529964086141668,12.529964086141668,12.529964086141668,11.180339887498949,11.180339887498949,10.770329614269007,0.0,0.0,0.0,0.0,0.0,0.0,0.0,0.0,0.0,0.0,0.0,-0.4636476090008061,-0.4636476090008061,-0.4636476090008061,-0.4636476090008061,-0.5404195002705842,-0.4636476090008061,-0.5404195002705842,-0.5404195002705842,-0.5404195002705842,-0.5667292175235064,-0.6107259643892086,-0.6107259643892086,-0.6747409422235526,-0.6747409422235526,-0.6747409422235526,-0.7328151017865066,-0.7328151017865066,-0.7328151017865066,-0.83798122500839,-0.7853981633974483,-0.7853981633974483,-0.7853981633974483,-0.7853981633974483,-0.8329812666744317,-0.8329812666744317,-0.8329812666744317,0.0,-0.8288490587889792,-0.8288490587889792,-0.8288490587889792,-0.8288490587889792,-0.7853981633974483,-0.7853981633974483,-0.7419472680059175,-0.7419472680059175,-0.7419472680059175,-0.7419472680059175,-0.7378150601204649,-0.7378150601204649,-0.7378150601204649,-0.6857295109062863,-0.6857295109062863,-0.6857295109062863,-0.628796286415433,-0.6747409422235526,-0.5667292175235064,-0.5667292175235064,-0.4993467216801301,-0.4993467216801301,-0.4993467216801301,-0.4636476090008061,-0.4636476090008061,-0.3805063771123649,0.0,0.0,0.0,0.0,0.0
30.25996386299812,tx,1a:00:00:00:00:00,-49,94.51206248088157,64,0.6593937980894189,7.4940194539680185,0,0,0,0,0,0,0,0,0,0,0,0,-8,7,-7,7,-8,8,-7,8,-7,8,-7,8,-7,9,-7,9,-6,9,-7,9,-7,9,-7,9,-7,10,-6,10,-6,10,-5,11,-5,11,-5,12,-5,11,-4,12,-5,12,-4,13,-5,12,-5,13,-5,13,-5,13,0,0,-5,14,-4,14,-4,14,-4,15,-4,14,-4,14,-5,14,-5,14,-5,14,-6,13,-6,13,-6,13,-6,12,-6,12,-5,12,-5,12,-6,12,-6,11,-5,10,-6,10,-6,10,-6,10,-7,9,-7,8,-7,8,-7,7,0,0,0,0,0,0,0,0,0,0,0.0,0.0,0.0,0.0,0.0,0.0,10.63014581273465,9.899494936611665,11.313708498984761,10.63014581273465,10.63014581273465,10.63014581273465,11.40175425099138,11.40175425099138,10.816653826391969,11.40175425099138,11.40175425099138,11.40175425099138,12.206555615733702,11.661903789690601,11.661903789690601,12.083045973594572,12.083045973594572,13.0,12.083045973594572,12.649110640673518,13.0,13.601470508735444,13.0,13.92838827718412,13.92838827718412,13.92838827718412,0.0,14.866068747318506,14.560219778561036,14.560219778561036,15.524174696260024,14.560219778561036,14.560219778561036,14.866068747318506,14.866068747318506,14.866068747318506,14.317821063276353,14.317821063276353,14.317821063276353,13.416407864998739,13.416407864998739,13.0,13.0,13.416407864998739,12.529964086141668,11.180339887498949,11.661903789690601,11.661903789690601,11.661903789690601,11.40175425099138,10.63014581273465,10.63014581273465,9.899494936611665,0.0,0.0,0.0,0.0,0.0,0.0,0.0,0.0,0.0,0.0,0.0,2.4227626539681686,2.356194490192345,2.356194490192345,2.289626326416521,2.289626326416521,2.289626326416521,2.2318394956455836,2.2318394956455836,2.158798930342464,2.2318394956455836,2.2318394956455836,2.2318394956455836,2.1815222911841055,2.1112158270654806,2.1112158270654806,1.9974238199217726,1.9974238199217726,1.965587446494658,1.9974238199217726,1.892546881191539,1.965587446494658,1.8692952583810758,1.965587446494658,1.9379701606131159,1.9379701606131159,1.9379701606131159,0.0,1.9138202672156,1.849095985800008,1.849095985800008,1.8313987185422376,1.849095985800008,1.849095985800008,1.9138202672156,1.9138202672156,1.9138202672156,2.0032041023654346,2.0032041023654346,2.0032041023654346,2.0344439357957027,2.0344439357957027,1.965587446494658,1.965587446494658,2.0344439357957027,2.0701430484750265,2.0344439357957027,2.1112158270654806,2.1112158270654806,2.1112158270654806,2.2318394956455836,2.289626326416521,2.289626326416521,2.356194490192345,0.0,0.0,0.0,0.0,0.0
30.360549582001113,tx,1a:00:00:00:00:00,-49,94.51206248088157,64,0.6614275888040422,7.4096305124751005,0,0,0,0,0,0,0,0,0,0,0,0,-11,-3,-11,-3,-12,-2,-12,-2,-12,-2,-12,-2,-12,-1,-12,-1,-13,-1,-13,-1,-13,-1,-14,0,-14,0,-13,0,-14,1,-14,1,-14,2,-14,2,-14,3,-14,3,-14,3,-15,4,-15,3,-15,4,-15,4,-15,4,0,0,-16,5,-15,5,-16,5,-16,5,-16,4,-16,5,-16,5,-16,4,-16,4,-16,4,-16,3,-16,3,-15,2,-15,2,-15,2,-15,2,-15,2,-14,1,-14,1,-13,1,-14,1,-13,0,-13,0,-13,-1,-12,-1,-12,-2,0,0,0,0,0,0,0,0,0,0,0.0,0.0,0.0,0.0,0.0,0.0,11.40175425099138,11.40175425099138,12.165525060596439,12.165525060596439,12.165525060596439,12.165525060596439,12.041594578792296,12.041594578792296,13.038404810405298,13.038404810405298,13.038404810405298,14.0,14.0,13.0,14.035668847618199,14.035668847618199,14.142135623730951,14.142135623730951,14.317821063276353,14.317821063276353,14.317821063276353,15.524174696260024,15.297058540778355,15.524174696260024,15.524174696260024,15.524174696260024,0.0,16.76305461424021,15.811388300841896,16.76305461424021,16.76305461424021,16.492422502470642,16.76305461424021,16.76305461424021,16.492422502470642,16.492422502470642,16.492422502470642,16.278820596099706,16.278820596099706,15.132745950421556,15.132745950421556,15.132745950421556,15.132745950421556,15.132745950421556,14.035668847618199,14.035668847618199,13.038404810405298,14.035668847618199,13.0,13.0,13.038404810405298,12.041594578792296,12.165525060596439,0.0,0.0,0.0,0.0,0.0,0.0,0.0,0.0,0.0,0.0,0.0,-2.875340604438868,-2.875340604438868,-2.976443976175166,-2.976443976175166,-2.976443976175166,-2.976443976175166,-3.058451421701352,-3.058451421701352,-3.064820762320015,-3.064820762320015,-3.064820762320015,3.141592653589793,3.141592653589793,3.141592653589793,3.070285188804503,3.070285188804503,2.999695598985629,2.999695598985629,2.930499320367047,2.930499320367047,2.930499320367047,2.8809902618424523,2.9441970937399127,2.8809902618424523,2.8809902618424523,2.8809902618424523,0.0,2.838707785214822,2.819842099193151,2.838707785214822,2.838707785214822,2.896613990462929,2.838707785214822,2.838707785214822,2.896613990462929,2.896613990462929,2.896613990462929,2.9562447035940984,2.9562447035940984,3.0090411212931194,3.0090411212931194,3.0090411212931194,3.0090411212931194,3.0090411212931194,3.070285188804503,3.070285188804503,3.064820762320015,3.070285188804503,3.141592653589793,3.141592653589793,-3.064820762320015,-3.058451421701352,-2.976443976175166,0.0,0.0,0.0,0.0,0.0
30.479905482003232,tx,1a:00:00:00:00:00,-49,94.51206248088157,64,0.6628803710941802,7.352454872579155,0,0,0,0,0,0,0,0,0,0,0,0,2,-10,2,-10,2,-10,2,-11,2,-11,2,-11,1,-11,1,-11,1,-11,1,-12,1,-12,0,-12,0,-12,0,-12,-1,-12,-1,-12,-1,-13,-1,-12,-2,-13,-2,-13,-2,-13,-2,-13,-3,-13,-3,-14,-3,-14,-3,-14,0,0,-3,-15,-3,-14,-3,-15,-3,-15,-3,-15,-3,-15,-3,-15,-2,-15,-2,-14,-2,-14,-2,-15,-1,-14,-1,-14,-1,-14,-1,-13,-1,-14,0,-13,0,-13,0,-12,0,-12,0,-12,1,-12,1,-11,2,-11,2,-11,2,-10,0,0,0,0,0,0,0,0,0,0,0.0,0.0,0.0,0.0,0.0,0.0,10.198039027185569,10.198039027185569,10.198039027185569,11.180339887498949,11.180339887498949,11.180339887498949,11.045361017187261,11.045361017187261,11.045361017187261,12.041594578792296,12.041594578792296,12.0,12.0,12.0,12.041594578792296,12.041594578792296,13.038404810405298,12.041594578792296,13.152946437965905,13.152946437965905,13.152946437965905,13.152946437965905,13.341664064126334,14.317821063276353,14.317821063276353,14.317821063276353,0.0,15.297058540778355,14.317821063276353,15.297058540778355,15.297058540778355,15.297058540778355,15.297058540778355,15.297058540778355,15.132745950421556,14.142135623730951,14.142135623730951,15.132745950421556,14.035668847618199,14.035668847618199,14.035668847618199,13.038404810405298,14.035668847618199,13.0,13.0,12.0,12.0,12.0,12.041594578792296,11.045361017187261,11.180339887498949,11.180339887498949,10.198039027185569,0.0,0.0,0.0,0.0,0.0,0.0,0.0,0.0,0.0,0.0,0.0,-1.373400766945016,-1.373400766945016,-1.373400766945016,-1.3909428270024184,-1.3909428270024184,-1.3909428270024184,-1.4801364395941514,-1.4801364395941514,-1.4801364395941514,-1.4876550949064553,-1.4876550949064553,-1.5707963267948966,-1.5707963267948966,-1.5707963267948966,-1.6539375586833378,-1.6539375586833378,-1.6475682180646747,-1.6539375586833378,-1.7234456551901618,-1.7234456551901618,-1.7234456551901618,-1.7234456551901618,-1.7975951748487824,-1.7818896600176433,-1.7818896600176433,-1.7818896600176433,0.0,-1.7681918866447774,-1.7818896600176433,-1.7681918866447774,-1.7681918866447774,-1.7681918866447774,-1.7681918866447774,-1.7681918866447774,-1.7033478590915707,-1.7126933813990606,-1.7126933813990606,-1.7033478590915707,-1.642103791580187,-1.642103791580187,-1.642103791580187,-1.6475682180646747,-1.642103791580187,-1.5707963267948966,-1.5707963267948966,-1.5707963267948966,-1.5707963267948966,-1.5707963267948966,-1.4876550949064553,-1.4801364395941514,-1.3909428270024184,-1.3909428270024184,-1.373400766945016,0.0,0.0,0.0,0.0,0.0
30.580018574997666,tx,1a:00:00:00:00:00,-49,94.51206248088157,64,0.6649285923007161,7.314607742994431,0,0,0,0,0,0,0,0,0,0,0,0,-8,6,-8,6,-9,7,-8,7,-8,7,-8,7,-8,7,-8,7,-8,8,-8,8,-8,8,-8,9,-7,9,-7,9,-7,10,-7,10,-7,10,-7,10,-6,11,-7,11,-7,11,-6,11,-6,11,-6,12,-6,12,-6,12,0,0,-6,13,-6,13,-6,13,-6,13,-6,13,-6,13,-7,13,-7,13,-7,12,-7,12,-7,12,-7,12,-7,12,-7,11,-7,11,-7,10,-7,10,-6,9,-6,9,-7,9,-8,9,-8,8,-8,7,-7,7,-7,7,-9,7,0,0,0,0,0,0,0,0,0,0,0.0,0.0,0.0,0.0,0.0,0.0,10.0,10.0,11.40175425099138,10.63014581273465,10.63014581273465,10.63014581273465,10.63014581273465,10.63014581273465,11.313708498984761,11.313708498984761,11.313708498984761,12.041594578792296,11.40175425099138,11.40175425099138,12.206555615733702,12.206555615733702,12.206555615733702,12.206555615733702,12.529964086141668,13.038404810405298,13.038404810405298,12.529964086141668,12.529964086141668,13.416407864998739,13.416407864998739,13.416407864998739,0.0,14.317821063276353,14.317821063276353,14.317821063276353,14.317821063276353,14.317821063276353,14.317821063276353,14.7648230602334,14.7648230602334,13.892443989449804,13.892443989449804,13.892443989449804,13.892443989449804,13.892443989449804,13.038404810405298,13.038404810405298,12.206555615733702,12.206555615733702,10.816653826391969,10.816653826391969,11.40175425099138,12.041594578792296,11.313708498984761,10.63014581273465,9.899494936611665,9.899494936611665,11.40175425099138,0.0,0.0,0.0,0.0,0.0,0.0,0.0,0.0,0.0,0.0,0.0,2.498091544796509,2.498091544796509,2.4805494847391065,2.4227626539681686,2.4227626539681686,2.4227626539681686,2.4227626539681686,2.4227626539681686,2.356194490192345,2.356194490192345,2.356194490192345,2.297438667476622,2.2318394956455836,2.2318394956455836,2.1815222911841055,2.1815222911841055,2.1815222911841055,2.1815222911841055,2.0701430484750265,2.137525544318403,2.137525544318403,2.0701430484750265,2.0701430484750265,2.0344439357957027,2.0344439357957027,2.0344439357957027,0.0,2.0032041023654346,2.0032041023654346,2.0032041023654346,2.0032041023654346,2.0032041023654346,2.0032041023654346,2.0647376957144776,2.0647376957144776,2.0988707752212563,2.0988707752212563,2.0988707752212563,2.0988707752212563,2.0988707752212563,2.137525544318403,2.137525544318403,2.1815222911841055,2.1815222911841055,2.158798930342464,2.158798930342464,2.2318394956455836,2.297438667476622,2.356194490192345,2.4227626539681686,2.356194490192345,2.356194490192345,2.4805494847391065,0.0,0.0,0.0,0.0,0.0
30.69103335899854,tx,1a:00:00:00:00:00,-49,94.51206248088157,64,0.6662722428037843,7.290398086882286,0,0,0,0,0,0,0,0,0,0,0,0,3,-10,3,-11,3,-11,3,-11,2,-11,2,-11,2,-11,1,-11,2,-12,1,-12,1,-12,1,-12,1,-12,0,-12,0,-13,0,-13,0,-13,-1,-13,-1,-14,-1,-13,-1,-14,-2,-14,-2,-14,-2,-14,-2,-15,-2,-15,0,0,-3,-15,-2,-15,-2,-15,-2,-15,-2,-15,-2,-15,-2,-15,-2,-16,-1,-15,-2,-15,-1,-15,-1,-15,-1,-15,-1,-14,0,-14,0,-14,0,-13,0,-13,0,-13,1,-12,1,-12,1,-12,2,-12,2,-11,2,-11,3,-10,0,0,0,0,0,0,0,0,0,0,0.0,0.0,0.0,0.0,0.0,0.0,10.44030650891055,11.40175425099138,11.40175425099138,11.40175425099138,11.180339887498949,11.180339887498949,11.180339887498949,11.045361017187261,12.165525060596439,12.041594578792296,12.041594578792296,12.041594578792296,12.041594578792296,12.0,13.0,13.0,13.0,13.038404810405298,14.035668847618199,13.038404810405298,14.035668847618199,14.142135623730951,14.142135623730951,14.142135623730951,15.132745950421556,15.132745950421556,0.0,15.297058540778355,15.132745950421556,15.132745950421556,15.132745950421556,15.132745950421556,15.132745950421556,15.132745950421556,16.1245154965971,15.033296378372908,15.132745950421556,15.033296378372908,15.033296378372908,15.033296378372908,14.035668847618199,14.0,14.0,13.0,13.0,13.0,12.041594578792296,12.041594578792296,12.041594578792296,12.165525060596439,11.180339887498949,11.180339887498949,10.44030650891055,0.0,0.0,0.0,0.0,0.0,0.0,0.0,0.0,0.0,0.0,0.0,-1.2793395323170296,-1.3045442776439713,-1.3045442776439713,-1.3045442776439713,-1.3909428270024184,-1.3909428270024184,-1.3909428270024184,-1.4801364395941514,-1.4056476493802699,-1.4876550949064553,-1.4876550949064553,-1.4876550949064553,-1.4876550949064553,-1.5707963267948966,-1.5707963267948966,-1.5707963267948966,-1.5707963267948966,-1.6475682180646747,-1.642103791580187,-1.6475682180646747,-1.642103791580187,-1.7126933813990606,-1.7126933813990606,-1.7126933813990606,-1.7033478590915707,-1.7033478590915707,0.0,-1.7681918866447774,-1.7033478590915707,-1.7033478590915707,-1.7033478590915707,-1.7033478590915707,-1.7033478590915707,-1.7033478590915707,-1.695151321341658,-1.6373644905707205,-1.7033478590915707,-1.6373644905707205,-1.6373644905707205,-1.6373644905707205,-1.642103791580187,-1.5707963267948966,-1.5707963267948966,-1.5707963267948966,-1.5707963267948966,-1.5707963267948966,-1.4876550949064553,-1.4876550949064553,-1.4876550949064553,-1.4056476493802699,-1.3909428270024184,-1.3909428270024184,-1.2793395323170296,0.0,0.0,0.0,0.0,0.0
30.793432616002974,tx,1a:00:00:00:00:00,-49,94.51206248088157,64,0.6661901076213403,7.275647219305586,0,0,0,0,0,0,0,0,0,0,0,0,11,1,10,0,12,0,11,0,12,0,10,0,12,-1,11,0,12,-2,13,-1,12,-1,12,-1,13,-1,13,-2,12,-2,13,-4,12,-4,13,-4,12,-4,13,-5,13,-4,13,-6,14,-5,14,-5,14,-5,14,-5,0,0,14,-6,15,-7,14,-6,16,-7,14,-6,15,-6,15,-6,15,-5,15,-6,16,-5,15,-5,14,-4,14,-4,13,-3,15,-5,13,-4,15,-3,12,-3,12,-3,13,-2,12,-2,12,-2,13,-1,12,0,11,0,11,1,0,0,0,0,0,0,0,0,0,0,0.0,0.0,0.0,0.0,0.0,0.0,11.045361017187261,10.0,12.0,11.0,12.0,10.0,12.041594578792296,11.0,12.165525060596439,13.038404810405298,12.041594578792296,12.041594578792296,13.038404810405298,13.152946437965905,12.165525060596439,13.601470508735444,12.649110640673518,13.601470508735444,12.649110640673518,13.92838827718412,13.601470508735444,14.317821063276353,14.866068747318506,14.866068747318506,14.866068747318506,14.866068747318506,0.0,15.231546211727817,16.55294535724685,15.231546211727817,17.46424919657298,15.231546211727817,16.15549442140351,16.15549442140351,15.811388300841896,16.15549442140351,16.76305461424021,15.811388300841896,14.560219778561036,14.560219778561036,13.341664064126334,15.811388300841896,13.601470508735444,15.297058540778355,12.36931687685298,12.36931687685298,13.152946437965905,12.165525060596439,12.165525060596439,13.038404810405298,12.0,11.0,11.045361017187261,0.0,0.0,0.0,0.0,0.0,0.0,0.0,0.0,0.0,0.0,0.0,0.09065988720074511,0.0,0.0,0.0,0.0,0.0,-0.08314123188844123,0.0,-0.16514867741462683,-0.07677189126977804,-0.08314123188844123,-0.08314123188844123,-0.07677189126977804,-0.15264932839526515,-0.16514867741462683,-0.2984989315861793,-0.3217505543966422,-0.2984989315861793,-0.3217505543966422,-0.3671738338182192,-0.2984989315861793,-0.43240777557053783,-0.3430239404207034,-0.3430239404207034,-0.3430239404207034,-0.3430239404207034,0.0,-0.40489178628508343,-0.43662715981354133,-0.40489178628508343,-0.4124104415973873,-0.40489178628508343,-0.3805063771123649,-0.3805063771123649,-0.3217505543966422,-0.3805063771123649,-0.3028848683749714,-0.3217505543966422,-0.27829965900511133,-0.27829965900511133,-0.22679884805388587,-0.3217505543966422,-0.2984989315861793,-0.19739555984988075,-0.24497866312686414,-0.24497866312686414,-0.15264932839526515,-0.16514867741462683,-0.16514867741462683,-0.07677189126977804,0.0,0.0,0.09065988720074511,0.0,0.0,0.0,0.0,0.0
30.902447191998363,tx,1a:00:00:00:00:00,-49,90.80588679805693,64,0.6649349530242998,7.271919405551952,0,0,0,0,0,0,0,0,0,0,0,0,-10,5,-10,6,-10,6,-10,6,-10,6,-10,7,-10,7,-10,7,-10,7,-9,8,-9,9,-9,9,-9,9,-9,10,-9,10,-9,10,-9,11,-9,10,-9,11,-9,11,-9,11,-9,12,-8,12,-8,13,-8,13,-8,13,0,0,-8,13,-9,13,-9,14,-8,13,-9,13,-9,14,-9,13,-10,13,-10,13,-9,13,-9,13,-9,12,-9,12,-10,12,-10,11,-10,11,-9,11,-9,10,-10,9,-10,9,-10,9,-10,8,-10,8,-9,8,-10,7,-10,6,0,0,0,0,0,0,0,0,0,0,0.0,0.0,0.0,0.0,0.0,0.0,11.180339887498949,11.661903789690601,11.661903789690601,11.661903789690601,11.661903789690601,12.206555615733702,12.206555615733702,12.206555615733702,12.206555615733702,12.041594578792296,12.727922061357855,12.727922061357855,12.727922061357855,13.45362404707371,13.45362404707371,13.45362404707371,14.212670403551895,13.45362404707371,14.212670403551895,14.212670403551895,14.212670403551895,15.0,14.422205101855956,15.264337522473747,15.264337522473747,15.264337522473747,0.0,15.264337522473747,15.811388300841896,16.64331697709324,15.264337522473747,15.811388300841896,16.64331697709324,15.811388300841896,16.401219466856727,16.401219466856727,15.811388300841896,15.811388300841896,15.0,15.0,15.620499351813308,14.866068747318506,14.866068747318506,14.212670403551895,13.45362404707371,13.45362404707371,13.45362404707371,13.45362404707371,12.806248474865697,12.806248474865697,12.041594578792296,12.206555615733702,11.661903789690601,0.0,0.0,0.0,0.0,0.0,0.0,0.0,0.0,0.0,0.0,0.0,2.677945044588987,2.601173153319209,2.601173153319209,2.601173153319209,2.601173153319209,2.5308666892005847,2.5308666892005847,2.5308666892005847,2.5308666892005847,2.4149503129080676,2.356194490192345,2.356194490192345,2.356194490192345,2.3036114285814033,2.3036114285814033,2.3036114285814033,2.256525837701183,2.3036114285814033,2.256525837701183,2.256525837701183,2.256525837701183,2.214297435588181,2.158798930342464,2.1224513093234436,2.1224513093234436,2.1224513093234436,0.0,2.1224513093234436,2.1763409903998667,2.1421338066285234,2.1224513093234436,2.1763409903998667,2.1421338066285234,2.1763409903998667,2.2264919530364327,2.2264919530364327,2.1763409903998667,2.1763409903998667,2.214297435588181,2.214297435588181,2.2655346029916,2.3086113869153615,2.3086113869153615,2.256525837701183,2.3036114285814033,2.408777551803287,2.408777551803287,2.408777551803287,2.4668517113662407,2.4668517113662407,2.4149503129080676,2.5308666892005847,2.601173153319209,0.0,0.0,0.0,0.0,0.0
31.006560857000295,tx,1a:00:00:00:00:00,-49,90.80588679805693,64,0.6629398127190453,7.26959398386013,0,0,0,0,0,0,0,0,0,0,0,0,-10,-4,-10,-4,-11,-4,-11,-4,-11,-4,-11,-4,-11,-3,-11,-3,-12,-3,-12,-3,-12,-2,-12,-2,-12,-2,-13,-2,-13,-1,-13,-1,-13,-1,-13,0,-13,0,-13,0,-14,0,-14,0,-14,0,-14,1,-15,1,-15,1,0,0,-15,1,-15,1,-15,1,-15,1,-15,1,-16,1,-16,0,-15,0,-15,0,-15,0,-15,0,-15,0,-15,-1,-14,-1,-14,-1,-14,-1,-14,-1,-13,-1,-13,-2,-12,-2,-12,-2,-12,-2,-12,-3,-11,-3,-11,-3,-10,-4,0,0,0,0,0,0,0,0,0,0,0.0,0.0,0.0,0.0,0.0,0.0,10.770329614269007,10.770329614269007,11.704699910719626,11.704699910719626,11.704699910719626,11.704699910719626,11.40175425099138,11.40175425099138,12.36931687685298,12.36931687685298,12.165525060596439,12.165525060596439,12.165525060596439,13.152946437965905,13.038404810405298,13.038404810405298,13.038404810405298,13.0,13.0,13.0,14.0,14.0,14.0,14.035668847618199,15.033296378372908,15.033296378372908,0.0,15.033296378372908,15.033296378372908,15.033296378372908,15.033296378372908,15.033296378372908,16.0312195418814,16.0,15.0,15.0,15.0,15.0,15.0,15.033296378372908,14.035668847618199,14.035668847618199,14.035668847618199,14.035668847618199,13.038404810405298,13.152946437965905,12.165525060596439,12.165525060596439,12.165525060596439,12.36931687685298,11.40175425099138,11.40175425099138,10.770329614269007,0.0,0.0,0.0,0.0,0.0,0.0,0.0,0.0,0.0,0.0,0.0,-2.761086276477428,-2.761086276477428,-2.7928216500058864,-2.7928216500058864,-2.7928216500058864,-2.7928216500058864,-2.875340604438868,-2.875340604438868,-2.896613990462929,-2.896613990462929,-2.976443976175166,-2.976443976175166,-2.976443976175166,-2.988943325194528,-3.064820762320015,-3.064820762320015,-3.064820762320015,3.141592653589793,3.141592653589793,3.141592653589793,3.141592653589793,3.141592653589793,3.141592653589793,3.070285188804503,3.0750244898139694,3.0750244898139694,0.0,3.0750244898139694,3.0750244898139694,3.0750244898139694,3.0750244898139694,3.0750244898139694,3.079173843593836,3.141592653589793,3.141592653589793,3.141592653589793,3.141592653589793,3.141592653589793,3.141592653589793,-3.0750244898139694,-3.070285188804503,-3.070285188804503,-3.070285188804503,-3.070285188804503,-3.064820762320015,-2.988943325194528,-2.976443976175166,-2.976443976175166,-2.976443976175166,-2.896613990462929,-2.875340604438868,-2.875340604438868,-2.761086276477428,0.0,0.0,0.0,0.0,0.0
31.10851119200379,tx,1a:00:00:00:00:00,-48,90.80588679805693,64,0.6627939464504051,7.268265775708769,0,0,0,0,0,0,0,0,0,0,0,0,-1,10,-3,10,-2,11,-2,10,-1,10,-1,10,-1,11,-1,10,0,11,0,12,0,11,0,11,1,11,1,11,1,11,2,12,2,11,2,13,2,12,3,12,3,12,4,12,3,13,4,13,4,13,4,13,0,0,4,13,5,14,5,13,5,14,4,13,4,14,4,14,3,14,4,14,3,14,3,13,3,13,2,13,2,12,3,13,2,12,2,13,1,12,1,12,1,11,0,11,0,11,-1,11,-1,11,-1,10,-2,10,0,0,0,0,0,0,0,0,0,0,0.0,0.0,0.0,0.0,0.0,0.0,10.04987562112089,10.44030650891055,11.180339887498949,10.198039027185569,10.04987562112089,10.04987562112089,11.045361017187261,10.04987562112089,11.0,12.0,11.0,11.0,11.045361017187261,11.045361017187261,11.045361017187261,12.165525060596439,11.180339887498949,13.152946437965905,12.165525060596439,12.36931687685298,12.36931687685298,12.649110640673518,13.341664064126334,13.601470508735444,13.601470508735444,13.601470508735444,0.0,13.601470508735444,14.866068747318506,13.92838827718412,14.866068747318506,13.601470508735444,14.560219778561036,14.560219778561036,14.317821063276353,14.560219778561036,14.317821063276353,13.341664064126334,13.341664064126334,13.152946437965905,12.165525060596439,13.341664064126334,12.165525060596439,13.152946437965905,12.041594578792296,12.041594578792296,11.045361017187261,11.0,11.0,11.045361017187261,11.045361017187261,10.04987562112089,10.198039027185569,0.0,0.0,0.0,0.0,0.0,0.0,0.0,0.0,0.0,0.0,0.0,1.6704649792860586,1.8622531212727638,1.750649826587375,1.7681918866447774,1.6704649792860586,1.6704649792860586,1.6614562139956417,1.6704649792860586,1.5707963267948966,1.5707963267948966,1.5707963267948966,1.5707963267948966,1.4801364395941514,1.4801364395941514,1.4801364395941514,1.4056476493802699,1.3909428270024184,1.4181469983996315,1.4056476493802699,1.3258176636680326,1.3258176636680326,1.2490457723982544,1.3439974787410107,1.2722973952087173,1.2722973952087173,1.2722973952087173,0.0,1.2722973952087173,1.2277723863741932,1.2036224929766774,1.2277723863741932,1.2722973952087173,1.2924966677897853,1.2924966677897853,1.35970299357215,1.2924966677897853,1.35970299357215,1.3439974787410107,1.3439974787410107,1.4181469983996315,1.4056476493802699,1.3439974787410107,1.4056476493802699,1.4181469983996315,1.4876550949064553,1.4876550949064553,1.4801364395941514,1.5707963267948966,1.5707963267948966,1.6614562139956417,1.6614562139956417,1.6704649792860586,1.7681918866447774,0.0,0.0,0.0,0.0,0.0
31.210851538999123,tx,1a:00:00:00:00:00,-49,90.80588679805693,64,0.662668862471796,7.267459189015255,0,0,0,0,0,0,0,0,0,0,0,0,-3,10,-3,10,-3,11,-3,10,-3,11,-2,10,-2,11,-2,11,-1,11,-1,12,-1,12,-1,12,-1,12,0,12,0,12,1,13,1,12,1,13,2,13,2,13,2,13,3,13,2,13,3,14,3,14,3,14,0,0,3,14,3,15,3,14,3,15,3,15,3,15,3,15,3,15,3,15,2,15,2,14,2,14,1,14,1,14,1,14,1,13,1,14,0,13,0,12,0,12,0,12,-1,12,-1,12,-2,11,-2,11,-3,10,0,0,0,0,0,0,0,0,0,0,0.0,0.0,0.0,0.0,0.0,0.0,10.44030650891055,10.44030650891055,11.40175425099138,10.44030650891055,11.40175425099138,10.198039027185569,11.180339887498949,11.180339887498949,11.045361017187261,12.041594578792296,12.041594578792296,12.041594578792296,12.041594578792296,12.0,12.0,13.038404810405298,12.041594578792296,13.038404810405298,13.152946437965905,13.152946437965905,13.152946437965905,13.341664064126334,13.152946437965905,14.317821063276353,14.317821063276353,14.317821063276353,0.0,14.317821063276353,15.297058540778355,14.317821063276353,15.297058540778355,15.297058540778355,15.297058540778355,15.297058540778355,15.297058540778355,15.297058540778355,15.132745950421556,14.142135623730951,14.142135623730951,14.035668847618199,14.035668847618199,14.035668847618199,13.038404810405298,14.035668847618199,13.0,12.0,12.0,12.0,12.041594578792296,12.041594578792296,11.180339887498949,11.180339887498949,10.44030650891055,0.0,0.0,0.0,0.0,0.0,0.0,0.0,0.0,0.0,0.0,0.0,1.8622531212727638,1.8622531212727638,1.837048375945822,1.8622531212727638,1.837048375945822,1.7681918866447774,1.750649826587375,1.750649826587375,1.6614562139956417,1.6539375586833378,1.6539375586833378,1.6539375586833378,1.6539375586833378,1.5707963267948966,1.5707963267948966,1.4940244355251187,1.4876550949064553,1.4940244355251187,1.4181469983996315,1.4181469983996315,1.4181469983996315,1.3439974787410107,1.4181469983996315,1.35970299357215,1.35970299357215,1.35970299357215,0.0,1.35970299357215,1.373400766945016,1.35970299357215,1.373400766945016,1.373400766945016,1.373400766945016,1.373400766945016,1.373400766945016,1.373400766945016,1.4382447944982226,1.4288992721907328,1.4288992721907328,1.4994888620096063,1.4994888620096063,1.4994888620096063,1.4940244355251187,1.4994888620096063,1.5707963267948966,1.5707963267948966,1.5707963267948966,1.5707963267948966,1.6539375586833378,1.6539375586833378,1.750649826587375,1.750649826587375,1.8622531212727638,0.0,0.0,0.0,0.0,0.0
31.31246259299951,tx,1a:00:00:00:00:00,-49,90.80588679805693,64,0.6640138715216237,7.266726519033346,0,0,0,0,0,0,0,0,0,0,0,0,5,8,6,9,6,8,6,9,6,8,6,8,7,8,7,8,7,8,7,8,8,8,8,8,8,8,8,7,9,8,9,7,10,8,9,7,10,7,10,7,10,7,11,7,11,7,11,7,12,7,12,7,0,0,12,7,12,7,13,8,12,7,12,8,13,7,12,8,12,8,12,8,11,8,11,8,11,8,10,8,10,8,10,8,10,8,9,8,9,8,9,8,8,8,8,9,7,8,7,8,6,8,6,8,5,9,0,0,0,0,0,0,0,0,0,0,0.0,0.0,0.0,0.0,0.0,0.0,9.433981132056603,10.816653826391969,10.0,10.816653826391969,10.0,10.0,10.63014581273465,10.63014581273465,10.63014581273465,10.63014581273465,11.313708498984761,11.313708498984761,11.313708498984761,10.63014581273465,12.041594578792296,11.40175425099138,12.806248474865697,11.40175425099138,12.206555615733702,12.206555615733702,12.206555615733702,13.038404810405298,13.038404810405298,13.038404810405298,13.892443989449804,13.892443989449804,0.0,13.892443989449804,13.892443989449804,15.264337522473747,13.892443989449804,14.422205101855956,14.7648230602334,14.422205101855956,14.422205101855956,14.422205101855956,13.601470508735444,13.601470508735444,13.601470508735444,12.806248474865697,12.806248474865697,12.806248474865697,12.806248474865697,12.041594578792296,12.041594578792296,12.041594578792296,11.313708498984761,12.041594578792296,10.63014581273465,10.63014581273465,10.0,10.0,10.295630140987,0.0,0.0,0.0,0.0,0.0,0.0,0.0,0.0,0.0,0.0,0.0,1.0121970114513341,0.982793723247329,0.9272952180016122,0.982793723247329,0.9272952180016122,0.9272952180016122,0.8519663271732721,0.8519663271732721,0.8519663271732721,0.8519663271732721,0.7853981633974483,0.7853981633974483,0.7853981633974483,0.7188299996216245,0.7266423406817256,0.6610431688506869,0.6747409422235526,0.6610431688506869,0.6107259643892086,0.6107259643892086,0.6107259643892086,0.5667292175235064,0.5667292175235064,0.5667292175235064,0.5280744484263596,0.5280744484263596,0.0,0.5280744484263596,0.5280744484263596,0.5516549825285468,0.5280744484263596,0.5880026035475675,0.49394136891958124,0.5880026035475675,0.5880026035475675,0.5880026035475675,0.628796286415433,0.628796286415433,0.628796286415433,0.6747409422235526,0.6747409422235526,0.6747409422235526,0.6747409422235526,0.7266423406817256,0.7266423406817256,0.7266423406817256,0.7853981633974483,0.844153986113171,0.8519663271732721,0.8519663271732721,0.9272952180016122,0.9272952180016122,1.0636978224025597,0.0,0.0,0.0,0.0,0.0
31.417737173003843,tx,1a:00:00:00:00:00,-49,90.80588679805693,64,0.6652101698315245,7.265740600170425,0,0,0,0,0,0,0,0,0,0,0,0,1,-10,1,-10,0,-10,0,-11,0,-11,0,-10,0,-11,-1,-11,-1,-11,-1,-12,-1,-11,-2,-12,-2,-12,-2,-12,-2,-12,-3,-12,-3,-12,-4,-12,-4,-12,-4,-12,-4,-13,-5,-13,-5,-13,-5,-13,-5,-13,-5,-13,0,0,-6,-14,-6,-13,-6,-14,-6,-14,-6,-13,-6,-14,-5,-14,-5,-14,-5,-14,-5,-14,-5,-13,-4,-13,-4,-13,-4,-13,-4,-13,-4,-13,-3,-13,-3,-12,-3,-12,-2,-12,-2,-12,-2,-12,-1,-11,-1,-11,0,-11,0,-10,0,0,0,0,0,0,0,0,0,0,0.0,0.0,0.0,0.0,0.0,0.0,10.04987562112089,10.04987562112089,10.0,11.0,11.0,10.0,11.0,11.045361017187261,11.045361017187261,12.041594578792296,11.045361017187261,12.165525060596439,12.165525060596439,12.165525060596439,12.165525060596439,12.36931687685298,12.36931687685298,12.649110640673518,12.649110640673518,12.649110640673518,13.601470508735444,13.92838827718412,13.92838827718412,13.92838827718412,13.92838827718412,13.92838827718412,0.0,15.231546211727817,14.317821063276353,15.231546211727817,15.231546211727817,14.317821063276353,15.231546211727817,14.866068747318506,14.866068747318506,14.866068747318506,14.866068747318506,13.92838827718412,13.601470508735444,13.601470508735444,13.601470508735444,13.601470508735444,13.601470508735444,13.341664064126334,12.36931687685298,12.36931687685298,12.165525060596439,12.165525060596439,12.165525060596439,11.045361017187261,11.045361017187261,11.0,10.0,0.0,0.0,0.0,0.0,0.0,0.0,0.0,0.0,0.0,0.0,0.0,-1.4711276743037347,-1.4711276743037347,-1.5707963267948966,-1.5707963267948966,-1.5707963267948966,-1.5707963267948966,-1.5707963267948966,-1.6614562139956417,-1.6614562139956417,-1.6539375586833378,-1.6614562139956417,-1.7359450042095235,-1.7359450042095235,-1.7359450042095235,-1.7359450042095235,-1.8157749899217608,-1.8157749899217608,-1.892546881191539,-1.892546881191539,-1.892546881191539,-1.8692952583810758,-1.9379701606131159,-1.9379701606131159,-1.9379701606131159,-1.9379701606131159,-1.9379701606131159,0.0,-1.97568811307998,-2.0032041023654346,-1.97568811307998,-1.97568811307998,-2.0032041023654346,-1.97568811307998,-1.9138202672156,-1.9138202672156,-1.9138202672156,-1.9138202672156,-1.9379701606131159,-1.8692952583810758,-1.8692952583810758,-1.8692952583810758,-1.8692952583810758,-1.8692952583810758,-1.7975951748487824,-1.8157749899217608,-1.8157749899217608,-1.7359450042095235,-1.7359450042095235,-1.7359450042095235,-1.6614562139956417,-1.6614562139956417,-1.5707963267948966,-1.5707963267948966,0.0,0.0,0.0,0.0,0.0
31.519238280001446,tx,1a:00:00:00:00:00,-49,90.80588679805693,64,0.6661207314289879,7.264324541150535,0,0,0,0,0,0,0,0,0,0,0,0,-10,-4,-9,-5,-10,-4,-10,-4,-10,-4,-11,-5,-10,-4,-11,-4,-11,-4,-11,-3,-12,-3,-12,-3,-12,-2,-12,-2,-13,-2,-12,-2,-13,-2,-12,-2,-13,-1,-13,-1,-14,-1,-14,-1,-13,-1,-14,0,-15,0,-15,0,0,0,-15,0,-15,-1,-16,0,-15,0,-15,-1,-16,-1,-16,-1,-15,-1,-15,-2,-15,-2,-15,-2,-15,-2,-15,-2,-15,-2,-14,-3,-14,-3,-13,-3,-13,-3,-12,-3,-12,-4,-12,-4,-12,-5,-11,-4,-11,-5,-10,-5,-10,-5,0,0,0,0,0,0,0,0,0,0,0.0,0.0,0.0,0.0,0.0,0.0,10.770329614269007,10.295630140987,10.770329614269007,10.770329614269007,10.770329614269007,12.083045973594572,10.770329614269007,11.704699910719626,11.704699910719626,11.40175425099138,12.36931687685298,12.36931687685298,12.165525060596439,12.165525060596439,13.152946437965905,12.165525060596439,13.152946437965905,12.165525060596439,13.038404810405298,13.038404810405298,14.035668847618199,14.035668847618199,13.038404810405298,14.0,15.0,15.0,0.0,15.0,15.033296378372908,16.0,15.0,15.033296378372908,16.0312195418814,16.0312195418814,15.033296378372908,15.132745950421556,15.132745950421556,15.132745950421556,15.132745950421556,15.132745950421556,15.132745950421556,14.317821063276353,14.317821063276353,13.341664064126334,13.341664064126334,12.36931687685298,12.649110640673518,12.649110640673518,13.0,11.704699910719626,12.083045973594572,11.180339887498949,11.180339887498949,0.0,0.0,0.0,0.0,0.0,0.0,0.0,0.0,0.0,0.0,0.0,-2.761086276477428,-2.6344941491974563,-2.761086276477428,-2.761086276477428,-2.761086276477428,-2.714965160462917,-2.761086276477428,-2.7928216500058864,-2.7928216500058864,-2.875340604438868,-2.896613990462929,-2.896613990462929,-2.976443976175166,-2.976443976175166,-2.988943325194528,-2.976443976175166,-2.988943325194528,-2.976443976175166,-3.064820762320015,-3.064820762320015,-3.070285188804503,-3.070285188804503,-3.064820762320015,3.141592653589793,3.141592653589793,3.141592653589793,0.0,3.141592653589793,-3.0750244898139694,3.141592653589793,3.141592653589793,-3.0750244898139694,-3.079173843593836,-3.079173843593836,-3.0750244898139694,-3.0090411212931194,-3.0090411212931194,-3.0090411212931194,-3.0090411212931194,-3.0090411212931194,-3.0090411212931194,-2.930499320367047,-2.930499320367047,-2.9147938055359073,-2.9147938055359073,-2.896613990462929,-2.819842099193151,-2.819842099193151,-2.746801533890032,-2.7928216500058864,-2.714965160462917,-2.677945044588987,-2.677945044588987,0.0,0.0,0.0,0.0,0.0
31.638510092001525,tx,1a:00:00:00:00:00,-49,90.80588679805693,64,0.6667773291637589,7.2624013383254304,0,0,0,0,0,0,0,0,0,0,0,0,10,1,10,1,10,1,10,1,10,1,10,1,10,0,10,0,11,0,11,0,11,-1,11,-1,11,-1,11,-1,11,-2,12,-3,12,-3,12,-3,12,-3,12,-3,12,-3,12,-4,13,-4,13,-4,13,-4,13,-4,0,0,13,-4,14,-5,13,-5,14,-5,14,-4,14,-4,14,-4,14,-3,14,-4,14,-3,14,-3,13,-3,13,-3,13,-2,13,-3,13,-2,13,-2,12,-2,11,-1,11,-1,12,0,11,0,11,0,11,1,10,1,10,2,0,0,0,0,0,0,0,0,0,0,0.0,0.0,0.0,0.0,0.0,0.0,10.04987562112089,10.04987562112089,10.04987562112089,10.04987562112089,10.04987562112089,10.04987562112089,10.0,10.0,11.0,11.0,11.045361017187261,11.045361017187261,11.045361017187261,11.045361017187261,11.180339887498949,12.36931687685298,12.36931687685298,12.36931687685298,12.36931687685298,12.36931687685298,12.36931687685298,12.649110640673518,13.601470508735444,13.601470508735444,13.601470508735444,13.601470508735444,0.0,13.601470508735444,14.866068747318506,13.92838827718412,14.866068747318506,14.560219778561036,14.560219778561036,14.560219778561036,14.317821063276353,14.560219778561036,14.317821063276353,14.317821063276353,13.341664064126334,13.341664064126334,13.152946437965905,13.341664064126334,13.152946437965905,13.152946437965905,12.165525060596439,11.045361017187261,11.045361017187261,12.0,11.0,11.0,11.045361017187261,10.04987562112089,10.198039027185569,0.0,0.0,0.0,0.0,0.0,0.0,0.0,0.0,0.0,0.0,0.0,0.09966865249116202,0.09966865249116202,0.09966865249116202,0.09966865249116202,0.09966865249116202,0.09966865249116202,0.0,0.0,0.0,0.0,-0.09065988720074511,-0.09065988720074511,-0.09065988720074511,-0.09065988720074511,-0.17985349979247828,-0.24497866312686414,-0.24497866312686414,-0.24497866312686414,-0.24497866312686414,-0.24497866312686414,-0.24497866312686414,-0.3217505543966422,-0.2984989315861793,-0.2984989315861793,-0.2984989315861793,-0.2984989315861793,0.0,-0.2984989315861793,-0.3430239404207034,-0.3671738338182192,-0.3430239404207034,-0.27829965900511133,-0.27829965900511133,-0.27829965900511133,-0.21109333322274654,-0.27829965900511133,-0.21109333322274654,-0.21109333322274654,-0.22679884805388587,-0.22679884805388587,-0.15264932839526515,-0.22679884805388587,-0.15264932839526515,-0.15264932839526515,-0.16514867741462683,-0.09065988720074511,-0.09065988720074511,0.0,0.0,0.0,0.09065988720074511,0.09966865249116202,0.19739555984988075,0.0,0.0,0.0,0.0,0.0
31.73880351799744,tx,1a:00:00:00:00:00,-49,90.80588679805693,64,0.6646763678013347,7.259992718306373,0,0,0,0,0,0,0,0,0,0,0,0,-10,-2,-11,-2,-11,-2,-11,-2,-11,-1,-12,-1,-11,-1,-12,-1,-12,-1,-12,0,-12,0,-12,1,-12,1,-12,1,-13,1,-12,1,-13,2,-12,2,-13,3,-13,2,-13,3,-13,3,-13,3,-14,4,-14,4,-14,4,0,0,-14,4,-14,4,-15,4,-14,4,-15,4,-15,4,-15,4,-15,4,-15,3,-14,3,-15,3,-14,3,-14,3,-14,3,-13,2,-14,2,-13,2,-13,2,-13,1,-12,0,-13,0,-12,0,-12,0,-12,0,-11,-1,-11,-2,0,0,0,0,0,0,0,0,0,0,0.0,0.0,0.0,0.0,0.0,0.0,10.198039027185569,11.180339887498949,11.180339887498949,11.180339887498949,11.045361017187261,12.041594578792296,11.045361017187261,12.041594578792296,12.041594578792296,12.0,12.0,12.041594578792296,12.041594578792296,12.041594578792296,13.038404810405298,12.041594578792296,13.152946437965905,12.165525060596439,13.341664064126334,13.152946437965905,13.341664064126334,13.341664064126334,13.341664064126334,14.560219778561036,14.560219778561036,14.560219778561036,0.0,14.560219778561036,14.560219778561036,15.524174696260024,14.560219778561036,15.524174696260024,15.524174696260024,15.524174696260024,15.524174696260024,15.297058540778355,14.317821063276353,15.297058540778355,14.317821063276353,14.317821063276353,14.317821063276353,13.152946437965905,14.142135623730951,13.152946437965905,13.152946437965905,13.038404810405298,12.0,13.0,12.0,12.0,12.0,11.045361017187261,11.180339887498949,0.0,0.0,0.0,0.0,0.0,0.0,0.0,0.0,0.0,0.0,0.0,-2.9441970937399127,-2.961739153797315,-2.961739153797315,-2.961739153797315,-3.050932766389048,-3.058451421701352,-3.050932766389048,-3.058451421701352,-3.058451421701352,3.141592653589793,3.141592653589793,3.058451421701352,3.058451421701352,3.058451421701352,3.064820762320015,3.058451421701352,2.988943325194528,2.976443976175166,2.9147938055359073,2.988943325194528,2.9147938055359073,2.9147938055359073,2.9147938055359073,2.8632929945846817,2.8632929945846817,2.8632929945846817,0.0,2.8632929945846817,2.8632929945846817,2.8809902618424523,2.8632929945846817,2.8809902618424523,2.8809902618424523,2.8809902618424523,2.8809902618424523,2.9441970937399127,2.930499320367047,2.9441970937399127,2.930499320367047,2.930499320367047,2.930499320367047,2.988943325194528,2.999695598985629,2.988943325194528,2.988943325194528,3.064820762320015,3.141592653589793,3.141592653589793,3.141592653589793,3.141592653589793,3.141592653589793,-3.050932766389048,-2.961739153797315,0.0,0.0,0.0,0.0,0.0
31.85864299500099,tx,1a:00:00:00:00:00,-49,90.80588679805693,64,0.6635456380181852,7.257195890107354,0,0,0,0,0,0,0,0,0,0,0,0,10,1,10,1,10,1,10,1,10,0,10,0,11,0,10,0,11,-1,11,0,12,-1,11,-1,11,-1,11,-1,12,-2,12,-3,12,-3,12,-3,12,-3,12,-4,12,-4,12,-4,13,-4,13,-4,13,-5,13,-4,0,0,13,-4,14,-5,13,-5,14,-5,14,-5,14,-5,14,-5,14,-4,14,-4,14,-4,14,-3,13,-3,13,-3,13,-3,13,-3,13,-2,13,-2,12,-1,12,-1,12,-1,11,0,11,-1,11,0,11,1,10,1,10,2,0,0,0,0,0,0,0,0,0,0,0.0,0.0,0.0,0.0,0.0,0.0,10.04987562112089,10.04987562112089,10.04987562112089,10.04987562112089,10.0,10.0,11.0,10.0,11.045361017187261,11.0,12.041594578792296,11.045361017187261,11.045361017187261,11.045361017187261,12.165525060596439,12.36931687685298,12.36931687685298,12.36931687685298,12.36931687685298,12.649110640673518,12.649110640673518,12.649110640673518,13.601470508735444,13.601470508735444,13.92838827718412,13.601470508735444,0.0,13.601470508735444,14.866068747318506,13.92838827718412,14.866068747318506,14.866068747318506,14.866068747318506,14.866068747318506,14.560219778561036,14.560219778561036,14.560219778561036,14.317821063276353,13.341664064126334,13.341664064126334,13.341664064126334,13.341664064126334,13.152946437965905,13.152946437965905,12.041594578792296,12.041594578792296,12.041594578792296,11.0,11.045361017187261,11.0,11.045361017187261,10.04987562112089,10.198039027185569,0.0,0.0,0.0,0.0,0.0,0.0,0.0,0.0,0.0,0.0,0.0,0.09966865249116202,0.09966865249116202,0.09966865249116202,0.09966865249116202,0.0,0.0,0.0,0.0,-0.09065988720074511,0.0,-0.08314123188844123,-0.09065988720074511,-0.09065988720074511,-0.09065988720074511,-0.16514867741462683,-0.24497866312686414,-0.24497866312686414,-0.24497866312686414,-0.24497866312686414,-0.3217505543966422,-0.3217505543966422,-0.3217505543966422,-0.2984989315861793,-0.2984989315861793,-0.3671738338182192,-0.2984989315861793,0.0,-0.2984989315861793,-0.3430239404207034,-0.3671738338182192,-0.3430239404207034,-0.3430239404207034,-0.3430239404207034,-0.3430239404207034,-0.27829965900511133,-0.27829965900511133,-0.27829965900511133,-0.21109333322274654,-0.22679884805388587,-0.22679884805388587,-0.22679884805388587,-0.22679884805388587,-0.15264932839526515,-0.15264932839526515,-0.08314123188844123,-0.08314123188844123,-0.08314123188844123,0.0,-0.09065988720074511,0.0,0.09065988720074511,0.09966865249116202,0.19739555984988075,0.0,0.0,0.0,0.0,0.0
31.95945022399974,tx,1a:00:00:00:00:00,-49,91.13289781753339,64,0.6634981719507118,7.254088670650928,0,0,0,0,0,0,0,0,0,0,0,0,0,-12,0,-12,0,-12,0,-12,-1,-13,-1,-12,-1,-12,-1,-12,-2,-13,-2,-13,-2,-13,-2,-13,-2,-13,-3,-13,-3,-13,-5,-14,-5,-13,-5,-14,-5,-13,-6,-14,-5,-14,-6,-14,-6,-15,-6,-15,-6,-15,-6,-15,0,0,-7,-15,-8,-15,-7,-15,-8,-16,-7,-15,-7,-15,-7,-15,-6,-16,-7,-15,-6,-16,-5,-15,-5,-15,-5,-15,-5,-15,-5,-15,-5,-14,-4,-15,-4,-14,-4,-13,-3,-14,-3,-14,-3,-13,-2,-13,-1,-13,-1,-13,0,-12,0,0,0,0,0,0,0,0,0,0,0.0,0.0,0.0,0.0,0.0,0.0,12.0,12.0,12.0,12.0,13.038404810405298,12.041594578792296,12.041594578792296,12.041594578792296,13.152946437965905,13.152946437965905,13.152946437965905,13.152946437965905,13.152946437965905,13.341664064126334,13.341664064126334,14.866068747318506,13.92838827718412,14.866068747318506,13.92838827718412,15.231546211727817,14.866068747318506,15.231546211727817,16.15549442140351,16.15549442140351,16.15549442140351,16.15549442140351,0.0,16.55294535724685,17.0,16.55294535724685,17.88854381999832,16.55294535724685,16.55294535724685,16.55294535724685,17.08800749063506,16.55294535724685,17.08800749063506,15.811388300841896,15.811388300841896,15.811388300841896,15.811388300841896,15.811388300841896,14.866068747318506,15.524174696260024,14.560219778561036,13.601470508735444,14.317821063276353,14.317821063276353,13.341664064126334,13.152946437965905,13.038404810405298,13.038404810405298,12.0,0.0,0.0,0.0,0.0,0.0,0.0,0.0,0.0,0.0,0.0,0.0,-1.5707963267948966,-1.5707963267948966,-1.5707963267948966,-1.5707963267948966,-1.6475682180646747,-1.6539375586833378,-1.6539375586833378,-1.6539375586833378,-1.7234456551901618,-1.7234456551901618,-1.7234456551901618,-1.7234456551901618,-1.7234456551901618,-1.7975951748487824,-1.7975951748487824,-1.9138202672156,-1.9379701606131159,-1.9138202672156,-1.9379701606131159,-1.97568811307998,-1.9138202672156,-1.97568811307998,-1.9513027039072615,-1.9513027039072615,-1.9513027039072615,-1.9513027039072615,0.0,-2.007423486608438,-2.060753653048625,-2.007423486608438,-2.0344439357957027,-2.007423486608438,-2.007423486608438,-2.007423486608438,-1.9295669970654687,-2.007423486608438,-1.9295669970654687,-1.892546881191539,-1.892546881191539,-1.892546881191539,-1.892546881191539,-1.892546881191539,-1.9138202672156,-1.8313987185422376,-1.849095985800008,-1.8692952583810758,-1.7818896600176433,-1.7818896600176433,-1.7975951748487824,-1.7234456551901618,-1.6475682180646747,-1.6475682180646747,-1.5707963267948966,0.0,0.0,0.0,0.0,0.0
32.06820330899791,tx,1a:00:00:00:00:00,-49,91.13289781753339,64,0.6639293970164992,7.25072179639065,0,0,0,0,0,0,0,0,0,0,0,0,-2,10,-2,10,-1,10,-1,11,-1,11,-1,11,-1,10,0,11,-1,11,0,11,0,11,1,11,1,12,1,12,2,12,2,12,2,12,2,12,3,12,3,12,3,13,3,13,3,12,4,13,4,13,4,14,0,0,5,14,4,14,4,14,4,13,4,14,4,14,4,15,3,14,3,15,3,14,3,14,3,14,3,14,2,14,2,13,2,13,1,13,1,12,1,12,0,12,0,12,-1,12,-1,11,-1,11,-2,11,-2,10,0,0,0,0,0,0,0,0,0,0,0.0,0.0,0.0,0.0,0.0,0.0,10.198039027185569,10.198039027185569,10.04987562112089,11.045361017187261,11.045361017187261,11.045361017187261,10.04987562112089,11.0,11.045361017187261,11.0,11.0,11.045361017187261,12.041594578792296,12.041594578792296,12.165525060596439,12.165525060596439,12.165525060596439,12.165525060596439,12.36931687685298,12.36931687685298,13.341664064126334,13.341664064126334,12.36931687685298,13.601470508735444,13.601470508735444,14.560219778561036,0.0,14.866068747318506,14.560219778561036,14.560219778561036,13.601470508735444,14.560219778561036,14.560219778561036,15.524174696260024,14.317821063276353,15.297058540778355,14.317821063276353,14.317821063276353,14.317821063276353,14.317821063276353,14.142135623730951,13.152946437965905,13.152946437965905,13.038404810405298,12.041594578792296,12.041594578792296,12.0,12.0,12.041594578792296,11.045361017187261,11.045361017187261,11.180339887498949,10.198039027185569,0.0,0.0,0.0,0.0,0.0,0.0,0.0,0.0,0.0,0.0,0.0,1.7681918866447774,1.7681918866447774,1.6704649792860586,1.6614562139956417,1.6614562139956417,1.6614562139956417,1.6704649792860586,1.5707963267948966,1.6614562139956417,1.5707963267948966,1.5707963267948966,1.4801364395941514,1.4876550949064553,1.4876550949064553,1.4056476493802699,1.4056476493802699,1.4056476493802699,1.4056476493802699,1.3258176636680326,1.3258176636680326,1.3439974787410107,1.3439974787410107,1.3258176636680326,1.2722973952087173,1.2722973952087173,1.2924966677897853,0.0,1.2277723863741932,1.2924966677897853,1.2924966677897853,1.2722973952087173,1.2924966677897853,1.2924966677897853,1.3101939350475555,1.35970299357215,1.373400766945016,1.35970299357215,1.35970299357215,1.35970299357215,1.35970299357215,1.4288992721907328,1.4181469983996315,1.4181469983996315,1.4940244355251187,1.4876550949064553,1.4876550949064553,1.5707963267948966,1.5707963267948966,1.6539375586833378,1.6614562139956417,1.6614562139956417,1.750649826587375,1.7681918866447774,0.0,0.0,0.0,0.0,0.0
32.16927928900259,tx,1a:00:00:00:00:00,-49,91.13289781753339,64,0.6646710653154191,7.247132944879261,0,0,0,0,0,0,0,0,0,0,0,0,1,-11,1,-11,1,-12,1,-12,1,-12,0,-12,0,-12,0,-12,-1,-12,0,-13,0,-13,-1,-13,-1,-13,-2,-13,-2,-13,-3,-13,-3,-13,-3,-14,-4,-13,-4,-14,-4,-14,-4,-14,-4,-14,-5,-15,-5,-15,-5,-14,0,0,-5,-15,-6,-15,-6,-15,-6,-16,-5,-15,-5,-16,-5,-16,-4,-16,-5,-15,-4,-16,-4,-15,-3,-15,-3,-15,-3,-14,-4,-15,-3,-14,-2,-15,-2,-14,-2,-13,-2,-13,-1,-13,-1,-13,0,-13,0,-12,0,-12,1,-11,0,0,0,0,0,0,0,0,0,0,0.0,0.0,0.0,0.0,0.0,0.0,11.045361017187261,11.045361017187261,12.041594578792296,12.041594578792296,12.041594578792296,12.0,12.0,12.0,12.041594578792296,13.0,13.0,13.038404810405298,13.038404810405298,13.152946437965905,13.152946437965905,13.341664064126334,13.341664064126334,14.317821063276353,13.601470508735444,14.560219778561036,14.560219778561036,14.560219778561036,14.560219778561036,15.811388300841896,15.811388300841896,14.866068747318506,0.0,15.811388300841896,16.15549442140351,16.15549442140351,17.08800749063506,15.811388300841896,16.76305461424021,16.76305461424021,16.492422502470642,15.811388300841896,16.492422502470642,15.524174696260024,15.297058540778355,15.297058540778355,14.317821063276353,15.524174696260024,14.317821063276353,15.132745950421556,14.142135623730951,13.152946437965905,13.152946437965905,13.038404810405298,13.038404810405298,13.0,12.0,12.0,11.045361017187261,0.0,0.0,0.0,0.0,0.0,0.0,0.0,0.0,0.0,0.0,0.0,-1.4801364395941514,-1.4801364395941514,-1.4876550949064553,-1.4876550949064553,-1.4876550949064553,-1.5707963267948966,-1.5707963267948966,-1.5707963267948966,-1.6539375586833378,-1.5707963267948966,-1.5707963267948966,-1.6475682180646747,-1.6475682180646747,-1.7234456551901618,-1.7234456551901618,-1.7975951748487824,-1.7975951748487824,-1.7818896600176433,-1.8692952583810758,-1.849095985800008,-1.849095985800008,-1.849095985800008,-1.849095985800008,-1.892546881191539,-1.892546881191539,-1.9138202672156,0.0,-1.892546881191539,-1.9513027039072615,-1.9513027039072615,-1.9295669970654687,-1.892546881191539,-1.873681195169868,-1.873681195169868,-1.8157749899217608,-1.892546881191539,-1.8157749899217608,-1.8313987185422376,-1.7681918866447774,-1.7681918866447774,-1.7818896600176433,-1.8313987185422376,-1.7818896600176433,-1.7033478590915707,-1.7126933813990606,-1.7234456551901618,-1.7234456551901618,-1.6475682180646747,-1.6475682180646747,-1.5707963267948966,-1.5707963267948966,-1.5707963267948966,-1.4801364395941514,0.0,0.0,0.0,0.0,0.0
32.27829033900343,tx,1a:00:00:00:00:00,-49,91.13289781753339,64,0.6659255875481859,7.243423764524289,0,0,0,0,0,0,0,0,0,0,0,0,-2,10,-2,10,-1,10,-1,10,-1,10,-1,11,-1,10,0,11,0,11,0,11,0,11,1,11,1,11,1,11,1,12,2,11,2,12,2,11,3,12,3,12,3,12,3,12,3,12,4,13,4,13,4,13,0,0,4,13,4,13,4,14,4,14,4,14,4,14,4,14,3,14,3,14,3,13,3,14,2,13,2,13,2,13,2,13,2,13,1,12,1,12,1,12,0,11,0,12,-1,11,-1,11,-1,11,-2,10,-2,10,0,0,0,0,0,0,0,0,0,0,0.0,0.0,0.0,0.0,0.0,0.0,10.198039027185569,10.198039027185569,10.04987562112089,10.04987562112089,10.04987562112089,11.045361017187261,10.04987562112089,11.0,11.0,11.0,11.0,11.045361017187261,11.045361017187261,11.045361017187261,12.041594578792296,11.180339887498949,12.165525060596439,11.180339887498949,12.36931687685298,12.36931687685298,12.36931687685298,12.36931687685298,12.36931687685298,13.601470508735444,13.601470508735444,13.601470508735444,0.0,13.601470508735444,13.601470508735444,14.560219778561036,14.560219778561036,14.560219778561036,14.560219778561036,14.560219778561036,14.317821063276353,14.317821063276353,13.341664064126334,14.317821063276353,13.152946437965905,13.152946437965905,13.152946437965905,13.152946437965905,13.152946437965905,12.041594578792296,12.041594578792296,12.041594578792296,11.0,12.0,11.045361017187261,11.045361017187261,11.045361017187261,10.198039027185569,10.198039027185569,0.0,0.0,0.0,0.0,0.0,0.0,0.0,0.0,0.0,0.0,0.0,1.7681918866447774,1.7681918866447774,1.6704649792860586,1.6704649792860586,1.6704649792860586,1.6614562139956417,1.6704649792860586,1.5707963267948966,1.5707963267948966,1.5707963267948966,1.5707963267948966,1.4801364395941514,1.4801364395941514,1.4801364395941514,1.4876550949064553,1.3909428270024184,1.4056476493802699,1.3909428270024184,1.3258176636680326,1.3258176636680326,1.3258176636680326,1.3258176636680326,1.3258176636680326,1.2722973952087173,1.2722973952087173,1.2722973952087173,0.0,1.2722973952087173,1.2722973952087173,1.2924966677897853,1.2924966677897853,1.2924966677897853,1.2924966677897853,1.2924966677897853,1.35970299357215,1.35970299357215,1.3439974787410107,1.35970299357215,1.4181469983996315,1.4181469983996315,1.4181469983996315,1.4181469983996315,1.4181469983996315,1.4876550949064553,1.4876550949064553,1.4876550949064553,1.5707963267948966,1.5707963267948966,1.6614562139956417,1.6614562139956417,1.6614562139956417,1.7681918866447774,1.7681918866447774,0.0,0.0,0.0,0.0,0.0
32.378774003002036,tx,1a:00:00:00:00:00,-49,91.13289781753339,64,0.666460001203774,7.239690060865408,0,0,0,0,0,0,0,0,0,0,0,0,7,-9,7,-9,7,-9,7,-9,6,-9,7,-10,6,-10,6,-10,6,-10,6,-11,6,-11,5,-12,5,-12,5,-12,5,-13,5,-12,5,-13,4,-12,4,-13,3,-13,4,-14,4,-14,3,-14,3,-15,3,-15,3,-15,0,0,3,-16,4,-15,4,-16,3,-15,4,-15,4,-16,4,-16,4,-16,5,-16,4,-15,4,-15,5,-15,5,-15,5,-15,5,-13,6,-14,5,-13,5,-12,5,-12,6,-12,6,-12,6,-11,6,-11,6,-10,7,-10,7,-9,0,0,0,0,0,0,0,0,0,0,0.0,0.0,0.0,0.0,0.0,0.0,11.40175425099138,11.40175425099138,11.40175425099138,11.40175425099138,10.816653826391969,12.206555615733702,11.661903789690601,11.661903789690601,11.661903789690601,12.529964086141668,12.529964086141668,13.0,13.0,13.0,13.92838827718412,13.0,13.92838827718412,12.649110640673518,13.601470508735444,13.341664064126334,14.560219778561036,14.560219778561036,14.317821063276353,15.297058540778355,15.297058540778355,15.297058540778355,0.0,16.278820596099706,15.524174696260024,16.492422502470642,15.297058540778355,15.524174696260024,16.492422502470642,16.492422502470642,16.492422502470642,16.76305461424021,15.524174696260024,15.524174696260024,15.811388300841896,15.811388300841896,15.811388300841896,13.92838827718412,15.231546211727817,13.92838827718412,13.0,13.0,13.416407864998739,13.416407864998739,12.529964086141668,12.529964086141668,11.661903789690601,12.206555615733702,11.40175425099138,0.0,0.0,0.0,0.0,0.0,0.0,0.0,0.0,0.0,0.0,0.0,-0.9097531579442097,-0.9097531579442097,-0.9097531579442097,-0.9097531579442097,-0.982793723247329,-0.960070362405688,-1.0303768265243125,-1.0303768265243125,-1.0303768265243125,-1.0714496051147666,-1.0714496051147666,-1.176005207095135,-1.176005207095135,-1.176005207095135,-1.2036224929766774,-1.176005207095135,-1.2036224929766774,-1.2490457723982544,-1.2722973952087173,-1.3439974787410107,-1.2924966677897853,-1.2924966677897853,-1.35970299357215,-1.373400766945016,-1.373400766945016,-1.373400766945016,0.0,-1.3854483767992019,-1.3101939350475555,-1.3258176636680326,-1.373400766945016,-1.3101939350475555,-1.3258176636680326,-1.3258176636680326,-1.3258176636680326,-1.2679114584199251,-1.3101939350475555,-1.3101939350475555,-1.2490457723982544,-1.2490457723982544,-1.2490457723982544,-1.2036224929766774,-1.1659045405098132,-1.2036224929766774,-1.176005207095135,-1.176005207095135,-1.1071487177940904,-1.1071487177940904,-1.0714496051147666,-1.0714496051147666,-1.0303768265243125,-0.960070362405688,-0.9097531579442097,0.0,0.0,0.0,0.0,0.0
32.49981822299742,tx,1a:00:00:00:00:00,-48,91.13289781753339,64,0.6667668209605923,7.235967670702073,0,0,0,0,0,0,0,0,0,0,0,0,3,-11,3,-11,2,-11,2,-12,2,-12,2,-12,1,-12,2,-12,1,-12,1,-13,1,-13,1,-13,0,-13,0,-13,-1,-14,-1,-14,-2,-14,-1,-14,-2,-14,-3,-14,-2,-14,-3,-15,-3,-15,-3,-15,-3,-15,-3,-15,0,0,-3,-16,-4,-16,-4,-16,-3,-16,-3,-16,-3,-17,-3,-16,-3,-17,-3,-16,-2,-16,-2,-16,-2,-16,-1,-15,-2,-15,-2,-15,-1,-15,-1,-15,-1,-14,-1,-14,0,-13,0,-13,0,-13,1,-13,2,-12,2,-12,2,-11,0,0,0,0,0,0,0,0,0,0,0.0,0.0,0.0,0.0,0.0,0.0,11.40175425099138,11.40175425099138,11.180339887498949,12.165525060596439,12.165525060596439,12.165525060596439,12.041594578792296,12.165525060596439,12.041594578792296,13.038404810405298,13.038404810405298,13.038404810405298,13.0,13.0,14.035668847618199,14.035668847618199,14.142135623730951,14.035668847618199,14.142135623730951,14.317821063276353,14.142135623730951,15.297058540778355,15.297058540778355,15.297058540778355,15.297058540778355,15.297058540778355,0.0,16.278820596099706,16.492422502470642,16.492422502470642,16.278820596099706,16.278820596099706,17.26267650163207,16.278820596099706,17.26267650163207,16.278820596099706,16.1245154965971,16.1245154965971,16.1245154965971,15.033296378372908,15.132745950421556,15.132745950421556,15.033296378372908,15.033296378372908,14.035668847618199,14.035668847618199,13.0,13.0,13.0,13.038404810405298,12.165525060596439,12.165525060596439,11.180339887498949,0.0,0.0,0.0,0.0,0.0,0.0,0.0,0.0,0.0,0.0,0.0,-1.3045442776439713,-1.3045442776439713,-1.3909428270024184,-1.4056476493802699,-1.4056476493802699,-1.4056476493802699,-1.4876550949064553,-1.4056476493802699,-1.4876550949064553,-1.4940244355251187,-1.4940244355251187,-1.4940244355251187,-1.5707963267948966,-1.5707963267948966,-1.642103791580187,-1.642103791580187,-1.7126933813990606,-1.642103791580187,-1.7126933813990606,-1.7818896600176433,-1.7126933813990606,-1.7681918866447774,-1.7681918866447774,-1.7681918866447774,-1.7681918866447774,-1.7681918866447774,0.0,-1.7561442767905915,-1.8157749899217608,-1.8157749899217608,-1.7561442767905915,-1.7561442767905915,-1.7454685258031364,-1.7561442767905915,-1.7454685258031364,-1.7561442767905915,-1.695151321341658,-1.695151321341658,-1.695151321341658,-1.6373644905707205,-1.7033478590915707,-1.7033478590915707,-1.6373644905707205,-1.6373644905707205,-1.642103791580187,-1.642103791580187,-1.5707963267948966,-1.5707963267948966,-1.5707963267948966,-1.4940244355251187,-1.4056476493802699,-1.4056476493802699,-1.3909428270024184,0.0,0.0,0.0,0.0,0.0
32.602037696997286,tx,1a:00:00:00:00:00,-49,91.13289781753339,64,0.6670942833317773,7.232325017666779,0,0,0,0,0,0,0,0,0,0,0,0,-9,5,-9,6,-9,6,-9,6,-9,6,-9,7,-9,6,-8,7,-9,7,-8,8,-8,8,-8,8,-8,9,-8,9,-8,9,-8,9,-8,10,-7,9,-8,10,-7,10,-7,11,-8,11,-7,11,-7,12,-7,12,-7,12,0,0,-7,13,-8,12,-8,13,-7,12,-8,12,-8,13,-9,12,-8,12,-9,12,-8,11,-8,12,-9,11,-9,11,-9,11,-9,10,-9,10,-9,9,-9,9,-9,9,-9,8,-9,8,-9,7,-9,7,-9,7,-9,6,-9,5,0,0,0,0,0,0,0,0,0,0,0.0,0.0,0.0,0.0,0.0,0.0,10.295630140987,10.816653826391969,10.816653826391969,10.816653826391969,10.816653826391969,11.40175425099138,10.816653826391969,10.63014581273465,11.40175425099138,11.313708498984761,11.313708498984761,11.313708498984761,12.041594578792296,12.041594578792296,12.041594578792296,12.041594578792296,12.806248474865697,11.40175425099138,12.806248474865697,12.206555615733702,13.038404810405298,13.601470508735444,13.038404810405298,13.892443989449804,13.892443989449804,13.892443989449804,0.0,14.7648230602334,14.422205101855956,15.264337522473747,13.892443989449804,14.422205101855956,15.264337522473747,15.0,14.422205101855956,15.0,13.601470508735444,14.422205101855956,14.212670403551895,14.212670403551895,14.212670403551895,13.45362404707371,13.45362404707371,12.727922061357855,12.727922061357855,12.727922061357855,12.041594578792296,12.041594578792296,11.40175425099138,11.40175425099138,11.40175425099138,10.816653826391969,10.295630140987,0.0,0.0,0.0,0.0,0.0,0.0,0.0,0.0,0.0,0.0,0.0,2.6344941491974563,2.5535900500422257,2.5535900500422257,2.5535900500422257,2.5535900500422257,2.4805494847391065,2.5535900500422257,2.4227626539681686,2.4805494847391065,2.356194490192345,2.356194490192345,2.356194490192345,2.297438667476622,2.297438667476622,2.297438667476622,2.297438667476622,2.2455372690184494,2.2318394956455836,2.2455372690184494,2.1815222911841055,2.137525544318403,2.1995926132103296,2.137525544318403,2.0988707752212563,2.0988707752212563,2.0988707752212563,0.0,2.0647376957144776,2.158798930342464,2.1224513093234436,2.0988707752212563,2.158798930342464,2.1224513093234436,2.214297435588181,2.158798930342464,2.214297435588181,2.1995926132103296,2.158798930342464,2.256525837701183,2.256525837701183,2.256525837701183,2.3036114285814033,2.3036114285814033,2.356194490192345,2.356194490192345,2.356194490192345,2.4149503129080676,2.4149503129080676,2.4805494847391065,2.4805494847391065,2.4805494847391065,2.5535900500422257,2.6344941491974563,0.0,0.0,0.0,0.0,0.0
32.708842662999814,tx,1a:00:00:00:00:00,-49,91.13289781753339,64,0.667499674479705,7.2288402804698775,0,0,0,0,0,0,0,0,0,0,0,0,-11,-2,-11,-2,-12,-2,-12,-2,-12,-1,-12,-1,-12,-1,-12,-1,-12,0,-13,0,-13,0,-13,0,-13,1,-13,1,-13,2,-14,2,-13,2,-14,3,-13,3,-14,3,-14,3,-14,4,-14,4,-14,4,-15,4,-15,4,0,0,-15,5,-16,5,-15,5,-16,5,-15,5,-16,5,-16,5,-16,5,-16,5,-16,4,-15,3,-15,3,-15,3,-15,3,-15,3,-14,3,-15,2,-13,2,-13,2,-13,1,-13,1,-13,1,-13,0,-12,-1,-12,-1,-11,-2,0,0,0,0,0,0,0,0,0,0,0.0,0.0,0.0,0.0,0.0,0.0,11.180339887498949,11.180339887498949,12.165525060596439,12.165525060596439,12.041594578792296,12.041594578792296,12.041594578792296,12.041594578792296,12.0,13.0,13.0,13.0,13.038404810405298,13.038404810405298,13.152946437965905,14.142135623730951,13.152946437965905,14.317821063276353,13.341664064126334,14.317821063276353,14.317821063276353,14.560219778561036,14.560219778561036,14.560219778561036,15.524174696260024,15.524174696260024,0.0,15.811388300841896,16.76305461424021,15.811388300841896,16.76305461424021,15.811388300841896,16.76305461424021,16.76305461424021,16.76305461424021,16.76305461424021,16.492422502470642,15.297058540778355,15.297058540778355,15.297058540778355,15.297058540778355,15.297058540778355,14.317821063276353,15.132745950421556,13.152946437965905,13.152946437965905,13.038404810405298,13.038404810405298,13.038404810405298,13.0,12.041594578792296,12.041594578792296,11.180339887498949,0.0,0.0,0.0,0.0,0.0,0.0,0.0,0.0,0.0,0.0,0.0,-2.961739153797315,-2.961739153797315,-2.976443976175166,-2.976443976175166,-3.058451421701352,-3.058451421701352,-3.058451421701352,-3.058451421701352,3.141592653589793,3.141592653589793,3.141592653589793,3.141592653589793,3.064820762320015,3.064820762320015,2.988943325194528,2.999695598985629,2.988943325194528,2.930499320367047,2.9147938055359073,2.930499320367047,2.930499320367047,2.8632929945846817,2.8632929945846817,2.8632929945846817,2.8809902618424523,2.8809902618424523,0.0,2.819842099193151,2.838707785214822,2.819842099193151,2.838707785214822,2.819842099193151,2.838707785214822,2.838707785214822,2.838707785214822,2.838707785214822,2.896613990462929,2.9441970937399127,2.9441970937399127,2.9441970937399127,2.9441970937399127,2.9441970937399127,2.930499320367047,3.0090411212931194,2.988943325194528,2.988943325194528,3.064820762320015,3.064820762320015,3.064820762320015,3.141592653589793,-3.058451421701352,-3.058451421701352,-2.961739153797315,0.0,0.0,0.0,0.0,0.0
32.810080422998,tx,1a:00:00:00:00:00,-49,91.13289781753339,64,0.6688030453367823,7.225513906226825,0,0,0,0,0,0,0,0,0,0,0,0,-3,9,-2,9,-2,10,-2,10,-2,10,-2,10,-2,10,-1,10,-1,11,-1,11,-1,11,0,11,0,11,0,11,0,11,1,12,1,11,1,12,2,12,2,12,2,12,3,12,2,12,3,13,3,13,3,13,0,0,3,13,3,14,3,13,4,14,3,13,3,14,3,14,2,14,3,14,2,14,2,13,1,13,1,13,1,13,1,13,1,12,1,12,0,11,0,11,0,11,-1,11,-1,11,-1,11,-2,10,-2,10,-3,9,0,0,0,0,0,0,0,0,0,0,0.0,0.0,0.0,0.0,0.0,0.0,9.486832980505138,9.219544457292887,10.198039027185569,10.198039027185569,10.198039027185569,10.198039027185569,10.198039027185569,10.04987562112089,11.045361017187261,11.045361017187261,11.045361017187261,11.0,11.0,11.0,11.0,12.041594578792296,11.045361017187261,12.041594578792296,12.165525060596439,12.165525060596439,12.165525060596439,12.36931687685298,12.165525060596439,13.341664064126334,13.341664064126334,13.341664064126334,0.0,13.341664064126334,14.317821063276353,13.341664064126334,14.560219778561036,13.341664064126334,14.317821063276353,14.317821063276353,14.142135623730951,14.317821063276353,14.142135623730951,13.152946437965905,13.038404810405298,13.038404810405298,13.038404810405298,13.038404810405298,12.041594578792296,12.041594578792296,11.0,11.0,11.0,11.045361017187261,11.045361017187261,11.045361017187261,10.198039027185569,10.198039027185569,9.486832980505138,0.0,0.0,0.0,0.0,0.0,0.0,0.0,0.0,0.0,0.0,0.0,1.892546881191539,1.7894652726688385,1.7681918866447774,1.7681918866447774,1.7681918866447774,1.7681918866447774,1.7681918866447774,1.6704649792860586,1.6614562139956417,1.6614562139956417,1.6614562139956417,1.5707963267948966,1.5707963267948966,1.5707963267948966,1.5707963267948966,1.4876550949064553,1.4801364395941514,1.4876550949064553,1.4056476493802699,1.4056476493802699,1.4056476493802699,1.3258176636680326,1.4056476493802699,1.3439974787410107,1.3439974787410107,1.3439974787410107,0.0,1.3439974787410107,1.35970299357215,1.3439974787410107,1.2924966677897853,1.3439974787410107,1.35970299357215,1.35970299357215,1.4288992721907328,1.35970299357215,1.4288992721907328,1.4181469983996315,1.4940244355251187,1.4940244355251187,1.4940244355251187,1.4940244355251187,1.4876550949064553,1.4876550949064553,1.5707963267948966,1.5707963267948966,1.5707963267948966,1.6614562139956417,1.6614562139956417,1.6614562139956417,1.7681918866447774,1.7681918866447774,1.892546881191539,0.0,0.0,0.0,0.0,0.0
32.92018103400187,tx,1a:00:00:00:00:00,-49,95.15692741720578,64,0.6694338445157464,7.220194057652756,0,0,0,0,0,0,0,0,0,0,0,0,5,-10,5,-9,5,-10,5,-10,5,-10,4,-10,4,-10,4,-10,4,-11,4,-11,4,-11,4,-11,4,-12,3,-12,3,-12,2,-13,2,-12,2,-13,2,-13,2,-13,2,-13,1,-14,2,-14,2,-14,2,-15,1,-14,0,0,2,-15,1,-16,1,-15,1,-16,2,-15,2,-15,2,-15,3,-15,2,-15,3,-15,3,-14,3,-14,3,-14,3,-13,3,-14,3,-13,4,-13,3,-12,4,-12,4,-11,4,-11,4,-11,5,-11,5,-10,5,-10,6,-9,0,0,0,0,0,0,0,0,0,0,0.0,0.0,0.0,0.0,0.0,0.0,11.180339887498949,10.295630140987,11.180339887498949,11.180339887498949,11.180339887498949,10.770329614269007,10.770329614269007,10.770329614269007,11.704699910719626,11.704699910719626,11.704699910719626,11.704699910719626,12.649110640673518,12.36931687685298,12.36931687685298,13.152946437965905,12.165525060596439,13.152946437965905,13.152946437965905,13.152946437965905,13.152946437965905,14.035668847618199,14.142135623730951,14.142135623730951,15.132745950421556,14.035668847618199,0.0,15.132745950421556,16.0312195418814,15.033296378372908,16.0312195418814,15.132745950421556,15.132745950421556,15.132745950421556,15.297058540778355,15.132745950421556,15.297058540778355,14.317821063276353,14.317821063276353,14.317821063276353,13.341664064126334,14.317821063276353,13.341664064126334,13.601470508735444,12.36931687685298,12.649110640673518,11.704699910719626,11.704699910719626,11.704699910719626,12.083045973594572,11.180339887498949,11.180339887498949,10.816653826391969,0.0,0.0,0.0,0.0,0.0,0.0,0.0,0.0,0.0,0.0,0.0,-1.1071487177940904,-1.0636978224025597,-1.1071487177940904,-1.1071487177940904,-1.1071487177940904,-1.1902899496825317,-1.1902899496825317,-1.1902899496825317,-1.2220253232109897,-1.2220253232109897,-1.2220253232109897,-1.2220253232109897,-1.2490457723982544,-1.3258176636680326,-1.3258176636680326,-1.4181469983996315,-1.4056476493802699,-1.4181469983996315,-1.4181469983996315,-1.4181469983996315,-1.4181469983996315,-1.4994888620096063,-1.4288992721907328,-1.4288992721907328,-1.4382447944982226,-1.4994888620096063,0.0,-1.4382447944982226,-1.5083775167989393,-1.5042281630190728,-1.5083775167989393,-1.4382447944982226,-1.4382447944982226,-1.4382447944982226,-1.373400766945016,-1.4382447944982226,-1.373400766945016,-1.35970299357215,-1.35970299357215,-1.35970299357215,-1.3439974787410107,-1.35970299357215,-1.3439974787410107,-1.2722973952087173,-1.3258176636680326,-1.2490457723982544,-1.2220253232109897,-1.2220253232109897,-1.2220253232109897,-1.1441688336680205,-1.1071487177940904,-1.1071487177940904,-0.982793723247329,0.0,0.0,0.0,0.0,0.0
33.02819652100152,tx,1a:00:00:00:00:00,-49,95.15692741720578,64,0.6705207791927913,7.216173191193864,0,0,0,0,0,0,0,0,0,0,0,0,9,4,9,5,9,4,10,5,9,4,10,4,10,4,10,3,10,4,10,2,11,2,11,2,12,2,12,2,13,2,12,1,13,1,12,1,13,1,13,1,13,0,13,0,13,0,14,-1,14,-1,15,-1,0,0,15,-1,14,0,16,0,14,-1,15,0,15,0,15,0,15,0,15,1,14,0,14,0,14,1,14,1,14,1,13,2,14,2,12,2,13,2,12,2,11,3,11,3,11,3,10,3,10,3,10,4,9,4,0,0,0,0,0,0,0,0,0,0,0.0,0.0,0.0,0.0,0.0,0.0,9.848857801796104,10.295630140987,9.848857801796104,11.180339887498949,9.848857801796104,10.770329614269007,10.770329614269007,10.44030650891055,10.770329614269007,10.198039027185569,11.180339887498949,11.180339887498949,12.165525060596439,12.165525060596439,13.152946437965905,12.041594578792296,13.038404810405298,12.041594578792296,13.038404810405298,13.038404810405298,13.0,13.0,13.0,14.035668847618199,14.035668847618199,15.033296378372908,0.0,15.033296378372908,14.0,16.0,14.035668847618199,15.0,15.0,15.0,15.0,15.033296378372908,14.0,14.0,14.035668847618199,14.035668847618199,14.035668847618199,13.152946437965905,14.142135623730951,12.165525060596439,13.152946437965905,12.165525060596439,11.40175425099138,11.40175425099138,11.40175425099138,10.44030650891055,10.44030650891055,10.770329614269007,9.848857801796104,0.0,0.0,0.0,0.0,0.0,0.0,0.0,0.0,0.0,0.0,0.0,0.4182243295792291,0.507098504392337,0.4182243295792291,0.4636476090008061,0.4182243295792291,0.3805063771123649,0.3805063771123649,0.2914567944778671,0.3805063771123649,0.19739555984988075,0.17985349979247828,0.17985349979247828,0.16514867741462683,0.16514867741462683,0.15264932839526515,0.08314123188844123,0.07677189126977804,0.08314123188844123,0.07677189126977804,0.07677189126977804,0.0,0.0,0.0,-0.07130746478529032,-0.07130746478529032,-0.06656816377582381,0.0,-0.06656816377582381,0.0,0.0,-0.07130746478529032,0.0,0.0,0.0,0.0,0.06656816377582381,0.0,0.0,0.07130746478529032,0.07130746478529032,0.07130746478529032,0.15264932839526515,0.14189705460416394,0.16514867741462683,0.15264932839526515,0.16514867741462683,0.2662520491509254,0.2662520491509254,0.2662520491509254,0.2914567944778671,0.2914567944778671,0.3805063771123649,0.4182243295792291,0.0,0.0,0.0,0.0,0.0
33.13007348500105,tx,1a:00:00:00:00:00,-49,95.15692741720578,64,0.670959249824526,7.212935471202572,0,0,0,0,0,0,0,0,0,0,0,0,2,-11,3,-12,2,-12,2,-12,2,-12,2,-12,1,-12,1,-13,1,-13,0,-13,0,-13,0,-13,0,-13,-1,-14,-1,-14,-1,-14,-1,-15,-2,-14,-2,-15,-3,-15,-3,-15,-3,-15,-3,-15,-4,-15,-4,-16,-4,-16,0,0,-5,-16,-4,-16,-4,-17,-4,-16,-3,-17,-4,-17,-4,-17,-3,-16,-3,-17,-3,-16,-3,-16,-2,-16,-2,-16,-2,-16,-1,-15,-1,-15,-1,-14,-1,-14,-1,-14,0,-13,0,-13,1,-13,0,-13,1,-12,1,-12,2,-12,0,0,0,0,0,0,0,0,0,0,0.0,0.0,0.0,0.0,0.0,0.0,11.180339887498949,12.36931687685298,12.165525060596439,12.165525060596439,12.165525060596439,12.165525060596439,12.041594578792296,13.038404810405298,13.038404810405298,13.0,13.0,13.0,13.0,14.035668847618199,14.035668847618199,14.035668847618199,15.033296378372908,14.142135623730951,15.132745950421556,15.297058540778355,15.297058540778355,15.297058540778355,15.297058540778355,15.524174696260024,16.492422502470642,16.492422502470642,0.0,16.76305461424021,16.492422502470642,17.46424919657298,16.492422502470642,17.26267650163207,17.46424919657298,17.46424919657298,16.278820596099706,17.26267650163207,16.278820596099706,16.278820596099706,16.1245154965971,16.1245154965971,16.1245154965971,15.033296378372908,15.033296378372908,14.035668847618199,14.035668847618199,14.035668847618199,13.0,13.0,13.038404810405298,13.0,12.041594578792296,12.041594578792296,12.165525060596439,0.0,0.0,0.0,0.0,0.0,0.0,0.0,0.0,0.0,0.0,0.0,-1.3909428270024184,-1.3258176636680326,-1.4056476493802699,-1.4056476493802699,-1.4056476493802699,-1.4056476493802699,-1.4876550949064553,-1.4940244355251187,-1.4940244355251187,-1.5707963267948966,-1.5707963267948966,-1.5707963267948966,-1.5707963267948966,-1.642103791580187,-1.642103791580187,-1.642103791580187,-1.6373644905707205,-1.7126933813990606,-1.7033478590915707,-1.7681918866447774,-1.7681918866447774,-1.7681918866447774,-1.7681918866447774,-1.8313987185422376,-1.8157749899217608,-1.8157749899217608,0.0,-1.873681195169868,-1.8157749899217608,-1.8018869939907938,-1.8157749899217608,-1.7454685258031364,-1.8018869939907938,-1.8018869939907938,-1.7561442767905915,-1.7454685258031364,-1.7561442767905915,-1.7561442767905915,-1.695151321341658,-1.695151321341658,-1.695151321341658,-1.6373644905707205,-1.6373644905707205,-1.642103791580187,-1.642103791580187,-1.642103791580187,-1.5707963267948966,-1.5707963267948966,-1.4940244355251187,-1.5707963267948966,-1.4876550949064553,-1.4876550949064553,-1.4056476493802699,0.0,0.0,0.0,0.0,0.0
33.238944910997816,tx,1a:00:00:00:00:00,-48,95.15692741720578,64,0.6693716992767349,7.210304527990855,0,0,0,0,0,0,0,0,0,0,0,0,-11,-3,-10,-2,-11,-2,-11,-2,-12,-2,-11,-2,-12,-2,-12,-2,-12,-1,-12,-1,-12,-1,-12,-1,-13,-1,-13,0,-13,0,-13,1,-13,1,-13,1,-13,1,-13,2,-14,1,-14,2,-14,2,-14,2,-15,2,-14,2,0,0,-15,2,-15,3,-15,3,-16,3,-15,2,-15,2,-15,2,-15,1,-15,1,-15,1,-15,1,-15,0,-15,0,-14,0,-14,0,-14,0,-14,-1,-13,-1,-13,-1,-12,-1,-12,-2,-12,-2,-12,-3,-11,-3,-11,-3,-10,-4,0,0,0,0,0,0,0,0,0,0,0.0,0.0,0.0,0.0,0.0,0.0,11.40175425099138,10.198039027185569,11.180339887498949,11.180339887498949,12.165525060596439,11.180339887498949,12.165525060596439,12.165525060596439,12.041594578792296,12.041594578792296,12.041594578792296,12.041594578792296,13.038404810405298,13.0,13.0,13.038404810405298,13.038404810405298,13.038404810405298,13.038404810405298,13.152946437965905,14.035668847618199,14.142135623730951,14.142135623730951,14.142135623730951,15.132745950421556,14.142135623730951,0.0,15.132745950421556,15.297058540778355,15.297058540778355,16.278820596099706,15.132745950421556,15.132745950421556,15.132745950421556,15.033296378372908,15.033296378372908,15.033296378372908,15.033296378372908,15.0,15.0,14.0,14.0,14.0,14.035668847618199,13.038404810405298,13.038404810405298,12.041594578792296,12.165525060596439,12.165525060596439,12.36931687685298,11.40175425099138,11.40175425099138,10.770329614269007,0.0,0.0,0.0,0.0,0.0,0.0,0.0,0.0,0.0,0.0,0.0,-2.875340604438868,-2.9441970937399127,-2.961739153797315,-2.961739153797315,-2.976443976175166,-2.961739153797315,-2.976443976175166,-2.976443976175166,-3.058451421701352,-3.058451421701352,-3.058451421701352,-3.058451421701352,-3.064820762320015,3.141592653589793,3.141592653589793,3.064820762320015,3.064820762320015,3.064820762320015,3.064820762320015,2.988943325194528,3.070285188804503,2.999695598985629,2.999695598985629,2.999695598985629,3.0090411212931194,2.999695598985629,0.0,3.0090411212931194,2.9441970937399127,2.9441970937399127,2.9562447035940984,3.0090411212931194,3.0090411212931194,3.0090411212931194,3.0750244898139694,3.0750244898139694,3.0750244898139694,3.0750244898139694,3.141592653589793,3.141592653589793,3.141592653589793,3.141592653589793,3.141592653589793,-3.070285188804503,-3.064820762320015,-3.064820762320015,-3.058451421701352,-2.976443976175166,-2.976443976175166,-2.896613990462929,-2.875340604438868,-2.875340604438868,-2.761086276477428,0.0,0.0,0.0,0.0,0.0
33.34973524000088,tx,1a:00:00:00:00:00,-49,95.15692741720578,64,0.6683276121698009,7.2082710374313175,0,0,0,0,0,0,0,0,0,0,0,0,6,-8,7,-8,7,-9,6,-9,6,-9,6,-10,6,-9,5,-9,5,-10,6,-10,5,-10,6,-11,5,-11,5,-11,4,-11,5,-11,5,-12,4,-12,4,-11,3,-12,3,-13,4,-14,4,-14,3,-14,4,-14,3,-14,0,0,3,-14,4,-15,3,-15,3,-15,4,-15,4,-15,4,-15,4,-14,4,-15,4,-14,4,-14,5,-14,5,-14,5,-13,5,-12,5,-13,5,-12,5,-11,5,-11,5,-11,5,-11,6,-10,6,-10,6,-9,6,-9,6,-8,0,0,0,0,0,0,0,0,0,0,0.0,0.0,0.0,0.0,0.0,0.0,10.0,10.63014581273465,11.40175425099138,10.816653826391969,10.816653826391969,11.661903789690601,10.816653826391969,10.295630140987,11.180339887498949,11.661903789690601,11.180339887498949,12.529964086141668,12.083045973594572,12.083045973594572,11.704699910719626,12.083045973594572,13.0,12.649110640673518,11.704699910719626,12.36931687685298,13.341664064126334,14.560219778561036,14.560219778561036,14.317821063276353,14.560219778561036,14.317821063276353,0.0,14.317821063276353,15.524174696260024,15.297058540778355,15.297058540778355,15.524174696260024,15.524174696260024,15.524174696260024,14.560219778561036,15.524174696260024,14.560219778561036,14.560219778561036,14.866068747318506,14.866068747318506,13.92838827718412,13.0,13.92838827718412,13.0,12.083045973594572,12.083045973594572,12.083045973594572,12.083045973594572,11.661903789690601,11.661903789690601,10.816653826391969,10.816653826391969,10.0,0.0,0.0,0.0,0.0,0.0,0.0,0.0,0.0,0.0,0.0,0.0,-0.9272952180016122,-0.8519663271732721,-0.9097531579442097,-0.982793723247329,-0.982793723247329,-1.0303768265243125,-0.982793723247329,-1.0636978224025597,-1.1071487177940904,-1.0303768265243125,-1.1071487177940904,-1.0714496051147666,-1.1441688336680205,-1.1441688336680205,-1.2220253232109897,-1.1441688336680205,-1.176005207095135,-1.2490457723982544,-1.2220253232109897,-1.3258176636680326,-1.3439974787410107,-1.2924966677897853,-1.2924966677897853,-1.35970299357215,-1.2924966677897853,-1.35970299357215,0.0,-1.35970299357215,-1.3101939350475555,-1.373400766945016,-1.373400766945016,-1.3101939350475555,-1.3101939350475555,-1.3101939350475555,-1.2924966677897853,-1.3101939350475555,-1.2924966677897853,-1.2924966677897853,-1.2277723863741932,-1.2277723863741932,-1.2036224929766774,-1.176005207095135,-1.2036224929766774,-1.176005207095135,-1.1441688336680205,-1.1441688336680205,-1.1441688336680205,-1.1441688336680205,-1.0303768265243125,-1.0303768265243125,-0.982793723247329,-0.982793723247329,-0.9272952180016122,0.0,0.0,0.0,0.0,0.0
33.46227640299912,tx,1a:00:00:00:00:00,-49,95.15692741720578,64,0.6681477842149666,7.2069040186804365,0,0,0,0,0,0,0,0,0,0,0,0,-6,-10,-6,-9,-7,-9,-7,-9,-8,-9,-7,-9,-8,-9,-8,-9,-9,-9,-9,-9,-9,-9,-9,-9,-9,-9,-10,-8,-10,-8,-11,-8,-11,-8,-11,-8,-11,-7,-12,-7,-12,-7,-13,-7,-13,-8,-13,-8,-13,-8,-13,-7,0,0,-14,-7,-15,-7,-14,-7,-15,-8,-14,-8,-14,-8,-14,-8,-14,-8,-14,-8,-14,-9,-13,-9,-12,-9,-12,-9,-12,-9,-12,-8,-12,-8,-12,-9,-10,-8,-10,-8,-10,-8,-10,-9,-10,-8,-9,-9,-8,-9,-7,-9,-7,-9,0,0,0,0,0,0,0,0,0,0,0.0,0.0,0.0,0.0,0.0,0.0,11.661903789690601,10.816653826391969,11.40175425099138,11.40175425099138,12.041594578792296,11.40175425099138,12.041594578792296,12.041594578792296,12.727922061357855,12.727922061357855,12.727922061357855,12.727922061357855,12.727922061357855,12.806248474865697,12.806248474865697,13.601470508735444,13.601470508735444,13.601470508735444,13.038404810405298,13.892443989449804,13.892443989449804,14.7648230602334,15.264337522473747,15.264337522473747,15.264337522473747,14.7648230602334,0.0,15.652475842498529,16.55294535724685,15.652475842498529,17.0,16.1245154965971,16.1245154965971,16.1245154965971,16.1245154965971,16.1245154965971,16.64331697709324,15.811388300841896,15.0,15.0,15.0,14.422205101855956,14.422205101855956,15.0,12.806248474865697,12.806248474865697,12.806248474865697,13.45362404707371,12.806248474865697,12.727922061357855,12.041594578792296,11.40175425099138,11.40175425099138,0.0,0.0,0.0,0.0,0.0,0.0,0.0,0.0,0.0,0.0,0.0,-2.1112158270654806,-2.158798930342464,-2.2318394956455836,-2.2318394956455836,-2.297438667476622,-2.2318394956455836,-2.297438667476622,-2.297438667476622,-2.356194490192345,-2.356194490192345,-2.356194490192345,-2.356194490192345,-2.356194490192345,-2.4668517113662407,-2.4668517113662407,-2.5127963671743605,-2.5127963671743605,-2.5127963671743605,-2.5748634360662868,-2.6135182051634334,-2.6135182051634334,-2.647651284670212,-2.5899376710612465,-2.5899376710612465,-2.5899376710612465,-2.647651284670212,0.0,-2.677945044588987,-2.704965493776252,-2.677945044588987,-2.651635327336065,-2.62244653934327,-2.62244653934327,-2.62244653934327,-2.62244653934327,-2.62244653934327,-2.5702551737561663,-2.5360479899848234,-2.498091544796509,-2.498091544796509,-2.498091544796509,-2.5535900500422257,-2.5535900500422257,-2.498091544796509,-2.4668517113662407,-2.4668517113662407,-2.4668517113662407,-2.408777551803287,-2.4668517113662407,-2.356194490192345,-2.297438667476622,-2.2318394956455836,-2.2318394956455836,0.0,0.0,0.0,0.0,0.0
33.56483102600032,tx,1a:00:00:00:00:00,-49,95.15692741720578,64,0.6657147399775456,7.206330464331193,0,0,0,0,0,0,0,0,0,0,0,0,-11,2,-11,3,-11,3,-11,3,-11,3,-11,3,-11,4,-11,4,-11,4,-11,5,-11,5,-11,6,-11,6,-11,6,-11,6,-11,7,-11,7,-11,7,-11,8,-11,8,-11,8,-12,8,-11,9,-11,9,-11,10,-12,10,0,0,-12,10,-12,10,-12,10,-12,10,-12,9,-13,10,-13,9,-13,9,-13,9,-12,9,-12,9,-12,8,-13,8,-12,8,-12,7,-12,7,-12,7,-11,6,-12,6,-12,5,-12,5,-12,4,-11,4,-11,4,-11,3,-11,2,0,0,0,0,0,0,0,0,0,0,0.0,0.0,0.0,0.0,0.0,0.0,11.180339887498949,11.40175425099138,11.40175425099138,11.40175425099138,11.40175425099138,11.40175425099138,11.704699910719626,11.704699910719626,11.704699910719626,12.083045973594572,12.083045973594572,12.529964086141668,12.529964086141668,12.529964086141668,12.529964086141668,13.038404810405298,13.038404810405298,13.038404810405298,13.601470508735444,13.601470508735444,13.601470508735444,14.422205101855956,14.212670403551895,14.212670403551895,14.866068747318506,15.620499351813308,0.0,15.620499351813308,15.620499351813308,15.620499351813308,15.620499351813308,15.0,16.401219466856727,15.811388300841896,15.811388300841896,15.811388300841896,15.0,15.0,14.422205101855956,15.264337522473747,14.422205101855956,13.892443989449804,13.892443989449804,13.892443989449804,12.529964086141668,13.416407864998739,13.0,13.0,12.649110640673518,11.704699910719626,11.704699910719626,11.40175425099138,11.180339887498949,0.0,0.0,0.0,0.0,0.0,0.0,0.0,0.0,0.0,0.0,0.0,2.961739153797315,2.875340604438868,2.875340604438868,2.875340604438868,2.875340604438868,2.875340604438868,2.7928216500058864,2.7928216500058864,2.7928216500058864,2.714965160462917,2.714965160462917,2.642245931909663,2.642245931909663,2.642245931909663,2.642245931909663,2.5748634360662868,2.5748634360662868,2.5748634360662868,2.5127963671743605,2.5127963671743605,2.5127963671743605,2.5535900500422257,2.455863142683507,2.455863142683507,2.403777593469328,2.44685437739309,0.0,2.44685437739309,2.44685437739309,2.44685437739309,2.44685437739309,2.498091544796509,2.485897027348257,2.5360479899848234,2.5360479899848234,2.5360479899848234,2.498091544796509,2.498091544796509,2.5535900500422257,2.5899376710612465,2.5535900500422257,2.6135182051634334,2.6135182051634334,2.6135182051634334,2.642245931909663,2.677945044588987,2.746801533890032,2.746801533890032,2.819842099193151,2.7928216500058864,2.7928216500058864,2.875340604438868,2.961739153797315,0.0,0.0,0.0,0.0,0.0
33.66801331500028,tx,1a:00:00:00:00:00,-49,95.15692741720578,64,0.6652679557139266,7.206740938747844,0,0,0,0,0,0,0,0,0,0,0,0,-1,10,-1,9,-1,10,-1,10,0,11,0,10,0,11,0,10,0,11,1,11,1,11,1,11,2,11,2,11,2,11,3,12,3,11,3,12,3,11,4,12,4,12,4,12,4,12,5,13,5,13,5,13,0,0,5,13,5,14,5,13,6,14,5,13,5,14,5,14,4,14,5,14,4,14,4,13,3,13,3,13,3,13,3,13,3,12,2,13,2,12,2,11,1,11,1,11,1,11,0,11,-1,11,-1,10,-2,10,0,0,0,0,0,0,0,0,0,0,0.0,0.0,0.0,0.0,0.0,0.0,10.04987562112089,9.055385138137417,10.04987562112089,10.04987562112089,11.0,10.0,11.0,10.0,11.0,11.045361017187261,11.045361017187261,11.045361017187261,11.180339887498949,11.180339887498949,11.180339887498949,12.36931687685298,11.40175425099138,12.36931687685298,11.40175425099138,12.649110640673518,12.649110640673518,12.649110640673518,12.649110640673518,13.92838827718412,13.92838827718412,13.92838827718412,0.0,13.92838827718412,14.866068747318506,13.92838827718412,15.231546211727817,13.92838827718412,14.866068747318506,14.866068747318506,14.560219778561036,14.866068747318506,14.560219778561036,13.601470508735444,13.341664064126334,13.341664064126334,13.341664064126334,13.341664064126334,12.36931687685298,13.152946437965905,12.165525060596439,11.180339887498949,11.045361017187261,11.045361017187261,11.045361017187261,11.0,11.045361017187261,10.04987562112089,10.198039027185569,0.0,0.0,0.0,0.0,0.0,0.0,0.0,0.0,0.0,0.0,0.0,1.6704649792860586,1.6814535479687922,1.6704649792860586,1.6704649792860586,1.5707963267948966,1.5707963267948966,1.5707963267948966,1.5707963267948966,1.5707963267948966,1.4801364395941514,1.4801364395941514,1.4801364395941514,1.3909428270024184,1.3909428270024184,1.3909428270024184,1.3258176636680326,1.3045442776439713,1.3258176636680326,1.3045442776439713,1.2490457723982544,1.2490457723982544,1.2490457723982544,1.2490457723982544,1.2036224929766774,1.2036224929766774,1.2036224929766774,0.0,1.2036224929766774,1.2277723863741932,1.2036224929766774,1.1659045405098132,1.2036224929766774,1.2277723863741932,1.2277723863741932,1.2924966677897853,1.2277723863741932,1.2924966677897853,1.2722973952087173,1.3439974787410107,1.3439974787410107,1.3439974787410107,1.3439974787410107,1.3258176636680326,1.4181469983996315,1.4056476493802699,1.3909428270024184,1.4801364395941514,1.4801364395941514,1.4801364395941514,1.5707963267948966,1.6614562139956417,1.6704649792860586,1.7681918866447774,0.0,0.0,0.0,0.0,0.0
33.768786863998685,tx,1a:00:00:00:00:00,-48,95.15692741720578,64,0.6654027064814381,7.208268652446007,0,0,0,0,0,0,0,0,0,0,0,0,9,3,9,3,10,3,10,3,10,3,9,2,10,2,10,2,11,2,11,2,11,2,11,1,11,1,12,1,12,0,12,0,12,-1,12,-1,12,-1,13,-2,13,-1,13,-2,13,-2,13,-2,14,-2,13,-2,0,0,14,-3,15,-3,14,-3,15,-3,14,-3,15,-3,15,-3,15,-2,15,-2,15,-2,14,-1,14,-1,14,-1,13,-1,14,-1,13,-1,13,0,12,0,12,0,12,0,12,0,11,1,11,1,10,2,10,2,9,3,0,0,0,0,0,0,0,0,0,0,0.0,0.0,0.0,0.0,0.0,0.0,9.486832980505138,9.486832980505138,10.44030650891055,10.44030650891055,10.44030650891055,9.219544457292887,10.198039027185569,10.198039027185569,11.180339887498949,11.180339887498949,11.180339887498949,11.045361017187261,11.045361017187261,12.041594578792296,12.0,12.0,12.041594578792296,12.041594578792296,12.041594578792296,13.152946437965905,13.038404810405298,13.152946437965905,13.152946437965905,13.152946437965905,14.142135623730951,13.152946437965905,0.0,14.317821063276353,15.297058540778355,14.317821063276353,15.297058540778355,14.317821063276353,15.297058540778355,15.297058540778355,15.132745950421556,15.132745950421556,15.132745950421556,14.035668847618199,14.035668847618199,14.035668847618199,13.038404810405298,14.035668847618199,13.038404810405298,13.0,12.0,12.0,12.0,12.0,11.045361017187261,11.045361017187261,10.198039027185569,10.198039027185569,9.486832980505138,0.0,0.0,0.0,0.0,0.0,0.0,0.0,0.0,0.0,0.0,0.0,0.3217505543966422,0.3217505543966422,0.2914567944778671,0.2914567944778671,0.2914567944778671,0.21866894587394195,0.19739555984988075,0.19739555984988075,0.17985349979247828,0.17985349979247828,0.17985349979247828,0.09065988720074511,0.09065988720074511,0.08314123188844123,0.0,0.0,-0.08314123188844123,-0.08314123188844123,-0.08314123188844123,-0.15264932839526515,-0.07677189126977804,-0.15264932839526515,-0.15264932839526515,-0.15264932839526515,-0.14189705460416394,-0.15264932839526515,0.0,-0.21109333322274654,-0.19739555984988075,-0.21109333322274654,-0.19739555984988075,-0.21109333322274654,-0.19739555984988075,-0.19739555984988075,-0.13255153229667402,-0.13255153229667402,-0.13255153229667402,-0.07130746478529032,-0.07130746478529032,-0.07130746478529032,-0.07677189126977804,-0.07130746478529032,-0.07677189126977804,0.0,0.0,0.0,0.0,0.0,0.09065988720074511,0.09065988720074511,0.19739555984988075,0.19739555984988075,0.3217505543966422,0.0,0.0,0.0,0.0,0.0
33.87112474899914,tx,1a:00:00:00:00:00,-49,95.15692741720578,64,0.6654445680103648,7.21087961539184,0,0,0,0,0,0,0,0,0,0,0,0,8,-7,8,-7,8,-7,8,-7,8,-8,8,-8,8,-8,8,-8,8,-8,8,-9,7,-9,7,-9,7,-10,7,-10,7,-10,7,-11,7,-11,6,-11,6,-11,6,-12,7,-12,6,-12,6,-12,6,-13,6,-13,6,-13,0,0,6,-14,6,-14,6,-14,6,-14,7,-13,7,-14,8,-14,7,-13,7,-13,7,-13,7,-13,8,-12,7,-12,7,-12,7,-11,7,-11,7,-11,7,-10,8,-10,8,-9,8,-9,8,-9,8,-8,8,-8,8,-7,8,-6,0,0,0,0,0,0,0,0,0,0,0.0,0.0,0.0,0.0,0.0,0.0,10.63014581273465,10.63014581273465,10.63014581273465,10.63014581273465,11.313708498984761,11.313708498984761,11.313708498984761,11.313708498984761,11.313708498984761,12.041594578792296,11.40175425099138,11.40175425099138,12.206555615733702,12.206555615733702,12.206555615733702,13.038404810405298,13.038404810405298,12.529964086141668,12.529964086141668,13.416407864998739,13.892443989449804,13.416407864998739,13.416407864998739,14.317821063276353,14.317821063276353,14.317821063276353,0.0,15.231546211727817,15.231546211727817,15.231546211727817,15.231546211727817,14.7648230602334,15.652475842498529,16.1245154965971,14.7648230602334,14.7648230602334,14.7648230602334,14.7648230602334,14.422205101855956,13.892443989449804,13.892443989449804,13.038404810405298,13.038404810405298,13.038404810405298,12.206555615733702,12.806248474865697,12.041594578792296,12.041594578792296,12.041594578792296,11.313708498984761,11.313708498984761,10.63014581273465,10.0,0.0,0.0,0.0,0.0,0.0,0.0,0.0,0.0,0.0,0.0,0.0,-0.7188299996216245,-0.7188299996216245,-0.7188299996216245,-0.7188299996216245,-0.7853981633974483,-0.7853981633974483,-0.7853981633974483,-0.7853981633974483,-0.7853981633974483,-0.844153986113171,-0.9097531579442097,-0.9097531579442097,-0.960070362405688,-0.960070362405688,-0.960070362405688,-1.0040671092713902,-1.0040671092713902,-1.0714496051147666,-1.0714496051147666,-1.1071487177940904,-1.042721878368537,-1.1071487177940904,-1.1071487177940904,-1.1383885512243588,-1.1383885512243588,-1.1383885512243588,0.0,-1.1659045405098132,-1.1659045405098132,-1.1659045405098132,-1.1659045405098132,-1.0768549578753155,-1.1071487177940904,-1.0516502125483738,-1.0768549578753155,-1.0768549578753155,-1.0768549578753155,-1.0768549578753155,-0.982793723247329,-1.042721878368537,-1.042721878368537,-1.0040671092713902,-1.0040671092713902,-1.0040671092713902,-0.960070362405688,-0.8960553845713439,-0.844153986113171,-0.844153986113171,-0.844153986113171,-0.7853981633974483,-0.7853981633974483,-0.7188299996216245,-0.6435011087932844,0.0,0.0,0.0,0.0,0.0
33.97515614100121,tx,1a:00:00:00:00:00,-48,97.96885807736764,64,0.6653402255460981,7.214379703065918,0,0,0,0,0,0,0,0,0,0,0,0,4,-10,4,-10,4,-11,4,-10,4,-11,3,-10,3,-11,3,-11,3,-12,3,-12,3,-12,3,-12,3,-12,2,-12,2,-12,1,-13,1,-13,1,-13,1,-13,0,-14,1,-14,0,-14,1,-14,1,-15,1,-15,0,-15,0,0,0,-15,0,-16,0,-15,0,-16,0,-15,0,-16,0,-16,1,-16,1,-15,2,-16,2,-15,2,-15,2,-14,2,-14,2,-14,2,-13,3,-14,3,-13,3,-12,3,-12,3,-12,3,-12,4,-11,4,-11,5,-10,5,-9,0,0,0,0,0,0,0,0,0,0,0.0,0.0,0.0,0.0,0.0,0.0,10.770329614269007,10.770329614269007,11.704699910719626,10.770329614269007,11.704699910719626,10.44030650891055,11.40175425099138,11.40175425099138,12.36931687685298,12.36931687685298,12.36931687685298,12.36931687685298,12.36931687685298,12.165525060596439,12.165525060596439,13.038404810405298,13.038404810405298,13.038404810405298,13.038404810405298,14.0,14.035668847618199,14.0,14.035668847618199,15.033296378372908,15.033296378372908,15.0,0.0,15.0,16.0,15.0,16.0,15.0,16.0,16.0,16.0312195418814,15.033296378372908,16.1245154965971,15.132745950421556,15.132745950421556,14.142135623730951,14.142135623730951,14.142135623730951,13.152946437965905,14.317821063276353,13.341664064126334,12.36931687685298,12.36931687685298,12.36931687685298,12.36931687685298,11.704699910719626,11.704699910719626,11.180339887498949,10.295630140987,0.0,0.0,0.0,0.0,0.0,0.0,0.0,0.0,0.0,0.0,0.0,-1.1902899496825317,-1.1902899496825317,-1.2220253232109897,-1.1902899496825317,-1.2220253232109897,-1.2793395323170296,-1.3045442776439713,-1.3045442776439713,-1.3258176636680326,-1.3258176636680326,-1.3258176636680326,-1.3258176636680326,-1.3258176636680326,-1.4056476493802699,-1.4056476493802699,-1.4940244355251187,-1.4940244355251187,-1.4940244355251187,-1.4940244355251187,-1.5707963267948966,-1.4994888620096063,-1.5707963267948966,-1.4994888620096063,-1.5042281630190728,-1.5042281630190728,-1.5707963267948966,0.0,-1.5707963267948966,-1.5707963267948966,-1.5707963267948966,-1.5707963267948966,-1.5707963267948966,-1.5707963267948966,-1.5707963267948966,-1.5083775167989393,-1.5042281630190728,-1.446441332248135,-1.4382447944982226,-1.4382447944982226,-1.4288992721907328,-1.4288992721907328,-1.4288992721907328,-1.4181469983996315,-1.35970299357215,-1.3439974787410107,-1.3258176636680326,-1.3258176636680326,-1.3258176636680326,-1.3258176636680326,-1.2220253232109897,-1.2220253232109897,-1.1071487177940904,-1.0636978224025597,0.0,0.0,0.0,0.0,0.0
34.08896310599812,tx,1a:00:00:00:00:00,-48,97.96885807736764,64,0.665115229739721,7.218463439530961,0,0,0,0,0,0,0,0,0,0,0,0,-10,5,-10,5,-10,5,-11,6,-10,6,-10,6,-10,6,-10,7,-10,7,-10,7,-10,8,-10,8,-10,8,-10,9,-10,9,-9,9,-9,10,-9,10,-9,11,-9,11,-9,11,-9,11,-8,11,-8,12,-9,12,-9,12,0,0,-9,13,-9,13,-9,13,-9,13,-9,13,-10,13,-10,13,-10,12,-10,12,-9,12,-10,12,-10,11,-10,11,-10,11,-10,10,-10,10,-9,10,-9,9,-9,9,-10,8,-10,8,-10,8,-10,7,-10,7,-10,6,-10,6,0,0,0,0,0,0,0,0,0,0,0.0,0.0,0.0,0.0,0.0,0.0,11.180339887498949,11.180339887498949,11.180339887498949,12.529964086141668,11.661903789690601,11.661903789690601,11.661903789690601,12.206555615733702,12.206555615733702,12.206555615733702,12.806248474865697,12.806248474865697,12.806248474865697,13.45362404707371,13.45362404707371,12.727922061357855,13.45362404707371,13.45362404707371,14.212670403551895,14.212670403551895,14.212670403551895,14.212670403551895,13.601470508735444,14.422205101855956,15.0,15.0,0.0,15.811388300841896,15.811388300841896,15.811388300841896,15.811388300841896,15.811388300841896,16.401219466856727,16.401219466856727,15.620499351813308,15.620499351813308,15.0,15.620499351813308,14.866068747318506,14.866068747318506,14.866068747318506,14.142135623730951,14.142135623730951,13.45362404707371,12.727922061357855,12.727922061357855,12.806248474865697,12.806248474865697,12.806248474865697,12.206555615733702,12.206555615733702,11.661903789690601,11.661903789690601,0.0,0.0,0.0,0.0,0.0,0.0,0.0,0.0,0.0,0.0,0.0,2.677945044588987,2.677945044588987,2.677945044588987,2.642245931909663,2.601173153319209,2.601173153319209,2.601173153319209,2.5308666892005847,2.5308666892005847,2.5308666892005847,2.4668517113662407,2.4668517113662407,2.4668517113662407,2.408777551803287,2.408777551803287,2.356194490192345,2.3036114285814033,2.3036114285814033,2.256525837701183,2.256525837701183,2.256525837701183,2.256525837701183,2.1995926132103296,2.158798930342464,2.214297435588181,2.214297435588181,0.0,2.1763409903998667,2.1763409903998667,2.1763409903998667,2.1763409903998667,2.1763409903998667,2.2264919530364327,2.2264919530364327,2.2655346029916,2.2655346029916,2.214297435588181,2.2655346029916,2.3086113869153615,2.3086113869153615,2.3086113869153615,2.356194490192345,2.356194490192345,2.3036114285814033,2.356194490192345,2.356194490192345,2.4668517113662407,2.4668517113662407,2.4668517113662407,2.5308666892005847,2.5308666892005847,2.601173153319209,2.601173153319209,0.0,0.0,0.0,0.0,0.0
34.19932175500435,tx,1a:00:00:00:00:00,-49,97.96885807736764,64,0.665510768411341,7.222790616966208,0,0,0,0,0,0,0,0,0,0,0,0,1,-11,0,-11,0,-11,0,-12,0,-12,0,-12,-1,-12,-1,-12,-1,-12,-1,-12,-2,-13,-2,-13,-2,-13,-2,-13,-3,-13,-3,-13,-4,-13,-4,-13,-4,-13,-5,-13,-5,-13,-5,-14,-5,-14,-6,-14,-6,-14,-6,-14,0,0,-7,-14,-6,-15,-7,-15,-7,-15,-6,-15,-6,-15,-6,-15,-6,-15,-6,-15,-5,-15,-5,-15,-5,-15,-5,-15,-4,-14,-4,-14,-4,-14,-4,-14,-3,-13,-3,-13,-3,-13,-2,-13,-2,-13,-1,-12,-1,-12,-1,-12,0,-11,0,0,0,0,0,0,0,0,0,0,0.0,0.0,0.0,0.0,0.0,0.0,11.045361017187261,11.0,11.0,12.0,12.0,12.0,12.041594578792296,12.041594578792296,12.041594578792296,12.041594578792296,13.152946437965905,13.152946437965905,13.152946437965905,13.152946437965905,13.341664064126334,13.341664064126334,13.601470508735444,13.601470508735444,13.601470508735444,13.92838827718412,13.92838827718412,14.866068747318506,14.866068747318506,15.231546211727817,15.231546211727817,15.231546211727817,0.0,15.652475842498529,16.15549442140351,16.55294535724685,16.55294535724685,16.15549442140351,16.15549442140351,16.15549442140351,16.15549442140351,16.15549442140351,15.811388300841896,15.811388300841896,15.811388300841896,15.811388300841896,14.560219778561036,14.560219778561036,14.560219778561036,14.560219778561036,13.341664064126334,13.341664064126334,13.341664064126334,13.152946437965905,13.152946437965905,12.041594578792296,12.041594578792296,12.041594578792296,11.0,0.0,0.0,0.0,0.0,0.0,0.0,0.0,0.0,0.0,0.0,0.0,-1.4801364395941514,-1.5707963267948966,-1.5707963267948966,-1.5707963267948966,-1.5707963267948966,-1.5707963267948966,-1.6539375586833378,-1.6539375586833378,-1.6539375586833378,-1.6539375586833378,-1.7234456551901618,-1.7234456551901618,-1.7234456551901618,-1.7234456551901618,-1.7975951748487824,-1.7975951748487824,-1.8692952583810758,-1.8692952583810758,-1.8692952583810758,-1.9379701606131159,-1.9379701606131159,-1.9138202672156,-1.9138202672156,-1.97568811307998,-1.97568811307998,-1.97568811307998,0.0,-2.0344439357957027,-1.9513027039072615,-2.007423486608438,-2.007423486608438,-1.9513027039072615,-1.9513027039072615,-1.9513027039072615,-1.9513027039072615,-1.9513027039072615,-1.892546881191539,-1.892546881191539,-1.892546881191539,-1.892546881191539,-1.849095985800008,-1.849095985800008,-1.849095985800008,-1.849095985800008,-1.7975951748487824,-1.7975951748487824,-1.7975951748487824,-1.7234456551901618,-1.7234456551901618,-1.6539375586833378,-1.6539375586833378,-1.6539375586833378,-1.5707963267948966,0.0,0.0,0.0,0.0,0.0
34.299532269003976,tx,1a:00:00:00:00:00,-49,97.96885807736764,64,0.6671213828548271,7.227045785698415,0,0,0,0,0,0,0,0,0,0,0,0,-6,-10,-6,-10,-7,-10,-6,-10,-7,-11,-6,-10,-7,-10,-7,-10,-8,-10,-8,-11,-8,-10,-9,-10,-9,-10,-9,-10,-9,-10,-11,-10,-10,-9,-11,-10,-11,-9,-11,-9,-11,-9,-12,-9,-12,-10,-12,-9,-13,-10,-12,-9,0,0,-13,-10,-14,-10,-13,-9,-14,-10,-13,-10,-13,-10,-13,-10,-13,-11,-13,-10,-13,-11,-12,-11,-11,-11,-11,-11,-10,-11,-11,-11,-10,-10,-10,-11,-9,-10,-9,-10,-9,-10,-8,-11,-8,-10,-7,-11,-6,-11,-6,-11,-5,-10,0,0,0,0,0,0,0,0,0,0,0.0,0.0,0.0,0.0,0.0,0.0,11.661903789690601,11.661903789690601,12.206555615733702,11.661903789690601,13.038404810405298,11.661903789690601,12.206555615733702,12.206555615733702,12.806248474865697,13.601470508735444,12.806248474865697,13.45362404707371,13.45362404707371,13.45362404707371,13.45362404707371,14.866068747318506,13.45362404707371,14.866068747318506,14.212670403551895,14.212670403551895,14.212670403551895,15.0,15.620499351813308,15.0,16.401219466856727,15.0,0.0,16.401219466856727,17.204650534085253,15.811388300841896,17.204650534085253,16.401219466856727,16.401219466856727,16.401219466856727,17.029386365926403,16.401219466856727,17.029386365926403,16.278820596099706,15.556349186104045,15.556349186104045,14.866068747318506,15.556349186104045,14.142135623730951,14.866068747318506,13.45362404707371,13.45362404707371,13.45362404707371,13.601470508735444,12.806248474865697,13.038404810405298,12.529964086141668,12.529964086141668,11.180339887498949,0.0,0.0,0.0,0.0,0.0,0.0,0.0,0.0,0.0,0.0,0.0,-2.1112158270654806,-2.1112158270654806,-2.1815222911841055,-2.1112158270654806,-2.137525544318403,-2.1112158270654806,-2.1815222911841055,-2.1815222911841055,-2.2455372690184494,-2.1995926132103296,-2.2455372690184494,-2.3036114285814033,-2.3036114285814033,-2.3036114285814033,-2.3036114285814033,-2.403777593469328,-2.408777551803287,-2.403777593469328,-2.455863142683507,-2.455863142683507,-2.455863142683507,-2.498091544796509,-2.44685437739309,-2.498091544796509,-2.485897027348257,-2.498091544796509,0.0,-2.485897027348257,-2.5213431676069717,-2.5360479899848234,-2.5213431676069717,-2.485897027348257,-2.485897027348257,-2.485897027348257,-2.439335722080786,-2.485897027348257,-2.439335722080786,-2.399645385583876,-2.356194490192345,-2.356194490192345,-2.3086113869153615,-2.356194490192345,-2.356194490192345,-2.3086113869153615,-2.3036114285814033,-2.3036114285814033,-2.3036114285814033,-2.1995926132103296,-2.2455372690184494,-2.137525544318403,-2.0701430484750265,-2.0701430484750265,-2.0344439357957027,0.0,0.0,0.0,0.0,0.0
34.4081033820039,tx,1a:00:00:00:00:00,-48,97.96885807736764,64,0.6689578459776575,7.230946267059856,0,0,0,0,0,0,0,0,0,0,0,0,1,10,1,10,2,10,1,10,2,10,2,10,3,10,2,10,3,10,3,10,3,11,4,10,4,10,4,10,5,11,5,11,5,10,6,11,6,10,6,11,7,11,7,11,7,11,8,11,8,11,8,11,0,0,8,12,8,12,8,12,8,12,8,12,8,12,8,12,8,12,8,12,7,12,7,12,6,12,6,12,6,12,6,12,6,11,5,12,5,11,4,11,4,11,4,11,3,11,3,11,2,10,2,10,1,10,0,0,0,0,0,0,0,0,0,0,0.0,0.0,0.0,0.0,0.0,0.0,10.04987562112089,10.04987562112089,10.198039027185569,10.04987562112089,10.198039027185569,10.198039027185569,10.44030650891055,10.198039027185569,10.44030650891055,10.44030650891055,11.40175425099138,10.770329614269007,10.770329614269007,10.770329614269007,12.083045973594572,12.083045973594572,11.180339887498949,12.529964086141668,11.661903789690601,12.529964086141668,13.038404810405298,13.038404810405298,13.038404810405298,13.601470508735444,13.601470508735444,13.601470508735444,0.0,14.422205101855956,14.422205101855956,14.422205101855956,14.422205101855956,14.422205101855956,14.422205101855956,14.422205101855956,14.422205101855956,14.422205101855956,13.892443989449804,13.892443989449804,13.416407864998739,13.416407864998739,13.416407864998739,13.416407864998739,12.529964086141668,13.0,12.083045973594572,11.704699910719626,11.704699910719626,11.704699910719626,11.40175425099138,11.40175425099138,10.198039027185569,10.198039027185569,10.04987562112089,0.0,0.0,0.0,0.0,0.0,0.0,0.0,0.0,0.0,0.0,0.0,1.4711276743037347,1.4711276743037347,1.373400766945016,1.4711276743037347,1.373400766945016,1.373400766945016,1.2793395323170296,1.373400766945016,1.2793395323170296,1.2793395323170296,1.3045442776439713,1.1902899496825317,1.1902899496825317,1.1902899496825317,1.1441688336680205,1.1441688336680205,1.1071487177940904,1.0714496051147666,1.0303768265243125,1.0714496051147666,1.0040671092713902,1.0040671092713902,1.0040671092713902,0.9420000403794636,0.9420000403794636,0.9420000403794636,0.0,0.982793723247329,0.982793723247329,0.982793723247329,0.982793723247329,0.982793723247329,0.982793723247329,0.982793723247329,0.982793723247329,0.982793723247329,1.042721878368537,1.042721878368537,1.1071487177940904,1.1071487177940904,1.1071487177940904,1.1071487177940904,1.0714496051147666,1.176005207095135,1.1441688336680205,1.2220253232109897,1.2220253232109897,1.2220253232109897,1.3045442776439713,1.3045442776439713,1.373400766945016,1.373400766945016,1.4711276743037347,0.0,0.0,0.0,0.0,0.0
34.50867685700359,tx,1a:00:00:00:00:00,-49,97.96885807736764,64,0.6701933201434209,7.234280707225468,0,0,0,0,0,0,0,0,0,0,0,0,-6,9,-6,9,-6,9,-6,10,-6,9,-6,10,-5,10,-5,10,-5,10,-4,11,-4,11,-4,11,-4,12,-4,12,-3,13,-3,12,-3,13,-3,12,-3,13,-2,13,-2,14,-2,14,-1,13,-1,14,-1,14,-1,15,0,0,-1,16,-2,15,-1,16,-1,14,-2,16,-2,16,-2,16,-2,16,-3,15,-2,14,-2,15,-3,15,-3,15,-3,15,-4,13,-4,14,-3,12,-4,13,-4,12,-4,11,-4,12,-5,11,-5,11,-5,10,-5,10,-6,10,0,0,0,0,0,0,0,0,0,0,0.0,0.0,0.0,0.0,0.0,0.0,10.816653826391969,10.816653826391969,10.816653826391969,11.661903789690601,10.816653826391969,11.661903789690601,11.180339887498949,11.180339887498949,11.180339887498949,11.704699910719626,11.704699910719626,11.704699910719626,12.649110640673518,12.649110640673518,13.341664064126334,12.36931687685298,13.341664064126334,12.36931687685298,13.341664064126334,13.152946437965905,14.142135623730951,14.142135623730951,13.038404810405298,14.035668847618199,14.035668847618199,15.033296378372908,0.0,16.0312195418814,15.132745950421556,16.0312195418814,14.035668847618199,16.1245154965971,16.1245154965971,16.1245154965971,16.1245154965971,15.297058540778355,14.142135623730951,15.132745950421556,15.297058540778355,15.297058540778355,15.297058540778355,13.601470508735444,14.560219778561036,12.36931687685298,13.601470508735444,12.649110640673518,11.704699910719626,12.649110640673518,12.083045973594572,12.083045973594572,11.180339887498949,11.180339887498949,11.661903789690601,0.0,0.0,0.0,0.0,0.0,0.0,0.0,0.0,0.0,0.0,0.0,2.158798930342464,2.158798930342464,2.158798930342464,2.1112158270654806,2.158798930342464,2.1112158270654806,2.0344439357957027,2.0344439357957027,2.0344439357957027,1.9195673303788037,1.9195673303788037,1.9195673303788037,1.892546881191539,1.892546881191539,1.7975951748487824,1.8157749899217608,1.7975951748487824,1.8157749899217608,1.7975951748487824,1.7234456551901618,1.7126933813990606,1.7126933813990606,1.6475682180646747,1.642103791580187,1.642103791580187,1.6373644905707205,0.0,1.633215136790854,1.7033478590915707,1.633215136790854,1.642103791580187,1.695151321341658,1.695151321341658,1.695151321341658,1.695151321341658,1.7681918866447774,1.7126933813990606,1.7033478590915707,1.7681918866447774,1.7681918866447774,1.7681918866447774,1.8692952583810758,1.849095985800008,1.8157749899217608,1.8692952583810758,1.892546881191539,1.9195673303788037,1.892546881191539,1.9974238199217726,1.9974238199217726,2.0344439357957027,2.0344439357957027,2.1112158270654806,0.0,0.0,0.0,0.0,0.0
34.618166767999355,tx,1a:00:00:00:00:00,-49,97.96885807736764,64,0.6679115274943308,7.2368067485729455,0,0,0,0,0,0,0,0,0,0,0,0,0,10,0,10,1,10,0,10,1,10,1,10,1,10,2,10,2,11,2,10,2,11,3,11,3,11,3,11,4,11,4,11,4,11,5,11,5,11,5,11,5,11,6,11,6,11,6,11,7,12,7,12,0,0,7,12,7,12,8,12,7,12,7,12,7,13,6,13,6,13,6,13,6,13,6,13,5,13,5,13,5,12,4,12,4,12,4,12,3,11,3,11,2,11,3,11,1,11,2,11,1,11,1,11,0,10,0,0,0,0,0,0,0,0,0,0,0.0,0.0,0.0,0.0,0.0,0.0,10.0,10.0,10.04987562112089,10.0,10.04987562112089,10.04987562112089,10.04987562112089,10.198039027185569,11.180339887498949,10.198039027185569,11.180339887498949,11.40175425099138,11.40175425099138,11.40175425099138,11.704699910719626,11.704699910719626,11.704699910719626,12.083045973594572,12.083045973594572,12.083045973594572,12.083045973594572,12.529964086141668,12.529964086141668,12.529964086141668,13.892443989449804,13.892443989449804,0.0,13.892443989449804,13.892443989449804,14.422205101855956,13.892443989449804,13.892443989449804,14.7648230602334,14.317821063276353,14.317821063276353,14.317821063276353,14.317821063276353,14.317821063276353,13.92838827718412,13.92838827718412,13.0,12.649110640673518,12.649110640673518,12.649110640673518,11.40175425099138,11.40175425099138,11.180339887498949,11.40175425099138,11.045361017187261,11.180339887498949,11.045361017187261,11.045361017187261,10.0,0.0,0.0,0.0,0.0,0.0,0.0,0.0,0.0,0.0,0.0,0.0,1.5707963267948966,1.5707963267948966,1.4711276743037347,1.5707963267948966,1.4711276743037347,1.4711276743037347,1.4711276743037347,1.373400766945016,1.3909428270024184,1.373400766945016,1.3909428270024184,1.3045442776439713,1.3045442776439713,1.3045442776439713,1.2220253232109897,1.2220253232109897,1.2220253232109897,1.1441688336680205,1.1441688336680205,1.1441688336680205,1.1441688336680205,1.0714496051147666,1.0714496051147666,1.0714496051147666,1.042721878368537,1.042721878368537,0.0,1.042721878368537,1.042721878368537,0.982793723247329,1.042721878368537,1.042721878368537,1.0768549578753155,1.1383885512243588,1.1383885512243588,1.1383885512243588,1.1383885512243588,1.1383885512243588,1.2036224929766774,1.2036224929766774,1.176005207095135,1.2490457723982544,1.2490457723982544,1.2490457723982544,1.3045442776439713,1.3045442776439713,1.3909428270024184,1.3045442776439713,1.4801364395941514,1.3909428270024184,1.4801364395941514,1.4801364395941514,1.5707963267948966,0.0,0.0,0.0,0.0,0.0
34.7191965719976,tx,1a:00:00:00:00:00,-49,97.96885807736764,64,0.6660119698025959,7.238196280479296,0,0,0,0,0,0,0,0,0,0,0,0,1,-12,1,-11,1,-12,1,-12,0,-12,0,-12,0,-12,0,-12,-1,-12,-1,-13,-1,-13,-1,-13,-2,-13,-2,-13,-2,-13,-3,-14,-3,-13,-3,-14,-4,-13,-4,-14,-4,-14,-5,-14,-4,-15,-5,-15,-5,-15,-5,-15,0,0,-5,-15,-6,-16,-6,-15,-6,-16,-5,-16,-5,-16,-5,-16,-4,-16,-4,-16,-4,-16,-4,-16,-3,-15,-3,-15,-3,-14,-3,-15,-3,-14,-2,-15,-2,-14,-2,-13,-1,-13,-1,-13,-1,-13,0,-13,1,-12,1,-12,2,-11,0,0,0,0,0,0,0,0,0,0,0.0,0.0,0.0,0.0,0.0,0.0,12.041594578792296,11.045361017187261,12.041594578792296,12.041594578792296,12.0,12.0,12.0,12.0,12.041594578792296,13.038404810405298,13.038404810405298,13.038404810405298,13.152946437965905,13.152946437965905,13.152946437965905,14.317821063276353,13.341664064126334,14.317821063276353,13.601470508735444,14.560219778561036,14.560219778561036,14.866068747318506,15.524174696260024,15.811388300841896,15.811388300841896,15.811388300841896,0.0,15.811388300841896,17.08800749063506,16.15549442140351,17.08800749063506,16.76305461424021,16.76305461424021,16.76305461424021,16.492422502470642,16.492422502470642,16.492422502470642,16.492422502470642,15.297058540778355,15.297058540778355,14.317821063276353,15.297058540778355,14.317821063276353,15.132745950421556,14.142135623730951,13.152946437965905,13.038404810405298,13.038404810405298,13.038404810405298,13.0,12.041594578792296,12.041594578792296,11.180339887498949,0.0,0.0,0.0,0.0,0.0,0.0,0.0,0.0,0.0,0.0,0.0,-1.4876550949064553,-1.4801364395941514,-1.4876550949064553,-1.4876550949064553,-1.5707963267948966,-1.5707963267948966,-1.5707963267948966,-1.5707963267948966,-1.6539375586833378,-1.6475682180646747,-1.6475682180646747,-1.6475682180646747,-1.7234456551901618,-1.7234456551901618,-1.7234456551901618,-1.7818896600176433,-1.7975951748487824,-1.7818896600176433,-1.8692952583810758,-1.849095985800008,-1.849095985800008,-1.9138202672156,-1.8313987185422376,-1.892546881191539,-1.892546881191539,-1.892546881191539,0.0,-1.892546881191539,-1.9295669970654687,-1.9513027039072615,-1.9295669970654687,-1.873681195169868,-1.873681195169868,-1.873681195169868,-1.8157749899217608,-1.8157749899217608,-1.8157749899217608,-1.8157749899217608,-1.7681918866447774,-1.7681918866447774,-1.7818896600176433,-1.7681918866447774,-1.7818896600176433,-1.7033478590915707,-1.7126933813990606,-1.7234456551901618,-1.6475682180646747,-1.6475682180646747,-1.6475682180646747,-1.5707963267948966,-1.4876550949064553,-1.4876550949064553,-1.3909428270024184,0.0,0.0,0.0,0.0,0.0
34.819319210000685,tx,1a:00:00:00:00:00,-49,97.96885807736764,64,0.6646032615408026,7.238071077857783,0,0,0,0,0,0,0,0,0,0,0,0,9,-5,9,-6,9,-6,10,-6,9,-6,10,-7,9,-7,9,-7,9,-7,9,-8,9,-8,9,-9,9,-9,9,-9,9,-10,9,-9,9,-10,8,-10,9,-11,9,-11,9,-11,9,-11,8,-11,8,-13,8,-13,8,-13,0,0,9,-13,9,-13,9,-14,9,-13,9,-13,9,-13,10,-13,10,-13,10,-12,9,-12,10,-12,10,-12,10,-11,10,-11,10,-10,10,-10,9,-10,10,-9,10,-9,10,-8,10,-8,10,-7,10,-8,9,-7,9,-6,9,-5,0,0,0,0,0,0,0,0,0,0,0.0,0.0,0.0,0.0,0.0,0.0,10.295630140987,10.816653826391969,10.816653826391969,11.661903789690601,10.816653826391969,12.206555615733702,11.40175425099138,11.40175425099138,11.40175425099138,12.041594578792296,12.041594578792296,12.727922061357855,12.727922061357855,12.727922061357855,13.45362404707371,12.727922061357855,13.45362404707371,12.806248474865697,14.212670403551895,14.212670403551895,14.212670403551895,14.212670403551895,13.601470508735444,15.264337522473747,15.264337522473747,15.264337522473747,0.0,15.811388300841896,15.811388300841896,16.64331697709324,15.811388300841896,15.811388300841896,15.811388300841896,16.401219466856727,16.401219466856727,15.620499351813308,15.0,15.620499351813308,15.620499351813308,14.866068747318506,14.866068747318506,14.142135623730951,14.142135623730951,13.45362404707371,13.45362404707371,13.45362404707371,12.806248474865697,12.806248474865697,12.206555615733702,12.806248474865697,11.40175425099138,10.816653826391969,10.295630140987,0.0,0.0,0.0,0.0,0.0,0.0,0.0,0.0,0.0,0.0,0.0,-0.507098504392337,-0.5880026035475675,-0.5880026035475675,-0.5404195002705842,-0.5880026035475675,-0.6107259643892086,-0.6610431688506869,-0.6610431688506869,-0.6610431688506869,-0.7266423406817256,-0.7266423406817256,-0.7853981633974483,-0.7853981633974483,-0.7853981633974483,-0.83798122500839,-0.7853981633974483,-0.83798122500839,-0.8960553845713439,-0.8850668158886104,-0.8850668158886104,-0.8850668158886104,-0.8850668158886104,-0.9420000403794636,-1.0191413442663497,-1.0191413442663497,-1.0191413442663497,0.0,-0.9652516631899266,-0.9652516631899266,-0.9994588469612699,-0.9652516631899266,-0.9652516631899266,-0.9652516631899266,-0.9151007005533605,-0.9151007005533605,-0.8760580505981934,-0.9272952180016122,-0.8760580505981934,-0.8760580505981934,-0.8329812666744317,-0.8329812666744317,-0.7853981633974483,-0.7853981633974483,-0.83798122500839,-0.7328151017865066,-0.7328151017865066,-0.6747409422235526,-0.6747409422235526,-0.6107259643892086,-0.6747409422235526,-0.6610431688506869,-0.5880026035475675,-0.507098504392337,0.0,0.0,0.0,0.0,0.0
34.92868910600373,tx,1a:00:00:00:00:00,-49,94.04162369312856,64,0.662740476800333,7.236045528107301,0,0,0,0,0,0,0,0,0,0,0,0,-6,10,-5,10,-5,10,-5,10,-5,10,-5,11,-4,11,-4,11,-4,11,-4,11,-4,11,-3,12,-3,12,-3,12,-2,12,-2,13,-2,13,-2,13,-1,14,-1,14,-1,14,-1,14,-1,14,0,15,0,15,0,15,0,0,0,15,-1,16,0,16,0,15,-1,15,0,16,0,16,-1,16,-1,15,-1,15,-1,15,-2,15,-3,15,-2,15,-3,14,-3,14,-3,13,-3,13,-3,13,-3,12,-3,12,-4,12,-4,11,-5,11,-5,10,-6,10,0,0,0,0,0,0,0,0,0,0,0.0,0.0,0.0,0.0,0.0,0.0,11.661903789690601,11.180339887498949,11.180339887498949,11.180339887498949,11.180339887498949,12.083045973594572,11.704699910719626,11.704699910719626,11.704699910719626,11.704699910719626,11.704699910719626,12.36931687685298,12.36931687685298,12.36931687685298,12.165525060596439,13.152946437965905,13.152946437965905,13.152946437965905,14.035668847618199,14.035668847618199,14.035668847618199,14.035668847618199,14.035668847618199,15.0,15.0,15.0,0.0,15.0,16.0312195418814,16.0,15.0,15.033296378372908,16.0,16.0,16.0312195418814,15.033296378372908,15.033296378372908,15.033296378372908,15.132745950421556,15.297058540778355,15.132745950421556,14.317821063276353,14.317821063276353,13.341664064126334,13.341664064126334,13.341664064126334,12.36931687685298,12.36931687685298,12.649110640673518,11.704699910719626,12.083045973594572,11.180339887498949,11.661903789690601,0.0,0.0,0.0,0.0,0.0,0.0,0.0,0.0,0.0,0.0,0.0,2.1112158270654806,2.0344439357957027,2.0344439357957027,2.0344439357957027,2.0344439357957027,1.9974238199217726,1.9195673303788037,1.9195673303788037,1.9195673303788037,1.9195673303788037,1.9195673303788037,1.8157749899217608,1.8157749899217608,1.8157749899217608,1.7359450042095235,1.7234456551901618,1.7234456551901618,1.7234456551901618,1.642103791580187,1.642103791580187,1.642103791580187,1.642103791580187,1.642103791580187,1.5707963267948966,1.5707963267948966,1.5707963267948966,0.0,1.5707963267948966,1.633215136790854,1.5707963267948966,1.5707963267948966,1.6373644905707205,1.5707963267948966,1.5707963267948966,1.633215136790854,1.6373644905707205,1.6373644905707205,1.6373644905707205,1.7033478590915707,1.7681918866447774,1.7033478590915707,1.7818896600176433,1.7818896600176433,1.7975951748487824,1.7975951748487824,1.7975951748487824,1.8157749899217608,1.8157749899217608,1.892546881191539,1.9195673303788037,1.9974238199217726,2.0344439357957027,2.1112158270654806,0.0,0.0,0.0,0.0,0.0
35.040875865001,tx,1a:00:00:00:00:00,-49,94.04162369312856,64,0.6606221015367223,7.2317638180232535,0,0,0,0,0,0,0,0,0,0,0,0,-10,-5,-11,-4,-11,-4,-12,-4,-11,-4,-11,-4,-12,-3,-12,-3,-12,-3,-13,-3,-12,-3,-13,-3,-13,-3,-12,-2,-13,-2,-14,-1,-13,-1,-14,-1,-14,0,-14,0,-14,0,-15,0,-15,0,-15,0,-16,0,-15,0,0,0,-16,1,-16,1,-16,1,-17,1,-16,1,-16,1,-17,1,-16,0,-16,0,-16,-1,-16,-1,-15,-1,-15,-2,-15,-1,-15,-1,-15,-1,-15,-2,-14,-2,-13,-2,-13,-3,-13,-3,-13,-3,-13,-4,-12,-4,-11,-5,-11,-5,0,0,0,0,0,0,0,0,0,0,0.0,0.0,0.0,0.0,0.0,0.0,11.180339887498949,11.704699910719626,11.704699910719626,12.649110640673518,11.704699910719626,11.704699910719626,12.36931687685298,12.36931687685298,12.36931687685298,13.341664064126334,12.36931687685298,13.341664064126334,13.341664064126334,12.165525060596439,13.152946437965905,14.035668847618199,13.038404810405298,14.035668847618199,14.0,14.0,14.0,15.0,15.0,15.0,16.0,15.0,0.0,16.0312195418814,16.0312195418814,16.0312195418814,17.029386365926403,16.0312195418814,16.0312195418814,17.029386365926403,16.0,16.0,16.0312195418814,16.0312195418814,15.033296378372908,15.132745950421556,15.033296378372908,15.033296378372908,15.033296378372908,15.132745950421556,14.142135623730951,13.152946437965905,13.341664064126334,13.341664064126334,13.341664064126334,13.601470508735444,12.649110640673518,12.083045973594572,12.083045973594572,0.0,0.0,0.0,0.0,0.0,0.0,0.0,0.0,0.0,0.0,0.0,-2.677945044588987,-2.7928216500058864,-2.7928216500058864,-2.819842099193151,-2.7928216500058864,-2.7928216500058864,-2.896613990462929,-2.896613990462929,-2.896613990462929,-2.9147938055359073,-2.896613990462929,-2.9147938055359073,-2.9147938055359073,-2.976443976175166,-2.988943325194528,-3.070285188804503,-3.064820762320015,-3.070285188804503,3.141592653589793,3.141592653589793,3.141592653589793,3.141592653589793,3.141592653589793,3.141592653589793,3.141592653589793,3.141592653589793,0.0,3.079173843593836,3.079173843593836,3.079173843593836,3.0828368308740703,3.079173843593836,3.079173843593836,3.0828368308740703,3.141592653589793,3.141592653589793,-3.079173843593836,-3.079173843593836,-3.0750244898139694,-3.0090411212931194,-3.0750244898139694,-3.0750244898139694,-3.0750244898139694,-3.0090411212931194,-2.999695598985629,-2.988943325194528,-2.9147938055359073,-2.9147938055359073,-2.9147938055359073,-2.843093722003614,-2.819842099193151,-2.714965160462917,-2.714965160462917,0.0,0.0,0.0,0.0,0.0
35.160362417002034,tx,1a:00:00:00:00:00,-49,94.04162369312856,64,0.6607901206194677,7.2248937218642855,0,0,0,0,0,0,0,0,0,0,0,0,-4,-11,-4,-12,-4,-11,-4,-12,-5,-11,-5,-12,-5,-12,-5,-12,-5,-12,-6,-11,-7,-12,-7,-11,-8,-11,-8,-11,-8,-12,-8,-11,-9,-12,-8,-11,-10,-12,-9,-12,-9,-12,-10,-12,-10,-11,-11,-11,-12,-11,-12,-12,0,0,-12,-12,-11,-12,-12,-13,-11,-12,-12,-13,-11,-13,-11,-13,-11,-13,-10,-14,-10,-12,-11,-13,-10,-13,-10,-13,-10,-13,-8,-13,-9,-13,-8,-12,-8,-12,-7,-12,-6,-12,-6,-12,-5,-13,-6,-12,-5,-12,-5,-12,-4,-12,0,0,0,0,0,0,0,0,0,0,0.0,0.0,0.0,0.0,0.0,0.0,11.704699910719626,12.649110640673518,11.704699910719626,12.649110640673518,12.083045973594572,13.0,13.0,13.0,13.0,12.529964086141668,13.892443989449804,13.038404810405298,13.601470508735444,13.601470508735444,14.422205101855956,13.601470508735444,15.0,13.601470508735444,15.620499351813308,15.0,15.0,15.620499351813308,14.866068747318506,15.556349186104045,16.278820596099706,16.97056274847714,0.0,16.97056274847714,16.278820596099706,17.69180601295413,16.278820596099706,17.69180601295413,17.029386365926403,17.029386365926403,17.029386365926403,17.204650534085253,15.620499351813308,17.029386365926403,16.401219466856727,16.401219466856727,16.401219466856727,15.264337522473747,15.811388300841896,14.422205101855956,14.422205101855956,13.892443989449804,13.416407864998739,13.416407864998739,13.92838827718412,13.416407864998739,13.0,13.0,12.649110640673518,0.0,0.0,0.0,0.0,0.0,0.0,0.0,0.0,0.0,0.0,0.0,-1.9195673303788037,-1.892546881191539,-1.9195673303788037,-1.892546881191539,-1.9974238199217726,-1.965587446494658,-1.965587446494658,-1.965587446494658,-1.965587446494658,-2.0701430484750265,-2.0988707752212563,-2.137525544318403,-2.1995926132103296,-2.1995926132103296,-2.158798930342464,-2.1995926132103296,-2.214297435588181,-2.1995926132103296,-2.2655346029916,-2.214297435588181,-2.214297435588181,-2.2655346029916,-2.3086113869153615,-2.356194490192345,-2.399645385583876,-2.356194490192345,0.0,-2.356194490192345,-2.312743594800814,-2.316215803069055,-2.312743594800814,-2.316215803069055,-2.2730532583039036,-2.2730532583039036,-2.2730532583039036,-2.191045812777718,-2.2655346029916,-2.2730532583039036,-2.2264919530364327,-2.2264919530364327,-2.2264919530364327,-2.1224513093234436,-2.1763409903998667,-2.158798930342464,-2.158798930342464,-2.0988707752212563,-2.0344439357957027,-2.0344439357957027,-1.9379701606131159,-2.0344439357957027,-1.965587446494658,-1.965587446494658,-1.892546881191539,0.0,0.0,0.0,0.0,0.0
35.26940200500394,tx,1a:00:00:00:00:00,-49,94.04162369312856,64,0.6589959984427216,7.215126277426345,0,0,0,0,0,0,0,0,0,0,0,0,9,-3,10,-3,10,-3,10,-3,10,-3,10,-4,10,-4,10,-4,10,-4,9,-5,10,-5,10,-6,10,-6,10,-6,10,-7,10,-6,10,-7,9,-7,10,-8,10,-8,10,-8,10,-8,9,-8,10,-9,10,-10,10,-10,0,0,11,-10,11,-9,12,-10,10,-9,11,-10,11,-10,11,-10,11,-9,12,-9,11,-9,11,-9,11,-9,11,-9,12,-8,11,-7,12,-7,10,-7,11,-7,11,-6,10,-5,10,-6,11,-5,10,-5,10,-4,10,-4,10,-3,0,0,0,0,0,0,0,0,0,0,0.0,0.0,0.0,0.0,0.0,0.0,9.486832980505138,10.44030650891055,10.44030650891055,10.44030650891055,10.44030650891055,10.770329614269007,10.770329614269007,10.770329614269007,10.770329614269007,10.295630140987,11.180339887498949,11.661903789690601,11.661903789690601,11.661903789690601,12.206555615733702,11.661903789690601,12.206555615733702,11.40175425099138,12.806248474865697,12.806248474865697,12.806248474865697,12.806248474865697,12.041594578792296,13.45362404707371,14.142135623730951,14.142135623730951,0.0,14.866068747318506,14.212670403551895,15.620499351813308,13.45362404707371,14.866068747318506,14.866068747318506,14.866068747318506,14.212670403551895,15.0,14.212670403551895,14.212670403551895,14.212670403551895,14.212670403551895,14.422205101855956,13.038404810405298,13.892443989449804,12.206555615733702,13.038404810405298,12.529964086141668,11.180339887498949,11.661903789690601,12.083045973594572,11.180339887498949,10.770329614269007,10.770329614269007,10.44030650891055,0.0,0.0,0.0,0.0,0.0,0.0,0.0,0.0,0.0,0.0,0.0,-0.3217505543966422,-0.2914567944778671,-0.2914567944778671,-0.2914567944778671,-0.2914567944778671,-0.3805063771123649,-0.3805063771123649,-0.3805063771123649,-0.3805063771123649,-0.507098504392337,-0.4636476090008061,-0.5404195002705842,-0.5404195002705842,-0.5404195002705842,-0.6107259643892086,-0.5404195002705842,-0.6107259643892086,-0.6610431688506869,-0.6747409422235526,-0.6747409422235526,-0.6747409422235526,-0.6747409422235526,-0.7266423406817256,-0.7328151017865066,-0.7853981633974483,-0.7853981633974483,0.0,-0.7378150601204649,-0.6857295109062863,-0.6947382761967031,-0.7328151017865066,-0.7378150601204649,-0.7378150601204649,-0.7378150601204649,-0.6857295109062863,-0.6435011087932844,-0.6857295109062863,-0.6857295109062863,-0.6857295109062863,-0.6857295109062863,-0.5880026035475675,-0.5667292175235064,-0.5280744484263596,-0.6107259643892086,-0.5667292175235064,-0.4993467216801301,-0.4636476090008061,-0.5404195002705842,-0.4266274931268761,-0.4636476090008061,-0.3805063771123649,-0.3805063771123649,-0.2914567944778671,0.0,0.0,0.0,0.0,0.0
35.37075921300129,tx,1a:00:00:00:00:00,-49,94.04162369312856,64,0.6566779223863151,7.202082488408809,0,0,0,0,0,0,0,0,0,0,0,0,-11,-4,-11,-4,-11,-4,-12,-4,-11,-4,-12,-4,-12,-4,-12,-3,-12,-3,-12,-2,-13,-2,-13,-2,-13,-1,-13,-1,-14,-1,-13,-1,-14,-1,-13,-1,-14,0,-14,0,-14,0,-15,0,-14,1,-15,1,-15,1,-15,1,0,0,-16,1,-16,1,-17,1,-15,1,-16,1,-16,1,-16,0,-16,0,-16,0,-15,0,-16,0,-15,0,-15,-1,-16,-1,-14,-2,-15,-2,-14,-2,-14,-2,-14,-2,-13,-3,-13,-3,-13,-4,-12,-3,-12,-4,-11,-4,-11,-5,0,0,0,0,0,0,0,0,0,0,0.0,0.0,0.0,0.0,0.0,0.0,11.704699910719626,11.704699910719626,11.704699910719626,12.649110640673518,11.704699910719626,12.649110640673518,12.649110640673518,12.36931687685298,12.36931687685298,12.165525060596439,13.152946437965905,13.152946437965905,13.038404810405298,13.038404810405298,14.035668847618199,13.038404810405298,14.035668847618199,13.038404810405298,14.0,14.0,14.0,15.0,14.035668847618199,15.033296378372908,15.033296378372908,15.033296378372908,0.0,16.0312195418814,16.0312195418814,17.029386365926403,15.033296378372908,16.0312195418814,16.0312195418814,16.0,16.0,16.0,15.0,16.0,15.0,15.033296378372908,16.0312195418814,14.142135623730951,15.132745950421556,14.142135623730951,14.142135623730951,14.142135623730951,13.341664064126334,13.341664064126334,13.601470508735444,12.36931687685298,12.649110640673518,11.704699910719626,12.083045973594572,0.0,0.0,0.0,0.0,0.0,0.0,0.0,0.0,0.0,0.0,0.0,-2.7928216500058864,-2.7928216500058864,-2.7928216500058864,-2.819842099193151,-2.7928216500058864,-2.819842099193151,-2.819842099193151,-2.896613990462929,-2.896613990462929,-2.976443976175166,-2.988943325194528,-2.988943325194528,-3.064820762320015,-3.064820762320015,-3.070285188804503,-3.064820762320015,-3.070285188804503,-3.064820762320015,3.141592653589793,3.141592653589793,3.141592653589793,3.141592653589793,3.070285188804503,3.0750244898139694,3.0750244898139694,3.0750244898139694,0.0,3.079173843593836,3.079173843593836,3.0828368308740703,3.0750244898139694,3.079173843593836,3.079173843593836,3.141592653589793,3.141592653589793,3.141592653589793,3.141592653589793,3.141592653589793,3.141592653589793,-3.0750244898139694,-3.079173843593836,-2.999695598985629,-3.0090411212931194,-2.999695598985629,-2.999695598985629,-2.999695598985629,-2.9147938055359073,-2.9147938055359073,-2.843093722003614,-2.896613990462929,-2.819842099193151,-2.7928216500058864,-2.714965160462917,0.0,0.0,0.0,0.0,0.0
35.480698234001466,tx,1a:00:00:00:00:00,-48,94.04162369312856,64,0.6544512177952831,7.185382063744822,0,0,0,0,0,0,0,0,0,0,0,0,-8,-8,-8,-8,-8,-7,-9,-8,-8,-7,-9,-8,-9,-7,-9,-7,-9,-7,-10,-7,-10,-7,-11,-6,-11,-6,-11,-6,-11,-6,-11,-6,-12,-6,-11,-5,-12,-5,-12,-5,-13,-5,-13,-5,-13,-5,-14,-4,-14,-4,-14,-4,0,0,-14,-5,-14,-5,-15,-5,-14,-4,-15,-5,-15,-5,-14,-5,-14,-6,-14,-6,-14,-5,-14,-5,-14,-6,-13,-6,-13,-6,-12,-6,-13,-7,-12,-6,-12,-6,-11,-7,-10,-7,-10,-7,-10,-7,-9,-7,-9,-7,-9,-7,-8,-8,0,0,0,0,0,0,0,0,0,0,0.0,0.0,0.0,0.0,0.0,0.0,11.313708498984761,11.313708498984761,10.63014581273465,12.041594578792296,10.63014581273465,12.041594578792296,11.40175425099138,11.40175425099138,11.40175425099138,12.206555615733702,12.206555615733702,12.529964086141668,12.529964086141668,12.529964086141668,12.529964086141668,12.529964086141668,13.416407864998739,12.083045973594572,13.0,13.0,13.92838827718412,13.92838827718412,13.92838827718412,14.560219778561036,14.560219778561036,14.560219778561036,0.0,14.866068747318506,14.866068747318506,15.811388300841896,14.560219778561036,15.811388300841896,15.811388300841896,14.866068747318506,15.231546211727817,15.231546211727817,14.866068747318506,14.866068747318506,15.231546211727817,14.317821063276353,14.317821063276353,13.416407864998739,14.7648230602334,13.416407864998739,13.416407864998739,13.038404810405298,12.206555615733702,12.206555615733702,12.206555615733702,11.40175425099138,11.40175425099138,11.40175425099138,11.313708498984761,0.0,0.0,0.0,0.0,0.0,0.0,0.0,0.0,0.0,0.0,0.0,-2.356194490192345,-2.356194490192345,-2.4227626539681686,-2.4149503129080676,-2.4227626539681686,-2.4149503129080676,-2.4805494847391065,-2.4805494847391065,-2.4805494847391065,-2.5308666892005847,-2.5308666892005847,-2.642245931909663,-2.642245931909663,-2.642245931909663,-2.642245931909663,-2.642245931909663,-2.677945044588987,-2.714965160462917,-2.746801533890032,-2.746801533890032,-2.774418819771574,-2.774418819771574,-2.774418819771574,-2.8632929945846817,-2.8632929945846817,-2.8632929945846817,0.0,-2.79856871316909,-2.79856871316909,-2.819842099193151,-2.8632929945846817,-2.819842099193151,-2.819842099193151,-2.79856871316909,-2.7367008673047097,-2.7367008673047097,-2.79856871316909,-2.79856871316909,-2.7367008673047097,-2.7091848780192556,-2.7091848780192556,-2.677945044588987,-2.647651284670212,-2.677945044588987,-2.677945044588987,-2.5748634360662868,-2.5308666892005847,-2.5308666892005847,-2.5308666892005847,-2.4805494847391065,-2.4805494847391065,-2.4805494847391065,-2.356194490192345,0.0,0.0,0.0,0.0,0.0
35.588272061999305,tx,1a:00:00:00:00:00,-49,94.04162369312856,64,0.6523509150558803,7.164741256037303,0,0,0,0,0,0,0,0,0,0,0,0,8,-7,8,-7,7,-7,8,-7,7,-7,8,-7,7,-8,7,-8,7,-8,7,-9,7,-9,7,-9,7,-9,7,-10,7,-10,6,-10,6,-11,6,-10,6,-11,6,-12,6,-11,6,-12,6,-12,6,-13,6,-13,6,-13,0,0,6,-13,6,-13,6,-13,6,-13,6,-13,6,-13,6,-13,7,-13,7,-13,7,-12,7,-12,8,-12,7,-12,7,-12,7,-11,7,-11,7,-11,7,-10,7,-10,7,-9,8,-9,8,-9,8,-8,8,-8,8,-7,8,-6,0,0,0,0,0,0,0,0,0,0,0.0,0.0,0.0,0.0,0.0,0.0,10.63014581273465,10.63014581273465,9.899494936611665,10.63014581273465,9.899494936611665,10.63014581273465,10.63014581273465,10.63014581273465,10.63014581273465,11.40175425099138,11.40175425099138,11.40175425099138,11.40175425099138,12.206555615733702,12.206555615733702,11.661903789690601,12.529964086141668,11.661903789690601,12.529964086141668,13.416407864998739,12.529964086141668,13.416407864998739,13.416407864998739,14.317821063276353,14.317821063276353,14.317821063276353,0.0,14.317821063276353,14.317821063276353,14.317821063276353,14.317821063276353,14.317821063276353,14.317821063276353,14.317821063276353,14.7648230602334,14.7648230602334,13.892443989449804,13.892443989449804,14.422205101855956,13.892443989449804,13.892443989449804,13.038404810405298,13.038404810405298,13.038404810405298,12.206555615733702,12.206555615733702,11.40175425099138,12.041594578792296,12.041594578792296,11.313708498984761,11.313708498984761,10.63014581273465,10.0,0.0,0.0,0.0,0.0,0.0,0.0,0.0,0.0,0.0,0.0,0.0,-0.7188299996216245,-0.7188299996216245,-0.7853981633974483,-0.7188299996216245,-0.7853981633974483,-0.7188299996216245,-0.8519663271732721,-0.8519663271732721,-0.8519663271732721,-0.9097531579442097,-0.9097531579442097,-0.9097531579442097,-0.9097531579442097,-0.960070362405688,-0.960070362405688,-1.0303768265243125,-1.0714496051147666,-1.0303768265243125,-1.0714496051147666,-1.1071487177940904,-1.0714496051147666,-1.1071487177940904,-1.1071487177940904,-1.1383885512243588,-1.1383885512243588,-1.1383885512243588,0.0,-1.1383885512243588,-1.1383885512243588,-1.1383885512243588,-1.1383885512243588,-1.1383885512243588,-1.1383885512243588,-1.1383885512243588,-1.0768549578753155,-1.0768549578753155,-1.042721878368537,-1.042721878368537,-0.982793723247329,-1.042721878368537,-1.042721878368537,-1.0040671092713902,-1.0040671092713902,-1.0040671092713902,-0.960070362405688,-0.960070362405688,-0.9097531579442097,-0.844153986113171,-0.844153986113171,-0.7853981633974483,-0.7853981633974483,-0.7188299996216245,-0.6435011087932844,0.0,0.0,0.0,0.0,0.0
35.68936010199832,tx,1a:00:00:00:00:00,-49,94.04162369312856,64,0.6508105723132556,7.139894730420984,0,0,0,0,0,0,0,0,0,0,0,0,2,11,2,10,3,11,2,10,3,11,3,10,4,11,3,11,4,10,4,12,4,11,4,11,5,11,5,11,5,11,7,11,7,10,7,11,7,11,8,11,8,11,9,11,8,12,8,12,9,12,9,11,0,0,9,12,10,12,10,11,11,12,10,12,10,12,10,12,9,12,10,12,9,13,9,13,8,13,7,12,7,12,8,12,7,11,7,13,6,11,6,11,6,11,5,11,5,11,4,12,3,11,3,11,2,10,0,0,0,0,0,0,0,0,0,0,0.0,0.0,0.0,0.0,0.0,0.0,11.180339887498949,10.198039027185569,11.40175425099138,10.198039027185569,11.40175425099138,10.44030650891055,11.704699910719626,11.40175425099138,10.770329614269007,12.649110640673518,11.704699910719626,11.704699910719626,12.083045973594572,12.083045973594572,12.083045973594572,13.038404810405298,12.206555615733702,13.038404810405298,13.038404810405298,13.601470508735444,13.601470508735444,14.212670403551895,14.422205101855956,14.422205101855956,15.0,14.212670403551895,0.0,15.0,15.620499351813308,14.866068747318506,16.278820596099706,15.620499351813308,15.620499351813308,15.620499351813308,15.0,15.620499351813308,15.811388300841896,15.811388300841896,15.264337522473747,13.892443989449804,13.892443989449804,14.422205101855956,13.038404810405298,14.7648230602334,12.529964086141668,12.529964086141668,12.529964086141668,12.083045973594572,12.083045973594572,12.649110640673518,11.40175425099138,11.40175425099138,10.198039027185569,0.0,0.0,0.0,0.0,0.0,0.0,0.0,0.0,0.0,0.0,0.0,1.3909428270024184,1.373400766945016,1.3045442776439713,1.373400766945016,1.3045442776439713,1.2793395323170296,1.2220253232109897,1.3045442776439713,1.1902899496825317,1.2490457723982544,1.2220253232109897,1.2220253232109897,1.1441688336680205,1.1441688336680205,1.1441688336680205,1.0040671092713902,0.960070362405688,1.0040671092713902,1.0040671092713902,0.9420000403794636,0.9420000403794636,0.8850668158886104,0.982793723247329,0.982793723247329,0.9272952180016122,0.8850668158886104,0.0,0.9272952180016122,0.8760580505981934,0.8329812666744317,0.8288490587889792,0.8760580505981934,0.8760580505981934,0.8760580505981934,0.9272952180016122,0.8760580505981934,0.9652516631899266,0.9652516631899266,1.0191413442663497,1.042721878368537,1.042721878368537,0.982793723247329,1.0040671092713902,1.0768549578753155,1.0714496051147666,1.0714496051147666,1.0714496051147666,1.1441688336680205,1.1441688336680205,1.2490457723982544,1.3045442776439713,1.3045442776439713,1.373400766945016,0.0,0.0,0.0,0.0,0.0
35.79912224700092,tx,1a:00:00:00:00:00,-49,94.04162369312856,64,0.6497411300389871,7.110624818095792,0,0,0,0,0,0,0,0,0,0,0,0,5,-9,5,-10,5,-9,5,-10,4,-10,4,-11,4,-10,4,-11,4,-11,3,-11,3,-12,3,-12,2,-12,2,-12,2,-13,2,-12,2,-13,1,-12,1,-14,1,-13,1,-14,1,-14,0,-13,0,-14,0,-15,0,-15,0,0,-1,-15,0,-15,0,-16,0,-15,0,-16,0,-16,1,-16,1,-15,1,-15,1,-15,0,-15,1,-15,1,-15,2,-15,2,-13,2,-14,1,-13,2,-13,2,-13,2,-12,2,-12,3,-12,3,-11,3,-11,3,-11,4,-10,0,0,0,0,0,0,0,0,0,0,0.0,0.0,0.0,0.0,0.0,0.0,10.295630140987,11.180339887498949,10.295630140987,11.180339887498949,10.770329614269007,11.704699910719626,10.770329614269007,11.704699910719626,11.704699910719626,11.40175425099138,12.36931687685298,12.36931687685298,12.165525060596439,12.165525060596439,13.152946437965905,12.165525060596439,13.152946437965905,12.041594578792296,14.035668847618199,13.038404810405298,14.035668847618199,14.035668847618199,13.0,14.0,15.0,15.0,0.0,15.033296378372908,15.0,16.0,15.0,16.0,16.0,16.0312195418814,15.033296378372908,15.033296378372908,15.033296378372908,15.0,15.033296378372908,15.033296378372908,15.132745950421556,13.152946437965905,14.142135623730951,13.038404810405298,13.152946437965905,13.152946437965905,12.165525060596439,12.165525060596439,12.36931687685298,11.40175425099138,11.40175425099138,11.40175425099138,10.770329614269007,0.0,0.0,0.0,0.0,0.0,0.0,0.0,0.0,0.0,0.0,0.0,-1.0636978224025597,-1.1071487177940904,-1.0636978224025597,-1.1071487177940904,-1.1902899496825317,-1.2220253232109897,-1.1902899496825317,-1.2220253232109897,-1.2220253232109897,-1.3045442776439713,-1.3258176636680326,-1.3258176636680326,-1.4056476493802699,-1.4056476493802699,-1.4181469983996315,-1.4056476493802699,-1.4181469983996315,-1.4876550949064553,-1.4994888620096063,-1.4940244355251187,-1.4994888620096063,-1.4994888620096063,-1.5707963267948966,-1.5707963267948966,-1.5707963267948966,-1.5707963267948966,0.0,-1.6373644905707205,-1.5707963267948966,-1.5707963267948966,-1.5707963267948966,-1.5707963267948966,-1.5707963267948966,-1.5083775167989393,-1.5042281630190728,-1.5042281630190728,-1.5042281630190728,-1.5707963267948966,-1.5042281630190728,-1.5042281630190728,-1.4382447944982226,-1.4181469983996315,-1.4288992721907328,-1.4940244355251187,-1.4181469983996315,-1.4181469983996315,-1.4056476493802699,-1.4056476493802699,-1.3258176636680326,-1.3045442776439713,-1.3045442776439713,-1.3045442776439713,-1.1902899496825317,0.0,0.0,0.0,0.0,0.0
35.899205818001064,tx,1a:00:00:00:00:00,-48,94.04162369312856,64,0.6484742461397482,7.076768012813769,0,0,0,0,0,0,0,0,0,0,0,0,-9,-6,-9,-6,-10,-5,-10,-5,-10,-5,-10,-5,-10,-5,-11,-5,-11,-4,-11,-5,-11,-5,-12,-4,-12,-4,-12,-4,-12,-3,-13,-3,-12,-2,-13,-2,-13,-2,-13,-2,-13,-2,-14,-1,-14,-2,-14,-1,-15,-1,-14,-1,0,0,-15,-1,-16,-1,-15,-1,-16,-1,-15,-1,-15,-1,-16,-2,-15,-2,-15,-2,-16,-2,-15,-2,-14,-3,-14,-3,-14,-3,-14,-2,-13,-3,-14,-3,-13,-3,-12,-4,-12,-4,-12,-4,-12,-4,-12,-5,-11,-5,-10,-5,-9,-6,0,0,0,0,0,0,0,0,0,0,0.0,0.0,0.0,0.0,0.0,0.0,10.816653826391969,10.816653826391969,11.180339887498949,11.180339887498949,11.180339887498949,11.180339887498949,11.180339887498949,12.083045973594572,11.704699910719626,12.083045973594572,12.083045973594572,12.649110640673518,12.649110640673518,12.649110640673518,12.36931687685298,13.341664064126334,12.165525060596439,13.152946437965905,13.152946437965905,13.152946437965905,13.152946437965905,14.035668847618199,14.142135623730951,14.035668847618199,15.033296378372908,14.035668847618199,0.0,15.033296378372908,16.0312195418814,15.033296378372908,16.0312195418814,15.033296378372908,15.033296378372908,16.1245154965971,15.132745950421556,15.132745950421556,16.1245154965971,15.132745950421556,14.317821063276353,14.317821063276353,14.317821063276353,14.142135623730951,13.341664064126334,14.317821063276353,13.341664064126334,12.649110640673518,12.649110640673518,12.649110640673518,12.649110640673518,13.0,12.083045973594572,11.180339887498949,10.816653826391969,0.0,0.0,0.0,0.0,0.0,0.0,0.0,0.0,0.0,0.0,0.0,-2.5535900500422257,-2.5535900500422257,-2.677945044588987,-2.677945044588987,-2.677945044588987,-2.677945044588987,-2.677945044588987,-2.714965160462917,-2.7928216500058864,-2.714965160462917,-2.714965160462917,-2.819842099193151,-2.819842099193151,-2.819842099193151,-2.896613990462929,-2.9147938055359073,-2.976443976175166,-2.988943325194528,-2.988943325194528,-2.988943325194528,-2.988943325194528,-3.070285188804503,-2.999695598985629,-3.070285188804503,-3.0750244898139694,-3.070285188804503,0.0,-3.0750244898139694,-3.079173843593836,-3.0750244898139694,-3.079173843593836,-3.0750244898139694,-3.0750244898139694,-3.017237659043032,-3.0090411212931194,-3.0090411212931194,-3.017237659043032,-3.0090411212931194,-2.930499320367047,-2.930499320367047,-2.930499320367047,-2.999695598985629,-2.9147938055359073,-2.930499320367047,-2.9147938055359073,-2.819842099193151,-2.819842099193151,-2.819842099193151,-2.819842099193151,-2.746801533890032,-2.714965160462917,-2.677945044588987,-2.5535900500422257,0.0,0.0,0.0,0.0,0.0
36.0086291109983,tx,1a:00:00:00:00:00,-49,92.73374848455055,64,0.6479492395249966,7.038202118451103,0,0,0,0,0,0,0,0,0,0,0,0,9,-6,9,-6,10,-7,10,-7,9,-7,9,-7,9,-8,9,-7,9,-8,10,-8,10,-9,9,-9,9,-9,9,-9,9,-10,8,-11,8,-11,8,-11,8,-11,8,-12,8,-12,8,-13,8,-12,8,-13,8,-13,8,-13,0,0,9,-14,8,-14,8,-14,8,-15,9,-14,9,-14,9,-14,9,-13,9,-14,10,-13,9,-13,9,-12,9,-12,9,-11,9,-12,9,-11,10,-11,9,-10,9,-10,9,-10,9,-9,9,-9,10,-8,10,-7,10,-7,10,-6,0,0,0,0,0,0,0,0,0,0,0.0,0.0,0.0,0.0,0.0,0.0,10.816653826391969,10.816653826391969,12.206555615733702,12.206555615733702,11.40175425099138,11.40175425099138,12.041594578792296,11.40175425099138,12.041594578792296,12.806248474865697,13.45362404707371,12.727922061357855,12.727922061357855,12.727922061357855,13.45362404707371,13.601470508735444,13.601470508735444,13.601470508735444,13.601470508735444,14.422205101855956,14.422205101855956,15.264337522473747,14.422205101855956,15.264337522473747,15.264337522473747,15.264337522473747,0.0,16.64331697709324,16.1245154965971,16.1245154965971,17.0,16.64331697709324,16.64331697709324,16.64331697709324,15.811388300841896,16.64331697709324,16.401219466856727,15.811388300841896,15.0,15.0,14.212670403551895,15.0,14.212670403551895,14.866068747318506,13.45362404707371,13.45362404707371,13.45362404707371,12.727922061357855,12.727922061357855,12.806248474865697,12.206555615733702,12.206555615733702,11.661903789690601,0.0,0.0,0.0,0.0,0.0,0.0,0.0,0.0,0.0,0.0,0.0,-0.5880026035475675,-0.5880026035475675,-0.6107259643892086,-0.6107259643892086,-0.6610431688506869,-0.6610431688506869,-0.7266423406817256,-0.6610431688506869,-0.7266423406817256,-0.6747409422235526,-0.7328151017865066,-0.7853981633974483,-0.7853981633974483,-0.7853981633974483,-0.83798122500839,-0.9420000403794636,-0.9420000403794636,-0.9420000403794636,-0.9420000403794636,-0.982793723247329,-0.982793723247329,-1.0191413442663497,-0.982793723247329,-1.0191413442663497,-1.0191413442663497,-1.0191413442663497,0.0,-0.9994588469612699,-1.0516502125483738,-1.0516502125483738,-1.0808390005411683,-0.9994588469612699,-0.9994588469612699,-0.9994588469612699,-0.9652516631899266,-0.9994588469612699,-0.9151007005533605,-0.9652516631899266,-0.9272952180016122,-0.9272952180016122,-0.8850668158886104,-0.9272952180016122,-0.8850668158886104,-0.8329812666744317,-0.83798122500839,-0.83798122500839,-0.83798122500839,-0.7853981633974483,-0.7853981633974483,-0.6747409422235526,-0.6107259643892086,-0.6107259643892086,-0.5404195002705842,0.0,0.0,0.0,0.0,0.0
36.12483020200307,tx,1a:00:00:00:00:00,-48,92.73374848455055,64,0.6476346995820178,6.994823756737953,0,0,0,0,0,0,0,0,0,0,0,0,-11,0,-11,0,-11,0,-11,0,-11,0,-11,0,-11,1,-11,1,-11,1,-11,2,-12,2,-11,3,-12,3,-12,3,-12,3,-12,3,-12,4,-12,4,-12,5,-12,5,-12,5,-13,5,-12,5,-12,6,-13,6,-13,6,0,0,-13,6,-13,6,-14,6,-13,6,-14,6,-14,6,-14,6,-14,6,-14,5,-14,5,-14,5,-13,5,-14,4,-14,4,-13,3,-13,3,-13,3,-12,3,-12,2,-12,2,-12,2,-12,1,-11,1,-11,0,-11,0,-11,-1,0,0,0,0,0,0,0,0,0,0,0.0,0.0,0.0,0.0,0.0,0.0,11.0,11.0,11.0,11.0,11.0,11.0,11.045361017187261,11.045361017187261,11.045361017187261,11.180339887498949,12.165525060596439,11.40175425099138,12.36931687685298,12.36931687685298,12.36931687685298,12.36931687685298,12.649110640673518,12.649110640673518,13.0,13.0,13.0,13.92838827718412,13.0,13.416407864998739,14.317821063276353,14.317821063276353,0.0,14.317821063276353,14.317821063276353,15.231546211727817,14.317821063276353,15.231546211727817,15.231546211727817,15.231546211727817,15.231546211727817,14.866068747318506,14.866068747318506,14.866068747318506,13.92838827718412,14.560219778561036,14.560219778561036,13.341664064126334,13.341664064126334,13.341664064126334,12.36931687685298,12.165525060596439,12.165525060596439,12.165525060596439,12.041594578792296,11.045361017187261,11.0,11.0,11.045361017187261,0.0,0.0,0.0,0.0,0.0,0.0,0.0,0.0,0.0,0.0,0.0,3.141592653589793,3.141592653589793,3.141592653589793,3.141592653589793,3.141592653589793,3.141592653589793,3.050932766389048,3.050932766389048,3.050932766389048,2.961739153797315,2.976443976175166,2.875340604438868,2.896613990462929,2.896613990462929,2.896613990462929,2.896613990462929,2.819842099193151,2.819842099193151,2.746801533890032,2.746801533890032,2.746801533890032,2.774418819771574,2.746801533890032,2.677945044588987,2.7091848780192556,2.7091848780192556,0.0,2.7091848780192556,2.7091848780192556,2.7367008673047097,2.7091848780192556,2.7367008673047097,2.7367008673047097,2.7367008673047097,2.7367008673047097,2.79856871316909,2.79856871316909,2.79856871316909,2.774418819771574,2.8632929945846817,2.8632929945846817,2.9147938055359073,2.9147938055359073,2.9147938055359073,2.896613990462929,2.976443976175166,2.976443976175166,2.976443976175166,3.058451421701352,3.050932766389048,3.141592653589793,3.141592653589793,-3.050932766389048,0.0,0.0,0.0,0.0,0.0
36.228322887000104,tx,1a:00:00:00:00:00,-49,92.73374848455055,64,0.6461024743788144,6.94652303892213,0,0,0,0,0,0,0,0,0,0,0,0,9,2,10,2,10,2,11,2,10,2,10,1,11,1,11,1,11,1,11,0,11,1,12,0,12,0,12,-1,12,-1,12,-1,12,-2,12,-2,13,-2,13,-3,13,-3,13,-3,13,-3,13,-4,14,-4,13,-4,0,0,14,-4,14,-4,14,-4,14,-4,15,-4,14,-4,15,-4,15,-4,14,-4,14,-3,14,-3,14,-3,14,-2,14,-2,13,-2,13,-2,13,-1,13,-1,12,-1,12,-1,12,-1,12,0,11,0,11,1,11,1,10,2,0,0,0,0,0,0,0,0,0,0,0.0,0.0,0.0,0.0,0.0,0.0,9.219544457292887,10.198039027185569,10.198039027185569,11.180339887498949,10.198039027185569,10.04987562112089,11.045361017187261,11.045361017187261,11.045361017187261,11.0,11.045361017187261,12.0,12.0,12.041594578792296,12.041594578792296,12.041594578792296,12.165525060596439,12.165525060596439,13.152946437965905,13.341664064126334,13.341664064126334,13.341664064126334,13.341664064126334,13.601470508735444,14.560219778561036,13.601470508735444,0.0,14.560219778561036,14.560219778561036,14.560219778561036,14.560219778561036,15.524174696260024,14.560219778561036,15.524174696260024,15.524174696260024,14.560219778561036,14.317821063276353,14.317821063276353,14.317821063276353,14.142135623730951,14.142135623730951,13.152946437965905,13.152946437965905,13.038404810405298,13.038404810405298,12.041594578792296,12.041594578792296,12.041594578792296,12.0,11.0,11.045361017187261,11.045361017187261,10.198039027185569,0.0,0.0,0.0,0.0,0.0,0.0,0.0,0.0,0.0,0.0,0.0,0.21866894587394195,0.19739555984988075,0.19739555984988075,0.17985349979247828,0.19739555984988075,0.09966865249116202,0.09065988720074511,0.09065988720074511,0.09065988720074511,0.0,0.09065988720074511,0.0,0.0,-0.08314123188844123,-0.08314123188844123,-0.08314123188844123,-0.16514867741462683,-0.16514867741462683,-0.15264932839526515,-0.22679884805388587,-0.22679884805388587,-0.22679884805388587,-0.22679884805388587,-0.2984989315861793,-0.27829965900511133,-0.2984989315861793,0.0,-0.27829965900511133,-0.27829965900511133,-0.27829965900511133,-0.27829965900511133,-0.260602391747341,-0.27829965900511133,-0.260602391747341,-0.260602391747341,-0.27829965900511133,-0.21109333322274654,-0.21109333322274654,-0.21109333322274654,-0.14189705460416394,-0.14189705460416394,-0.15264932839526515,-0.15264932839526515,-0.07677189126977804,-0.07677189126977804,-0.08314123188844123,-0.08314123188844123,-0.08314123188844123,0.0,0.0,0.09065988720074511,0.09065988720074511,0.19739555984988075,0.0,0.0,0.0,0.0,0.0
36.33797344999766,tx,1a:00:00:00:00:00,-49,92.73374848455055,64,0.6448912465305021,6.893183933258291,0,0,0,0,0,0,0,0,0,0,0,0,5,9,5,9,6,9,6,9,6,9,6,9,7,9,7,9,7,9,8,9,8,9,9,8,9,8,9,8,9,8,10,8,10,8,10,8,11,8,11,8,11,8,12,8,12,7,13,7,13,7,13,7,0,0,13,8,13,8,14,8,13,7,13,8,14,8,13,8,13,8,13,8,13,8,13,8,12,8,12,8,11,8,11,9,11,9,11,9,10,9,10,9,9,9,9,9,8,9,8,9,7,9,7,9,6,9,0,0,0,0,0,0,0,0,0,0,0.0,0.0,0.0,0.0,0.0,0.0,10.295630140987,10.295630140987,10.816653826391969,10.816653826391969,10.816653826391969,10.816653826391969,11.40175425099138,11.40175425099138,11.40175425099138,12.041594578792296,12.041594578792296,12.041594578792296,12.041594578792296,12.041594578792296,12.041594578792296,12.806248474865697,12.806248474865697,12.806248474865697,13.601470508735444,13.601470508735444,13.601470508735444,14.422205101855956,13.892443989449804,14.7648230602334,14.7648230602334,14.7648230602334,0.0,15.264337522473747,15.264337522473747,16.1245154965971,14.7648230602334,15.264337522473747,16.1245154965971,15.264337522473747,15.264337522473747,15.264337522473747,15.264337522473747,15.264337522473747,14.422205101855956,14.422205101855956,13.601470508735444,14.212670403551895,14.212670403551895,14.212670403551895,13.45362404707371,13.45362404707371,12.727922061357855,12.727922061357855,12.041594578792296,12.041594578792296,11.40175425099138,11.40175425099138,10.816653826391969,0.0,0.0,0.0,0.0,0.0,0.0,0.0,0.0,0.0,0.0,0.0,1.0636978224025597,1.0636978224025597,0.982793723247329,0.982793723247329,0.982793723247329,0.982793723247329,0.9097531579442097,0.9097531579442097,0.9097531579442097,0.844153986113171,0.844153986113171,0.7266423406817256,0.7266423406817256,0.7266423406817256,0.7266423406817256,0.6747409422235526,0.6747409422235526,0.6747409422235526,0.628796286415433,0.628796286415433,0.628796286415433,0.5880026035475675,0.5280744484263596,0.49394136891958124,0.49394136891958124,0.49394136891958124,0.0,0.5516549825285468,0.5516549825285468,0.5191461142465229,0.49394136891958124,0.5516549825285468,0.5191461142465229,0.5516549825285468,0.5516549825285468,0.5516549825285468,0.5516549825285468,0.5516549825285468,0.5880026035475675,0.5880026035475675,0.628796286415433,0.6857295109062863,0.6857295109062863,0.6857295109062863,0.7328151017865066,0.7328151017865066,0.7853981633974483,0.7853981633974483,0.844153986113171,0.844153986113171,0.9097531579442097,0.9097531579442097,0.982793723247329,0.0,0.0,0.0,0.0,0.0
36.44000127600157,tx,1a:00:00:00:00:00,-49,92.73374848455055,64,0.6441319535783553,6.834741356432482,0,0,0,0,0,0,0,0,0,0,0,0,-10,-3,-11,-2,-11,-2,-11,-2,-11,-2,-11,-2,-11,-2,-11,-1,-12,-2,-12,0,-12,0,-12,0,-12,0,-12,1,-13,1,-12,1,-13,1,-12,1,-13,2,-13,2,-13,2,-14,2,-13,3,-13,4,-14,4,-14,4,0,0,-15,4,-14,3,-15,3,-14,3,-15,3,-15,3,-15,3,-15,3,-15,2,-14,2,-14,3,-14,2,-15,2,-15,2,-13,1,-14,0,-13,1,-13,0,-13,0,-12,-1,-13,-1,-12,-2,-11,-1,-11,-2,-11,-2,-11,-2,0,0,0,0,0,0,0,0,0,0,0.0,0.0,0.0,0.0,0.0,0.0,10.44030650891055,11.180339887498949,11.180339887498949,11.180339887498949,11.180339887498949,11.180339887498949,11.180339887498949,11.045361017187261,12.165525060596439,12.0,12.0,12.0,12.0,12.041594578792296,13.038404810405298,12.041594578792296,13.038404810405298,12.041594578792296,13.152946437965905,13.152946437965905,13.152946437965905,14.142135623730951,13.341664064126334,13.601470508735444,14.560219778561036,14.560219778561036,0.0,15.524174696260024,14.317821063276353,15.297058540778355,14.317821063276353,15.297058540778355,15.297058540778355,15.297058540778355,15.297058540778355,15.132745950421556,14.142135623730951,14.317821063276353,14.142135623730951,15.132745950421556,15.132745950421556,13.038404810405298,14.0,13.038404810405298,13.0,13.0,12.041594578792296,13.038404810405298,12.165525060596439,11.045361017187261,11.180339887498949,11.180339887498949,11.180339887498949,0.0,0.0,0.0,0.0,0.0,0.0,0.0,0.0,0.0,0.0,0.0,-2.8501358591119264,-2.961739153797315,-2.961739153797315,-2.961739153797315,-2.961739153797315,-2.961739153797315,-2.961739153797315,-3.050932766389048,-2.976443976175166,3.141592653589793,3.141592653589793,3.141592653589793,3.141592653589793,3.058451421701352,3.064820762320015,3.058451421701352,3.064820762320015,3.058451421701352,2.988943325194528,2.988943325194528,2.988943325194528,2.999695598985629,2.9147938055359073,2.843093722003614,2.8632929945846817,2.8632929945846817,0.0,2.8809902618424523,2.930499320367047,2.9441970937399127,2.930499320367047,2.9441970937399127,2.9441970937399127,2.9441970937399127,2.9441970937399127,3.0090411212931194,2.999695598985629,2.930499320367047,2.999695598985629,3.0090411212931194,3.0090411212931194,3.064820762320015,3.141592653589793,3.064820762320015,3.141592653589793,3.141592653589793,-3.058451421701352,-3.064820762320015,-2.976443976175166,-3.050932766389048,-2.961739153797315,-2.961739153797315,-2.961739153797315,0.0,0.0,0.0,0.0,0.0
36.5491308280034,tx,1a:00:00:00:00:00,-49,92.73374848455055,64,0.6436702932346002,6.771212330266524,0,0,0,0,0,0,0,0,0,0,0,0,1,-11,1,-12,1,-12,1,-12,0,-12,0,-12,0,-12,0,-12,-1,-12,-1,-13,-1,-13,-1,-13,-2,-13,-2,-13,-2,-13,-3,-13,-3,-13,-3,-14,-4,-14,-4,-14,-4,-14,-5,-14,-4,-14,-5,-14,-5,-15,-5,-15,0,0,-5,-15,-5,-15,-5,-15,-6,-15,-5,-15,-5,-16,-5,-16,-4,-16,-5,-16,-4,-16,-4,-15,-3,-15,-3,-15,-3,-15,-3,-15,-3,-14,-2,-15,-2,-13,-2,-14,-1,-13,-1,-13,-1,-13,0,-13,1,-12,1,-12,2,-11,0,0,0,0,0,0,0,0,0,0,0.0,0.0,0.0,0.0,0.0,0.0,11.045361017187261,12.041594578792296,12.041594578792296,12.041594578792296,12.0,12.0,12.0,12.0,12.041594578792296,13.038404810405298,13.038404810405298,13.038404810405298,13.152946437965905,13.152946437965905,13.152946437965905,13.341664064126334,13.341664064126334,14.317821063276353,14.560219778561036,14.560219778561036,14.560219778561036,14.866068747318506,14.560219778561036,14.866068747318506,15.811388300841896,15.811388300841896,0.0,15.811388300841896,15.811388300841896,15.811388300841896,16.15549442140351,15.811388300841896,16.76305461424021,16.76305461424021,16.492422502470642,16.76305461424021,16.492422502470642,15.524174696260024,15.297058540778355,15.297058540778355,15.297058540778355,15.297058540778355,14.317821063276353,15.132745950421556,13.152946437965905,14.142135623730951,13.038404810405298,13.038404810405298,13.038404810405298,13.0,12.041594578792296,12.041594578792296,11.180339887498949,0.0,0.0,0.0,0.0,0.0,0.0,0.0,0.0,0.0,0.0,0.0,-1.4801364395941514,-1.4876550949064553,-1.4876550949064553,-1.4876550949064553,-1.5707963267948966,-1.5707963267948966,-1.5707963267948966,-1.5707963267948966,-1.6539375586833378,-1.6475682180646747,-1.6475682180646747,-1.6475682180646747,-1.7234456551901618,-1.7234456551901618,-1.7234456551901618,-1.7975951748487824,-1.7975951748487824,-1.7818896600176433,-1.849095985800008,-1.849095985800008,-1.849095985800008,-1.9138202672156,-1.849095985800008,-1.9138202672156,-1.892546881191539,-1.892546881191539,0.0,-1.892546881191539,-1.892546881191539,-1.892546881191539,-1.9513027039072615,-1.892546881191539,-1.873681195169868,-1.873681195169868,-1.8157749899217608,-1.873681195169868,-1.8157749899217608,-1.8313987185422376,-1.7681918866447774,-1.7681918866447774,-1.7681918866447774,-1.7681918866447774,-1.7818896600176433,-1.7033478590915707,-1.7234456551901618,-1.7126933813990606,-1.6475682180646747,-1.6475682180646747,-1.6475682180646747,-1.5707963267948966,-1.4876550949064553,-1.4876550949064553,-1.3909428270024184,0.0,0.0,0.0,0.0,0.0
36.65833104000194,tx,1a:00:00:00:00:00,-49,92.73374848455055,64,0.6430378007689809,6.702678920048033,0,0,0,0,0,0,0,0,0,0,0,0,9,-6,9,-6,9,-6,9,-6,9,-7,8,-6,8,-7,9,-7,8,-8,9,-8,9,-8,9,-8,9,-9,8,-9,8,-9,8,-10,8,-10,8,-11,7,-10,7,-11,8,-11,7,-12,8,-12,7,-12,8,-13,7,-12,0,0,8,-13,8,-14,7,-13,8,-14,8,-13,8,-14,8,-14,8,-13,8,-13,9,-13,9,-12,9,-12,9,-12,8,-11,8,-12,8,-11,9,-11,8,-10,8,-10,8,-9,8,-9,9,-9,9,-8,9,-7,9,-7,9,-6,0,0,0,0,0,0,0,0,0,0,0.0,0.0,0.0,0.0,0.0,0.0,10.816653826391969,10.816653826391969,10.816653826391969,10.816653826391969,11.40175425099138,10.0,10.63014581273465,11.40175425099138,11.313708498984761,12.041594578792296,12.041594578792296,12.041594578792296,12.727922061357855,12.041594578792296,12.041594578792296,12.806248474865697,12.806248474865697,13.601470508735444,12.206555615733702,13.038404810405298,13.601470508735444,13.892443989449804,14.422205101855956,13.892443989449804,15.264337522473747,13.892443989449804,0.0,15.264337522473747,16.1245154965971,14.7648230602334,16.1245154965971,15.264337522473747,16.1245154965971,16.1245154965971,15.264337522473747,15.264337522473747,15.811388300841896,15.0,15.0,15.0,13.601470508735444,14.422205101855956,13.601470508735444,14.212670403551895,12.806248474865697,12.806248474865697,12.041594578792296,12.041594578792296,12.727922061357855,12.041594578792296,11.40175425099138,11.40175425099138,10.816653826391969,0.0,0.0,0.0,0.0,0.0,0.0,0.0,0.0,0.0,0.0,0.0,-0.5880026035475675,-0.5880026035475675,-0.5880026035475675,-0.5880026035475675,-0.6610431688506869,-0.6435011087932844,-0.7188299996216245,-0.6610431688506869,-0.7853981633974483,-0.7266423406817256,-0.7266423406817256,-0.7266423406817256,-0.7853981633974483,-0.844153986113171,-0.844153986113171,-0.8960553845713439,-0.8960553845713439,-0.9420000403794636,-0.960070362405688,-1.0040671092713902,-0.9420000403794636,-1.042721878368537,-0.982793723247329,-1.042721878368537,-1.0191413442663497,-1.042721878368537,0.0,-1.0191413442663497,-1.0516502125483738,-1.0768549578753155,-1.0516502125483738,-1.0191413442663497,-1.0516502125483738,-1.0516502125483738,-1.0191413442663497,-1.0191413442663497,-0.9652516631899266,-0.9272952180016122,-0.9272952180016122,-0.9272952180016122,-0.9420000403794636,-0.982793723247329,-0.9420000403794636,-0.8850668158886104,-0.8960553845713439,-0.8960553845713439,-0.844153986113171,-0.844153986113171,-0.7853981633974483,-0.7266423406817256,-0.6610431688506869,-0.6610431688506869,-0.5880026035475675,0.0,0.0,0.0,0.0,0.0
36.75851376399805,tx,1a:00:00:00:00:00,-48,92.73374848455055,64,0.6417738530496544,6.6292743207319855,0,0,0,0,0,0,0,0,0,0,0,0,6,-8,6,-8,6,-9,6,-9,6,-9,6,-9,6,-10,5,-10,5,-10,5,-10,5,-11,5,-11,5,-11,4,-11,4,-12,4,-12,4,-12,4,-12,4,-13,3,-13,3,-13,3,-14,3,-13,2,-14,3,-15,2,-14,0,0,3,-15,3,-15,3,-15,3,-15,3,-15,3,-15,3,-15,4,-15,4,-15,4,-15,4,-14,4,-14,4,-14,4,-14,5,-13,5,-13,5,-12,5,-12,5,-12,5,-11,5,-11,6,-11,6,-10,6,-10,6,-9,6,-8,0,0,0,0,0,0,0,0,0,0,0.0,0.0,0.0,0.0,0.0,0.0,10.0,10.0,10.816653826391969,10.816653826391969,10.816653826391969,10.816653826391969,11.661903789690601,11.180339887498949,11.180339887498949,11.180339887498949,12.083045973594572,12.083045973594572,12.083045973594572,11.704699910719626,12.649110640673518,12.649110640673518,12.649110640673518,12.649110640673518,13.601470508735444,13.341664064126334,13.341664064126334,14.317821063276353,13.341664064126334,14.142135623730951,15.297058540778355,14.142135623730951,0.0,15.297058540778355,15.297058540778355,15.297058540778355,15.297058540778355,15.297058540778355,15.297058540778355,15.297058540778355,15.524174696260024,15.524174696260024,15.524174696260024,14.560219778561036,14.560219778561036,14.560219778561036,14.560219778561036,13.92838827718412,13.92838827718412,13.0,13.0,13.0,12.083045973594572,12.083045973594572,12.529964086141668,11.661903789690601,11.661903789690601,10.816653826391969,10.0,0.0,0.0,0.0,0.0,0.0,0.0,0.0,0.0,0.0,0.0,0.0,-0.9272952180016122,-0.9272952180016122,-0.982793723247329,-0.982793723247329,-0.982793723247329,-0.982793723247329,-1.0303768265243125,-1.1071487177940904,-1.1071487177940904,-1.1071487177940904,-1.1441688336680205,-1.1441688336680205,-1.1441688336680205,-1.2220253232109897,-1.2490457723982544,-1.2490457723982544,-1.2490457723982544,-1.2490457723982544,-1.2722973952087173,-1.3439974787410107,-1.3439974787410107,-1.35970299357215,-1.3439974787410107,-1.4288992721907328,-1.373400766945016,-1.4288992721907328,0.0,-1.373400766945016,-1.373400766945016,-1.373400766945016,-1.373400766945016,-1.373400766945016,-1.373400766945016,-1.373400766945016,-1.3101939350475555,-1.3101939350475555,-1.3101939350475555,-1.2924966677897853,-1.2924966677897853,-1.2924966677897853,-1.2924966677897853,-1.2036224929766774,-1.2036224929766774,-1.176005207095135,-1.176005207095135,-1.176005207095135,-1.1441688336680205,-1.1441688336680205,-1.0714496051147666,-1.0303768265243125,-1.0303768265243125,-0.982793723247329,-0.9272952180016122,0.0,0.0,0.0,0.0,0.0
36.85907644100371,tx,1a:00:00:00:00:00,-49,92.73374848455055,64,0.6408674710414658,6.551186540183596,0,0,0,0,0,0,0,0,0,0,0,0,1,-11,1,-11,0,-11,0,-11,0,-11,0,-11,-1,-11,-1,-11,-1,-12,-1,-12,-1,-12,-2,-12,-2,-12,-2,-12,-3,-13,-3,-13,-3,-13,-4,-12,-4,-13,-4,-13,-4,-13,-5,-13,-5,-13,-5,-14,-5,-14,-5,-14,0,0,-6,-14,-5,-14,-6,-15,-5,-14,-5,-15,-5,-15,-5,-15,-5,-15,-5,-15,-4,-15,-4,-14,-4,-14,-3,-15,-3,-15,-3,-14,-3,-14,-2,-13,-2,-13,-2,-13,-1,-12,-1,-12,-1,-12,0,-12,0,-12,0,-11,1,-11,0,0,0,0,0,0,0,0,0,0,0.0,0.0,0.0,0.0,0.0,0.0,11.045361017187261,11.045361017187261,11.0,11.0,11.0,11.0,11.045361017187261,11.045361017187261,12.041594578792296,12.041594578792296,12.041594578792296,12.165525060596439,12.165525060596439,12.165525060596439,13.341664064126334,13.341664064126334,13.341664064126334,12.649110640673518,13.601470508735444,13.601470508735444,13.601470508735444,13.92838827718412,13.92838827718412,14.866068747318506,14.866068747318506,14.866068747318506,0.0,15.231546211727817,14.866068747318506,16.15549442140351,14.866068747318506,15.811388300841896,15.811388300841896,15.811388300841896,15.811388300841896,15.811388300841896,15.524174696260024,14.560219778561036,14.560219778561036,15.297058540778355,15.297058540778355,14.317821063276353,14.317821063276353,13.152946437965905,13.152946437965905,13.152946437965905,12.041594578792296,12.041594578792296,12.041594578792296,12.0,12.0,11.0,11.045361017187261,0.0,0.0,0.0,0.0,0.0,0.0,0.0,0.0,0.0,0.0,0.0,-1.4801364395941514,-1.4801364395941514,-1.5707963267948966,-1.5707963267948966,-1.5707963267948966,-1.5707963267948966,-1.6614562139956417,-1.6614562139956417,-1.6539375586833378,-1.6539375586833378,-1.6539375586833378,-1.7359450042095235,-1.7359450042095235,-1.7359450042095235,-1.7975951748487824,-1.7975951748487824,-1.7975951748487824,-1.892546881191539,-1.8692952583810758,-1.8692952583810758,-1.8692952583810758,-1.9379701606131159,-1.9379701606131159,-1.9138202672156,-1.9138202672156,-1.9138202672156,0.0,-1.97568811307998,-1.9138202672156,-1.9513027039072615,-1.9138202672156,-1.892546881191539,-1.892546881191539,-1.892546881191539,-1.892546881191539,-1.892546881191539,-1.8313987185422376,-1.849095985800008,-1.849095985800008,-1.7681918866447774,-1.7681918866447774,-1.7818896600176433,-1.7818896600176433,-1.7234456551901618,-1.7234456551901618,-1.7234456551901618,-1.6539375586833378,-1.6539375586833378,-1.6539375586833378,-1.5707963267948966,-1.5707963267948966,-1.5707963267948966,-1.4801364395941514,0.0,0.0,0.0,0.0,0.0
36.968376222997904,tx,1a:00:00:00:00:00,-49,95.4730539505391,64,0.6426429147914344,6.468629677401717,0,0,0,0,0,0,0,0,0,0,0,0,5,8,5,8,5,8,5,8,6,8,6,8,6,8,6,8,6,8,7,8,7,8,8,7,8,7,8,7,8,7,9,7,9,7,9,7,10,7,10,7,10,7,10,7,11,7,11,6,12,7,11,6,0,0,12,7,12,7,12,7,12,7,11,7,12,8,12,8,12,8,12,8,11,8,11,8,11,8,11,8,10,8,10,8,9,8,9,8,8,7,8,8,7,8,7,8,7,8,7,8,6,8,6,8,5,8,0,0,0,0,0,0,0,0,0,0,0.0,0.0,0.0,0.0,0.0,0.0,9.433981132056603,9.433981132056603,9.433981132056603,9.433981132056603,10.0,10.0,10.0,10.0,10.0,10.63014581273465,10.63014581273465,10.63014581273465,10.63014581273465,10.63014581273465,10.63014581273465,11.40175425099138,11.40175425099138,11.40175425099138,12.206555615733702,12.206555615733702,12.206555615733702,12.206555615733702,13.038404810405298,12.529964086141668,13.892443989449804,12.529964086141668,0.0,13.892443989449804,13.892443989449804,13.892443989449804,13.892443989449804,13.038404810405298,14.422205101855956,14.422205101855956,14.422205101855956,14.422205101855956,13.601470508735444,13.601470508735444,13.601470508735444,13.601470508735444,12.806248474865697,12.806248474865697,12.041594578792296,12.041594578792296,10.63014581273465,11.313708498984761,10.63014581273465,10.63014581273465,10.63014581273465,10.63014581273465,10.0,10.0,9.433981132056603,0.0,0.0,0.0,0.0,0.0,0.0,0.0,0.0,0.0,0.0,0.0,1.0121970114513341,1.0121970114513341,1.0121970114513341,1.0121970114513341,0.9272952180016122,0.9272952180016122,0.9272952180016122,0.9272952180016122,0.9272952180016122,0.8519663271732721,0.8519663271732721,0.7188299996216245,0.7188299996216245,0.7188299996216245,0.7188299996216245,0.6610431688506869,0.6610431688506869,0.6610431688506869,0.6107259643892086,0.6107259643892086,0.6107259643892086,0.6107259643892086,0.5667292175235064,0.4993467216801301,0.5280744484263596,0.4993467216801301,0.0,0.5280744484263596,0.5280744484263596,0.5280744484263596,0.5280744484263596,0.5667292175235064,0.5880026035475675,0.5880026035475675,0.5880026035475675,0.5880026035475675,0.628796286415433,0.628796286415433,0.628796286415433,0.628796286415433,0.6747409422235526,0.6747409422235526,0.7266423406817256,0.7266423406817256,0.7188299996216245,0.7853981633974483,0.8519663271732721,0.8519663271732721,0.8519663271732721,0.8519663271732721,0.9272952180016122,0.9272952180016122,1.0121970114513341,0.0,0.0,0.0,0.0,0.0
37.07912471800228,tx,1a:00:00:00:00:00,-49,95.4730539505391,64,0.6454745587484743,6.381735239901983,0,0,0,0,0,0,0,0,0,0,0,0,2,-12,2,-11,2,-12,2,-12,1,-12,1,-12,1,-12,1,-12,0,-13,0,-13,0,-13,0,-13,-1,-13,-1,-13,-1,-13,-2,-14,-3,-14,-3,-14,-3,-14,-3,-14,-3,-14,-4,-15,-3,-15,-4,-15,-4,-15,-4,-15,0,0,-4,-16,-5,-16,-5,-16,-5,-17,-5,-16,-5,-16,-5,-16,-4,-17,-4,-16,-3,-16,-3,-16,-3,-16,-3,-16,-3,-15,-4,-15,-3,-15,-2,-15,-2,-14,-2,-14,-1,-14,-1,-14,-1,-13,0,-13,1,-13,1,-12,2,-11,0,0,0,0,0,0,0,0,0,0,0.0,0.0,0.0,0.0,0.0,0.0,12.165525060596439,11.180339887498949,12.165525060596439,12.165525060596439,12.041594578792296,12.041594578792296,12.041594578792296,12.041594578792296,13.0,13.0,13.0,13.0,13.038404810405298,13.038404810405298,13.038404810405298,14.142135623730951,14.317821063276353,14.317821063276353,14.317821063276353,14.317821063276353,14.317821063276353,15.524174696260024,15.297058540778355,15.524174696260024,15.524174696260024,15.524174696260024,0.0,16.492422502470642,16.76305461424021,16.76305461424021,17.72004514666935,16.76305461424021,16.76305461424021,16.76305461424021,17.46424919657298,16.492422502470642,16.278820596099706,16.278820596099706,16.278820596099706,16.278820596099706,15.297058540778355,15.524174696260024,15.297058540778355,15.132745950421556,14.142135623730951,14.142135623730951,14.035668847618199,14.035668847618199,13.038404810405298,13.0,13.038404810405298,12.041594578792296,11.180339887498949,0.0,0.0,0.0,0.0,0.0,0.0,0.0,0.0,0.0,0.0,0.0,-1.4056476493802699,-1.3909428270024184,-1.4056476493802699,-1.4056476493802699,-1.4876550949064553,-1.4876550949064553,-1.4876550949064553,-1.4876550949064553,-1.5707963267948966,-1.5707963267948966,-1.5707963267948966,-1.5707963267948966,-1.6475682180646747,-1.6475682180646747,-1.6475682180646747,-1.7126933813990606,-1.7818896600176433,-1.7818896600176433,-1.7818896600176433,-1.7818896600176433,-1.7818896600176433,-1.8313987185422376,-1.7681918866447774,-1.8313987185422376,-1.8313987185422376,-1.8313987185422376,0.0,-1.8157749899217608,-1.873681195169868,-1.873681195169868,-1.856847768512215,-1.873681195169868,-1.873681195169868,-1.873681195169868,-1.8018869939907938,-1.8157749899217608,-1.7561442767905915,-1.7561442767905915,-1.7561442767905915,-1.7561442767905915,-1.7681918866447774,-1.8313987185422376,-1.7681918866447774,-1.7033478590915707,-1.7126933813990606,-1.7126933813990606,-1.642103791580187,-1.642103791580187,-1.6475682180646747,-1.5707963267948966,-1.4940244355251187,-1.4876550949064553,-1.3909428270024184,0.0,0.0,0.0,0.0,0.0
37.18990135700005,tx,1a:00:00:00:00:00,-48,95.4730539505391,64,0.6460650006675416,6.290568404536115,0,0,0,0,0,0,0,0,0,0,0,0,2,9,2,10,2,10,2,10,2,10,3,10,3,10,3,10,3,10,4,10,4,10,5,10,5,10,5,10,5,11,5,10,6,11,6,10,6,11,7,11,7,10,7,11,7,10,8,10,9,11,9,11,0,0,9,11,8,11,9,12,9,11,8,12,8,12,8,12,8,12,7,12,8,12,8,12,7,12,7,12,7,12,6,11,6,12,5,11,5,11,5,11,4,11,4,11,3,11,3,10,3,10,2,10,1,10,0,0,0,0,0,0,0,0,0,0,0.0,0.0,0.0,0.0,0.0,0.0,9.219544457292887,10.198039027185569,10.198039027185569,10.198039027185569,10.198039027185569,10.44030650891055,10.44030650891055,10.44030650891055,10.44030650891055,10.770329614269007,10.770329614269007,11.180339887498949,11.180339887498949,11.180339887498949,12.083045973594572,11.180339887498949,12.529964086141668,11.661903789690601,12.529964086141668,13.038404810405298,12.206555615733702,13.038404810405298,12.206555615733702,12.806248474865697,14.212670403551895,14.212670403551895,0.0,14.212670403551895,13.601470508735444,15.0,14.212670403551895,14.422205101855956,14.422205101855956,14.422205101855956,14.422205101855956,13.892443989449804,14.422205101855956,14.422205101855956,13.892443989449804,13.892443989449804,13.892443989449804,12.529964086141668,13.416407864998739,12.083045973594572,12.083045973594572,12.083045973594572,11.704699910719626,11.704699910719626,11.40175425099138,10.44030650891055,10.44030650891055,10.198039027185569,10.04987562112089,0.0,0.0,0.0,0.0,0.0,0.0,0.0,0.0,0.0,0.0,0.0,1.3521273809209546,1.373400766945016,1.373400766945016,1.373400766945016,1.373400766945016,1.2793395323170296,1.2793395323170296,1.2793395323170296,1.2793395323170296,1.1902899496825317,1.1902899496825317,1.1071487177940904,1.1071487177940904,1.1071487177940904,1.1441688336680205,1.1071487177940904,1.0714496051147666,1.0303768265243125,1.0714496051147666,1.0040671092713902,0.960070362405688,1.0040671092713902,0.960070362405688,0.8960553845713439,0.8850668158886104,0.8850668158886104,0.0,0.8850668158886104,0.9420000403794636,0.9272952180016122,0.8850668158886104,0.982793723247329,0.982793723247329,0.982793723247329,0.982793723247329,1.042721878368537,0.982793723247329,0.982793723247329,1.042721878368537,1.042721878368537,1.042721878368537,1.0714496051147666,1.1071487177940904,1.1441688336680205,1.1441688336680205,1.1441688336680205,1.2220253232109897,1.2220253232109897,1.3045442776439713,1.2793395323170296,1.2793395323170296,1.373400766945016,1.4711276743037347,0.0,0.0,0.0,0.0,0.0
37.298480714001926,tx,1a:00:00:00:00:00,-49,95.4730539505391,64,0.6476054100017334,6.1951380854827836,0,0,0,0,0,0,0,0,0,0,0,0,-2,10,-2,9,-2,10,-2,10,-2,10,-2,10,-1,11,-1,10,0,11,-1,11,-1,11,-1,11,0,11,0,11,0,11,2,12,2,11,2,12,2,12,2,12,2,12,3,13,3,13,3,13,3,13,3,13,0,0,3,13,4,14,4,13,4,14,3,14,3,14,3,14,2,14,3,14,2,14,2,14,1,14,1,13,1,13,2,13,1,13,0,13,0,12,0,12,0,12,-1,11,-1,11,-2,11,-2,11,-3,10,-3,10,0,0,0,0,0,0,0,0,0,0,0.0,0.0,0.0,0.0,0.0,0.0,10.198039027185569,9.219544457292887,10.198039027185569,10.198039027185569,10.198039027185569,10.198039027185569,11.045361017187261,10.04987562112089,11.0,11.045361017187261,11.045361017187261,11.045361017187261,11.0,11.0,11.0,12.165525060596439,11.180339887498949,12.165525060596439,12.165525060596439,12.165525060596439,12.165525060596439,13.341664064126334,13.341664064126334,13.341664064126334,13.341664064126334,13.341664064126334,0.0,13.341664064126334,14.560219778561036,13.601470508735444,14.560219778561036,14.317821063276353,14.317821063276353,14.317821063276353,14.142135623730951,14.317821063276353,14.142135623730951,14.142135623730951,14.035668847618199,13.038404810405298,13.038404810405298,13.152946437965905,13.038404810405298,13.0,12.0,12.0,12.0,11.045361017187261,11.045361017187261,11.180339887498949,11.180339887498949,10.44030650891055,10.44030650891055,0.0,0.0,0.0,0.0,0.0,0.0,0.0,0.0,0.0,0.0,0.0,1.7681918866447774,1.7894652726688385,1.7681918866447774,1.7681918866447774,1.7681918866447774,1.7681918866447774,1.6614562139956417,1.6704649792860586,1.5707963267948966,1.6614562139956417,1.6614562139956417,1.6614562139956417,1.5707963267948966,1.5707963267948966,1.5707963267948966,1.4056476493802699,1.3909428270024184,1.4056476493802699,1.4056476493802699,1.4056476493802699,1.4056476493802699,1.3439974787410107,1.3439974787410107,1.3439974787410107,1.3439974787410107,1.3439974787410107,0.0,1.3439974787410107,1.2924966677897853,1.2722973952087173,1.2924966677897853,1.35970299357215,1.35970299357215,1.35970299357215,1.4288992721907328,1.35970299357215,1.4288992721907328,1.4288992721907328,1.4994888620096063,1.4940244355251187,1.4940244355251187,1.4181469983996315,1.4940244355251187,1.5707963267948966,1.5707963267948966,1.5707963267948966,1.5707963267948966,1.6614562139956417,1.6614562139956417,1.750649826587375,1.750649826587375,1.8622531212727638,1.8622531212727638,0.0,0.0,0.0,0.0,0.0
37.40875573700032,tx,1a:00:00:00:00:00,-48,95.4730539505391,64,0.6494231994424671,6.095421869820621,0,0,0,0,0,0,0,0,0,0,0,0,-11,-2,-11,-2,-12,-2,-12,-2,-12,-1,-12,-1,-12,-1,-12,-1,-12,0,-13,-1,-13,0,-13,0,-13,0,-13,1,-13,1,-14,2,-13,2,-14,2,-14,3,-14,3,-14,3,-14,4,-15,3,-15,4,-15,4,-15,4,0,0,-15,4,-15,5,-15,4,-16,5,-16,4,-16,4,-16,4,-16,3,-16,3,-16,3,-16,3,-15,2,-15,2,-14,2,-15,2,-14,2,-15,1,-14,1,-13,0,-13,0,-13,0,-13,-1,-13,-1,-12,-2,-12,-2,-11,-3,0,0,0,0,0,0,0,0,0,0,0.0,0.0,0.0,0.0,0.0,0.0,11.180339887498949,11.180339887498949,12.165525060596439,12.165525060596439,12.041594578792296,12.041594578792296,12.041594578792296,12.041594578792296,12.0,13.038404810405298,13.0,13.0,13.0,13.038404810405298,13.038404810405298,14.142135623730951,13.152946437965905,14.142135623730951,14.317821063276353,14.317821063276353,14.317821063276353,14.560219778561036,15.297058540778355,15.524174696260024,15.524174696260024,15.524174696260024,0.0,15.524174696260024,15.811388300841896,15.524174696260024,16.76305461424021,16.492422502470642,16.492422502470642,16.492422502470642,16.278820596099706,16.278820596099706,16.278820596099706,16.278820596099706,15.132745950421556,15.132745950421556,14.142135623730951,15.132745950421556,14.142135623730951,15.033296378372908,14.035668847618199,13.0,13.0,13.0,13.038404810405298,13.038404810405298,12.165525060596439,12.165525060596439,11.40175425099138,0.0,0.0,0.0,0.0,0.0,0.0,0.0,0.0,0.0,0.0,0.0,-2.961739153797315,-2.961739153797315,-2.976443976175166,-2.976443976175166,-3.058451421701352,-3.058451421701352,-3.058451421701352,-3.058451421701352,3.141592653589793,-3.064820762320015,3.141592653589793,3.141592653589793,3.141592653589793,3.064820762320015,3.064820762320015,2.999695598985629,2.988943325194528,2.999695598985629,2.930499320367047,2.930499320367047,2.930499320367047,2.8632929945846817,2.9441970937399127,2.8809902618424523,2.8809902618424523,2.8809902618424523,0.0,2.8809902618424523,2.819842099193151,2.8809902618424523,2.838707785214822,2.896613990462929,2.896613990462929,2.896613990462929,2.9562447035940984,2.9562447035940984,2.9562447035940984,2.9562447035940984,3.0090411212931194,3.0090411212931194,2.999695598985629,3.0090411212931194,2.999695598985629,3.0750244898139694,3.070285188804503,3.141592653589793,3.141592653589793,3.141592653589793,-3.064820762320015,-3.064820762320015,-2.976443976175166,-2.976443976175166,-2.875340604438868,0.0,0.0,0.0,0.0,0.0
37.50904696199723,tx,1a:00:00:00:00:00,-49,95.4730539505391,64,0.6518202128839579,5.991427689502789,0,0,0,0,0,0,0,0,0,0,0,0,-8,-8,-8,-8,-9,-8,-9,-8,-9,-8,-9,-8,-9,-8,-10,-7,-10,-7,-11,-8,-11,-7,-11,-7,-12,-7,-12,-7,-12,-6,-13,-6,-12,-6,-13,-6,-13,-5,-13,-6,-13,-6,-14,-5,-14,-6,-14,-5,-15,-5,-15,-5,0,0,-15,-5,-16,-5,-16,-5,-16,-5,-15,-6,-16,-5,-15,-6,-15,-6,-15,-6,-15,-6,-15,-6,-14,-7,-14,-7,-14,-7,-14,-7,-13,-7,-13,-7,-12,-7,-12,-7,-11,-7,-11,-7,-11,-8,-10,-8,-10,-8,-9,-8,-8,-8,0,0,0,0,0,0,0,0,0,0,0.0,0.0,0.0,0.0,0.0,0.0,11.313708498984761,11.313708498984761,12.041594578792296,12.041594578792296,12.041594578792296,12.041594578792296,12.041594578792296,12.206555615733702,12.206555615733702,13.601470508735444,13.038404810405298,13.038404810405298,13.892443989449804,13.892443989449804,13.416407864998739,14.317821063276353,13.416407864998739,14.317821063276353,13.92838827718412,14.317821063276353,14.317821063276353,14.866068747318506,15.231546211727817,14.866068747318506,15.811388300841896,15.811388300841896,0.0,15.811388300841896,16.76305461424021,16.76305461424021,16.76305461424021,16.15549442140351,16.76305461424021,16.15549442140351,16.15549442140351,16.15549442140351,16.15549442140351,16.15549442140351,15.652475842498529,15.652475842498529,15.652475842498529,15.652475842498529,14.7648230602334,14.7648230602334,13.892443989449804,13.892443989449804,13.038404810405298,13.038404810405298,13.601470508735444,12.806248474865697,12.806248474865697,12.041594578792296,11.313708498984761,0.0,0.0,0.0,0.0,0.0,0.0,0.0,0.0,0.0,0.0,0.0,-2.356194490192345,-2.356194490192345,-2.4149503129080676,-2.4149503129080676,-2.4149503129080676,-2.4149503129080676,-2.4149503129080676,-2.5308666892005847,-2.5308666892005847,-2.5127963671743605,-2.5748634360662868,-2.5748634360662868,-2.6135182051634334,-2.6135182051634334,-2.677945044588987,-2.7091848780192556,-2.677945044588987,-2.7091848780192556,-2.774418819771574,-2.7091848780192556,-2.7091848780192556,-2.79856871316909,-2.7367008673047097,-2.79856871316909,-2.819842099193151,-2.819842099193151,0.0,-2.819842099193151,-2.838707785214822,-2.838707785214822,-2.838707785214822,-2.761086276477428,-2.838707785214822,-2.761086276477428,-2.761086276477428,-2.761086276477428,-2.761086276477428,-2.761086276477428,-2.677945044588987,-2.677945044588987,-2.677945044588987,-2.677945044588987,-2.647651284670212,-2.647651284670212,-2.6135182051634334,-2.6135182051634334,-2.5748634360662868,-2.5748634360662868,-2.5127963671743605,-2.4668517113662407,-2.4668517113662407,-2.4149503129080676,-2.356194490192345,0.0,0.0,0.0,0.0,0.0
37.60945329099923,tx,1a:00:00:00:00:00,-49,95.4730539505391,64,0.6549312265696585,5.883188870240358,0,0,0,0,0,0,0,0,0,0,0,0,-3,-11,-3,-11,-4,-12,-4,-11,-4,-12,-4,-11,-5,-11,-5,-11,-6,-11,-6,-12,-6,-12,-6,-12,-7,-12,-7,-12,-7,-11,-8,-12,-8,-11,-8,-12,-9,-11,-9,-11,-9,-11,-10,-11,-10,-12,-10,-12,-11,-12,-11,-12,0,0,-11,-12,-12,-12,-11,-12,-12,-12,-11,-12,-12,-12,-11,-12,-11,-13,-11,-12,-11,-13,-10,-13,-9,-13,-9,-13,-9,-12,-9,-12,-9,-12,-9,-13,-8,-12,-8,-12,-7,-11,-7,-12,-7,-12,-6,-12,-5,-12,-4,-11,-4,-11,0,0,0,0,0,0,0,0,0,0,0.0,0.0,0.0,0.0,0.0,0.0,11.40175425099138,11.40175425099138,12.649110640673518,11.704699910719626,12.649110640673518,11.704699910719626,12.083045973594572,12.083045973594572,12.529964086141668,13.416407864998739,13.416407864998739,13.416407864998739,13.892443989449804,13.892443989449804,13.038404810405298,14.422205101855956,13.601470508735444,14.422205101855956,14.212670403551895,14.212670403551895,14.212670403551895,14.866068747318506,15.620499351813308,15.620499351813308,16.278820596099706,16.278820596099706,0.0,16.278820596099706,16.97056274847714,16.278820596099706,16.97056274847714,16.278820596099706,16.97056274847714,16.278820596099706,17.029386365926403,16.278820596099706,17.029386365926403,16.401219466856727,15.811388300841896,15.811388300841896,15.0,15.0,15.0,15.811388300841896,14.422205101855956,14.422205101855956,13.038404810405298,13.892443989449804,13.892443989449804,13.416407864998739,13.0,11.704699910719626,11.704699910719626,0.0,0.0,0.0,0.0,0.0,0.0,0.0,0.0,0.0,0.0,0.0,-1.837048375945822,-1.837048375945822,-1.892546881191539,-1.9195673303788037,-1.892546881191539,-1.9195673303788037,-1.9974238199217726,-1.9974238199217726,-2.0701430484750265,-2.0344439357957027,-2.0344439357957027,-2.0344439357957027,-2.0988707752212563,-2.0988707752212563,-2.137525544318403,-2.158798930342464,-2.1995926132103296,-2.158798930342464,-2.256525837701183,-2.256525837701183,-2.256525837701183,-2.3086113869153615,-2.2655346029916,-2.2655346029916,-2.312743594800814,-2.312743594800814,0.0,-2.312743594800814,-2.356194490192345,-2.312743594800814,-2.356194490192345,-2.312743594800814,-2.356194490192345,-2.312743594800814,-2.2730532583039036,-2.312743594800814,-2.2730532583039036,-2.2264919530364327,-2.1763409903998667,-2.1763409903998667,-2.214297435588181,-2.214297435588181,-2.214297435588181,-2.1763409903998667,-2.158798930342464,-2.158798930342464,-2.137525544318403,-2.0988707752212563,-2.0988707752212563,-2.0344439357957027,-1.965587446494658,-1.9195673303788037,-1.9195673303788037,0.0,0.0,0.0,0.0,0.0
37.709740561003855,tx,1a:00:00:00:00:00,-49,95.4730539505391,64,0.6573379431553406,5.77069097705297,0,0,0,0,0,0,0,0,0,0,0,0,-2,10,-2,10,-2,10,-2,10,-2,11,-2,10,-1,11,-1,11,-1,11,-1,12,0,12,0,12,0,12,1,12,1,12,2,12,2,12,1,12,3,12,2,13,2,13,2,13,3,13,3,13,4,14,3,13,0,0,3,15,3,14,4,14,4,15,3,14,3,15,3,15,2,15,2,15,2,15,2,15,1,14,1,14,1,14,1,14,1,13,0,13,0,13,-1,12,-1,12,-2,12,-2,12,-2,11,-2,11,-3,11,-4,10,0,0,0,0,0,0,0,0,0,0,0.0,0.0,0.0,0.0,0.0,0.0,10.198039027185569,10.198039027185569,10.198039027185569,10.198039027185569,11.180339887498949,10.198039027185569,11.045361017187261,11.045361017187261,11.045361017187261,12.041594578792296,12.0,12.0,12.0,12.041594578792296,12.041594578792296,12.165525060596439,12.165525060596439,12.041594578792296,12.36931687685298,13.152946437965905,13.152946437965905,13.152946437965905,13.341664064126334,13.341664064126334,14.560219778561036,13.341664064126334,0.0,15.297058540778355,14.317821063276353,14.560219778561036,15.524174696260024,14.317821063276353,15.297058540778355,15.297058540778355,15.132745950421556,15.132745950421556,15.132745950421556,15.132745950421556,14.035668847618199,14.035668847618199,14.035668847618199,14.035668847618199,13.038404810405298,13.0,13.0,12.041594578792296,12.041594578792296,12.165525060596439,12.165525060596439,11.180339887498949,11.180339887498949,11.40175425099138,10.770329614269007,0.0,0.0,0.0,0.0,0.0,0.0,0.0,0.0,0.0,0.0,0.0,1.7681918866447774,1.7681918866447774,1.7681918866447774,1.7681918866447774,1.750649826587375,1.7681918866447774,1.6614562139956417,1.6614562139956417,1.6614562139956417,1.6539375586833378,1.5707963267948966,1.5707963267948966,1.5707963267948966,1.4876550949064553,1.4876550949064553,1.4056476493802699,1.4056476493802699,1.4876550949064553,1.3258176636680326,1.4181469983996315,1.4181469983996315,1.4181469983996315,1.3439974787410107,1.3439974787410107,1.2924966677897853,1.3439974787410107,0.0,1.373400766945016,1.35970299357215,1.2924966677897853,1.3101939350475555,1.35970299357215,1.373400766945016,1.373400766945016,1.4382447944982226,1.4382447944982226,1.4382447944982226,1.4382447944982226,1.4994888620096063,1.4994888620096063,1.4994888620096063,1.4994888620096063,1.4940244355251187,1.5707963267948966,1.5707963267948966,1.6539375586833378,1.6539375586833378,1.7359450042095235,1.7359450042095235,1.750649826587375,1.750649826587375,1.837048375945822,1.9513027039072615,0.0,0.0,0.0,0.0,0.0
37.82119603300089,tx,1a:00:00:00:00:00,-48,95.4730539505391,64,0.6598523950647717,5.653945227030429,0,0,0,0,0,0,0,0,0,0,0,0,-2,10,-2,10,-1,10,-1,10,-1,10,-1,10,-1,10,0,11,0,11,0,11,1,11,1,11,1,11,2,11,2,11,3,12,3,11,3,12,3,12,4,12,4,12,4,12,4,12,5,12,5,13,5,13,0,0,5,13,5,13,5,13,6,13,5,13,5,14,5,14,4,14,5,14,4,14,4,13,4,13,4,13,3,13,3,13,3,12,3,13,2,11,2,12,1,11,1,11,1,11,0,11,0,11,0,10,-1,10,0,0,0,0,0,0,0,0,0,0,0.0,0.0,0.0,0.0,0.0,0.0,10.198039027185569,10.198039027185569,10.04987562112089,10.04987562112089,10.04987562112089,10.04987562112089,10.04987562112089,11.0,11.0,11.0,11.045361017187261,11.045361017187261,11.045361017187261,11.180339887498949,11.180339887498949,12.36931687685298,11.40175425099138,12.36931687685298,12.36931687685298,12.649110640673518,12.649110640673518,12.649110640673518,12.649110640673518,13.0,13.92838827718412,13.92838827718412,0.0,13.92838827718412,13.92838827718412,13.92838827718412,14.317821063276353,13.92838827718412,14.866068747318506,14.866068747318506,14.560219778561036,14.866068747318506,14.560219778561036,13.601470508735444,13.601470508735444,13.601470508735444,13.341664064126334,13.341664064126334,12.36931687685298,13.341664064126334,11.180339887498949,12.165525060596439,11.045361017187261,11.045361017187261,11.045361017187261,11.0,11.0,10.0,10.04987562112089,0.0,0.0,0.0,0.0,0.0,0.0,0.0,0.0,0.0,0.0,0.0,1.7681918866447774,1.7681918866447774,1.6704649792860586,1.6704649792860586,1.6704649792860586,1.6704649792860586,1.6704649792860586,1.5707963267948966,1.5707963267948966,1.5707963267948966,1.4801364395941514,1.4801364395941514,1.4801364395941514,1.3909428270024184,1.3909428270024184,1.3258176636680326,1.3045442776439713,1.3258176636680326,1.3258176636680326,1.2490457723982544,1.2490457723982544,1.2490457723982544,1.2490457723982544,1.176005207095135,1.2036224929766774,1.2036224929766774,0.0,1.2036224929766774,1.2036224929766774,1.2036224929766774,1.1383885512243588,1.2036224929766774,1.2277723863741932,1.2277723863741932,1.2924966677897853,1.2277723863741932,1.2924966677897853,1.2722973952087173,1.2722973952087173,1.2722973952087173,1.3439974787410107,1.3439974787410107,1.3258176636680326,1.3439974787410107,1.3909428270024184,1.4056476493802699,1.4801364395941514,1.4801364395941514,1.4801364395941514,1.5707963267948966,1.5707963267948966,1.5707963267948966,1.6704649792860586,0.0,0.0,0.0,0.0,0.0
37.92808468799922,tx,1a:00:00:00:00:00,-49,94.91783266961075,64,0.6599654562522951,5.557552931506821,0,0,0,0,0,0,0,0,0,0,0,0,7,7,8,6,8,6,8,6,9,6,10,6,9,6,9,6,9,6,10,6,10,5,10,6,11,5,12,5,11,5,12,5,11,4,12,4,12,3,13,4,13,4,13,3,14,3,14,4,14,3,14,3,0,0,14,3,15,4,15,3,15,4,14,4,15,4,15,5,14,5,14,5,14,5,14,5,13,5,13,6,13,5,13,5,12,6,12,6,11,5,11,6,10,6,10,6,10,7,9,7,9,7,8,7,7,7,0,0,0,0,0,0,0,0,0,0,0.0,0.0,0.0,0.0,0.0,0.0,9.899494936611665,10.0,10.0,10.0,10.816653826391969,11.661903789690601,10.816653826391969,10.816653826391969,10.816653826391969,11.661903789690601,11.180339887498949,11.661903789690601,12.083045973594572,13.0,12.083045973594572,13.0,11.704699910719626,12.649110640673518,12.36931687685298,13.601470508735444,13.601470508735444,13.341664064126334,14.317821063276353,14.560219778561036,14.317821063276353,14.317821063276353,0.0,14.317821063276353,15.524174696260024,15.297058540778355,15.524174696260024,14.560219778561036,15.524174696260024,15.811388300841896,14.866068747318506,14.866068747318506,14.866068747318506,14.866068747318506,13.92838827718412,14.317821063276353,13.92838827718412,13.92838827718412,13.416407864998739,13.416407864998739,12.083045973594572,12.529964086141668,11.661903789690601,11.661903789690601,12.206555615733702,11.40175425099138,11.40175425099138,10.63014581273465,9.899494936611665,0.0,0.0,0.0,0.0,0.0,0.0,0.0,0.0,0.0,0.0,0.0,0.7853981633974483,0.6435011087932844,0.6435011087932844,0.6435011087932844,0.5880026035475675,0.5404195002705842,0.5880026035475675,0.5880026035475675,0.5880026035475675,0.5404195002705842,0.4636476090008061,0.5404195002705842,0.4266274931268761,0.3947911196997615,0.4266274931268761,0.3947911196997615,0.348771003583907,0.3217505543966422,0.24497866312686414,0.2984989315861793,0.2984989315861793,0.22679884805388587,0.21109333322274654,0.27829965900511133,0.21109333322274654,0.21109333322274654,0.0,0.21109333322274654,0.260602391747341,0.19739555984988075,0.260602391747341,0.27829965900511133,0.260602391747341,0.3217505543966422,0.3430239404207034,0.3430239404207034,0.3430239404207034,0.3430239404207034,0.3671738338182192,0.43240777557053783,0.3671738338182192,0.3671738338182192,0.4636476090008061,0.4636476090008061,0.4266274931268761,0.4993467216801301,0.5404195002705842,0.5404195002705842,0.6107259643892086,0.6610431688506869,0.6610431688506869,0.7188299996216245,0.7853981633974483,0.0,0.0,0.0,0.0,0.0
38.02990172099817,tx,1a:00:00:00:00:00,-49,94.91783266961075,64,0.6596045558725783,5.480201438353121,0,0,0,0,0,0,0,0,0,0,0,0,-11,-1,-11,-1,-11,0,-11,0,-11,0,-11,0,-11,1,-11,1,-12,1,-12,1,-12,1,-12,2,-12,2,-12,2,-12,3,-12,3,-12,3,-12,4,-12,4,-12,5,-12,5,-13,5,-13,5,-13,5,-13,6,-13,6,0,0,-14,6,-14,6,-14,6,-14,6,-13,6,-14,6,-14,6,-14,6,-14,6,-14,5,-14,5,-14,4,-14,4,-13,4,-13,4,-13,4,-13,3,-12,3,-12,3,-12,3,-12,2,-12,2,-12,1,-12,0,-11,1,-11,-1,0,0,0,0,0,0,0,0,0,0,0.0,0.0,0.0,0.0,0.0,0.0,11.045361017187261,11.045361017187261,11.0,11.0,11.0,11.0,11.045361017187261,11.045361017187261,12.041594578792296,12.041594578792296,12.041594578792296,12.165525060596439,12.165525060596439,12.165525060596439,12.36931687685298,12.36931687685298,12.36931687685298,12.649110640673518,12.649110640673518,13.0,13.0,13.92838827718412,13.92838827718412,13.92838827718412,14.317821063276353,14.317821063276353,0.0,15.231546211727817,15.231546211727817,15.231546211727817,15.231546211727817,14.317821063276353,15.231546211727817,15.231546211727817,15.231546211727817,15.231546211727817,14.866068747318506,14.866068747318506,14.560219778561036,14.560219778561036,13.601470508735444,13.601470508735444,13.601470508735444,13.341664064126334,12.36931687685298,12.36931687685298,12.36931687685298,12.165525060596439,12.165525060596439,12.041594578792296,12.0,11.045361017187261,11.045361017187261,0.0,0.0,0.0,0.0,0.0,0.0,0.0,0.0,0.0,0.0,0.0,-3.050932766389048,-3.050932766389048,3.141592653589793,3.141592653589793,3.141592653589793,3.141592653589793,3.050932766389048,3.050932766389048,3.058451421701352,3.058451421701352,3.058451421701352,2.976443976175166,2.976443976175166,2.976443976175166,2.896613990462929,2.896613990462929,2.896613990462929,2.819842099193151,2.819842099193151,2.746801533890032,2.746801533890032,2.774418819771574,2.774418819771574,2.774418819771574,2.7091848780192556,2.7091848780192556,0.0,2.7367008673047097,2.7367008673047097,2.7367008673047097,2.7367008673047097,2.7091848780192556,2.7367008673047097,2.7367008673047097,2.7367008673047097,2.7367008673047097,2.79856871316909,2.79856871316909,2.8632929945846817,2.8632929945846817,2.843093722003614,2.843093722003614,2.843093722003614,2.9147938055359073,2.896613990462929,2.896613990462929,2.896613990462929,2.976443976175166,2.976443976175166,3.058451421701352,3.141592653589793,3.050932766389048,-3.050932766389048,0.0,0.0,0.0,0.0,0.0
38.14867340800265,tx,1a:00:00:00:00:00,-48,94.91783266961075,64,0.6597200498533737,5.424452643718777,0,0,0,0,0,0,0,0,0,0,0,0,-11,3,-11,3,-11,4,-11,3,-11,4,-11,4,-11,4,-11,5,-11,5,-12,5,-11,5,-11,6,-11,6,-11,7,-11,7,-11,8,-10,8,-11,8,-10,8,-11,9,-11,9,-11,10,-11,10,-11,10,-11,10,-11,10,0,0,-11,11,-12,11,-11,11,-12,12,-11,11,-12,11,-12,11,-12,10,-12,11,-13,10,-12,10,-12,9,-12,9,-12,8,-12,9,-11,8,-12,8,-11,7,-11,7,-11,7,-11,6,-12,6,-12,5,-11,4,-11,4,-11,3,0,0,0,0,0,0,0,0,0,0,0.0,0.0,0.0,0.0,0.0,0.0,11.40175425099138,11.40175425099138,11.704699910719626,11.40175425099138,11.704699910719626,11.704699910719626,11.704699910719626,12.083045973594572,12.083045973594572,13.0,12.083045973594572,12.529964086141668,12.529964086141668,13.038404810405298,13.038404810405298,13.601470508735444,12.806248474865697,13.601470508735444,12.806248474865697,14.212670403551895,14.212670403551895,14.866068747318506,14.866068747318506,14.866068747318506,14.866068747318506,14.866068747318506,0.0,15.556349186104045,16.278820596099706,15.556349186104045,16.97056274847714,15.556349186104045,16.278820596099706,16.278820596099706,15.620499351813308,16.278820596099706,16.401219466856727,15.620499351813308,15.0,15.0,14.422205101855956,15.0,13.601470508735444,14.422205101855956,13.038404810405298,13.038404810405298,13.038404810405298,12.529964086141668,13.416407864998739,13.0,11.704699910719626,11.704699910719626,11.40175425099138,0.0,0.0,0.0,0.0,0.0,0.0,0.0,0.0,0.0,0.0,0.0,2.875340604438868,2.875340604438868,2.7928216500058864,2.875340604438868,2.7928216500058864,2.7928216500058864,2.7928216500058864,2.714965160462917,2.714965160462917,2.746801533890032,2.714965160462917,2.642245931909663,2.642245931909663,2.5748634360662868,2.5748634360662868,2.5127963671743605,2.4668517113662407,2.5127963671743605,2.4668517113662407,2.455863142683507,2.455863142683507,2.403777593469328,2.403777593469328,2.403777593469328,2.403777593469328,2.403777593469328,0.0,2.356194490192345,2.399645385583876,2.356194490192345,2.356194490192345,2.356194490192345,2.399645385583876,2.399645385583876,2.44685437739309,2.399645385583876,2.485897027348257,2.44685437739309,2.498091544796509,2.498091544796509,2.5535900500422257,2.498091544796509,2.5127963671743605,2.5535900500422257,2.5748634360662868,2.5748634360662868,2.5748634360662868,2.642245931909663,2.677945044588987,2.746801533890032,2.7928216500058864,2.7928216500058864,2.875340604438868,0.0,0.0,0.0,0.0,0.0
38.24927701299748,tx,1a:00:00:00:00:00,-49,94.91783266961075,64,0.6610555614915236,5.405273287377466,0,0,0,0,0,0,0,0,0,0,0,0,-1,-12,-1,-11,-1,-12,-1,-12,-2,-12,-2,-11,-2,-13,-2,-12,-3,-12,-2,-13,-3,-13,-3,-13,-3,-13,-4,-13,-4,-13,-5,-13,-5,-12,-5,-13,-6,-13,-6,-13,-6,-13,-7,-13,-7,-14,-7,-14,-7,-14,-7,-14,0,0,-7,-14,-8,-15,-8,-14,-8,-15,-8,-14,-8,-15,-8,-15,-7,-15,-7,-15,-7,-15,-6,-15,-5,-15,-5,-14,-5,-14,-6,-14,-5,-13,-5,-15,-4,-13,-4,-13,-4,-13,-3,-13,-3,-13,-2,-13,-1,-13,-1,-12,0,-11,0,0,0,0,0,0,0,0,0,0,0.0,0.0,0.0,0.0,0.0,0.0,12.041594578792296,11.045361017187261,12.041594578792296,12.041594578792296,12.165525060596439,11.180339887498949,13.152946437965905,12.165525060596439,12.36931687685298,13.152946437965905,13.341664064126334,13.341664064126334,13.341664064126334,13.601470508735444,13.601470508735444,13.92838827718412,13.0,13.92838827718412,14.317821063276353,14.317821063276353,14.317821063276353,14.7648230602334,15.652475842498529,15.652475842498529,15.652475842498529,15.652475842498529,0.0,15.652475842498529,17.0,16.1245154965971,17.0,16.1245154965971,17.0,17.0,16.55294535724685,16.55294535724685,16.55294535724685,16.15549442140351,15.811388300841896,14.866068747318506,14.866068747318506,15.231546211727817,13.92838827718412,15.811388300841896,13.601470508735444,13.601470508735444,13.601470508735444,13.341664064126334,13.341664064126334,13.152946437965905,13.038404810405298,12.041594578792296,11.0,0.0,0.0,0.0,0.0,0.0,0.0,0.0,0.0,0.0,0.0,0.0,-1.6539375586833378,-1.6614562139956417,-1.6539375586833378,-1.6539375586833378,-1.7359450042095235,-1.750649826587375,-1.7234456551901618,-1.7359450042095235,-1.8157749899217608,-1.7234456551901618,-1.7975951748487824,-1.7975951748487824,-1.7975951748487824,-1.8692952583810758,-1.8692952583810758,-1.9379701606131159,-1.965587446494658,-1.9379701606131159,-2.0032041023654346,-2.0032041023654346,-2.0032041023654346,-2.0647376957144776,-2.0344439357957027,-2.0344439357957027,-2.0344439357957027,-2.0344439357957027,0.0,-2.0344439357957027,-2.060753653048625,-2.0899424410414196,-2.060753653048625,-2.0899424410414196,-2.060753653048625,-2.060753653048625,-2.007423486608438,-2.007423486608438,-2.007423486608438,-1.9513027039072615,-1.892546881191539,-1.9138202672156,-1.9138202672156,-1.97568811307998,-1.9379701606131159,-1.892546881191539,-1.8692952583810758,-1.8692952583810758,-1.8692952583810758,-1.7975951748487824,-1.7975951748487824,-1.7234456551901618,-1.6475682180646747,-1.6539375586833378,-1.5707963267948966,0.0,0.0,0.0,0.0,0.0
38.351235875001294,tx,1a:00:00:00:00:00,-49,94.91783266961075,64,0.6621790862203359,5.410519873101956,0,0,0,0,0,0,0,0,0,0,0,0,-4,-11,-4,-10,-5,-11,-5,-10,-6,-11,-5,-10,-6,-10,-6,-10,-7,-10,-7,-11,-7,-11,-7,-11,-7,-11,-8,-10,-8,-10,-9,-10,-9,-10,-9,-10,-9,-10,-10,-10,-10,-10,-11,-10,-11,-11,-11,-10,-11,-11,-11,-10,0,0,-11,-11,-12,-11,-12,-10,-12,-11,-11,-11,-12,-11,-12,-12,-11,-12,-11,-12,-11,-12,-10,-12,-10,-12,-10,-12,-9,-11,-10,-11,-9,-11,-9,-12,-8,-11,-8,-11,-7,-11,-7,-11,-7,-11,-6,-12,-5,-11,-5,-11,-4,-11,0,0,0,0,0,0,0,0,0,0,0.0,0.0,0.0,0.0,0.0,0.0,11.704699910719626,10.770329614269007,12.083045973594572,11.180339887498949,12.529964086141668,11.180339887498949,11.661903789690601,11.661903789690601,12.206555615733702,13.038404810405298,13.038404810405298,13.038404810405298,13.038404810405298,12.806248474865697,12.806248474865697,13.45362404707371,13.45362404707371,13.45362404707371,13.45362404707371,14.142135623730951,14.142135623730951,14.866068747318506,15.556349186104045,14.866068747318506,15.556349186104045,14.866068747318506,0.0,15.556349186104045,16.278820596099706,15.620499351813308,16.278820596099706,15.556349186104045,16.278820596099706,16.97056274847714,16.278820596099706,16.278820596099706,16.278820596099706,15.620499351813308,15.620499351813308,15.620499351813308,14.212670403551895,14.866068747318506,14.212670403551895,15.0,13.601470508735444,13.601470508735444,13.038404810405298,13.038404810405298,13.038404810405298,13.416407864998739,12.083045973594572,12.083045973594572,11.704699910719626,0.0,0.0,0.0,0.0,0.0,0.0,0.0,0.0,0.0,0.0,0.0,-1.9195673303788037,-1.9513027039072615,-1.9974238199217726,-2.0344439357957027,-2.0701430484750265,-2.0344439357957027,-2.1112158270654806,-2.1112158270654806,-2.1815222911841055,-2.137525544318403,-2.137525544318403,-2.137525544318403,-2.137525544318403,-2.2455372690184494,-2.2455372690184494,-2.3036114285814033,-2.3036114285814033,-2.3036114285814033,-2.3036114285814033,-2.356194490192345,-2.356194490192345,-2.403777593469328,-2.356194490192345,-2.403777593469328,-2.356194490192345,-2.403777593469328,0.0,-2.356194490192345,-2.399645385583876,-2.44685437739309,-2.399645385583876,-2.356194490192345,-2.399645385583876,-2.356194490192345,-2.312743594800814,-2.312743594800814,-2.312743594800814,-2.2655346029916,-2.2655346029916,-2.2655346029916,-2.256525837701183,-2.3086113869153615,-2.256525837701183,-2.214297435588181,-2.1995926132103296,-2.1995926132103296,-2.137525544318403,-2.137525544318403,-2.137525544318403,-2.0344439357957027,-1.9974238199217726,-1.9974238199217726,-1.9195673303788037,0.0,0.0,0.0,0.0,0.0
38.459343840004294,tx,1a:00:00:00:00:00,-49,94.91783266961075,64,0.6626446898067497,5.431706698651735,0,0,0,0,0,0,0,0,0,0,0,0,-3,-11,-4,-11,-4,-11,-4,-11,-4,-11,-5,-11,-5,-11,-5,-11,-5,-12,-6,-11,-6,-11,-7,-11,-7,-11,-7,-11,-8,-11,-8,-11,-8,-12,-8,-11,-9,-11,-9,-11,-9,-12,-9,-12,-10,-11,-11,-11,-11,-12,-11,-12,0,0,-11,-12,-10,-13,-11,-13,-11,-12,-10,-13,-11,-13,-10,-13,-10,-13,-10,-14,-9,-13,-10,-13,-9,-13,-9,-13,-9,-13,-7,-13,-7,-13,-7,-13,-7,-12,-6,-13,-5,-12,-6,-12,-5,-12,-5,-12,-4,-12,-4,-12,-3,-11,0,0,0,0,0,0,0,0,0,0,0.0,0.0,0.0,0.0,0.0,0.0,11.40175425099138,11.704699910719626,11.704699910719626,11.704699910719626,11.704699910719626,12.083045973594572,12.083045973594572,12.083045973594572,13.0,12.529964086141668,12.529964086141668,13.038404810405298,13.038404810405298,13.038404810405298,13.601470508735444,13.601470508735444,14.422205101855956,13.601470508735444,14.212670403551895,14.212670403551895,15.0,15.0,14.866068747318506,15.556349186104045,16.278820596099706,16.278820596099706,0.0,16.278820596099706,16.401219466856727,17.029386365926403,16.278820596099706,16.401219466856727,17.029386365926403,16.401219466856727,16.401219466856727,17.204650534085253,15.811388300841896,16.401219466856727,15.811388300841896,15.811388300841896,15.811388300841896,14.7648230602334,14.7648230602334,14.7648230602334,13.892443989449804,14.317821063276353,13.0,13.416407864998739,13.0,13.0,12.649110640673518,12.649110640673518,11.40175425099138,0.0,0.0,0.0,0.0,0.0,0.0,0.0,0.0,0.0,0.0,0.0,-1.837048375945822,-1.9195673303788037,-1.9195673303788037,-1.9195673303788037,-1.9195673303788037,-1.9974238199217726,-1.9974238199217726,-1.9974238199217726,-1.965587446494658,-2.0701430484750265,-2.0701430484750265,-2.137525544318403,-2.137525544318403,-2.137525544318403,-2.1995926132103296,-2.1995926132103296,-2.158798930342464,-2.1995926132103296,-2.256525837701183,-2.256525837701183,-2.214297435588181,-2.214297435588181,-2.3086113869153615,-2.356194490192345,-2.312743594800814,-2.312743594800814,0.0,-2.312743594800814,-2.2264919530364327,-2.2730532583039036,-2.312743594800814,-2.2264919530364327,-2.2730532583039036,-2.2264919530364327,-2.2264919530364327,-2.191045812777718,-2.1763409903998667,-2.2264919530364327,-2.1763409903998667,-2.1763409903998667,-2.1763409903998667,-2.0647376957144776,-2.0647376957144776,-2.0647376957144776,-2.0988707752212563,-2.0032041023654346,-1.965587446494658,-2.0344439357957027,-1.965587446494658,-1.965587446494658,-1.892546881191539,-1.892546881191539,-1.837048375945822,0.0,0.0,0.0,0.0,0.0
38.568514322003466,tx,1a:00:00:00:00:00,-48,94.91783266961075,64,0.6624019124805085,5.462995075912613,0,0,0,0,0,0,0,0,0,0,0,0,8,-7,8,-7,8,-7,8,-8,8,-8,8,-8,8,-8,7,-9,8,-9,7,-9,8,-9,7,-10,7,-10,7,-11,7,-11,7,-11,6,-11,7,-11,6,-12,6,-12,6,-12,6,-13,6,-13,6,-13,6,-14,6,-14,0,0,6,-14,6,-14,6,-14,6,-15,6,-14,6,-15,7,-15,6,-14,7,-14,7,-14,7,-13,7,-13,7,-13,7,-13,7,-12,7,-12,7,-12,7,-11,7,-11,7,-10,7,-10,8,-10,8,-9,8,-9,8,-8,8,-7,0,0,0,0,0,0,0,0,0,0,0.0,0.0,0.0,0.0,0.0,0.0,10.63014581273465,10.63014581273465,10.63014581273465,11.313708498984761,11.313708498984761,11.313708498984761,11.313708498984761,11.40175425099138,12.041594578792296,11.40175425099138,12.041594578792296,12.206555615733702,12.206555615733702,13.038404810405298,13.038404810405298,13.038404810405298,12.529964086141668,13.038404810405298,13.416407864998739,13.416407864998739,13.416407864998739,14.317821063276353,14.317821063276353,14.317821063276353,15.231546211727817,15.231546211727817,0.0,15.231546211727817,15.231546211727817,15.231546211727817,16.15549442140351,15.231546211727817,16.15549442140351,16.55294535724685,15.231546211727817,15.652475842498529,15.652475842498529,14.7648230602334,14.7648230602334,14.7648230602334,14.7648230602334,13.892443989449804,13.892443989449804,13.892443989449804,13.038404810405298,13.038404810405298,12.206555615733702,12.206555615733702,12.806248474865697,12.041594578792296,12.041594578792296,11.313708498984761,10.63014581273465,0.0,0.0,0.0,0.0,0.0,0.0,0.0,0.0,0.0,0.0,0.0,-0.7188299996216245,-0.7188299996216245,-0.7188299996216245,-0.7853981633974483,-0.7853981633974483,-0.7853981633974483,-0.7853981633974483,-0.9097531579442097,-0.844153986113171,-0.9097531579442097,-0.844153986113171,-0.960070362405688,-0.960070362405688,-1.0040671092713902,-1.0040671092713902,-1.0040671092713902,-1.0714496051147666,-1.0040671092713902,-1.1071487177940904,-1.1071487177940904,-1.1071487177940904,-1.1383885512243588,-1.1383885512243588,-1.1383885512243588,-1.1659045405098132,-1.1659045405098132,0.0,-1.1659045405098132,-1.1659045405098132,-1.1659045405098132,-1.1902899496825317,-1.1659045405098132,-1.1902899496825317,-1.1341691669813554,-1.1659045405098132,-1.1071487177940904,-1.1071487177940904,-1.0768549578753155,-1.0768549578753155,-1.0768549578753155,-1.0768549578753155,-1.042721878368537,-1.042721878368537,-1.042721878368537,-1.0040671092713902,-1.0040671092713902,-0.960070362405688,-0.960070362405688,-0.8960553845713439,-0.844153986113171,-0.844153986113171,-0.7853981633974483,-0.7188299996216245,0.0,0.0,0.0,0.0,0.0
38.6687671260006,tx,1a:00:00:00:00:00,-49,94.91783266961075,64,0.6629882797687656,5.5003799263537205,0,0,0,0,0,0,0,0,0,0,0,0,4,-10,4,-11,4,-11,4,-11,4,-11,4,-11,3,-11,3,-12,3,-12,3,-12,3,-13,2,-13,2,-13,2,-13,2,-14,1,-14,1,-14,1,-13,0,-14,0,-14,0,-14,0,-15,0,-15,-1,-15,-1,-16,-1,-16,0,0,-1,-16,0,-16,0,-16,-1,-16,0,-16,0,-17,0,-17,1,-17,1,-16,1,-16,1,-16,1,-16,1,-15,2,-15,2,-14,2,-15,2,-14,2,-14,3,-13,3,-13,3,-13,4,-12,4,-12,4,-11,4,-11,5,-10,0,0,0,0,0,0,0,0,0,0,0.0,0.0,0.0,0.0,0.0,0.0,10.770329614269007,11.704699910719626,11.704699910719626,11.704699910719626,11.704699910719626,11.704699910719626,11.40175425099138,12.36931687685298,12.36931687685298,12.36931687685298,13.341664064126334,13.152946437965905,13.152946437965905,13.152946437965905,14.142135623730951,14.035668847618199,14.035668847618199,13.038404810405298,14.0,14.0,14.0,15.0,15.0,15.033296378372908,16.0312195418814,16.0312195418814,0.0,16.0312195418814,16.0,16.0,16.0312195418814,16.0,17.0,17.0,17.029386365926403,16.0312195418814,16.0312195418814,16.0312195418814,16.0312195418814,15.033296378372908,15.132745950421556,14.142135623730951,15.132745950421556,14.142135623730951,14.142135623730951,13.341664064126334,13.341664064126334,13.341664064126334,12.649110640673518,12.649110640673518,11.704699910719626,11.704699910719626,11.180339887498949,0.0,0.0,0.0,0.0,0.0,0.0,0.0,0.0,0.0,0.0,0.0,-1.1902899496825317,-1.2220253232109897,-1.2220253232109897,-1.2220253232109897,-1.2220253232109897,-1.2220253232109897,-1.3045442776439713,-1.3258176636680326,-1.3258176636680326,-1.3258176636680326,-1.3439974787410107,-1.4181469983996315,-1.4181469983996315,-1.4181469983996315,-1.4288992721907328,-1.4994888620096063,-1.4994888620096063,-1.4940244355251187,-1.5707963267948966,-1.5707963267948966,-1.5707963267948966,-1.5707963267948966,-1.5707963267948966,-1.6373644905707205,-1.633215136790854,-1.633215136790854,0.0,-1.633215136790854,-1.5707963267948966,-1.5707963267948966,-1.633215136790854,-1.5707963267948966,-1.5707963267948966,-1.5707963267948966,-1.512040504079174,-1.5083775167989393,-1.5083775167989393,-1.5083775167989393,-1.5083775167989393,-1.5042281630190728,-1.4382447944982226,-1.4288992721907328,-1.4382447944982226,-1.4288992721907328,-1.4288992721907328,-1.3439974787410107,-1.3439974787410107,-1.3439974787410107,-1.2490457723982544,-1.2490457723982544,-1.2220253232109897,-1.2220253232109897,-1.1071487177940904,0.0,0.0,0.0,0.0,0.0
38.76968596300139,tx,1a:00:00:00:00:00,-49,94.91783266961075,64,0.663103139555711,5.5411381174152226,0,0,0,0,0,0,0,0,0,0,0,0,-7,8,-6,9,-6,9,-6,9,-6,9,-6,10,-6,10,-5,10,-5,10,-5,11,-5,11,-4,11,-4,11,-4,11,-4,12,-4,12,-3,12,-3,12,-3,13,-3,13,-3,13,-3,14,-2,13,-2,14,-2,14,-2,14,0,0,-2,15,-2,15,-2,15,-2,15,-2,15,-2,15,-2,15,-3,15,-3,15,-3,15,-3,14,-3,14,-4,14,-3,14,-4,13,-4,14,-4,13,-4,12,-4,12,-5,11,-5,11,-5,11,-5,11,-6,10,-6,10,-6,9,0,0,0,0,0,0,0,0,0,0,0.0,0.0,0.0,0.0,0.0,0.0,10.63014581273465,10.816653826391969,10.816653826391969,10.816653826391969,10.816653826391969,11.661903789690601,11.661903789690601,11.180339887498949,11.180339887498949,12.083045973594572,12.083045973594572,11.704699910719626,11.704699910719626,11.704699910719626,12.649110640673518,12.649110640673518,12.36931687685298,12.36931687685298,13.341664064126334,13.341664064126334,13.341664064126334,14.317821063276353,13.152946437965905,14.142135623730951,14.142135623730951,14.142135623730951,0.0,15.132745950421556,15.132745950421556,15.132745950421556,15.132745950421556,15.132745950421556,15.132745950421556,15.132745950421556,15.297058540778355,15.297058540778355,15.297058540778355,14.317821063276353,14.317821063276353,14.560219778561036,14.317821063276353,13.601470508735444,14.560219778561036,13.601470508735444,12.649110640673518,12.649110640673518,12.083045973594572,12.083045973594572,12.083045973594572,12.083045973594572,11.661903789690601,11.661903789690601,10.816653826391969,0.0,0.0,0.0,0.0,0.0,0.0,0.0,0.0,0.0,0.0,0.0,2.289626326416521,2.158798930342464,2.158798930342464,2.158798930342464,2.158798930342464,2.1112158270654806,2.1112158270654806,2.0344439357957027,2.0344439357957027,1.9974238199217726,1.9974238199217726,1.9195673303788037,1.9195673303788037,1.9195673303788037,1.892546881191539,1.892546881191539,1.8157749899217608,1.8157749899217608,1.7975951748487824,1.7975951748487824,1.7975951748487824,1.7818896600176433,1.7234456551901618,1.7126933813990606,1.7126933813990606,1.7126933813990606,0.0,1.7033478590915707,1.7033478590915707,1.7033478590915707,1.7033478590915707,1.7033478590915707,1.7033478590915707,1.7033478590915707,1.7681918866447774,1.7681918866447774,1.7681918866447774,1.7818896600176433,1.7818896600176433,1.849095985800008,1.7818896600176433,1.8692952583810758,1.849095985800008,1.8692952583810758,1.892546881191539,1.892546881191539,1.9974238199217726,1.9974238199217726,1.9974238199217726,1.9974238199217726,2.1112158270654806,2.1112158270654806,2.158798930342464,0.0,0.0,0.0,0.0,0.0
38.88342557600117,tx,1a:00:00:00:00:00,-48,94.91783266961075,64,0.6632778836383232,5.58343376494568,0,0,0,0,0,0,0,0,0,0,0,0,-9,-6,-9,-6,-10,-6,-10,-6,-10,-6,-10,-5,-11,-5,-11,-5,-11,-5,-12,-5,-12,-5,-12,-4,-12,-4,-12,-4,-12,-3,-13,-3,-13,-3,-13,-3,-13,-2,-14,-2,-14,-2,-14,-2,-14,-2,-15,-2,-15,-2,-15,-1,0,0,-15,-1,-16,-1,-15,-1,-16,-1,-15,-2,-16,-1,-16,-2,-16,-2,-15,-2,-15,-2,-15,-3,-15,-3,-14,-3,-14,-3,-14,-3,-14,-3,-14,-4,-13,-3,-13,-4,-12,-4,-12,-4,-12,-4,-11,-5,-11,-5,-10,-5,-10,-6,0,0,0,0,0,0,0,0,0,0,0.0,0.0,0.0,0.0,0.0,0.0,10.816653826391969,10.816653826391969,11.661903789690601,11.661903789690601,11.661903789690601,11.180339887498949,12.083045973594572,12.083045973594572,12.083045973594572,13.0,13.0,12.649110640673518,12.649110640673518,12.649110640673518,12.36931687685298,13.341664064126334,13.341664064126334,13.341664064126334,13.152946437965905,14.142135623730951,14.142135623730951,14.142135623730951,14.142135623730951,15.132745950421556,15.132745950421556,15.033296378372908,0.0,15.033296378372908,16.0312195418814,15.033296378372908,16.0312195418814,15.132745950421556,16.0312195418814,16.1245154965971,16.1245154965971,15.132745950421556,15.132745950421556,15.297058540778355,15.297058540778355,14.317821063276353,14.317821063276353,14.317821063276353,14.317821063276353,14.560219778561036,13.341664064126334,13.601470508735444,12.649110640673518,12.649110640673518,12.649110640673518,12.083045973594572,12.083045973594572,11.180339887498949,11.661903789690601,0.0,0.0,0.0,0.0,0.0,0.0,0.0,0.0,0.0,0.0,0.0,-2.5535900500422257,-2.5535900500422257,-2.601173153319209,-2.601173153319209,-2.601173153319209,-2.677945044588987,-2.714965160462917,-2.714965160462917,-2.714965160462917,-2.746801533890032,-2.746801533890032,-2.819842099193151,-2.819842099193151,-2.819842099193151,-2.896613990462929,-2.9147938055359073,-2.9147938055359073,-2.9147938055359073,-2.988943325194528,-2.999695598985629,-2.999695598985629,-2.999695598985629,-2.999695598985629,-3.0090411212931194,-3.0090411212931194,-3.0750244898139694,0.0,-3.0750244898139694,-3.079173843593836,-3.0750244898139694,-3.079173843593836,-3.0090411212931194,-3.079173843593836,-3.017237659043032,-3.017237659043032,-3.0090411212931194,-3.0090411212931194,-2.9441970937399127,-2.9441970937399127,-2.930499320367047,-2.930499320367047,-2.930499320367047,-2.930499320367047,-2.8632929945846817,-2.9147938055359073,-2.843093722003614,-2.819842099193151,-2.819842099193151,-2.819842099193151,-2.714965160462917,-2.714965160462917,-2.677945044588987,-2.601173153319209,0.0,0.0,0.0,0.0,0.0
38.99096220100182,tx,1a:00:00:00:00:00,-48,95.09401525770383,64,0.6632684722707336,5.626033715336919,0,0,0,0,0,0,0,0,0,0,0,0,0,11,0,11,1,12,1,11,1,12,1,11,2,11,2,11,3,11,2,12,2,12,3,12,3,12,4,12,4,12,5,12,5,11,6,12,6,11,7,12,6,12,7,12,7,13,7,12,8,13,8,13,0,0,8,13,9,13,8,13,9,13,8,13,9,13,9,13,8,13,8,13,8,14,7,13,6,14,6,14,6,13,7,13,6,12,6,13,5,12,5,12,5,12,4,12,4,12,3,12,2,12,2,11,1,11,0,0,0,0,0,0,0,0,0,0,0.0,0.0,0.0,0.0,0.0,0.0,11.0,11.0,12.041594578792296,11.045361017187261,12.041594578792296,11.045361017187261,11.180339887498949,11.180339887498949,11.40175425099138,12.165525060596439,12.165525060596439,12.36931687685298,12.36931687685298,12.649110640673518,12.649110640673518,13.0,12.083045973594572,13.416407864998739,12.529964086141668,13.892443989449804,13.416407864998739,13.892443989449804,14.7648230602334,13.892443989449804,15.264337522473747,15.264337522473747,0.0,15.264337522473747,15.811388300841896,15.264337522473747,15.811388300841896,15.264337522473747,15.811388300841896,15.811388300841896,15.264337522473747,15.264337522473747,16.1245154965971,14.7648230602334,15.231546211727817,15.231546211727817,14.317821063276353,14.7648230602334,13.416407864998739,14.317821063276353,13.0,13.0,13.0,12.649110640673518,12.649110640673518,12.36931687685298,12.165525060596439,11.180339887498949,11.045361017187261,0.0,0.0,0.0,0.0,0.0,0.0,0.0,0.0,0.0,0.0,0.0,1.5707963267948966,1.5707963267948966,1.4876550949064553,1.4801364395941514,1.4876550949064553,1.4801364395941514,1.3909428270024184,1.3909428270024184,1.3045442776439713,1.4056476493802699,1.4056476493802699,1.3258176636680326,1.3258176636680326,1.2490457723982544,1.2490457723982544,1.176005207095135,1.1441688336680205,1.1071487177940904,1.0714496051147666,1.042721878368537,1.1071487177940904,1.042721878368537,1.0768549578753155,1.042721878368537,1.0191413442663497,1.0191413442663497,0.0,1.0191413442663497,0.9652516631899266,1.0191413442663497,0.9652516631899266,1.0191413442663497,0.9652516631899266,0.9652516631899266,1.0191413442663497,1.0191413442663497,1.0516502125483738,1.0768549578753155,1.1659045405098132,1.1659045405098132,1.1383885512243588,1.0768549578753155,1.1071487177940904,1.1383885512243588,1.176005207095135,1.176005207095135,1.176005207095135,1.2490457723982544,1.2490457723982544,1.3258176636680326,1.4056476493802699,1.3909428270024184,1.4801364395941514,0.0,0.0,0.0,0.0,0.0
39.09733291200246,tx,1a:00:00:00:00:00,-49,95.09401525770383,64,0.6645386873300836,5.6680712729126,0,0,0,0,0,0,0,0,0,0,0,0,-3,-12,-3,-11,-4,-12,-4,-11,-4,-12,-4,-11,-5,-12,-4,-12,-5,-12,-5,-12,-5,-12,-6,-12,-6,-12,-7,-12,-7,-12,-8,-12,-8,-11,-8,-12,-8,-11,-9,-12,-8,-12,-9,-12,-10,-12,-10,-12,-10,-12,-10,-12,0,0,-10,-13,-11,-13,-11,-12,-11,-13,-11,-12,-11,-13,-10,-14,-10,-14,-10,-13,-10,-14,-10,-13,-9,-13,-9,-13,-8,-13,-9,-13,-8,-12,-8,-14,-7,-12,-7,-12,-6,-12,-6,-12,-6,-12,-5,-13,-5,-12,-4,-12,-3,-12,0,0,0,0,0,0,0,0,0,0,0.0,0.0,0.0,0.0,0.0,0.0,12.36931687685298,11.40175425099138,12.649110640673518,11.704699910719626,12.649110640673518,11.704699910719626,13.0,12.649110640673518,13.0,13.0,13.0,13.416407864998739,13.416407864998739,13.892443989449804,13.892443989449804,14.422205101855956,13.601470508735444,14.422205101855956,13.601470508735444,15.0,14.422205101855956,15.0,15.620499351813308,15.620499351813308,15.620499351813308,15.620499351813308,0.0,16.401219466856727,17.029386365926403,16.278820596099706,17.029386365926403,16.278820596099706,17.029386365926403,17.204650534085253,17.204650534085253,16.401219466856727,17.204650534085253,16.401219466856727,15.811388300841896,15.811388300841896,15.264337522473747,15.811388300841896,14.422205101855956,16.1245154965971,13.892443989449804,13.892443989449804,13.416407864998739,13.416407864998739,13.416407864998739,13.92838827718412,13.0,12.649110640673518,12.36931687685298,0.0,0.0,0.0,0.0,0.0,0.0,0.0,0.0,0.0,0.0,0.0,-1.8157749899217608,-1.837048375945822,-1.892546881191539,-1.9195673303788037,-1.892546881191539,-1.9195673303788037,-1.965587446494658,-1.892546881191539,-1.965587446494658,-1.965587446494658,-1.965587446494658,-2.0344439357957027,-2.0344439357957027,-2.0988707752212563,-2.0988707752212563,-2.158798930342464,-2.1995926132103296,-2.158798930342464,-2.1995926132103296,-2.214297435588181,-2.158798930342464,-2.214297435588181,-2.2655346029916,-2.2655346029916,-2.2655346029916,-2.2655346029916,0.0,-2.2264919530364327,-2.2730532583039036,-2.312743594800814,-2.2730532583039036,-2.312743594800814,-2.2730532583039036,-2.191045812777718,-2.191045812777718,-2.2264919530364327,-2.191045812777718,-2.2264919530364327,-2.1763409903998667,-2.1763409903998667,-2.1224513093234436,-2.1763409903998667,-2.158798930342464,-2.0899424410414196,-2.0988707752212563,-2.0988707752212563,-2.0344439357957027,-2.0344439357957027,-2.0344439357957027,-1.9379701606131159,-1.965587446494658,-1.892546881191539,-1.8157749899217608,0.0,0.0,0.0,0.0,0.0
39.19780812400131,tx,1a:00:00:00:00:00,-48,95.09401525770383,64,0.6680831532707985,5.708817204034533,0,0,0,0,0,0,0,0,0,0,0,0,6,7,6,8,6,7,7,7,8,7,7,7,8,7,7,6,8,6,8,6,8,7,9,6,9,6,9,6,9,6,10,6,10,5,10,5,11,5,11,5,11,5,12,5,11,5,12,5,12,5,12,5,0,0,12,5,13,5,13,5,13,5,13,5,13,5,13,5,13,5,13,5,12,5,12,6,12,6,11,6,11,6,11,6,11,6,10,6,10,6,10,6,9,6,9,6,8,6,8,7,7,7,7,7,6,7,0,0,0,0,0,0,0,0,0,0,0.0,0.0,0.0,0.0,0.0,0.0,9.219544457292887,10.0,9.219544457292887,9.899494936611665,10.63014581273465,9.899494936611665,10.63014581273465,9.219544457292887,10.0,10.0,10.63014581273465,10.816653826391969,10.816653826391969,10.816653826391969,10.816653826391969,11.661903789690601,11.180339887498949,11.180339887498949,12.083045973594572,12.083045973594572,12.083045973594572,13.0,12.083045973594572,13.0,13.0,13.0,0.0,13.0,13.92838827718412,13.92838827718412,13.92838827718412,13.92838827718412,13.92838827718412,13.92838827718412,13.92838827718412,13.92838827718412,13.0,13.416407864998739,13.416407864998739,12.529964086141668,12.529964086141668,12.529964086141668,12.529964086141668,11.661903789690601,11.661903789690601,11.661903789690601,10.816653826391969,10.816653826391969,10.0,10.63014581273465,9.899494936611665,9.899494936611665,9.219544457292887,0.0,0.0,0.0,0.0,0.0,0.0,0.0,0.0,0.0,0.0,0.0,0.8621700546672264,0.9272952180016122,0.8621700546672264,0.7853981633974483,0.7188299996216245,0.7853981633974483,0.7188299996216245,0.7086262721276703,0.6435011087932844,0.6435011087932844,0.7188299996216245,0.5880026035475675,0.5880026035475675,0.5880026035475675,0.5880026035475675,0.5404195002705842,0.4636476090008061,0.4636476090008061,0.4266274931268761,0.4266274931268761,0.4266274931268761,0.3947911196997615,0.4266274931268761,0.3947911196997615,0.3947911196997615,0.3947911196997615,0.0,0.3947911196997615,0.3671738338182192,0.3671738338182192,0.3671738338182192,0.3671738338182192,0.3671738338182192,0.3671738338182192,0.3671738338182192,0.3671738338182192,0.3947911196997615,0.4636476090008061,0.4636476090008061,0.4993467216801301,0.4993467216801301,0.4993467216801301,0.4993467216801301,0.5404195002705842,0.5404195002705842,0.5404195002705842,0.5880026035475675,0.5880026035475675,0.6435011087932844,0.7188299996216245,0.7853981633974483,0.7853981633974483,0.8621700546672264,0.0,0.0,0.0,0.0,0.0
39.29924582900276,tx,1a:00:00:00:00:00,-49,95.09401525770383,64,0.6707625662010732,5.747645921854825,0,0,0,0,0,0,0,0,0,0,0,0,0,-11,0,-11,0,-12,0,-12,0,-12,-1,-12,-1,-12,-1,-12,-1,-12,-2,-12,-2,-13,-3,-12,-3,-13,-3,-13,-4,-13,-4,-13,-4,-13,-4,-13,-5,-13,-5,-13,-5,-13,-5,-14,-6,-13,-6,-14,-6,-14,-7,-14,0,0,-7,-15,-6,-15,-7,-15,-7,-14,-6,-15,-6,-15,-6,-15,-6,-15,-5,-15,-5,-15,-5,-15,-5,-15,-5,-15,-5,-14,-4,-14,-4,-14,-4,-14,-3,-13,-3,-13,-2,-13,-2,-13,-1,-13,-1,-12,-1,-12,-1,-12,0,-11,0,0,0,0,0,0,0,0,0,0,0.0,0.0,0.0,0.0,0.0,0.0,11.0,11.0,12.0,12.0,12.0,12.041594578792296,12.041594578792296,12.041594578792296,12.041594578792296,12.165525060596439,13.152946437965905,12.36931687685298,13.341664064126334,13.341664064126334,13.601470508735444,13.601470508735444,13.601470508735444,13.601470508735444,13.92838827718412,13.92838827718412,13.92838827718412,14.866068747318506,14.317821063276353,15.231546211727817,15.231546211727817,15.652475842498529,0.0,16.55294535724685,16.15549442140351,16.55294535724685,15.652475842498529,16.15549442140351,16.15549442140351,16.15549442140351,16.15549442140351,15.811388300841896,15.811388300841896,15.811388300841896,15.811388300841896,15.811388300841896,14.866068747318506,14.560219778561036,14.560219778561036,14.560219778561036,13.341664064126334,13.341664064126334,13.152946437965905,13.152946437965905,13.038404810405298,12.041594578792296,12.041594578792296,12.041594578792296,11.0,0.0,0.0,0.0,0.0,0.0,0.0,0.0,0.0,0.0,0.0,0.0,-1.5707963267948966,-1.5707963267948966,-1.5707963267948966,-1.5707963267948966,-1.5707963267948966,-1.6539375586833378,-1.6539375586833378,-1.6539375586833378,-1.6539375586833378,-1.7359450042095235,-1.7234456551901618,-1.8157749899217608,-1.7975951748487824,-1.7975951748487824,-1.8692952583810758,-1.8692952583810758,-1.8692952583810758,-1.8692952583810758,-1.9379701606131159,-1.9379701606131159,-1.9379701606131159,-1.9138202672156,-2.0032041023654346,-1.97568811307998,-1.97568811307998,-2.0344439357957027,0.0,-2.007423486608438,-1.9513027039072615,-2.007423486608438,-2.0344439357957027,-1.9513027039072615,-1.9513027039072615,-1.9513027039072615,-1.9513027039072615,-1.892546881191539,-1.892546881191539,-1.892546881191539,-1.892546881191539,-1.892546881191539,-1.9138202672156,-1.849095985800008,-1.849095985800008,-1.849095985800008,-1.7975951748487824,-1.7975951748487824,-1.7234456551901618,-1.7234456551901618,-1.6475682180646747,-1.6539375586833378,-1.6539375586833378,-1.6539375586833378,-1.5707963267948966,0.0,0.0,0.0,0.0,0.0
39.401840685000934,tx,1a:00:00:00:00:00,-49,95.09401525770383,64,0.673207087547111,5.784060705183367,0,0,0,0,0,0,0,0,0,0,0,0,-3,-11,-3,-11,-4,-11,-4,-11,-4,-11,-4,-11,-5,-11,-5,-11,-5,-11,-5,-11,-5,-12,-6,-12,-6,-11,-6,-11,-7,-11,-7,-11,-8,-12,-8,-11,-8,-11,-8,-11,-8,-12,-9,-11,-9,-12,-10,-12,-10,-12,-10,-12,0,0,-10,-12,-10,-12,-10,-12,-10,-12,-10,-13,-10,-13,-10,-13,-10,-13,-10,-13,-9,-13,-9,-13,-8,-13,-8,-13,-8,-13,-8,-13,-7,-13,-7,-13,-7,-12,-6,-12,-6,-12,-5,-12,-5,-12,-4,-12,-4,-12,-3,-11,-2,-11,0,0,0,0,0,0,0,0,0,0,0.0,0.0,0.0,0.0,0.0,0.0,11.40175425099138,11.40175425099138,11.704699910719626,11.704699910719626,11.704699910719626,11.704699910719626,12.083045973594572,12.083045973594572,12.083045973594572,12.083045973594572,13.0,13.416407864998739,12.529964086141668,12.529964086141668,13.038404810405298,13.038404810405298,14.422205101855956,13.601470508735444,13.601470508735444,13.601470508735444,14.422205101855956,14.212670403551895,15.0,15.620499351813308,15.620499351813308,15.620499351813308,0.0,15.620499351813308,15.620499351813308,15.620499351813308,15.620499351813308,16.401219466856727,16.401219466856727,16.401219466856727,16.401219466856727,16.401219466856727,15.811388300841896,15.811388300841896,15.264337522473747,15.264337522473747,15.264337522473747,15.264337522473747,14.7648230602334,14.7648230602334,13.892443989449804,13.416407864998739,13.416407864998739,13.0,13.0,12.649110640673518,12.649110640673518,11.40175425099138,11.180339887498949,0.0,0.0,0.0,0.0,0.0,0.0,0.0,0.0,0.0,0.0,0.0,-1.837048375945822,-1.837048375945822,-1.9195673303788037,-1.9195673303788037,-1.9195673303788037,-1.9195673303788037,-1.9974238199217726,-1.9974238199217726,-1.9974238199217726,-1.9974238199217726,-1.965587446494658,-2.0344439357957027,-2.0701430484750265,-2.0701430484750265,-2.137525544318403,-2.137525544318403,-2.158798930342464,-2.1995926132103296,-2.1995926132103296,-2.1995926132103296,-2.158798930342464,-2.256525837701183,-2.214297435588181,-2.2655346029916,-2.2655346029916,-2.2655346029916,0.0,-2.2655346029916,-2.2655346029916,-2.2655346029916,-2.2655346029916,-2.2264919530364327,-2.2264919530364327,-2.2264919530364327,-2.2264919530364327,-2.2264919530364327,-2.1763409903998667,-2.1763409903998667,-2.1224513093234436,-2.1224513093234436,-2.1224513093234436,-2.1224513093234436,-2.0647376957144776,-2.0647376957144776,-2.0988707752212563,-2.0344439357957027,-2.0344439357957027,-1.965587446494658,-1.965587446494658,-1.892546881191539,-1.892546881191539,-1.837048375945822,-1.750649826587375,0.0,0.0,0.0,0.0,0.0
39.50285286000144,tx,1a:00:00:00:00:00,-49,95.09401525770383,64,0.6734224024031253,5.817746335868723,0,0,0,0,0,0,0,0,0,0,0,0,-9,6,-9,6,-9,7,-9,6,-9,7,-8,7,-9,7,-9,7,-8,8,-9,8,-9,8,-8,9,-8,9,-8,9,-8,10,-7,11,-7,10,-7,11,-6,11,-6,11,-7,11,-6,12,-7,12,-7,12,-7,13,-6,12,0,0,-6,13,-6,14,-6,13,-6,14,-6,13,-7,14,-7,14,-8,14,-7,13,-8,13,-8,12,-8,12,-8,12,-7,11,-7,12,-7,11,-8,12,-7,10,-7,10,-7,10,-8,9,-7,9,-8,9,-8,8,-8,7,-8,6,0,0,0,0,0,0,0,0,0,0,0.0,0.0,0.0,0.0,0.0,0.0,10.816653826391969,10.816653826391969,11.40175425099138,10.816653826391969,11.40175425099138,10.63014581273465,11.40175425099138,11.40175425099138,11.313708498984761,12.041594578792296,12.041594578792296,12.041594578792296,12.041594578792296,12.041594578792296,12.806248474865697,13.038404810405298,12.206555615733702,13.038404810405298,12.529964086141668,12.529964086141668,13.038404810405298,13.416407864998739,13.892443989449804,13.892443989449804,14.7648230602334,13.416407864998739,0.0,14.317821063276353,15.231546211727817,14.317821063276353,15.231546211727817,14.317821063276353,15.652475842498529,15.652475842498529,16.1245154965971,14.7648230602334,15.264337522473747,14.422205101855956,14.422205101855956,14.422205101855956,13.038404810405298,13.892443989449804,13.038404810405298,14.422205101855956,12.206555615733702,12.206555615733702,12.206555615733702,12.041594578792296,11.40175425099138,12.041594578792296,11.313708498984761,10.63014581273465,10.0,0.0,0.0,0.0,0.0,0.0,0.0,0.0,0.0,0.0,0.0,0.0,2.5535900500422257,2.5535900500422257,2.4805494847391065,2.5535900500422257,2.4805494847391065,2.4227626539681686,2.4805494847391065,2.4805494847391065,2.356194490192345,2.4149503129080676,2.4149503129080676,2.297438667476622,2.297438667476622,2.297438667476622,2.2455372690184494,2.137525544318403,2.1815222911841055,2.137525544318403,2.0701430484750265,2.0701430484750265,2.137525544318403,2.0344439357957027,2.0988707752212563,2.0988707752212563,2.0647376957144776,2.0344439357957027,0.0,2.0032041023654346,1.97568811307998,2.0032041023654346,1.97568811307998,2.0032041023654346,2.0344439357957027,2.0344439357957027,2.0899424410414196,2.0647376957144776,2.1224513093234436,2.158798930342464,2.158798930342464,2.158798930342464,2.137525544318403,2.0988707752212563,2.137525544318403,2.158798930342464,2.1815222911841055,2.1815222911841055,2.1815222911841055,2.297438667476622,2.2318394956455836,2.297438667476622,2.356194490192345,2.4227626539681686,2.498091544796509,0.0,0.0,0.0,0.0,0.0
39.608198087000346,tx,1a:00:00:00:00:00,-48,95.09401525770383,64,0.6734071834712807,5.848603179251415,0,0,0,0,0,0,0,0,0,0,0,0,-9,3,-10,4,-9,4,-10,5,-9,5,-10,5,-10,4,-10,5,-10,5,-9,6,-9,6,-9,7,-9,7,-9,7,-9,8,-9,8,-9,8,-8,8,-9,9,-9,9,-8,10,-9,10,-8,10,-8,11,-8,11,-8,12,0,0,-8,12,-9,11,-9,12,-8,11,-8,11,-3,16,-10,13,-10,11,-9,11,-9,11,-9,11,-9,11,-9,11,-9,11,-9,9,-10,10,-9,9,-9,9,-9,8,-9,7,-9,8,-9,7,-9,7,-9,6,-9,6,-9,5,0,0,0,0,0,0,0,0,0,0,0.0,0.0,0.0,0.0,0.0,0.0,9.486832980505138,10.770329614269007,9.848857801796104,11.180339887498949,10.295630140987,11.180339887498949,10.770329614269007,11.180339887498949,11.180339887498949,10.816653826391969,10.816653826391969,11.40175425099138,11.40175425099138,11.40175425099138,12.041594578792296,12.041594578792296,12.041594578792296,11.313708498984761,12.727922061357855,12.727922061357855,12.806248474865697,13.45362404707371,12.806248474865697,13.601470508735444,13.601470508735444,14.422205101855956,0.0,14.422205101855956,14.212670403551895,15.0,13.601470508735444,13.601470508735444,16.278820596099706,16.401219466856727,14.866068747318506,14.212670403551895,14.212670403551895,14.212670403551895,14.212670403551895,14.212670403551895,14.212670403551895,12.727922061357855,14.142135623730951,12.727922061357855,12.727922061357855,12.041594578792296,11.40175425099138,12.041594578792296,11.40175425099138,11.40175425099138,10.816653826391969,10.816653826391969,10.295630140987,0.0,0.0,0.0,0.0,0.0,0.0,0.0,0.0,0.0,0.0,0.0,2.819842099193151,2.761086276477428,2.723368324010564,2.677945044588987,2.6344941491974563,2.677945044588987,2.761086276477428,2.677945044588987,2.677945044588987,2.5535900500422257,2.5535900500422257,2.4805494847391065,2.4805494847391065,2.4805494847391065,2.4149503129080676,2.4149503129080676,2.4149503129080676,2.356194490192345,2.356194490192345,2.356194490192345,2.2455372690184494,2.3036114285814033,2.2455372690184494,2.1995926132103296,2.1995926132103296,2.158798930342464,0.0,2.158798930342464,2.256525837701183,2.214297435588181,2.1995926132103296,2.1995926132103296,1.7561442767905915,2.2264919530364327,2.3086113869153615,2.256525837701183,2.256525837701183,2.256525837701183,2.256525837701183,2.256525837701183,2.256525837701183,2.356194490192345,2.356194490192345,2.356194490192345,2.356194490192345,2.4149503129080676,2.4805494847391065,2.4149503129080676,2.4805494847391065,2.4805494847391065,2.5535900500422257,2.5535900500422257,2.6344941491974563,0.0,0.0,0.0,0.0,0.0
39.7088933979976,tx,1a:00:00:00:00:00,-49,95.09401525770383,64,0.6735334301671095,5.876631515305439,0,0,0,0,0,0,0,0,0,0,0,0,-10,5,-10,5,-10,6,-10,5,-10,6,-10,6,-10,7,-10,6,-9,7,-10,7,-10,7,-10,8,-10,8,-9,8,-9,8,-9,10,-9,9,-9,10,-9,10,-9,11,-9,10,-9,11,-9,11,-9,12,-9,12,-9,11,0,0,-9,12,-9,13,-9,12,-10,13,-10,12,-10,13,-10,13,-11,12,-10,12,-11,12,-11,11,-11,11,-11,10,-10,10,-10,10,-10,10,-11,10,-10,9,-10,8,-10,8,-11,7,-10,7,-11,6,-11,6,-11,5,-10,4,0,0,0,0,0,0,0,0,0,0,0.0,0.0,0.0,0.0,0.0,0.0,11.180339887498949,11.180339887498949,11.661903789690601,11.180339887498949,11.661903789690601,11.661903789690601,12.206555615733702,11.661903789690601,11.40175425099138,12.206555615733702,12.206555615733702,12.806248474865697,12.806248474865697,12.041594578792296,12.041594578792296,13.45362404707371,12.727922061357855,13.45362404707371,13.45362404707371,14.212670403551895,13.45362404707371,14.212670403551895,14.212670403551895,15.0,15.0,14.212670403551895,0.0,15.0,15.811388300841896,15.0,16.401219466856727,15.620499351813308,16.401219466856727,16.401219466856727,16.278820596099706,15.620499351813308,16.278820596099706,15.556349186104045,15.556349186104045,14.866068747318506,14.142135623730951,14.142135623730951,14.142135623730951,14.866068747318506,13.45362404707371,12.806248474865697,12.806248474865697,13.038404810405298,12.206555615733702,12.529964086141668,12.529964086141668,12.083045973594572,10.770329614269007,0.0,0.0,0.0,0.0,0.0,0.0,0.0,0.0,0.0,0.0,0.0,2.677945044588987,2.677945044588987,2.601173153319209,2.677945044588987,2.601173153319209,2.601173153319209,2.5308666892005847,2.601173153319209,2.4805494847391065,2.5308666892005847,2.5308666892005847,2.4668517113662407,2.4668517113662407,2.4149503129080676,2.4149503129080676,2.3036114285814033,2.356194490192345,2.3036114285814033,2.3036114285814033,2.256525837701183,2.3036114285814033,2.256525837701183,2.256525837701183,2.214297435588181,2.214297435588181,2.256525837701183,0.0,2.214297435588181,2.1763409903998667,2.214297435588181,2.2264919530364327,2.2655346029916,2.2264919530364327,2.2264919530364327,2.312743594800814,2.2655346029916,2.312743594800814,2.356194490192345,2.356194490192345,2.403777593469328,2.356194490192345,2.356194490192345,2.356194490192345,2.403777593469328,2.408777551803287,2.4668517113662407,2.4668517113662407,2.5748634360662868,2.5308666892005847,2.642245931909663,2.642245931909663,2.714965160462917,2.761086276477428,0.0,0.0,0.0,0.0,0.0
39.811023524998745,tx,1a:00:00:00:00:00,-49,95.09401525770383,64,0.6734739594932889,5.9018453350878115,0,0,0,0,0,0,0,0,0,0,0,0,-10,-4,-10,-4,-11,-3,-11,-3,-11,-3,-11,-3,-11,-3,-11,-3,-11,-3,-12,-2,-12,-1,-12,-1,-12,-1,-12,-1,-13,-1,-13,-1,-13,0,-13,0,-13,1,-13,0,-13,1,-14,1,-14,1,-14,2,-15,2,-15,2,0,0,-15,2,-15,2,-15,2,-15,2,-15,2,-16,2,-15,1,-15,1,-16,1,-15,1,-15,1,-15,1,-15,0,-15,0,-14,0,-14,-1,-14,-1,-13,-1,-13,-1,-12,-2,-13,-2,-12,-3,-12,-2,-11,-3,-11,-3,-11,-4,0,0,0,0,0,0,0,0,0,0,0.0,0.0,0.0,0.0,0.0,0.0,10.770329614269007,10.770329614269007,11.40175425099138,11.40175425099138,11.40175425099138,11.40175425099138,11.40175425099138,11.40175425099138,11.40175425099138,12.165525060596439,12.041594578792296,12.041594578792296,12.041594578792296,12.041594578792296,13.038404810405298,13.038404810405298,13.0,13.0,13.038404810405298,13.0,13.038404810405298,14.035668847618199,14.035668847618199,14.142135623730951,15.132745950421556,15.132745950421556,0.0,15.132745950421556,15.132745950421556,15.132745950421556,15.132745950421556,15.132745950421556,16.1245154965971,15.033296378372908,15.033296378372908,16.0312195418814,15.033296378372908,15.033296378372908,15.033296378372908,15.0,15.0,14.0,14.035668847618199,14.035668847618199,13.038404810405298,13.038404810405298,12.165525060596439,13.152946437965905,12.36931687685298,12.165525060596439,11.40175425099138,11.40175425099138,11.704699910719626,0.0,0.0,0.0,0.0,0.0,0.0,0.0,0.0,0.0,0.0,0.0,-2.761086276477428,-2.761086276477428,-2.875340604438868,-2.875340604438868,-2.875340604438868,-2.875340604438868,-2.875340604438868,-2.875340604438868,-2.875340604438868,-2.976443976175166,-3.058451421701352,-3.058451421701352,-3.058451421701352,-3.058451421701352,-3.064820762320015,-3.064820762320015,3.141592653589793,3.141592653589793,3.064820762320015,3.141592653589793,3.064820762320015,3.070285188804503,3.070285188804503,2.999695598985629,3.0090411212931194,3.0090411212931194,0.0,3.0090411212931194,3.0090411212931194,3.0090411212931194,3.0090411212931194,3.0090411212931194,3.017237659043032,3.0750244898139694,3.0750244898139694,3.079173843593836,3.0750244898139694,3.0750244898139694,3.0750244898139694,3.141592653589793,3.141592653589793,3.141592653589793,-3.070285188804503,-3.070285188804503,-3.064820762320015,-3.064820762320015,-2.976443976175166,-2.988943325194528,-2.896613990462929,-2.976443976175166,-2.875340604438868,-2.875340604438868,-2.7928216500058864,0.0,0.0,0.0,0.0,0.0
39.91404287199839,tx,1a:00:00:00:00:00,-49,95.09401525770383,64,0.6755652226302571,5.924259469795781,0,0,0,0,0,0,0,0,0,0,0,0,-2,10,-1,9,-1,10,-1,10,-1,10,-1,10,0,10,0,10,0,10,0,11,0,11,1,11,1,11,1,11,2,11,3,11,3,11,3,11,3,11,4,11,4,11,5,12,4,12,5,12,5,12,5,12,0,0,6,13,6,13,6,13,6,12,5,12,6,13,5,13,5,13,5,13,4,13,4,13,4,13,4,13,4,13,4,12,3,12,3,12,3,11,3,11,2,11,2,11,2,11,1,11,0,10,0,10,-1,10,0,0,0,0,0,0,0,0,0,0,0.0,0.0,0.0,0.0,0.0,0.0,10.198039027185569,9.055385138137417,10.04987562112089,10.04987562112089,10.04987562112089,10.04987562112089,10.0,10.0,10.0,11.0,11.0,11.045361017187261,11.045361017187261,11.045361017187261,11.180339887498949,11.40175425099138,11.40175425099138,11.40175425099138,11.40175425099138,11.704699910719626,11.704699910719626,13.0,12.649110640673518,13.0,13.0,13.0,0.0,14.317821063276353,14.317821063276353,14.317821063276353,13.416407864998739,13.0,14.317821063276353,13.92838827718412,13.92838827718412,13.92838827718412,13.601470508735444,13.601470508735444,13.601470508735444,13.601470508735444,13.601470508735444,12.649110640673518,12.36931687685298,12.36931687685298,11.40175425099138,11.40175425099138,11.180339887498949,11.180339887498949,11.180339887498949,11.045361017187261,10.0,10.0,10.04987562112089,0.0,0.0,0.0,0.0,0.0,0.0,0.0,0.0,0.0,0.0,0.0,1.7681918866447774,1.6814535479687922,1.6704649792860586,1.6704649792860586,1.6704649792860586,1.6704649792860586,1.5707963267948966,1.5707963267948966,1.5707963267948966,1.5707963267948966,1.5707963267948966,1.4801364395941514,1.4801364395941514,1.4801364395941514,1.3909428270024184,1.3045442776439713,1.3045442776439713,1.3045442776439713,1.3045442776439713,1.2220253232109897,1.2220253232109897,1.176005207095135,1.2490457723982544,1.176005207095135,1.176005207095135,1.176005207095135,0.0,1.1383885512243588,1.1383885512243588,1.1383885512243588,1.1071487177940904,1.176005207095135,1.1383885512243588,1.2036224929766774,1.2036224929766774,1.2036224929766774,1.2722973952087173,1.2722973952087173,1.2722973952087173,1.2722973952087173,1.2722973952087173,1.2490457723982544,1.3258176636680326,1.3258176636680326,1.3045442776439713,1.3045442776439713,1.3909428270024184,1.3909428270024184,1.3909428270024184,1.4801364395941514,1.5707963267948966,1.5707963267948966,1.6704649792860586,0.0,0.0,0.0,0.0,0.0
40.01839792999817,tx,1a:00:00:00:00:00,-49,98.13388952551081,64,0.6783477523034297,5.943973926137478,0,0,0,0,0,0,0,0,0,0,0,0,-8,6,-7,5,-8,7,-8,7,-8,7,-7,7,-7,7,-7,7,-6,8,-8,8,-7,8,-7,8,-7,9,-7,9,-6,9,-6,11,-5,9,-6,11,-5,10,-5,11,-5,11,-5,12,-6,12,-5,12,-5,12,-5,12,0,0,-5,12,-5,13,-5,12,-5,14,-5,12,-5,13,-5,13,-6,13,-5,13,-7,13,-6,12,-7,11,-7,11,-7,11,-6,12,-6,11,-7,11,-6,9,-6,10,-7,9,-7,9,-7,9,-8,8,-8,8,-8,7,-8,6,0,0,0,0,0,0,0,0,0,0,0.0,0.0,0.0,0.0,0.0,0.0,10.0,8.602325267042627,10.63014581273465,10.63014581273465,10.63014581273465,9.899494936611665,9.899494936611665,9.899494936611665,10.0,11.313708498984761,10.63014581273465,10.63014581273465,11.40175425099138,11.40175425099138,10.816653826391969,12.529964086141668,10.295630140987,12.529964086141668,11.180339887498949,12.083045973594572,12.083045973594572,13.0,13.416407864998739,13.0,13.0,13.0,0.0,13.0,13.92838827718412,13.0,14.866068747318506,13.0,13.92838827718412,13.92838827718412,14.317821063276353,13.92838827718412,14.7648230602334,13.416407864998739,13.038404810405298,13.038404810405298,13.038404810405298,13.416407864998739,12.529964086141668,13.038404810405298,10.816653826391969,11.661903789690601,11.40175425099138,11.40175425099138,11.40175425099138,11.313708498984761,11.313708498984761,10.63014581273465,10.0,0.0,0.0,0.0,0.0,0.0,0.0,0.0,0.0,0.0,0.0,0.0,2.498091544796509,2.5213431676069717,2.4227626539681686,2.4227626539681686,2.4227626539681686,2.356194490192345,2.356194490192345,2.356194490192345,2.214297435588181,2.356194490192345,2.289626326416521,2.289626326416521,2.2318394956455836,2.2318394956455836,2.158798930342464,2.0701430484750265,2.0778948311872334,2.0701430484750265,2.0344439357957027,1.9974238199217726,1.9974238199217726,1.965587446494658,2.0344439357957027,1.965587446494658,1.965587446494658,1.965587446494658,0.0,1.965587446494658,1.9379701606131159,1.965587446494658,1.9138202672156,1.965587446494658,1.9379701606131159,1.9379701606131159,2.0032041023654346,1.9379701606131159,2.0647376957144776,2.0344439357957027,2.137525544318403,2.137525544318403,2.137525544318403,2.0344439357957027,2.0701430484750265,2.137525544318403,2.158798930342464,2.1112158270654806,2.2318394956455836,2.2318394956455836,2.2318394956455836,2.356194490192345,2.356194490192345,2.4227626539681686,2.498091544796509,0.0,0.0,0.0,0.0,0.0
40.118381097003294,tx,1a:00:00:00:00:00,-49,98.13388952551081,64,0.679438503650212,5.961322595184583,0,0,0,0,0,0,0,0,0,0,0,0,6,-9,6,-10,6,-10,6,-10,6,-10,6,-10,6,-10,5,-11,6,-11,5,-11,5,-12,5,-12,4,-12,4,-12,4,-13,4,-12,4,-13,4,-13,3,-14,3,-14,3,-14,3,-14,3,-14,2,-15,3,-15,2,-16,0,0,3,-16,3,-16,3,-17,3,-16,4,-16,4,-17,4,-16,4,-16,4,-16,4,-15,4,-16,5,-15,5,-15,5,-15,5,-14,6,-14,5,-13,5,-13,6,-13,6,-12,6,-12,7,-11,6,-11,7,-10,7,-10,7,-9,0,0,0,0,0,0,0,0,0,0,0.0,0.0,0.0,0.0,0.0,0.0,10.816653826391969,11.661903789690601,11.661903789690601,11.661903789690601,11.661903789690601,11.661903789690601,11.661903789690601,12.083045973594572,12.529964086141668,12.083045973594572,13.0,13.0,12.649110640673518,12.649110640673518,13.601470508735444,12.649110640673518,13.601470508735444,13.601470508735444,14.317821063276353,14.317821063276353,14.317821063276353,14.317821063276353,14.317821063276353,15.132745950421556,15.297058540778355,16.1245154965971,0.0,16.278820596099706,16.278820596099706,17.26267650163207,16.278820596099706,16.492422502470642,17.46424919657298,16.492422502470642,16.492422502470642,16.492422502470642,15.524174696260024,16.492422502470642,15.811388300841896,15.811388300841896,15.811388300841896,14.866068747318506,15.231546211727817,13.92838827718412,13.92838827718412,14.317821063276353,13.416407864998739,13.416407864998739,13.038404810405298,12.529964086141668,12.206555615733702,12.206555615733702,11.40175425099138,0.0,0.0,0.0,0.0,0.0,0.0,0.0,0.0,0.0,0.0,0.0,-0.982793723247329,-1.0303768265243125,-1.0303768265243125,-1.0303768265243125,-1.0303768265243125,-1.0303768265243125,-1.0303768265243125,-1.1441688336680205,-1.0714496051147666,-1.1441688336680205,-1.176005207095135,-1.176005207095135,-1.2490457723982544,-1.2490457723982544,-1.2722973952087173,-1.2490457723982544,-1.2722973952087173,-1.2722973952087173,-1.35970299357215,-1.35970299357215,-1.35970299357215,-1.35970299357215,-1.35970299357215,-1.4382447944982226,-1.373400766945016,-1.446441332248135,0.0,-1.3854483767992019,-1.3854483767992019,-1.396124127786657,-1.3854483767992019,-1.3258176636680326,-1.3397056595989996,-1.3258176636680326,-1.3258176636680326,-1.3258176636680326,-1.3101939350475555,-1.3258176636680326,-1.2490457723982544,-1.2490457723982544,-1.2490457723982544,-1.2277723863741932,-1.1659045405098132,-1.2036224929766774,-1.2036224929766774,-1.1383885512243588,-1.1071487177940904,-1.1071487177940904,-1.0040671092713902,-1.0714496051147666,-0.960070362405688,-0.960070362405688,-0.9097531579442097,0.0,0.0,0.0,0.0,0.0
40.22092719899956,tx,1a:00:00:00:00:00,-49,98.13388952551081,64,0.6798322781395599,5.9768002228389925,0,0,0,0,0,0,0,0,0,0,0,0,-5,-9,-6,-10,-6,-9,-6,-10,-6,-9,-7,-10,-7,-10,-7,-9,-7,-9,-7,-9,-8,-10,-8,-9,-8,-9,-8,-9,-9,-9,-9,-9,-10,-9,-9,-9,-10,-9,-10,-9,-10,-9,-11,-9,-11,-9,-11,-9,-12,-9,-12,-9,0,0,-12,-9,-12,-9,-12,-9,-12,-9,-12,-10,-12,-10,-12,-10,-11,-10,-11,-10,-11,-10,-11,-10,-10,-10,-10,-10,-10,-10,-10,-10,-9,-10,-9,-10,-9,-10,-8,-10,-8,-10,-7,-10,-7,-10,-6,-10,-6,-10,-5,-10,-4,-10,0,0,0,0,0,0,0,0,0,0,0.0,0.0,0.0,0.0,0.0,0.0,10.295630140987,11.661903789690601,10.816653826391969,11.661903789690601,10.816653826391969,12.206555615733702,12.206555615733702,11.40175425099138,11.40175425099138,11.40175425099138,12.806248474865697,12.041594578792296,12.041594578792296,12.041594578792296,12.727922061357855,12.727922061357855,13.45362404707371,12.727922061357855,13.45362404707371,13.45362404707371,13.45362404707371,14.212670403551895,14.212670403551895,14.212670403551895,15.0,15.0,0.0,15.0,15.0,15.0,15.0,15.620499351813308,15.620499351813308,15.620499351813308,14.866068747318506,14.866068747318506,14.866068747318506,14.866068747318506,14.142135623730951,14.142135623730951,14.142135623730951,14.142135623730951,13.45362404707371,13.45362404707371,13.45362404707371,12.806248474865697,12.806248474865697,12.206555615733702,12.206555615733702,11.661903789690601,11.661903789690601,11.180339887498949,10.770329614269007,0.0,0.0,0.0,0.0,0.0,0.0,0.0,0.0,0.0,0.0,0.0,-2.0778948311872334,-2.1112158270654806,-2.158798930342464,-2.1112158270654806,-2.158798930342464,-2.1815222911841055,-2.1815222911841055,-2.2318394956455836,-2.2318394956455836,-2.2318394956455836,-2.2455372690184494,-2.297438667476622,-2.297438667476622,-2.297438667476622,-2.356194490192345,-2.356194490192345,-2.408777551803287,-2.356194490192345,-2.408777551803287,-2.408777551803287,-2.408777551803287,-2.455863142683507,-2.455863142683507,-2.455863142683507,-2.498091544796509,-2.498091544796509,0.0,-2.498091544796509,-2.498091544796509,-2.498091544796509,-2.498091544796509,-2.44685437739309,-2.44685437739309,-2.44685437739309,-2.403777593469328,-2.403777593469328,-2.403777593469328,-2.403777593469328,-2.356194490192345,-2.356194490192345,-2.356194490192345,-2.356194490192345,-2.3036114285814033,-2.3036114285814033,-2.3036114285814033,-2.2455372690184494,-2.2455372690184494,-2.1815222911841055,-2.1815222911841055,-2.1112158270654806,-2.1112158270654806,-2.0344439357957027,-1.9513027039072615,0.0,0.0,0.0,0.0,0.0
40.32271471700369,tx,1a:00:00:00:00:00,-49,98.13388952551081,64,0.6800940800835866,5.990904075281762,0,0,0,0,0,0,0,0,0,0,0,0,10,3,10,3,10,3,11,3,11,3,11,2,11,2,11,2,11,2,12,1,12,1,12,1,12,1,12,0,13,0,12,0,13,0,12,-1,13,-1,13,-1,13,-1,14,-2,14,-2,14,-3,15,-2,15,-3,0,0,15,-3,15,-3,15,-3,15,-3,15,-2,16,-2,16,-2,15,-2,15,-2,15,-1,15,-1,15,-1,15,-1,14,-1,14,0,14,0,13,0,13,0,13,0,12,1,12,1,12,2,11,2,11,2,11,2,10,3,0,0,0,0,0,0,0,0,0,0,0.0,0.0,0.0,0.0,0.0,0.0,10.44030650891055,10.44030650891055,10.44030650891055,11.40175425099138,11.40175425099138,11.180339887498949,11.180339887498949,11.180339887498949,11.180339887498949,12.041594578792296,12.041594578792296,12.041594578792296,12.041594578792296,12.0,13.0,12.0,13.0,12.041594578792296,13.038404810405298,13.038404810405298,13.038404810405298,14.142135623730951,14.142135623730951,14.317821063276353,15.132745950421556,15.297058540778355,0.0,15.297058540778355,15.297058540778355,15.297058540778355,15.297058540778355,15.132745950421556,16.1245154965971,16.1245154965971,15.132745950421556,15.132745950421556,15.033296378372908,15.033296378372908,15.033296378372908,15.033296378372908,14.035668847618199,14.0,14.0,13.0,13.0,13.0,12.041594578792296,12.041594578792296,12.165525060596439,11.180339887498949,11.180339887498949,11.180339887498949,10.44030650891055,0.0,0.0,0.0,0.0,0.0,0.0,0.0,0.0,0.0,0.0,0.0,0.2914567944778671,0.2914567944778671,0.2914567944778671,0.2662520491509254,0.2662520491509254,0.17985349979247828,0.17985349979247828,0.17985349979247828,0.17985349979247828,0.08314123188844123,0.08314123188844123,0.08314123188844123,0.08314123188844123,0.0,0.0,0.0,0.0,-0.08314123188844123,-0.07677189126977804,-0.07677189126977804,-0.07677189126977804,-0.14189705460416394,-0.14189705460416394,-0.21109333322274654,-0.13255153229667402,-0.19739555984988075,0.0,-0.19739555984988075,-0.19739555984988075,-0.19739555984988075,-0.19739555984988075,-0.13255153229667402,-0.12435499454676144,-0.12435499454676144,-0.13255153229667402,-0.13255153229667402,-0.06656816377582381,-0.06656816377582381,-0.06656816377582381,-0.06656816377582381,-0.07130746478529032,0.0,0.0,0.0,0.0,0.0,0.08314123188844123,0.08314123188844123,0.16514867741462683,0.17985349979247828,0.17985349979247828,0.17985349979247828,0.2914567944778671,0.0,0.0,0.0,0.0,0.0
40.42837331299961,tx,1a:00:00:00:00:00,-49,98.13388952551081,64,0.6799945829700553,6.004059152065853,0,0,0,0,0,0,0,0,0,0,0,0,-2,11,-2,11,-1,11,-2,12,-1,11,-1,12,-2,11,-1,12,-1,11,0,12,0,12,1,12,1,12,1,12,1,13,1,12,2,13,2,12,2,13,2,13,2,13,2,13,3,13,4,13,4,14,4,14,0,0,4,15,4,14,4,15,3,14,3,15,3,15,3,15,3,15,2,15,3,14,2,14,2,14,2,14,2,14,1,13,0,14,0,13,0,13,0,13,-1,12,-1,12,-2,12,-2,11,-2,11,-2,11,-3,10,0,0,0,0,0,0,0,0,0,0,0.0,0.0,0.0,0.0,0.0,0.0,11.180339887498949,11.180339887498949,11.045361017187261,12.165525060596439,11.045361017187261,12.041594578792296,11.180339887498949,12.041594578792296,11.045361017187261,12.0,12.0,12.041594578792296,12.041594578792296,12.041594578792296,13.038404810405298,12.041594578792296,13.152946437965905,12.165525060596439,13.152946437965905,13.152946437965905,13.152946437965905,13.152946437965905,13.341664064126334,13.601470508735444,14.560219778561036,14.560219778561036,0.0,15.524174696260024,14.560219778561036,15.524174696260024,14.317821063276353,15.297058540778355,15.297058540778355,15.297058540778355,15.297058540778355,15.132745950421556,14.317821063276353,14.142135623730951,14.142135623730951,14.142135623730951,14.142135623730951,13.038404810405298,14.0,13.0,13.0,13.0,12.041594578792296,12.041594578792296,12.165525060596439,11.180339887498949,11.180339887498949,11.180339887498949,10.44030650891055,0.0,0.0,0.0,0.0,0.0,0.0,0.0,0.0,0.0,0.0,0.0,1.750649826587375,1.750649826587375,1.6614562139956417,1.7359450042095235,1.6614562139956417,1.6539375586833378,1.750649826587375,1.6539375586833378,1.6614562139956417,1.5707963267948966,1.5707963267948966,1.4876550949064553,1.4876550949064553,1.4876550949064553,1.4940244355251187,1.4876550949064553,1.4181469983996315,1.4056476493802699,1.4181469983996315,1.4181469983996315,1.4181469983996315,1.4181469983996315,1.3439974787410107,1.2722973952087173,1.2924966677897853,1.2924966677897853,0.0,1.3101939350475555,1.2924966677897853,1.3101939350475555,1.35970299357215,1.373400766945016,1.373400766945016,1.373400766945016,1.373400766945016,1.4382447944982226,1.35970299357215,1.4288992721907328,1.4288992721907328,1.4288992721907328,1.4288992721907328,1.4940244355251187,1.5707963267948966,1.5707963267948966,1.5707963267948966,1.5707963267948966,1.6539375586833378,1.6539375586833378,1.7359450042095235,1.750649826587375,1.750649826587375,1.750649826587375,1.8622531212727638,0.0,0.0,0.0,0.0,0.0
40.52888260599866,tx,1a:00:00:00:00:00,-49,98.13388952551081,64,0.6807457445933209,6.016563463473053,0,0,0,0,0,0,0,0,0,0,0,0,-11,3,-11,3,-12,3,-12,3,-12,4,-11,4,-12,4,-11,4,-12,5,-12,5,-12,5,-12,5,-12,6,-12,6,-12,6,-12,7,-12,7,-12,7,-12,8,-12,8,-12,8,-12,9,-12,9,-12,9,-12,10,-12,10,0,0,-12,10,-13,10,-13,10,-12,10,-13,10,-13,10,-13,10,-14,9,-14,9,-13,9,-13,9,-13,8,-13,8,-13,8,-13,7,-13,7,-13,7,-12,6,-12,6,-12,5,-12,5,-12,4,-12,4,-12,3,-12,3,-12,2,0,0,0,0,0,0,0,0,0,0,0.0,0.0,0.0,0.0,0.0,0.0,11.40175425099138,11.40175425099138,12.36931687685298,12.36931687685298,12.649110640673518,11.704699910719626,12.649110640673518,11.704699910719626,13.0,13.0,13.0,13.0,13.416407864998739,13.416407864998739,13.416407864998739,13.892443989449804,13.892443989449804,13.892443989449804,14.422205101855956,14.422205101855956,14.422205101855956,15.0,15.0,15.0,15.620499351813308,15.620499351813308,0.0,15.620499351813308,16.401219466856727,16.401219466856727,15.620499351813308,16.401219466856727,16.401219466856727,16.401219466856727,16.64331697709324,16.64331697709324,15.811388300841896,15.811388300841896,15.264337522473747,15.264337522473747,15.264337522473747,14.7648230602334,14.7648230602334,14.7648230602334,13.416407864998739,13.416407864998739,13.0,13.0,12.649110640673518,12.649110640673518,12.36931687685298,12.36931687685298,12.165525060596439,0.0,0.0,0.0,0.0,0.0,0.0,0.0,0.0,0.0,0.0,0.0,2.875340604438868,2.875340604438868,2.896613990462929,2.896613990462929,2.819842099193151,2.7928216500058864,2.819842099193151,2.7928216500058864,2.746801533890032,2.746801533890032,2.746801533890032,2.746801533890032,2.677945044588987,2.677945044588987,2.677945044588987,2.6135182051634334,2.6135182051634334,2.6135182051634334,2.5535900500422257,2.5535900500422257,2.5535900500422257,2.498091544796509,2.498091544796509,2.498091544796509,2.44685437739309,2.44685437739309,0.0,2.44685437739309,2.485897027348257,2.485897027348257,2.44685437739309,2.485897027348257,2.485897027348257,2.485897027348257,2.5702551737561663,2.5702551737561663,2.5360479899848234,2.5360479899848234,2.5899376710612465,2.5899376710612465,2.5899376710612465,2.647651284670212,2.647651284670212,2.647651284670212,2.677945044588987,2.677945044588987,2.746801533890032,2.746801533890032,2.819842099193151,2.819842099193151,2.896613990462929,2.896613990462929,2.976443976175166,0.0,0.0,0.0,0.0,0.0
40.63066052800423,tx,1a:00:00:00:00:00,-49,98.13388952551081,64,0.6810386704615404,6.028678879245349,0,0,0,0,0,0,0,0,0,0,0,0,-10,-6,-10,-6,-10,-6,-11,-6,-11,-5,-11,-5,-11,-5,-11,-5,-11,-5,-12,-4,-12,-4,-12,-4,-13,-4,-13,-4,-13,-4,-13,-3,-14,-3,-13,-3,-14,-3,-14,-3,-14,-3,-15,-2,-14,-2,-15,-2,-16,-2,-16,-1,0,0,-16,-1,-16,-2,-17,-2,-16,-1,-16,-2,-17,-2,-16,-3,-16,-3,-16,-3,-16,-3,-16,-3,-16,-4,-16,-4,-15,-4,-14,-4,-15,-5,-14,-4,-13,-5,-13,-5,-12,-5,-12,-5,-12,-6,-11,-6,-11,-6,-11,-6,-10,-7,0,0,0,0,0,0,0,0,0,0,0.0,0.0,0.0,0.0,0.0,0.0,11.661903789690601,11.661903789690601,11.661903789690601,12.529964086141668,12.083045973594572,12.083045973594572,12.083045973594572,12.083045973594572,12.083045973594572,12.649110640673518,12.649110640673518,12.649110640673518,13.601470508735444,13.601470508735444,13.601470508735444,13.341664064126334,14.317821063276353,13.341664064126334,14.317821063276353,14.317821063276353,14.317821063276353,15.132745950421556,14.142135623730951,15.132745950421556,16.1245154965971,16.0312195418814,0.0,16.0312195418814,16.1245154965971,17.11724276862369,16.0312195418814,16.1245154965971,17.11724276862369,16.278820596099706,16.278820596099706,16.278820596099706,16.278820596099706,16.278820596099706,16.492422502470642,16.492422502470642,15.524174696260024,14.560219778561036,15.811388300841896,14.560219778561036,13.92838827718412,13.92838827718412,13.0,13.0,13.416407864998739,12.529964086141668,12.529964086141668,12.529964086141668,12.206555615733702,0.0,0.0,0.0,0.0,0.0,0.0,0.0,0.0,0.0,0.0,0.0,-2.601173153319209,-2.601173153319209,-2.601173153319209,-2.642245931909663,-2.714965160462917,-2.714965160462917,-2.714965160462917,-2.714965160462917,-2.714965160462917,-2.819842099193151,-2.819842099193151,-2.819842099193151,-2.843093722003614,-2.843093722003614,-2.843093722003614,-2.9147938055359073,-2.930499320367047,-2.9147938055359073,-2.930499320367047,-2.930499320367047,-2.930499320367047,-3.0090411212931194,-2.999695598985629,-3.0090411212931194,-3.017237659043032,-3.079173843593836,0.0,-3.079173843593836,-3.017237659043032,-3.024483909022929,-3.079173843593836,-3.017237659043032,-3.024483909022929,-2.9562447035940984,-2.9562447035940984,-2.9562447035940984,-2.9562447035940984,-2.9562447035940984,-2.896613990462929,-2.896613990462929,-2.8809902618424523,-2.8632929945846817,-2.819842099193151,-2.8632929945846817,-2.774418819771574,-2.774418819771574,-2.746801533890032,-2.746801533890032,-2.677945044588987,-2.642245931909663,-2.642245931909663,-2.642245931909663,-2.5308666892005847,0.0,0.0,0.0,0.0,0.0
40.73841311599972,tx,1a:00:00:00:00:00,-49,98.13388952551081,64,0.6819993147301828,6.040748747448779,0,0,0,0,0,0,0,0,0,0,0,0,9,1,10,1,10,1,10,1,10,1,10,0,10,0,10,0,10,0,11,-1,11,-1,11,-1,11,-1,11,-2,12,-2,11,-3,12,-3,12,-3,12,-3,12,-3,12,-3,12,-4,12,-4,13,-5,13,-5,13,-5,0,0,13,-5,13,-5,14,-5,14,-5,14,-5,14,-5,14,-4,14,-4,14,-4,14,-4,14,-4,13,-3,13,-3,13,-3,13,-3,13,-2,13,-2,12,-2,12,-1,11,-1,12,-1,11,0,11,0,11,0,10,1,10,1,0,0,0,0,0,0,0,0,0,0,0.0,0.0,0.0,0.0,0.0,0.0,9.055385138137417,10.04987562112089,10.04987562112089,10.04987562112089,10.04987562112089,10.0,10.0,10.0,10.0,11.045361017187261,11.045361017187261,11.045361017187261,11.045361017187261,11.180339887498949,12.165525060596439,11.40175425099138,12.36931687685298,12.36931687685298,12.36931687685298,12.36931687685298,12.36931687685298,12.649110640673518,12.649110640673518,13.92838827718412,13.92838827718412,13.92838827718412,0.0,13.92838827718412,13.92838827718412,14.866068747318506,14.866068747318506,14.866068747318506,14.866068747318506,14.560219778561036,14.560219778561036,14.560219778561036,14.560219778561036,14.560219778561036,13.341664064126334,13.341664064126334,13.341664064126334,13.341664064126334,13.152946437965905,13.152946437965905,12.165525060596439,12.041594578792296,11.045361017187261,12.041594578792296,11.0,11.0,11.0,10.04987562112089,10.04987562112089,0.0,0.0,0.0,0.0,0.0,0.0,0.0,0.0,0.0,0.0,0.0,0.11065722117389565,0.09966865249116202,0.09966865249116202,0.09966865249116202,0.09966865249116202,0.0,0.0,0.0,0.0,-0.09065988720074511,-0.09065988720074511,-0.09065988720074511,-0.09065988720074511,-0.17985349979247828,-0.16514867741462683,-0.2662520491509254,-0.24497866312686414,-0.24497866312686414,-0.24497866312686414,-0.24497866312686414,-0.24497866312686414,-0.3217505543966422,-0.3217505543966422,-0.3671738338182192,-0.3671738338182192,-0.3671738338182192,0.0,-0.3671738338182192,-0.3671738338182192,-0.3430239404207034,-0.3430239404207034,-0.3430239404207034,-0.3430239404207034,-0.27829965900511133,-0.27829965900511133,-0.27829965900511133,-0.27829965900511133,-0.27829965900511133,-0.22679884805388587,-0.22679884805388587,-0.22679884805388587,-0.22679884805388587,-0.15264932839526515,-0.15264932839526515,-0.16514867741462683,-0.08314123188844123,-0.09065988720074511,-0.08314123188844123,0.0,0.0,0.0,0.09966865249116202,0.09966865249116202,0.0,0.0,0.0,0.0,0.0
40.839012663003814,tx,1a:00:00:00:00:00,-48,98.13388952551081,64,0.6836046201322186,6.053144370106107,0,0,0,0,0,0,0,0,0,0,0,0,10,-1,10,-1,9,-1,11,-1,10,-3,10,-3,10,-2,10,-3,10,-3,10,-3,10,-4,10,-4,11,-5,11,-5,11,-6,10,-5,11,-6,10,-6,11,-7,11,-6,11,-7,11,-7,10,-7,11,-8,11,-9,11,-9,0,0,12,-9,12,-8,12,-9,11,-8,12,-8,12,-9,12,-8,12,-8,12,-7,11,-7,11,-7,12,-7,12,-7,12,-7,11,-6,12,-6,11,-6,11,-5,11,-5,11,-4,11,-4,11,-3,10,-4,10,-3,10,-3,10,-2,0,0,0,0,0,0,0,0,0,0,0.0,0.0,0.0,0.0,0.0,0.0,10.04987562112089,10.04987562112089,9.055385138137417,11.045361017187261,10.44030650891055,10.44030650891055,10.198039027185569,10.44030650891055,10.44030650891055,10.44030650891055,10.770329614269007,10.770329614269007,12.083045973594572,12.083045973594572,12.529964086141668,11.180339887498949,12.529964086141668,11.661903789690601,13.038404810405298,12.529964086141668,13.038404810405298,13.038404810405298,12.206555615733702,13.601470508735444,14.212670403551895,14.212670403551895,0.0,15.0,14.422205101855956,15.0,13.601470508735444,14.422205101855956,15.0,14.422205101855956,14.422205101855956,13.892443989449804,13.038404810405298,13.038404810405298,13.892443989449804,13.892443989449804,13.892443989449804,12.529964086141668,13.416407864998739,12.529964086141668,12.083045973594572,12.083045973594572,11.704699910719626,11.704699910719626,11.40175425099138,10.770329614269007,10.44030650891055,10.44030650891055,10.198039027185569,0.0,0.0,0.0,0.0,0.0,0.0,0.0,0.0,0.0,0.0,0.0,-0.09966865249116202,-0.09966865249116202,-0.11065722117389565,-0.09065988720074511,-0.2914567944778671,-0.2914567944778671,-0.19739555984988075,-0.2914567944778671,-0.2914567944778671,-0.2914567944778671,-0.3805063771123649,-0.3805063771123649,-0.4266274931268761,-0.4266274931268761,-0.4993467216801301,-0.4636476090008061,-0.4993467216801301,-0.5404195002705842,-0.5667292175235064,-0.4993467216801301,-0.5667292175235064,-0.5667292175235064,-0.6107259643892086,-0.628796286415433,-0.6857295109062863,-0.6857295109062863,0.0,-0.6435011087932844,-0.5880026035475675,-0.6435011087932844,-0.628796286415433,-0.5880026035475675,-0.6435011087932844,-0.5880026035475675,-0.5880026035475675,-0.5280744484263596,-0.5667292175235064,-0.5667292175235064,-0.5280744484263596,-0.5280744484263596,-0.5280744484263596,-0.4993467216801301,-0.4636476090008061,-0.4993467216801301,-0.4266274931268761,-0.4266274931268761,-0.348771003583907,-0.348771003583907,-0.2662520491509254,-0.3805063771123649,-0.2914567944778671,-0.2914567944778671,-0.19739555984988075,0.0,0.0,0.0,0.0,0.0
40.94872486100212,tx,1a:00:00:00:00:00,-48,96.89793275615925,64,0.6847480749719933,6.0661972038521945,0,0,0,0,0,0,0,0,0,0,0,0,-11,3,-11,4,-11,4,-11,4,-11,4,-11,5,-11,5,-11,5,-11,5,-11,6,-11,6,-11,6,-11,7,-11,7,-11,7,-11,8,-11,8,-11,8,-10,9,-11,9,-11,9,-11,10,-11,9,-11,10,-11,10,-11,10,0,0,-12,11,-12,11,-12,11,-11,11,-12,11,-12,11,-12,11,-12,11,-12,10,-12,10,-12,9,-12,9,-13,9,-12,9,-12,8,-12,8,-12,7,-11,7,-11,7,-11,6,-11,6,-12,5,-11,5,-11,4,-11,4,-11,3,0,0,0,0,0,0,0,0,0,0,0.0,0.0,0.0,0.0,0.0,0.0,11.40175425099138,11.704699910719626,11.704699910719626,11.704699910719626,11.704699910719626,12.083045973594572,12.083045973594572,12.083045973594572,12.083045973594572,12.529964086141668,12.529964086141668,12.529964086141668,13.038404810405298,13.038404810405298,13.038404810405298,13.601470508735444,13.601470508735444,13.601470508735444,13.45362404707371,14.212670403551895,14.212670403551895,14.866068747318506,14.212670403551895,14.866068747318506,14.866068747318506,14.866068747318506,0.0,16.278820596099706,16.278820596099706,16.278820596099706,15.556349186104045,16.278820596099706,16.278820596099706,16.278820596099706,16.278820596099706,15.620499351813308,15.620499351813308,15.0,15.0,15.811388300841896,15.0,14.422205101855956,14.422205101855956,13.892443989449804,13.038404810405298,13.038404810405298,12.529964086141668,12.529964086141668,13.0,12.083045973594572,11.704699910719626,11.704699910719626,11.40175425099138,0.0,0.0,0.0,0.0,0.0,0.0,0.0,0.0,0.0,0.0,0.0,2.875340604438868,2.7928216500058864,2.7928216500058864,2.7928216500058864,2.7928216500058864,2.714965160462917,2.714965160462917,2.714965160462917,2.714965160462917,2.642245931909663,2.642245931909663,2.642245931909663,2.5748634360662868,2.5748634360662868,2.5748634360662868,2.5127963671743605,2.5127963671743605,2.5127963671743605,2.408777551803287,2.455863142683507,2.455863142683507,2.403777593469328,2.455863142683507,2.403777593469328,2.403777593469328,2.403777593469328,0.0,2.399645385583876,2.399645385583876,2.399645385583876,2.356194490192345,2.399645385583876,2.399645385583876,2.399645385583876,2.399645385583876,2.44685437739309,2.44685437739309,2.498091544796509,2.498091544796509,2.5360479899848234,2.498091544796509,2.5535900500422257,2.5535900500422257,2.6135182051634334,2.5748634360662868,2.5748634360662868,2.642245931909663,2.642245931909663,2.746801533890032,2.714965160462917,2.7928216500058864,2.7928216500058864,2.875340604438868,0.0,0.0,0.0,0.0,0.0
41.04919876799977,tx,1a:00:00:00:00:00,-48,96.89793275615925,64,0.6853742749436216,6.080110455810184,0,0,0,0,0,0,0,0,0,0,0,0,10,0,10,0,10,0,10,0,11,0,10,0,11,-1,10,-1,11,-1,11,-1,11,-1,11,-2,11,-2,11,-3,11,-3,12,-4,11,-4,12,-4,12,-4,12,-5,12,-4,12,-6,13,-5,13,-6,13,-6,13,-6,0,0,13,-6,13,-7,13,-7,14,-7,13,-6,14,-6,14,-6,14,-5,13,-6,14,-5,14,-5,13,-5,13,-4,13,-4,13,-5,12,-4,13,-4,12,-3,12,-3,11,-3,12,-2,11,-2,11,-1,11,-1,10,-1,10,0,0,0,0,0,0,0,0,0,0,0,0.0,0.0,0.0,0.0,0.0,0.0,10.0,10.0,10.0,10.0,11.0,10.0,11.045361017187261,10.04987562112089,11.045361017187261,11.045361017187261,11.045361017187261,11.180339887498949,11.180339887498949,11.40175425099138,11.40175425099138,12.649110640673518,11.704699910719626,12.649110640673518,12.649110640673518,13.0,12.649110640673518,13.416407864998739,13.92838827718412,14.317821063276353,14.317821063276353,14.317821063276353,0.0,14.317821063276353,14.7648230602334,14.7648230602334,15.652475842498529,14.317821063276353,15.231546211727817,15.231546211727817,14.866068747318506,14.317821063276353,14.866068747318506,14.866068747318506,13.92838827718412,13.601470508735444,13.601470508735444,13.92838827718412,12.649110640673518,13.601470508735444,12.36931687685298,12.36931687685298,11.40175425099138,12.165525060596439,11.180339887498949,11.045361017187261,11.045361017187261,10.04987562112089,10.0,0.0,0.0,0.0,0.0,0.0,0.0,0.0,0.0,0.0,0.0,0.0,0.0,0.0,0.0,0.0,0.0,0.0,-0.09065988720074511,-0.09966865249116202,-0.09065988720074511,-0.09065988720074511,-0.09065988720074511,-0.17985349979247828,-0.17985349979247828,-0.2662520491509254,-0.2662520491509254,-0.3217505543966422,-0.348771003583907,-0.3217505543966422,-0.3217505543966422,-0.3947911196997615,-0.3217505543966422,-0.4636476090008061,-0.3671738338182192,-0.43240777557053783,-0.43240777557053783,-0.43240777557053783,0.0,-0.43240777557053783,-0.49394136891958124,-0.49394136891958124,-0.4636476090008061,-0.43240777557053783,-0.40489178628508343,-0.40489178628508343,-0.3430239404207034,-0.43240777557053783,-0.3430239404207034,-0.3430239404207034,-0.3671738338182192,-0.2984989315861793,-0.2984989315861793,-0.3671738338182192,-0.3217505543966422,-0.2984989315861793,-0.24497866312686414,-0.24497866312686414,-0.2662520491509254,-0.16514867741462683,-0.17985349979247828,-0.09065988720074511,-0.09065988720074511,-0.09966865249116202,0.0,0.0,0.0,0.0,0.0,0.0
41.1581586780012,tx,1a:00:00:00:00:00,-49,96.89793275615925,64,0.6861475513041477,6.094965212029177,0,0,0,0,0,0,0,0,0,0,0,0,-8,6,-9,7,-8,6,-9,7,-8,7,-9,7,-8,7,-8,8,-8,8,-8,8,-8,9,-7,9,-7,9,-7,9,-7,10,-7,10,-7,10,-6,10,-7,11,-7,11,-7,11,-6,12,-6,11,-6,12,-6,13,-6,13,0,0,-7,13,-6,12,-7,14,-6,13,-7,14,-7,13,-7,13,-8,13,-8,12,-7,12,-8,12,-8,12,-8,12,-8,12,-8,10,-8,11,-8,10,-8,10,-8,9,-8,9,-9,9,-9,8,-8,7,-9,7,-9,7,-9,6,0,0,0,0,0,0,0,0,0,0,0.0,0.0,0.0,0.0,0.0,0.0,10.0,11.40175425099138,10.0,11.40175425099138,10.63014581273465,11.40175425099138,10.63014581273465,11.313708498984761,11.313708498984761,11.313708498984761,12.041594578792296,11.40175425099138,11.40175425099138,11.40175425099138,12.206555615733702,12.206555615733702,12.206555615733702,11.661903789690601,13.038404810405298,13.038404810405298,13.038404810405298,13.416407864998739,12.529964086141668,13.416407864998739,14.317821063276353,14.317821063276353,0.0,14.7648230602334,13.416407864998739,15.652475842498529,14.317821063276353,15.652475842498529,14.7648230602334,14.7648230602334,15.264337522473747,14.422205101855956,13.892443989449804,14.422205101855956,14.422205101855956,14.422205101855956,14.422205101855956,12.806248474865697,13.601470508735444,12.806248474865697,12.806248474865697,12.041594578792296,12.041594578792296,12.727922061357855,12.041594578792296,10.63014581273465,11.40175425099138,11.40175425099138,10.816653826391969,0.0,0.0,0.0,0.0,0.0,0.0,0.0,0.0,0.0,0.0,0.0,2.498091544796509,2.4805494847391065,2.498091544796509,2.4805494847391065,2.4227626539681686,2.4805494847391065,2.4227626539681686,2.356194490192345,2.356194490192345,2.356194490192345,2.297438667476622,2.2318394956455836,2.2318394956455836,2.2318394956455836,2.1815222911841055,2.1815222911841055,2.1815222911841055,2.1112158270654806,2.137525544318403,2.137525544318403,2.137525544318403,2.0344439357957027,2.0701430484750265,2.0344439357957027,2.0032041023654346,2.0032041023654346,0.0,2.0647376957144776,2.0344439357957027,2.0344439357957027,2.0032041023654346,2.0344439357957027,2.0647376957144776,2.0647376957144776,2.1224513093234436,2.158798930342464,2.0988707752212563,2.158798930342464,2.158798930342464,2.158798930342464,2.158798930342464,2.2455372690184494,2.1995926132103296,2.2455372690184494,2.2455372690184494,2.297438667476622,2.297438667476622,2.356194490192345,2.4149503129080676,2.4227626539681686,2.4805494847391065,2.4805494847391065,2.5535900500422257,0.0,0.0,0.0,0.0,0.0
41.258301378002216,tx,1a:00:00:00:00:00,-49,96.89793275615925,64,0.6858135505479894,6.110800747221022,0,0,0,0,0,0,0,0,0,0,0,0,5,9,6,8,6,9,6,9,6,8,6,9,7,9,7,8,7,9,7,8,8,8,8,8,8,8,9,8,9,8,9,8,10,7,10,7,10,7,10,7,11,7,11,8,11,7,12,7,12,7,12,7,0,0,13,7,12,8,13,8,13,7,12,8,13,8,12,9,12,9,12,9,11,8,11,9,11,9,11,9,11,9,10,9,10,9,9,9,9,9,9,9,8,9,8,9,7,9,7,9,6,9,6,9,5,9,0,0,0,0,0,0,0,0,0,0,0.0,0.0,0.0,0.0,0.0,0.0,10.295630140987,10.0,10.816653826391969,10.816653826391969,10.0,10.816653826391969,11.40175425099138,10.63014581273465,11.40175425099138,10.63014581273465,11.313708498984761,11.313708498984761,11.313708498984761,12.041594578792296,12.041594578792296,12.041594578792296,12.206555615733702,12.206555615733702,12.206555615733702,12.206555615733702,13.038404810405298,13.601470508735444,13.038404810405298,13.892443989449804,13.892443989449804,13.892443989449804,0.0,14.7648230602334,14.422205101855956,15.264337522473747,14.7648230602334,14.422205101855956,15.264337522473747,15.0,15.0,15.0,13.601470508735444,14.212670403551895,14.212670403551895,14.212670403551895,14.212670403551895,13.45362404707371,13.45362404707371,12.727922061357855,12.727922061357855,12.727922061357855,12.041594578792296,12.041594578792296,11.40175425099138,11.40175425099138,10.816653826391969,10.816653826391969,10.295630140987,0.0,0.0,0.0,0.0,0.0,0.0,0.0,0.0,0.0,0.0,0.0,1.0636978224025597,0.9272952180016122,0.982793723247329,0.982793723247329,0.9272952180016122,0.982793723247329,0.9097531579442097,0.8519663271732721,0.9097531579442097,0.8519663271732721,0.7853981633974483,0.7853981633974483,0.7853981633974483,0.7266423406817256,0.7266423406817256,0.7266423406817256,0.6107259643892086,0.6107259643892086,0.6107259643892086,0.6107259643892086,0.5667292175235064,0.628796286415433,0.5667292175235064,0.5280744484263596,0.5280744484263596,0.5280744484263596,0.0,0.49394136891958124,0.5880026035475675,0.5516549825285468,0.49394136891958124,0.5880026035475675,0.5516549825285468,0.6435011087932844,0.6435011087932844,0.6435011087932844,0.628796286415433,0.6857295109062863,0.6857295109062863,0.6857295109062863,0.6857295109062863,0.7328151017865066,0.7328151017865066,0.7853981633974483,0.7853981633974483,0.7853981633974483,0.844153986113171,0.844153986113171,0.9097531579442097,0.9097531579442097,0.982793723247329,0.982793723247329,1.0636978224025597,0.0,0.0,0.0,0.0,0.0
41.36826144200313,tx,1a:00:00:00:00:00,-49,96.89793275615925,64,0.6848035366111621,6.127648152215724,0,0,0,0,0,0,0,0,0,0,0,0,-5,9,-5,10,-5,10,-5,11,-4,10,-4,11,-4,10,-4,11,-4,11,-3,11,-3,11,-3,12,-3,12,-2,12,-2,13,-2,12,-2,13,-1,12,-1,13,-1,13,-1,14,0,14,0,13,0,14,0,14,1,15,0,0,1,15,0,15,1,16,1,15,0,15,0,16,0,16,0,15,0,15,-1,15,-1,15,-1,15,-1,15,-1,15,-2,14,-2,14,-2,13,-2,13,-2,12,-3,12,-3,12,-3,12,-4,11,-4,11,-4,11,-5,10,0,0,0,0,0,0,0,0,0,0,0.0,0.0,0.0,0.0,0.0,0.0,10.295630140987,11.180339887498949,11.180339887498949,12.083045973594572,10.770329614269007,11.704699910719626,10.770329614269007,11.704699910719626,11.704699910719626,11.40175425099138,11.40175425099138,12.36931687685298,12.36931687685298,12.165525060596439,13.152946437965905,12.165525060596439,13.152946437965905,12.041594578792296,13.038404810405298,13.038404810405298,14.035668847618199,14.0,13.0,14.0,14.0,15.033296378372908,0.0,15.033296378372908,15.0,16.0312195418814,15.033296378372908,15.0,16.0,16.0,15.0,15.0,15.033296378372908,15.033296378372908,15.033296378372908,15.033296378372908,15.033296378372908,14.142135623730951,14.142135623730951,13.152946437965905,13.152946437965905,12.165525060596439,12.36931687685298,12.36931687685298,12.36931687685298,11.704699910719626,11.704699910719626,11.704699910719626,11.180339887498949,0.0,0.0,0.0,0.0,0.0,0.0,0.0,0.0,0.0,0.0,0.0,2.0778948311872334,2.0344439357957027,2.0344439357957027,1.9974238199217726,1.9513027039072615,1.9195673303788037,1.9513027039072615,1.9195673303788037,1.9195673303788037,1.837048375945822,1.837048375945822,1.8157749899217608,1.8157749899217608,1.7359450042095235,1.7234456551901618,1.7359450042095235,1.7234456551901618,1.6539375586833378,1.6475682180646747,1.6475682180646747,1.642103791580187,1.5707963267948966,1.5707963267948966,1.5707963267948966,1.5707963267948966,1.5042281630190728,0.0,1.5042281630190728,1.5707963267948966,1.5083775167989393,1.5042281630190728,1.5707963267948966,1.5707963267948966,1.5707963267948966,1.5707963267948966,1.5707963267948966,1.6373644905707205,1.6373644905707205,1.6373644905707205,1.6373644905707205,1.6373644905707205,1.7126933813990606,1.7126933813990606,1.7234456551901618,1.7234456551901618,1.7359450042095235,1.8157749899217608,1.8157749899217608,1.8157749899217608,1.9195673303788037,1.9195673303788037,1.9195673303788037,2.0344439357957027,0.0,0.0,0.0,0.0,0.0
