t_sec,source,mac,rssi,rate,n_sub,std,doppler,raw_csi_iq...(2*n_sub) then amp...(n_sub) then phase...(n_sub)
0.02928144399629673,tx,1a:00:00:00:00:00,-52,89.98928731513493,64,0.9685159017043801,19.335124725528253,0,0,0,0,0,0,0,0,0,0,0,0,8,6,8,6,8,6,9,6,9,6,9,6,9,6,9,6,9,6,10,5,10,5,10,5,10,5,10,4,11,4,10,4,11,4,11,3,12,3,11,3,11,3,12,3,11,2,12,2,13,2,13,2,0,0,14,2,13,2,14,2,13,2,13,3,14,3,14,3,14,3,13,4,13,3,13,3,13,4,13,4,13,4,11,4,12,5,11,4,11,4,10,5,10,5,10,5,9,6,9,5,8,5,8,5,7,6,0,0,0,0,0,0,0,0,0,0,0.0,0.0,0.0,0.0,0.0,0.0,10.0,10.0,10.0,10.816653826391969,10.816653826391969,10.816653826391969,10.816653826391969,10.816653826391969,10.816653826391969,11.180339887498949,11.180339887498949,11.180339887498949,11.180339887498949,10.770329614269007,11.704699910719626,10.770329614269007,11.704699910719626,11.40175425099138,12.36931687685298,11.40175425099138,11.40175425099138,12.36931687685298,11.180339887498949,12.165525060596439,13.152946437965905,13.152946437965905,0.0,14.142135623730951,13.152946437965905,14.142135623730951,13.152946437965905,13.341664064126334,14.317821063276353,14.317821063276353,14.317821063276353,13.601470508735444,13.341664064126334,13.341664064126334,13.601470508735444,13.601470508735444,13.601470508735444,11.704699910719626,13.0,11.704699910719626,11.704699910719626,11.180339887498949,11.180339887498949,11.180339887498949,10.816653826391969,10.295630140987,9.433981132056603,9.433981132056603,9.219544457292887,0.0,0.0,0.0,0.0,0.0,0.0,0.0,0.0,0.0,0.0,0.0,0.6435011087932844,0.6435011087932844,0.6435011087932844,0.5880026035475675,0.5880026035475675,0.5880026035475675,0.5880026035475675,0.5880026035475675,0.5880026035475675,0.4636476090008061,0.4636476090008061,0.4636476090008061,0.4636476090008061,0.3805063771123649,0.348771003583907,0.3805063771123649,0.348771003583907,0.2662520491509254,0.24497866312686414,0.2662520491509254,0.2662520491509254,0.24497866312686414,0.17985349979247828,0.16514867741462683,0.15264932839526515,0.15264932839526515,0.0,0.14189705460416394,0.15264932839526515,0.14189705460416394,0.15264932839526515,0.22679884805388587,0.21109333322274654,0.21109333322274654,0.21109333322274654,0.2984989315861793,0.22679884805388587,0.22679884805388587,0.2984989315861793,0.2984989315861793,0.2984989315861793,0.348771003583907,0.3947911196997615,0.348771003583907,0.348771003583907,0.4636476090008061,0.4636476090008061,0.4636476090008061,0.5880026035475675,0.507098504392337,0.5585993153435624,0.5585993153435624,0.7086262721276703,0.0,0.0,0.0,0.0,0.0
0.13193703099386767,tx,1a:00:00:00:00:00,-52,89.98928731513493,64,0.9686290286559108,19.44672093819223,0,0,0,0,0,0,0,0,0,0,0,0,-12,-2,-12,-2,-13,-2,-12,-1,-13,-2,-12,-1,-12,-1,-12,-1,-12,-1,-13,-1,-13,-1,-13,0,-13,0,-13,0,-13,1,-13,2,-12,1,-13,1,-13,2,-13,2,-13,2,-13,3,-14,3,-13,4,-14,3,-13,3,0,0,-14,3,-14,5,-14,4,-15,5,-14,4,-15,4,-15,4,-15,3,-14,3,-15,3,-14,2,-15,2,-14,2,-14,1,-14,2,-13,1,-14,1,-12,1,-12,0,-12,0,-13,0,-12,0,-12,-1,-11,-1,-11,-2,-10,-2,0,0,0,0,0,0,0,0,0,0,0.0,0.0,0.0,0.0,0.0,0.0,12.165525060596439,12.165525060596439,13.152946437965905,12.041594578792296,13.152946437965905,12.041594578792296,12.041594578792296,12.041594578792296,12.041594578792296,13.038404810405298,13.038404810405298,13.0,13.0,13.0,13.038404810405298,13.152946437965905,12.041594578792296,13.038404810405298,13.152946437965905,13.152946437965905,13.152946437965905,13.341664064126334,14.317821063276353,13.601470508735444,14.317821063276353,13.341664064126334,0.0,14.317821063276353,14.866068747318506,14.560219778561036,15.811388300841896,14.560219778561036,15.524174696260024,15.524174696260024,15.297058540778355,14.317821063276353,15.297058540778355,14.142135623730951,15.132745950421556,14.142135623730951,14.035668847618199,14.142135623730951,13.038404810405298,14.035668847618199,12.041594578792296,12.0,12.0,13.0,12.0,12.041594578792296,11.045361017187261,11.180339887498949,10.198039027185569,0.0,0.0,0.0,0.0,0.0,0.0,0.0,0.0,0.0,0.0,0.0,-2.976443976175166,-2.976443976175166,-2.988943325194528,-3.058451421701352,-2.988943325194528,-3.058451421701352,-3.058451421701352,-3.058451421701352,-3.058451421701352,-3.064820762320015,-3.064820762320015,3.141592653589793,3.141592653589793,3.141592653589793,3.064820762320015,2.988943325194528,3.058451421701352,3.064820762320015,2.988943325194528,2.988943325194528,2.988943325194528,2.9147938055359073,2.930499320367047,2.843093722003614,2.930499320367047,2.9147938055359073,0.0,2.930499320367047,2.79856871316909,2.8632929945846817,2.819842099193151,2.8632929945846817,2.8809902618424523,2.8809902618424523,2.9441970937399127,2.930499320367047,2.9441970937399127,2.999695598985629,3.0090411212931194,2.999695598985629,3.070285188804503,2.999695598985629,3.064820762320015,3.070285188804503,3.058451421701352,3.141592653589793,3.141592653589793,3.141592653589793,3.141592653589793,-3.058451421701352,-3.050932766389048,-2.961739153797315,-2.9441970937399127,0.0,0.0,0.0,0.0,0.0
0.23353153899370227,tx,1a:00:00:00:00:00,-52,89.98928731513493,64,0.9685179416144658,19.56216911430296,0,0,0,0,0,0,0,0,0,0,0,0,-2,-12,-1,-11,-2,-12,-2,-11,-2,-12,-2,-11,-2,-11,-2,-11,-3,-12,-3,-12,-3,-12,-4,-11,-4,-12,-4,-12,-4,-11,-5,-11,-5,-11,-5,-11,-6,-11,-6,-11,-6,-12,-7,-11,-7,-11,-7,-11,-7,-12,-7,-11,0,0,-8,-12,-8,-12,-8,-12,-8,-12,-8,-12,-8,-12,-8,-13,-8,-13,-8,-12,-7,-13,-7,-12,-6,-12,-6,-13,-6,-12,-6,-12,-6,-12,-5,-12,-5,-11,-5,-11,-4,-11,-4,-11,-3,-11,-3,-11,-2,-11,-2,-10,-1,-10,0,0,0,0,0,0,0,0,0,0,0.0,0.0,0.0,0.0,0.0,0.0,12.165525060596439,11.045361017187261,12.165525060596439,11.180339887498949,12.165525060596439,11.180339887498949,11.180339887498949,11.180339887498949,12.36931687685298,12.36931687685298,12.36931687685298,11.704699910719626,12.649110640673518,12.649110640673518,11.704699910719626,12.083045973594572,12.083045973594572,12.083045973594572,12.529964086141668,12.529964086141668,13.416407864998739,13.038404810405298,13.038404810405298,13.038404810405298,13.892443989449804,13.038404810405298,0.0,14.422205101855956,14.422205101855956,14.422205101855956,14.422205101855956,14.422205101855956,14.422205101855956,15.264337522473747,15.264337522473747,14.422205101855956,14.7648230602334,13.892443989449804,13.416407864998739,14.317821063276353,13.416407864998739,13.416407864998739,13.416407864998739,13.0,12.083045973594572,12.083045973594572,11.704699910719626,11.704699910719626,11.40175425099138,11.40175425099138,11.180339887498949,10.198039027185569,10.04987562112089,0.0,0.0,0.0,0.0,0.0,0.0,0.0,0.0,0.0,0.0,0.0,-1.7359450042095235,-1.6614562139956417,-1.7359450042095235,-1.750649826587375,-1.7359450042095235,-1.750649826587375,-1.750649826587375,-1.750649826587375,-1.8157749899217608,-1.8157749899217608,-1.8157749899217608,-1.9195673303788037,-1.892546881191539,-1.892546881191539,-1.9195673303788037,-1.9974238199217726,-1.9974238199217726,-1.9974238199217726,-2.0701430484750265,-2.0701430484750265,-2.0344439357957027,-2.137525544318403,-2.137525544318403,-2.137525544318403,-2.0988707752212563,-2.137525544318403,0.0,-2.158798930342464,-2.158798930342464,-2.158798930342464,-2.158798930342464,-2.158798930342464,-2.158798930342464,-2.1224513093234436,-2.1224513093234436,-2.158798930342464,-2.0647376957144776,-2.0988707752212563,-2.0344439357957027,-2.0032041023654346,-2.0344439357957027,-2.0344439357957027,-2.0344439357957027,-1.965587446494658,-1.9974238199217726,-1.9974238199217726,-1.9195673303788037,-1.9195673303788037,-1.837048375945822,-1.837048375945822,-1.750649826587375,-1.7681918866447774,-1.6704649792860586,0.0,0.0,0.0,0.0,0.0
0.33493917899613734,tx,1a:00:00:00:00:00,-52,89.98928731513493,64,0.9676259514355001,19.679534344112113,0,0,0,0,0,0,0,0,0,0,0,0,-11,0,-12,0,-12,0,-12,0,-12,0,-12,0,-12,1,-12,1,-12,1,-12,1,-12,1,-12,2,-12,2,-12,2,-12,3,-12,3,-12,3,-12,4,-12,4,-12,4,-12,4,-12,5,-12,5,-12,5,-12,6,-13,6,0,0,-13,6,-13,6,-13,6,-13,6,-13,6,-14,6,-14,6,-14,6,-14,5,-14,5,-14,4,-14,4,-14,4,-14,4,-13,3,-13,3,-12,3,-12,2,-12,2,-12,2,-12,1,-12,1,-11,1,-11,0,-11,-1,-10,-1,0,0,0,0,0,0,0,0,0,0,0.0,0.0,0.0,0.0,0.0,0.0,11.0,12.0,12.0,12.0,12.0,12.0,12.041594578792296,12.041594578792296,12.041594578792296,12.041594578792296,12.041594578792296,12.165525060596439,12.165525060596439,12.165525060596439,12.36931687685298,12.36931687685298,12.36931687685298,12.649110640673518,12.649110640673518,12.649110640673518,12.649110640673518,13.0,13.0,13.0,13.416407864998739,14.317821063276353,0.0,14.317821063276353,14.317821063276353,14.317821063276353,14.317821063276353,14.317821063276353,15.231546211727817,15.231546211727817,15.231546211727817,14.866068747318506,14.866068747318506,14.560219778561036,14.560219778561036,14.560219778561036,14.560219778561036,13.341664064126334,13.341664064126334,12.36931687685298,12.165525060596439,12.165525060596439,12.165525060596439,12.041594578792296,12.041594578792296,11.045361017187261,11.0,11.045361017187261,10.04987562112089,0.0,0.0,0.0,0.0,0.0,0.0,0.0,0.0,0.0,0.0,0.0,3.141592653589793,3.141592653589793,3.141592653589793,3.141592653589793,3.141592653589793,3.141592653589793,3.058451421701352,3.058451421701352,3.058451421701352,3.058451421701352,3.058451421701352,2.976443976175166,2.976443976175166,2.976443976175166,2.896613990462929,2.896613990462929,2.896613990462929,2.819842099193151,2.819842099193151,2.819842099193151,2.819842099193151,2.746801533890032,2.746801533890032,2.746801533890032,2.677945044588987,2.7091848780192556,0.0,2.7091848780192556,2.7091848780192556,2.7091848780192556,2.7091848780192556,2.7091848780192556,2.7367008673047097,2.7367008673047097,2.7367008673047097,2.79856871316909,2.79856871316909,2.8632929945846817,2.8632929945846817,2.8632929945846817,2.8632929945846817,2.9147938055359073,2.9147938055359073,2.896613990462929,2.976443976175166,2.976443976175166,2.976443976175166,3.058451421701352,3.058451421701352,3.050932766389048,3.141592653589793,-3.050932766389048,-3.0419240010986313,0.0,0.0,0.0,0.0,0.0
0.45267018599406583,tx,1a:00:00:00:00:00,-52,89.98928731513493,64,0.9670331368510262,19.80030107242939,0,0,0,0,0,0,0,0,0,0,0,0,-7,8,-8,8,-7,8,-8,9,-7,8,-7,9,-7,9,-7,9,-7,9,-6,9,-6,10,-6,10,-6,10,-5,10,-5,11,-5,10,-5,11,-5,10,-5,11,-5,11,-4,11,-4,12,-3,11,-3,12,-3,13,-3,13,0,0,-3,13,-3,13,-3,14,-3,13,-4,14,-4,14,-4,14,-4,13,-4,13,-4,13,-4,13,-4,13,-5,13,-5,12,-5,11,-5,12,-5,11,-6,11,-6,10,-6,9,-6,9,-7,9,-6,8,-6,8,-6,8,-7,7,0,0,0,0,0,0,0,0,0,0,0.0,0.0,0.0,0.0,0.0,0.0,10.63014581273465,11.313708498984761,10.63014581273465,12.041594578792296,10.63014581273465,11.40175425099138,11.40175425099138,11.40175425099138,11.40175425099138,10.816653826391969,11.661903789690601,11.661903789690601,11.661903789690601,11.180339887498949,12.083045973594572,11.180339887498949,12.083045973594572,11.180339887498949,12.083045973594572,12.083045973594572,11.704699910719626,12.649110640673518,11.40175425099138,12.36931687685298,13.341664064126334,13.341664064126334,0.0,13.341664064126334,13.341664064126334,14.317821063276353,13.341664064126334,14.560219778561036,14.560219778561036,14.560219778561036,13.601470508735444,13.601470508735444,13.601470508735444,13.601470508735444,13.601470508735444,13.92838827718412,13.0,12.083045973594572,13.0,12.083045973594572,12.529964086141668,11.661903789690601,10.816653826391969,10.816653826391969,11.40175425099138,10.0,10.0,10.0,9.899494936611665,0.0,0.0,0.0,0.0,0.0,0.0,0.0,0.0,0.0,0.0,0.0,2.289626326416521,2.356194490192345,2.289626326416521,2.297438667476622,2.289626326416521,2.2318394956455836,2.2318394956455836,2.2318394956455836,2.2318394956455836,2.158798930342464,2.1112158270654806,2.1112158270654806,2.1112158270654806,2.0344439357957027,1.9974238199217726,2.0344439357957027,1.9974238199217726,2.0344439357957027,1.9974238199217726,1.9974238199217726,1.9195673303788037,1.892546881191539,1.837048375945822,1.8157749899217608,1.7975951748487824,1.7975951748487824,0.0,1.7975951748487824,1.7975951748487824,1.7818896600176433,1.7975951748487824,1.849095985800008,1.849095985800008,1.849095985800008,1.8692952583810758,1.8692952583810758,1.8692952583810758,1.8692952583810758,1.8692952583810758,1.9379701606131159,1.965587446494658,1.9974238199217726,1.965587446494658,1.9974238199217726,2.0701430484750265,2.1112158270654806,2.158798930342464,2.158798930342464,2.2318394956455836,2.214297435588181,2.214297435588181,2.214297435588181,2.356194490192345,0.0,0.0,0.0,0.0,0.0
0.5615344739999273,tx,1a:00:00:00:00:00,-53,89.98928731513493,64,0.9667118114993012,19.919036315818598,0,0,0,0,0,0,0,0,0,0,0,0,10,-4,10,-4,10,-4,10,-4,10,-4,10,-5,10,-4,9,-5,9,-5,9,-5,9,-6,9,-6,10,-6,9,-6,9,-7,9,-7,9,-7,9,-7,9,-8,9,-8,9,-8,9,-8,8,-8,9,-9,9,-10,9,-10,0,0,9,-10,9,-10,10,-10,9,-10,10,-10,10,-10,10,-10,10,-10,10,-9,10,-9,10,-9,11,-9,11,-8,10,-8,10,-7,11,-7,10,-7,10,-6,10,-6,10,-5,10,-5,10,-5,9,-4,9,-4,9,-3,9,-3,0,0,0,0,0,0,0,0,0,0,0.0,0.0,0.0,0.0,0.0,0.0,10.770329614269007,10.770329614269007,10.770329614269007,10.770329614269007,10.770329614269007,11.180339887498949,10.770329614269007,10.295630140987,10.295630140987,10.295630140987,10.816653826391969,10.816653826391969,11.661903789690601,10.816653826391969,11.40175425099138,11.40175425099138,11.40175425099138,11.40175425099138,12.041594578792296,12.041594578792296,12.041594578792296,12.041594578792296,11.313708498984761,12.727922061357855,13.45362404707371,13.45362404707371,0.0,13.45362404707371,13.45362404707371,14.142135623730951,13.45362404707371,14.142135623730951,14.142135623730951,14.142135623730951,14.142135623730951,13.45362404707371,13.45362404707371,13.45362404707371,14.212670403551895,13.601470508735444,12.806248474865697,12.206555615733702,13.038404810405298,12.206555615733702,11.661903789690601,11.661903789690601,11.180339887498949,11.180339887498949,11.180339887498949,9.848857801796104,9.848857801796104,9.486832980505138,9.486832980505138,0.0,0.0,0.0,0.0,0.0,0.0,0.0,0.0,0.0,0.0,0.0,-0.3805063771123649,-0.3805063771123649,-0.3805063771123649,-0.3805063771123649,-0.3805063771123649,-0.4636476090008061,-0.3805063771123649,-0.507098504392337,-0.507098504392337,-0.507098504392337,-0.5880026035475675,-0.5880026035475675,-0.5404195002705842,-0.5880026035475675,-0.6610431688506869,-0.6610431688506869,-0.6610431688506869,-0.6610431688506869,-0.7266423406817256,-0.7266423406817256,-0.7266423406817256,-0.7266423406817256,-0.7853981633974483,-0.7853981633974483,-0.83798122500839,-0.83798122500839,0.0,-0.83798122500839,-0.83798122500839,-0.7853981633974483,-0.83798122500839,-0.7853981633974483,-0.7853981633974483,-0.7853981633974483,-0.7853981633974483,-0.7328151017865066,-0.7328151017865066,-0.7328151017865066,-0.6857295109062863,-0.628796286415433,-0.6747409422235526,-0.6107259643892086,-0.5667292175235064,-0.6107259643892086,-0.5404195002705842,-0.5404195002705842,-0.4636476090008061,-0.4636476090008061,-0.4636476090008061,-0.4182243295792291,-0.4182243295792291,-0.3217505543966422,-0.3217505543966422,0.0,0.0,0.0,0.0,0.0
0.6633124049985781,tx,1a:00:00:00:00:00,-53,89.07430023378718,64,0.9658065324957694,20.028110173190242,0,0,0,0,0,0,0,0,0,0,0,0,-1,10,-1,10,-1,10,-1,11,0,10,0,11,0,11,0,10,0,11,1,11,1,11,1,11,1,11,1,11,2,11,2,11,3,11,2,11,3,11,4,11,4,11,4,11,4,11,5,11,5,12,5,12,0,0,5,13,6,12,6,12,5,12,5,13,5,13,6,13,5,13,5,13,4,13,4,13,4,13,3,13,3,13,3,12,3,12,2,12,2,12,2,11,1,11,1,11,1,11,0,11,-1,10,-1,10,-2,10,0,0,0,0,0,0,0,0,0,0,0.0,0.0,0.0,0.0,0.0,0.0,10.04987562112089,10.04987562112089,10.04987562112089,11.045361017187261,10.0,11.0,11.0,10.0,11.0,11.045361017187261,11.045361017187261,11.045361017187261,11.045361017187261,11.045361017187261,11.180339887498949,11.180339887498949,11.40175425099138,11.180339887498949,11.40175425099138,11.704699910719626,11.704699910719626,11.704699910719626,11.704699910719626,12.083045973594572,13.0,13.0,0.0,13.92838827718412,13.416407864998739,13.416407864998739,13.0,13.92838827718412,13.92838827718412,14.317821063276353,13.92838827718412,13.92838827718412,13.601470508735444,13.601470508735444,13.601470508735444,13.341664064126334,13.341664064126334,12.36931687685298,12.36931687685298,12.165525060596439,12.165525060596439,11.180339887498949,11.045361017187261,11.045361017187261,11.045361017187261,11.0,10.04987562112089,10.04987562112089,10.198039027185569,0.0,0.0,0.0,0.0,0.0,0.0,0.0,0.0,0.0,0.0,0.0,1.6704649792860586,1.6704649792860586,1.6704649792860586,1.6614562139956417,1.5707963267948966,1.5707963267948966,1.5707963267948966,1.5707963267948966,1.5707963267948966,1.4801364395941514,1.4801364395941514,1.4801364395941514,1.4801364395941514,1.4801364395941514,1.3909428270024184,1.3909428270024184,1.3045442776439713,1.3909428270024184,1.3045442776439713,1.2220253232109897,1.2220253232109897,1.2220253232109897,1.2220253232109897,1.1441688336680205,1.176005207095135,1.176005207095135,0.0,1.2036224929766774,1.1071487177940904,1.1071487177940904,1.176005207095135,1.2036224929766774,1.2036224929766774,1.1383885512243588,1.2036224929766774,1.2036224929766774,1.2722973952087173,1.2722973952087173,1.2722973952087173,1.3439974787410107,1.3439974787410107,1.3258176636680326,1.3258176636680326,1.4056476493802699,1.4056476493802699,1.3909428270024184,1.4801364395941514,1.4801364395941514,1.4801364395941514,1.5707963267948966,1.6704649792860586,1.6704649792860586,1.7681918866447774,0.0,0.0,0.0,0.0,0.0
0.7727292369963834,tx,1a:00:00:00:00:00,-53,89.07430023378718,64,0.9638602356269824,20.128111430311748,0,0,0,0,0,0,0,0,0,0,0,0,10,-1,11,-1,11,-2,11,-2,11,-2,11,-2,11,-2,11,-2,11,-3,11,-3,11,-4,11,-4,11,-4,11,-5,11,-5,11,-5,11,-6,10,-6,11,-6,11,-6,11,-6,11,-7,11,-7,11,-8,11,-9,11,-9,0,0,12,-9,12,-9,12,-9,12,-9,12,-9,13,-9,13,-8,13,-8,13,-8,13,-7,13,-8,13,-7,13,-7,13,-7,13,-6,13,-6,12,-5,12,-5,12,-4,12,-4,11,-3,12,-3,11,-3,11,-2,11,-2,10,-1,0,0,0,0,0,0,0,0,0,0,0.0,0.0,0.0,0.0,0.0,0.0,10.04987562112089,11.045361017187261,11.180339887498949,11.180339887498949,11.180339887498949,11.180339887498949,11.180339887498949,11.180339887498949,11.40175425099138,11.40175425099138,11.704699910719626,11.704699910719626,11.704699910719626,12.083045973594572,12.083045973594572,12.083045973594572,12.529964086141668,11.661903789690601,12.529964086141668,12.529964086141668,12.529964086141668,13.038404810405298,13.038404810405298,13.601470508735444,14.212670403551895,14.212670403551895,0.0,15.0,15.0,15.0,15.0,15.0,15.811388300841896,15.264337522473747,15.264337522473747,15.264337522473747,14.7648230602334,15.264337522473747,14.7648230602334,14.7648230602334,14.7648230602334,14.317821063276353,14.317821063276353,13.0,13.0,12.649110640673518,12.649110640673518,11.40175425099138,12.36931687685298,11.40175425099138,11.180339887498949,11.180339887498949,10.04987562112089,0.0,0.0,0.0,0.0,0.0,0.0,0.0,0.0,0.0,0.0,0.0,-0.09966865249116202,-0.09065988720074511,-0.17985349979247828,-0.17985349979247828,-0.17985349979247828,-0.17985349979247828,-0.17985349979247828,-0.17985349979247828,-0.2662520491509254,-0.2662520491509254,-0.348771003583907,-0.348771003583907,-0.348771003583907,-0.4266274931268761,-0.4266274931268761,-0.4266274931268761,-0.4993467216801301,-0.5404195002705842,-0.4993467216801301,-0.4993467216801301,-0.4993467216801301,-0.5667292175235064,-0.5667292175235064,-0.628796286415433,-0.6857295109062863,-0.6857295109062863,0.0,-0.6435011087932844,-0.6435011087932844,-0.6435011087932844,-0.6435011087932844,-0.6435011087932844,-0.6055446636049701,-0.5516549825285468,-0.5516549825285468,-0.5516549825285468,-0.49394136891958124,-0.5516549825285468,-0.49394136891958124,-0.49394136891958124,-0.49394136891958124,-0.43240777557053783,-0.43240777557053783,-0.3947911196997615,-0.3947911196997615,-0.3217505543966422,-0.3217505543966422,-0.2662520491509254,-0.24497866312686414,-0.2662520491509254,-0.17985349979247828,-0.17985349979247828,-0.09966865249116202,0.0,0.0,0.0,0.0,0.0
0.8747618880006485,tx,1a:00:00:00:00:00,-54,89.07430023378718,64,0.960317281296691,20.20798640441071,0,0,0,0,0,0,0,0,0,0,0,0,9,-3,10,-3,10,-3,10,-3,9,-3,10,-3,10,-3,10,-4,9,-4,9,-4,9,-5,9,-5,9,-6,9,-6,9,-6,9,-6,9,-6,8,-7,9,-7,9,-7,9,-7,9,-8,9,-8,9,-9,9,-9,9,-9,0,0,10,-9,9,-9,10,-10,9,-10,11,-9,11,-9,11,-9,11,-9,11,-8,10,-8,11,-8,11,-8,11,-8,11,-7,10,-6,11,-7,10,-6,10,-5,10,-5,10,-4,10,-4,10,-3,9,-3,9,-3,9,-3,9,-2,0,0,0,0,0,0,0,0,0,0,0.0,0.0,0.0,0.0,0.0,0.0,9.486832980505138,10.44030650891055,10.44030650891055,10.44030650891055,9.486832980505138,10.44030650891055,10.44030650891055,10.770329614269007,9.848857801796104,9.848857801796104,10.295630140987,10.295630140987,10.816653826391969,10.816653826391969,10.816653826391969,10.816653826391969,10.816653826391969,10.63014581273465,11.40175425099138,11.40175425099138,11.40175425099138,12.041594578792296,12.041594578792296,12.727922061357855,12.727922061357855,12.727922061357855,0.0,13.45362404707371,12.727922061357855,14.142135623730951,13.45362404707371,14.212670403551895,14.212670403551895,14.212670403551895,14.212670403551895,13.601470508735444,12.806248474865697,13.601470508735444,13.601470508735444,13.601470508735444,13.038404810405298,11.661903789690601,13.038404810405298,11.661903789690601,11.180339887498949,11.180339887498949,10.770329614269007,10.770329614269007,10.44030650891055,9.486832980505138,9.486832980505138,9.486832980505138,9.219544457292887,0.0,0.0,0.0,0.0,0.0,0.0,0.0,0.0,0.0,0.0,0.0,-0.3217505543966422,-0.2914567944778671,-0.2914567944778671,-0.2914567944778671,-0.3217505543966422,-0.2914567944778671,-0.2914567944778671,-0.3805063771123649,-0.4182243295792291,-0.4182243295792291,-0.507098504392337,-0.507098504392337,-0.5880026035475675,-0.5880026035475675,-0.5880026035475675,-0.5880026035475675,-0.5880026035475675,-0.7188299996216245,-0.6610431688506869,-0.6610431688506869,-0.6610431688506869,-0.7266423406817256,-0.7266423406817256,-0.7853981633974483,-0.7853981633974483,-0.7853981633974483,0.0,-0.7328151017865066,-0.7853981633974483,-0.7853981633974483,-0.83798122500839,-0.6857295109062863,-0.6857295109062863,-0.6857295109062863,-0.6857295109062863,-0.628796286415433,-0.6747409422235526,-0.628796286415433,-0.628796286415433,-0.628796286415433,-0.5667292175235064,-0.5404195002705842,-0.5667292175235064,-0.5404195002705842,-0.4636476090008061,-0.4636476090008061,-0.3805063771123649,-0.3805063771123649,-0.2914567944778671,-0.3217505543966422,-0.3217505543966422,-0.3217505543966422,-0.21866894587394195,0.0,0.0,0.0,0.0,0.0
0.9778964459983399,tx,1a:00:00:00:00:00,-53,89.07430023378718,64,0.9576884937163079,20.277237940495297,0,0,0,0,0,0,0,0,0,0,0,0,-10,-5,-10,-5,-10,-5,-10,-5,-11,-5,-10,-4,-11,-4,-11,-4,-11,-3,-11,-4,-11,-4,-11,-3,-12,-3,-11,-2,-12,-2,-12,-1,-12,-1,-12,-1,-12,0,-13,0,-13,0,-13,1,-13,0,-13,1,-14,1,-14,1,0,0,-14,1,-15,2,-14,2,-15,2,-15,1,-15,1,-15,1,-15,1,-15,1,-15,0,-15,0,-14,-1,-14,-1,-14,-1,-14,-1,-13,-1,-14,-2,-12,-2,-12,-2,-12,-2,-12,-3,-11,-3,-11,-3,-11,-4,-10,-4,-10,-4,0,0,0,0,0,0,0,0,0,0,0.0,0.0,0.0,0.0,0.0,0.0,11.180339887498949,11.180339887498949,11.180339887498949,11.180339887498949,12.083045973594572,10.770329614269007,11.704699910719626,11.704699910719626,11.40175425099138,11.704699910719626,11.704699910719626,11.40175425099138,12.36931687685298,11.180339887498949,12.165525060596439,12.041594578792296,12.041594578792296,12.041594578792296,12.0,13.0,13.0,13.038404810405298,13.0,13.038404810405298,14.035668847618199,14.035668847618199,0.0,14.035668847618199,15.132745950421556,14.142135623730951,15.132745950421556,15.033296378372908,15.033296378372908,15.033296378372908,15.033296378372908,15.033296378372908,15.0,15.0,14.035668847618199,14.035668847618199,14.035668847618199,14.035668847618199,13.038404810405298,14.142135623730951,12.165525060596439,12.165525060596439,12.165525060596439,12.36931687685298,11.40175425099138,11.40175425099138,11.704699910719626,10.770329614269007,10.770329614269007,0.0,0.0,0.0,0.0,0.0,0.0,0.0,0.0,0.0,0.0,0.0,-2.677945044588987,-2.677945044588987,-2.677945044588987,-2.677945044588987,-2.714965160462917,-2.761086276477428,-2.7928216500058864,-2.7928216500058864,-2.875340604438868,-2.7928216500058864,-2.7928216500058864,-2.875340604438868,-2.896613990462929,-2.961739153797315,-2.976443976175166,-3.058451421701352,-3.058451421701352,-3.058451421701352,3.141592653589793,3.141592653589793,3.141592653589793,3.064820762320015,3.141592653589793,3.064820762320015,3.070285188804503,3.070285188804503,0.0,3.070285188804503,3.0090411212931194,2.999695598985629,3.0090411212931194,3.0750244898139694,3.0750244898139694,3.0750244898139694,3.0750244898139694,3.0750244898139694,3.141592653589793,3.141592653589793,-3.070285188804503,-3.070285188804503,-3.070285188804503,-3.070285188804503,-3.064820762320015,-2.999695598985629,-2.976443976175166,-2.976443976175166,-2.976443976175166,-2.896613990462929,-2.875340604438868,-2.875340604438868,-2.7928216500058864,-2.761086276477428,-2.761086276477428,0.0,0.0,0.0,0.0,0.0
1.0912867599981837,tx,1a:00:00:00:00:00,-53,89.07430023378718,64,0.9551048698338984,20.325990110858022,0,0,0,0,0,0,0,0,0,0,0,0,-1,9,-1,10,0,10,0,10,0,10,0,10,0,10,1,10,1,10,2,10,2,10,2,10,2,11,3,11,3,10,3,10,3,11,4,9,5,10,5,10,5,10,5,10,5,10,6,10,6,11,7,11,0,0,7,11,6,11,7,12,7,11,7,12,7,13,6,12,6,13,6,12,6,12,6,12,5,12,5,12,5,12,4,12,4,12,4,11,3,11,3,11,2,10,2,11,1,10,1,10,1,10,1,9,0,9,0,0,0,0,0,0,0,0,0,0,0.0,0.0,0.0,0.0,0.0,0.0,9.055385138137417,10.04987562112089,10.0,10.0,10.0,10.0,10.0,10.04987562112089,10.04987562112089,10.198039027185569,10.198039027185569,10.198039027185569,11.180339887498949,11.40175425099138,10.44030650891055,10.44030650891055,11.40175425099138,9.848857801796104,11.180339887498949,11.180339887498949,11.180339887498949,11.180339887498949,11.180339887498949,11.661903789690601,12.529964086141668,13.038404810405298,0.0,13.038404810405298,12.529964086141668,13.892443989449804,13.038404810405298,13.892443989449804,14.7648230602334,13.416407864998739,14.317821063276353,13.416407864998739,13.416407864998739,13.416407864998739,13.0,13.0,13.0,12.649110640673518,12.649110640673518,11.704699910719626,11.40175425099138,11.40175425099138,10.198039027185569,11.180339887498949,10.04987562112089,10.04987562112089,10.04987562112089,9.055385138137417,9.0,0.0,0.0,0.0,0.0,0.0,0.0,0.0,0.0,0.0,0.0,0.0,1.6814535479687922,1.6704649792860586,1.5707963267948966,1.5707963267948966,1.5707963267948966,1.5707963267948966,1.5707963267948966,1.4711276743037347,1.4711276743037347,1.373400766945016,1.373400766945016,1.373400766945016,1.3909428270024184,1.3045442776439713,1.2793395323170296,1.2793395323170296,1.3045442776439713,1.1525719972156676,1.1071487177940904,1.1071487177940904,1.1071487177940904,1.1071487177940904,1.1071487177940904,1.0303768265243125,1.0714496051147666,1.0040671092713902,0.0,1.0040671092713902,1.0714496051147666,1.042721878368537,1.0040671092713902,1.042721878368537,1.0768549578753155,1.1071487177940904,1.1383885512243588,1.1071487177940904,1.1071487177940904,1.1071487177940904,1.176005207095135,1.176005207095135,1.176005207095135,1.2490457723982544,1.2490457723982544,1.2220253232109897,1.3045442776439713,1.3045442776439713,1.373400766945016,1.3909428270024184,1.4711276743037347,1.4711276743037347,1.4711276743037347,1.460139105621001,1.5707963267948966,0.0,0.0,0.0,0.0,0.0
1.1915510830003768,tx,1a:00:00:00:00:00,-53,89.07430023378718,64,0.9521122808872842,20.351553417979453,0,0,0,0,0,0,0,0,0,0,0,0,9,1,9,1,10,1,10,1,10,1,9,0,10,0,10,0,10,-1,11,0,11,0,10,-1,10,-1,10,-2,10,-2,11,-3,10,-3,11,-3,11,-4,11,-5,11,-4,11,-5,11,-5,12,-5,11,-5,11,-6,0,0,12,-6,12,-7,11,-7,13,-8,12,-7,13,-7,13,-7,13,-6,13,-7,13,-6,13,-5,13,-4,13,-4,12,-5,13,-5,12,-4,12,-4,11,-3,11,-3,10,-3,10,-2,11,-3,11,-2,10,-1,10,0,9,0,0,0,0,0,0,0,0,0,0,0,0.0,0.0,0.0,0.0,0.0,0.0,9.055385138137417,9.055385138137417,10.04987562112089,10.04987562112089,10.04987562112089,9.0,10.0,10.0,10.04987562112089,11.0,11.0,10.04987562112089,10.04987562112089,10.198039027185569,10.198039027185569,11.40175425099138,10.44030650891055,11.40175425099138,11.704699910719626,12.083045973594572,11.704699910719626,12.083045973594572,12.083045973594572,13.0,12.083045973594572,12.529964086141668,0.0,13.416407864998739,13.892443989449804,13.038404810405298,15.264337522473747,13.892443989449804,14.7648230602334,14.7648230602334,14.317821063276353,14.7648230602334,14.317821063276353,13.92838827718412,13.601470508735444,13.601470508735444,13.0,13.92838827718412,12.649110640673518,12.649110640673518,11.40175425099138,11.40175425099138,10.44030650891055,10.198039027185569,11.40175425099138,11.180339887498949,10.04987562112089,10.0,9.0,0.0,0.0,0.0,0.0,0.0,0.0,0.0,0.0,0.0,0.0,0.0,0.11065722117389565,0.11065722117389565,0.09966865249116202,0.09966865249116202,0.09966865249116202,0.0,0.0,0.0,-0.09966865249116202,0.0,0.0,-0.09966865249116202,-0.09966865249116202,-0.19739555984988075,-0.19739555984988075,-0.2662520491509254,-0.2914567944778671,-0.2662520491509254,-0.348771003583907,-0.4266274931268761,-0.348771003583907,-0.4266274931268761,-0.4266274931268761,-0.3947911196997615,-0.4266274931268761,-0.4993467216801301,0.0,-0.4636476090008061,-0.5280744484263596,-0.5667292175235064,-0.5516549825285468,-0.5280744484263596,-0.49394136891958124,-0.49394136891958124,-0.43240777557053783,-0.49394136891958124,-0.43240777557053783,-0.3671738338182192,-0.2984989315861793,-0.2984989315861793,-0.3947911196997615,-0.3671738338182192,-0.3217505543966422,-0.3217505543966422,-0.2662520491509254,-0.2662520491509254,-0.2914567944778671,-0.19739555984988075,-0.2662520491509254,-0.17985349979247828,-0.09966865249116202,0.0,0.0,0.0,0.0,0.0,0.0,0.0
1.2916678420006065,tx,1a:00:00:00:00:00,-54,89.07430023378718,64,0.9490312382512716,20.348906673889452,0,0,0,0,0,0,0,0,0,0,0,0,-9,3,-10,3,-9,4,-10,4,-9,4,-9,4,-9,4,-9,5,-9,5,-9,5,-9,6,-9,6,-9,6,-8,6,-8,7,-8,7,-8,7,-8,7,-8,8,-8,8,-7,8,-8,9,-7,9,-7,10,-7,10,-7,10,0,0,-7,10,-8,10,-8,11,-8,10,-8,11,-8,11,-8,11,-9,11,-9,10,-8,10,-8,10,-9,10,-9,9,-9,10,-9,8,-10,8,-9,8,-9,8,-9,7,-9,6,-9,6,-10,5,-9,5,-10,5,-9,4,-9,4,0,0,0,0,0,0,0,0,0,0,0.0,0.0,0.0,0.0,0.0,0.0,9.486832980505138,10.44030650891055,9.848857801796104,10.770329614269007,9.848857801796104,9.848857801796104,9.848857801796104,10.295630140987,10.295630140987,10.295630140987,10.816653826391969,10.816653826391969,10.816653826391969,10.0,10.63014581273465,10.63014581273465,10.63014581273465,10.63014581273465,11.313708498984761,11.313708498984761,10.63014581273465,12.041594578792296,11.40175425099138,12.206555615733702,12.206555615733702,12.206555615733702,0.0,12.206555615733702,12.806248474865697,13.601470508735444,12.806248474865697,13.601470508735444,13.601470508735444,13.601470508735444,14.212670403551895,13.45362404707371,12.806248474865697,12.806248474865697,13.45362404707371,12.727922061357855,13.45362404707371,12.041594578792296,12.806248474865697,12.041594578792296,12.041594578792296,11.40175425099138,10.816653826391969,10.816653826391969,11.180339887498949,10.295630140987,11.180339887498949,9.848857801796104,9.848857801796104,0.0,0.0,0.0,0.0,0.0,0.0,0.0,0.0,0.0,0.0,0.0,2.819842099193151,2.8501358591119264,2.723368324010564,2.761086276477428,2.723368324010564,2.723368324010564,2.723368324010564,2.6344941491974563,2.6344941491974563,2.6344941491974563,2.5535900500422257,2.5535900500422257,2.5535900500422257,2.498091544796509,2.4227626539681686,2.4227626539681686,2.4227626539681686,2.4227626539681686,2.356194490192345,2.356194490192345,2.289626326416521,2.297438667476622,2.2318394956455836,2.1815222911841055,2.1815222911841055,2.1815222911841055,0.0,2.1815222911841055,2.2455372690184494,2.1995926132103296,2.2455372690184494,2.1995926132103296,2.1995926132103296,2.1995926132103296,2.256525837701183,2.3036114285814033,2.2455372690184494,2.2455372690184494,2.3036114285814033,2.356194490192345,2.3036114285814033,2.4149503129080676,2.4668517113662407,2.4149503129080676,2.4149503129080676,2.4805494847391065,2.5535900500422257,2.5535900500422257,2.677945044588987,2.6344941491974563,2.677945044588987,2.723368324010564,2.723368324010564,0.0,0.0,0.0,0.0,0.0
1.4020819889992708,tx,1a:00:00:00:00:00,-53,89.07430023378718,64,0.9437822432769734,20.317017116481125,0,0,0,0,0,0,0,0,0,0,0,0,-12,0,-12,0,-12,0,-13,0,-12,1,-12,0,-12,1,-12,2,-12,1,-12,2,-12,2,-12,2,-12,2,-11,3,-12,4,-11,3,-12,4,-11,4,-12,5,-11,5,-11,5,-12,5,-11,5,-11,6,-12,7,-12,7,0,0,-12,7,-12,7,-13,7,-11,7,-13,7,-12,7,-13,7,-13,7,-12,6,-12,6,-13,6,-13,6,-13,5,-14,5,-12,4,-13,4,-12,4,-12,3,-12,3,-11,3,-11,2,-11,1,-11,2,-11,1,-11,1,-10,0,0,0,0,0,0,0,0,0,0,0,0.0,0.0,0.0,0.0,0.0,0.0,12.0,12.0,12.0,13.0,12.041594578792296,12.0,12.041594578792296,12.165525060596439,12.041594578792296,12.165525060596439,12.165525060596439,12.165525060596439,12.165525060596439,11.40175425099138,12.649110640673518,11.40175425099138,12.649110640673518,11.704699910719626,13.0,12.083045973594572,12.083045973594572,13.0,12.083045973594572,12.529964086141668,13.892443989449804,13.892443989449804,0.0,13.892443989449804,13.892443989449804,14.7648230602334,13.038404810405298,14.7648230602334,13.892443989449804,14.7648230602334,14.7648230602334,13.416407864998739,13.416407864998739,14.317821063276353,14.317821063276353,13.92838827718412,14.866068747318506,12.649110640673518,13.601470508735444,12.649110640673518,12.36931687685298,12.36931687685298,11.40175425099138,11.180339887498949,11.045361017187261,11.180339887498949,11.045361017187261,11.045361017187261,10.0,0.0,0.0,0.0,0.0,0.0,0.0,0.0,0.0,0.0,0.0,0.0,3.141592653589793,3.141592653589793,3.141592653589793,3.141592653589793,3.058451421701352,3.141592653589793,3.058451421701352,2.976443976175166,3.058451421701352,2.976443976175166,2.976443976175166,2.976443976175166,2.976443976175166,2.875340604438868,2.819842099193151,2.875340604438868,2.819842099193151,2.7928216500058864,2.746801533890032,2.714965160462917,2.714965160462917,2.746801533890032,2.714965160462917,2.642245931909663,2.6135182051634334,2.6135182051634334,0.0,2.6135182051634334,2.6135182051634334,2.647651284670212,2.5748634360662868,2.647651284670212,2.6135182051634334,2.647651284670212,2.647651284670212,2.677945044588987,2.677945044588987,2.7091848780192556,2.7091848780192556,2.774418819771574,2.79856871316909,2.819842099193151,2.843093722003614,2.819842099193151,2.896613990462929,2.896613990462929,2.875340604438868,2.961739153797315,3.050932766389048,2.961739153797315,3.050932766389048,3.050932766389048,3.141592653589793,0.0,0.0,0.0,0.0,0.0
1.502653677998751,tx,1a:00:00:00:00:00,-52,89.07430023378718,64,0.9404002360520143,20.27449606824842,0,0,0,0,0,0,0,0,0,0,0,0,2,-12,2,-11,2,-12,2,-12,1,-12,1,-12,1,-12,1,-12,0,-12,0,-12,0,-13,0,-12,0,-12,-1,-12,-1,-12,-2,-13,-2,-12,-2,-13,-3,-12,-3,-13,-3,-13,-4,-13,-4,-13,-4,-13,-4,-13,-4,-13,0,0,-5,-14,-6,-14,-5,-14,-6,-14,-5,-14,-5,-14,-5,-15,-4,-15,-4,-15,-4,-15,-4,-15,-3,-15,-3,-13,-2,-13,-3,-14,-3,-13,-2,-14,-2,-13,-2,-12,-1,-12,-1,-12,0,-12,0,-12,1,-11,1,-11,2,-10,0,0,0,0,0,0,0,0,0,0,0.0,0.0,0.0,0.0,0.0,0.0,12.165525060596439,11.180339887498949,12.165525060596439,12.165525060596439,12.041594578792296,12.041594578792296,12.041594578792296,12.041594578792296,12.0,12.0,13.0,12.0,12.0,12.041594578792296,12.041594578792296,13.152946437965905,12.165525060596439,13.152946437965905,12.36931687685298,13.341664064126334,13.341664064126334,13.601470508735444,13.601470508735444,13.601470508735444,13.601470508735444,13.601470508735444,0.0,14.866068747318506,15.231546211727817,14.866068747318506,15.231546211727817,14.866068747318506,14.866068747318506,15.811388300841896,15.524174696260024,15.524174696260024,15.524174696260024,15.524174696260024,15.297058540778355,13.341664064126334,13.152946437965905,14.317821063276353,13.341664064126334,14.142135623730951,13.152946437965905,12.165525060596439,12.041594578792296,12.041594578792296,12.0,12.0,11.045361017187261,11.045361017187261,10.198039027185569,0.0,0.0,0.0,0.0,0.0,0.0,0.0,0.0,0.0,0.0,0.0,-1.4056476493802699,-1.3909428270024184,-1.4056476493802699,-1.4056476493802699,-1.4876550949064553,-1.4876550949064553,-1.4876550949064553,-1.4876550949064553,-1.5707963267948966,-1.5707963267948966,-1.5707963267948966,-1.5707963267948966,-1.5707963267948966,-1.6539375586833378,-1.6539375586833378,-1.7234456551901618,-1.7359450042095235,-1.7234456551901618,-1.8157749899217608,-1.7975951748487824,-1.7975951748487824,-1.8692952583810758,-1.8692952583810758,-1.8692952583810758,-1.8692952583810758,-1.8692952583810758,0.0,-1.9138202672156,-1.97568811307998,-1.9138202672156,-1.97568811307998,-1.9138202672156,-1.9138202672156,-1.892546881191539,-1.8313987185422376,-1.8313987185422376,-1.8313987185422376,-1.8313987185422376,-1.7681918866447774,-1.7975951748487824,-1.7234456551901618,-1.7818896600176433,-1.7975951748487824,-1.7126933813990606,-1.7234456551901618,-1.7359450042095235,-1.6539375586833378,-1.6539375586833378,-1.5707963267948966,-1.5707963267948966,-1.4801364395941514,-1.4801364395941514,-1.373400766945016,0.0,0.0,0.0,0.0,0.0
1.6113985329939169,tx,1a:00:00:00:00:00,-53,88.72470746232773,64,0.9377515924386347,20.208287175280013,0,0,0,0,0,0,0,0,0,0,0,0,10,-3,9,-3,10,-3,10,-3,10,-3,9,-3,10,-4,10,-3,10,-4,10,-4,10,-4,10,-4,10,-5,9,-5,9,-5,9,-6,9,-6,9,-6,9,-7,9,-7,9,-6,9,-8,9,-7,9,-8,9,-8,9,-8,0,0,10,-8,10,-9,9,-9,10,-9,10,-9,10,-9,11,-9,11,-8,11,-8,11,-8,11,-7,11,-7,11,-6,10,-6,10,-7,10,-6,11,-5,10,-5,9,-4,10,-4,10,-4,10,-3,10,-3,9,-2,9,-2,8,-1,0,0,0,0,0,0,0,0,0,0,0.0,0.0,0.0,0.0,0.0,0.0,10.44030650891055,9.486832980505138,10.44030650891055,10.44030650891055,10.44030650891055,9.486832980505138,10.770329614269007,10.44030650891055,10.770329614269007,10.770329614269007,10.770329614269007,10.770329614269007,11.180339887498949,10.295630140987,10.295630140987,10.816653826391969,10.816653826391969,10.816653826391969,11.40175425099138,11.40175425099138,10.816653826391969,12.041594578792296,11.40175425099138,12.041594578792296,12.041594578792296,12.041594578792296,0.0,12.806248474865697,13.45362404707371,12.727922061357855,13.45362404707371,13.45362404707371,13.45362404707371,14.212670403551895,13.601470508735444,13.601470508735444,13.601470508735444,13.038404810405298,13.038404810405298,12.529964086141668,11.661903789690601,12.206555615733702,11.661903789690601,12.083045973594572,11.180339887498949,9.848857801796104,10.770329614269007,10.770329614269007,10.44030650891055,10.44030650891055,9.219544457292887,9.219544457292887,8.06225774829855,0.0,0.0,0.0,0.0,0.0,0.0,0.0,0.0,0.0,0.0,0.0,-0.2914567944778671,-0.3217505543966422,-0.2914567944778671,-0.2914567944778671,-0.2914567944778671,-0.3217505543966422,-0.3805063771123649,-0.2914567944778671,-0.3805063771123649,-0.3805063771123649,-0.3805063771123649,-0.3805063771123649,-0.4636476090008061,-0.507098504392337,-0.507098504392337,-0.5880026035475675,-0.5880026035475675,-0.5880026035475675,-0.6610431688506869,-0.6610431688506869,-0.5880026035475675,-0.7266423406817256,-0.6610431688506869,-0.7266423406817256,-0.7266423406817256,-0.7266423406817256,0.0,-0.6747409422235526,-0.7328151017865066,-0.7853981633974483,-0.7328151017865066,-0.7328151017865066,-0.7328151017865066,-0.6857295109062863,-0.628796286415433,-0.628796286415433,-0.628796286415433,-0.5667292175235064,-0.5667292175235064,-0.4993467216801301,-0.5404195002705842,-0.6107259643892086,-0.5404195002705842,-0.4266274931268761,-0.4636476090008061,-0.4182243295792291,-0.3805063771123649,-0.3805063771123649,-0.2914567944778671,-0.2914567944778671,-0.21866894587394195,-0.21866894587394195,-0.12435499454676144,0.0,0.0,0.0,0.0,0.0
1.7115816019941121,tx,1a:00:00:00:00:00,-53,88.72470746232773,64,0.9348540553141151,20.108852531634017,0,0,0,0,0,0,0,0,0,0,0,0,10,0,10,0,10,0,11,0,10,-1,11,-1,10,-1,10,-1,10,-1,10,-2,10,-2,10,-2,10,-3,10,-3,10,-4,10,-3,10,-4,9,-4,10,-5,10,-5,10,-5,10,-5,10,-6,10,-7,10,-7,11,-7,0,0,11,-7,11,-6,12,-8,11,-7,12,-7,12,-7,12,-7,12,-6,12,-6,12,-6,12,-6,11,-6,12,-6,13,-5,11,-4,12,-4,11,-4,11,-3,11,-2,10,-2,10,-2,10,-2,10,-2,10,-1,9,-1,9,0,0,0,0,0,0,0,0,0,0,0,0.0,0.0,0.0,0.0,0.0,0.0,10.0,10.0,10.0,11.0,10.04987562112089,11.045361017187261,10.04987562112089,10.04987562112089,10.04987562112089,10.198039027185569,10.198039027185569,10.198039027185569,10.44030650891055,10.44030650891055,10.770329614269007,10.44030650891055,10.770329614269007,9.848857801796104,11.180339887498949,11.180339887498949,11.180339887498949,11.180339887498949,11.661903789690601,12.206555615733702,12.206555615733702,13.038404810405298,0.0,13.038404810405298,12.529964086141668,14.422205101855956,13.038404810405298,13.892443989449804,13.892443989449804,13.892443989449804,13.416407864998739,13.416407864998739,13.416407864998739,13.416407864998739,12.529964086141668,13.416407864998739,13.92838827718412,11.704699910719626,12.649110640673518,11.704699910719626,11.40175425099138,11.180339887498949,10.198039027185569,10.198039027185569,10.198039027185569,10.198039027185569,10.04987562112089,9.055385138137417,9.0,0.0,0.0,0.0,0.0,0.0,0.0,0.0,0.0,0.0,0.0,0.0,0.0,0.0,0.0,0.0,-0.09966865249116202,-0.09065988720074511,-0.09966865249116202,-0.09966865249116202,-0.09966865249116202,-0.19739555984988075,-0.19739555984988075,-0.19739555984988075,-0.2914567944778671,-0.2914567944778671,-0.3805063771123649,-0.2914567944778671,-0.3805063771123649,-0.4182243295792291,-0.4636476090008061,-0.4636476090008061,-0.4636476090008061,-0.4636476090008061,-0.5404195002705842,-0.6107259643892086,-0.6107259643892086,-0.5667292175235064,0.0,-0.5667292175235064,-0.4993467216801301,-0.5880026035475675,-0.5667292175235064,-0.5280744484263596,-0.5280744484263596,-0.5280744484263596,-0.4636476090008061,-0.4636476090008061,-0.4636476090008061,-0.4636476090008061,-0.4993467216801301,-0.4636476090008061,-0.3671738338182192,-0.348771003583907,-0.3217505543966422,-0.348771003583907,-0.2662520491509254,-0.17985349979247828,-0.19739555984988075,-0.19739555984988075,-0.19739555984988075,-0.19739555984988075,-0.09966865249116202,-0.11065722117389565,0.0,0.0,0.0,0.0,0.0,0.0
1.812335599999642,tx,1a:00:00:00:00:00,-54,88.72470746232773,64,0.9337781423411726,20.007931001294466,0,0,0,0,0,0,0,0,0,0,0,0,2,-12,2,-12,2,-12,2,-12,2,-13,1,-11,1,-12,1,-12,0,-12,1,-13,0,-12,0,-12,0,-12,-1,-12,-1,-12,-2,-13,-2,-12,-3,-13,-3,-12,-4,-12,-4,-13,-4,-13,-4,-14,-5,-13,-5,-13,-5,-13,0,0,-5,-14,-6,-15,-6,-14,-6,-15,-5,-14,-6,-15,-5,-15,-5,-15,-5,-15,-4,-15,-4,-15,-3,-15,-3,-15,-2,-14,-3,-15,-2,-13,-2,-14,-2,-13,-1,-13,-1,-13,0,-12,0,-12,0,-12,1,-11,1,-11,2,-10,0,0,0,0,0,0,0,0,0,0,0.0,0.0,0.0,0.0,0.0,0.0,12.165525060596439,12.165525060596439,12.165525060596439,12.165525060596439,13.152946437965905,11.045361017187261,12.041594578792296,12.041594578792296,12.0,13.038404810405298,12.0,12.0,12.0,12.041594578792296,12.041594578792296,13.152946437965905,12.165525060596439,13.341664064126334,12.36931687685298,12.649110640673518,13.601470508735444,13.601470508735444,14.560219778561036,13.92838827718412,13.92838827718412,13.92838827718412,0.0,14.866068747318506,16.15549442140351,15.231546211727817,16.15549442140351,14.866068747318506,16.15549442140351,15.811388300841896,15.811388300841896,15.811388300841896,15.524174696260024,15.524174696260024,15.297058540778355,15.297058540778355,14.142135623730951,15.297058540778355,13.152946437965905,14.142135623730951,13.152946437965905,13.038404810405298,13.038404810405298,12.0,12.0,12.0,11.045361017187261,11.045361017187261,10.198039027185569,0.0,0.0,0.0,0.0,0.0,0.0,0.0,0.0,0.0,0.0,0.0,-1.4056476493802699,-1.4056476493802699,-1.4056476493802699,-1.4056476493802699,-1.4181469983996315,-1.4801364395941514,-1.4876550949064553,-1.4876550949064553,-1.5707963267948966,-1.4940244355251187,-1.5707963267948966,-1.5707963267948966,-1.5707963267948966,-1.6539375586833378,-1.6539375586833378,-1.7234456551901618,-1.7359450042095235,-1.7975951748487824,-1.8157749899217608,-1.892546881191539,-1.8692952583810758,-1.8692952583810758,-1.849095985800008,-1.9379701606131159,-1.9379701606131159,-1.9379701606131159,0.0,-1.9138202672156,-1.9513027039072615,-1.97568811307998,-1.9513027039072615,-1.9138202672156,-1.9513027039072615,-1.892546881191539,-1.892546881191539,-1.892546881191539,-1.8313987185422376,-1.8313987185422376,-1.7681918866447774,-1.7681918866447774,-1.7126933813990606,-1.7681918866447774,-1.7234456551901618,-1.7126933813990606,-1.7234456551901618,-1.6475682180646747,-1.6475682180646747,-1.5707963267948966,-1.5707963267948966,-1.5707963267948966,-1.4801364395941514,-1.4801364395941514,-1.373400766945016,0.0,0.0,0.0,0.0,0.0
1.924486395000713,tx,1a:00:00:00:00:00,-54,88.72470746232773,64,0.9323747463879357,19.901122423335107,0,0,0,0,0,0,0,0,0,0,0,0,-1,-11,-2,-11,-2,-11,-2,-11,-2,-10,-2,-11,-2,-11,-3,-11,-3,-11,-4,-10,-4,-11,-4,-10,-5,-10,-5,-10,-5,-11,-5,-10,-5,-11,-6,-10,-7,-10,-7,-10,-7,-10,-7,-10,-7,-10,-8,-10,-9,-10,-9,-10,0,0,-9,-11,-9,-11,-9,-12,-9,-11,-9,-12,-9,-12,-9,-12,-8,-12,-8,-13,-8,-12,-8,-12,-7,-12,-7,-12,-7,-13,-5,-12,-6,-12,-5,-11,-5,-11,-5,-11,-4,-11,-4,-11,-3,-11,-3,-10,-3,-10,-3,-10,-2,-10,0,0,0,0,0,0,0,0,0,0,0.0,0.0,0.0,0.0,0.0,0.0,11.045361017187261,11.180339887498949,11.180339887498949,11.180339887498949,10.198039027185569,11.180339887498949,11.180339887498949,11.40175425099138,11.40175425099138,10.770329614269007,11.704699910719626,10.770329614269007,11.180339887498949,11.180339887498949,12.083045973594572,11.180339887498949,12.083045973594572,11.661903789690601,12.206555615733702,12.206555615733702,12.206555615733702,12.206555615733702,12.206555615733702,12.806248474865697,13.45362404707371,13.45362404707371,0.0,14.212670403551895,14.212670403551895,15.0,14.212670403551895,15.0,15.0,15.0,14.422205101855956,15.264337522473747,14.422205101855956,14.422205101855956,13.892443989449804,13.892443989449804,14.7648230602334,13.0,13.416407864998739,12.083045973594572,12.083045973594572,12.083045973594572,11.704699910719626,11.704699910719626,11.40175425099138,10.44030650891055,10.44030650891055,10.44030650891055,10.198039027185569,0.0,0.0,0.0,0.0,0.0,0.0,0.0,0.0,0.0,0.0,0.0,-1.6614562139956417,-1.750649826587375,-1.750649826587375,-1.750649826587375,-1.7681918866447774,-1.750649826587375,-1.750649826587375,-1.837048375945822,-1.837048375945822,-1.9513027039072615,-1.9195673303788037,-1.9513027039072615,-2.0344439357957027,-2.0344439357957027,-1.9974238199217726,-2.0344439357957027,-1.9974238199217726,-2.1112158270654806,-2.1815222911841055,-2.1815222911841055,-2.1815222911841055,-2.1815222911841055,-2.1815222911841055,-2.2455372690184494,-2.3036114285814033,-2.3036114285814033,0.0,-2.256525837701183,-2.256525837701183,-2.214297435588181,-2.256525837701183,-2.214297435588181,-2.214297435588181,-2.214297435588181,-2.158798930342464,-2.1224513093234436,-2.158798930342464,-2.158798930342464,-2.0988707752212563,-2.0988707752212563,-2.0647376957144776,-1.965587446494658,-2.0344439357957027,-1.9974238199217726,-1.9974238199217726,-1.9974238199217726,-1.9195673303788037,-1.9195673303788037,-1.837048375945822,-1.8622531212727638,-1.8622531212727638,-1.8622531212727638,-1.7681918866447774,0.0,0.0,0.0,0.0,0.0
2.038792706996901,tx,1a:00:00:00:00:00,-54,88.72470746232773,64,0.9281092917422611,19.773646055770044,0,0,0,0,0,0,0,0,0,0,0,0,-2,-11,-2,-10,-3,-11,-2,-10,-3,-11,-3,-10,-3,-11,-3,-10,-4,-11,-4,-11,-4,-11,-4,-11,-5,-10,-5,-10,-5,-10,-6,-10,-6,-10,-7,-10,-7,-10,-7,-10,-7,-10,-8,-10,-8,-10,-8,-10,-9,-11,-9,-10,0,0,-9,-11,-10,-11,-9,-10,-10,-12,-9,-11,-9,-12,-9,-12,-9,-12,-9,-12,-8,-13,-8,-12,-7,-12,-7,-12,-7,-11,-8,-12,-6,-11,-6,-12,-6,-11,-6,-11,-5,-11,-5,-11,-5,-10,-4,-11,-3,-10,-3,-10,-2,-10,0,0,0,0,0,0,0,0,0,0,0.0,0.0,0.0,0.0,0.0,0.0,11.180339887498949,10.198039027185569,11.40175425099138,10.198039027185569,11.40175425099138,10.44030650891055,11.40175425099138,10.44030650891055,11.704699910719626,11.704699910719626,11.704699910719626,11.704699910719626,11.180339887498949,11.180339887498949,11.180339887498949,11.661903789690601,11.661903789690601,12.206555615733702,12.206555615733702,12.206555615733702,12.206555615733702,12.806248474865697,12.806248474865697,12.806248474865697,14.212670403551895,13.45362404707371,0.0,14.212670403551895,14.866068747318506,13.45362404707371,15.620499351813308,14.212670403551895,15.0,15.0,15.0,15.0,15.264337522473747,14.422205101855956,13.892443989449804,13.892443989449804,13.038404810405298,14.422205101855956,12.529964086141668,13.416407864998739,12.529964086141668,12.529964086141668,12.083045973594572,12.083045973594572,11.180339887498949,11.704699910719626,10.44030650891055,10.44030650891055,10.198039027185569,0.0,0.0,0.0,0.0,0.0,0.0,0.0,0.0,0.0,0.0,0.0,-1.750649826587375,-1.7681918866447774,-1.837048375945822,-1.7681918866447774,-1.837048375945822,-1.8622531212727638,-1.837048375945822,-1.8622531212727638,-1.9195673303788037,-1.9195673303788037,-1.9195673303788037,-1.9195673303788037,-2.0344439357957027,-2.0344439357957027,-2.0344439357957027,-2.1112158270654806,-2.1112158270654806,-2.1815222911841055,-2.1815222911841055,-2.1815222911841055,-2.1815222911841055,-2.2455372690184494,-2.2455372690184494,-2.2455372690184494,-2.256525837701183,-2.3036114285814033,0.0,-2.256525837701183,-2.3086113869153615,-2.3036114285814033,-2.2655346029916,-2.256525837701183,-2.214297435588181,-2.214297435588181,-2.214297435588181,-2.214297435588181,-2.1224513093234436,-2.158798930342464,-2.0988707752212563,-2.0988707752212563,-2.137525544318403,-2.158798930342464,-2.0701430484750265,-2.0344439357957027,-2.0701430484750265,-2.0701430484750265,-1.9974238199217726,-1.9974238199217726,-2.0344439357957027,-1.9195673303788037,-1.8622531212727638,-1.8622531212727638,-1.7681918866447774,0.0,0.0,0.0,0.0,0.0
2.1509614679962397,tx,1a:00:00:00:00:00,-54,88.72470746232773,64,0.925075247372201,19.6155946846629,0,0,0,0,0,0,0,0,0,0,0,0,7,6,7,6,8,6,8,5,8,6,8,5,8,5,8,5,9,5,9,5,9,5,9,5,9,4,9,4,10,4,11,3,10,3,11,3,10,2,11,2,11,2,12,2,12,2,12,1,12,2,13,1,0,0,13,1,13,1,13,1,14,1,13,2,14,2,14,2,14,3,14,2,13,3,13,3,13,3,13,3,12,3,12,4,11,3,12,4,11,4,10,4,10,4,10,5,9,4,9,5,8,5,8,5,7,5,0,0,0,0,0,0,0,0,0,0,0.0,0.0,0.0,0.0,0.0,0.0,9.219544457292887,9.219544457292887,10.0,9.433981132056603,10.0,9.433981132056603,9.433981132056603,9.433981132056603,10.295630140987,10.295630140987,10.295630140987,10.295630140987,9.848857801796104,9.848857801796104,10.770329614269007,11.40175425099138,10.44030650891055,11.40175425099138,10.198039027185569,11.180339887498949,11.180339887498949,12.165525060596439,12.165525060596439,12.041594578792296,12.165525060596439,13.038404810405298,0.0,13.038404810405298,13.038404810405298,13.038404810405298,14.035668847618199,13.152946437965905,14.142135623730951,14.142135623730951,14.317821063276353,14.142135623730951,13.341664064126334,13.341664064126334,13.341664064126334,13.341664064126334,12.36931687685298,12.649110640673518,11.40175425099138,12.649110640673518,11.704699910719626,10.770329614269007,10.770329614269007,11.180339887498949,9.848857801796104,10.295630140987,9.433981132056603,9.433981132056603,8.602325267042627,0.0,0.0,0.0,0.0,0.0,0.0,0.0,0.0,0.0,0.0,0.0,0.7086262721276703,0.7086262721276703,0.6435011087932844,0.5585993153435624,0.6435011087932844,0.5585993153435624,0.5585993153435624,0.5585993153435624,0.507098504392337,0.507098504392337,0.507098504392337,0.507098504392337,0.4182243295792291,0.4182243295792291,0.3805063771123649,0.2662520491509254,0.2914567944778671,0.2662520491509254,0.19739555984988075,0.17985349979247828,0.17985349979247828,0.16514867741462683,0.16514867741462683,0.08314123188844123,0.16514867741462683,0.07677189126977804,0.0,0.07677189126977804,0.07677189126977804,0.07677189126977804,0.07130746478529032,0.15264932839526515,0.14189705460416394,0.14189705460416394,0.21109333322274654,0.14189705460416394,0.22679884805388587,0.22679884805388587,0.22679884805388587,0.22679884805388587,0.24497866312686414,0.3217505543966422,0.2662520491509254,0.3217505543966422,0.348771003583907,0.3805063771123649,0.3805063771123649,0.4636476090008061,0.4182243295792291,0.507098504392337,0.5585993153435624,0.5585993153435624,0.6202494859828215,0.0,0.0,0.0,0.0,0.0
2.25291688300058,tx,1a:00:00:00:00:00,-55,88.72470746232773,64,0.9187150102252837,19.424983398309617,0,0,0,0,0,0,0,0,0,0,0,0,-9,-5,-9,-5,-10,-5,-9,-5,-10,-5,-10,-5,-10,-4,-10,-4,-10,-4,-10,-4,-11,-4,-11,-4,-11,-3,-11,-3,-11,-3,-12,-2,-12,-2,-12,-2,-12,-1,-12,-1,-12,-1,-13,0,-13,-1,-13,0,-14,0,-14,0,0,0,-14,0,-14,0,-15,1,-15,1,-15,0,-15,0,-15,0,-15,-1,-15,-1,-15,-1,-15,-1,-14,-2,-14,-2,-14,-2,-14,-1,-13,-2,-13,-3,-13,-3,-12,-3,-12,-3,-12,-3,-12,-3,-11,-4,-11,-4,-10,-5,-10,-5,0,0,0,0,0,0,0,0,0,0,0.0,0.0,0.0,0.0,0.0,0.0,10.295630140987,10.295630140987,11.180339887498949,10.295630140987,11.180339887498949,11.180339887498949,10.770329614269007,10.770329614269007,10.770329614269007,10.770329614269007,11.704699910719626,11.704699910719626,11.40175425099138,11.40175425099138,11.40175425099138,12.165525060596439,12.165525060596439,12.165525060596439,12.041594578792296,12.041594578792296,12.041594578792296,13.0,13.038404810405298,13.0,14.0,14.0,0.0,14.0,14.0,15.033296378372908,15.033296378372908,15.0,15.0,15.0,15.033296378372908,15.033296378372908,15.033296378372908,15.033296378372908,14.142135623730951,14.142135623730951,14.142135623730951,14.035668847618199,13.152946437965905,13.341664064126334,13.341664064126334,12.36931687685298,12.36931687685298,12.36931687685298,12.36931687685298,11.704699910719626,11.704699910719626,11.180339887498949,11.180339887498949,0.0,0.0,0.0,0.0,0.0,0.0,0.0,0.0,0.0,0.0,0.0,-2.6344941491974563,-2.6344941491974563,-2.677945044588987,-2.6344941491974563,-2.677945044588987,-2.677945044588987,-2.761086276477428,-2.761086276477428,-2.761086276477428,-2.761086276477428,-2.7928216500058864,-2.7928216500058864,-2.875340604438868,-2.875340604438868,-2.875340604438868,-2.976443976175166,-2.976443976175166,-2.976443976175166,-3.058451421701352,-3.058451421701352,-3.058451421701352,3.141592653589793,-3.064820762320015,3.141592653589793,3.141592653589793,3.141592653589793,0.0,3.141592653589793,3.141592653589793,3.0750244898139694,3.0750244898139694,3.141592653589793,3.141592653589793,3.141592653589793,-3.0750244898139694,-3.0750244898139694,-3.0750244898139694,-3.0750244898139694,-2.999695598985629,-2.999695598985629,-2.999695598985629,-3.070285188804503,-2.988943325194528,-2.9147938055359073,-2.9147938055359073,-2.896613990462929,-2.896613990462929,-2.896613990462929,-2.896613990462929,-2.7928216500058864,-2.7928216500058864,-2.677945044588987,-2.677945044588987,0.0,0.0,0.0,0.0,0.0
2.3529417929967167,tx,1a:00:00:00:00:00,-55,88.72470746232773,64,0.9139999877389821,19.221476227335046,0,0,0,0,0,0,0,0,0,0,0,0,-4,-9,-5,-9,-5,-9,-5,-9,-6,-9,-6,-9,-6,-9,-6,-8,-6,-9,-7,-8,-7,-8,-8,-8,-8,-8,-9,-8,-9,-8,-9,-8,-9,-8,-10,-7,-10,-7,-10,-7,-10,-7,-11,-7,-11,-6,-12,-6,-13,-6,-13,-7,0,0,-14,-7,-13,-7,-14,-7,-14,-7,-14,-7,-14,-8,-14,-9,-14,-8,-14,-9,-13,-8,-13,-8,-13,-8,-13,-8,-13,-9,-12,-9,-12,-9,-11,-9,-11,-8,-11,-9,-9,-9,-10,-9,-9,-9,-9,-9,-8,-9,-8,-8,-7,-9,0,0,0,0,0,0,0,0,0,0,0.0,0.0,0.0,0.0,0.0,0.0,9.848857801796104,10.295630140987,10.295630140987,10.295630140987,10.816653826391969,10.816653826391969,10.816653826391969,10.0,10.816653826391969,10.63014581273465,10.63014581273465,11.313708498984761,11.313708498984761,12.041594578792296,12.041594578792296,12.041594578792296,12.041594578792296,12.206555615733702,12.206555615733702,12.206555615733702,12.206555615733702,13.038404810405298,12.529964086141668,13.416407864998739,14.317821063276353,14.7648230602334,0.0,15.652475842498529,14.7648230602334,15.652475842498529,15.652475842498529,15.652475842498529,16.1245154965971,16.64331697709324,16.1245154965971,16.64331697709324,15.264337522473747,15.264337522473747,15.264337522473747,15.264337522473747,15.811388300841896,15.0,15.0,14.212670403551895,13.601470508735444,14.212670403551895,12.727922061357855,13.45362404707371,12.727922061357855,12.727922061357855,12.041594578792296,11.313708498984761,11.40175425099138,0.0,0.0,0.0,0.0,0.0,0.0,0.0,0.0,0.0,0.0,0.0,-1.9890206563741257,-2.0778948311872334,-2.0778948311872334,-2.0778948311872334,-2.158798930342464,-2.158798930342464,-2.158798930342464,-2.214297435588181,-2.158798930342464,-2.289626326416521,-2.289626326416521,-2.356194490192345,-2.356194490192345,-2.4149503129080676,-2.4149503129080676,-2.4149503129080676,-2.4149503129080676,-2.5308666892005847,-2.5308666892005847,-2.5308666892005847,-2.5308666892005847,-2.5748634360662868,-2.642245931909663,-2.677945044588987,-2.7091848780192556,-2.647651284670212,0.0,-2.677945044588987,-2.647651284670212,-2.677945044588987,-2.677945044588987,-2.677945044588987,-2.62244653934327,-2.5702551737561663,-2.62244653934327,-2.5702551737561663,-2.5899376710612465,-2.5899376710612465,-2.5899376710612465,-2.5899376710612465,-2.5360479899848234,-2.498091544796509,-2.498091544796509,-2.455863142683507,-2.5127963671743605,-2.455863142683507,-2.356194490192345,-2.408777551803287,-2.356194490192345,-2.356194490192345,-2.297438667476622,-2.356194490192345,-2.2318394956455836,0.0,0.0,0.0,0.0,0.0
2.4711990159994457,tx,1a:00:00:00:00:00,-55,88.72470746232773,64,0.9111906917575583,19.018637422354825,0,0,0,0,0,0,0,0,0,0,0,0,-4,8,-4,8,-4,8,-5,9,-4,8,-4,9,-4,9,-4,9,-4,9,-3,9,-3,10,-2,10,-2,10,-2,10,-2,11,-1,10,-1,11,-1,10,0,12,0,11,0,11,1,12,1,11,2,12,2,13,2,13,0,0,2,13,1,13,2,15,2,13,1,14,1,14,1,14,1,14,1,14,1,13,1,14,0,14,0,14,0,14,-1,12,-1,13,-1,12,-1,12,-2,12,-2,11,-2,11,-3,11,-2,10,-3,10,-3,10,-3,9,0,0,0,0,0,0,0,0,0,0,0.0,0.0,0.0,0.0,0.0,0.0,8.94427190999916,8.94427190999916,8.94427190999916,10.295630140987,8.94427190999916,9.848857801796104,9.848857801796104,9.848857801796104,9.848857801796104,9.486832980505138,10.44030650891055,10.198039027185569,10.198039027185569,10.198039027185569,11.180339887498949,10.04987562112089,11.045361017187261,10.04987562112089,12.0,11.0,11.0,12.041594578792296,11.045361017187261,12.165525060596439,13.152946437965905,13.152946437965905,0.0,13.152946437965905,13.038404810405298,15.132745950421556,13.152946437965905,14.035668847618199,14.035668847618199,14.035668847618199,14.035668847618199,14.035668847618199,13.038404810405298,14.035668847618199,14.0,14.0,14.0,12.041594578792296,13.038404810405298,12.041594578792296,12.041594578792296,12.165525060596439,11.180339887498949,11.180339887498949,11.40175425099138,10.198039027185569,10.44030650891055,10.44030650891055,9.486832980505138,0.0,0.0,0.0,0.0,0.0,0.0,0.0,0.0,0.0,0.0,0.0,2.0344439357957027,2.0344439357957027,2.0344439357957027,2.0778948311872334,2.0344439357957027,1.9890206563741257,1.9890206563741257,1.9890206563741257,1.9890206563741257,1.892546881191539,1.8622531212727638,1.7681918866447774,1.7681918866447774,1.7681918866447774,1.750649826587375,1.6704649792860586,1.6614562139956417,1.6704649792860586,1.5707963267948966,1.5707963267948966,1.5707963267948966,1.4876550949064553,1.4801364395941514,1.4056476493802699,1.4181469983996315,1.4181469983996315,0.0,1.4181469983996315,1.4940244355251187,1.4382447944982226,1.4181469983996315,1.4994888620096063,1.4994888620096063,1.4994888620096063,1.4994888620096063,1.4994888620096063,1.4940244355251187,1.4994888620096063,1.5707963267948966,1.5707963267948966,1.5707963267948966,1.6539375586833378,1.6475682180646747,1.6539375586833378,1.6539375586833378,1.7359450042095235,1.750649826587375,1.750649826587375,1.837048375945822,1.7681918866447774,1.8622531212727638,1.8622531212727638,1.892546881191539,0.0,0.0,0.0,0.0,0.0
2.581077966999146,tx,1a:00:00:00:00:00,-55,88.72470746232773,64,0.9099758110621083,18.816585485722026,0,0,0,0,0,0,0,0,0,0,0,0,6,6,7,6,7,6,8,6,7,6,8,5,8,6,8,5,8,5,9,4,9,4,9,4,10,4,10,4,10,4,10,3,11,3,10,3,11,3,11,2,11,2,11,2,11,2,12,1,13,1,13,1,0,0,13,1,13,1,15,1,13,1,14,1,15,2,14,2,14,2,14,2,14,2,13,2,14,3,13,3,14,3,12,3,12,4,12,3,11,4,11,4,11,4,11,4,9,4,10,4,8,4,9,4,8,5,0,0,0,0,0,0,0,0,0,0,0.0,0.0,0.0,0.0,0.0,0.0,8.48528137423857,9.219544457292887,9.219544457292887,10.0,9.219544457292887,9.433981132056603,10.0,9.433981132056603,9.433981132056603,9.848857801796104,9.848857801796104,9.848857801796104,10.770329614269007,10.770329614269007,10.770329614269007,10.44030650891055,11.40175425099138,10.44030650891055,11.40175425099138,11.180339887498949,11.180339887498949,11.180339887498949,11.180339887498949,12.041594578792296,13.038404810405298,13.038404810405298,0.0,13.038404810405298,13.038404810405298,15.033296378372908,13.038404810405298,14.035668847618199,15.132745950421556,14.142135623730951,14.142135623730951,14.142135623730951,14.142135623730951,13.152946437965905,14.317821063276353,13.341664064126334,14.317821063276353,12.36931687685298,12.649110640673518,12.36931687685298,11.704699910719626,11.704699910719626,11.704699910719626,11.704699910719626,9.848857801796104,10.770329614269007,8.94427190999916,9.848857801796104,9.433981132056603,0.0,0.0,0.0,0.0,0.0,0.0,0.0,0.0,0.0,0.0,0.0,0.7853981633974483,0.7086262721276703,0.7086262721276703,0.6435011087932844,0.7086262721276703,0.5585993153435624,0.6435011087932844,0.5585993153435624,0.5585993153435624,0.4182243295792291,0.4182243295792291,0.4182243295792291,0.3805063771123649,0.3805063771123649,0.3805063771123649,0.2914567944778671,0.2662520491509254,0.2914567944778671,0.2662520491509254,0.17985349979247828,0.17985349979247828,0.17985349979247828,0.17985349979247828,0.08314123188844123,0.07677189126977804,0.07677189126977804,0.0,0.07677189126977804,0.07677189126977804,0.06656816377582381,0.07677189126977804,0.07130746478529032,0.13255153229667402,0.14189705460416394,0.14189705460416394,0.14189705460416394,0.14189705460416394,0.15264932839526515,0.21109333322274654,0.22679884805388587,0.21109333322274654,0.24497866312686414,0.3217505543966422,0.24497866312686414,0.348771003583907,0.348771003583907,0.348771003583907,0.348771003583907,0.4182243295792291,0.3805063771123649,0.4636476090008061,0.4182243295792291,0.5585993153435624,0.0,0.0,0.0,0.0,0.0
2.6817895819986006,tx,1a:00:00:00:00:00,-55,88.30864469024985,64,0.909022004358466,18.595811864016554,0,0,0,0,0,0,0,0,0,0,0,0,-7,6,-7,6,-7,7,-7,6,-7,7,-6,7,-6,7,-6,7,-6,8,-6,8,-6,8,-6,9,-5,9,-5,9,-5,9,-4,10,-4,9,-4,10,-4,10,-3,10,-3,11,-3,12,-3,11,-2,12,-3,13,-2,12,0,0,-2,13,-2,14,-2,13,-2,14,-2,13,-2,14,-2,14,-3,14,-3,14,-3,14,-3,13,-4,13,-4,13,-4,12,-4,13,-4,12,-4,12,-4,11,-4,11,-4,11,-5,10,-5,10,-6,10,-6,9,-6,9,-6,8,0,0,0,0,0,0,0,0,0,0,0.0,0.0,0.0,0.0,0.0,0.0,9.219544457292887,9.219544457292887,9.899494936611665,9.219544457292887,9.899494936611665,9.219544457292887,9.219544457292887,9.219544457292887,10.0,10.0,10.0,10.816653826391969,10.295630140987,10.295630140987,10.295630140987,10.770329614269007,9.848857801796104,10.770329614269007,10.770329614269007,10.44030650891055,11.40175425099138,12.36931687685298,11.40175425099138,12.165525060596439,13.341664064126334,12.165525060596439,0.0,13.152946437965905,14.142135623730951,13.152946437965905,14.142135623730951,13.152946437965905,14.142135623730951,14.142135623730951,14.317821063276353,14.317821063276353,14.317821063276353,13.341664064126334,13.601470508735444,13.601470508735444,12.649110640673518,13.601470508735444,12.649110640673518,12.649110640673518,11.704699910719626,11.704699910719626,11.704699910719626,11.180339887498949,11.180339887498949,11.661903789690601,10.816653826391969,10.816653826391969,10.0,0.0,0.0,0.0,0.0,0.0,0.0,0.0,0.0,0.0,0.0,0.0,2.432966381462123,2.432966381462123,2.356194490192345,2.432966381462123,2.356194490192345,2.279422598922567,2.279422598922567,2.279422598922567,2.214297435588181,2.214297435588181,2.214297435588181,2.158798930342464,2.0778948311872334,2.0778948311872334,2.0778948311872334,1.9513027039072615,1.9890206563741257,1.9513027039072615,1.9513027039072615,1.8622531212727638,1.837048375945822,1.8157749899217608,1.837048375945822,1.7359450042095235,1.7975951748487824,1.7359450042095235,0.0,1.7234456551901618,1.7126933813990606,1.7234456551901618,1.7126933813990606,1.7234456551901618,1.7126933813990606,1.7126933813990606,1.7818896600176433,1.7818896600176433,1.7818896600176433,1.7975951748487824,1.8692952583810758,1.8692952583810758,1.892546881191539,1.8692952583810758,1.892546881191539,1.892546881191539,1.9195673303788037,1.9195673303788037,1.9195673303788037,2.0344439357957027,2.0344439357957027,2.1112158270654806,2.158798930342464,2.158798930342464,2.214297435588181,0.0,0.0,0.0,0.0,0.0
2.7923419989965623,tx,1a:00:00:00:00:00,-54,88.30864469024985,64,0.9079300678439406,18.345460672924187,0,0,0,0,0,0,0,0,0,0,0,0,8,2,8,2,8,2,8,2,9,1,9,1,9,1,9,1,9,1,9,0,10,0,10,0,10,-1,10,-1,10,-1,10,-2,10,-2,10,-3,11,-3,11,-3,11,-4,11,-4,11,-4,11,-5,12,-5,12,-5,0,0,12,-6,12,-6,13,-6,13,-6,13,-6,14,-6,14,-6,14,-6,14,-5,13,-5,14,-5,13,-5,14,-5,13,-4,13,-4,13,-4,12,-3,12,-3,12,-3,12,-2,12,-2,11,-1,11,-1,11,-1,11,-1,10,0,0,0,0,0,0,0,0,0,0,0,0.0,0.0,0.0,0.0,0.0,0.0,8.246211251235321,8.246211251235321,8.246211251235321,8.246211251235321,9.055385138137417,9.055385138137417,9.055385138137417,9.055385138137417,9.055385138137417,9.0,10.0,10.0,10.04987562112089,10.04987562112089,10.04987562112089,10.198039027185569,10.198039027185569,10.44030650891055,11.40175425099138,11.40175425099138,11.704699910719626,11.704699910719626,11.704699910719626,12.083045973594572,13.0,13.0,0.0,13.416407864998739,13.416407864998739,14.317821063276353,14.317821063276353,14.317821063276353,15.231546211727817,15.231546211727817,15.231546211727817,14.866068747318506,13.92838827718412,14.866068747318506,13.92838827718412,14.866068747318506,13.601470508735444,13.601470508735444,13.601470508735444,12.36931687685298,12.36931687685298,12.36931687685298,12.165525060596439,12.165525060596439,11.045361017187261,11.045361017187261,11.045361017187261,11.045361017187261,10.0,0.0,0.0,0.0,0.0,0.0,0.0,0.0,0.0,0.0,0.0,0.0,0.24497866312686414,0.24497866312686414,0.24497866312686414,0.24497866312686414,0.11065722117389565,0.11065722117389565,0.11065722117389565,0.11065722117389565,0.11065722117389565,0.0,0.0,0.0,-0.09966865249116202,-0.09966865249116202,-0.09966865249116202,-0.19739555984988075,-0.19739555984988075,-0.2914567944778671,-0.2662520491509254,-0.2662520491509254,-0.348771003583907,-0.348771003583907,-0.348771003583907,-0.4266274931268761,-0.3947911196997615,-0.3947911196997615,0.0,-0.4636476090008061,-0.4636476090008061,-0.43240777557053783,-0.43240777557053783,-0.43240777557053783,-0.40489178628508343,-0.40489178628508343,-0.40489178628508343,-0.3430239404207034,-0.3671738338182192,-0.3430239404207034,-0.3671738338182192,-0.3430239404207034,-0.2984989315861793,-0.2984989315861793,-0.2984989315861793,-0.24497866312686414,-0.24497866312686414,-0.24497866312686414,-0.16514867741462683,-0.16514867741462683,-0.09065988720074511,-0.09065988720074511,-0.09065988720074511,-0.09065988720074511,0.0,0.0,0.0,0.0,0.0,0.0
2.8953923329972895,tx,1a:00:00:00:00:00,-54,88.30864469024985,64,0.9071706296669668,18.07254931676274,0,0,0,0,0,0,0,0,0,0,0,0,-7,-6,-7,-6,-7,-5,-8,-6,-8,-5,-8,-5,-8,-5,-9,-5,-9,-5,-9,-4,-9,-4,-10,-4,-10,-4,-10,-3,-11,-3,-10,-3,-11,-3,-10,-2,-11,-2,-11,-1,-11,-1,-12,-1,-11,0,-13,-1,-13,-1,-14,0,0,0,-15,0,-14,0,-15,0,-14,0,-15,0,-15,0,-15,0,-15,-1,-15,-1,-14,-1,-15,-1,-15,-2,-14,-2,-15,-2,-14,-2,-14,-3,-13,-3,-13,-3,-13,-3,-12,-3,-12,-3,-12,-4,-11,-4,-11,-4,-11,-4,-10,-5,0,0,0,0,0,0,0,0,0,0,0.0,0.0,0.0,0.0,0.0,0.0,9.219544457292887,9.219544457292887,8.602325267042627,10.0,9.433981132056603,9.433981132056603,9.433981132056603,10.295630140987,10.295630140987,9.848857801796104,9.848857801796104,10.770329614269007,10.770329614269007,10.44030650891055,11.40175425099138,10.44030650891055,11.40175425099138,10.198039027185569,11.180339887498949,11.045361017187261,11.045361017187261,12.041594578792296,11.0,13.038404810405298,13.038404810405298,14.0,0.0,15.0,14.0,15.0,14.0,15.0,15.0,15.0,15.033296378372908,15.033296378372908,14.035668847618199,15.033296378372908,15.132745950421556,14.142135623730951,15.132745950421556,14.142135623730951,14.317821063276353,13.341664064126334,13.341664064126334,13.341664064126334,12.36931687685298,12.36931687685298,12.649110640673518,11.704699910719626,11.704699910719626,11.704699910719626,11.180339887498949,0.0,0.0,0.0,0.0,0.0,0.0,0.0,0.0,0.0,0.0,0.0,-2.432966381462123,-2.432966381462123,-2.5213431676069717,-2.498091544796509,-2.5829933382462307,-2.5829933382462307,-2.5829933382462307,-2.6344941491974563,-2.6344941491974563,-2.723368324010564,-2.723368324010564,-2.761086276477428,-2.761086276477428,-2.8501358591119264,-2.875340604438868,-2.8501358591119264,-2.875340604438868,-2.9441970937399127,-2.961739153797315,-3.050932766389048,-3.050932766389048,-3.058451421701352,3.141592653589793,-3.064820762320015,-3.064820762320015,3.141592653589793,0.0,3.141592653589793,3.141592653589793,3.141592653589793,3.141592653589793,3.141592653589793,3.141592653589793,3.141592653589793,-3.0750244898139694,-3.0750244898139694,-3.070285188804503,-3.0750244898139694,-3.0090411212931194,-2.999695598985629,-3.0090411212931194,-2.999695598985629,-2.930499320367047,-2.9147938055359073,-2.9147938055359073,-2.9147938055359073,-2.896613990462929,-2.896613990462929,-2.819842099193151,-2.7928216500058864,-2.7928216500058864,-2.7928216500058864,-2.677945044588987,0.0,0.0,0.0,0.0,0.0
3.0029179169941926,tx,1a:00:00:00:00:00,-55,88.30864469024985,64,0.9073827458587347,17.80066485414402,0,0,0,0,0,0,0,0,0,0,0,0,3,-9,3,-10,3,-9,3,-10,2,-10,2,-10,2,-10,2,-10,2,-11,1,-11,1,-11,0,-11,0,-11,0,-11,-1,-12,-1,-11,-1,-13,-2,-11,-2,-12,-2,-12,-3,-12,-3,-13,-3,-12,-4,-13,-5,-13,-5,-13,0,0,-5,-14,-5,-14,-5,-15,-5,-14,-5,-15,-5,-15,-5,-15,-4,-15,-4,-15,-4,-15,-4,-15,-4,-15,-3,-15,-3,-15,-3,-14,-2,-15,-2,-14,-2,-14,-2,-13,-1,-13,-1,-13,0,-13,0,-12,0,-12,0,-12,1,-11,0,0,0,0,0,0,0,0,0,0,0.0,0.0,0.0,0.0,0.0,0.0,9.486832980505138,10.44030650891055,9.486832980505138,10.44030650891055,10.198039027185569,10.198039027185569,10.198039027185569,10.198039027185569,11.180339887498949,11.045361017187261,11.045361017187261,11.0,11.0,11.0,12.041594578792296,11.045361017187261,13.038404810405298,11.180339887498949,12.165525060596439,12.165525060596439,12.36931687685298,13.341664064126334,12.36931687685298,13.601470508735444,13.92838827718412,13.92838827718412,0.0,14.866068747318506,14.866068747318506,15.811388300841896,14.866068747318506,15.811388300841896,15.811388300841896,15.811388300841896,15.524174696260024,15.524174696260024,15.524174696260024,15.524174696260024,15.524174696260024,15.297058540778355,15.297058540778355,14.317821063276353,15.132745950421556,14.142135623730951,14.142135623730951,13.152946437965905,13.038404810405298,13.038404810405298,13.0,12.0,12.0,12.0,11.045361017187261,0.0,0.0,0.0,0.0,0.0,0.0,0.0,0.0,0.0,0.0,0.0,-1.2490457723982544,-1.2793395323170296,-1.2490457723982544,-1.2793395323170296,-1.373400766945016,-1.373400766945016,-1.373400766945016,-1.373400766945016,-1.3909428270024184,-1.4801364395941514,-1.4801364395941514,-1.5707963267948966,-1.5707963267948966,-1.5707963267948966,-1.6539375586833378,-1.6614562139956417,-1.6475682180646747,-1.750649826587375,-1.7359450042095235,-1.7359450042095235,-1.8157749899217608,-1.7975951748487824,-1.8157749899217608,-1.8692952583810758,-1.9379701606131159,-1.9379701606131159,0.0,-1.9138202672156,-1.9138202672156,-1.892546881191539,-1.9138202672156,-1.892546881191539,-1.892546881191539,-1.892546881191539,-1.8313987185422376,-1.8313987185422376,-1.8313987185422376,-1.8313987185422376,-1.8313987185422376,-1.7681918866447774,-1.7681918866447774,-1.7818896600176433,-1.7033478590915707,-1.7126933813990606,-1.7126933813990606,-1.7234456551901618,-1.6475682180646747,-1.6475682180646747,-1.5707963267948966,-1.5707963267948966,-1.5707963267948966,-1.5707963267948966,-1.4801364395941514,0.0,0.0,0.0,0.0,0.0
3.112151597000775,tx,1a:00:00:00:00:00,-55,88.30864469024985,64,0.9042985037184696,17.51287871439353,0,0,0,0,0,0,0,0,0,0,0,0,-4,-8,-4,-9,-4,-9,-4,-9,-4,-9,-5,-9,-5,-9,-5,-9,-5,-9,-6,-9,-6,-9,-6,-9,-7,-9,-7,-8,-8,-9,-8,-8,-8,-8,-9,-8,-9,-8,-9,-8,-10,-8,-10,-7,-10,-7,-11,-7,-12,-7,-13,-7,0,0,-13,-7,-12,-7,-14,-7,-13,-7,-14,-8,-14,-8,-14,-8,-13,-8,-13,-9,-13,-7,-14,-8,-12,-10,-14,-9,-12,-9,-12,-9,-11,-9,-11,-9,-11,-9,-10,-9,-9,-9,-9,-9,-8,-9,-8,-9,-8,-9,-8,-9,-7,-9,0,0,0,0,0,0,0,0,0,0,0.0,0.0,0.0,0.0,0.0,0.0,8.94427190999916,9.848857801796104,9.848857801796104,9.848857801796104,9.848857801796104,10.295630140987,10.295630140987,10.295630140987,10.295630140987,10.816653826391969,10.816653826391969,10.816653826391969,11.40175425099138,10.63014581273465,12.041594578792296,11.313708498984761,11.313708498984761,12.041594578792296,12.041594578792296,12.041594578792296,12.806248474865697,12.206555615733702,12.206555615733702,13.038404810405298,13.892443989449804,14.7648230602334,0.0,14.7648230602334,13.892443989449804,15.652475842498529,14.7648230602334,16.1245154965971,16.1245154965971,16.1245154965971,15.264337522473747,15.811388300841896,14.7648230602334,16.1245154965971,15.620499351813308,16.64331697709324,15.0,15.0,14.212670403551895,14.212670403551895,14.212670403551895,13.45362404707371,12.727922061357855,12.727922061357855,12.041594578792296,12.041594578792296,12.041594578792296,12.041594578792296,11.40175425099138,0.0,0.0,0.0,0.0,0.0,0.0,0.0,0.0,0.0,0.0,0.0,-2.0344439357957027,-1.9890206563741257,-1.9890206563741257,-1.9890206563741257,-1.9890206563741257,-2.0778948311872334,-2.0778948311872334,-2.0778948311872334,-2.0778948311872334,-2.158798930342464,-2.158798930342464,-2.158798930342464,-2.2318394956455836,-2.289626326416521,-2.297438667476622,-2.356194490192345,-2.356194490192345,-2.4149503129080676,-2.4149503129080676,-2.4149503129080676,-2.4668517113662407,-2.5308666892005847,-2.5308666892005847,-2.5748634360662868,-2.6135182051634334,-2.647651284670212,0.0,-2.647651284670212,-2.6135182051634334,-2.677945044588987,-2.647651284670212,-2.62244653934327,-2.62244653934327,-2.62244653934327,-2.5899376710612465,-2.5360479899848234,-2.647651284670212,-2.62244653934327,-2.44685437739309,-2.5702551737561663,-2.498091544796509,-2.498091544796509,-2.455863142683507,-2.455863142683507,-2.455863142683507,-2.408777551803287,-2.356194490192345,-2.356194490192345,-2.297438667476622,-2.297438667476622,-2.297438667476622,-2.297438667476622,-2.2318394956455836,0.0,0.0,0.0,0.0,0.0
3.2237686719963676,tx,1a:00:00:00:00:00,-55,88.30864469024985,64,0.8992524223180471,17.182294786213163,0,0,0,0,0,0,0,0,0,0,0,0,-8,1,-8,1,-9,1,-9,1,-9,2,-9,2,-9,2,-9,2,-9,3,-9,3,-9,3,-9,4,-9,4,-9,5,-9,5,-9,5,-9,5,-9,6,-8,7,-9,7,-9,7,-9,7,-8,8,-8,9,-8,9,-8,9,0,0,-9,10,-9,10,-9,10,-9,11,-9,10,-10,11,-10,11,-10,10,-10,10,-10,10,-10,10,-10,10,-11,10,-10,9,-10,9,-10,8,-11,8,-10,7,-10,7,-10,6,-10,6,-10,6,-10,6,-10,5,-10,5,-10,4,0,0,0,0,0,0,0,0,0,0,0.0,0.0,0.0,0.0,0.0,0.0,8.06225774829855,8.06225774829855,9.055385138137417,9.055385138137417,9.219544457292887,9.219544457292887,9.219544457292887,9.219544457292887,9.486832980505138,9.486832980505138,9.486832980505138,9.848857801796104,9.848857801796104,10.295630140987,10.295630140987,10.295630140987,10.295630140987,10.816653826391969,10.63014581273465,11.40175425099138,11.40175425099138,11.40175425099138,11.313708498984761,12.041594578792296,12.041594578792296,12.041594578792296,0.0,13.45362404707371,13.45362404707371,13.45362404707371,14.212670403551895,13.45362404707371,14.866068747318506,14.866068747318506,14.142135623730951,14.142135623730951,14.142135623730951,14.142135623730951,14.142135623730951,14.866068747318506,13.45362404707371,13.45362404707371,12.806248474865697,13.601470508735444,12.206555615733702,12.206555615733702,11.661903789690601,11.661903789690601,11.661903789690601,11.661903789690601,11.180339887498949,11.180339887498949,10.770329614269007,0.0,0.0,0.0,0.0,0.0,0.0,0.0,0.0,0.0,0.0,0.0,3.017237659043032,3.017237659043032,3.0309354324158977,3.0309354324158977,2.922923707715851,2.922923707715851,2.922923707715851,2.922923707715851,2.819842099193151,2.819842099193151,2.819842099193151,2.723368324010564,2.723368324010564,2.6344941491974563,2.6344941491974563,2.6344941491974563,2.6344941491974563,2.5535900500422257,2.4227626539681686,2.4805494847391065,2.4805494847391065,2.4805494847391065,2.356194490192345,2.297438667476622,2.297438667476622,2.297438667476622,0.0,2.3036114285814033,2.3036114285814033,2.3036114285814033,2.256525837701183,2.3036114285814033,2.3086113869153615,2.3086113869153615,2.356194490192345,2.356194490192345,2.356194490192345,2.356194490192345,2.356194490192345,2.403777593469328,2.408777551803287,2.408777551803287,2.4668517113662407,2.5127963671743605,2.5308666892005847,2.5308666892005847,2.601173153319209,2.601173153319209,2.601173153319209,2.601173153319209,2.677945044588987,2.677945044588987,2.761086276477428,0.0,0.0,0.0,0.0,0.0
3.3331545679975534,tx,1a:00:00:00:00:00,-54,88.30864469024985,64,0.8967132979289989,16.838871597632533,0,0,0,0,0,0,0,0,0,0,0,0,-6,-7,-7,-7,-7,-6,-7,-7,-7,-7,-8,-7,-7,-7,-8,-6,-8,-6,-8,-6,-9,-6,-9,-6,-9,-6,-10,-5,-10,-5,-10,-5,-11,-5,-10,-4,-11,-4,-11,-4,-11,-4,-12,-4,-11,-3,-13,-3,-13,-3,-14,-3,0,0,-14,-3,-14,-4,-15,-4,-13,-2,-14,-3,-15,-4,-16,-5,-15,-5,-15,-4,-14,-4,-16,-3,-13,-5,-16,-6,-14,-5,-12,-5,-13,-5,-13,-8,-12,-7,-13,-6,-10,-5,-11,-6,-10,-9,-10,-8,-8,-8,-11,-7,-7,-6,0,0,0,0,0,0,0,0,0,0,0.0,0.0,0.0,0.0,0.0,0.0,9.219544457292887,9.899494936611665,9.219544457292887,9.899494936611665,9.899494936611665,10.63014581273465,9.899494936611665,10.0,10.0,10.0,10.816653826391969,10.816653826391969,10.816653826391969,11.180339887498949,11.180339887498949,11.180339887498949,12.083045973594572,10.770329614269007,11.704699910719626,11.704699910719626,11.704699910719626,12.649110640673518,11.40175425099138,13.341664064126334,13.341664064126334,14.317821063276353,0.0,14.317821063276353,14.560219778561036,15.524174696260024,13.152946437965905,14.317821063276353,15.524174696260024,16.76305461424021,15.811388300841896,15.524174696260024,14.560219778561036,16.278820596099706,13.92838827718412,17.08800749063506,14.866068747318506,13.0,13.92838827718412,15.264337522473747,13.892443989449804,14.317821063276353,11.180339887498949,12.529964086141668,13.45362404707371,12.806248474865697,11.313708498984761,13.038404810405298,9.219544457292887,0.0,0.0,0.0,0.0,0.0,0.0,0.0,0.0,0.0,0.0,0.0,-2.279422598922567,-2.356194490192345,-2.432966381462123,-2.356194490192345,-2.356194490192345,-2.4227626539681686,-2.356194490192345,-2.498091544796509,-2.498091544796509,-2.498091544796509,-2.5535900500422257,-2.5535900500422257,-2.5535900500422257,-2.677945044588987,-2.677945044588987,-2.677945044588987,-2.714965160462917,-2.761086276477428,-2.7928216500058864,-2.7928216500058864,-2.7928216500058864,-2.819842099193151,-2.875340604438868,-2.9147938055359073,-2.9147938055359073,-2.930499320367047,0.0,-2.930499320367047,-2.8632929945846817,-2.8809902618424523,-2.988943325194528,-2.930499320367047,-2.8809902618424523,-2.838707785214822,-2.819842099193151,-2.8809902618424523,-2.8632929945846817,-2.9562447035940984,-2.774418819771574,-2.782821983319221,-2.79856871316909,-2.746801533890032,-2.774418819771574,-2.5899376710612465,-2.6135182051634334,-2.7091848780192556,-2.677945044588987,-2.642245931909663,-2.408777551803287,-2.4668517113662407,-2.356194490192345,-2.5748634360662868,-2.432966381462123,0.0,0.0,0.0,0.0,0.0
3.436189148000267,tx,1a:00:00:00:00:00,-54,88.30864469024985,64,0.8949392367958436,16.496202539924198,0,0,0,0,0,0,0,0,0,0,0,0,-8,-6,-8,-6,-9,-6,-9,-6,-9,-6,-9,-5,-9,-6,-9,-5,-10,-5,-10,-5,-10,-5,-10,-5,-10,-4,-11,-4,-10,-4,-11,-3,-11,-3,-11,-3,-11,-2,-12,-2,-12,-2,-12,-2,-12,-2,-13,-1,-13,-1,-13,-1,0,0,-14,-1,-14,-1,-14,-1,-15,-1,-14,-1,-15,-1,-15,-2,-15,-2,-15,-2,-15,-3,-14,-3,-14,-3,-14,-4,-13,-3,-14,-3,-13,-3,-13,-4,-12,-4,-12,-4,-11,-4,-11,-5,-11,-5,-11,-5,-10,-5,-9,-6,-9,-6,0,0,0,0,0,0,0,0,0,0,0.0,0.0,0.0,0.0,0.0,0.0,10.0,10.0,10.816653826391969,10.816653826391969,10.816653826391969,10.295630140987,10.816653826391969,10.295630140987,11.180339887498949,11.180339887498949,11.180339887498949,11.180339887498949,10.770329614269007,11.704699910719626,10.770329614269007,11.40175425099138,11.40175425099138,11.40175425099138,11.180339887498949,12.165525060596439,12.165525060596439,12.165525060596439,12.165525060596439,13.038404810405298,13.038404810405298,13.038404810405298,0.0,14.035668847618199,14.035668847618199,14.035668847618199,15.033296378372908,14.035668847618199,15.033296378372908,15.132745950421556,15.132745950421556,15.132745950421556,15.297058540778355,14.317821063276353,14.317821063276353,14.560219778561036,13.341664064126334,14.317821063276353,13.341664064126334,13.601470508735444,12.649110640673518,12.649110640673518,11.704699910719626,12.083045973594572,12.083045973594572,12.083045973594572,11.180339887498949,10.816653826391969,10.816653826391969,0.0,0.0,0.0,0.0,0.0,0.0,0.0,0.0,0.0,0.0,0.0,-2.498091544796509,-2.498091544796509,-2.5535900500422257,-2.5535900500422257,-2.5535900500422257,-2.6344941491974563,-2.5535900500422257,-2.6344941491974563,-2.677945044588987,-2.677945044588987,-2.677945044588987,-2.677945044588987,-2.761086276477428,-2.7928216500058864,-2.761086276477428,-2.875340604438868,-2.875340604438868,-2.875340604438868,-2.961739153797315,-2.976443976175166,-2.976443976175166,-2.976443976175166,-2.976443976175166,-3.064820762320015,-3.064820762320015,-3.064820762320015,0.0,-3.070285188804503,-3.070285188804503,-3.070285188804503,-3.0750244898139694,-3.070285188804503,-3.0750244898139694,-3.0090411212931194,-3.0090411212931194,-3.0090411212931194,-2.9441970937399127,-2.930499320367047,-2.930499320367047,-2.8632929945846817,-2.9147938055359073,-2.930499320367047,-2.9147938055359073,-2.843093722003614,-2.819842099193151,-2.819842099193151,-2.7928216500058864,-2.714965160462917,-2.714965160462917,-2.714965160462917,-2.677945044588987,-2.5535900500422257,-2.5535900500422257,0.0,0.0,0.0,0.0,0.0
3.5381743109974195,tx,1a:00:00:00:00:00,-54,88.30864469024985,64,0.8939449261319226,16.169951164903203,0,0,0,0,0,0,0,0,0,0,0,0,10,-4,9,-5,10,-5,10,-5,10,-5,9,-5,10,-5,10,-6,10,-6,10,-6,10,-6,9,-7,9,-7,9,-8,9,-8,9,-8,9,-8,9,-9,8,-9,8,-10,8,-10,8,-10,8,-10,8,-11,8,-11,8,-11,0,0,8,-12,8,-12,8,-12,9,-13,9,-12,9,-13,10,-12,10,-12,10,-12,10,-11,10,-11,10,-11,11,-11,10,-10,10,-10,10,-9,10,-9,10,-8,10,-8,10,-7,10,-7,10,-6,10,-6,10,-5,9,-5,9,-4,0,0,0,0,0,0,0,0,0,0,0.0,0.0,0.0,0.0,0.0,0.0,10.770329614269007,10.295630140987,11.180339887498949,11.180339887498949,11.180339887498949,10.295630140987,11.180339887498949,11.661903789690601,11.661903789690601,11.661903789690601,11.661903789690601,11.40175425099138,11.40175425099138,12.041594578792296,12.041594578792296,12.041594578792296,12.041594578792296,12.727922061357855,12.041594578792296,12.806248474865697,12.806248474865697,12.806248474865697,12.806248474865697,13.601470508735444,13.601470508735444,13.601470508735444,0.0,14.422205101855956,14.422205101855956,14.422205101855956,15.811388300841896,15.0,15.811388300841896,15.620499351813308,15.620499351813308,15.620499351813308,14.866068747318506,14.866068747318506,14.866068747318506,15.556349186104045,14.142135623730951,14.142135623730951,13.45362404707371,13.45362404707371,12.806248474865697,12.806248474865697,12.206555615733702,12.206555615733702,11.661903789690601,11.661903789690601,11.180339887498949,10.295630140987,9.848857801796104,0.0,0.0,0.0,0.0,0.0,0.0,0.0,0.0,0.0,0.0,0.0,-0.3805063771123649,-0.507098504392337,-0.4636476090008061,-0.4636476090008061,-0.4636476090008061,-0.507098504392337,-0.4636476090008061,-0.5404195002705842,-0.5404195002705842,-0.5404195002705842,-0.5404195002705842,-0.6610431688506869,-0.6610431688506869,-0.7266423406817256,-0.7266423406817256,-0.7266423406817256,-0.7266423406817256,-0.7853981633974483,-0.844153986113171,-0.8960553845713439,-0.8960553845713439,-0.8960553845713439,-0.8960553845713439,-0.9420000403794636,-0.9420000403794636,-0.9420000403794636,0.0,-0.982793723247329,-0.982793723247329,-0.982793723247329,-0.9652516631899266,-0.9272952180016122,-0.9652516631899266,-0.8760580505981934,-0.8760580505981934,-0.8760580505981934,-0.8329812666744317,-0.8329812666744317,-0.8329812666744317,-0.7853981633974483,-0.7853981633974483,-0.7853981633974483,-0.7328151017865066,-0.7328151017865066,-0.6747409422235526,-0.6747409422235526,-0.6107259643892086,-0.6107259643892086,-0.5404195002705842,-0.5404195002705842,-0.4636476090008061,-0.507098504392337,-0.4182243295792291,0.0,0.0,0.0,0.0,0.0
3.6421102749955026,tx,1a:00:00:00:00:00,-54,91.0895684173447,64,0.8928073634191462,15.844400868213032,0,0,0,0,0,0,0,0,0,0,0,0,0,-10,0,-11,0,-10,0,-11,0,-10,0,-11,0,-11,-1,-11,0,-11,-1,-11,-1,-11,-2,-11,-2,-11,-2,-11,-2,-12,-2,-11,-3,-11,-3,-11,-4,-11,-4,-11,-4,-11,-4,-11,-5,-11,-5,-11,-5,-12,-6,-12,0,0,-6,-12,-5,-12,-6,-13,-6,-12,-6,-13,-6,-13,-6,-13,-6,-14,-5,-13,-5,-13,-5,-13,-5,-13,-4,-14,-4,-14,-3,-12,-3,-13,-3,-12,-2,-12,-2,-12,-2,-12,-2,-12,-1,-12,-1,-11,0,-11,0,-10,0,-10,0,0,0,0,0,0,0,0,0,0,0.0,0.0,0.0,0.0,0.0,0.0,10.0,11.0,10.0,11.0,10.0,11.0,11.0,11.045361017187261,11.0,11.045361017187261,11.045361017187261,11.180339887498949,11.180339887498949,11.180339887498949,12.165525060596439,11.180339887498949,11.40175425099138,11.40175425099138,11.704699910719626,11.704699910719626,11.704699910719626,11.704699910719626,12.083045973594572,12.083045973594572,13.0,13.416407864998739,0.0,13.416407864998739,13.0,14.317821063276353,13.416407864998739,14.317821063276353,14.317821063276353,14.317821063276353,15.231546211727817,13.92838827718412,13.92838827718412,13.92838827718412,13.92838827718412,14.560219778561036,14.560219778561036,12.36931687685298,13.341664064126334,12.36931687685298,12.165525060596439,12.165525060596439,12.165525060596439,12.165525060596439,12.041594578792296,11.045361017187261,11.0,10.0,10.0,0.0,0.0,0.0,0.0,0.0,0.0,0.0,0.0,0.0,0.0,0.0,-1.5707963267948966,-1.5707963267948966,-1.5707963267948966,-1.5707963267948966,-1.5707963267948966,-1.5707963267948966,-1.5707963267948966,-1.6614562139956417,-1.5707963267948966,-1.6614562139956417,-1.6614562139956417,-1.750649826587375,-1.750649826587375,-1.750649826587375,-1.7359450042095235,-1.750649826587375,-1.837048375945822,-1.837048375945822,-1.9195673303788037,-1.9195673303788037,-1.9195673303788037,-1.9195673303788037,-1.9974238199217726,-1.9974238199217726,-1.965587446494658,-2.0344439357957027,0.0,-2.0344439357957027,-1.965587446494658,-2.0032041023654346,-2.0344439357957027,-2.0032041023654346,-2.0032041023654346,-2.0032041023654346,-1.97568811307998,-1.9379701606131159,-1.9379701606131159,-1.9379701606131159,-1.9379701606131159,-1.849095985800008,-1.849095985800008,-1.8157749899217608,-1.7975951748487824,-1.8157749899217608,-1.7359450042095235,-1.7359450042095235,-1.7359450042095235,-1.7359450042095235,-1.6539375586833378,-1.6614562139956417,-1.5707963267948966,-1.5707963267948966,-1.5707963267948966,0.0,0.0,0.0,0.0,0.0
3.742369917999895,tx,1a:00:00:00:00:00,-54,91.0895684173447,64,0.8897143118221438,15.501562949762027,0,0,0,0,0,0,0,0,0,0,0,0,-10,0,-10,0,-11,0,-11,0,-11,1,-11,1,-11,1,-11,1,-11,1,-11,2,-11,2,-11,2,-11,3,-11,3,-11,3,-11,4,-10,4,-11,4,-10,5,-11,5,-11,5,-11,6,-11,6,-11,7,-11,7,-11,7,0,0,-11,7,-11,8,-11,8,-11,8,-11,8,-12,8,-12,8,-12,8,-13,8,-12,7,-13,7,-12,7,-13,7,-12,6,-12,6,-12,5,-12,5,-11,5,-12,4,-12,4,-12,4,-12,3,-11,3,-11,2,-11,2,-11,1,0,0,0,0,0,0,0,0,0,0,0.0,0.0,0.0,0.0,0.0,0.0,10.0,10.0,11.0,11.0,11.045361017187261,11.045361017187261,11.045361017187261,11.045361017187261,11.045361017187261,11.180339887498949,11.180339887498949,11.180339887498949,11.40175425099138,11.40175425099138,11.40175425099138,11.704699910719626,10.770329614269007,11.704699910719626,11.180339887498949,12.083045973594572,12.083045973594572,12.529964086141668,12.529964086141668,13.038404810405298,13.038404810405298,13.038404810405298,0.0,13.038404810405298,13.601470508735444,13.601470508735444,13.601470508735444,13.601470508735444,14.422205101855956,14.422205101855956,14.422205101855956,15.264337522473747,13.892443989449804,14.7648230602334,13.892443989449804,14.7648230602334,13.416407864998739,13.416407864998739,13.0,13.0,12.083045973594572,12.649110640673518,12.649110640673518,12.649110640673518,12.36931687685298,11.40175425099138,11.180339887498949,11.180339887498949,11.045361017187261,0.0,0.0,0.0,0.0,0.0,0.0,0.0,0.0,0.0,0.0,0.0,3.141592653589793,3.141592653589793,3.141592653589793,3.141592653589793,3.050932766389048,3.050932766389048,3.050932766389048,3.050932766389048,3.050932766389048,2.961739153797315,2.961739153797315,2.961739153797315,2.875340604438868,2.875340604438868,2.875340604438868,2.7928216500058864,2.761086276477428,2.7928216500058864,2.677945044588987,2.714965160462917,2.714965160462917,2.642245931909663,2.642245931909663,2.5748634360662868,2.5748634360662868,2.5748634360662868,0.0,2.5748634360662868,2.5127963671743605,2.5127963671743605,2.5127963671743605,2.5127963671743605,2.5535900500422257,2.5535900500422257,2.5535900500422257,2.5899376710612465,2.6135182051634334,2.647651284670212,2.6135182051634334,2.647651284670212,2.677945044588987,2.677945044588987,2.746801533890032,2.746801533890032,2.714965160462917,2.819842099193151,2.819842099193151,2.819842099193151,2.896613990462929,2.875340604438868,2.961739153797315,2.961739153797315,3.050932766389048,0.0,0.0,0.0,0.0,0.0
3.8453926559959655,tx,1a:00:00:00:00:00,-54,91.0895684173447,64,0.8869609851486695,15.152281540552824,0,0,0,0,0,0,0,0,0,0,0,0,-3,-9,-3,-10,-3,-9,-3,-10,-3,-10,-4,-10,-3,-10,-4,-10,-4,-10,-5,-10,-5,-10,-6,-10,-6,-10,-6,-10,-6,-10,-6,-9,-7,-10,-7,-9,-8,-9,-7,-9,-8,-9,-8,-9,-8,-9,-9,-9,-10,-9,-10,-9,0,0,-11,-10,-10,-9,-11,-10,-10,-9,-11,-10,-11,-11,-10,-11,-10,-11,-10,-11,-10,-10,-10,-11,-10,-11,-10,-11,-9,-12,-8,-11,-9,-12,-8,-11,-8,-11,-7,-11,-6,-11,-6,-11,-5,-11,-6,-11,-5,-10,-5,-10,-4,-10,0,0,0,0,0,0,0,0,0,0,0.0,0.0,0.0,0.0,0.0,0.0,9.486832980505138,10.44030650891055,9.486832980505138,10.44030650891055,10.44030650891055,10.770329614269007,10.44030650891055,10.770329614269007,10.770329614269007,11.180339887498949,11.180339887498949,11.661903789690601,11.661903789690601,11.661903789690601,11.661903789690601,10.816653826391969,12.206555615733702,11.40175425099138,12.041594578792296,11.40175425099138,12.041594578792296,12.041594578792296,12.041594578792296,12.727922061357855,13.45362404707371,13.45362404707371,0.0,14.866068747318506,13.45362404707371,14.866068747318506,13.45362404707371,14.866068747318506,15.556349186104045,14.866068747318506,14.866068747318506,14.866068747318506,14.142135623730951,14.866068747318506,14.866068747318506,14.866068747318506,15.0,13.601470508735444,15.0,13.601470508735444,13.601470508735444,13.038404810405298,12.529964086141668,12.529964086141668,12.083045973594572,12.529964086141668,11.180339887498949,11.180339887498949,10.770329614269007,0.0,0.0,0.0,0.0,0.0,0.0,0.0,0.0,0.0,0.0,0.0,-1.892546881191539,-1.8622531212727638,-1.892546881191539,-1.8622531212727638,-1.8622531212727638,-1.9513027039072615,-1.8622531212727638,-1.9513027039072615,-1.9513027039072615,-2.0344439357957027,-2.0344439357957027,-2.1112158270654806,-2.1112158270654806,-2.1112158270654806,-2.1112158270654806,-2.158798930342464,-2.1815222911841055,-2.2318394956455836,-2.297438667476622,-2.2318394956455836,-2.297438667476622,-2.297438667476622,-2.297438667476622,-2.356194490192345,-2.408777551803287,-2.408777551803287,0.0,-2.403777593469328,-2.408777551803287,-2.403777593469328,-2.408777551803287,-2.403777593469328,-2.356194490192345,-2.3086113869153615,-2.3086113869153615,-2.3086113869153615,-2.356194490192345,-2.3086113869153615,-2.3086113869153615,-2.3086113869153615,-2.214297435588181,-2.1995926132103296,-2.214297435588181,-2.1995926132103296,-2.1995926132103296,-2.137525544318403,-2.0701430484750265,-2.0701430484750265,-1.9974238199217726,-2.0701430484750265,-2.0344439357957027,-2.0344439357957027,-1.9513027039072615,0.0,0.0,0.0,0.0,0.0
3.9473393369989935,tx,1a:00:00:00:00:00,-54,91.0895684173447,64,0.881640769361759,14.779230978689228,0,0,0,0,0,0,0,0,0,0,0,0,8,-5,8,-5,8,-5,8,-5,8,-6,8,-6,8,-6,7,-6,7,-6,8,-7,8,-7,7,-7,7,-8,7,-7,7,-8,7,-9,6,-9,6,-9,6,-10,6,-10,5,-10,5,-11,5,-11,5,-12,5,-12,5,-12,0,0,5,-12,5,-13,5,-13,5,-14,5,-14,5,-14,6,-14,6,-14,6,-14,7,-13,7,-13,7,-13,7,-13,7,-12,7,-12,7,-12,7,-12,7,-11,7,-10,7,-10,7,-10,7,-9,8,-9,8,-8,8,-7,8,-7,0,0,0,0,0,0,0,0,0,0,0.0,0.0,0.0,0.0,0.0,0.0,9.433981132056603,9.433981132056603,9.433981132056603,9.433981132056603,10.0,10.0,10.0,9.219544457292887,9.219544457292887,10.63014581273465,10.63014581273465,9.899494936611665,10.63014581273465,9.899494936611665,10.63014581273465,11.40175425099138,10.816653826391969,10.816653826391969,11.661903789690601,11.661903789690601,11.180339887498949,12.083045973594572,12.083045973594572,13.0,13.0,13.0,0.0,13.0,13.92838827718412,13.92838827718412,14.866068747318506,14.866068747318506,14.866068747318506,15.231546211727817,15.231546211727817,15.231546211727817,14.7648230602334,14.7648230602334,14.7648230602334,14.7648230602334,13.892443989449804,13.892443989449804,13.892443989449804,13.892443989449804,13.038404810405298,12.206555615733702,12.206555615733702,12.206555615733702,11.40175425099138,12.041594578792296,11.313708498984761,10.63014581273465,10.63014581273465,0.0,0.0,0.0,0.0,0.0,0.0,0.0,0.0,0.0,0.0,0.0,-0.5585993153435624,-0.5585993153435624,-0.5585993153435624,-0.5585993153435624,-0.6435011087932844,-0.6435011087932844,-0.6435011087932844,-0.7086262721276703,-0.7086262721276703,-0.7188299996216245,-0.7188299996216245,-0.7853981633974483,-0.8519663271732721,-0.7853981633974483,-0.8519663271732721,-0.9097531579442097,-0.982793723247329,-0.982793723247329,-1.0303768265243125,-1.0303768265243125,-1.1071487177940904,-1.1441688336680205,-1.1441688336680205,-1.176005207095135,-1.176005207095135,-1.176005207095135,0.0,-1.176005207095135,-1.2036224929766774,-1.2036224929766774,-1.2277723863741932,-1.2277723863741932,-1.2277723863741932,-1.1659045405098132,-1.1659045405098132,-1.1659045405098132,-1.0768549578753155,-1.0768549578753155,-1.0768549578753155,-1.0768549578753155,-1.042721878368537,-1.042721878368537,-1.042721878368537,-1.042721878368537,-1.0040671092713902,-0.960070362405688,-0.960070362405688,-0.960070362405688,-0.9097531579442097,-0.844153986113171,-0.7853981633974483,-0.7188299996216245,-0.7188299996216245,0.0,0.0,0.0,0.0,0.0
4.051184652998927,tx,1a:00:00:00:00:00,-54,91.0895684173447,64,0.8788179478282863,14.416954566383922,0,0,0,0,0,0,0,0,0,0,0,0,-10,2,-9,1,-10,1,-10,2,-10,2,-9,2,-9,3,-9,2,-9,3,-10,3,-9,3,-9,4,-9,4,-9,4,-8,5,-9,6,-8,6,-9,6,-8,6,-8,7,-8,7,-8,8,-8,8,-8,8,-8,8,-8,9,0,0,-8,9,-8,11,-8,10,-9,11,-8,10,-9,11,-9,10,-9,10,-9,10,-10,10,-10,9,-10,9,-10,9,-10,8,-10,9,-9,8,-10,8,-9,7,-9,7,-9,6,-10,6,-9,6,-10,5,-10,5,-9,4,-9,3,0,0,0,0,0,0,0,0,0,0,0.0,0.0,0.0,0.0,0.0,0.0,10.198039027185569,9.055385138137417,10.04987562112089,10.198039027185569,10.198039027185569,9.219544457292887,9.486832980505138,9.219544457292887,9.486832980505138,10.44030650891055,9.486832980505138,9.848857801796104,9.848857801796104,9.848857801796104,9.433981132056603,10.816653826391969,10.0,10.816653826391969,10.0,10.63014581273465,10.63014581273465,11.313708498984761,11.313708498984761,11.313708498984761,11.313708498984761,12.041594578792296,0.0,12.041594578792296,13.601470508735444,12.806248474865697,14.212670403551895,12.806248474865697,14.212670403551895,13.45362404707371,13.45362404707371,13.45362404707371,14.142135623730951,13.45362404707371,13.45362404707371,13.45362404707371,12.806248474865697,13.45362404707371,12.041594578792296,12.806248474865697,11.40175425099138,11.40175425099138,10.816653826391969,11.661903789690601,10.816653826391969,11.180339887498949,11.180339887498949,9.848857801796104,9.486832980505138,0.0,0.0,0.0,0.0,0.0,0.0,0.0,0.0,0.0,0.0,0.0,2.9441970937399127,3.0309354324158977,3.0419240010986313,2.9441970937399127,2.9441970937399127,2.922923707715851,2.819842099193151,2.922923707715851,2.819842099193151,2.8501358591119264,2.819842099193151,2.723368324010564,2.723368324010564,2.723368324010564,2.5829933382462307,2.5535900500422257,2.498091544796509,2.5535900500422257,2.498091544796509,2.4227626539681686,2.4227626539681686,2.356194490192345,2.356194490192345,2.356194490192345,2.356194490192345,2.297438667476622,0.0,2.297438667476622,2.1995926132103296,2.2455372690184494,2.256525837701183,2.2455372690184494,2.256525837701183,2.3036114285814033,2.3036114285814033,2.3036114285814033,2.356194490192345,2.408777551803287,2.408777551803287,2.408777551803287,2.4668517113662407,2.408777551803287,2.4149503129080676,2.4668517113662407,2.4805494847391065,2.4805494847391065,2.5535900500422257,2.601173153319209,2.5535900500422257,2.677945044588987,2.677945044588987,2.723368324010564,2.819842099193151,0.0,0.0,0.0,0.0,0.0
4.152287171993521,tx,1a:00:00:00:00:00,-54,91.0895684173447,64,0.8757401570543242,14.059835741918672,0,0,0,0,0,0,0,0,0,0,0,0,3,-9,3,-10,2,-10,3,-11,2,-10,2,-11,2,-10,1,-11,2,-11,1,-10,1,-11,0,-11,0,-11,0,-11,-1,-12,0,-11,-1,-12,-1,-11,-2,-12,-2,-12,-2,-12,-2,-12,-3,-11,-4,-12,-4,-13,-4,-13,0,0,-4,-13,-4,-13,-4,-15,-4,-13,-4,-15,-4,-15,-3,-15,-3,-15,-3,-15,-3,-14,-3,-14,-2,-14,-2,-15,-2,-15,-1,-13,-1,-14,-1,-13,0,-13,0,-13,1,-12,0,-12,1,-12,1,-11,1,-11,1,-11,2,-11,0,0,0,0,0,0,0,0,0,0,0.0,0.0,0.0,0.0,0.0,0.0,9.486832980505138,10.44030650891055,10.198039027185569,11.40175425099138,10.198039027185569,11.180339887498949,10.198039027185569,11.045361017187261,11.180339887498949,10.04987562112089,11.045361017187261,11.0,11.0,11.0,12.041594578792296,11.0,12.041594578792296,11.045361017187261,12.165525060596439,12.165525060596439,12.165525060596439,12.165525060596439,11.40175425099138,12.649110640673518,13.601470508735444,13.601470508735444,0.0,13.601470508735444,13.601470508735444,15.524174696260024,13.601470508735444,15.524174696260024,15.524174696260024,15.297058540778355,15.297058540778355,15.297058540778355,14.317821063276353,14.317821063276353,14.142135623730951,15.132745950421556,15.132745950421556,13.038404810405298,14.035668847618199,13.038404810405298,13.0,13.0,12.041594578792296,12.0,12.041594578792296,11.045361017187261,11.045361017187261,11.045361017187261,11.180339887498949,0.0,0.0,0.0,0.0,0.0,0.0,0.0,0.0,0.0,0.0,0.0,-1.2490457723982544,-1.2793395323170296,-1.373400766945016,-1.3045442776439713,-1.373400766945016,-1.3909428270024184,-1.373400766945016,-1.4801364395941514,-1.3909428270024184,-1.4711276743037347,-1.4801364395941514,-1.5707963267948966,-1.5707963267948966,-1.5707963267948966,-1.6539375586833378,-1.5707963267948966,-1.6539375586833378,-1.6614562139956417,-1.7359450042095235,-1.7359450042095235,-1.7359450042095235,-1.7359450042095235,-1.837048375945822,-1.892546881191539,-1.8692952583810758,-1.8692952583810758,0.0,-1.8692952583810758,-1.8692952583810758,-1.8313987185422376,-1.8692952583810758,-1.8313987185422376,-1.8313987185422376,-1.7681918866447774,-1.7681918866447774,-1.7681918866447774,-1.7818896600176433,-1.7818896600176433,-1.7126933813990606,-1.7033478590915707,-1.7033478590915707,-1.6475682180646747,-1.642103791580187,-1.6475682180646747,-1.5707963267948966,-1.5707963267948966,-1.4876550949064553,-1.5707963267948966,-1.4876550949064553,-1.4801364395941514,-1.4801364395941514,-1.4801364395941514,-1.3909428270024184,0.0,0.0,0.0,0.0,0.0
4.2550357619984425,tx,1a:00:00:00:00:00,-55,91.0895684173447,64,0.8744329596961751,13.704498967235624,0,0,0,0,0,0,0,0,0,0,0,0,-1,-10,-1,-10,-1,-11,-1,-11,-1,-11,-2,-10,-2,-11,-2,-10,-3,-11,-2,-11,-3,-11,-3,-11,-3,-11,-4,-11,-4,-10,-6,-11,-6,-10,-6,-11,-6,-10,-7,-10,-7,-11,-8,-10,-8,-11,-8,-11,-9,-11,-8,-11,0,0,-9,-11,-10,-11,-10,-11,-11,-12,-10,-11,-10,-12,-10,-12,-10,-12,-10,-12,-10,-13,-9,-12,-8,-13,-8,-13,-8,-12,-8,-12,-8,-12,-7,-13,-7,-12,-7,-11,-6,-12,-6,-11,-6,-12,-5,-12,-4,-11,-3,-12,-3,-11,0,0,0,0,0,0,0,0,0,0,0.0,0.0,0.0,0.0,0.0,0.0,10.04987562112089,10.04987562112089,11.045361017187261,11.045361017187261,11.045361017187261,10.198039027185569,11.180339887498949,10.198039027185569,11.40175425099138,11.180339887498949,11.40175425099138,11.40175425099138,11.40175425099138,11.704699910719626,10.770329614269007,12.529964086141668,11.661903789690601,12.529964086141668,11.661903789690601,12.206555615733702,13.038404810405298,12.806248474865697,13.601470508735444,13.601470508735444,14.212670403551895,13.601470508735444,0.0,14.212670403551895,14.866068747318506,14.866068747318506,16.278820596099706,14.866068747318506,15.620499351813308,15.620499351813308,15.620499351813308,15.620499351813308,16.401219466856727,15.0,15.264337522473747,15.264337522473747,14.422205101855956,14.422205101855956,14.422205101855956,14.7648230602334,13.892443989449804,13.038404810405298,13.416407864998739,12.529964086141668,13.416407864998739,13.0,11.704699910719626,12.36931687685298,11.40175425099138,0.0,0.0,0.0,0.0,0.0,0.0,0.0,0.0,0.0,0.0,0.0,-1.6704649792860586,-1.6704649792860586,-1.6614562139956417,-1.6614562139956417,-1.6614562139956417,-1.7681918866447774,-1.750649826587375,-1.7681918866447774,-1.837048375945822,-1.750649826587375,-1.837048375945822,-1.837048375945822,-1.837048375945822,-1.9195673303788037,-1.9513027039072615,-2.0701430484750265,-2.1112158270654806,-2.0701430484750265,-2.1112158270654806,-2.1815222911841055,-2.137525544318403,-2.2455372690184494,-2.1995926132103296,-2.1995926132103296,-2.256525837701183,-2.1995926132103296,0.0,-2.256525837701183,-2.3086113869153615,-2.3086113869153615,-2.312743594800814,-2.3086113869153615,-2.2655346029916,-2.2655346029916,-2.2655346029916,-2.2655346029916,-2.2264919530364327,-2.214297435588181,-2.1224513093234436,-2.1224513093234436,-2.158798930342464,-2.158798930342464,-2.158798930342464,-2.0647376957144776,-2.0988707752212563,-2.137525544318403,-2.0344439357957027,-2.0701430484750265,-2.0344439357957027,-1.965587446494658,-1.9195673303788037,-1.8157749899217608,-1.837048375945822,0.0,0.0,0.0,0.0,0.0
4.3563002979935845,tx,1a:00:00:00:00:00,-55,91.0895684173447,64,0.8713085680985102,13.348954297640745,0,0,0,0,0,0,0,0,0,0,0,0,8,-3,8,-3,8,-3,9,-3,8,-4,8,-4,8,-4,8,-5,8,-5,8,-5,8,-6,8,-6,8,-6,8,-7,8,-7,7,-7,7,-7,7,-7,7,-9,7,-8,7,-9,7,-9,6,-9,6,-11,6,-11,6,-11,0,0,7,-12,7,-11,7,-12,6,-12,7,-12,7,-13,8,-12,8,-12,8,-12,8,-12,8,-12,8,-11,8,-12,9,-12,8,-10,9,-10,8,-10,8,-10,9,-9,8,-8,9,-9,9,-8,8,-8,8,-7,9,-7,9,-6,0,0,0,0,0,0,0,0,0,0,0.0,0.0,0.0,0.0,0.0,0.0,8.54400374531753,8.54400374531753,8.54400374531753,9.486832980505138,8.94427190999916,8.94427190999916,8.94427190999916,9.433981132056603,9.433981132056603,9.433981132056603,10.0,10.0,10.0,10.63014581273465,10.63014581273465,9.899494936611665,9.899494936611665,9.899494936611665,11.40175425099138,10.63014581273465,11.40175425099138,11.40175425099138,10.816653826391969,12.529964086141668,12.529964086141668,12.529964086141668,0.0,13.892443989449804,13.038404810405298,13.892443989449804,13.416407864998739,13.892443989449804,14.7648230602334,14.422205101855956,14.422205101855956,14.422205101855956,14.422205101855956,14.422205101855956,13.601470508735444,14.422205101855956,15.0,12.806248474865697,13.45362404707371,12.806248474865697,12.806248474865697,12.727922061357855,11.313708498984761,12.727922061357855,12.041594578792296,11.313708498984761,10.63014581273465,11.40175425099138,10.816653826391969,0.0,0.0,0.0,0.0,0.0,0.0,0.0,0.0,0.0,0.0,0.0,-0.35877067027057225,-0.35877067027057225,-0.35877067027057225,-0.3217505543966422,-0.4636476090008061,-0.4636476090008061,-0.4636476090008061,-0.5585993153435624,-0.5585993153435624,-0.5585993153435624,-0.6435011087932844,-0.6435011087932844,-0.6435011087932844,-0.7188299996216245,-0.7188299996216245,-0.7853981633974483,-0.7853981633974483,-0.7853981633974483,-0.9097531579442097,-0.8519663271732721,-0.9097531579442097,-0.9097531579442097,-0.982793723247329,-1.0714496051147666,-1.0714496051147666,-1.0714496051147666,0.0,-1.042721878368537,-1.0040671092713902,-1.042721878368537,-1.1071487177940904,-1.042721878368537,-1.0768549578753155,-0.982793723247329,-0.982793723247329,-0.982793723247329,-0.982793723247329,-0.982793723247329,-0.9420000403794636,-0.982793723247329,-0.9272952180016122,-0.8960553845713439,-0.83798122500839,-0.8960553845713439,-0.8960553845713439,-0.7853981633974483,-0.7853981633974483,-0.7853981633974483,-0.7266423406817256,-0.7853981633974483,-0.7188299996216245,-0.6610431688506869,-0.5880026035475675,0.0,0.0,0.0,0.0,0.0
4.471700584996142,tx,1a:00:00:00:00:00,-54,91.0895684173447,64,0.8685899874417538,12.992348177144851,0,0,0,0,0,0,0,0,0,0,0,0,-9,-2,-9,-2,-10,-2,-10,-2,-10,-2,-9,-2,-10,-1,-10,-1,-10,0,-11,-1,-11,-1,-11,0,-10,0,-10,0,-10,1,-11,2,-10,2,-11,2,-11,3,-11,4,-11,3,-11,4,-11,4,-11,5,-12,5,-12,5,0,0,-12,5,-12,6,-12,6,-13,7,-13,6,-13,7,-13,7,-14,6,-13,6,-14,5,-14,5,-14,5,-14,4,-13,4,-14,5,-13,4,-14,4,-13,3,-12,3,-12,2,-12,2,-12,2,-12,1,-12,0,-12,0,-11,-1,0,0,0,0,0,0,0,0,0,0,0.0,0.0,0.0,0.0,0.0,0.0,9.219544457292887,9.219544457292887,10.198039027185569,10.198039027185569,10.198039027185569,9.219544457292887,10.04987562112089,10.04987562112089,10.0,11.045361017187261,11.045361017187261,11.0,10.0,10.0,10.04987562112089,11.180339887498949,10.198039027185569,11.180339887498949,11.40175425099138,11.704699910719626,11.40175425099138,11.704699910719626,11.704699910719626,12.083045973594572,13.0,13.0,0.0,13.0,13.416407864998739,13.416407864998739,14.7648230602334,14.317821063276353,14.7648230602334,14.7648230602334,15.231546211727817,14.317821063276353,14.866068747318506,14.866068747318506,14.866068747318506,14.560219778561036,13.601470508735444,14.866068747318506,13.601470508735444,14.560219778561036,13.341664064126334,12.36931687685298,12.165525060596439,12.165525060596439,12.165525060596439,12.041594578792296,12.0,12.0,11.045361017187261,0.0,0.0,0.0,0.0,0.0,0.0,0.0,0.0,0.0,0.0,0.0,-2.922923707715851,-2.922923707715851,-2.9441970937399127,-2.9441970937399127,-2.9441970937399127,-2.922923707715851,-3.0419240010986313,-3.0419240010986313,3.141592653589793,-3.050932766389048,-3.050932766389048,3.141592653589793,3.141592653589793,3.141592653589793,3.0419240010986313,2.961739153797315,2.9441970937399127,2.961739153797315,2.875340604438868,2.7928216500058864,2.875340604438868,2.7928216500058864,2.7928216500058864,2.714965160462917,2.746801533890032,2.746801533890032,0.0,2.746801533890032,2.677945044588987,2.677945044588987,2.647651284670212,2.7091848780192556,2.647651284670212,2.647651284670212,2.7367008673047097,2.7091848780192556,2.79856871316909,2.79856871316909,2.79856871316909,2.8632929945846817,2.843093722003614,2.79856871316909,2.843093722003614,2.8632929945846817,2.9147938055359073,2.896613990462929,2.976443976175166,2.976443976175166,2.976443976175166,3.058451421701352,3.141592653589793,3.141592653589793,-3.050932766389048,0.0,0.0,0.0,0.0,0.0
4.581358752999222,tx,1a:00:00:00:00:00,-55,91.0895684173447,64,0.8646448185636587,12.634531372553687,0,0,0,0,0,0,0,0,0,0,0,0,0,8,0,9,1,9,1,9,1,9,1,9,2,9,2,9,2,9,2,9,3,9,3,9,3,9,3,9,4,9,5,9,5,9,5,9,6,9,7,9,6,9,7,8,7,9,8,9,8,9,9,9,0,0,9,10,10,9,10,10,10,10,10,10,10,11,10,11,10,11,10,11,9,11,9,12,8,12,8,12,8,12,8,11,8,11,7,12,7,11,6,11,6,11,5,11,5,11,4,11,3,11,3,11,2,10,0,0,0,0,0,0,0,0,0,0,0.0,0.0,0.0,0.0,0.0,0.0,8.0,9.0,9.055385138137417,9.055385138137417,9.055385138137417,9.055385138137417,9.219544457292887,9.219544457292887,9.219544457292887,9.219544457292887,9.486832980505138,9.486832980505138,9.486832980505138,9.486832980505138,9.848857801796104,10.295630140987,10.295630140987,10.295630140987,10.816653826391969,11.40175425099138,10.816653826391969,10.63014581273465,11.40175425099138,12.041594578792296,12.041594578792296,12.727922061357855,0.0,13.45362404707371,13.45362404707371,14.142135623730951,14.142135623730951,14.142135623730951,14.866068747318506,14.866068747318506,14.866068747318506,14.866068747318506,14.212670403551895,15.0,14.422205101855956,14.422205101855956,14.422205101855956,13.601470508735444,13.601470508735444,13.892443989449804,13.038404810405298,12.529964086141668,12.529964086141668,12.083045973594572,12.083045973594572,11.704699910719626,11.40175425099138,11.40175425099138,10.198039027185569,0.0,0.0,0.0,0.0,0.0,0.0,0.0,0.0,0.0,0.0,0.0,1.5707963267948966,1.5707963267948966,1.460139105621001,1.460139105621001,1.460139105621001,1.460139105621001,1.3521273809209546,1.3521273809209546,1.3521273809209546,1.3521273809209546,1.2490457723982544,1.2490457723982544,1.2490457723982544,1.2490457723982544,1.1525719972156676,1.0636978224025597,1.0636978224025597,1.0636978224025597,0.982793723247329,0.9097531579442097,0.982793723247329,0.8519663271732721,0.9097531579442097,0.844153986113171,0.844153986113171,0.7853981633974483,0.0,0.83798122500839,0.7328151017865066,0.7853981633974483,0.7853981633974483,0.7853981633974483,0.8329812666744317,0.8329812666744317,0.8329812666744317,0.8329812666744317,0.8850668158886104,0.9272952180016122,0.982793723247329,0.982793723247329,0.982793723247329,0.9420000403794636,0.9420000403794636,1.042721878368537,1.0040671092713902,1.0714496051147666,1.0714496051147666,1.1441688336680205,1.1441688336680205,1.2220253232109897,1.3045442776439713,1.3045442776439713,1.373400766945016,0.0,0.0,0.0,0.0,0.0
4.68145949299651,tx,1a:00:00:00:00:00,-55,88.98039966408493,64,0.8642629992381524,12.275864674072846,0,0,0,0,0,0,0,0,0,0,0,0,7,2,8,2,7,2,8,2,7,1,8,2,8,1,8,1,8,1,8,0,9,0,9,-1,9,-1,9,-1,9,-2,9,-2,10,-2,9,-3,10,-3,10,-3,10,-4,10,-4,10,-4,10,-5,10,-6,11,-6,0,0,12,-6,11,-6,12,-6,11,-6,12,-6,13,-7,13,-6,13,-6,13,-6,12,-6,13,-6,12,-5,13,-5,13,-5,12,-4,13,-4,11,-4,12,-4,12,-3,11,-3,11,-3,11,-2,11,-2,11,-2,10,-1,10,0,0,0,0,0,0,0,0,0,0,0,0.0,0.0,0.0,0.0,0.0,0.0,7.280109889280518,8.246211251235321,7.280109889280518,8.246211251235321,7.0710678118654755,8.246211251235321,8.06225774829855,8.06225774829855,8.06225774829855,8.0,9.0,9.055385138137417,9.055385138137417,9.055385138137417,9.219544457292887,9.219544457292887,10.198039027185569,9.486832980505138,10.44030650891055,10.44030650891055,10.770329614269007,10.770329614269007,10.770329614269007,11.180339887498949,11.661903789690601,12.529964086141668,0.0,13.416407864998739,12.529964086141668,13.416407864998739,12.529964086141668,13.416407864998739,14.7648230602334,14.317821063276353,14.317821063276353,14.317821063276353,13.416407864998739,14.317821063276353,13.0,13.92838827718412,13.92838827718412,12.649110640673518,13.601470508735444,11.704699910719626,12.649110640673518,12.36931687685298,11.40175425099138,11.40175425099138,11.180339887498949,11.180339887498949,11.180339887498949,10.04987562112089,10.0,0.0,0.0,0.0,0.0,0.0,0.0,0.0,0.0,0.0,0.0,0.0,0.27829965900511133,0.24497866312686414,0.27829965900511133,0.24497866312686414,0.14189705460416394,0.24497866312686414,0.12435499454676144,0.12435499454676144,0.12435499454676144,0.0,0.0,-0.11065722117389565,-0.11065722117389565,-0.11065722117389565,-0.21866894587394195,-0.21866894587394195,-0.19739555984988075,-0.3217505543966422,-0.2914567944778671,-0.2914567944778671,-0.3805063771123649,-0.3805063771123649,-0.3805063771123649,-0.4636476090008061,-0.5404195002705842,-0.4993467216801301,0.0,-0.4636476090008061,-0.4993467216801301,-0.4636476090008061,-0.4993467216801301,-0.4636476090008061,-0.49394136891958124,-0.43240777557053783,-0.43240777557053783,-0.43240777557053783,-0.4636476090008061,-0.43240777557053783,-0.3947911196997615,-0.3671738338182192,-0.3671738338182192,-0.3217505543966422,-0.2984989315861793,-0.348771003583907,-0.3217505543966422,-0.24497866312686414,-0.2662520491509254,-0.2662520491509254,-0.17985349979247828,-0.17985349979247828,-0.17985349979247828,-0.09966865249116202,0.0,0.0,0.0,0.0,0.0,0.0
4.7927423259970965,tx,1a:00:00:00:00:00,-55,88.98039966408493,64,0.8647991009544385,11.917077559468435,0,0,0,0,0,0,0,0,0,0,0,0,-1,-9,-2,-9,-2,-9,-2,-10,-3,-9,-3,-10,-3,-9,-3,-9,-3,-10,-4,-9,-4,-10,-5,-10,-5,-9,-5,-9,-6,-10,-6,-9,-7,-10,-7,-9,-8,-9,-8,-9,-8,-9,-8,-9,-8,-9,-10,-9,-10,-9,-10,-9,0,0,-11,-9,-10,-10,-11,-10,-11,-9,-11,-10,-12,-11,-11,-11,-11,-11,-11,-11,-11,-10,-11,-11,-10,-11,-11,-11,-10,-11,-9,-11,-9,-11,-9,-11,-8,-11,-8,-11,-7,-11,-7,-11,-6,-11,-6,-10,-6,-11,-5,-10,-5,-11,0,0,0,0,0,0,0,0,0,0,0.0,0.0,0.0,0.0,0.0,0.0,9.055385138137417,9.219544457292887,9.219544457292887,10.198039027185569,9.486832980505138,10.44030650891055,9.486832980505138,9.486832980505138,10.44030650891055,9.848857801796104,10.770329614269007,11.180339887498949,10.295630140987,10.295630140987,11.661903789690601,10.816653826391969,12.206555615733702,11.40175425099138,12.041594578792296,12.041594578792296,12.041594578792296,12.041594578792296,12.041594578792296,13.45362404707371,13.45362404707371,13.45362404707371,0.0,14.212670403551895,14.142135623730951,14.866068747318506,14.212670403551895,14.866068747318506,16.278820596099706,15.556349186104045,15.556349186104045,15.556349186104045,14.866068747318506,15.556349186104045,14.866068747318506,15.556349186104045,14.866068747318506,14.212670403551895,14.212670403551895,14.212670403551895,13.601470508735444,13.601470508735444,13.038404810405298,13.038404810405298,12.529964086141668,11.661903789690601,12.529964086141668,11.180339887498949,12.083045973594572,0.0,0.0,0.0,0.0,0.0,0.0,0.0,0.0,0.0,0.0,0.0,-1.6814535479687922,-1.7894652726688385,-1.7894652726688385,-1.7681918866447774,-1.892546881191539,-1.8622531212727638,-1.892546881191539,-1.892546881191539,-1.8622531212727638,-1.9890206563741257,-1.9513027039072615,-2.0344439357957027,-2.0778948311872334,-2.0778948311872334,-2.1112158270654806,-2.158798930342464,-2.1815222911841055,-2.2318394956455836,-2.297438667476622,-2.297438667476622,-2.297438667476622,-2.297438667476622,-2.297438667476622,-2.408777551803287,-2.408777551803287,-2.408777551803287,0.0,-2.455863142683507,-2.356194490192345,-2.403777593469328,-2.455863142683507,-2.403777593469328,-2.399645385583876,-2.356194490192345,-2.356194490192345,-2.356194490192345,-2.403777593469328,-2.356194490192345,-2.3086113869153615,-2.356194490192345,-2.3086113869153615,-2.256525837701183,-2.256525837701183,-2.256525837701183,-2.1995926132103296,-2.1995926132103296,-2.137525544318403,-2.137525544318403,-2.0701430484750265,-2.1112158270654806,-2.0701430484750265,-2.0344439357957027,-1.9974238199217726,0.0,0.0,0.0,0.0,0.0
4.911796531996515,tx,1a:00:00:00:00:00,-54,88.98039966408493,64,0.864853633601838,11.559399128057178,0,0,0,0,0,0,0,0,0,0,0,0,-9,0,-9,1,-9,1,-9,1,-9,1,-9,2,-9,2,-9,2,-9,3,-9,3,-10,3,-10,4,-10,4,-9,4,-9,5,-9,5,-9,6,-9,6,-9,7,-9,7,-9,7,-9,8,-9,8,-9,9,-9,9,-9,9,0,0,-9,10,-9,10,-9,11,-9,11,-10,11,-10,11,-10,11,-10,11,-10,11,-10,10,-11,10,-11,10,-11,10,-11,9,-10,9,-11,9,-11,9,-11,8,-10,8,-10,7,-10,7,-10,7,-10,6,-10,6,-10,5,-10,4,0,0,0,0,0,0,0,0,0,0,0.0,0.0,0.0,0.0,0.0,0.0,9.0,9.055385138137417,9.055385138137417,9.055385138137417,9.055385138137417,9.219544457292887,9.219544457292887,9.219544457292887,9.486832980505138,9.486832980505138,10.44030650891055,10.770329614269007,10.770329614269007,9.848857801796104,10.295630140987,10.295630140987,10.816653826391969,10.816653826391969,11.40175425099138,11.40175425099138,11.40175425099138,12.041594578792296,12.041594578792296,12.727922061357855,12.727922061357855,12.727922061357855,0.0,13.45362404707371,13.45362404707371,14.212670403551895,14.212670403551895,14.866068747318506,14.866068747318506,14.866068747318506,14.866068747318506,14.866068747318506,14.142135623730951,14.866068747318506,14.866068747318506,14.866068747318506,14.212670403551895,13.45362404707371,14.212670403551895,14.212670403551895,13.601470508735444,12.806248474865697,12.206555615733702,12.206555615733702,12.206555615733702,11.661903789690601,11.661903789690601,11.180339887498949,10.770329614269007,0.0,0.0,0.0,0.0,0.0,0.0,0.0,0.0,0.0,0.0,0.0,3.141592653589793,3.0309354324158977,3.0309354324158977,3.0309354324158977,3.0309354324158977,2.922923707715851,2.922923707715851,2.922923707715851,2.819842099193151,2.819842099193151,2.8501358591119264,2.761086276477428,2.761086276477428,2.723368324010564,2.6344941491974563,2.6344941491974563,2.5535900500422257,2.5535900500422257,2.4805494847391065,2.4805494847391065,2.4805494847391065,2.4149503129080676,2.4149503129080676,2.356194490192345,2.356194490192345,2.356194490192345,0.0,2.3036114285814033,2.3036114285814033,2.256525837701183,2.256525837701183,2.3086113869153615,2.3086113869153615,2.3086113869153615,2.3086113869153615,2.3086113869153615,2.356194490192345,2.403777593469328,2.403777593469328,2.403777593469328,2.455863142683507,2.408777551803287,2.455863142683507,2.455863142683507,2.5127963671743605,2.4668517113662407,2.5308666892005847,2.5308666892005847,2.5308666892005847,2.601173153319209,2.601173153319209,2.677945044588987,2.761086276477428,0.0,0.0,0.0,0.0,0.0
5.02160415599792,tx,1a:00:00:00:00:00,-54,88.98039966408493,64,0.8654376538709416,11.204303537890123,0,0,0,0,0,0,0,0,0,0,0,0,-7,-3,-7,-4,-8,-3,-8,-3,-8,-3,-9,-3,-8,-3,-8,-2,-8,-3,-8,-2,-9,-2,-9,-1,-9,-1,-9,-1,-10,-1,-9,0,-10,0,-9,1,-10,1,-10,1,-10,1,-11,1,-10,2,-11,3,-11,3,-11,3,0,0,-12,3,-11,3,-12,3,-12,3,-13,4,-13,3,-13,3,-13,3,-13,2,-13,3,-13,3,-13,2,-13,2,-13,2,-13,1,-13,1,-12,1,-12,0,-12,0,-12,-1,-11,-1,-11,-1,-11,0,-11,-2,-11,-2,-10,-3,0,0,0,0,0,0,0,0,0,0,0.0,0.0,0.0,0.0,0.0,0.0,7.615773105863909,8.06225774829855,8.54400374531753,8.54400374531753,8.54400374531753,9.486832980505138,8.54400374531753,8.246211251235321,8.54400374531753,8.246211251235321,9.219544457292887,9.055385138137417,9.055385138137417,9.055385138137417,10.04987562112089,9.0,10.0,9.055385138137417,10.04987562112089,10.04987562112089,10.04987562112089,11.045361017187261,10.198039027185569,11.40175425099138,11.40175425099138,11.40175425099138,0.0,12.36931687685298,11.40175425099138,12.36931687685298,12.36931687685298,13.601470508735444,13.341664064126334,13.341664064126334,13.341664064126334,13.152946437965905,13.341664064126334,13.341664064126334,13.152946437965905,13.152946437965905,13.152946437965905,13.038404810405298,13.038404810405298,12.041594578792296,12.0,12.0,12.041594578792296,11.045361017187261,11.045361017187261,11.0,11.180339887498949,11.180339887498949,10.44030650891055,0.0,0.0,0.0,0.0,0.0,0.0,0.0,0.0,0.0,0.0,0.0,-2.7367008673047097,-2.62244653934327,-2.782821983319221,-2.782821983319221,-2.782821983319221,-2.819842099193151,-2.782821983319221,-2.896613990462929,-2.782821983319221,-2.896613990462929,-2.922923707715851,-3.0309354324158977,-3.0309354324158977,-3.0309354324158977,-3.0419240010986313,3.141592653589793,3.141592653589793,3.0309354324158977,3.0419240010986313,3.0419240010986313,3.0419240010986313,3.050932766389048,2.9441970937399127,2.875340604438868,2.875340604438868,2.875340604438868,0.0,2.896613990462929,2.875340604438868,2.896613990462929,2.896613990462929,2.843093722003614,2.9147938055359073,2.9147938055359073,2.9147938055359073,2.988943325194528,2.9147938055359073,2.9147938055359073,2.988943325194528,2.988943325194528,2.988943325194528,3.064820762320015,3.064820762320015,3.058451421701352,3.141592653589793,3.141592653589793,-3.058451421701352,-3.050932766389048,-3.050932766389048,3.141592653589793,-2.961739153797315,-2.961739153797315,-2.8501358591119264,0.0,0.0,0.0,0.0,0.0
5.133168278996891,tx,1a:00:00:00:00:00,-54,88.98039966408493,64,0.8661109159867892,10.852899016059888,0,0,0,0,0,0,0,0,0,0,0,0,5,-8,5,-8,5,-8,5,-8,5,-9,5,-8,4,-9,4,-9,4,-9,4,-10,4,-9,3,-10,3,-10,3,-10,3,-10,2,-11,1,-11,1,-11,1,-11,1,-12,1,-12,0,-12,0,-12,0,-13,0,-13,0,-13,0,0,-1,-13,-1,-14,-1,-14,-2,-15,-1,-15,-1,-15,0,-15,0,-15,0,-15,1,-15,0,-15,2,-14,2,-15,1,-14,1,-14,1,-14,2,-14,2,-13,2,-13,2,-12,3,-12,3,-13,4,-12,4,-11,4,-11,4,-9,0,0,0,0,0,0,0,0,0,0,0.0,0.0,0.0,0.0,0.0,0.0,9.433981132056603,9.433981132056603,9.433981132056603,9.433981132056603,10.295630140987,9.433981132056603,9.848857801796104,9.848857801796104,9.848857801796104,10.770329614269007,9.848857801796104,10.44030650891055,10.44030650891055,10.44030650891055,10.44030650891055,11.180339887498949,11.045361017187261,11.045361017187261,11.045361017187261,12.041594578792296,12.041594578792296,12.0,12.0,13.0,13.0,13.0,0.0,13.038404810405298,14.035668847618199,14.035668847618199,15.132745950421556,15.033296378372908,15.033296378372908,15.0,15.0,15.0,15.033296378372908,15.0,14.142135623730951,15.132745950421556,14.035668847618199,14.035668847618199,14.035668847618199,14.142135623730951,13.152946437965905,13.152946437965905,12.165525060596439,12.36931687685298,13.341664064126334,12.649110640673518,11.704699910719626,11.704699910719626,9.848857801796104,0.0,0.0,0.0,0.0,0.0,0.0,0.0,0.0,0.0,0.0,0.0,-1.0121970114513341,-1.0121970114513341,-1.0121970114513341,-1.0121970114513341,-1.0636978224025597,-1.0121970114513341,-1.1525719972156676,-1.1525719972156676,-1.1525719972156676,-1.1902899496825317,-1.1525719972156676,-1.2793395323170296,-1.2793395323170296,-1.2793395323170296,-1.2793395323170296,-1.3909428270024184,-1.4801364395941514,-1.4801364395941514,-1.4801364395941514,-1.4876550949064553,-1.4876550949064553,-1.5707963267948966,-1.5707963267948966,-1.5707963267948966,-1.5707963267948966,-1.5707963267948966,0.0,-1.6475682180646747,-1.642103791580187,-1.642103791580187,-1.7033478590915707,-1.6373644905707205,-1.6373644905707205,-1.5707963267948966,-1.5707963267948966,-1.5707963267948966,-1.5042281630190728,-1.5707963267948966,-1.4288992721907328,-1.4382447944982226,-1.4994888620096063,-1.4994888620096063,-1.4994888620096063,-1.4288992721907328,-1.4181469983996315,-1.4181469983996315,-1.4056476493802699,-1.3258176636680326,-1.3439974787410107,-1.2490457723982544,-1.2220253232109897,-1.2220253232109897,-1.1525719972156676,0.0,0.0,0.0,0.0,0.0
5.242341460994794,tx,1a:00:00:00:00:00,-54,88.98039966408493,64,0.8665914262668938,10.542075416360412,0,0,0,0,0,0,0,0,0,0,0,0,1,-9,0,-10,0,-10,0,-10,0,-10,0,-11,0,-10,-1,-10,-1,-10,-2,-10,-2,-10,-2,-10,-3,-10,-3,-10,-3,-11,-3,-10,-4,-11,-4,-10,-5,-11,-5,-11,-5,-11,-6,-11,-6,-10,-7,-11,-7,-11,-8,-11,0,0,-8,-12,-7,-11,-8,-13,-8,-11,-8,-13,-8,-13,-8,-13,-8,-13,-8,-13,-8,-12,-8,-13,-7,-13,-8,-13,-7,-13,-5,-12,-6,-13,-5,-12,-5,-12,-5,-12,-4,-12,-4,-12,-3,-12,-3,-11,-3,-11,-3,-11,-2,-11,0,0,0,0,0,0,0,0,0,0,0.0,0.0,0.0,0.0,0.0,0.0,9.055385138137417,10.0,10.0,10.0,10.0,11.0,10.0,10.04987562112089,10.04987562112089,10.198039027185569,10.198039027185569,10.198039027185569,10.44030650891055,10.44030650891055,11.40175425099138,10.44030650891055,11.704699910719626,10.770329614269007,12.083045973594572,12.083045973594572,12.083045973594572,12.529964086141668,11.661903789690601,13.038404810405298,13.038404810405298,13.601470508735444,0.0,14.422205101855956,13.038404810405298,15.264337522473747,13.601470508735444,15.264337522473747,15.264337522473747,15.264337522473747,15.264337522473747,15.264337522473747,14.422205101855956,15.264337522473747,14.7648230602334,15.264337522473747,14.7648230602334,13.0,14.317821063276353,13.0,13.0,13.0,12.649110640673518,12.649110640673518,12.36931687685298,11.40175425099138,11.40175425099138,11.40175425099138,11.180339887498949,0.0,0.0,0.0,0.0,0.0,0.0,0.0,0.0,0.0,0.0,0.0,-1.460139105621001,-1.5707963267948966,-1.5707963267948966,-1.5707963267948966,-1.5707963267948966,-1.5707963267948966,-1.5707963267948966,-1.6704649792860586,-1.6704649792860586,-1.7681918866447774,-1.7681918866447774,-1.7681918866447774,-1.8622531212727638,-1.8622531212727638,-1.837048375945822,-1.8622531212727638,-1.9195673303788037,-1.9513027039072615,-1.9974238199217726,-1.9974238199217726,-1.9974238199217726,-2.0701430484750265,-2.1112158270654806,-2.137525544318403,-2.137525544318403,-2.1995926132103296,0.0,-2.158798930342464,-2.137525544318403,-2.1224513093234436,-2.1995926132103296,-2.1224513093234436,-2.1224513093234436,-2.1224513093234436,-2.1224513093234436,-2.1224513093234436,-2.158798930342464,-2.1224513093234436,-2.0647376957144776,-2.1224513093234436,-2.0647376957144776,-1.965587446494658,-2.0032041023654346,-1.965587446494658,-1.965587446494658,-1.965587446494658,-1.892546881191539,-1.892546881191539,-1.8157749899217608,-1.837048375945822,-1.837048375945822,-1.837048375945822,-1.750649826587375,0.0,0.0,0.0,0.0,0.0
5.342764095999883,tx,1a:00:00:00:00:00,-55,88.98039966408493,64,0.8671037363743439,10.291774371173904,0,0,0,0,0,0,0,0,0,0,0,0,6,6,6,6,6,6,7,6,7,5,7,5,7,5,7,5,7,5,8,5,8,4,8,4,9,4,9,4,9,3,9,3,9,3,9,2,10,2,10,2,10,2,11,2,11,1,12,0,12,0,12,0,0,0,13,0,13,0,13,0,13,0,13,0,14,0,14,1,14,1,14,1,14,1,14,1,14,1,14,1,14,2,13,2,13,2,13,2,12,3,12,3,11,3,11,3,11,4,10,4,10,4,10,4,9,5,0,0,0,0,0,0,0,0,0,0,0.0,0.0,0.0,0.0,0.0,0.0,8.48528137423857,8.48528137423857,8.48528137423857,9.219544457292887,8.602325267042627,8.602325267042627,8.602325267042627,8.602325267042627,8.602325267042627,9.433981132056603,8.94427190999916,8.94427190999916,9.848857801796104,9.848857801796104,9.486832980505138,9.486832980505138,9.486832980505138,9.219544457292887,10.198039027185569,10.198039027185569,10.198039027185569,11.180339887498949,11.045361017187261,12.0,12.0,12.0,0.0,13.0,13.0,13.0,13.0,13.0,14.0,14.035668847618199,14.035668847618199,14.035668847618199,14.035668847618199,14.035668847618199,14.035668847618199,14.035668847618199,14.142135623730951,13.152946437965905,13.152946437965905,13.152946437965905,12.36931687685298,12.36931687685298,11.40175425099138,11.40175425099138,11.704699910719626,10.770329614269007,10.770329614269007,10.770329614269007,10.295630140987,0.0,0.0,0.0,0.0,0.0,0.0,0.0,0.0,0.0,0.0,0.0,0.7853981633974483,0.7853981633974483,0.7853981633974483,0.7086262721276703,0.6202494859828215,0.6202494859828215,0.6202494859828215,0.6202494859828215,0.6202494859828215,0.5585993153435624,0.4636476090008061,0.4636476090008061,0.4182243295792291,0.4182243295792291,0.3217505543966422,0.3217505543966422,0.3217505543966422,0.21866894587394195,0.19739555984988075,0.19739555984988075,0.19739555984988075,0.17985349979247828,0.09065988720074511,0.0,0.0,0.0,0.0,0.0,0.0,0.0,0.0,0.0,0.0,0.07130746478529032,0.07130746478529032,0.07130746478529032,0.07130746478529032,0.07130746478529032,0.07130746478529032,0.07130746478529032,0.14189705460416394,0.15264932839526515,0.15264932839526515,0.15264932839526515,0.24497866312686414,0.24497866312686414,0.2662520491509254,0.2662520491509254,0.348771003583907,0.3805063771123649,0.3805063771123649,0.3805063771123649,0.507098504392337,0.0,0.0,0.0,0.0,0.0
5.453401892998954,tx,1a:00:00:00:00:00,-54,88.98039966408493,64,0.8658249721343276,10.09911742737319,0,0,0,0,0,0,0,0,0,0,0,0,8,-2,9,-2,9,-2,9,-2,9,-3,9,-3,9,-3,9,-3,9,-3,8,-4,9,-5,9,-5,8,-6,8,-6,9,-6,8,-6,9,-7,8,-7,8,-8,8,-8,8,-8,8,-9,8,-9,8,-10,8,-10,8,-10,0,0,8,-11,9,-11,9,-12,8,-11,9,-11,10,-12,10,-11,10,-11,11,-11,9,-10,10,-11,10,-10,10,-10,10,-10,10,-9,11,-9,10,-8,10,-8,10,-8,10,-6,10,-7,10,-6,9,-6,9,-6,9,-5,9,-4,0,0,0,0,0,0,0,0,0,0,0.0,0.0,0.0,0.0,0.0,0.0,8.246211251235321,9.219544457292887,9.219544457292887,9.219544457292887,9.486832980505138,9.486832980505138,9.486832980505138,9.486832980505138,9.486832980505138,8.94427190999916,10.295630140987,10.295630140987,10.0,10.0,10.816653826391969,10.0,11.40175425099138,10.63014581273465,11.313708498984761,11.313708498984761,11.313708498984761,12.041594578792296,12.041594578792296,12.806248474865697,12.806248474865697,12.806248474865697,0.0,13.601470508735444,14.212670403551895,15.0,13.601470508735444,14.212670403551895,15.620499351813308,14.866068747318506,14.866068747318506,15.556349186104045,13.45362404707371,14.866068747318506,14.142135623730951,14.142135623730951,14.142135623730951,13.45362404707371,14.212670403551895,12.806248474865697,12.806248474865697,12.806248474865697,11.661903789690601,12.206555615733702,11.661903789690601,10.816653826391969,10.816653826391969,10.295630140987,9.848857801796104,0.0,0.0,0.0,0.0,0.0,0.0,0.0,0.0,0.0,0.0,0.0,-0.24497866312686414,-0.21866894587394195,-0.21866894587394195,-0.21866894587394195,-0.3217505543966422,-0.3217505543966422,-0.3217505543966422,-0.3217505543966422,-0.3217505543966422,-0.4636476090008061,-0.507098504392337,-0.507098504392337,-0.6435011087932844,-0.6435011087932844,-0.5880026035475675,-0.6435011087932844,-0.6610431688506869,-0.7188299996216245,-0.7853981633974483,-0.7853981633974483,-0.7853981633974483,-0.844153986113171,-0.844153986113171,-0.8960553845713439,-0.8960553845713439,-0.8960553845713439,0.0,-0.9420000403794636,-0.8850668158886104,-0.9272952180016122,-0.9420000403794636,-0.8850668158886104,-0.8760580505981934,-0.8329812666744317,-0.8329812666744317,-0.7853981633974483,-0.83798122500839,-0.8329812666744317,-0.7853981633974483,-0.7853981633974483,-0.7853981633974483,-0.7328151017865066,-0.6857295109062863,-0.6747409422235526,-0.6747409422235526,-0.6747409422235526,-0.5404195002705842,-0.6107259643892086,-0.5404195002705842,-0.5880026035475675,-0.5880026035475675,-0.507098504392337,-0.4182243295792291,0.0,0.0,0.0,0.0,0.0
5.5713834289999795,tx,1a:00:00:00:00:00,-54,88.98039966408493,64,0.8637429954400132,9.951405111908912,0,0,0,0,0,0,0,0,0,0,0,0,-9,2,-9,2,-9,3,-9,3,-9,3,-9,3,-9,4,-9,4,-9,4,-9,5,-9,5,-9,5,-9,6,-9,6,-9,7,-8,6,-9,7,-8,7,-8,8,-7,8,-7,9,-8,9,-7,9,-7,10,-7,11,-7,11,0,0,-7,12,-8,11,-8,12,-7,12,-8,12,-8,13,-8,12,-8,12,-9,12,-8,11,-9,11,-9,11,-10,11,-9,11,-9,10,-10,10,-9,9,-9,9,-9,9,-9,8,-9,8,-10,7,-9,7,-9,6,-9,6,-10,5,0,0,0,0,0,0,0,0,0,0,0.0,0.0,0.0,0.0,0.0,0.0,9.219544457292887,9.219544457292887,9.486832980505138,9.486832980505138,9.486832980505138,9.486832980505138,9.848857801796104,9.848857801796104,9.848857801796104,10.295630140987,10.295630140987,10.295630140987,10.816653826391969,10.816653826391969,11.40175425099138,10.0,11.40175425099138,10.63014581273465,11.313708498984761,10.63014581273465,11.40175425099138,12.041594578792296,11.40175425099138,12.206555615733702,13.038404810405298,13.038404810405298,0.0,13.892443989449804,13.601470508735444,14.422205101855956,13.892443989449804,14.422205101855956,15.264337522473747,14.422205101855956,14.422205101855956,15.0,13.601470508735444,14.212670403551895,14.212670403551895,14.866068747318506,14.212670403551895,13.45362404707371,14.142135623730951,12.727922061357855,12.727922061357855,12.727922061357855,12.041594578792296,12.041594578792296,12.206555615733702,11.40175425099138,10.816653826391969,10.816653826391969,11.180339887498949,0.0,0.0,0.0,0.0,0.0,0.0,0.0,0.0,0.0,0.0,0.0,2.922923707715851,2.922923707715851,2.819842099193151,2.819842099193151,2.819842099193151,2.819842099193151,2.723368324010564,2.723368324010564,2.723368324010564,2.6344941491974563,2.6344941491974563,2.6344941491974563,2.5535900500422257,2.5535900500422257,2.4805494847391065,2.498091544796509,2.4805494847391065,2.4227626539681686,2.356194490192345,2.289626326416521,2.2318394956455836,2.297438667476622,2.2318394956455836,2.1815222911841055,2.137525544318403,2.137525544318403,0.0,2.0988707752212563,2.1995926132103296,2.158798930342464,2.0988707752212563,2.158798930342464,2.1224513093234436,2.158798930342464,2.158798930342464,2.214297435588181,2.1995926132103296,2.256525837701183,2.256525837701183,2.3086113869153615,2.256525837701183,2.3036114285814033,2.356194490192345,2.356194490192345,2.356194490192345,2.356194490192345,2.4149503129080676,2.4149503129080676,2.5308666892005847,2.4805494847391065,2.5535900500422257,2.5535900500422257,2.677945044588987,0.0,0.0,0.0,0.0,0.0
5.6820338319957955,tx,1a:00:00:00:00:00,-54,91.21945754237872,64,0.8624463297181655,9.849952960573823,0,0,0,0,0,0,0,0,0,0,0,0,-6,-7,-6,-7,-7,-7,-7,-6,-8,-7,-7,-6,-7,-6,-8,-6,-8,-6,-9,-6,-9,-6,-9,-6,-9,-5,-10,-5,-10,-5,-10,-4,-10,-4,-11,-4,-11,-3,-11,-3,-11,-3,-12,-2,-12,-2,-12,-2,-13,-2,-13,-2,0,0,-14,-2,-14,-2,-14,-1,-14,-1,-14,-2,-15,-1,-15,-2,-15,-2,-15,-3,-15,-3,-14,-3,-14,-3,-14,-3,-14,-4,-14,-4,-13,-4,-13,-4,-12,-4,-12,-4,-12,-5,-12,-5,-11,-5,-11,-5,-10,-5,-10,-6,-9,-6,0,0,0,0,0,0,0,0,0,0,0.0,0.0,0.0,0.0,0.0,0.0,9.219544457292887,9.219544457292887,9.899494936611665,9.219544457292887,10.63014581273465,9.219544457292887,9.219544457292887,10.0,10.0,10.816653826391969,10.816653826391969,10.816653826391969,10.295630140987,11.180339887498949,11.180339887498949,10.770329614269007,10.770329614269007,11.704699910719626,11.40175425099138,11.40175425099138,11.40175425099138,12.165525060596439,12.165525060596439,12.165525060596439,13.152946437965905,13.152946437965905,0.0,14.142135623730951,14.142135623730951,14.035668847618199,14.035668847618199,14.142135623730951,15.033296378372908,15.132745950421556,15.132745950421556,15.297058540778355,15.297058540778355,14.317821063276353,14.317821063276353,14.317821063276353,14.560219778561036,14.560219778561036,13.601470508735444,13.601470508735444,12.649110640673518,12.649110640673518,13.0,13.0,12.083045973594572,12.083045973594572,11.180339887498949,11.661903789690601,10.816653826391969,0.0,0.0,0.0,0.0,0.0,0.0,0.0,0.0,0.0,0.0,0.0,-2.279422598922567,-2.279422598922567,-2.356194490192345,-2.432966381462123,-2.4227626539681686,-2.432966381462123,-2.432966381462123,-2.498091544796509,-2.498091544796509,-2.5535900500422257,-2.5535900500422257,-2.5535900500422257,-2.6344941491974563,-2.677945044588987,-2.677945044588987,-2.761086276477428,-2.761086276477428,-2.7928216500058864,-2.875340604438868,-2.875340604438868,-2.875340604438868,-2.976443976175166,-2.976443976175166,-2.976443976175166,-2.988943325194528,-2.988943325194528,0.0,-2.999695598985629,-2.999695598985629,-3.070285188804503,-3.070285188804503,-2.999695598985629,-3.0750244898139694,-3.0090411212931194,-3.0090411212931194,-2.9441970937399127,-2.9441970937399127,-2.930499320367047,-2.930499320367047,-2.930499320367047,-2.8632929945846817,-2.8632929945846817,-2.843093722003614,-2.843093722003614,-2.819842099193151,-2.819842099193151,-2.746801533890032,-2.746801533890032,-2.714965160462917,-2.714965160462917,-2.677945044588987,-2.601173153319209,-2.5535900500422257,0.0,0.0,0.0,0.0,0.0
5.7918172369973036,tx,1a:00:00:00:00:00,-54,91.21945754237872,64,0.8612225743211637,9.780036239521506,0,0,0,0,0,0,0,0,0,0,0,0,-8,-5,-8,-5,-9,-5,-8,-5,-9,-5,-9,-5,-9,-5,-9,-4,-9,-4,-10,-4,-10,-4,-10,-3,-10,-3,-10,-3,-10,-2,-11,-2,-11,-1,-11,-1,-11,-1,-12,0,-12,0,-12,0,-13,0,-13,1,-13,1,-13,1,0,0,-14,1,-14,2,-14,2,-15,2,-14,2,-15,2,-15,1,-15,1,-15,1,-15,1,-15,0,-15,0,-15,0,-14,0,-14,0,-14,-1,-14,-1,-13,-1,-13,-1,-12,-2,-12,-2,-12,-2,-12,-3,-11,-3,-11,-4,-10,-4,0,0,0,0,0,0,0,0,0,0,0.0,0.0,0.0,0.0,0.0,0.0,9.433981132056603,9.433981132056603,10.295630140987,9.433981132056603,10.295630140987,10.295630140987,10.295630140987,9.848857801796104,9.848857801796104,10.770329614269007,10.770329614269007,10.44030650891055,10.44030650891055,10.44030650891055,10.198039027185569,11.180339887498949,11.045361017187261,11.045361017187261,11.045361017187261,12.0,12.0,12.0,13.0,13.038404810405298,13.038404810405298,13.038404810405298,0.0,14.035668847618199,14.142135623730951,14.142135623730951,15.132745950421556,14.142135623730951,15.132745950421556,15.033296378372908,15.033296378372908,15.033296378372908,15.033296378372908,15.0,15.0,15.0,14.0,14.0,14.035668847618199,14.035668847618199,13.038404810405298,13.038404810405298,12.165525060596439,12.165525060596439,12.165525060596439,12.36931687685298,11.40175425099138,11.704699910719626,10.770329614269007,0.0,0.0,0.0,0.0,0.0,0.0,0.0,0.0,0.0,0.0,0.0,-2.5829933382462307,-2.5829933382462307,-2.6344941491974563,-2.5829933382462307,-2.6344941491974563,-2.6344941491974563,-2.6344941491974563,-2.723368324010564,-2.723368324010564,-2.761086276477428,-2.761086276477428,-2.8501358591119264,-2.8501358591119264,-2.8501358591119264,-2.9441970937399127,-2.961739153797315,-3.050932766389048,-3.050932766389048,-3.050932766389048,3.141592653589793,3.141592653589793,3.141592653589793,3.141592653589793,3.064820762320015,3.064820762320015,3.064820762320015,0.0,3.070285188804503,2.999695598985629,2.999695598985629,3.0090411212931194,2.999695598985629,3.0090411212931194,3.0750244898139694,3.0750244898139694,3.0750244898139694,3.0750244898139694,3.141592653589793,3.141592653589793,3.141592653589793,3.141592653589793,3.141592653589793,-3.070285188804503,-3.070285188804503,-3.064820762320015,-3.064820762320015,-2.976443976175166,-2.976443976175166,-2.976443976175166,-2.896613990462929,-2.875340604438868,-2.7928216500058864,-2.761086276477428,0.0,0.0,0.0,0.0,0.0
5.893039824994048,tx,1a:00:00:00:00:00,-54,91.21945754237872,64,0.8544544105186194,9.748805452492693,0,0,0,0,0,0,0,0,0,0,0,0,6,-7,5,-7,5,-8,5,-8,6,-8,5,-8,5,-8,4,-8,4,-9,5,-9,4,-9,4,-9,4,-10,4,-10,3,-10,3,-11,2,-10,2,-11,2,-11,2,-12,2,-12,1,-12,1,-13,1,-13,1,-13,1,-13,0,0,0,-14,0,-15,0,-14,0,-15,0,-15,0,-16,1,-16,1,-15,1,-15,2,-15,2,-15,2,-15,3,-15,3,-14,2,-14,3,-13,3,-14,3,-12,3,-12,3,-12,4,-12,4,-12,4,-11,5,-10,5,-10,5,-9,0,0,0,0,0,0,0,0,0,0,0.0,0.0,0.0,0.0,0.0,0.0,9.219544457292887,8.602325267042627,9.433981132056603,9.433981132056603,10.0,9.433981132056603,9.433981132056603,8.94427190999916,9.848857801796104,10.295630140987,9.848857801796104,9.848857801796104,10.770329614269007,10.770329614269007,10.44030650891055,11.40175425099138,10.198039027185569,11.180339887498949,11.180339887498949,12.165525060596439,12.165525060596439,12.041594578792296,13.038404810405298,13.038404810405298,13.038404810405298,13.038404810405298,0.0,14.0,15.0,14.0,15.0,15.0,16.0,16.0312195418814,15.033296378372908,15.033296378372908,15.132745950421556,15.132745950421556,15.132745950421556,15.297058540778355,14.317821063276353,14.142135623730951,13.341664064126334,14.317821063276353,12.36931687685298,12.36931687685298,12.36931687685298,12.649110640673518,12.649110640673518,11.704699910719626,11.180339887498949,11.180339887498949,10.295630140987,0.0,0.0,0.0,0.0,0.0,0.0,0.0,0.0,0.0,0.0,0.0,-0.8621700546672264,-0.9505468408120752,-1.0121970114513341,-1.0121970114513341,-0.9272952180016122,-1.0121970114513341,-1.0121970114513341,-1.1071487177940904,-1.1525719972156676,-1.0636978224025597,-1.1525719972156676,-1.1525719972156676,-1.1902899496825317,-1.1902899496825317,-1.2793395323170296,-1.3045442776439713,-1.373400766945016,-1.3909428270024184,-1.3909428270024184,-1.4056476493802699,-1.4056476493802699,-1.4876550949064553,-1.4940244355251187,-1.4940244355251187,-1.4940244355251187,-1.4940244355251187,0.0,-1.5707963267948966,-1.5707963267948966,-1.5707963267948966,-1.5707963267948966,-1.5707963267948966,-1.5707963267948966,-1.5083775167989393,-1.5042281630190728,-1.5042281630190728,-1.4382447944982226,-1.4382447944982226,-1.4382447944982226,-1.373400766945016,-1.35970299357215,-1.4288992721907328,-1.3439974787410107,-1.35970299357215,-1.3258176636680326,-1.3258176636680326,-1.3258176636680326,-1.2490457723982544,-1.2490457723982544,-1.2220253232109897,-1.1071487177940904,-1.1071487177940904,-1.0636978224025597,0.0,0.0,0.0,0.0,0.0
5.994788572999823,tx,1a:00:00:00:00:00,-54,91.21945754237872,64,0.8501783755538752,9.750422721728103,0,0,0,0,0,0,0,0,0,0,0,0,8,2,8,2,8,2,9,2,9,2,9,2,9,1,9,1,9,1,9,0,10,0,10,0,10,-1,10,-1,10,-1,10,-1,11,-2,10,-2,11,-3,11,-3,11,-3,11,-4,11,-4,11,-5,12,-5,12,-5,0,0,13,-6,12,-5,14,-6,13,-6,14,-5,14,-6,14,-5,14,-5,14,-4,13,-4,14,-4,14,-4,14,-4,14,-3,13,-2,13,-2,12,-2,13,-2,12,-2,11,-1,12,-1,11,0,11,0,11,0,10,1,10,1,0,0,0,0,0,0,0,0,0,0,0.0,0.0,0.0,0.0,0.0,0.0,8.246211251235321,8.246211251235321,8.246211251235321,9.219544457292887,9.219544457292887,9.219544457292887,9.055385138137417,9.055385138137417,9.055385138137417,9.0,10.0,10.0,10.04987562112089,10.04987562112089,10.04987562112089,10.04987562112089,11.180339887498949,10.198039027185569,11.40175425099138,11.40175425099138,11.40175425099138,11.704699910719626,11.704699910719626,12.083045973594572,13.0,13.0,0.0,14.317821063276353,13.0,15.231546211727817,14.317821063276353,14.866068747318506,15.231546211727817,14.866068747318506,14.866068747318506,14.560219778561036,13.601470508735444,14.560219778561036,14.560219778561036,14.560219778561036,14.317821063276353,13.152946437965905,13.152946437965905,12.165525060596439,13.152946437965905,12.165525060596439,11.045361017187261,12.041594578792296,11.0,11.0,11.0,10.04987562112089,10.04987562112089,0.0,0.0,0.0,0.0,0.0,0.0,0.0,0.0,0.0,0.0,0.0,0.24497866312686414,0.24497866312686414,0.24497866312686414,0.21866894587394195,0.21866894587394195,0.21866894587394195,0.11065722117389565,0.11065722117389565,0.11065722117389565,0.0,0.0,0.0,-0.09966865249116202,-0.09966865249116202,-0.09966865249116202,-0.09966865249116202,-0.17985349979247828,-0.19739555984988075,-0.2662520491509254,-0.2662520491509254,-0.2662520491509254,-0.348771003583907,-0.348771003583907,-0.4266274931268761,-0.3947911196997615,-0.3947911196997615,0.0,-0.43240777557053783,-0.3947911196997615,-0.40489178628508343,-0.43240777557053783,-0.3430239404207034,-0.40489178628508343,-0.3430239404207034,-0.3430239404207034,-0.27829965900511133,-0.2984989315861793,-0.27829965900511133,-0.27829965900511133,-0.27829965900511133,-0.21109333322274654,-0.15264932839526515,-0.15264932839526515,-0.16514867741462683,-0.15264932839526515,-0.16514867741462683,-0.09065988720074511,-0.08314123188844123,0.0,0.0,0.0,0.09966865249116202,0.09966865249116202,0.0,0.0,0.0,0.0,0.0
6.1016765929962276,tx,1a:00:00:00:00:00,-54,91.21945754237872,64,0.846193645694109,9.788275033538005,0,0,0,0,0,0,0,0,0,0,0,0,8,-1,9,-1,9,-1,9,-1,8,-2,8,-3,8,-2,8,-3,9,-3,9,-5,8,-5,8,-5,8,-5,8,-5,8,-6,8,-6,8,-6,8,-7,8,-7,8,-7,8,-8,8,-9,8,-9,8,-9,8,-10,8,-10,0,0,8,-11,9,-11,9,-11,9,-11,9,-11,9,-11,10,-11,10,-11,10,-11,10,-11,10,-10,10,-10,11,-10,10,-10,10,-9,10,-9,10,-8,9,-7,10,-7,10,-7,10,-7,10,-6,10,-6,9,-5,9,-5,9,-4,0,0,0,0,0,0,0,0,0,0,0.0,0.0,0.0,0.0,0.0,0.0,8.06225774829855,9.055385138137417,9.055385138137417,9.055385138137417,8.246211251235321,8.54400374531753,8.246211251235321,8.54400374531753,9.486832980505138,10.295630140987,9.433981132056603,9.433981132056603,9.433981132056603,9.433981132056603,10.0,10.0,10.0,10.63014581273465,10.63014581273465,10.63014581273465,11.313708498984761,12.041594578792296,12.041594578792296,12.041594578792296,12.806248474865697,12.806248474865697,0.0,13.601470508735444,14.212670403551895,14.212670403551895,14.212670403551895,14.212670403551895,14.212670403551895,14.866068747318506,14.866068747318506,14.866068747318506,14.866068747318506,14.142135623730951,14.142135623730951,14.866068747318506,14.142135623730951,13.45362404707371,13.45362404707371,12.806248474865697,11.40175425099138,12.206555615733702,12.206555615733702,12.206555615733702,11.661903789690601,11.661903789690601,10.295630140987,10.295630140987,9.848857801796104,0.0,0.0,0.0,0.0,0.0,0.0,0.0,0.0,0.0,0.0,0.0,-0.12435499454676144,-0.11065722117389565,-0.11065722117389565,-0.11065722117389565,-0.24497866312686414,-0.35877067027057225,-0.24497866312686414,-0.35877067027057225,-0.3217505543966422,-0.507098504392337,-0.5585993153435624,-0.5585993153435624,-0.5585993153435624,-0.5585993153435624,-0.6435011087932844,-0.6435011087932844,-0.6435011087932844,-0.7188299996216245,-0.7188299996216245,-0.7188299996216245,-0.7853981633974483,-0.844153986113171,-0.844153986113171,-0.844153986113171,-0.8960553845713439,-0.8960553845713439,0.0,-0.9420000403794636,-0.8850668158886104,-0.8850668158886104,-0.8850668158886104,-0.8850668158886104,-0.8850668158886104,-0.8329812666744317,-0.8329812666744317,-0.8329812666744317,-0.8329812666744317,-0.7853981633974483,-0.7853981633974483,-0.7378150601204649,-0.7853981633974483,-0.7328151017865066,-0.7328151017865066,-0.6747409422235526,-0.6610431688506869,-0.6107259643892086,-0.6107259643892086,-0.6107259643892086,-0.5404195002705842,-0.5404195002705842,-0.507098504392337,-0.507098504392337,-0.4182243295792291,0.0,0.0,0.0,0.0,0.0
6.202022090998071,tx,1a:00:00:00:00:00,-54,91.21945754237872,64,0.843443030127661,9.853418605527015,0,0,0,0,0,0,0,0,0,0,0,0,-5,-7,-6,-7,-6,-7,-6,-7,-6,-7,-7,-7,-7,-7,-7,-6,-7,-6,-8,-6,-8,-6,-8,-6,-9,-6,-9,-5,-9,-5,-9,-5,-10,-4,-9,-4,-11,-4,-11,-3,-11,-3,-11,-3,-11,-3,-12,-3,-12,-3,-13,-3,0,0,-13,-2,-13,-2,-14,-2,-14,-2,-14,-3,-14,-3,-14,-3,-14,-3,-14,-3,-14,-3,-14,-4,-13,-4,-13,-4,-13,-4,-13,-4,-13,-5,-12,-5,-12,-5,-11,-5,-11,-5,-11,-5,-10,-5,-10,-6,-10,-6,-9,-6,-8,-7,0,0,0,0,0,0,0,0,0,0,0.0,0.0,0.0,0.0,0.0,0.0,8.602325267042627,9.219544457292887,9.219544457292887,9.219544457292887,9.219544457292887,9.899494936611665,9.899494936611665,9.219544457292887,9.219544457292887,10.0,10.0,10.0,10.816653826391969,10.295630140987,10.295630140987,10.295630140987,10.770329614269007,9.848857801796104,11.704699910719626,11.40175425099138,11.40175425099138,11.40175425099138,11.40175425099138,12.36931687685298,12.36931687685298,13.341664064126334,0.0,13.152946437965905,13.152946437965905,14.142135623730951,14.142135623730951,14.317821063276353,14.317821063276353,14.317821063276353,14.317821063276353,14.317821063276353,14.317821063276353,14.560219778561036,13.601470508735444,13.601470508735444,13.601470508735444,13.601470508735444,13.92838827718412,13.0,13.0,12.083045973594572,12.083045973594572,12.083045973594572,11.180339887498949,11.661903789690601,11.661903789690601,10.816653826391969,10.63014581273465,0.0,0.0,0.0,0.0,0.0,0.0,0.0,0.0,0.0,0.0,0.0,-2.191045812777718,-2.279422598922567,-2.279422598922567,-2.279422598922567,-2.279422598922567,-2.356194490192345,-2.356194490192345,-2.432966381462123,-2.432966381462123,-2.498091544796509,-2.498091544796509,-2.498091544796509,-2.5535900500422257,-2.6344941491974563,-2.6344941491974563,-2.6344941491974563,-2.761086276477428,-2.723368324010564,-2.7928216500058864,-2.875340604438868,-2.875340604438868,-2.875340604438868,-2.875340604438868,-2.896613990462929,-2.896613990462929,-2.9147938055359073,0.0,-2.988943325194528,-2.988943325194528,-2.999695598985629,-2.999695598985629,-2.930499320367047,-2.930499320367047,-2.930499320367047,-2.930499320367047,-2.930499320367047,-2.930499320367047,-2.8632929945846817,-2.843093722003614,-2.843093722003614,-2.843093722003614,-2.843093722003614,-2.774418819771574,-2.746801533890032,-2.746801533890032,-2.714965160462917,-2.714965160462917,-2.714965160462917,-2.677945044588987,-2.601173153319209,-2.601173153319209,-2.5535900500422257,-2.4227626539681686,0.0,0.0,0.0,0.0,0.0
6.302608116995543,tx,1a:00:00:00:00:00,-54,91.21945754237872,64,0.8416209894479747,9.942630723391792,0,0,0,0,0,0,0,0,0,0,0,0,-9,4,-9,4,-9,4,-9,4,-9,5,-9,5,-9,5,-8,5,-8,6,-8,6,-8,7,-8,7,-8,7,-7,7,-7,8,-7,8,-7,9,-7,9,-7,9,-6,10,-7,10,-6,10,-6,10,-5,11,-5,11,-5,12,0,0,-5,12,-6,13,-6,13,-5,13,-6,13,-6,14,-6,13,-7,13,-7,13,-7,12,-7,13,-8,13,-7,12,-8,12,-8,11,-8,12,-8,11,-8,10,-8,10,-8,9,-8,9,-8,9,-8,8,-8,8,-8,7,-9,7,0,0,0,0,0,0,0,0,0,0,0.0,0.0,0.0,0.0,0.0,0.0,9.848857801796104,9.848857801796104,9.848857801796104,9.848857801796104,10.295630140987,10.295630140987,10.295630140987,9.433981132056603,10.0,10.0,10.63014581273465,10.63014581273465,10.63014581273465,9.899494936611665,10.63014581273465,10.63014581273465,11.40175425099138,11.40175425099138,11.40175425099138,11.661903789690601,12.206555615733702,11.661903789690601,11.661903789690601,12.083045973594572,12.083045973594572,13.0,0.0,13.0,14.317821063276353,14.317821063276353,13.92838827718412,14.317821063276353,15.231546211727817,14.317821063276353,14.7648230602334,14.7648230602334,13.892443989449804,14.7648230602334,15.264337522473747,13.892443989449804,14.422205101855956,13.601470508735444,14.422205101855956,13.601470508735444,12.806248474865697,12.806248474865697,12.041594578792296,12.041594578792296,12.041594578792296,11.313708498984761,11.313708498984761,10.63014581273465,11.40175425099138,0.0,0.0,0.0,0.0,0.0,0.0,0.0,0.0,0.0,0.0,0.0,2.723368324010564,2.723368324010564,2.723368324010564,2.723368324010564,2.6344941491974563,2.6344941491974563,2.6344941491974563,2.5829933382462307,2.498091544796509,2.498091544796509,2.4227626539681686,2.4227626539681686,2.4227626539681686,2.356194490192345,2.289626326416521,2.289626326416521,2.2318394956455836,2.2318394956455836,2.2318394956455836,2.1112158270654806,2.1815222911841055,2.1112158270654806,2.1112158270654806,1.9974238199217726,1.9974238199217726,1.965587446494658,0.0,1.965587446494658,2.0032041023654346,2.0032041023654346,1.9379701606131159,2.0032041023654346,1.97568811307998,2.0032041023654346,2.0647376957144776,2.0647376957144776,2.0988707752212563,2.0647376957144776,2.1224513093234436,2.0988707752212563,2.158798930342464,2.1995926132103296,2.158798930342464,2.1995926132103296,2.2455372690184494,2.2455372690184494,2.297438667476622,2.297438667476622,2.297438667476622,2.356194490192345,2.356194490192345,2.4227626539681686,2.4805494847391065,0.0,0.0,0.0,0.0,0.0
6.41151614899718,tx,1a:00:00:00:00:00,-54,91.21945754237872,64,0.8395076388759418,10.06584531397412,0,0,0,0,0,0,0,0,0,0,0,0,-2,8,-2,8,-2,9,-2,9,-1,9,-1,9,-1,9,-1,9,-1,9,0,10,0,10,0,10,1,10,1,10,1,10,2,10,3,10,3,10,3,10,4,10,4,10,4,10,4,10,5,11,5,11,5,11,0,0,6,11,6,12,7,12,7,12,6,12,7,12,7,13,6,13,6,12,6,13,6,13,5,13,5,13,4,13,4,13,4,12,4,12,3,12,3,12,2,11,2,11,2,11,1,11,1,11,0,11,0,10,0,0,0,0,0,0,0,0,0,0,0.0,0.0,0.0,0.0,0.0,0.0,8.246211251235321,8.246211251235321,9.219544457292887,9.219544457292887,9.055385138137417,9.055385138137417,9.055385138137417,9.055385138137417,9.055385138137417,10.0,10.0,10.0,10.04987562112089,10.04987562112089,10.04987562112089,10.198039027185569,10.44030650891055,10.44030650891055,10.44030650891055,10.770329614269007,10.770329614269007,10.770329614269007,10.770329614269007,12.083045973594572,12.083045973594572,12.083045973594572,0.0,12.529964086141668,13.416407864998739,13.892443989449804,13.892443989449804,13.416407864998739,13.892443989449804,14.7648230602334,14.317821063276353,13.416407864998739,14.317821063276353,14.317821063276353,13.92838827718412,13.92838827718412,13.601470508735444,13.601470508735444,12.649110640673518,12.649110640673518,12.36931687685298,12.36931687685298,11.180339887498949,11.180339887498949,11.180339887498949,11.045361017187261,11.045361017187261,11.0,10.0,0.0,0.0,0.0,0.0,0.0,0.0,0.0,0.0,0.0,0.0,0.0,1.8157749899217608,1.8157749899217608,1.7894652726688385,1.7894652726688385,1.6814535479687922,1.6814535479687922,1.6814535479687922,1.6814535479687922,1.6814535479687922,1.5707963267948966,1.5707963267948966,1.5707963267948966,1.4711276743037347,1.4711276743037347,1.4711276743037347,1.373400766945016,1.2793395323170296,1.2793395323170296,1.2793395323170296,1.1902899496825317,1.1902899496825317,1.1902899496825317,1.1902899496825317,1.1441688336680205,1.1441688336680205,1.1441688336680205,0.0,1.0714496051147666,1.1071487177940904,1.042721878368537,1.042721878368537,1.1071487177940904,1.042721878368537,1.0768549578753155,1.1383885512243588,1.1071487177940904,1.1383885512243588,1.1383885512243588,1.2036224929766774,1.2036224929766774,1.2722973952087173,1.2722973952087173,1.2490457723982544,1.2490457723982544,1.3258176636680326,1.3258176636680326,1.3909428270024184,1.3909428270024184,1.3909428270024184,1.4801364395941514,1.4801364395941514,1.5707963267948966,1.5707963267948966,0.0,0.0,0.0,0.0,0.0
6.512627689997316,tx,1a:00:00:00:00:00,-54,91.21945754237872,64,0.8386892791837556,10.20678666016708,0,0,0,0,0,0,0,0,0,0,0,0,-1,-10,-2,-10,-2,-10,-2,-10,-3,-10,-3,-8,-3,-10,-3,-9,-4,-11,-4,-10,-4,-9,-5,-10,-5,-9,-6,-10,-5,-10,-6,-10,-6,-10,-7,-9,-7,-9,-7,-9,-8,-10,-8,-10,-8,-9,-9,-9,-10,-9,-10,-9,0,0,-11,-10,-11,-10,-11,-10,-11,-10,-11,-11,-11,-11,-11,-11,-10,-12,-10,-12,-10,-12,-10,-11,-10,-12,-9,-12,-9,-12,-9,-12,-9,-12,-8,-12,-7,-11,-7,-11,-6,-11,-6,-11,-5,-12,-5,-11,-5,-11,-4,-11,-3,-11,0,0,0,0,0,0,0,0,0,0,0.0,0.0,0.0,0.0,0.0,0.0,10.04987562112089,10.198039027185569,10.198039027185569,10.198039027185569,10.44030650891055,8.54400374531753,10.44030650891055,9.486832980505138,11.704699910719626,10.770329614269007,9.848857801796104,11.180339887498949,10.295630140987,11.661903789690601,11.180339887498949,11.661903789690601,11.661903789690601,11.40175425099138,11.40175425099138,11.40175425099138,12.806248474865697,12.806248474865697,12.041594578792296,12.727922061357855,13.45362404707371,13.45362404707371,0.0,14.866068747318506,14.866068747318506,14.866068747318506,14.866068747318506,15.556349186104045,15.556349186104045,15.556349186104045,15.620499351813308,15.620499351813308,15.620499351813308,14.866068747318506,15.620499351813308,15.0,15.0,15.0,15.0,14.422205101855956,13.038404810405298,13.038404810405298,12.529964086141668,12.529964086141668,13.0,12.083045973594572,12.083045973594572,11.704699910719626,11.40175425099138,0.0,0.0,0.0,0.0,0.0,0.0,0.0,0.0,0.0,0.0,0.0,-1.6704649792860586,-1.7681918866447774,-1.7681918866447774,-1.7681918866447774,-1.8622531212727638,-1.9295669970654687,-1.8622531212727638,-1.892546881191539,-1.9195673303788037,-1.9513027039072615,-1.9890206563741257,-2.0344439357957027,-2.0778948311872334,-2.1112158270654806,-2.0344439357957027,-2.1112158270654806,-2.1112158270654806,-2.2318394956455836,-2.2318394956455836,-2.2318394956455836,-2.2455372690184494,-2.2455372690184494,-2.297438667476622,-2.356194490192345,-2.408777551803287,-2.408777551803287,0.0,-2.403777593469328,-2.403777593469328,-2.403777593469328,-2.403777593469328,-2.356194490192345,-2.356194490192345,-2.356194490192345,-2.2655346029916,-2.2655346029916,-2.2655346029916,-2.3086113869153615,-2.2655346029916,-2.214297435588181,-2.214297435588181,-2.214297435588181,-2.214297435588181,-2.158798930342464,-2.137525544318403,-2.137525544318403,-2.0701430484750265,-2.0701430484750265,-1.965587446494658,-1.9974238199217726,-1.9974238199217726,-1.9195673303788037,-1.837048375945822,0.0,0.0,0.0,0.0,0.0
6.621426421996148,tx,1a:00:00:00:00:00,-54,88.17657329878293,64,0.8385813615098667,10.36934832623259,0,0,0,0,0,0,0,0,0,0,0,0,7,-4,7,-4,7,-4,8,-4,7,-5,7,-5,7,-5,7,-6,7,-6,7,-6,7,-6,7,-7,7,-7,7,-7,7,-8,6,-8,6,-8,6,-8,6,-9,6,-9,6,-10,5,-10,5,-10,5,-11,5,-11,5,-11,0,0,5,-12,5,-12,6,-13,5,-12,6,-13,6,-14,6,-13,6,-13,6,-13,6,-12,8,-12,7,-12,8,-12,8,-11,7,-11,7,-11,8,-11,7,-10,7,-10,8,-9,8,-9,8,-9,8,-8,8,-7,8,-7,8,-6,0,0,0,0,0,0,0,0,0,0,0.0,0.0,0.0,0.0,0.0,0.0,8.06225774829855,8.06225774829855,8.06225774829855,8.94427190999916,8.602325267042627,8.602325267042627,8.602325267042627,9.219544457292887,9.219544457292887,9.219544457292887,9.219544457292887,9.899494936611665,9.899494936611665,9.899494936611665,10.63014581273465,10.0,10.0,10.0,10.816653826391969,10.816653826391969,11.661903789690601,11.180339887498949,11.180339887498949,12.083045973594572,12.083045973594572,12.083045973594572,0.0,13.0,13.0,14.317821063276353,13.0,14.317821063276353,15.231546211727817,14.317821063276353,14.317821063276353,14.317821063276353,13.416407864998739,14.422205101855956,13.892443989449804,14.422205101855956,13.601470508735444,13.038404810405298,13.038404810405298,13.601470508735444,12.206555615733702,12.206555615733702,12.041594578792296,12.041594578792296,12.041594578792296,11.313708498984761,10.63014581273465,10.63014581273465,10.0,0.0,0.0,0.0,0.0,0.0,0.0,0.0,0.0,0.0,0.0,0.0,-0.5191461142465229,-0.5191461142465229,-0.5191461142465229,-0.4636476090008061,-0.6202494859828215,-0.6202494859828215,-0.6202494859828215,-0.7086262721276703,-0.7086262721276703,-0.7086262721276703,-0.7086262721276703,-0.7853981633974483,-0.7853981633974483,-0.7853981633974483,-0.8519663271732721,-0.9272952180016122,-0.9272952180016122,-0.9272952180016122,-0.982793723247329,-0.982793723247329,-1.0303768265243125,-1.1071487177940904,-1.1071487177940904,-1.1441688336680205,-1.1441688336680205,-1.1441688336680205,0.0,-1.176005207095135,-1.176005207095135,-1.1383885512243588,-1.176005207095135,-1.1383885512243588,-1.1659045405098132,-1.1383885512243588,-1.1383885512243588,-1.1383885512243588,-1.1071487177940904,-0.982793723247329,-1.042721878368537,-0.982793723247329,-0.9420000403794636,-1.0040671092713902,-1.0040671092713902,-0.9420000403794636,-0.960070362405688,-0.960070362405688,-0.844153986113171,-0.844153986113171,-0.844153986113171,-0.7853981633974483,-0.7188299996216245,-0.7188299996216245,-0.6435011087932844,0.0,0.0,0.0,0.0,0.0
6.7228365519986255,tx,1a:00:00:00:00:00,-54,88.17657329878293,64,0.8373833504281987,10.552708480153184,0,0,0,0,0,0,0,0,0,0,0,0,6,-7,6,-7,6,-7,6,-8,6,-8,6,-8,5,-8,5,-9,5,-9,5,-9,5,-9,5,-10,4,-10,4,-10,4,-11,3,-11,3,-11,3,-11,2,-12,2,-12,2,-12,1,-13,1,-12,1,-13,1,-14,1,-14,0,0,0,-15,1,-15,0,-15,0,-15,1,-15,0,-16,0,-16,1,-16,1,-16,1,-15,2,-15,2,-15,3,-15,3,-15,3,-14,3,-14,3,-14,3,-13,3,-13,3,-12,4,-13,4,-12,4,-12,5,-11,5,-11,5,-10,0,0,0,0,0,0,0,0,0,0,0.0,0.0,0.0,0.0,0.0,0.0,9.219544457292887,9.219544457292887,9.219544457292887,10.0,10.0,10.0,9.433981132056603,10.295630140987,10.295630140987,10.295630140987,10.295630140987,11.180339887498949,10.770329614269007,10.770329614269007,11.704699910719626,11.40175425099138,11.40175425099138,11.40175425099138,12.165525060596439,12.165525060596439,12.165525060596439,13.038404810405298,12.041594578792296,13.038404810405298,14.035668847618199,14.035668847618199,0.0,15.0,15.033296378372908,15.0,15.0,15.033296378372908,16.0,16.0,16.0312195418814,16.0312195418814,15.033296378372908,15.132745950421556,15.132745950421556,15.297058540778355,15.297058540778355,14.317821063276353,14.317821063276353,14.317821063276353,13.341664064126334,13.341664064126334,12.36931687685298,13.601470508735444,12.649110640673518,12.649110640673518,12.083045973594572,12.083045973594572,11.180339887498949,0.0,0.0,0.0,0.0,0.0,0.0,0.0,0.0,0.0,0.0,0.0,-0.8621700546672264,-0.8621700546672264,-0.8621700546672264,-0.9272952180016122,-0.9272952180016122,-0.9272952180016122,-1.0121970114513341,-1.0636978224025597,-1.0636978224025597,-1.0636978224025597,-1.0636978224025597,-1.1071487177940904,-1.1902899496825317,-1.1902899496825317,-1.2220253232109897,-1.3045442776439713,-1.3045442776439713,-1.3045442776439713,-1.4056476493802699,-1.4056476493802699,-1.4056476493802699,-1.4940244355251187,-1.4876550949064553,-1.4940244355251187,-1.4994888620096063,-1.4994888620096063,0.0,-1.5707963267948966,-1.5042281630190728,-1.5707963267948966,-1.5707963267948966,-1.5042281630190728,-1.5707963267948966,-1.5707963267948966,-1.5083775167989393,-1.5083775167989393,-1.5042281630190728,-1.4382447944982226,-1.4382447944982226,-1.373400766945016,-1.373400766945016,-1.35970299357215,-1.35970299357215,-1.35970299357215,-1.3439974787410107,-1.3439974787410107,-1.3258176636680326,-1.2722973952087173,-1.2490457723982544,-1.2490457723982544,-1.1441688336680205,-1.1441688336680205,-1.1071487177940904,0.0,0.0,0.0,0.0,0.0
6.8314282829960575,tx,1a:00:00:00:00:00,-54,88.17657329878293,64,0.8348293269548599,10.758881293593818,0,0,0,0,0,0,0,0,0,0,0,0,-9,1,-9,1,-9,1,-10,1,-10,2,-10,2,-9,2,-10,2,-10,2,-10,3,-10,3,-10,4,-10,4,-10,4,-10,5,-9,5,-9,6,-9,6,-9,7,-9,7,-9,7,-9,8,-9,7,-9,8,-10,9,-9,9,0,0,-10,10,-10,10,-10,10,-10,10,-11,10,-11,11,-11,10,-11,10,-12,10,-11,9,-12,9,-12,9,-12,9,-12,9,-12,8,-12,8,-12,7,-12,7,-11,6,-11,6,-12,6,-12,5,-11,5,-11,4,-11,3,-11,3,0,0,0,0,0,0,0,0,0,0,0.0,0.0,0.0,0.0,0.0,0.0,9.055385138137417,9.055385138137417,9.055385138137417,10.04987562112089,10.198039027185569,10.198039027185569,9.219544457292887,10.198039027185569,10.198039027185569,10.44030650891055,10.44030650891055,10.770329614269007,10.770329614269007,10.770329614269007,11.180339887498949,10.295630140987,10.816653826391969,10.816653826391969,11.40175425099138,11.40175425099138,11.40175425099138,12.041594578792296,11.40175425099138,12.041594578792296,13.45362404707371,12.727922061357855,0.0,14.142135623730951,14.142135623730951,14.142135623730951,14.142135623730951,14.866068747318506,15.556349186104045,14.866068747318506,14.866068747318506,15.620499351813308,14.212670403551895,15.0,15.0,15.0,15.0,14.422205101855956,14.422205101855956,13.892443989449804,13.892443989449804,12.529964086141668,12.529964086141668,13.416407864998739,13.0,12.083045973594572,11.704699910719626,11.40175425099138,11.40175425099138,0.0,0.0,0.0,0.0,0.0,0.0,0.0,0.0,0.0,0.0,0.0,3.0309354324158977,3.0309354324158977,3.0309354324158977,3.0419240010986313,2.9441970937399127,2.9441970937399127,2.922923707715851,2.9441970937399127,2.9441970937399127,2.8501358591119264,2.8501358591119264,2.761086276477428,2.761086276477428,2.761086276477428,2.677945044588987,2.6344941491974563,2.5535900500422257,2.5535900500422257,2.4805494847391065,2.4805494847391065,2.4805494847391065,2.4149503129080676,2.4805494847391065,2.4149503129080676,2.408777551803287,2.356194490192345,0.0,2.356194490192345,2.356194490192345,2.356194490192345,2.356194490192345,2.403777593469328,2.356194490192345,2.403777593469328,2.403777593469328,2.44685437739309,2.455863142683507,2.498091544796509,2.498091544796509,2.498091544796509,2.498091544796509,2.5535900500422257,2.5535900500422257,2.6135182051634334,2.6135182051634334,2.642245931909663,2.642245931909663,2.677945044588987,2.746801533890032,2.714965160462917,2.7928216500058864,2.875340604438868,2.875340604438868,0.0,0.0,0.0,0.0,0.0
6.932472473999951,tx,1a:00:00:00:00:00,-54,88.17657329878293,64,0.8306002175223478,10.982700685183175,0,0,0,0,0,0,0,0,0,0,0,0,-6,-7,-6,-7,-7,-6,-7,-7,-7,-6,-8,-7,-8,-6,-8,-6,-8,-6,-9,-6,-9,-6,-9,-5,-9,-5,-10,-5,-10,-4,-10,-4,-11,-4,-11,-3,-11,-3,-11,-2,-12,-2,-12,-2,-12,-2,-13,-2,-13,-1,-14,-1,0,0,-14,-1,-14,-1,-15,-1,-15,0,-15,-1,-16,-1,-16,-1,-16,-1,-16,-1,-16,-2,-16,-2,-15,-3,-15,-3,-15,-2,-15,-3,-15,-3,-14,-3,-14,-3,-13,-3,-13,-3,-13,-4,-12,-4,-12,-5,-12,-5,-11,-5,-10,-6,0,0,0,0,0,0,0,0,0,0,0.0,0.0,0.0,0.0,0.0,0.0,9.219544457292887,9.219544457292887,9.219544457292887,9.899494936611665,9.219544457292887,10.63014581273465,10.0,10.0,10.0,10.816653826391969,10.816653826391969,10.295630140987,10.295630140987,11.180339887498949,10.770329614269007,10.770329614269007,11.704699910719626,11.40175425099138,11.40175425099138,11.180339887498949,12.165525060596439,12.165525060596439,12.165525060596439,13.152946437965905,13.038404810405298,14.035668847618199,0.0,14.035668847618199,14.035668847618199,15.033296378372908,15.0,15.033296378372908,16.0312195418814,16.0312195418814,16.0312195418814,16.0312195418814,16.1245154965971,16.1245154965971,15.297058540778355,15.297058540778355,15.132745950421556,15.297058540778355,15.297058540778355,14.317821063276353,14.317821063276353,13.341664064126334,13.341664064126334,13.601470508735444,12.649110640673518,13.0,13.0,12.083045973594572,11.661903789690601,0.0,0.0,0.0,0.0,0.0,0.0,0.0,0.0,0.0,0.0,0.0,-2.279422598922567,-2.279422598922567,-2.432966381462123,-2.356194490192345,-2.432966381462123,-2.4227626539681686,-2.498091544796509,-2.498091544796509,-2.498091544796509,-2.5535900500422257,-2.5535900500422257,-2.6344941491974563,-2.6344941491974563,-2.677945044588987,-2.761086276477428,-2.761086276477428,-2.7928216500058864,-2.875340604438868,-2.875340604438868,-2.961739153797315,-2.976443976175166,-2.976443976175166,-2.976443976175166,-2.988943325194528,-3.064820762320015,-3.070285188804503,0.0,-3.070285188804503,-3.070285188804503,-3.0750244898139694,3.141592653589793,-3.0750244898139694,-3.079173843593836,-3.079173843593836,-3.079173843593836,-3.079173843593836,-3.017237659043032,-3.017237659043032,-2.9441970937399127,-2.9441970937399127,-3.0090411212931194,-2.9441970937399127,-2.9441970937399127,-2.930499320367047,-2.930499320367047,-2.9147938055359073,-2.9147938055359073,-2.843093722003614,-2.819842099193151,-2.746801533890032,-2.746801533890032,-2.714965160462917,-2.601173153319209,0.0,0.0,0.0,0.0,0.0
7.041973152998253,tx,1a:00:00:00:00:00,-55,88.17657329878293,64,0.8261134672947877,11.218657297632099,0,0,0,0,0,0,0,0,0,0,0,0,-6,-6,-7,-6,-7,-6,-7,-6,-8,-6,-8,-6,-8,-6,-8,-6,-8,-6,-9,-6,-9,-6,-9,-5,-9,-5,-10,-5,-10,-5,-11,-4,-11,-4,-11,-4,-11,-4,-11,-3,-12,-3,-12,-3,-12,-3,-13,-3,-13,-2,-13,-2,0,0,-14,-2,-14,-2,-15,-2,-15,-2,-15,-3,-15,-3,-15,-2,-15,-3,-15,-4,-15,-3,-15,-4,-15,-4,-14,-4,-14,-4,-13,-5,-14,-5,-13,-5,-12,-5,-12,-5,-11,-5,-11,-6,-11,-6,-10,-7,-10,-6,-10,-6,-9,-7,0,0,0,0,0,0,0,0,0,0,0.0,0.0,0.0,0.0,0.0,0.0,8.48528137423857,9.219544457292887,9.219544457292887,9.219544457292887,10.0,10.0,10.0,10.0,10.0,10.816653826391969,10.816653826391969,10.295630140987,10.295630140987,11.180339887498949,11.180339887498949,11.704699910719626,11.704699910719626,11.704699910719626,11.704699910719626,11.40175425099138,12.36931687685298,12.36931687685298,12.36931687685298,13.341664064126334,13.152946437965905,13.152946437965905,0.0,14.142135623730951,14.142135623730951,15.132745950421556,15.132745950421556,15.297058540778355,15.297058540778355,15.132745950421556,15.297058540778355,15.524174696260024,15.297058540778355,15.524174696260024,15.524174696260024,14.560219778561036,14.560219778561036,13.92838827718412,14.866068747318506,13.92838827718412,13.0,13.0,12.083045973594572,12.529964086141668,12.529964086141668,12.206555615733702,11.661903789690601,11.661903789690601,11.40175425099138,0.0,0.0,0.0,0.0,0.0,0.0,0.0,0.0,0.0,0.0,0.0,-2.356194490192345,-2.432966381462123,-2.432966381462123,-2.432966381462123,-2.498091544796509,-2.498091544796509,-2.498091544796509,-2.498091544796509,-2.498091544796509,-2.5535900500422257,-2.5535900500422257,-2.6344941491974563,-2.6344941491974563,-2.677945044588987,-2.677945044588987,-2.7928216500058864,-2.7928216500058864,-2.7928216500058864,-2.7928216500058864,-2.875340604438868,-2.896613990462929,-2.896613990462929,-2.896613990462929,-2.9147938055359073,-2.988943325194528,-2.988943325194528,0.0,-2.999695598985629,-2.999695598985629,-3.0090411212931194,-3.0090411212931194,-2.9441970937399127,-2.9441970937399127,-3.0090411212931194,-2.9441970937399127,-2.8809902618424523,-2.9441970937399127,-2.8809902618424523,-2.8809902618424523,-2.8632929945846817,-2.8632929945846817,-2.774418819771574,-2.79856871316909,-2.774418819771574,-2.746801533890032,-2.746801533890032,-2.714965160462917,-2.642245931909663,-2.642245931909663,-2.5308666892005847,-2.601173153319209,-2.601173153319209,-2.4805494847391065,0.0,0.0,0.0,0.0,0.0
7.151239041995723,tx,1a:00:00:00:00:00,-55,88.17657329878293,64,0.8235456977438635,11.455956877713142,0,0,0,0,0,0,0,0,0,0,0,0,7,-3,8,-3,8,-3,8,-3,8,-4,8,-4,8,-4,8,-4,8,-5,8,-5,8,-5,8,-6,8,-6,8,-6,8,-7,7,-7,7,-7,7,-8,7,-9,7,-9,7,-9,7,-9,7,-9,7,-11,7,-11,7,-11,0,0,8,-12,7,-12,7,-12,7,-13,8,-13,9,-13,9,-13,9,-12,9,-12,9,-12,9,-11,9,-12,9,-11,9,-11,9,-10,9,-10,10,-10,9,-9,10,-9,9,-8,9,-8,9,-8,9,-7,9,-7,9,-6,9,-5,0,0,0,0,0,0,0,0,0,0,0.0,0.0,0.0,0.0,0.0,0.0,7.615773105863909,8.54400374531753,8.54400374531753,8.54400374531753,8.94427190999916,8.94427190999916,8.94427190999916,8.94427190999916,9.433981132056603,9.433981132056603,9.433981132056603,10.0,10.0,10.0,10.63014581273465,9.899494936611665,9.899494936611665,10.63014581273465,11.40175425099138,11.40175425099138,11.40175425099138,11.40175425099138,11.40175425099138,13.038404810405298,13.038404810405298,13.038404810405298,0.0,14.422205101855956,13.892443989449804,13.892443989449804,14.7648230602334,15.264337522473747,15.811388300841896,15.811388300841896,15.0,15.0,15.0,14.212670403551895,15.0,14.212670403551895,14.212670403551895,13.45362404707371,13.45362404707371,14.142135623730951,12.727922061357855,13.45362404707371,12.041594578792296,12.041594578792296,12.041594578792296,11.40175425099138,11.40175425099138,10.816653826391969,10.295630140987,0.0,0.0,0.0,0.0,0.0,0.0,0.0,0.0,0.0,0.0,0.0,-0.40489178628508343,-0.35877067027057225,-0.35877067027057225,-0.35877067027057225,-0.4636476090008061,-0.4636476090008061,-0.4636476090008061,-0.4636476090008061,-0.5585993153435624,-0.5585993153435624,-0.5585993153435624,-0.6435011087932844,-0.6435011087932844,-0.6435011087932844,-0.7188299996216245,-0.7853981633974483,-0.7853981633974483,-0.8519663271732721,-0.9097531579442097,-0.9097531579442097,-0.9097531579442097,-0.9097531579442097,-0.9097531579442097,-1.0040671092713902,-1.0040671092713902,-1.0040671092713902,0.0,-0.982793723247329,-1.042721878368537,-1.042721878368537,-1.0768549578753155,-1.0191413442663497,-0.9652516631899266,-0.9652516631899266,-0.9272952180016122,-0.9272952180016122,-0.9272952180016122,-0.8850668158886104,-0.9272952180016122,-0.8850668158886104,-0.8850668158886104,-0.83798122500839,-0.83798122500839,-0.7853981633974483,-0.7853981633974483,-0.7328151017865066,-0.7266423406817256,-0.7266423406817256,-0.7266423406817256,-0.6610431688506869,-0.6610431688506869,-0.5880026035475675,-0.507098504392337,0.0,0.0,0.0,0.0,0.0
7.260962353997456,tx,1a:00:00:00:00:00,-54,88.17657329878293,64,0.8234505677130017,11.689871104094808,0,0,0,0,0,0,0,0,0,0,0,0,6,4,7,4,7,4,7,4,7,4,8,4,7,4,8,3,8,3,8,3,8,2,9,2,9,2,9,2,9,2,9,1,10,1,9,1,10,0,10,0,10,0,11,0,11,-1,11,-2,12,-2,12,-2,0,0,13,-2,13,-2,13,-2,13,-2,14,-2,14,-2,14,-1,14,-1,14,-1,14,-1,14,-1,13,-1,14,-1,14,0,13,0,13,1,12,1,12,1,12,1,11,2,11,2,11,3,10,2,10,2,10,2,10,3,0,0,0,0,0,0,0,0,0,0,0.0,0.0,0.0,0.0,0.0,0.0,7.211102550927978,8.06225774829855,8.06225774829855,8.06225774829855,8.06225774829855,8.94427190999916,8.06225774829855,8.54400374531753,8.54400374531753,8.54400374531753,8.246211251235321,9.219544457292887,9.219544457292887,9.219544457292887,9.219544457292887,9.055385138137417,10.04987562112089,9.055385138137417,10.0,10.0,10.0,11.0,11.045361017187261,11.180339887498949,12.165525060596439,12.165525060596439,0.0,13.152946437965905,13.152946437965905,13.152946437965905,13.152946437965905,14.142135623730951,14.142135623730951,14.035668847618199,14.035668847618199,14.035668847618199,14.035668847618199,14.035668847618199,13.038404810405298,14.035668847618199,14.0,13.0,13.038404810405298,12.041594578792296,12.041594578792296,12.041594578792296,11.180339887498949,11.180339887498949,11.40175425099138,10.198039027185569,10.198039027185569,10.198039027185569,10.44030650891055,0.0,0.0,0.0,0.0,0.0,0.0,0.0,0.0,0.0,0.0,0.0,0.5880026035475675,0.5191461142465229,0.5191461142465229,0.5191461142465229,0.5191461142465229,0.4636476090008061,0.5191461142465229,0.35877067027057225,0.35877067027057225,0.35877067027057225,0.24497866312686414,0.21866894587394195,0.21866894587394195,0.21866894587394195,0.21866894587394195,0.11065722117389565,0.09966865249116202,0.11065722117389565,0.0,0.0,0.0,0.0,-0.09065988720074511,-0.17985349979247828,-0.16514867741462683,-0.16514867741462683,0.0,-0.15264932839526515,-0.15264932839526515,-0.15264932839526515,-0.15264932839526515,-0.14189705460416394,-0.14189705460416394,-0.07130746478529032,-0.07130746478529032,-0.07130746478529032,-0.07130746478529032,-0.07130746478529032,-0.07677189126977804,-0.07130746478529032,0.0,0.0,0.07677189126977804,0.08314123188844123,0.08314123188844123,0.08314123188844123,0.17985349979247828,0.17985349979247828,0.2662520491509254,0.19739555984988075,0.19739555984988075,0.19739555984988075,0.2914567944778671,0.0,0.0,0.0,0.0,0.0
7.362492633998045,tx,1a:00:00:00:00:00,-54,88.17657329878293,64,0.820904506915245,11.925806368503538,0,0,0,0,0,0,0,0,0,0,0,0,-5,-8,-5,-7,-6,-8,-6,-7,-6,-8,-6,-7,-7,-7,-7,-7,-7,-7,-8,-7,-8,-7,-8,-7,-8,-7,-9,-6,-9,-6,-10,-5,-9,-5,-10,-5,-10,-4,-11,-4,-11,-4,-12,-4,-12,-4,-12,-4,-13,-4,-13,-4,0,0,-14,-3,-14,-3,-14,-3,-15,-3,-14,-3,-15,-4,-15,-4,-15,-4,-15,-4,-16,-4,-15,-4,-15,-5,-14,-5,-13,-5,-14,-5,-13,-5,-13,-5,-12,-5,-12,-6,-12,-6,-12,-6,-11,-6,-11,-7,-10,-6,-10,-7,-9,-7,0,0,0,0,0,0,0,0,0,0,0.0,0.0,0.0,0.0,0.0,0.0,9.433981132056603,8.602325267042627,10.0,9.219544457292887,10.0,9.219544457292887,9.899494936611665,9.899494936611665,9.899494936611665,10.63014581273465,10.63014581273465,10.63014581273465,10.63014581273465,10.816653826391969,10.816653826391969,11.180339887498949,10.295630140987,11.180339887498949,10.770329614269007,11.704699910719626,11.704699910719626,12.649110640673518,12.649110640673518,12.649110640673518,13.601470508735444,13.601470508735444,0.0,14.317821063276353,14.317821063276353,14.317821063276353,15.297058540778355,14.317821063276353,15.524174696260024,15.524174696260024,15.524174696260024,15.524174696260024,16.492422502470642,15.524174696260024,15.811388300841896,14.866068747318506,13.92838827718412,14.866068747318506,13.92838827718412,13.92838827718412,13.0,13.416407864998739,13.416407864998739,13.416407864998739,12.529964086141668,13.038404810405298,11.661903789690601,12.206555615733702,11.40175425099138,0.0,0.0,0.0,0.0,0.0,0.0,0.0,0.0,0.0,0.0,0.0,-2.129395642138459,-2.191045812777718,-2.214297435588181,-2.279422598922567,-2.214297435588181,-2.279422598922567,-2.356194490192345,-2.356194490192345,-2.356194490192345,-2.4227626539681686,-2.4227626539681686,-2.4227626539681686,-2.4227626539681686,-2.5535900500422257,-2.5535900500422257,-2.677945044588987,-2.6344941491974563,-2.677945044588987,-2.761086276477428,-2.7928216500058864,-2.7928216500058864,-2.819842099193151,-2.819842099193151,-2.819842099193151,-2.843093722003614,-2.843093722003614,0.0,-2.930499320367047,-2.930499320367047,-2.930499320367047,-2.9441970937399127,-2.930499320367047,-2.8809902618424523,-2.8809902618424523,-2.8809902618424523,-2.8809902618424523,-2.896613990462929,-2.8809902618424523,-2.819842099193151,-2.79856871316909,-2.774418819771574,-2.79856871316909,-2.774418819771574,-2.774418819771574,-2.746801533890032,-2.677945044588987,-2.677945044588987,-2.677945044588987,-2.642245931909663,-2.5748634360662868,-2.601173153319209,-2.5308666892005847,-2.4805494847391065,0.0,0.0,0.0,0.0,0.0
7.471924998993927,tx,1a:00:00:00:00:00,-54,88.17657329878293,64,0.8182159638120765,12.144001017682381,0,0,0,0,0,0,0,0,0,0,0,0,-5,-8,-5,-8,-6,-9,-5,-8,-5,-9,-6,-8,-6,-8,-6,-8,-7,-8,-7,-8,-8,-8,-8,-8,-8,-7,-8,-7,-9,-7,-10,-6,-10,-6,-10,-6,-10,-6,-11,-6,-11,-6,-12,-5,-12,-6,-12,-5,-13,-5,-13,-5,0,0,-14,-5,-14,-5,-14,-5,-15,-5,-15,-5,-15,-6,-15,-6,-15,-7,-15,-6,-15,-7,-15,-7,-14,-7,-14,-7,-14,-7,-14,-7,-13,-7,-13,-8,-12,-8,-12,-8,-11,-8,-11,-9,-11,-8,-10,-9,-10,-8,-9,-9,-8,-9,0,0,0,0,0,0,0,0,0,0,0.0,0.0,0.0,0.0,0.0,0.0,9.433981132056603,9.433981132056603,10.816653826391969,9.433981132056603,10.295630140987,10.0,10.0,10.0,10.63014581273465,10.63014581273465,11.313708498984761,11.313708498984761,10.63014581273465,10.63014581273465,11.40175425099138,11.661903789690601,11.661903789690601,11.661903789690601,11.661903789690601,12.529964086141668,12.529964086141668,13.0,13.416407864998739,13.0,13.92838827718412,13.92838827718412,0.0,14.866068747318506,14.866068747318506,14.866068747318506,15.811388300841896,15.811388300841896,16.15549442140351,16.15549442140351,16.55294535724685,16.15549442140351,16.55294535724685,16.55294535724685,15.652475842498529,15.652475842498529,15.652475842498529,15.652475842498529,14.7648230602334,15.264337522473747,14.422205101855956,14.422205101855956,13.601470508735444,14.212670403551895,13.601470508735444,13.45362404707371,12.806248474865697,12.727922061357855,12.041594578792296,0.0,0.0,0.0,0.0,0.0,0.0,0.0,0.0,0.0,0.0,0.0,-2.129395642138459,-2.129395642138459,-2.158798930342464,-2.129395642138459,-2.0778948311872334,-2.214297435588181,-2.214297435588181,-2.214297435588181,-2.289626326416521,-2.289626326416521,-2.356194490192345,-2.356194490192345,-2.4227626539681686,-2.4227626539681686,-2.4805494847391065,-2.601173153319209,-2.601173153319209,-2.601173153319209,-2.601173153319209,-2.642245931909663,-2.642245931909663,-2.746801533890032,-2.677945044588987,-2.746801533890032,-2.774418819771574,-2.774418819771574,0.0,-2.79856871316909,-2.79856871316909,-2.79856871316909,-2.819842099193151,-2.819842099193151,-2.761086276477428,-2.761086276477428,-2.704965493776252,-2.761086276477428,-2.704965493776252,-2.704965493776252,-2.677945044588987,-2.677945044588987,-2.677945044588987,-2.677945044588987,-2.647651284670212,-2.5899376710612465,-2.5535900500422257,-2.5535900500422257,-2.5127963671743605,-2.455863142683507,-2.5127963671743605,-2.408777551803287,-2.4668517113662407,-2.356194490192345,-2.297438667476622,0.0,0.0,0.0,0.0,0.0
7.5723857279954245,tx,1a:00:00:00:00:00,-55,88.17657329878293,64,0.8160128695765956,12.34557858192169,0,0,0,0,0,0,0,0,0,0,0,0,3,8,3,7,3,8,3,8,3,8,4,8,4,8,4,8,5,8,5,8,5,8,6,7,6,7,6,7,7,7,8,7,7,6,8,7,8,6,9,6,9,6,10,5,10,6,11,5,11,6,11,6,0,0,12,6,13,5,12,5,13,5,12,6,13,6,13,6,13,7,13,6,13,7,12,7,12,7,12,8,11,7,12,7,10,7,11,8,10,7,10,7,9,7,9,7,9,7,8,8,7,8,7,7,6,8,0,0,0,0,0,0,0,0,0,0,0.0,0.0,0.0,0.0,0.0,0.0,8.54400374531753,7.615773105863909,8.54400374531753,8.54400374531753,8.54400374531753,8.94427190999916,8.94427190999916,8.94427190999916,9.433981132056603,9.433981132056603,9.433981132056603,9.219544457292887,9.219544457292887,9.219544457292887,9.899494936611665,10.63014581273465,9.219544457292887,10.63014581273465,10.0,10.816653826391969,10.816653826391969,11.180339887498949,11.661903789690601,12.083045973594572,12.529964086141668,12.529964086141668,0.0,13.416407864998739,13.92838827718412,13.0,13.92838827718412,13.416407864998739,14.317821063276353,14.317821063276353,14.7648230602334,14.317821063276353,14.7648230602334,13.892443989449804,13.892443989449804,14.422205101855956,13.038404810405298,13.892443989449804,12.206555615733702,13.601470508735444,12.206555615733702,12.206555615733702,11.40175425099138,11.40175425099138,11.40175425099138,11.313708498984761,10.63014581273465,9.899494936611665,10.0,0.0,0.0,0.0,0.0,0.0,0.0,0.0,0.0,0.0,0.0,0.0,1.2120256565243244,1.1659045405098132,1.2120256565243244,1.2120256565243244,1.2120256565243244,1.1071487177940904,1.1071487177940904,1.1071487177940904,1.0121970114513341,1.0121970114513341,1.0121970114513341,0.8621700546672264,0.8621700546672264,0.8621700546672264,0.7853981633974483,0.7188299996216245,0.7086262721276703,0.7188299996216245,0.6435011087932844,0.5880026035475675,0.5880026035475675,0.4636476090008061,0.5404195002705842,0.4266274931268761,0.4993467216801301,0.4993467216801301,0.0,0.4636476090008061,0.3671738338182192,0.3947911196997615,0.3671738338182192,0.4636476090008061,0.43240777557053783,0.43240777557053783,0.49394136891958124,0.43240777557053783,0.49394136891958124,0.5280744484263596,0.5280744484263596,0.5880026035475675,0.5667292175235064,0.5280744484263596,0.6107259643892086,0.628796286415433,0.6107259643892086,0.6107259643892086,0.6610431688506869,0.6610431688506869,0.6610431688506869,0.7853981633974483,0.8519663271732721,0.7853981633974483,0.9272952180016122,0.0,0.0,0.0,0.0,0.0
7.681640691997018,tx,1a:00:00:00:00:00,-54,86.90650361086155,64,0.8185461950401343,12.567208832402416,0,0,0,0,0,0,0,0,0,0,0,0,-5,-4,-6,-4,-6,-4,-6,-4,-6,-4,-6,-4,-6,-4,-6,-4,-7,-4,-7,-3,-7,-3,-7,-3,-7,-3,-8,-3,-8,-2,-8,-2,-8,-2,-8,-2,-8,-1,-9,-2,-9,-1,-9,-1,-9,-1,-9,0,-10,-1,-10,0,0,0,-10,0,-10,-1,-11,0,-10,0,-11,-1,-11,-1,-11,-1,-11,-1,-11,-2,-11,-1,-11,-1,-11,-2,-11,-2,-11,-2,-10,-2,-11,-3,-10,-3,-10,-3,-9,-3,-9,-3,-9,-3,-9,-4,-8,-3,-8,-4,-7,-4,-8,-4,0,0,0,0,0,0,0,0,0,0,0.0,0.0,0.0,0.0,0.0,0.0,6.4031242374328485,7.211102550927978,7.211102550927978,7.211102550927978,7.211102550927978,7.211102550927978,7.211102550927978,7.211102550927978,8.06225774829855,7.615773105863909,7.615773105863909,7.615773105863909,7.615773105863909,8.54400374531753,8.246211251235321,8.246211251235321,8.246211251235321,8.246211251235321,8.06225774829855,9.219544457292887,9.055385138137417,9.055385138137417,9.055385138137417,9.0,10.04987562112089,10.0,0.0,10.0,10.04987562112089,11.0,10.0,11.045361017187261,11.045361017187261,11.045361017187261,11.045361017187261,11.180339887498949,11.045361017187261,11.045361017187261,11.180339887498949,11.180339887498949,11.180339887498949,10.198039027185569,11.40175425099138,10.44030650891055,10.44030650891055,9.486832980505138,9.486832980505138,9.486832980505138,9.848857801796104,8.54400374531753,8.94427190999916,8.06225774829855,8.94427190999916,0.0,0.0,0.0,0.0,0.0,0.0,0.0,0.0,0.0,0.0,0.0,-2.4668517113662407,-2.5535900500422257,-2.5535900500422257,-2.5535900500422257,-2.5535900500422257,-2.5535900500422257,-2.5535900500422257,-2.5535900500422257,-2.62244653934327,-2.7367008673047097,-2.7367008673047097,-2.7367008673047097,-2.7367008673047097,-2.782821983319221,-2.896613990462929,-2.896613990462929,-2.896613990462929,-2.896613990462929,-3.017237659043032,-2.922923707715851,-3.0309354324158977,-3.0309354324158977,-3.0309354324158977,3.141592653589793,-3.0419240010986313,3.141592653589793,0.0,3.141592653589793,-3.0419240010986313,3.141592653589793,3.141592653589793,-3.050932766389048,-3.050932766389048,-3.050932766389048,-3.050932766389048,-2.961739153797315,-3.050932766389048,-3.050932766389048,-2.961739153797315,-2.961739153797315,-2.961739153797315,-2.9441970937399127,-2.875340604438868,-2.8501358591119264,-2.8501358591119264,-2.819842099193151,-2.819842099193151,-2.819842099193151,-2.723368324010564,-2.782821983319221,-2.677945044588987,-2.62244653934327,-2.677945044588987,0.0,0.0,0.0,0.0,0.0
7.8025126319989795,tx,1a:00:00:00:00:00,-54,86.90650361086155,64,0.8187627329895808,12.805304700180148,0,0,0,0,0,0,0,0,0,0,0,0,5,6,5,6,6,6,6,6,6,6,6,6,7,5,7,5,7,5,7,5,8,5,8,5,8,5,8,4,9,4,10,3,9,3,10,3,10,2,10,2,10,2,11,1,11,2,12,1,12,1,12,1,0,0,13,1,13,0,13,0,14,1,14,1,14,0,14,1,14,1,14,1,14,2,14,3,13,3,13,3,13,3,13,3,13,3,13,3,12,3,12,3,11,4,11,4,11,4,10,5,9,5,9,5,9,6,0,0,0,0,0,0,0,0,0,0,0.0,0.0,0.0,0.0,0.0,0.0,7.810249675906654,7.810249675906654,8.48528137423857,8.48528137423857,8.48528137423857,8.48528137423857,8.602325267042627,8.602325267042627,8.602325267042627,8.602325267042627,9.433981132056603,9.433981132056603,9.433981132056603,8.94427190999916,9.848857801796104,10.44030650891055,9.486832980505138,10.44030650891055,10.198039027185569,10.198039027185569,10.198039027185569,11.045361017187261,11.180339887498949,12.041594578792296,12.041594578792296,12.041594578792296,0.0,13.038404810405298,13.0,13.0,14.035668847618199,14.035668847618199,14.0,14.035668847618199,14.035668847618199,14.035668847618199,14.142135623730951,14.317821063276353,13.341664064126334,13.341664064126334,13.341664064126334,13.341664064126334,13.341664064126334,13.341664064126334,12.36931687685298,12.36931687685298,11.704699910719626,11.704699910719626,11.704699910719626,11.180339887498949,10.295630140987,10.295630140987,10.816653826391969,0.0,0.0,0.0,0.0,0.0,0.0,0.0,0.0,0.0,0.0,0.0,0.8760580505981934,0.8760580505981934,0.7853981633974483,0.7853981633974483,0.7853981633974483,0.7853981633974483,0.6202494859828215,0.6202494859828215,0.6202494859828215,0.6202494859828215,0.5585993153435624,0.5585993153435624,0.5585993153435624,0.4636476090008061,0.4182243295792291,0.2914567944778671,0.3217505543966422,0.2914567944778671,0.19739555984988075,0.19739555984988075,0.19739555984988075,0.09065988720074511,0.17985349979247828,0.08314123188844123,0.08314123188844123,0.08314123188844123,0.0,0.07677189126977804,0.0,0.0,0.07130746478529032,0.07130746478529032,0.0,0.07130746478529032,0.07130746478529032,0.07130746478529032,0.14189705460416394,0.21109333322274654,0.22679884805388587,0.22679884805388587,0.22679884805388587,0.22679884805388587,0.22679884805388587,0.22679884805388587,0.24497866312686414,0.24497866312686414,0.348771003583907,0.348771003583907,0.348771003583907,0.4636476090008061,0.507098504392337,0.507098504392337,0.5880026035475675,0.0,0.0,0.0,0.0,0.0
7.907059819997812,tx,1a:00:00:00:00:00,-54,86.90650361086155,64,0.8187583301592807,13.03850418099347,0,0,0,0,0,0,0,0,0,0,0,0,-4,7,-4,7,-4,8,-4,8,-4,8,-3,8,-3,8,-3,8,-3,8,-3,9,-2,9,-2,9,-2,9,-1,9,-1,10,0,10,0,10,0,10,1,10,1,10,1,11,2,11,2,11,2,11,3,12,3,12,0,0,3,12,3,13,4,12,4,13,3,13,3,13,3,14,3,14,3,14,3,14,2,13,2,13,2,14,1,13,1,13,1,13,1,13,0,12,0,12,0,11,0,11,-1,11,-1,11,-2,11,-2,10,-3,10,0,0,0,0,0,0,0,0,0,0,0.0,0.0,0.0,0.0,0.0,0.0,8.06225774829855,8.06225774829855,8.94427190999916,8.94427190999916,8.94427190999916,8.54400374531753,8.54400374531753,8.54400374531753,8.54400374531753,9.486832980505138,9.219544457292887,9.219544457292887,9.219544457292887,9.055385138137417,10.04987562112089,10.0,10.0,10.0,10.04987562112089,10.04987562112089,11.045361017187261,11.180339887498949,11.180339887498949,11.180339887498949,12.36931687685298,12.36931687685298,0.0,12.36931687685298,13.341664064126334,12.649110640673518,13.601470508735444,13.341664064126334,13.341664064126334,14.317821063276353,14.317821063276353,14.317821063276353,14.317821063276353,13.152946437965905,13.152946437965905,14.142135623730951,13.038404810405298,13.038404810405298,13.038404810405298,13.038404810405298,12.0,12.0,11.0,11.0,11.045361017187261,11.045361017187261,11.180339887498949,10.198039027185569,10.44030650891055,0.0,0.0,0.0,0.0,0.0,0.0,0.0,0.0,0.0,0.0,0.0,2.0899424410414196,2.0899424410414196,2.0344439357957027,2.0344439357957027,2.0344439357957027,1.9295669970654687,1.9295669970654687,1.9295669970654687,1.9295669970654687,1.892546881191539,1.7894652726688385,1.7894652726688385,1.7894652726688385,1.6814535479687922,1.6704649792860586,1.5707963267948966,1.5707963267948966,1.5707963267948966,1.4711276743037347,1.4711276743037347,1.4801364395941514,1.3909428270024184,1.3909428270024184,1.3909428270024184,1.3258176636680326,1.3258176636680326,0.0,1.3258176636680326,1.3439974787410107,1.2490457723982544,1.2722973952087173,1.3439974787410107,1.3439974787410107,1.35970299357215,1.35970299357215,1.35970299357215,1.35970299357215,1.4181469983996315,1.4181469983996315,1.4288992721907328,1.4940244355251187,1.4940244355251187,1.4940244355251187,1.4940244355251187,1.5707963267948966,1.5707963267948966,1.5707963267948966,1.5707963267948966,1.6614562139956417,1.6614562139956417,1.750649826587375,1.7681918866447774,1.8622531212727638,0.0,0.0,0.0,0.0,0.0
8.013998497997818,tx,1a:00:00:00:00:00,-55,86.90650361086155,64,0.8158952444682774,13.238786312083185,0,0,0,0,0,0,0,0,0,0,0,0,3,-9,3,-8,3,-9,3,-9,3,-9,2,-9,2,-10,2,-10,1,-10,2,-10,1,-10,1,-11,1,-11,0,-11,0,-10,-1,-12,-1,-11,-1,-11,-2,-11,-2,-11,-2,-12,-3,-12,-3,-13,-4,-13,-4,-13,-4,-13,0,0,-4,-14,-5,-14,-5,-14,-5,-15,-5,-14,-5,-15,-5,-15,-4,-15,-4,-15,-4,-15,-3,-15,-3,-15,-3,-15,-2,-14,-3,-15,-2,-14,-1,-14,0,-13,-1,-13,-1,-13,0,-13,0,-12,0,-12,1,-12,1,-11,2,-11,0,0,0,0,0,0,0,0,0,0,0.0,0.0,0.0,0.0,0.0,0.0,9.486832980505138,8.54400374531753,9.486832980505138,9.486832980505138,9.486832980505138,9.219544457292887,10.198039027185569,10.198039027185569,10.04987562112089,10.198039027185569,10.04987562112089,11.045361017187261,11.045361017187261,11.0,10.0,12.041594578792296,11.045361017187261,11.045361017187261,11.180339887498949,11.180339887498949,12.165525060596439,12.36931687685298,13.341664064126334,13.601470508735444,13.601470508735444,13.601470508735444,0.0,14.560219778561036,14.866068747318506,14.866068747318506,15.811388300841896,14.866068747318506,15.811388300841896,15.811388300841896,15.524174696260024,15.524174696260024,15.524174696260024,15.297058540778355,15.297058540778355,15.297058540778355,14.142135623730951,15.297058540778355,14.142135623730951,14.035668847618199,13.0,13.038404810405298,13.038404810405298,13.0,12.0,12.0,12.041594578792296,11.045361017187261,11.180339887498949,0.0,0.0,0.0,0.0,0.0,0.0,0.0,0.0,0.0,0.0,0.0,-1.2490457723982544,-1.2120256565243244,-1.2490457723982544,-1.2490457723982544,-1.2490457723982544,-1.3521273809209546,-1.373400766945016,-1.373400766945016,-1.4711276743037347,-1.373400766945016,-1.4711276743037347,-1.4801364395941514,-1.4801364395941514,-1.5707963267948966,-1.5707963267948966,-1.6539375586833378,-1.6614562139956417,-1.6614562139956417,-1.750649826587375,-1.750649826587375,-1.7359450042095235,-1.8157749899217608,-1.7975951748487824,-1.8692952583810758,-1.8692952583810758,-1.8692952583810758,0.0,-1.849095985800008,-1.9138202672156,-1.9138202672156,-1.892546881191539,-1.9138202672156,-1.892546881191539,-1.892546881191539,-1.8313987185422376,-1.8313987185422376,-1.8313987185422376,-1.7681918866447774,-1.7681918866447774,-1.7681918866447774,-1.7126933813990606,-1.7681918866447774,-1.7126933813990606,-1.642103791580187,-1.5707963267948966,-1.6475682180646747,-1.6475682180646747,-1.5707963267948966,-1.5707963267948966,-1.5707963267948966,-1.4876550949064553,-1.4801364395941514,-1.3909428270024184,0.0,0.0,0.0,0.0,0.0
8.121068838998326,tx,1a:00:00:00:00:00,-54,86.90650361086155,64,0.8136206999344805,13.419188045259409,0,0,0,0,0,0,0,0,0,0,0,0,2,8,2,8,2,8,2,8,3,8,3,8,3,8,3,8,4,8,4,8,4,8,5,8,5,8,5,8,6,8,6,7,6,8,7,7,7,7,8,7,8,7,9,7,8,7,9,7,10,7,10,7,0,0,11,7,11,8,11,8,11,7,11,8,11,8,11,9,11,8,11,9,11,9,10,9,10,9,10,10,10,9,9,9,9,10,9,9,8,9,8,9,7,9,7,9,6,10,6,9,5,9,5,9,4,9,0,0,0,0,0,0,0,0,0,0,0.0,0.0,0.0,0.0,0.0,0.0,8.246211251235321,8.246211251235321,8.246211251235321,8.246211251235321,8.54400374531753,8.54400374531753,8.54400374531753,8.54400374531753,8.94427190999916,8.94427190999916,8.94427190999916,9.433981132056603,9.433981132056603,9.433981132056603,10.0,9.219544457292887,10.0,9.899494936611665,9.899494936611665,10.63014581273465,10.63014581273465,11.40175425099138,10.63014581273465,11.40175425099138,12.206555615733702,12.206555615733702,0.0,13.038404810405298,13.601470508735444,13.601470508735444,13.038404810405298,13.601470508735444,13.601470508735444,14.212670403551895,13.601470508735444,14.212670403551895,14.212670403551895,13.45362404707371,13.45362404707371,14.142135623730951,13.45362404707371,12.727922061357855,13.45362404707371,12.727922061357855,12.041594578792296,12.041594578792296,11.40175425099138,11.40175425099138,11.661903789690601,10.816653826391969,10.295630140987,10.295630140987,9.848857801796104,0.0,0.0,0.0,0.0,0.0,0.0,0.0,0.0,0.0,0.0,0.0,1.3258176636680326,1.3258176636680326,1.3258176636680326,1.3258176636680326,1.2120256565243244,1.2120256565243244,1.2120256565243244,1.2120256565243244,1.1071487177940904,1.1071487177940904,1.1071487177940904,1.0121970114513341,1.0121970114513341,1.0121970114513341,0.9272952180016122,0.8621700546672264,0.9272952180016122,0.7853981633974483,0.7853981633974483,0.7188299996216245,0.7188299996216245,0.6610431688506869,0.7188299996216245,0.6610431688506869,0.6107259643892086,0.6107259643892086,0.0,0.5667292175235064,0.628796286415433,0.628796286415433,0.5667292175235064,0.628796286415433,0.628796286415433,0.6857295109062863,0.628796286415433,0.6857295109062863,0.6857295109062863,0.7328151017865066,0.7328151017865066,0.7853981633974483,0.7328151017865066,0.7853981633974483,0.83798122500839,0.7853981633974483,0.844153986113171,0.844153986113171,0.9097531579442097,0.9097531579442097,1.0303768265243125,0.982793723247329,1.0636978224025597,1.0636978224025597,1.1525719972156676,0.0,0.0,0.0,0.0,0.0
8.22147919699637,tx,1a:00:00:00:00:00,-54,86.90650361086155,64,0.8126902912503705,13.56549725626379,0,0,0,0,0,0,0,0,0,0,0,0,9,1,9,1,10,1,9,1,10,0,9,0,10,-1,9,-1,10,-1,10,-1,11,-1,10,-1,10,-2,10,-2,10,-3,10,-4,10,-5,11,-5,10,-5,10,-6,10,-6,10,-7,11,-7,11,-7,11,-7,11,-8,0,0,11,-9,11,-9,11,-9,12,-10,12,-9,13,-10,12,-10,13,-10,12,-9,14,-9,14,-8,13,-7,13,-7,12,-7,13,-8,12,-7,13,-7,12,-6,12,-6,12,-6,12,-5,11,-5,12,-4,12,-3,11,-3,11,-2,0,0,0,0,0,0,0,0,0,0,0.0,0.0,0.0,0.0,0.0,0.0,9.055385138137417,9.055385138137417,10.04987562112089,9.055385138137417,10.0,9.0,10.04987562112089,9.055385138137417,10.04987562112089,10.04987562112089,11.045361017187261,10.04987562112089,10.198039027185569,10.198039027185569,10.44030650891055,10.770329614269007,11.180339887498949,12.083045973594572,11.180339887498949,11.661903789690601,11.661903789690601,12.206555615733702,13.038404810405298,13.038404810405298,13.038404810405298,13.601470508735444,0.0,14.212670403551895,14.212670403551895,14.212670403551895,15.620499351813308,15.0,16.401219466856727,15.620499351813308,16.401219466856727,15.0,16.64331697709324,16.1245154965971,14.7648230602334,14.7648230602334,13.892443989449804,15.264337522473747,13.892443989449804,14.7648230602334,13.416407864998739,13.416407864998739,13.416407864998739,13.0,12.083045973594572,12.649110640673518,12.36931687685298,11.40175425099138,11.180339887498949,0.0,0.0,0.0,0.0,0.0,0.0,0.0,0.0,0.0,0.0,0.0,0.11065722117389565,0.11065722117389565,0.09966865249116202,0.11065722117389565,0.0,0.0,-0.09966865249116202,-0.11065722117389565,-0.09966865249116202,-0.09966865249116202,-0.09065988720074511,-0.09966865249116202,-0.19739555984988075,-0.19739555984988075,-0.2914567944778671,-0.3805063771123649,-0.4636476090008061,-0.4266274931268761,-0.4636476090008061,-0.5404195002705842,-0.5404195002705842,-0.6107259643892086,-0.5667292175235064,-0.5667292175235064,-0.5667292175235064,-0.628796286415433,0.0,-0.6857295109062863,-0.6857295109062863,-0.6857295109062863,-0.6947382761967031,-0.6435011087932844,-0.6556956262415362,-0.6947382761967031,-0.6556956262415362,-0.6435011087932844,-0.5713374798336268,-0.5191461142465229,-0.49394136891958124,-0.49394136891958124,-0.5280744484263596,-0.5516549825285468,-0.5280744484263596,-0.49394136891958124,-0.4636476090008061,-0.4636476090008061,-0.4636476090008061,-0.3947911196997615,-0.4266274931268761,-0.3217505543966422,-0.24497866312686414,-0.2662520491509254,-0.17985349979247828,0.0,0.0,0.0,0.0,0.0
8.322514321997005,tx,1a:00:00:00:00:00,-54,86.90650361086155,64,0.8113559895865479,13.67192937646534,0,0,0,0,0,0,0,0,0,0,0,0,7,-4,8,-5,7,-5,8,-5,7,-5,8,-6,7,-6,7,-6,7,-6,7,-7,7,-7,6,-7,6,-8,6,-8,6,-9,6,-8,6,-9,5,-9,6,-10,5,-10,5,-11,5,-11,5,-11,5,-12,5,-12,4,-13,0,0,4,-13,5,-13,5,-14,5,-14,5,-14,5,-15,5,-14,6,-14,6,-14,6,-13,6,-14,7,-13,7,-13,7,-13,7,-12,8,-12,7,-11,7,-11,7,-11,7,-10,7,-10,8,-10,7,-9,8,-9,8,-8,8,-7,0,0,0,0,0,0,0,0,0,0,0.0,0.0,0.0,0.0,0.0,0.0,8.06225774829855,9.433981132056603,8.602325267042627,9.433981132056603,8.602325267042627,10.0,9.219544457292887,9.219544457292887,9.219544457292887,9.899494936611665,9.899494936611665,9.219544457292887,10.0,10.0,10.816653826391969,10.0,10.816653826391969,10.295630140987,11.661903789690601,11.180339887498949,12.083045973594572,12.083045973594572,12.083045973594572,13.0,13.0,13.601470508735444,0.0,13.601470508735444,13.92838827718412,14.866068747318506,14.866068747318506,14.866068747318506,15.811388300841896,14.866068747318506,15.231546211727817,15.231546211727817,14.317821063276353,15.231546211727817,14.7648230602334,14.7648230602334,14.7648230602334,13.892443989449804,14.422205101855956,13.038404810405298,13.038404810405298,13.038404810405298,12.206555615733702,12.206555615733702,12.806248474865697,11.40175425099138,12.041594578792296,11.313708498984761,10.63014581273465,0.0,0.0,0.0,0.0,0.0,0.0,0.0,0.0,0.0,0.0,0.0,-0.5191461142465229,-0.5585993153435624,-0.6202494859828215,-0.5585993153435624,-0.6202494859828215,-0.6435011087932844,-0.7086262721276703,-0.7086262721276703,-0.7086262721276703,-0.7853981633974483,-0.7853981633974483,-0.8621700546672264,-0.9272952180016122,-0.9272952180016122,-0.982793723247329,-0.9272952180016122,-0.982793723247329,-1.0636978224025597,-1.0303768265243125,-1.1071487177940904,-1.1441688336680205,-1.1441688336680205,-1.1441688336680205,-1.176005207095135,-1.176005207095135,-1.2722973952087173,0.0,-1.2722973952087173,-1.2036224929766774,-1.2277723863741932,-1.2277723863741932,-1.2277723863741932,-1.2490457723982544,-1.2277723863741932,-1.1659045405098132,-1.1659045405098132,-1.1383885512243588,-1.1659045405098132,-1.0768549578753155,-1.0768549578753155,-1.0768549578753155,-1.042721878368537,-0.982793723247329,-1.0040671092713902,-1.0040671092713902,-1.0040671092713902,-0.960070362405688,-0.960070362405688,-0.8960553845713439,-0.9097531579442097,-0.844153986113171,-0.7853981633974483,-0.7188299996216245,0.0,0.0,0.0,0.0,0.0
8.424415845998737,tx,1a:00:00:00:00:00,-55,86.90650361086155,64,0.8084658433873106,13.752831934478348,0,0,0,0,0,0,0,0,0,0,0,0,-8,5,-7,5,-8,6,-7,5,-8,6,-7,6,-7,6,-7,6,-7,7,-7,7,-7,7,-6,7,-6,7,-6,8,-6,8,-5,9,-5,9,-5,9,-5,9,-4,10,-4,10,-4,10,-4,11,-4,11,-4,12,-3,11,0,0,-3,12,-3,13,-3,13,-3,14,-4,13,-4,14,-4,14,-4,14,-4,13,-5,14,-5,13,-5,13,-5,13,-5,12,-5,13,-5,12,-6,12,-6,11,-6,11,-6,10,-7,10,-6,10,-7,9,-7,9,-7,8,-7,7,0,0,0,0,0,0,0,0,0,0,0.0,0.0,0.0,0.0,0.0,0.0,9.433981132056603,8.602325267042627,10.0,8.602325267042627,10.0,9.219544457292887,9.219544457292887,9.219544457292887,9.899494936611665,9.899494936611665,9.899494936611665,9.219544457292887,9.219544457292887,10.0,10.0,10.295630140987,10.295630140987,10.295630140987,10.295630140987,10.770329614269007,10.770329614269007,10.770329614269007,11.704699910719626,11.704699910719626,12.649110640673518,11.40175425099138,0.0,12.36931687685298,13.341664064126334,13.341664064126334,14.317821063276353,13.601470508735444,14.560219778561036,14.560219778561036,14.560219778561036,13.601470508735444,14.866068747318506,13.92838827718412,13.92838827718412,13.92838827718412,13.0,13.92838827718412,13.0,13.416407864998739,12.529964086141668,12.529964086141668,11.661903789690601,12.206555615733702,11.661903789690601,11.40175425099138,11.40175425099138,10.63014581273465,9.899494936611665,0.0,0.0,0.0,0.0,0.0,0.0,0.0,0.0,0.0,0.0,0.0,2.5829933382462307,2.5213431676069717,2.498091544796509,2.5213431676069717,2.498091544796509,2.432966381462123,2.432966381462123,2.432966381462123,2.356194490192345,2.356194490192345,2.356194490192345,2.279422598922567,2.279422598922567,2.214297435588181,2.214297435588181,2.0778948311872334,2.0778948311872334,2.0778948311872334,2.0778948311872334,1.9513027039072615,1.9513027039072615,1.9513027039072615,1.9195673303788037,1.9195673303788037,1.892546881191539,1.837048375945822,0.0,1.8157749899217608,1.7975951748487824,1.7975951748487824,1.7818896600176433,1.8692952583810758,1.849095985800008,1.849095985800008,1.849095985800008,1.8692952583810758,1.9138202672156,1.9379701606131159,1.9379701606131159,1.9379701606131159,1.965587446494658,1.9379701606131159,1.965587446494658,2.0344439357957027,2.0701430484750265,2.0701430484750265,2.1112158270654806,2.1815222911841055,2.1112158270654806,2.2318394956455836,2.2318394956455836,2.289626326416521,2.356194490192345,0.0,0.0,0.0,0.0,0.0
8.532247202994768,tx,1a:00:00:00:00:00,-54,86.90650361086155,64,0.8067045425290916,13.809156236541842,0,0,0,0,0,0,0,0,0,0,0,0,-2,-10,-2,-9,-2,-10,-2,-9,-3,-10,-3,-9,-3,-10,-3,-10,-4,-10,-4,-10,-4,-10,-5,-10,-5,-10,-5,-10,-5,-9,-7,-10,-6,-9,-7,-9,-7,-9,-8,-9,-8,-9,-9,-9,-9,-10,-10,-9,-10,-9,-10,-9,0,0,-11,-9,-12,-10,-11,-9,-12,-10,-11,-10,-12,-10,-12,-10,-11,-11,-12,-10,-12,-12,-11,-11,-10,-11,-10,-11,-9,-11,-10,-11,-9,-10,-9,-12,-8,-10,-8,-11,-8,-11,-7,-11,-7,-11,-7,-11,-6,-11,-5,-11,-4,-10,0,0,0,0,0,0,0,0,0,0,0.0,0.0,0.0,0.0,0.0,0.0,10.198039027185569,9.219544457292887,10.198039027185569,9.219544457292887,10.44030650891055,9.486832980505138,10.44030650891055,10.44030650891055,10.770329614269007,10.770329614269007,10.770329614269007,11.180339887498949,11.180339887498949,11.180339887498949,10.295630140987,12.206555615733702,10.816653826391969,11.40175425099138,11.40175425099138,12.041594578792296,12.041594578792296,12.727922061357855,13.45362404707371,13.45362404707371,13.45362404707371,13.45362404707371,0.0,14.212670403551895,15.620499351813308,14.212670403551895,15.620499351813308,14.866068747318506,15.620499351813308,15.620499351813308,15.556349186104045,15.620499351813308,16.97056274847714,15.556349186104045,14.866068747318506,14.866068747318506,14.212670403551895,14.866068747318506,13.45362404707371,15.0,12.806248474865697,13.601470508735444,13.601470508735444,13.038404810405298,13.038404810405298,13.038404810405298,12.529964086141668,12.083045973594572,10.770329614269007,0.0,0.0,0.0,0.0,0.0,0.0,0.0,0.0,0.0,0.0,0.0,-1.7681918866447774,-1.7894652726688385,-1.7681918866447774,-1.7894652726688385,-1.8622531212727638,-1.892546881191539,-1.8622531212727638,-1.8622531212727638,-1.9513027039072615,-1.9513027039072615,-1.9513027039072615,-2.0344439357957027,-2.0344439357957027,-2.0344439357957027,-2.0778948311872334,-2.1815222911841055,-2.158798930342464,-2.2318394956455836,-2.2318394956455836,-2.297438667476622,-2.297438667476622,-2.356194490192345,-2.3036114285814033,-2.408777551803287,-2.408777551803287,-2.408777551803287,0.0,-2.455863142683507,-2.44685437739309,-2.455863142683507,-2.44685437739309,-2.403777593469328,-2.44685437739309,-2.44685437739309,-2.356194490192345,-2.44685437739309,-2.356194490192345,-2.356194490192345,-2.3086113869153615,-2.3086113869153615,-2.256525837701183,-2.3086113869153615,-2.3036114285814033,-2.214297435588181,-2.2455372690184494,-2.1995926132103296,-2.1995926132103296,-2.137525544318403,-2.137525544318403,-2.137525544318403,-2.0701430484750265,-1.9974238199217726,-1.9513027039072615,0.0,0.0,0.0,0.0,0.0
8.632444094000675,tx,1a:00:00:00:00:00,-54,86.90650361086155,64,0.8047679096897977,13.835081467638252,0,0,0,0,0,0,0,0,0,0,0,0,1,-9,0,-9,0,-10,0,-10,0,-10,-1,-10,0,-10,-1,-10,-1,-10,-2,-10,-2,-10,-2,-10,-3,-10,-3,-11,-3,-10,-4,-10,-4,-10,-5,-10,-5,-10,-6,-11,-5,-11,-6,-11,-7,-11,-7,-11,-8,-11,-8,-11,0,0,-9,-12,-9,-12,-9,-12,-9,-12,-9,-12,-9,-13,-9,-13,-8,-13,-8,-13,-8,-13,-8,-13,-7,-13,-7,-13,-7,-13,-7,-13,-7,-13,-6,-13,-6,-12,-6,-12,-5,-12,-5,-12,-4,-12,-4,-12,-3,-12,-3,-11,-2,-11,0,0,0,0,0,0,0,0,0,0,0.0,0.0,0.0,0.0,0.0,0.0,9.055385138137417,9.0,10.0,10.0,10.0,10.04987562112089,10.0,10.04987562112089,10.04987562112089,10.198039027185569,10.198039027185569,10.198039027185569,10.44030650891055,11.40175425099138,10.44030650891055,10.770329614269007,10.770329614269007,11.180339887498949,11.180339887498949,12.529964086141668,12.083045973594572,12.529964086141668,13.038404810405298,13.038404810405298,13.601470508735444,13.601470508735444,0.0,15.0,15.0,15.0,15.0,15.0,15.811388300841896,15.811388300841896,15.264337522473747,15.264337522473747,15.264337522473747,15.264337522473747,14.7648230602334,14.7648230602334,14.7648230602334,14.7648230602334,14.7648230602334,14.317821063276353,13.416407864998739,13.416407864998739,13.0,13.0,12.649110640673518,12.649110640673518,12.36931687685298,11.40175425099138,11.180339887498949,0.0,0.0,0.0,0.0,0.0,0.0,0.0,0.0,0.0,0.0,0.0,-1.460139105621001,-1.5707963267948966,-1.5707963267948966,-1.5707963267948966,-1.5707963267948966,-1.6704649792860586,-1.5707963267948966,-1.6704649792860586,-1.6704649792860586,-1.7681918866447774,-1.7681918866447774,-1.7681918866447774,-1.8622531212727638,-1.837048375945822,-1.8622531212727638,-1.9513027039072615,-1.9513027039072615,-2.0344439357957027,-2.0344439357957027,-2.0701430484750265,-1.9974238199217726,-2.0701430484750265,-2.137525544318403,-2.137525544318403,-2.1995926132103296,-2.1995926132103296,0.0,-2.214297435588181,-2.214297435588181,-2.214297435588181,-2.214297435588181,-2.214297435588181,-2.1763409903998667,-2.1763409903998667,-2.1224513093234436,-2.1224513093234436,-2.1224513093234436,-2.1224513093234436,-2.0647376957144776,-2.0647376957144776,-2.0647376957144776,-2.0647376957144776,-2.0647376957144776,-2.0032041023654346,-2.0344439357957027,-2.0344439357957027,-1.965587446494658,-1.965587446494658,-1.892546881191539,-1.892546881191539,-1.8157749899217608,-1.837048375945822,-1.750649826587375,0.0,0.0,0.0,0.0,0.0
8.735220609996759,tx,1a:00:00:00:00:00,-55,91.33844495982652,64,0.8066028794952607,13.848230437983979,0,0,0,0,0,0,0,0,0,0,0,0,-3,8,-3,8,-2,8,-2,9,-2,8,-2,9,-2,9,0,9,-1,9,0,9,0,9,1,9,1,9,1,9,2,10,3,9,3,10,3,9,4,10,4,10,5,10,5,10,6,9,6,10,7,10,8,10,0,0,8,10,8,11,8,11,9,11,10,11,9,11,9,11,10,14,9,12,8,10,8,10,9,13,6,14,7,11,7,10,10,12,10,5,2,9,7,9,-2,16,-2,5,4,14,-1,8,-2,14,5,2,3,10,0,0,0,0,0,0,0,0,0,0,0.0,0.0,0.0,0.0,0.0,0.0,8.54400374531753,8.54400374531753,8.246211251235321,9.219544457292887,8.246211251235321,9.219544457292887,9.219544457292887,9.0,9.055385138137417,9.0,9.0,9.055385138137417,9.055385138137417,9.055385138137417,10.198039027185569,9.486832980505138,10.44030650891055,9.486832980505138,10.770329614269007,10.770329614269007,11.180339887498949,11.180339887498949,10.816653826391969,11.661903789690601,12.206555615733702,12.806248474865697,0.0,12.806248474865697,13.601470508735444,13.601470508735444,14.212670403551895,14.866068747318506,14.212670403551895,14.212670403551895,17.204650534085253,15.0,12.806248474865697,12.806248474865697,15.811388300841896,15.231546211727817,13.038404810405298,12.206555615733702,15.620499351813308,11.180339887498949,9.219544457292887,11.40175425099138,16.1245154965971,5.385164807134504,14.560219778561036,8.06225774829855,14.142135623730951,5.385164807134504,10.44030650891055,0.0,0.0,0.0,0.0,0.0,0.0,0.0,0.0,0.0,0.0,0.0,1.9295669970654687,1.9295669970654687,1.8157749899217608,1.7894652726688385,1.8157749899217608,1.7894652726688385,1.7894652726688385,1.5707963267948966,1.6814535479687922,1.5707963267948966,1.5707963267948966,1.460139105621001,1.460139105621001,1.460139105621001,1.373400766945016,1.2490457723982544,1.2793395323170296,1.2490457723982544,1.1902899496825317,1.1902899496825317,1.1071487177940904,1.1071487177940904,0.982793723247329,1.0303768265243125,0.960070362405688,0.8960553845713439,0.0,0.8960553845713439,0.9420000403794636,0.9420000403794636,0.8850668158886104,0.8329812666744317,0.8850668158886104,0.8850668158886104,0.9505468408120752,0.9272952180016122,0.8960553845713439,0.8960553845713439,0.9652516631899266,1.1659045405098132,1.0040671092713902,0.960070362405688,0.8760580505981934,0.4636476090008061,1.3521273809209546,0.9097531579442097,1.695151321341658,1.9513027039072615,1.2924966677897853,1.695151321341658,1.7126933813990606,0.3805063771123649,1.2793395323170296,0.0,0.0,0.0,0.0,0.0
8.840822717000265,tx,1a:00:00:00:00:00,-55,91.33844495982652,64,0.804443330458389,13.83840058493227,0,0,0,0,0,0,0,0,0,0,0,0,7,5,7,4,8,5,7,4,8,4,7,4,8,4,8,4,8,4,9,3,9,3,9,3,9,2,9,2,9,2,10,1,10,1,10,1,10,1,10,0,11,0,11,0,12,0,12,-1,12,-1,12,-1,0,0,13,-1,13,-2,13,-2,14,-2,13,-1,14,-1,14,-1,14,0,14,0,15,0,14,0,14,0,13,1,13,1,13,1,12,1,13,2,12,2,12,2,11,2,11,2,11,3,11,3,10,3,10,4,9,4,0,0,0,0,0,0,0,0,0,0,0.0,0.0,0.0,0.0,0.0,0.0,8.602325267042627,8.06225774829855,9.433981132056603,8.06225774829855,8.94427190999916,8.06225774829855,8.94427190999916,8.94427190999916,8.94427190999916,9.486832980505138,9.486832980505138,9.486832980505138,9.219544457292887,9.219544457292887,9.219544457292887,10.04987562112089,10.04987562112089,10.04987562112089,10.04987562112089,10.0,11.0,11.0,12.0,12.041594578792296,12.041594578792296,12.041594578792296,0.0,13.038404810405298,13.152946437965905,13.152946437965905,14.142135623730951,13.038404810405298,14.035668847618199,14.035668847618199,14.0,14.0,15.0,14.0,14.0,13.038404810405298,13.038404810405298,13.038404810405298,12.041594578792296,13.152946437965905,12.165525060596439,12.165525060596439,11.180339887498949,11.180339887498949,11.40175425099138,11.40175425099138,10.44030650891055,10.770329614269007,9.848857801796104,0.0,0.0,0.0,0.0,0.0,0.0,0.0,0.0,0.0,0.0,0.0,0.6202494859828215,0.5191461142465229,0.5585993153435624,0.5191461142465229,0.4636476090008061,0.5191461142465229,0.4636476090008061,0.4636476090008061,0.4636476090008061,0.3217505543966422,0.3217505543966422,0.3217505543966422,0.21866894587394195,0.21866894587394195,0.21866894587394195,0.09966865249116202,0.09966865249116202,0.09966865249116202,0.09966865249116202,0.0,0.0,0.0,0.0,-0.08314123188844123,-0.08314123188844123,-0.08314123188844123,0.0,-0.07677189126977804,-0.15264932839526515,-0.15264932839526515,-0.14189705460416394,-0.07677189126977804,-0.07130746478529032,-0.07130746478529032,0.0,0.0,0.0,0.0,0.0,0.07677189126977804,0.07677189126977804,0.07677189126977804,0.08314123188844123,0.15264932839526515,0.16514867741462683,0.16514867741462683,0.17985349979247828,0.17985349979247828,0.2662520491509254,0.2662520491509254,0.2914567944778671,0.3805063771123649,0.4182243295792291,0.0,0.0,0.0,0.0,0.0
8.964048633999482,tx,1a:00:00:00:00:00,-54,91.33844495982652,64,0.8019443607569837,13.809122327545232,0,0,0,0,0,0,0,0,0,0,0,0,6,6,6,5,6,5,7,5,7,5,7,5,7,5,7,5,7,5,8,5,8,4,8,4,8,4,9,3,9,3,10,2,9,2,10,2,10,2,10,1,10,1,11,1,11,1,11,0,12,0,12,0,0,0,13,0,13,0,13,0,14,0,13,0,14,0,14,1,14,1,14,1,14,1,14,2,14,2,14,2,13,2,13,2,12,2,12,2,12,3,11,3,11,3,11,3,11,4,10,4,9,4,9,5,8,5,0,0,0,0,0,0,0,0,0,0,0.0,0.0,0.0,0.0,0.0,0.0,8.48528137423857,7.810249675906654,7.810249675906654,8.602325267042627,8.602325267042627,8.602325267042627,8.602325267042627,8.602325267042627,8.602325267042627,9.433981132056603,8.94427190999916,8.94427190999916,8.94427190999916,9.486832980505138,9.486832980505138,10.198039027185569,9.219544457292887,10.198039027185569,10.198039027185569,10.04987562112089,10.04987562112089,11.045361017187261,11.045361017187261,11.0,12.0,12.0,0.0,13.0,13.0,13.0,14.0,13.0,14.0,14.035668847618199,14.035668847618199,14.035668847618199,14.035668847618199,14.142135623730951,14.142135623730951,14.142135623730951,13.152946437965905,13.152946437965905,12.165525060596439,12.165525060596439,12.36931687685298,11.40175425099138,11.40175425099138,11.40175425099138,11.704699910719626,10.770329614269007,9.848857801796104,10.295630140987,9.433981132056603,0.0,0.0,0.0,0.0,0.0,0.0,0.0,0.0,0.0,0.0,0.0,0.7853981633974483,0.6947382761967031,0.6947382761967031,0.6202494859828215,0.6202494859828215,0.6202494859828215,0.6202494859828215,0.6202494859828215,0.6202494859828215,0.5585993153435624,0.4636476090008061,0.4636476090008061,0.4636476090008061,0.3217505543966422,0.3217505543966422,0.19739555984988075,0.21866894587394195,0.19739555984988075,0.19739555984988075,0.09966865249116202,0.09966865249116202,0.09065988720074511,0.09065988720074511,0.0,0.0,0.0,0.0,0.0,0.0,0.0,0.0,0.0,0.0,0.07130746478529032,0.07130746478529032,0.07130746478529032,0.07130746478529032,0.14189705460416394,0.14189705460416394,0.14189705460416394,0.15264932839526515,0.15264932839526515,0.16514867741462683,0.16514867741462683,0.24497866312686414,0.2662520491509254,0.2662520491509254,0.2662520491509254,0.348771003583907,0.3805063771123649,0.4182243295792291,0.507098504392337,0.5585993153435624,0.0,0.0,0.0,0.0,0.0
9.066474671999458,tx,1a:00:00:00:00:00,-54,91.33844495982652,64,0.797088779943066,13.75644379517084,0,0,0,0,0,0,0,0,0,0,0,0,0,9,0,9,1,9,1,10,1,9,1,9,2,10,2,9,2,9,2,9,2,9,3,9,3,9,4,9,4,10,4,9,5,9,5,9,6,10,6,9,7,9,7,9,7,9,7,9,8,9,9,10,0,0,9,10,8,10,9,11,9,10,9,11,10,11,9,11,9,11,8,12,8,11,8,11,7,12,7,12,7,12,6,11,6,12,6,11,5,11,5,11,4,11,4,11,3,11,3,10,2,10,2,10,2,10,0,0,0,0,0,0,0,0,0,0,0.0,0.0,0.0,0.0,0.0,0.0,9.0,9.0,9.055385138137417,10.04987562112089,9.055385138137417,9.055385138137417,10.198039027185569,9.219544457292887,9.219544457292887,9.219544457292887,9.219544457292887,9.486832980505138,9.486832980505138,9.848857801796104,10.770329614269007,9.848857801796104,10.295630140987,10.295630140987,11.661903789690601,10.816653826391969,11.40175425099138,11.40175425099138,11.40175425099138,11.40175425099138,12.041594578792296,13.45362404707371,0.0,13.45362404707371,12.806248474865697,14.212670403551895,13.45362404707371,14.212670403551895,14.866068747318506,14.212670403551895,14.212670403551895,14.422205101855956,13.601470508735444,13.601470508735444,13.892443989449804,13.892443989449804,13.892443989449804,12.529964086141668,13.416407864998739,12.529964086141668,12.083045973594572,12.083045973594572,11.704699910719626,11.704699910719626,11.40175425099138,10.44030650891055,10.198039027185569,10.198039027185569,10.198039027185569,0.0,0.0,0.0,0.0,0.0,0.0,0.0,0.0,0.0,0.0,0.0,1.5707963267948966,1.5707963267948966,1.460139105621001,1.4711276743037347,1.460139105621001,1.460139105621001,1.373400766945016,1.3521273809209546,1.3521273809209546,1.3521273809209546,1.3521273809209546,1.2490457723982544,1.2490457723982544,1.1525719972156676,1.1902899496825317,1.1525719972156676,1.0636978224025597,1.0636978224025597,1.0303768265243125,0.982793723247329,0.9097531579442097,0.9097531579442097,0.9097531579442097,0.9097531579442097,0.844153986113171,0.83798122500839,0.0,0.83798122500839,0.8960553845713439,0.8850668158886104,0.83798122500839,0.8850668158886104,0.8329812666744317,0.8850668158886104,0.8850668158886104,0.982793723247329,0.9420000403794636,0.9420000403794636,1.042721878368537,1.042721878368537,1.042721878368537,1.0714496051147666,1.1071487177940904,1.0714496051147666,1.1441688336680205,1.1441688336680205,1.2220253232109897,1.2220253232109897,1.3045442776439713,1.2793395323170296,1.373400766945016,1.373400766945016,1.373400766945016,0.0,0.0,0.0,0.0,0.0
9.170981875999132,tx,1a:00:00:00:00:00,-54,91.33844495982652,64,0.7930526699183523,13.69521320097712,0,0,0,0,0,0,0,0,0,0,0,0,5,5,6,4,6,4,7,5,8,4,8,3,8,4,8,3,9,3,8,4,8,3,9,3,9,2,9,3,8,2,10,1,9,1,10,1,10,0,11,0,11,0,11,-1,11,-1,12,-1,12,-1,12,-1,0,0,12,-2,13,-2,13,-2,14,-2,13,-2,14,-2,14,-2,14,-1,14,-1,14,-1,14,0,14,0,13,0,13,0,13,0,12,0,13,1,12,1,12,1,11,1,11,2,11,2,11,2,10,3,10,3,9,3,0,0,0,0,0,0,0,0,0,0,0.0,0.0,0.0,0.0,0.0,0.0,7.0710678118654755,7.211102550927978,7.211102550927978,8.602325267042627,8.94427190999916,8.54400374531753,8.94427190999916,8.54400374531753,9.486832980505138,8.94427190999916,8.54400374531753,9.486832980505138,9.219544457292887,9.486832980505138,8.246211251235321,10.04987562112089,9.055385138137417,10.04987562112089,10.0,11.0,11.0,11.045361017187261,11.045361017187261,12.041594578792296,12.041594578792296,12.041594578792296,0.0,12.165525060596439,13.152946437965905,13.152946437965905,14.142135623730951,13.152946437965905,14.142135623730951,14.142135623730951,14.035668847618199,14.035668847618199,14.035668847618199,14.0,14.0,13.0,13.0,13.0,12.0,13.038404810405298,12.041594578792296,12.041594578792296,11.045361017187261,11.180339887498949,11.180339887498949,11.180339887498949,10.44030650891055,10.44030650891055,9.486832980505138,0.0,0.0,0.0,0.0,0.0,0.0,0.0,0.0,0.0,0.0,0.0,0.7853981633974483,0.5880026035475675,0.5880026035475675,0.6202494859828215,0.4636476090008061,0.35877067027057225,0.4636476090008061,0.35877067027057225,0.3217505543966422,0.4636476090008061,0.35877067027057225,0.3217505543966422,0.21866894587394195,0.3217505543966422,0.24497866312686414,0.09966865249116202,0.11065722117389565,0.09966865249116202,0.0,0.0,0.0,-0.09065988720074511,-0.09065988720074511,-0.08314123188844123,-0.08314123188844123,-0.08314123188844123,0.0,-0.16514867741462683,-0.15264932839526515,-0.15264932839526515,-0.14189705460416394,-0.15264932839526515,-0.14189705460416394,-0.14189705460416394,-0.07130746478529032,-0.07130746478529032,-0.07130746478529032,0.0,0.0,0.0,0.0,0.0,0.0,0.07677189126977804,0.08314123188844123,0.08314123188844123,0.09065988720074511,0.17985349979247828,0.17985349979247828,0.17985349979247828,0.2914567944778671,0.2914567944778671,0.3217505543966422,0.0,0.0,0.0,0.0,0.0
9.277556019995245,tx,1a:00:00:00:00:00,-55,91.33844495982652,64,0.7820259129892486,13.608584184748214,0,0,0,0,0,0,0,0,0,0,0,0,0,-8,-1,-9,-2,-8,-1,-10,-1,-9,-2,-9,-2,-8,-3,-9,-3,-9,-3,-9,-3,-9,-4,-9,-4,-9,-4,-9,-5,-9,-5,-9,-6,-9,-6,-9,-6,-9,-6,-9,-7,-9,-8,-9,-7,-9,-8,-9,-8,-9,-9,-9,0,0,-10,-10,-10,-10,-10,-10,-10,-10,-10,-10,-10,-11,-10,-11,-10,-11,-10,-11,-10,-11,-9,-11,-9,-11,-9,-11,-8,-11,-9,-11,-8,-11,-8,-11,-7,-11,-7,-10,-6,-11,-6,-11,-6,-11,-5,-11,-4,-11,-4,-10,-3,-10,0,0,0,0,0,0,0,0,0,0,0.0,0.0,0.0,0.0,0.0,0.0,8.0,9.055385138137417,8.246211251235321,10.04987562112089,9.055385138137417,9.219544457292887,8.246211251235321,9.486832980505138,9.486832980505138,9.486832980505138,9.486832980505138,9.848857801796104,9.848857801796104,9.848857801796104,10.295630140987,10.295630140987,10.816653826391969,10.816653826391969,10.816653826391969,10.816653826391969,11.40175425099138,12.041594578792296,11.40175425099138,12.041594578792296,12.041594578792296,12.727922061357855,0.0,14.142135623730951,14.142135623730951,14.142135623730951,14.142135623730951,14.142135623730951,14.866068747318506,14.866068747318506,14.866068747318506,14.866068747318506,14.866068747318506,14.212670403551895,14.212670403551895,14.212670403551895,13.601470508735444,14.212670403551895,13.601470508735444,13.601470508735444,13.038404810405298,12.206555615733702,12.529964086141668,12.529964086141668,12.529964086141668,12.083045973594572,11.704699910719626,10.770329614269007,10.44030650891055,0.0,0.0,0.0,0.0,0.0,0.0,0.0,0.0,0.0,0.0,0.0,-1.5707963267948966,-1.6814535479687922,-1.8157749899217608,-1.6704649792860586,-1.6814535479687922,-1.7894652726688385,-1.8157749899217608,-1.892546881191539,-1.892546881191539,-1.892546881191539,-1.892546881191539,-1.9890206563741257,-1.9890206563741257,-1.9890206563741257,-2.0778948311872334,-2.0778948311872334,-2.158798930342464,-2.158798930342464,-2.158798930342464,-2.158798930342464,-2.2318394956455836,-2.297438667476622,-2.2318394956455836,-2.297438667476622,-2.297438667476622,-2.356194490192345,0.0,-2.356194490192345,-2.356194490192345,-2.356194490192345,-2.356194490192345,-2.356194490192345,-2.3086113869153615,-2.3086113869153615,-2.3086113869153615,-2.3086113869153615,-2.3086113869153615,-2.256525837701183,-2.256525837701183,-2.256525837701183,-2.1995926132103296,-2.256525837701183,-2.1995926132103296,-2.1995926132103296,-2.137525544318403,-2.1815222911841055,-2.0701430484750265,-2.0701430484750265,-2.0701430484750265,-1.9974238199217726,-1.9195673303788037,-1.9513027039072615,-1.8622531212727638,0.0,0.0,0.0,0.0,0.0
9.38104238899541,tx,1a:00:00:00:00:00,-54,91.33844495982652,64,0.7742490507288264,13.521399637854923,0,0,0,0,0,0,0,0,0,0,0,0,0,8,0,8,0,8,0,9,1,8,1,9,1,9,2,9,1,9,3,8,3,9,3,8,4,9,4,9,4,9,4,9,5,9,5,8,6,9,5,9,6,9,6,9,7,8,8,9,8,9,9,9,0,0,9,10,9,10,10,10,9,9,9,10,9,11,9,11,9,11,9,11,9,11,9,11,8,11,8,11,8,12,6,11,7,12,6,11,6,10,5,11,5,10,5,10,3,11,4,10,3,10,3,10,2,10,0,0,0,0,0,0,0,0,0,0,0.0,0.0,0.0,0.0,0.0,0.0,8.0,8.0,8.0,9.0,8.06225774829855,9.055385138137417,9.055385138137417,9.219544457292887,9.055385138137417,8.54400374531753,9.486832980505138,8.54400374531753,9.848857801796104,9.848857801796104,9.848857801796104,9.848857801796104,10.295630140987,9.433981132056603,10.816653826391969,10.295630140987,10.816653826391969,10.816653826391969,10.63014581273465,12.041594578792296,12.041594578792296,12.727922061357855,0.0,13.45362404707371,13.45362404707371,14.142135623730951,12.727922061357855,13.45362404707371,14.212670403551895,14.212670403551895,14.212670403551895,14.212670403551895,14.212670403551895,14.212670403551895,13.601470508735444,13.601470508735444,14.422205101855956,12.529964086141668,13.892443989449804,12.529964086141668,11.661903789690601,12.083045973594572,11.180339887498949,11.180339887498949,11.40175425099138,10.770329614269007,10.44030650891055,10.44030650891055,10.198039027185569,0.0,0.0,0.0,0.0,0.0,0.0,0.0,0.0,0.0,0.0,0.0,1.5707963267948966,1.5707963267948966,1.5707963267948966,1.5707963267948966,1.446441332248135,1.460139105621001,1.460139105621001,1.3521273809209546,1.460139105621001,1.2120256565243244,1.2490457723982544,1.2120256565243244,1.1525719972156676,1.1525719972156676,1.1525719972156676,1.1525719972156676,1.0636978224025597,1.0121970114513341,0.982793723247329,1.0636978224025597,0.982793723247329,0.982793723247329,0.8519663271732721,0.844153986113171,0.844153986113171,0.7853981633974483,0.0,0.83798122500839,0.83798122500839,0.7853981633974483,0.7853981633974483,0.83798122500839,0.8850668158886104,0.8850668158886104,0.8850668158886104,0.8850668158886104,0.8850668158886104,0.8850668158886104,0.9420000403794636,0.9420000403794636,0.982793723247329,1.0714496051147666,1.042721878368537,1.0714496051147666,1.0303768265243125,1.1441688336680205,1.1071487177940904,1.1071487177940904,1.3045442776439713,1.1902899496825317,1.2793395323170296,1.2793395323170296,1.373400766945016,0.0,0.0,0.0,0.0,0.0
9.481397222996748,tx,1a:00:00:00:00:00,-54,91.33844495982652,64,0.7691926654166421,13.429981702861058,0,0,0,0,0,0,0,0,0,0,0,0,5,-7,6,-7,6,-8,4,-8,5,-8,4,-7,4,-9,4,-8,4,-10,4,-9,4,-9,4,-9,4,-10,4,-9,3,-10,2,-10,2,-11,2,-11,2,-11,1,-12,1,-12,0,-12,1,-13,0,-13,0,-13,0,-13,0,0,0,-14,-1,-14,-1,-14,-1,-15,0,-15,0,-16,0,-16,0,-16,0,-16,0,-16,1,-15,1,-15,1,-15,1,-14,1,-14,2,-14,2,-15,2,-13,2,-13,2,-12,3,-12,3,-12,3,-12,4,-12,4,-11,4,-10,0,0,0,0,0,0,0,0,0,0,0.0,0.0,0.0,0.0,0.0,0.0,8.602325267042627,9.219544457292887,10.0,8.94427190999916,9.433981132056603,8.06225774829855,9.848857801796104,8.94427190999916,10.770329614269007,9.848857801796104,9.848857801796104,9.848857801796104,10.770329614269007,9.848857801796104,10.44030650891055,10.198039027185569,11.180339887498949,11.180339887498949,11.180339887498949,12.041594578792296,12.041594578792296,12.0,13.038404810405298,13.0,13.0,13.0,0.0,14.0,14.035668847618199,14.035668847618199,15.033296378372908,15.0,16.0,16.0,16.0,16.0,16.0,15.033296378372908,15.033296378372908,15.033296378372908,14.035668847618199,14.035668847618199,14.142135623730951,15.132745950421556,13.152946437965905,13.152946437965905,12.165525060596439,12.36931687685298,12.36931687685298,12.36931687685298,12.649110640673518,11.704699910719626,10.770329614269007,0.0,0.0,0.0,0.0,0.0,0.0,0.0,0.0,0.0,0.0,0.0,-0.9505468408120752,-0.8621700546672264,-0.9272952180016122,-1.1071487177940904,-1.0121970114513341,-1.0516502125483738,-1.1525719972156676,-1.1071487177940904,-1.1902899496825317,-1.1525719972156676,-1.1525719972156676,-1.1525719972156676,-1.1902899496825317,-1.1525719972156676,-1.2793395323170296,-1.373400766945016,-1.3909428270024184,-1.3909428270024184,-1.3909428270024184,-1.4876550949064553,-1.4876550949064553,-1.5707963267948966,-1.4940244355251187,-1.5707963267948966,-1.5707963267948966,-1.5707963267948966,0.0,-1.5707963267948966,-1.642103791580187,-1.642103791580187,-1.6373644905707205,-1.5707963267948966,-1.5707963267948966,-1.5707963267948966,-1.5707963267948966,-1.5707963267948966,-1.5707963267948966,-1.5042281630190728,-1.5042281630190728,-1.5042281630190728,-1.4994888620096063,-1.4994888620096063,-1.4288992721907328,-1.4382447944982226,-1.4181469983996315,-1.4181469983996315,-1.4056476493802699,-1.3258176636680326,-1.3258176636680326,-1.3258176636680326,-1.2490457723982544,-1.2220253232109897,-1.1902899496825317,0.0,0.0,0.0,0.0,0.0
9.590963405993534,tx,1a:00:00:00:00:00,-55,91.33844495982652,64,0.7663451877425619,13.341037916878905,0,0,0,0,0,0,0,0,0,0,0,0,-5,7,-5,7,-5,7,-5,8,-4,7,-4,8,-4,8,-4,8,-3,8,-3,8,-4,9,-3,9,-3,9,-3,9,-2,10,-1,9,-1,10,-1,10,0,10,0,10,0,10,1,11,1,11,1,12,2,12,2,12,0,0,2,13,2,13,3,13,3,13,2,14,2,14,3,14,2,14,2,14,2,14,1,14,0,14,0,14,0,14,0,13,0,13,-1,13,-1,12,-1,12,-1,11,-1,11,-2,11,-2,11,-3,11,-3,10,-3,10,0,0,0,0,0,0,0,0,0,0,0.0,0.0,0.0,0.0,0.0,0.0,8.602325267042627,8.602325267042627,8.602325267042627,9.433981132056603,8.06225774829855,8.94427190999916,8.94427190999916,8.94427190999916,8.54400374531753,8.54400374531753,9.848857801796104,9.486832980505138,9.486832980505138,9.486832980505138,10.198039027185569,9.055385138137417,10.04987562112089,10.04987562112089,10.0,10.0,10.0,11.045361017187261,11.045361017187261,12.041594578792296,12.165525060596439,12.165525060596439,0.0,13.152946437965905,13.152946437965905,13.341664064126334,13.341664064126334,14.142135623730951,14.142135623730951,14.317821063276353,14.142135623730951,14.142135623730951,14.142135623730951,14.035668847618199,14.0,14.0,14.0,13.0,13.0,13.038404810405298,12.041594578792296,12.041594578792296,11.045361017187261,11.045361017187261,11.180339887498949,11.180339887498949,11.40175425099138,10.44030650891055,10.44030650891055,0.0,0.0,0.0,0.0,0.0,0.0,0.0,0.0,0.0,0.0,0.0,2.191045812777718,2.191045812777718,2.191045812777718,2.129395642138459,2.0899424410414196,2.0344439357957027,2.0344439357957027,2.0344439357957027,1.9295669970654687,1.9295669970654687,1.9890206563741257,1.892546881191539,1.892546881191539,1.892546881191539,1.7681918866447774,1.6814535479687922,1.6704649792860586,1.6704649792860586,1.5707963267948966,1.5707963267948966,1.5707963267948966,1.4801364395941514,1.4801364395941514,1.4876550949064553,1.4056476493802699,1.4056476493802699,0.0,1.4181469983996315,1.4181469983996315,1.3439974787410107,1.3439974787410107,1.4288992721907328,1.4288992721907328,1.35970299357215,1.4288992721907328,1.4288992721907328,1.4288992721907328,1.4994888620096063,1.5707963267948966,1.5707963267948966,1.5707963267948966,1.5707963267948966,1.5707963267948966,1.6475682180646747,1.6539375586833378,1.6539375586833378,1.6614562139956417,1.6614562139956417,1.750649826587375,1.750649826587375,1.837048375945822,1.8622531212727638,1.8622531212727638,0.0,0.0,0.0,0.0,0.0
9.691354608999973,tx,1a:00:00:00:00:00,-55,85.71644665166247,64,0.7643876088692104,13.253371863405253,0,0,0,0,0,0,0,0,0,0,0,0,-9,-1,-9,-1,-9,0,-10,0,-9,0,-10,1,-9,0,-10,1,-10,1,-9,2,-10,2,-10,3,-10,3,-10,3,-10,3,-10,3,-10,4,-10,4,-10,5,-10,5,-10,6,-10,6,-9,6,-9,7,-10,8,-10,8,0,0,-11,9,-11,8,-11,9,-11,9,-11,9,-12,9,-12,8,-12,9,-13,8,-12,8,-12,8,-12,8,-12,8,-13,8,-12,6,-12,6,-11,6,-12,5,-12,5,-12,4,-12,4,-11,4,-11,4,-11,4,-11,3,-11,2,0,0,0,0,0,0,0,0,0,0,0.0,0.0,0.0,0.0,0.0,0.0,9.055385138137417,9.055385138137417,9.0,10.0,9.0,10.04987562112089,9.0,10.04987562112089,10.04987562112089,9.219544457292887,10.198039027185569,10.44030650891055,10.44030650891055,10.44030650891055,10.44030650891055,10.44030650891055,10.770329614269007,10.770329614269007,11.180339887498949,11.180339887498949,11.661903789690601,11.661903789690601,10.816653826391969,11.40175425099138,12.806248474865697,12.806248474865697,0.0,14.212670403551895,13.601470508735444,14.212670403551895,14.212670403551895,14.212670403551895,15.0,14.422205101855956,15.0,15.264337522473747,14.422205101855956,14.422205101855956,14.422205101855956,14.422205101855956,15.264337522473747,13.416407864998739,13.416407864998739,12.529964086141668,13.0,13.0,12.649110640673518,12.649110640673518,11.704699910719626,11.704699910719626,11.704699910719626,11.40175425099138,11.180339887498949,0.0,0.0,0.0,0.0,0.0,0.0,0.0,0.0,0.0,0.0,0.0,-3.0309354324158977,-3.0309354324158977,3.141592653589793,3.141592653589793,3.141592653589793,3.0419240010986313,3.141592653589793,3.0419240010986313,3.0419240010986313,2.922923707715851,2.9441970937399127,2.8501358591119264,2.8501358591119264,2.8501358591119264,2.8501358591119264,2.8501358591119264,2.761086276477428,2.761086276477428,2.677945044588987,2.677945044588987,2.601173153319209,2.601173153319209,2.5535900500422257,2.4805494847391065,2.4668517113662407,2.4668517113662407,0.0,2.455863142683507,2.5127963671743605,2.455863142683507,2.455863142683507,2.455863142683507,2.498091544796509,2.5535900500422257,2.498091544796509,2.5899376710612465,2.5535900500422257,2.5535900500422257,2.5535900500422257,2.5535900500422257,2.5899376710612465,2.677945044588987,2.677945044588987,2.642245931909663,2.746801533890032,2.746801533890032,2.819842099193151,2.819842099193151,2.7928216500058864,2.7928216500058864,2.7928216500058864,2.875340604438868,2.961739153797315,0.0,0.0,0.0,0.0,0.0
9.791459877997113,tx,1a:00:00:00:00:00,-55,85.71644665166247,64,0.7599701175216186,13.152874730586593,0,0,0,0,0,0,0,0,0,0,0,0,5,-8,4,-8,5,-9,4,-8,5,-8,4,-8,4,-9,4,-9,3,-9,4,-10,3,-10,3,-10,3,-10,2,-10,2,-10,1,-11,1,-11,1,-11,0,-11,0,-11,0,-12,-1,-12,-1,-13,-1,-13,-1,-13,-1,-13,0,0,-1,-14,-3,-14,-2,-14,-2,-15,-2,-15,-2,-15,-2,-15,-1,-15,-2,-15,-1,-15,0,-15,0,-15,0,-14,0,-14,0,-14,0,-13,1,-14,1,-13,0,-12,1,-12,1,-12,1,-12,2,-12,2,-11,3,-10,3,-10,0,0,0,0,0,0,0,0,0,0,0.0,0.0,0.0,0.0,0.0,0.0,9.433981132056603,8.94427190999916,10.295630140987,8.94427190999916,9.433981132056603,8.94427190999916,9.848857801796104,9.848857801796104,9.486832980505138,10.770329614269007,10.44030650891055,10.44030650891055,10.44030650891055,10.198039027185569,10.198039027185569,11.045361017187261,11.045361017187261,11.045361017187261,11.0,11.0,12.0,12.041594578792296,13.038404810405298,13.038404810405298,13.038404810405298,13.038404810405298,0.0,14.035668847618199,14.317821063276353,14.142135623730951,15.132745950421556,15.132745950421556,15.132745950421556,15.132745950421556,15.033296378372908,15.132745950421556,15.033296378372908,15.0,15.0,14.0,14.0,14.0,13.0,14.035668847618199,13.038404810405298,12.0,12.041594578792296,12.041594578792296,12.041594578792296,12.165525060596439,11.180339887498949,10.44030650891055,10.44030650891055,0.0,0.0,0.0,0.0,0.0,0.0,0.0,0.0,0.0,0.0,0.0,-1.0121970114513341,-1.1071487177940904,-1.0636978224025597,-1.1071487177940904,-1.0121970114513341,-1.1071487177940904,-1.1525719972156676,-1.1525719972156676,-1.2490457723982544,-1.1902899496825317,-1.2793395323170296,-1.2793395323170296,-1.2793395323170296,-1.373400766945016,-1.373400766945016,-1.4801364395941514,-1.4801364395941514,-1.4801364395941514,-1.5707963267948966,-1.5707963267948966,-1.5707963267948966,-1.6539375586833378,-1.6475682180646747,-1.6475682180646747,-1.6475682180646747,-1.6475682180646747,0.0,-1.642103791580187,-1.7818896600176433,-1.7126933813990606,-1.7033478590915707,-1.7033478590915707,-1.7033478590915707,-1.7033478590915707,-1.6373644905707205,-1.7033478590915707,-1.6373644905707205,-1.5707963267948966,-1.5707963267948966,-1.5707963267948966,-1.5707963267948966,-1.5707963267948966,-1.5707963267948966,-1.4994888620096063,-1.4940244355251187,-1.5707963267948966,-1.4876550949064553,-1.4876550949064553,-1.4876550949064553,-1.4056476493802699,-1.3909428270024184,-1.2793395323170296,-1.2793395323170296,0.0,0.0,0.0,0.0,0.0
9.90152566699544,tx,1a:00:00:00:00:00,-55,85.71644665166247,64,0.7568351728107873,13.039757952693964,0,0,0,0,0,0,0,0,0,0,0,0,-9,-3,-9,-3,-10,-2,-10,-2,-10,-2,-10,-2,-10,-2,-10,-1,-10,-1,-11,-1,-11,-1,-11,0,-11,0,-11,0,-11,1,-11,2,-11,2,-11,1,-11,3,-11,3,-12,3,-12,4,-12,4,-12,5,-12,5,-12,5,0,0,-13,5,-13,6,-13,6,-14,6,-14,6,-14,6,-14,6,-15,5,-15,5,-15,5,-15,5,-15,4,-14,4,-14,3,-14,4,-14,3,-14,2,-13,2,-13,2,-13,1,-13,1,-13,1,-13,0,-12,0,-12,-1,-11,-2,0,0,0,0,0,0,0,0,0,0,0.0,0.0,0.0,0.0,0.0,0.0,9.486832980505138,9.486832980505138,10.198039027185569,10.198039027185569,10.198039027185569,10.198039027185569,10.198039027185569,10.04987562112089,10.04987562112089,11.045361017187261,11.045361017187261,11.0,11.0,11.0,11.045361017187261,11.180339887498949,11.180339887498949,11.045361017187261,11.40175425099138,11.40175425099138,12.36931687685298,12.649110640673518,12.649110640673518,13.0,13.0,13.0,0.0,13.92838827718412,14.317821063276353,14.317821063276353,15.231546211727817,15.231546211727817,15.231546211727817,15.231546211727817,15.811388300841896,15.811388300841896,15.811388300841896,15.811388300841896,15.524174696260024,14.560219778561036,14.317821063276353,14.560219778561036,14.317821063276353,14.142135623730951,13.152946437965905,13.152946437965905,13.038404810405298,13.038404810405298,13.038404810405298,13.0,12.0,12.041594578792296,11.180339887498949,0.0,0.0,0.0,0.0,0.0,0.0,0.0,0.0,0.0,0.0,0.0,-2.819842099193151,-2.819842099193151,-2.9441970937399127,-2.9441970937399127,-2.9441970937399127,-2.9441970937399127,-2.9441970937399127,-3.0419240010986313,-3.0419240010986313,-3.050932766389048,-3.050932766389048,3.141592653589793,3.141592653589793,3.141592653589793,3.050932766389048,2.961739153797315,2.961739153797315,3.050932766389048,2.875340604438868,2.875340604438868,2.896613990462929,2.819842099193151,2.819842099193151,2.746801533890032,2.746801533890032,2.746801533890032,0.0,2.774418819771574,2.7091848780192556,2.7091848780192556,2.7367008673047097,2.7367008673047097,2.7367008673047097,2.7367008673047097,2.819842099193151,2.819842099193151,2.819842099193151,2.819842099193151,2.8809902618424523,2.8632929945846817,2.930499320367047,2.8632929945846817,2.930499320367047,2.999695598985629,2.988943325194528,2.988943325194528,3.064820762320015,3.064820762320015,3.064820762320015,3.141592653589793,3.141592653589793,-3.058451421701352,-2.961739153797315,0.0,0.0,0.0,0.0,0.0
10.010765943996375,tx,1a:00:00:00:00:00,-54,85.71644665166247,64,0.7553604375988682,12.924954375254156,0,0,0,0,0,0,0,0,0,0,0,0,1,8,2,8,2,8,2,9,2,8,2,9,3,8,3,8,3,8,4,8,4,8,4,8,5,8,5,8,5,8,5,8,6,8,6,8,7,8,7,8,8,8,8,8,8,7,9,7,9,8,10,8,0,0,10,8,10,8,11,9,10,8,10,9,11,9,10,9,10,9,10,10,10,10,10,10,9,10,9,10,9,10,8,10,8,11,7,10,7,10,7,10,6,10,6,10,5,10,5,9,4,10,4,9,3,9,0,0,0,0,0,0,0,0,0,0,0.0,0.0,0.0,0.0,0.0,0.0,8.06225774829855,8.246211251235321,8.246211251235321,9.219544457292887,8.246211251235321,9.219544457292887,8.54400374531753,8.54400374531753,8.54400374531753,8.94427190999916,8.94427190999916,8.94427190999916,9.433981132056603,9.433981132056603,9.433981132056603,9.433981132056603,10.0,10.0,10.63014581273465,10.63014581273465,11.313708498984761,11.313708498984761,10.63014581273465,11.40175425099138,12.041594578792296,12.806248474865697,0.0,12.806248474865697,12.806248474865697,14.212670403551895,12.806248474865697,13.45362404707371,14.212670403551895,13.45362404707371,13.45362404707371,14.142135623730951,14.142135623730951,14.142135623730951,13.45362404707371,13.45362404707371,13.45362404707371,12.806248474865697,13.601470508735444,12.206555615733702,12.206555615733702,12.206555615733702,11.661903789690601,11.661903789690601,11.180339887498949,10.295630140987,10.770329614269007,9.848857801796104,9.486832980505138,0.0,0.0,0.0,0.0,0.0,0.0,0.0,0.0,0.0,0.0,0.0,1.446441332248135,1.3258176636680326,1.3258176636680326,1.3521273809209546,1.3258176636680326,1.3521273809209546,1.2120256565243244,1.2120256565243244,1.2120256565243244,1.1071487177940904,1.1071487177940904,1.1071487177940904,1.0121970114513341,1.0121970114513341,1.0121970114513341,1.0121970114513341,0.9272952180016122,0.9272952180016122,0.8519663271732721,0.8519663271732721,0.7853981633974483,0.7853981633974483,0.7188299996216245,0.6610431688506869,0.7266423406817256,0.6747409422235526,0.0,0.6747409422235526,0.6747409422235526,0.6857295109062863,0.6747409422235526,0.7328151017865066,0.6857295109062863,0.7328151017865066,0.7328151017865066,0.7853981633974483,0.7853981633974483,0.7853981633974483,0.83798122500839,0.83798122500839,0.83798122500839,0.8960553845713439,0.9420000403794636,0.960070362405688,0.960070362405688,0.960070362405688,1.0303768265243125,1.0303768265243125,1.1071487177940904,1.0636978224025597,1.1902899496825317,1.1525719972156676,1.2490457723982544,0.0,0.0,0.0,0.0,0.0
10.112461655000516,tx,1a:00:00:00:00:00,-54,85.71644665166247,64,0.7531992348203368,12.797548429028735,0,0,0,0,0,0,0,0,0,0,0,0,4,-8,4,-9,4,-9,4,-9,4,-9,4,-9,3,-10,3,-10,3,-10,3,-10,3,-10,2,-10,2,-11,2,-11,1,-11,1,-11,1,-12,0,-11,0,-12,0,-12,0,-12,-1,-13,-1,-13,-1,-13,-1,-14,-2,-14,0,0,-3,-15,-2,-15,-2,-15,-3,-15,-2,-15,-2,-16,-2,-16,-2,-16,-1,-16,-1,-15,-1,-15,0,-15,0,-15,0,-15,1,-14,1,-14,1,-14,1,-13,1,-13,2,-13,2,-13,3,-13,3,-12,3,-12,3,-11,4,-10,0,0,0,0,0,0,0,0,0,0,0.0,0.0,0.0,0.0,0.0,0.0,8.94427190999916,9.848857801796104,9.848857801796104,9.848857801796104,9.848857801796104,9.848857801796104,10.44030650891055,10.44030650891055,10.44030650891055,10.44030650891055,10.44030650891055,10.198039027185569,11.180339887498949,11.180339887498949,11.045361017187261,11.045361017187261,12.041594578792296,11.0,12.0,12.0,12.0,13.038404810405298,13.038404810405298,13.038404810405298,14.035668847618199,14.142135623730951,0.0,15.297058540778355,15.132745950421556,15.132745950421556,15.297058540778355,15.132745950421556,16.1245154965971,16.1245154965971,16.1245154965971,16.0312195418814,15.033296378372908,15.033296378372908,15.0,15.0,15.0,14.035668847618199,14.035668847618199,14.035668847618199,13.038404810405298,13.038404810405298,13.152946437965905,13.152946437965905,13.341664064126334,12.36931687685298,12.36931687685298,11.40175425099138,10.770329614269007,0.0,0.0,0.0,0.0,0.0,0.0,0.0,0.0,0.0,0.0,0.0,-1.1071487177940904,-1.1525719972156676,-1.1525719972156676,-1.1525719972156676,-1.1525719972156676,-1.1525719972156676,-1.2793395323170296,-1.2793395323170296,-1.2793395323170296,-1.2793395323170296,-1.2793395323170296,-1.373400766945016,-1.3909428270024184,-1.3909428270024184,-1.4801364395941514,-1.4801364395941514,-1.4876550949064553,-1.5707963267948966,-1.5707963267948966,-1.5707963267948966,-1.5707963267948966,-1.6475682180646747,-1.6475682180646747,-1.6475682180646747,-1.642103791580187,-1.7126933813990606,0.0,-1.7681918866447774,-1.7033478590915707,-1.7033478590915707,-1.7681918866447774,-1.7033478590915707,-1.695151321341658,-1.695151321341658,-1.695151321341658,-1.633215136790854,-1.6373644905707205,-1.6373644905707205,-1.5707963267948966,-1.5707963267948966,-1.5707963267948966,-1.4994888620096063,-1.4994888620096063,-1.4994888620096063,-1.4940244355251187,-1.4940244355251187,-1.4181469983996315,-1.4181469983996315,-1.3439974787410107,-1.3258176636680326,-1.3258176636680326,-1.3045442776439713,-1.1902899496825317,0.0,0.0,0.0,0.0,0.0
10.220858884997142,tx,1a:00:00:00:00:00,-54,85.71644665166247,64,0.7503574119526659,12.662130116290104,0,0,0,0,0,0,0,0,0,0,0,0,-1,9,-1,8,-1,9,-1,9,0,9,0,8,0,9,0,9,1,9,1,10,1,10,1,10,2,10,2,10,3,10,4,10,4,9,5,10,4,9,5,10,5,10,6,10,6,10,7,10,7,11,7,10,0,0,8,10,9,11,8,10,9,11,8,10,9,11,9,12,8,12,9,12,8,12,8,12,7,12,7,12,7,11,7,12,6,11,6,12,5,11,5,11,5,11,5,11,4,11,4,11,3,10,3,10,2,10,0,0,0,0,0,0,0,0,0,0,0.0,0.0,0.0,0.0,0.0,0.0,9.055385138137417,8.06225774829855,9.055385138137417,9.055385138137417,9.0,8.0,9.0,9.0,9.055385138137417,10.04987562112089,10.04987562112089,10.04987562112089,10.198039027185569,10.198039027185569,10.44030650891055,10.770329614269007,9.848857801796104,11.180339887498949,9.848857801796104,11.180339887498949,11.180339887498949,11.661903789690601,11.661903789690601,12.206555615733702,13.038404810405298,12.206555615733702,0.0,12.806248474865697,14.212670403551895,12.806248474865697,14.212670403551895,12.806248474865697,14.212670403551895,15.0,14.422205101855956,15.0,14.422205101855956,14.422205101855956,13.892443989449804,13.892443989449804,13.038404810405298,13.892443989449804,12.529964086141668,13.416407864998739,12.083045973594572,12.083045973594572,12.083045973594572,12.083045973594572,11.704699910719626,11.704699910719626,10.44030650891055,10.44030650891055,10.198039027185569,0.0,0.0,0.0,0.0,0.0,0.0,0.0,0.0,0.0,0.0,0.0,1.6814535479687922,1.695151321341658,1.6814535479687922,1.6814535479687922,1.5707963267948966,1.5707963267948966,1.5707963267948966,1.5707963267948966,1.460139105621001,1.4711276743037347,1.4711276743037347,1.4711276743037347,1.373400766945016,1.373400766945016,1.2793395323170296,1.1902899496825317,1.1525719972156676,1.1071487177940904,1.1525719972156676,1.1071487177940904,1.1071487177940904,1.0303768265243125,1.0303768265243125,0.960070362405688,1.0040671092713902,0.960070362405688,0.0,0.8960553845713439,0.8850668158886104,0.8960553845713439,0.8850668158886104,0.8960553845713439,0.8850668158886104,0.9272952180016122,0.982793723247329,0.9272952180016122,0.982793723247329,0.982793723247329,1.042721878368537,1.042721878368537,1.0040671092713902,1.042721878368537,1.0714496051147666,1.1071487177940904,1.1441688336680205,1.1441688336680205,1.1441688336680205,1.1441688336680205,1.2220253232109897,1.2220253232109897,1.2793395323170296,1.2793395323170296,1.373400766945016,0.0,0.0,0.0,0.0,0.0
10.321429884999816,tx,1a:00:00:00:00:00,-55,85.71644665166247,64,0.7476280965966939,12.52086735476897,0,0,0,0,0,0,0,0,0,0,0,0,-9,3,-9,3,-9,3,-9,3,-9,3,-9,4,-9,4,-9,5,-9,4,-9,5,-9,5,-9,6,-8,6,-8,6,-8,7,-8,7,-8,7,-8,8,-8,8,-7,9,-8,9,-7,10,-7,9,-7,10,-7,11,-7,11,0,0,-8,12,-7,11,-8,13,-7,12,-8,12,-8,13,-8,12,-9,12,-9,12,-9,12,-10,11,-10,11,-10,11,-9,11,-10,10,-10,10,-10,9,-10,9,-9,9,-10,8,-9,8,-9,8,-9,7,-10,6,-9,6,-10,5,0,0,0,0,0,0,0,0,0,0,0.0,0.0,0.0,0.0,0.0,0.0,9.486832980505138,9.486832980505138,9.486832980505138,9.486832980505138,9.486832980505138,9.848857801796104,9.848857801796104,10.295630140987,9.848857801796104,10.295630140987,10.295630140987,10.816653826391969,10.0,10.0,10.63014581273465,10.63014581273465,10.63014581273465,11.313708498984761,11.313708498984761,11.40175425099138,12.041594578792296,12.206555615733702,11.40175425099138,12.206555615733702,13.038404810405298,13.038404810405298,0.0,14.422205101855956,13.038404810405298,15.264337522473747,13.892443989449804,14.422205101855956,15.264337522473747,14.422205101855956,15.0,15.0,15.0,14.866068747318506,14.866068747318506,14.866068747318506,14.212670403551895,14.142135623730951,14.142135623730951,13.45362404707371,13.45362404707371,12.727922061357855,12.806248474865697,12.041594578792296,12.041594578792296,11.40175425099138,11.661903789690601,10.816653826391969,11.180339887498949,0.0,0.0,0.0,0.0,0.0,0.0,0.0,0.0,0.0,0.0,0.0,2.819842099193151,2.819842099193151,2.819842099193151,2.819842099193151,2.819842099193151,2.723368324010564,2.723368324010564,2.6344941491974563,2.723368324010564,2.6344941491974563,2.6344941491974563,2.5535900500422257,2.498091544796509,2.498091544796509,2.4227626539681686,2.4227626539681686,2.4227626539681686,2.356194490192345,2.356194490192345,2.2318394956455836,2.297438667476622,2.1815222911841055,2.2318394956455836,2.1815222911841055,2.137525544318403,2.137525544318403,0.0,2.158798930342464,2.137525544318403,2.1224513093234436,2.0988707752212563,2.158798930342464,2.1224513093234436,2.158798930342464,2.214297435588181,2.214297435588181,2.214297435588181,2.3086113869153615,2.3086113869153615,2.3086113869153615,2.256525837701183,2.356194490192345,2.356194490192345,2.408777551803287,2.408777551803287,2.356194490192345,2.4668517113662407,2.4149503129080676,2.4149503129080676,2.4805494847391065,2.601173153319209,2.5535900500422257,2.677945044588987,0.0,0.0,0.0,0.0,0.0
10.424113021996163,tx,1a:00:00:00:00:00,-54,85.71644665166247,64,0.7452549484366249,12.38232320161319,0,0,0,0,0,0,0,0,0,0,0,0,1,-9,1,-9,1,-10,1,-10,0,-10,0,-9,0,-10,0,-10,-1,-10,-1,-10,-1,-10,-1,-11,-2,-11,-2,-10,-2,-10,-3,-11,-3,-10,-3,-11,-4,-11,-4,-11,-4,-11,-5,-11,-5,-12,-6,-12,-6,-12,-6,-11,0,0,-7,-12,-7,-13,-7,-12,-8,-13,-7,-13,-7,-13,-7,-14,-6,-14,-7,-14,-6,-14,-6,-14,-6,-14,-5,-13,-5,-13,-6,-13,-5,-13,-5,-14,-4,-12,-4,-12,-3,-12,-3,-12,-3,-12,-2,-12,-2,-11,-2,-11,-1,-11,0,0,0,0,0,0,0,0,0,0,0.0,0.0,0.0,0.0,0.0,0.0,9.055385138137417,9.055385138137417,10.04987562112089,10.04987562112089,10.0,9.0,10.0,10.0,10.04987562112089,10.04987562112089,10.04987562112089,11.045361017187261,11.180339887498949,10.198039027185569,10.198039027185569,11.40175425099138,10.44030650891055,11.40175425099138,11.704699910719626,11.704699910719626,11.704699910719626,12.083045973594572,13.0,13.416407864998739,13.416407864998739,12.529964086141668,0.0,13.892443989449804,14.7648230602334,13.892443989449804,15.264337522473747,14.7648230602334,14.7648230602334,15.652475842498529,15.231546211727817,15.652475842498529,15.231546211727817,15.231546211727817,15.231546211727817,13.92838827718412,13.92838827718412,14.317821063276353,13.92838827718412,14.866068747318506,12.649110640673518,12.649110640673518,12.36931687685298,12.36931687685298,12.36931687685298,12.165525060596439,11.180339887498949,11.180339887498949,11.045361017187261,0.0,0.0,0.0,0.0,0.0,0.0,0.0,0.0,0.0,0.0,0.0,-1.460139105621001,-1.460139105621001,-1.4711276743037347,-1.4711276743037347,-1.5707963267948966,-1.5707963267948966,-1.5707963267948966,-1.5707963267948966,-1.6704649792860586,-1.6704649792860586,-1.6704649792860586,-1.6614562139956417,-1.750649826587375,-1.7681918866447774,-1.7681918866447774,-1.837048375945822,-1.8622531212727638,-1.837048375945822,-1.9195673303788037,-1.9195673303788037,-1.9195673303788037,-1.9974238199217726,-1.965587446494658,-2.0344439357957027,-2.0344439357957027,-2.0701430484750265,0.0,-2.0988707752212563,-2.0647376957144776,-2.0988707752212563,-2.1224513093234436,-2.0647376957144776,-2.0647376957144776,-2.0344439357957027,-1.97568811307998,-2.0344439357957027,-1.97568811307998,-1.97568811307998,-1.97568811307998,-1.9379701606131159,-1.9379701606131159,-2.0032041023654346,-1.9379701606131159,-1.9138202672156,-1.892546881191539,-1.892546881191539,-1.8157749899217608,-1.8157749899217608,-1.8157749899217608,-1.7359450042095235,-1.750649826587375,-1.750649826587375,-1.6614562139956417,0.0,0.0,0.0,0.0,0.0
10.532087982996018,tx,1a:00:00:00:00:00,-54,85.71644665166247,64,0.7435645622904946,12.243400194294056,0,0,0,0,0,0,0,0,0,0,0,0,-3,-9,-2,-9,-3,-10,-3,-9,-4,-10,-4,-9,-4,-10,-4,-10,-5,-10,-5,-10,-5,-10,-5,-10,-5,-10,-6,-10,-6,-9,-7,-10,-7,-9,-8,-9,-7,-9,-8,-9,-8,-9,-9,-9,-10,-10,-10,-9,-10,-9,-10,-9,0,0,-11,-9,-12,-10,-11,-9,-12,-10,-11,-9,-12,-10,-12,-11,-11,-11,-12,-11,-12,-11,-10,-11,-9,-12,-10,-11,-9,-11,-9,-11,-9,-11,-9,-12,-8,-10,-8,-11,-7,-11,-8,-11,-6,-11,-6,-11,-5,-11,-5,-10,-4,-10,0,0,0,0,0,0,0,0,0,0,0.0,0.0,0.0,0.0,0.0,0.0,9.486832980505138,9.219544457292887,10.44030650891055,9.486832980505138,10.770329614269007,9.848857801796104,10.770329614269007,10.770329614269007,11.180339887498949,11.180339887498949,11.180339887498949,11.180339887498949,11.180339887498949,11.661903789690601,10.816653826391969,12.206555615733702,11.40175425099138,12.041594578792296,11.40175425099138,12.041594578792296,12.041594578792296,12.727922061357855,14.142135623730951,13.45362404707371,13.45362404707371,13.45362404707371,0.0,14.212670403551895,15.620499351813308,14.212670403551895,15.620499351813308,14.212670403551895,15.620499351813308,16.278820596099706,15.556349186104045,16.278820596099706,16.278820596099706,14.866068747318506,15.0,14.866068747318506,14.212670403551895,14.212670403551895,14.212670403551895,15.0,12.806248474865697,13.601470508735444,13.038404810405298,13.601470508735444,12.529964086141668,12.529964086141668,12.083045973594572,11.180339887498949,10.770329614269007,0.0,0.0,0.0,0.0,0.0,0.0,0.0,0.0,0.0,0.0,0.0,-1.892546881191539,-1.7894652726688385,-1.8622531212727638,-1.892546881191539,-1.9513027039072615,-1.9890206563741257,-1.9513027039072615,-1.9513027039072615,-2.0344439357957027,-2.0344439357957027,-2.0344439357957027,-2.0344439357957027,-2.0344439357957027,-2.1112158270654806,-2.158798930342464,-2.1815222911841055,-2.2318394956455836,-2.297438667476622,-2.2318394956455836,-2.297438667476622,-2.297438667476622,-2.356194490192345,-2.356194490192345,-2.408777551803287,-2.408777551803287,-2.408777551803287,0.0,-2.455863142683507,-2.44685437739309,-2.455863142683507,-2.44685437739309,-2.455863142683507,-2.44685437739309,-2.399645385583876,-2.356194490192345,-2.399645385583876,-2.399645385583876,-2.3086113869153615,-2.214297435588181,-2.3086113869153615,-2.256525837701183,-2.256525837701183,-2.256525837701183,-2.214297435588181,-2.2455372690184494,-2.1995926132103296,-2.137525544318403,-2.1995926132103296,-2.0701430484750265,-2.0701430484750265,-1.9974238199217726,-2.0344439357957027,-1.9513027039072615,0.0,0.0,0.0,0.0,0.0
10.641947268995864,tx,1a:00:00:00:00:00,-55,85.71644665166247,64,0.7433276826170181,12.099181808430435,0,0,0,0,0,0,0,0,0,0,0,0,2,-10,1,-10,2,-10,1,-10,1,-10,0,-10,0,-11,0,-11,0,-11,-1,-11,-1,-11,-1,-11,-1,-11,-2,-12,-2,-12,-2,-11,-3,-12,-3,-11,-4,-12,-4,-12,-5,-12,-5,-12,-5,-12,-6,-13,-6,-13,-7,-13,0,0,-7,-13,-7,-13,-7,-14,-8,-13,-7,-14,-8,-14,-7,-14,-7,-14,-7,-15,-7,-14,-6,-15,-6,-15,-5,-15,-5,-15,-5,-14,-5,-14,-4,-14,-4,-13,-4,-13,-3,-13,-3,-13,-2,-13,-2,-13,-1,-13,-1,-12,-1,-12,0,0,0,0,0,0,0,0,0,0,0.0,0.0,0.0,0.0,0.0,0.0,10.198039027185569,10.04987562112089,10.198039027185569,10.04987562112089,10.04987562112089,10.0,11.0,11.0,11.0,11.045361017187261,11.045361017187261,11.045361017187261,11.045361017187261,12.165525060596439,12.165525060596439,11.180339887498949,12.36931687685298,11.40175425099138,12.649110640673518,12.649110640673518,13.0,13.0,13.0,14.317821063276353,14.317821063276353,14.7648230602334,0.0,14.7648230602334,14.7648230602334,15.652475842498529,15.264337522473747,15.652475842498529,16.1245154965971,15.652475842498529,15.652475842498529,16.55294535724685,15.652475842498529,16.15549442140351,16.15549442140351,15.811388300841896,15.811388300841896,14.866068747318506,14.866068747318506,14.560219778561036,13.601470508735444,13.601470508735444,13.341664064126334,13.341664064126334,13.152946437965905,13.152946437965905,13.038404810405298,12.041594578792296,12.041594578792296,0.0,0.0,0.0,0.0,0.0,0.0,0.0,0.0,0.0,0.0,0.0,-1.373400766945016,-1.4711276743037347,-1.373400766945016,-1.4711276743037347,-1.4711276743037347,-1.5707963267948966,-1.5707963267948966,-1.5707963267948966,-1.5707963267948966,-1.6614562139956417,-1.6614562139956417,-1.6614562139956417,-1.6614562139956417,-1.7359450042095235,-1.7359450042095235,-1.750649826587375,-1.8157749899217608,-1.837048375945822,-1.892546881191539,-1.892546881191539,-1.965587446494658,-1.965587446494658,-1.965587446494658,-2.0032041023654346,-2.0032041023654346,-2.0647376957144776,0.0,-2.0647376957144776,-2.0647376957144776,-2.0344439357957027,-2.1224513093234436,-2.0344439357957027,-2.0899424410414196,-2.0344439357957027,-2.0344439357957027,-2.007423486608438,-2.0344439357957027,-1.9513027039072615,-1.9513027039072615,-1.892546881191539,-1.892546881191539,-1.9138202672156,-1.9138202672156,-1.849095985800008,-1.8692952583810758,-1.8692952583810758,-1.7975951748487824,-1.7975951748487824,-1.7234456551901618,-1.7234456551901618,-1.6475682180646747,-1.6539375586833378,-1.6539375586833378,0.0,0.0,0.0,0.0,0.0
10.751226672000485,tx,1a:00:00:00:00:00,-55,91.39881648877271,64,0.7431602932829625,11.956569541047656,0,0,0,0,0,0,0,0,0,0,0,0,6,-8,5,-7,6,-8,6,-8,5,-8,5,-8,5,-9,5,-9,5,-9,4,-10,4,-9,4,-9,4,-10,4,-10,4,-10,3,-11,2,-11,3,-11,2,-11,2,-12,2,-12,2,-13,1,-13,1,-13,1,-13,1,-13,0,0,1,-14,1,-15,1,-14,1,-15,1,-14,1,-15,2,-15,2,-15,2,-15,3,-15,3,-14,3,-14,3,-15,3,-14,4,-13,4,-13,4,-13,4,-12,4,-12,4,-12,5,-11,5,-11,5,-10,5,-9,6,-10,4,-9,0,0,0,0,0,0,0,0,0,0,0.0,0.0,0.0,0.0,0.0,0.0,10.0,8.602325267042627,10.0,10.0,9.433981132056603,9.433981132056603,10.295630140987,10.295630140987,10.295630140987,10.770329614269007,9.848857801796104,9.848857801796104,10.770329614269007,10.770329614269007,10.770329614269007,11.40175425099138,11.180339887498949,11.40175425099138,11.180339887498949,12.165525060596439,12.165525060596439,13.152946437965905,13.038404810405298,13.038404810405298,13.038404810405298,13.038404810405298,0.0,14.035668847618199,15.033296378372908,14.035668847618199,15.033296378372908,14.035668847618199,15.033296378372908,15.132745950421556,15.132745950421556,15.132745950421556,15.297058540778355,14.317821063276353,14.317821063276353,15.297058540778355,14.317821063276353,13.601470508735444,13.601470508735444,13.601470508735444,12.649110640673518,12.649110640673518,12.649110640673518,12.083045973594572,12.083045973594572,11.180339887498949,10.295630140987,11.661903789690601,9.848857801796104,0.0,0.0,0.0,0.0,0.0,0.0,0.0,0.0,0.0,0.0,0.0,-0.9272952180016122,-0.9505468408120752,-0.9272952180016122,-0.9272952180016122,-1.0121970114513341,-1.0121970114513341,-1.0636978224025597,-1.0636978224025597,-1.0636978224025597,-1.1902899496825317,-1.1525719972156676,-1.1525719972156676,-1.1902899496825317,-1.1902899496825317,-1.1902899496825317,-1.3045442776439713,-1.3909428270024184,-1.3045442776439713,-1.3909428270024184,-1.4056476493802699,-1.4056476493802699,-1.4181469983996315,-1.4940244355251187,-1.4940244355251187,-1.4940244355251187,-1.4940244355251187,0.0,-1.4994888620096063,-1.5042281630190728,-1.4994888620096063,-1.5042281630190728,-1.4994888620096063,-1.5042281630190728,-1.4382447944982226,-1.4382447944982226,-1.4382447944982226,-1.373400766945016,-1.35970299357215,-1.35970299357215,-1.373400766945016,-1.35970299357215,-1.2722973952087173,-1.2722973952087173,-1.2722973952087173,-1.2490457723982544,-1.2490457723982544,-1.2490457723982544,-1.1441688336680205,-1.1441688336680205,-1.1071487177940904,-1.0636978224025597,-1.0303768265243125,-1.1525719972156676,0.0,0.0,0.0,0.0,0.0
10.8538647069945,tx,1a:00:00:00:00:00,-54,91.39881648877271,64,0.7432648679090814,11.819296086025561,0,0,0,0,0,0,0,0,0,0,0,0,-8,5,-8,5,-7,5,-8,5,-7,5,-8,6,-7,6,-7,6,-7,6,-7,7,-7,7,-7,7,-6,8,-6,8,-6,8,-6,8,-6,9,-5,9,-5,10,-5,10,-5,10,-5,10,-4,10,-4,11,-4,11,-4,12,0,0,-4,12,-5,12,-5,13,-4,12,-5,13,-5,14,-5,13,-6,13,-6,13,-6,12,-6,13,-6,12,-7,12,-7,12,-7,11,-7,11,-7,10,-7,10,-7,9,-7,9,-8,9,-7,9,-7,8,-8,7,-9,6,-7,6,0,0,0,0,0,0,0,0,0,0,0.0,0.0,0.0,0.0,0.0,0.0,9.433981132056603,9.433981132056603,8.602325267042627,9.433981132056603,8.602325267042627,10.0,9.219544457292887,9.219544457292887,9.219544457292887,9.899494936611665,9.899494936611665,9.899494936611665,10.0,10.0,10.0,10.0,10.816653826391969,10.295630140987,11.180339887498949,11.180339887498949,11.180339887498949,11.180339887498949,10.770329614269007,11.704699910719626,11.704699910719626,12.649110640673518,0.0,12.649110640673518,13.0,13.92838827718412,12.649110640673518,13.92838827718412,14.866068747318506,13.92838827718412,14.317821063276353,14.317821063276353,13.416407864998739,14.317821063276353,13.416407864998739,13.892443989449804,13.892443989449804,13.038404810405298,13.038404810405298,12.206555615733702,12.206555615733702,11.40175425099138,11.40175425099138,12.041594578792296,11.40175425099138,10.63014581273465,10.63014581273465,10.816653826391969,9.219544457292887,0.0,0.0,0.0,0.0,0.0,0.0,0.0,0.0,0.0,0.0,0.0,2.5829933382462307,2.5829933382462307,2.5213431676069717,2.5829933382462307,2.5213431676069717,2.498091544796509,2.432966381462123,2.432966381462123,2.432966381462123,2.356194490192345,2.356194490192345,2.356194490192345,2.214297435588181,2.214297435588181,2.214297435588181,2.214297435588181,2.158798930342464,2.0778948311872334,2.0344439357957027,2.0344439357957027,2.0344439357957027,2.0344439357957027,1.9513027039072615,1.9195673303788037,1.9195673303788037,1.892546881191539,0.0,1.892546881191539,1.965587446494658,1.9379701606131159,1.892546881191539,1.9379701606131159,1.9138202672156,1.9379701606131159,2.0032041023654346,2.0032041023654346,2.0344439357957027,2.0032041023654346,2.0344439357957027,2.0988707752212563,2.0988707752212563,2.137525544318403,2.137525544318403,2.1815222911841055,2.1815222911841055,2.2318394956455836,2.2318394956455836,2.297438667476622,2.2318394956455836,2.289626326416521,2.4227626539681686,2.5535900500422257,2.432966381462123,0.0,0.0,0.0,0.0,0.0
10.955938050996338,tx,1a:00:00:00:00:00,-54,91.39881648877271,64,0.7420439400604659,11.687419277964498,0,0,0,0,0,0,0,0,0,0,0,0,8,-1,8,-1,9,-1,9,-2,9,-2,8,-2,9,-3,9,-3,9,-3,9,-3,9,-4,9,-4,9,-5,9,-5,9,-5,9,-6,8,-6,9,-7,8,-7,8,-8,9,-8,8,-9,9,-9,9,-9,9,-10,8,-10,0,0,9,-10,9,-11,9,-11,10,-12,9,-11,10,-12,10,-12,10,-11,10,-11,11,-11,11,-11,10,-10,11,-9,10,-9,11,-9,10,-9,11,-9,9,-8,10,-8,9,-7,10,-7,9,-7,11,-7,10,-5,10,-5,10,-3,0,0,0,0,0,0,0,0,0,0,0.0,0.0,0.0,0.0,0.0,0.0,8.06225774829855,8.06225774829855,9.055385138137417,9.219544457292887,9.219544457292887,8.246211251235321,9.486832980505138,9.486832980505138,9.486832980505138,9.486832980505138,9.848857801796104,9.848857801796104,10.295630140987,10.295630140987,10.295630140987,10.816653826391969,10.0,11.40175425099138,10.63014581273465,11.313708498984761,12.041594578792296,12.041594578792296,12.727922061357855,12.727922061357855,13.45362404707371,12.806248474865697,0.0,13.45362404707371,14.212670403551895,14.212670403551895,15.620499351813308,14.212670403551895,15.620499351813308,15.620499351813308,14.866068747318506,14.866068747318506,15.556349186104045,15.556349186104045,14.142135623730951,14.212670403551895,13.45362404707371,14.212670403551895,13.45362404707371,14.212670403551895,12.041594578792296,12.806248474865697,11.40175425099138,12.206555615733702,11.40175425099138,13.038404810405298,11.180339887498949,11.180339887498949,10.44030650891055,0.0,0.0,0.0,0.0,0.0,0.0,0.0,0.0,0.0,0.0,0.0,-0.12435499454676144,-0.12435499454676144,-0.11065722117389565,-0.21866894587394195,-0.21866894587394195,-0.24497866312686414,-0.3217505543966422,-0.3217505543966422,-0.3217505543966422,-0.3217505543966422,-0.4182243295792291,-0.4182243295792291,-0.507098504392337,-0.507098504392337,-0.507098504392337,-0.5880026035475675,-0.6435011087932844,-0.6610431688506869,-0.7188299996216245,-0.7853981633974483,-0.7266423406817256,-0.844153986113171,-0.7853981633974483,-0.7853981633974483,-0.83798122500839,-0.8960553845713439,0.0,-0.83798122500839,-0.8850668158886104,-0.8850668158886104,-0.8760580505981934,-0.8850668158886104,-0.8760580505981934,-0.8760580505981934,-0.8329812666744317,-0.8329812666744317,-0.7853981633974483,-0.7853981633974483,-0.7853981633974483,-0.6857295109062863,-0.7328151017865066,-0.6857295109062863,-0.7328151017865066,-0.6857295109062863,-0.7266423406817256,-0.6747409422235526,-0.6610431688506869,-0.6107259643892086,-0.6610431688506869,-0.5667292175235064,-0.4636476090008061,-0.4636476090008061,-0.2914567944778671,0.0,0.0,0.0,0.0,0.0
11.06059415100026,tx,1a:00:00:00:00:00,-54,91.39881648877271,64,0.740870447440138,11.554715948924258,0,0,0,0,0,0,0,0,0,0,0,0,3,8,3,8,4,8,4,8,4,8,4,8,5,8,5,8,5,8,6,8,6,8,6,8,6,8,7,8,7,7,8,7,8,7,8,7,9,6,9,7,9,7,10,7,10,6,11,6,12,6,12,6,0,0,12,6,13,7,13,7,13,6,13,7,13,7,13,8,13,8,13,8,13,8,12,8,12,8,12,9,12,9,11,9,11,9,10,8,9,8,9,8,9,9,9,9,8,9,8,9,7,9,7,9,6,9,0,0,0,0,0,0,0,0,0,0,0.0,0.0,0.0,0.0,0.0,0.0,8.54400374531753,8.54400374531753,8.94427190999916,8.94427190999916,8.94427190999916,8.94427190999916,9.433981132056603,9.433981132056603,9.433981132056603,10.0,10.0,10.0,10.0,10.63014581273465,9.899494936611665,10.63014581273465,10.63014581273465,10.63014581273465,10.816653826391969,11.40175425099138,11.40175425099138,12.206555615733702,11.661903789690601,12.529964086141668,13.416407864998739,13.416407864998739,0.0,13.416407864998739,14.7648230602334,14.7648230602334,14.317821063276353,14.7648230602334,14.7648230602334,15.264337522473747,15.264337522473747,15.264337522473747,15.264337522473747,14.422205101855956,14.422205101855956,15.0,15.0,14.212670403551895,14.212670403551895,12.806248474865697,12.041594578792296,12.041594578792296,12.727922061357855,12.727922061357855,12.041594578792296,12.041594578792296,11.40175425099138,11.40175425099138,10.816653826391969,0.0,0.0,0.0,0.0,0.0,0.0,0.0,0.0,0.0,0.0,0.0,1.2120256565243244,1.2120256565243244,1.1071487177940904,1.1071487177940904,1.1071487177940904,1.1071487177940904,1.0121970114513341,1.0121970114513341,1.0121970114513341,0.9272952180016122,0.9272952180016122,0.9272952180016122,0.9272952180016122,0.8519663271732721,0.7853981633974483,0.7188299996216245,0.7188299996216245,0.7188299996216245,0.5880026035475675,0.6610431688506869,0.6610431688506869,0.6107259643892086,0.5404195002705842,0.4993467216801301,0.4636476090008061,0.4636476090008061,0.0,0.4636476090008061,0.49394136891958124,0.49394136891958124,0.43240777557053783,0.49394136891958124,0.49394136891958124,0.5516549825285468,0.5516549825285468,0.5516549825285468,0.5516549825285468,0.5880026035475675,0.5880026035475675,0.6435011087932844,0.6435011087932844,0.6857295109062863,0.6857295109062863,0.6747409422235526,0.7266423406817256,0.7266423406817256,0.7853981633974483,0.7853981633974483,0.844153986113171,0.844153986113171,0.9097531579442097,0.9097531579442097,0.982793723247329,0.0,0.0,0.0,0.0,0.0
11.161039048995008,tx,1a:00:00:00:00:00,-54,91.39881648877271,64,0.7396057049813204,11.419566027632712,0,0,0,0,0,0,0,0,0,0,0,0,7,2,8,2,9,2,8,2,9,2,8,1,9,1,9,1,9,1,10,1,10,1,10,0,10,0,10,-1,10,-1,11,-1,10,-2,11,-2,11,-3,11,-3,11,-3,11,-4,12,-4,12,-4,12,-4,12,-5,0,0,13,-5,13,-5,13,-5,14,-5,14,-5,14,-5,14,-5,14,-5,14,-5,15,-4,14,-3,14,-3,14,-3,13,-2,14,-3,13,-3,14,-2,13,-2,13,-2,12,-1,12,0,11,0,11,0,10,0,11,1,11,1,0,0,0,0,0,0,0,0,0,0,0.0,0.0,0.0,0.0,0.0,0.0,7.280109889280518,8.246211251235321,9.219544457292887,8.246211251235321,9.219544457292887,8.06225774829855,9.055385138137417,9.055385138137417,9.055385138137417,10.04987562112089,10.04987562112089,10.0,10.0,10.04987562112089,10.04987562112089,11.045361017187261,10.198039027185569,11.180339887498949,11.40175425099138,11.40175425099138,11.40175425099138,11.704699910719626,12.649110640673518,12.649110640673518,12.649110640673518,13.0,0.0,13.92838827718412,13.92838827718412,13.92838827718412,14.866068747318506,14.866068747318506,14.866068747318506,14.866068747318506,14.866068747318506,14.866068747318506,15.524174696260024,14.317821063276353,14.317821063276353,14.317821063276353,13.152946437965905,14.317821063276353,13.341664064126334,14.142135623730951,13.152946437965905,13.152946437965905,12.041594578792296,12.0,11.0,11.0,10.0,11.045361017187261,11.045361017187261,0.0,0.0,0.0,0.0,0.0,0.0,0.0,0.0,0.0,0.0,0.0,0.27829965900511133,0.24497866312686414,0.21866894587394195,0.24497866312686414,0.21866894587394195,0.12435499454676144,0.11065722117389565,0.11065722117389565,0.11065722117389565,0.09966865249116202,0.09966865249116202,0.0,0.0,-0.09966865249116202,-0.09966865249116202,-0.09065988720074511,-0.19739555984988075,-0.17985349979247828,-0.2662520491509254,-0.2662520491509254,-0.2662520491509254,-0.348771003583907,-0.3217505543966422,-0.3217505543966422,-0.3217505543966422,-0.3947911196997615,0.0,-0.3671738338182192,-0.3671738338182192,-0.3671738338182192,-0.3430239404207034,-0.3430239404207034,-0.3430239404207034,-0.3430239404207034,-0.3430239404207034,-0.3430239404207034,-0.260602391747341,-0.21109333322274654,-0.21109333322274654,-0.21109333322274654,-0.15264932839526515,-0.21109333322274654,-0.22679884805388587,-0.14189705460416394,-0.15264932839526515,-0.15264932839526515,-0.08314123188844123,0.0,0.0,0.0,0.0,0.09065988720074511,0.09065988720074511,0.0,0.0,0.0,0.0,0.0
11.26367978000053,tx,1a:00:00:00:00:00,-54,91.39881648877271,64,0.738570878929658,11.281851186376961,0,0,0,0,0,0,0,0,0,0,0,0,2,-8,2,-9,2,-9,1,-9,1,-9,1,-9,1,-10,1,-10,0,-10,0,-10,0,-10,0,-10,-1,-10,-1,-11,-1,-11,-2,-11,-2,-11,-2,-11,-3,-11,-3,-11,-3,-11,-4,-12,-4,-12,-5,-12,-5,-13,-5,-12,0,0,-5,-13,-6,-13,-6,-13,-6,-14,-6,-14,-5,-14,-5,-14,-5,-14,-6,-14,-5,-15,-5,-14,-5,-15,-4,-13,-4,-14,-4,-14,-3,-13,-3,-14,-3,-13,-2,-12,-1,-12,-2,-13,-2,-12,-1,-13,0,-10,-1,-11,0,-11,0,0,0,0,0,0,0,0,0,0,0.0,0.0,0.0,0.0,0.0,0.0,8.246211251235321,9.219544457292887,9.219544457292887,9.055385138137417,9.055385138137417,9.055385138137417,10.04987562112089,10.04987562112089,10.0,10.0,10.0,10.0,10.04987562112089,11.045361017187261,11.045361017187261,11.180339887498949,11.180339887498949,11.180339887498949,11.40175425099138,11.40175425099138,11.40175425099138,12.649110640673518,12.649110640673518,13.0,13.92838827718412,13.0,0.0,13.92838827718412,14.317821063276353,14.317821063276353,15.231546211727817,15.231546211727817,14.866068747318506,14.866068747318506,14.866068747318506,15.231546211727817,15.811388300841896,14.866068747318506,15.811388300841896,13.601470508735444,14.560219778561036,14.560219778561036,13.341664064126334,14.317821063276353,13.341664064126334,12.165525060596439,12.041594578792296,13.152946437965905,12.165525060596439,13.038404810405298,10.0,11.045361017187261,11.0,0.0,0.0,0.0,0.0,0.0,0.0,0.0,0.0,0.0,0.0,0.0,-1.3258176636680326,-1.3521273809209546,-1.3521273809209546,-1.460139105621001,-1.460139105621001,-1.460139105621001,-1.4711276743037347,-1.4711276743037347,-1.5707963267948966,-1.5707963267948966,-1.5707963267948966,-1.5707963267948966,-1.6704649792860586,-1.6614562139956417,-1.6614562139956417,-1.750649826587375,-1.750649826587375,-1.750649826587375,-1.837048375945822,-1.837048375945822,-1.837048375945822,-1.892546881191539,-1.892546881191539,-1.965587446494658,-1.9379701606131159,-1.965587446494658,0.0,-1.9379701606131159,-2.0032041023654346,-2.0032041023654346,-1.97568811307998,-1.97568811307998,-1.9138202672156,-1.9138202672156,-1.9138202672156,-1.97568811307998,-1.892546881191539,-1.9138202672156,-1.892546881191539,-1.8692952583810758,-1.849095985800008,-1.849095985800008,-1.7975951748487824,-1.7818896600176433,-1.7975951748487824,-1.7359450042095235,-1.6539375586833378,-1.7234456551901618,-1.7359450042095235,-1.6475682180646747,-1.5707963267948966,-1.6614562139956417,-1.5707963267948966,0.0,0.0,0.0,0.0,0.0
11.37127698099357,tx,1a:00:00:00:00:00,-54,91.39881648877271,64,0.7380105624782386,11.140642956007882,0,0,0,0,0,0,0,0,0,0,0,0,-8,-2,-8,-2,-8,-2,-8,-2,-8,-2,-8,-2,-8,-2,-8,-1,-9,-1,-9,-1,-9,-1,-9,0,-9,0,-9,1,-9,1,-10,1,-10,1,-9,2,-10,2,-10,2,-10,2,-10,3,-10,3,-10,4,-11,4,-11,4,0,0,-11,5,-11,4,-12,5,-11,5,-12,5,-12,5,-12,4,-12,4,-13,4,-12,4,-12,4,-12,3,-12,3,-12,3,-12,2,-12,2,-12,2,-11,2,-11,2,-11,1,-11,1,-11,0,-10,0,-10,0,-10,0,-10,-1,0,0,0,0,0,0,0,0,0,0,0.0,0.0,0.0,0.0,0.0,0.0,8.246211251235321,8.246211251235321,8.246211251235321,8.246211251235321,8.246211251235321,8.246211251235321,8.246211251235321,8.06225774829855,9.055385138137417,9.055385138137417,9.055385138137417,9.0,9.0,9.055385138137417,9.055385138137417,10.04987562112089,10.04987562112089,9.219544457292887,10.198039027185569,10.198039027185569,10.198039027185569,10.44030650891055,10.44030650891055,10.770329614269007,11.704699910719626,11.704699910719626,0.0,12.083045973594572,11.704699910719626,13.0,12.083045973594572,13.0,13.0,12.649110640673518,12.649110640673518,13.601470508735444,12.649110640673518,12.649110640673518,12.36931687685298,12.36931687685298,12.36931687685298,12.165525060596439,12.165525060596439,12.165525060596439,11.180339887498949,11.180339887498949,11.045361017187261,11.045361017187261,11.0,10.0,10.0,10.0,10.04987562112089,0.0,0.0,0.0,0.0,0.0,0.0,0.0,0.0,0.0,0.0,0.0,-2.896613990462929,-2.896613990462929,-2.896613990462929,-2.896613990462929,-2.896613990462929,-2.896613990462929,-2.896613990462929,-3.017237659043032,-3.0309354324158977,-3.0309354324158977,-3.0309354324158977,3.141592653589793,3.141592653589793,3.0309354324158977,3.0309354324158977,3.0419240010986313,3.0419240010986313,2.922923707715851,2.9441970937399127,2.9441970937399127,2.9441970937399127,2.8501358591119264,2.8501358591119264,2.761086276477428,2.7928216500058864,2.7928216500058864,0.0,2.714965160462917,2.7928216500058864,2.746801533890032,2.714965160462917,2.746801533890032,2.746801533890032,2.819842099193151,2.819842099193151,2.843093722003614,2.819842099193151,2.819842099193151,2.896613990462929,2.896613990462929,2.896613990462929,2.976443976175166,2.976443976175166,2.976443976175166,2.961739153797315,2.961739153797315,3.050932766389048,3.050932766389048,3.141592653589793,3.141592653589793,3.141592653589793,3.141592653589793,-3.0419240010986313,0.0,0.0,0.0,0.0,0.0
11.482254146998457,tx,1a:00:00:00:00:00,-55,91.39881648877271,64,0.737564982884242,10.99414929839428,0,0,0,0,0,0,0,0,0,0,0,0,-6,-7,-6,-7,-6,-7,-6,-7,-7,-7,-7,-7,-7,-7,-7,-7,-8,-7,-8,-7,-8,-6,-9,-6,-9,-6,-9,-6,-9,-5,-10,-5,-10,-5,-11,-5,-11,-4,-11,-4,-11,-4,-12,-4,-12,-4,-13,-3,-13,-3,-13,-3,0,0,-14,-3,-15,-3,-14,-3,-15,-3,-14,-3,-15,-3,-15,-4,-15,-4,-16,-4,-15,-4,-15,-4,-15,-5,-15,-5,-14,-5,-14,-5,-14,-5,-13,-6,-12,-5,-13,-6,-12,-6,-12,-6,-11,-7,-11,-7,-10,-7,-10,-7,-9,-7,0,0,0,0,0,0,0,0,0,0,0.0,0.0,0.0,0.0,0.0,0.0,9.219544457292887,9.219544457292887,9.219544457292887,9.219544457292887,9.899494936611665,9.899494936611665,9.899494936611665,9.899494936611665,10.63014581273465,10.63014581273465,10.0,10.816653826391969,10.816653826391969,10.816653826391969,10.295630140987,11.180339887498949,11.180339887498949,12.083045973594572,11.704699910719626,11.704699910719626,11.704699910719626,12.649110640673518,12.649110640673518,13.341664064126334,13.341664064126334,13.341664064126334,0.0,14.317821063276353,15.297058540778355,14.317821063276353,15.297058540778355,14.317821063276353,15.297058540778355,15.524174696260024,15.524174696260024,16.492422502470642,15.524174696260024,15.524174696260024,15.811388300841896,15.811388300841896,14.866068747318506,14.866068747318506,14.866068747318506,14.317821063276353,13.0,14.317821063276353,13.416407864998739,13.416407864998739,13.038404810405298,13.038404810405298,12.206555615733702,12.206555615733702,11.40175425099138,0.0,0.0,0.0,0.0,0.0,0.0,0.0,0.0,0.0,0.0,0.0,-2.279422598922567,-2.279422598922567,-2.279422598922567,-2.279422598922567,-2.356194490192345,-2.356194490192345,-2.356194490192345,-2.356194490192345,-2.4227626539681686,-2.4227626539681686,-2.498091544796509,-2.5535900500422257,-2.5535900500422257,-2.5535900500422257,-2.6344941491974563,-2.677945044588987,-2.677945044588987,-2.714965160462917,-2.7928216500058864,-2.7928216500058864,-2.7928216500058864,-2.819842099193151,-2.819842099193151,-2.9147938055359073,-2.9147938055359073,-2.9147938055359073,0.0,-2.930499320367047,-2.9441970937399127,-2.930499320367047,-2.9441970937399127,-2.930499320367047,-2.9441970937399127,-2.8809902618424523,-2.8809902618424523,-2.896613990462929,-2.8809902618424523,-2.8809902618424523,-2.819842099193151,-2.819842099193151,-2.79856871316909,-2.79856871316909,-2.79856871316909,-2.7091848780192556,-2.746801533890032,-2.7091848780192556,-2.677945044588987,-2.677945044588987,-2.5748634360662868,-2.5748634360662868,-2.5308666892005847,-2.5308666892005847,-2.4805494847391065,0.0,0.0,0.0,0.0,0.0
11.582775871997,tx,1a:00:00:00:00:00,-55,91.39881648877271,64,0.7369321419191159,10.84051411039812,0,0,0,0,0,0,0,0,0,0,0,0,7,-1,8,-1,8,-1,9,-1,8,-1,9,-1,9,-2,8,-2,9,-2,9,-3,9,-3,9,-3,9,-4,9,-4,9,-5,9,-5,9,-5,9,-5,9,-6,9,-6,9,-7,9,-7,9,-7,9,-8,9,-9,10,-9,0,0,10,-10,10,-9,11,-10,10,-9,11,-10,11,-10,11,-9,11,-9,12,-9,11,-9,12,-9,12,-8,12,-8,12,-8,11,-7,12,-7,11,-7,11,-6,11,-6,11,-5,11,-5,11,-4,10,-4,10,-4,10,-3,10,-2,0,0,0,0,0,0,0,0,0,0,0.0,0.0,0.0,0.0,0.0,0.0,7.0710678118654755,8.06225774829855,8.06225774829855,9.055385138137417,8.06225774829855,9.055385138137417,9.219544457292887,8.246211251235321,9.219544457292887,9.486832980505138,9.486832980505138,9.486832980505138,9.848857801796104,9.848857801796104,10.295630140987,10.295630140987,10.295630140987,10.295630140987,10.816653826391969,10.816653826391969,11.40175425099138,11.40175425099138,11.40175425099138,12.041594578792296,12.727922061357855,13.45362404707371,0.0,14.142135623730951,13.45362404707371,14.866068747318506,13.45362404707371,14.866068747318506,14.866068747318506,14.212670403551895,14.212670403551895,15.0,14.212670403551895,15.0,14.422205101855956,14.422205101855956,14.422205101855956,13.038404810405298,13.892443989449804,13.038404810405298,12.529964086141668,12.529964086141668,12.083045973594572,12.083045973594572,11.704699910719626,10.770329614269007,10.770329614269007,10.44030650891055,10.198039027185569,0.0,0.0,0.0,0.0,0.0,0.0,0.0,0.0,0.0,0.0,0.0,-0.14189705460416394,-0.12435499454676144,-0.12435499454676144,-0.11065722117389565,-0.12435499454676144,-0.11065722117389565,-0.21866894587394195,-0.24497866312686414,-0.21866894587394195,-0.3217505543966422,-0.3217505543966422,-0.3217505543966422,-0.4182243295792291,-0.4182243295792291,-0.507098504392337,-0.507098504392337,-0.507098504392337,-0.507098504392337,-0.5880026035475675,-0.5880026035475675,-0.6610431688506869,-0.6610431688506869,-0.6610431688506869,-0.7266423406817256,-0.7853981633974483,-0.7328151017865066,0.0,-0.7853981633974483,-0.7328151017865066,-0.7378150601204649,-0.7328151017865066,-0.7378150601204649,-0.7378150601204649,-0.6857295109062863,-0.6857295109062863,-0.6435011087932844,-0.6857295109062863,-0.6435011087932844,-0.5880026035475675,-0.5880026035475675,-0.5880026035475675,-0.5667292175235064,-0.5280744484263596,-0.5667292175235064,-0.4993467216801301,-0.4993467216801301,-0.4266274931268761,-0.4266274931268761,-0.348771003583907,-0.3805063771123649,-0.3805063771123649,-0.2914567944778671,-0.19739555984988075,0.0,0.0,0.0,0.0,0.0
11.691295516000537,tx,1a:00:00:00:00:00,-55,92.9777681089152,64,0.7369472745432712,10.566267583828706,0,0,0,0,0,0,0,0,0,0,0,0,7,3,7,3,8,2,8,2,8,2,8,2,9,2,9,1,9,1,9,1,9,1,9,0,9,0,9,0,10,-1,10,-1,10,-1,10,-1,10,-2,10,-3,10,-3,11,-3,11,-3,11,-4,12,-4,12,-4,0,0,12,-4,12,-5,13,-4,13,-4,13,-4,13,-5,14,-4,14,-4,14,-3,14,-3,14,-3,14,-2,13,-2,13,-2,13,-2,13,-1,13,-1,12,-1,12,-1,11,0,11,0,11,0,11,1,10,1,10,2,9,2,0,0,0,0,0,0,0,0,0,0,0.0,0.0,0.0,0.0,0.0,0.0,7.615773105863909,7.615773105863909,8.246211251235321,8.246211251235321,8.246211251235321,8.246211251235321,9.219544457292887,9.055385138137417,9.055385138137417,9.055385138137417,9.055385138137417,9.0,9.0,9.0,10.04987562112089,10.04987562112089,10.04987562112089,10.04987562112089,10.198039027185569,10.44030650891055,10.44030650891055,11.40175425099138,11.40175425099138,11.704699910719626,12.649110640673518,12.649110640673518,0.0,12.649110640673518,13.0,13.601470508735444,13.601470508735444,13.601470508735444,13.92838827718412,14.560219778561036,14.560219778561036,14.317821063276353,14.317821063276353,14.317821063276353,14.142135623730951,13.152946437965905,13.152946437965905,13.152946437965905,13.038404810405298,13.038404810405298,12.041594578792296,12.041594578792296,11.0,11.0,11.0,11.045361017187261,10.04987562112089,10.198039027185569,9.219544457292887,0.0,0.0,0.0,0.0,0.0,0.0,0.0,0.0,0.0,0.0,0.0,0.40489178628508343,0.40489178628508343,0.24497866312686414,0.24497866312686414,0.24497866312686414,0.24497866312686414,0.21866894587394195,0.11065722117389565,0.11065722117389565,0.11065722117389565,0.11065722117389565,0.0,0.0,0.0,-0.09966865249116202,-0.09966865249116202,-0.09966865249116202,-0.09966865249116202,-0.19739555984988075,-0.2914567944778671,-0.2914567944778671,-0.2662520491509254,-0.2662520491509254,-0.348771003583907,-0.3217505543966422,-0.3217505543966422,0.0,-0.3217505543966422,-0.3947911196997615,-0.2984989315861793,-0.2984989315861793,-0.2984989315861793,-0.3671738338182192,-0.27829965900511133,-0.27829965900511133,-0.21109333322274654,-0.21109333322274654,-0.21109333322274654,-0.14189705460416394,-0.15264932839526515,-0.15264932839526515,-0.15264932839526515,-0.07677189126977804,-0.07677189126977804,-0.08314123188844123,-0.08314123188844123,0.0,0.0,0.0,0.09065988720074511,0.09966865249116202,0.19739555984988075,0.21866894587394195,0.0,0.0,0.0,0.0,0.0
11.793564485000388,tx,1a:00:00:00:00:00,-55,92.9777681089152,64,0.7363623096905132,10.359171317274,0,0,0,0,0,0,0,0,0,0,0,0,-7,-6,-7,-6,-8,-6,-8,-6,-8,-6,-8,-6,-8,-6,-9,-6,-9,-5,-9,-5,-10,-5,-10,-5,-10,-4,-10,-4,-11,-4,-11,-3,-11,-3,-11,-3,-11,-2,-12,-2,-12,-2,-12,-1,-12,-1,-13,-1,-13,-1,-13,-1,0,0,-14,0,-14,0,-15,0,-15,0,-15,-1,-15,-1,-15,-1,-15,-1,-15,-1,-15,-2,-15,-1,-15,-2,-14,-2,-14,-2,-14,-2,-14,-3,-13,-3,-13,-3,-12,-4,-12,-4,-12,-4,-12,-4,-11,-4,-11,-5,-11,-5,-10,-5,0,0,0,0,0,0,0,0,0,0,0.0,0.0,0.0,0.0,0.0,0.0,9.219544457292887,9.219544457292887,10.0,10.0,10.0,10.0,10.0,10.816653826391969,10.295630140987,10.295630140987,11.180339887498949,11.180339887498949,10.770329614269007,10.770329614269007,11.704699910719626,11.40175425099138,11.40175425099138,11.40175425099138,11.180339887498949,12.165525060596439,12.165525060596439,12.041594578792296,12.041594578792296,13.038404810405298,13.038404810405298,13.038404810405298,0.0,14.0,14.0,15.0,15.0,15.033296378372908,15.033296378372908,15.033296378372908,15.033296378372908,15.033296378372908,15.132745950421556,15.033296378372908,15.132745950421556,14.142135623730951,14.142135623730951,14.142135623730951,14.317821063276353,13.341664064126334,13.341664064126334,12.649110640673518,12.649110640673518,12.649110640673518,12.649110640673518,11.704699910719626,12.083045973594572,12.083045973594572,11.180339887498949,0.0,0.0,0.0,0.0,0.0,0.0,0.0,0.0,0.0,0.0,0.0,-2.432966381462123,-2.432966381462123,-2.498091544796509,-2.498091544796509,-2.498091544796509,-2.498091544796509,-2.498091544796509,-2.5535900500422257,-2.6344941491974563,-2.6344941491974563,-2.677945044588987,-2.677945044588987,-2.761086276477428,-2.761086276477428,-2.7928216500058864,-2.875340604438868,-2.875340604438868,-2.875340604438868,-2.961739153797315,-2.976443976175166,-2.976443976175166,-3.058451421701352,-3.058451421701352,-3.064820762320015,-3.064820762320015,-3.064820762320015,0.0,3.141592653589793,3.141592653589793,3.141592653589793,3.141592653589793,-3.0750244898139694,-3.0750244898139694,-3.0750244898139694,-3.0750244898139694,-3.0750244898139694,-3.0090411212931194,-3.0750244898139694,-3.0090411212931194,-2.999695598985629,-2.999695598985629,-2.999695598985629,-2.930499320367047,-2.9147938055359073,-2.9147938055359073,-2.819842099193151,-2.819842099193151,-2.819842099193151,-2.819842099193151,-2.7928216500058864,-2.714965160462917,-2.714965160462917,-2.677945044588987,0.0,0.0,0.0,0.0,0.0
11.90178821599693,tx,1a:00:00:00:00:00,-55,92.9777681089152,64,0.7356205980036046,10.188832292755835,0,0,0,0,0,0,0,0,0,0,0,0,9,0,9,-1,9,-1,9,-1,9,-1,9,-1,10,-2,10,-2,10,-2,10,-3,10,-3,10,-4,10,-4,10,-4,10,-5,10,-5,10,-5,10,-6,9,-7,10,-7,10,-7,10,-8,10,-8,10,-9,10,-9,10,-9,0,0,11,-10,11,-10,11,-10,11,-10,11,-10,11,-11,12,-10,12,-10,12,-10,12,-9,12,-10,12,-9,12,-9,12,-9,12,-8,12,-8,12,-7,11,-7,11,-6,11,-6,11,-6,11,-5,11,-5,11,-4,11,-4,10,-3,0,0,0,0,0,0,0,0,0,0,0.0,0.0,0.0,0.0,0.0,0.0,9.0,9.055385138137417,9.055385138137417,9.055385138137417,9.055385138137417,9.055385138137417,10.198039027185569,10.198039027185569,10.198039027185569,10.44030650891055,10.44030650891055,10.770329614269007,10.770329614269007,10.770329614269007,11.180339887498949,11.180339887498949,11.180339887498949,11.661903789690601,11.40175425099138,12.206555615733702,12.206555615733702,12.806248474865697,12.806248474865697,13.45362404707371,13.45362404707371,13.45362404707371,0.0,14.866068747318506,14.866068747318506,14.866068747318506,14.866068747318506,14.866068747318506,15.556349186104045,15.620499351813308,15.620499351813308,15.620499351813308,15.0,15.620499351813308,15.0,15.0,15.0,14.422205101855956,14.422205101855956,13.892443989449804,13.038404810405298,12.529964086141668,12.529964086141668,12.529964086141668,12.083045973594572,12.083045973594572,11.704699910719626,11.704699910719626,10.44030650891055,0.0,0.0,0.0,0.0,0.0,0.0,0.0,0.0,0.0,0.0,0.0,0.0,-0.11065722117389565,-0.11065722117389565,-0.11065722117389565,-0.11065722117389565,-0.11065722117389565,-0.19739555984988075,-0.19739555984988075,-0.19739555984988075,-0.2914567944778671,-0.2914567944778671,-0.3805063771123649,-0.3805063771123649,-0.3805063771123649,-0.4636476090008061,-0.4636476090008061,-0.4636476090008061,-0.5404195002705842,-0.6610431688506869,-0.6107259643892086,-0.6107259643892086,-0.6747409422235526,-0.6747409422235526,-0.7328151017865066,-0.7328151017865066,-0.7328151017865066,0.0,-0.7378150601204649,-0.7378150601204649,-0.7378150601204649,-0.7378150601204649,-0.7378150601204649,-0.7853981633974483,-0.6947382761967031,-0.6947382761967031,-0.6947382761967031,-0.6435011087932844,-0.6947382761967031,-0.6435011087932844,-0.6435011087932844,-0.6435011087932844,-0.5880026035475675,-0.5880026035475675,-0.5280744484263596,-0.5667292175235064,-0.4993467216801301,-0.4993467216801301,-0.4993467216801301,-0.4266274931268761,-0.4266274931268761,-0.348771003583907,-0.348771003583907,-0.2914567944778671,0.0,0.0,0.0,0.0,0.0
12.012019855996186,tx,1a:00:00:00:00:00,-55,92.9777681089152,64,0.7349345306592554,10.03645240891982,0,0,0,0,0,0,0,0,0,0,0,0,-6,-8,-6,-7,-7,-7,-7,-7,-7,-7,-7,-7,-7,-7,-8,-7,-8,-7,-8,-7,-9,-6,-9,-6,-9,-6,-10,-6,-10,-5,-10,-5,-10,-5,-11,-5,-11,-4,-11,-5,-11,-4,-12,-4,-12,-4,-13,-4,-13,-4,-13,-3,0,0,-14,-4,-14,-4,-15,-4,-15,-3,-14,-4,-15,-4,-15,-5,-15,-5,-14,-6,-15,-6,-14,-5,-15,-5,-13,-7,-14,-7,-13,-6,-13,-6,-12,-6,-11,-6,-12,-6,-11,-7,-11,-7,-10,-8,-10,-7,-9,-7,-9,-7,-9,-8,0,0,0,0,0,0,0,0,0,0,0.0,0.0,0.0,0.0,0.0,0.0,10.0,9.219544457292887,9.899494936611665,9.899494936611665,9.899494936611665,9.899494936611665,9.899494936611665,10.63014581273465,10.63014581273465,10.63014581273465,10.816653826391969,10.816653826391969,10.816653826391969,11.661903789690601,11.180339887498949,11.180339887498949,11.180339887498949,12.083045973594572,11.704699910719626,12.083045973594572,11.704699910719626,12.649110640673518,12.649110640673518,13.601470508735444,13.601470508735444,13.341664064126334,0.0,14.560219778561036,14.560219778561036,15.524174696260024,15.297058540778355,14.560219778561036,15.524174696260024,15.811388300841896,15.811388300841896,15.231546211727817,16.15549442140351,14.866068747318506,15.811388300841896,14.7648230602334,15.652475842498529,14.317821063276353,14.317821063276353,13.416407864998739,12.529964086141668,13.416407864998739,13.038404810405298,13.038404810405298,12.806248474865697,12.206555615733702,11.40175425099138,11.40175425099138,12.041594578792296,0.0,0.0,0.0,0.0,0.0,0.0,0.0,0.0,0.0,0.0,0.0,-2.214297435588181,-2.279422598922567,-2.356194490192345,-2.356194490192345,-2.356194490192345,-2.356194490192345,-2.356194490192345,-2.4227626539681686,-2.4227626539681686,-2.4227626539681686,-2.5535900500422257,-2.5535900500422257,-2.5535900500422257,-2.601173153319209,-2.677945044588987,-2.677945044588987,-2.677945044588987,-2.714965160462917,-2.7928216500058864,-2.714965160462917,-2.7928216500058864,-2.819842099193151,-2.819842099193151,-2.843093722003614,-2.843093722003614,-2.9147938055359073,0.0,-2.8632929945846817,-2.8632929945846817,-2.8809902618424523,-2.9441970937399127,-2.8632929945846817,-2.8809902618424523,-2.819842099193151,-2.819842099193151,-2.7367008673047097,-2.761086276477428,-2.79856871316909,-2.819842099193151,-2.647651284670212,-2.677945044588987,-2.7091848780192556,-2.7091848780192556,-2.677945044588987,-2.642245931909663,-2.677945044588987,-2.5748634360662868,-2.5748634360662868,-2.4668517113662407,-2.5308666892005847,-2.4805494847391065,-2.4805494847391065,-2.4149503129080676,0.0,0.0,0.0,0.0,0.0
12.121449522994226,tx,1a:00:00:00:00:00,-55,92.9777681089152,64,0.7332655106014171,9.889571371729005,0,0,0,0,0,0,0,0,0,0,0,0,7,-5,7,-5,7,-5,7,-5,7,-5,6,-6,6,-6,6,-6,6,-7,6,-7,7,-7,6,-7,6,-8,6,-8,5,-8,5,-9,5,-9,4,-9,4,-10,4,-10,4,-10,4,-11,4,-11,4,-12,4,-12,4,-12,0,0,3,-13,3,-13,3,-13,3,-14,3,-14,4,-14,4,-14,5,-14,4,-14,5,-14,5,-14,5,-13,5,-13,5,-13,5,-13,5,-12,5,-12,5,-11,5,-11,5,-10,6,-10,6,-10,6,-10,6,-9,7,-9,7,-8,0,0,0,0,0,0,0,0,0,0,0.0,0.0,0.0,0.0,0.0,0.0,8.602325267042627,8.602325267042627,8.602325267042627,8.602325267042627,8.602325267042627,8.48528137423857,8.48528137423857,8.48528137423857,9.219544457292887,9.219544457292887,9.899494936611665,9.219544457292887,10.0,10.0,9.433981132056603,10.295630140987,10.295630140987,9.848857801796104,10.770329614269007,10.770329614269007,10.770329614269007,11.704699910719626,11.704699910719626,12.649110640673518,12.649110640673518,12.649110640673518,0.0,13.341664064126334,13.341664064126334,13.341664064126334,14.317821063276353,14.317821063276353,14.560219778561036,14.560219778561036,14.866068747318506,14.560219778561036,14.866068747318506,14.866068747318506,13.92838827718412,13.92838827718412,13.92838827718412,13.92838827718412,13.0,13.0,12.083045973594572,12.083045973594572,11.180339887498949,11.661903789690601,11.661903789690601,11.661903789690601,10.816653826391969,11.40175425099138,10.63014581273465,0.0,0.0,0.0,0.0,0.0,0.0,0.0,0.0,0.0,0.0,0.0,-0.6202494859828215,-0.6202494859828215,-0.6202494859828215,-0.6202494859828215,-0.6202494859828215,-0.7853981633974483,-0.7853981633974483,-0.7853981633974483,-0.8621700546672264,-0.8621700546672264,-0.7853981633974483,-0.8621700546672264,-0.9272952180016122,-0.9272952180016122,-1.0121970114513341,-1.0636978224025597,-1.0636978224025597,-1.1525719972156676,-1.1902899496825317,-1.1902899496825317,-1.1902899496825317,-1.2220253232109897,-1.2220253232109897,-1.2490457723982544,-1.2490457723982544,-1.2490457723982544,0.0,-1.3439974787410107,-1.3439974787410107,-1.3439974787410107,-1.35970299357215,-1.35970299357215,-1.2924966677897853,-1.2924966677897853,-1.2277723863741932,-1.2924966677897853,-1.2277723863741932,-1.2277723863741932,-1.2036224929766774,-1.2036224929766774,-1.2036224929766774,-1.2036224929766774,-1.176005207095135,-1.176005207095135,-1.1441688336680205,-1.1441688336680205,-1.1071487177940904,-1.0303768265243125,-1.0303768265243125,-1.0303768265243125,-0.982793723247329,-0.9097531579442097,-0.8519663271732721,0.0,0.0,0.0,0.0,0.0
12.221437439999136,tx,1a:00:00:00:00:00,-54,92.9777681089152,64,0.7307986140070668,9.739316361792268,0,0,0,0,0,0,0,0,0,0,0,0,-8,-4,-8,-4,-8,-3,-9,-3,-9,-3,-9,-3,-9,-3,-9,-2,-10,-3,-10,-2,-10,-2,-10,-1,-10,-1,-10,-1,-11,0,-10,0,-11,0,-10,0,-11,1,-11,1,-11,1,-12,2,-11,2,-12,3,-12,3,-13,3,0,0,-14,4,-13,3,-14,4,-13,4,-14,4,-14,4,-15,3,-14,3,-15,3,-14,2,-14,3,-14,3,-14,2,-14,2,-14,1,-14,1,-13,1,-13,1,-13,0,-12,0,-13,0,-12,-1,-11,-1,-12,-1,-11,-1,-11,-2,0,0,0,0,0,0,0,0,0,0,0.0,0.0,0.0,0.0,0.0,0.0,8.94427190999916,8.94427190999916,8.54400374531753,9.486832980505138,9.486832980505138,9.486832980505138,9.486832980505138,9.219544457292887,10.44030650891055,10.198039027185569,10.198039027185569,10.04987562112089,10.04987562112089,10.04987562112089,11.0,10.0,11.0,10.0,11.045361017187261,11.045361017187261,11.045361017187261,12.165525060596439,11.180339887498949,12.36931687685298,12.36931687685298,13.341664064126334,0.0,14.560219778561036,13.341664064126334,14.560219778561036,13.601470508735444,14.560219778561036,14.560219778561036,15.297058540778355,14.317821063276353,15.297058540778355,14.142135623730951,14.317821063276353,14.317821063276353,14.142135623730951,14.142135623730951,14.035668847618199,14.035668847618199,13.038404810405298,13.038404810405298,13.0,12.0,13.0,12.041594578792296,11.045361017187261,12.041594578792296,11.045361017187261,11.180339887498949,0.0,0.0,0.0,0.0,0.0,0.0,0.0,0.0,0.0,0.0,0.0,-2.677945044588987,-2.677945044588987,-2.782821983319221,-2.819842099193151,-2.819842099193151,-2.819842099193151,-2.819842099193151,-2.922923707715851,-2.8501358591119264,-2.9441970937399127,-2.9441970937399127,-3.0419240010986313,-3.0419240010986313,-3.0419240010986313,3.141592653589793,3.141592653589793,3.141592653589793,3.141592653589793,3.050932766389048,3.050932766389048,3.050932766389048,2.976443976175166,2.961739153797315,2.896613990462929,2.896613990462929,2.9147938055359073,0.0,2.8632929945846817,2.9147938055359073,2.8632929945846817,2.843093722003614,2.8632929945846817,2.8632929945846817,2.9441970937399127,2.930499320367047,2.9441970937399127,2.999695598985629,2.930499320367047,2.930499320367047,2.999695598985629,2.999695598985629,3.070285188804503,3.070285188804503,3.064820762320015,3.064820762320015,3.141592653589793,3.141592653589793,3.141592653589793,-3.058451421701352,-3.050932766389048,-3.058451421701352,-3.050932766389048,-2.961739153797315,0.0,0.0,0.0,0.0,0.0
12.330657971993787,tx,1a:00:00:00:00:00,-55,92.9777681089152,64,0.7290282451980131,9.580092261049,0,0,0,0,0,0,0,0,0,0,0,0,5,6,5,6,5,6,6,6,6,6,6,6,6,6,6,5,7,6,7,5,8,5,8,5,8,4,8,4,9,4,9,4,10,4,9,3,10,3,10,3,10,3,11,3,11,2,12,2,12,2,13,2,0,0,13,2,13,2,14,2,13,2,14,2,14,3,14,3,14,3,14,3,13,3,14,3,14,4,13,4,14,4,12,4,13,5,11,4,12,4,11,5,10,5,11,5,10,5,9,5,9,5,9,5,8,6,0,0,0,0,0,0,0,0,0,0,0.0,0.0,0.0,0.0,0.0,0.0,7.810249675906654,7.810249675906654,7.810249675906654,8.48528137423857,8.48528137423857,8.48528137423857,8.48528137423857,7.810249675906654,9.219544457292887,8.602325267042627,9.433981132056603,9.433981132056603,8.94427190999916,8.94427190999916,9.848857801796104,9.848857801796104,10.770329614269007,9.486832980505138,10.44030650891055,10.44030650891055,10.44030650891055,11.40175425099138,11.180339887498949,12.165525060596439,12.165525060596439,13.152946437965905,0.0,13.152946437965905,13.152946437965905,14.142135623730951,13.152946437965905,14.142135623730951,14.317821063276353,14.317821063276353,14.317821063276353,14.317821063276353,13.341664064126334,14.317821063276353,14.560219778561036,13.601470508735444,14.560219778561036,12.649110640673518,13.92838827718412,11.704699910719626,12.649110640673518,12.083045973594572,11.180339887498949,12.083045973594572,11.180339887498949,10.295630140987,10.295630140987,10.295630140987,10.0,0.0,0.0,0.0,0.0,0.0,0.0,0.0,0.0,0.0,0.0,0.0,0.8760580505981934,0.8760580505981934,0.8760580505981934,0.7853981633974483,0.7853981633974483,0.7853981633974483,0.7853981633974483,0.6947382761967031,0.7086262721276703,0.6202494859828215,0.5585993153435624,0.5585993153435624,0.4636476090008061,0.4636476090008061,0.4182243295792291,0.4182243295792291,0.3805063771123649,0.3217505543966422,0.2914567944778671,0.2914567944778671,0.2914567944778671,0.2662520491509254,0.17985349979247828,0.16514867741462683,0.16514867741462683,0.15264932839526515,0.0,0.15264932839526515,0.15264932839526515,0.14189705460416394,0.15264932839526515,0.14189705460416394,0.21109333322274654,0.21109333322274654,0.21109333322274654,0.21109333322274654,0.22679884805388587,0.21109333322274654,0.27829965900511133,0.2984989315861793,0.27829965900511133,0.3217505543966422,0.3671738338182192,0.348771003583907,0.3217505543966422,0.4266274931268761,0.4636476090008061,0.4266274931268761,0.4636476090008061,0.507098504392337,0.507098504392337,0.507098504392337,0.6435011087932844,0.0,0.0,0.0,0.0,0.0
12.43536595999467,tx,1a:00:00:00:00:00,-55,92.9777681089152,64,0.7271824680478347,9.41082357093693,0,0,0,0,0,0,0,0,0,0,0,0,-8,-4,-9,-4,-8,-3,-9,-4,-9,-3,-10,-3,-9,-3,-10,-2,-10,-3,-10,-2,-10,-2,-10,-1,-11,-1,-11,-1,-11,0,-11,0,-11,0,-11,1,-12,2,-12,2,-12,2,-12,2,-12,2,-12,3,-13,3,-13,4,0,0,-14,4,-13,3,-15,4,-14,4,-15,4,-15,4,-15,4,-15,4,-15,3,-15,3,-15,3,-15,2,-15,2,-15,2,-14,1,-15,1,-14,1,-14,1,-14,0,-13,0,-13,0,-13,-1,-12,-1,-12,-1,-12,-2,-12,-3,0,0,0,0,0,0,0,0,0,0,0.0,0.0,0.0,0.0,0.0,0.0,8.94427190999916,9.848857801796104,8.54400374531753,9.848857801796104,9.486832980505138,10.44030650891055,9.486832980505138,10.198039027185569,10.44030650891055,10.198039027185569,10.198039027185569,10.04987562112089,11.045361017187261,11.045361017187261,11.0,11.0,11.0,11.045361017187261,12.165525060596439,12.165525060596439,12.165525060596439,12.165525060596439,12.165525060596439,12.36931687685298,13.341664064126334,13.601470508735444,0.0,14.560219778561036,13.341664064126334,15.524174696260024,14.560219778561036,15.524174696260024,15.524174696260024,15.524174696260024,15.524174696260024,15.297058540778355,15.297058540778355,15.297058540778355,15.132745950421556,15.132745950421556,15.132745950421556,14.035668847618199,15.033296378372908,14.035668847618199,14.035668847618199,14.0,13.0,13.0,13.038404810405298,12.041594578792296,12.041594578792296,12.165525060596439,12.36931687685298,0.0,0.0,0.0,0.0,0.0,0.0,0.0,0.0,0.0,0.0,0.0,-2.677945044588987,-2.723368324010564,-2.782821983319221,-2.723368324010564,-2.819842099193151,-2.8501358591119264,-2.819842099193151,-2.9441970937399127,-2.8501358591119264,-2.9441970937399127,-2.9441970937399127,-3.0419240010986313,-3.050932766389048,-3.050932766389048,3.141592653589793,3.141592653589793,3.141592653589793,3.050932766389048,2.976443976175166,2.976443976175166,2.976443976175166,2.976443976175166,2.976443976175166,2.896613990462929,2.9147938055359073,2.843093722003614,0.0,2.8632929945846817,2.9147938055359073,2.8809902618424523,2.8632929945846817,2.8809902618424523,2.8809902618424523,2.8809902618424523,2.8809902618424523,2.9441970937399127,2.9441970937399127,2.9441970937399127,3.0090411212931194,3.0090411212931194,3.0090411212931194,3.070285188804503,3.0750244898139694,3.070285188804503,3.070285188804503,3.141592653589793,3.141592653589793,3.141592653589793,-3.064820762320015,-3.058451421701352,-3.058451421701352,-2.976443976175166,-2.896613990462929,0.0,0.0,0.0,0.0,0.0
12.540971015994728,tx,1a:00:00:00:00:00,-55,92.9777681089152,64,0.7251626513300022,9.232899465592455,0,0,0,0,0,0,0,0,0,0,0,0,2,8,2,8,2,8,3,8,3,8,3,8,4,8,4,8,4,8,5,9,5,8,5,8,6,8,6,8,6,8,8,7,8,7,8,7,9,6,9,6,9,7,10,6,10,7,11,6,11,7,11,7,0,0,12,6,13,6,13,6,13,7,13,7,13,7,13,7,13,8,13,7,13,8,13,8,12,9,12,8,11,8,12,8,11,7,11,8,10,8,10,8,9,8,9,8,9,8,8,8,7,8,7,8,6,8,0,0,0,0,0,0,0,0,0,0,0.0,0.0,0.0,0.0,0.0,0.0,8.246211251235321,8.246211251235321,8.246211251235321,8.54400374531753,8.54400374531753,8.54400374531753,8.94427190999916,8.94427190999916,8.94427190999916,10.295630140987,9.433981132056603,9.433981132056603,10.0,10.0,10.0,10.63014581273465,10.63014581273465,10.63014581273465,10.816653826391969,10.816653826391969,11.40175425099138,11.661903789690601,12.206555615733702,12.529964086141668,13.038404810405298,13.038404810405298,0.0,13.416407864998739,14.317821063276353,14.317821063276353,14.7648230602334,14.7648230602334,14.7648230602334,14.7648230602334,15.264337522473747,14.7648230602334,15.264337522473747,15.264337522473747,15.0,14.422205101855956,13.601470508735444,14.422205101855956,13.038404810405298,13.601470508735444,12.806248474865697,12.806248474865697,12.041594578792296,12.041594578792296,12.041594578792296,11.313708498984761,10.63014581273465,10.63014581273465,10.0,0.0,0.0,0.0,0.0,0.0,0.0,0.0,0.0,0.0,0.0,0.0,1.3258176636680326,1.3258176636680326,1.3258176636680326,1.2120256565243244,1.2120256565243244,1.2120256565243244,1.1071487177940904,1.1071487177940904,1.1071487177940904,1.0636978224025597,1.0121970114513341,1.0121970114513341,0.9272952180016122,0.9272952180016122,0.9272952180016122,0.7188299996216245,0.7188299996216245,0.7188299996216245,0.5880026035475675,0.5880026035475675,0.6610431688506869,0.5404195002705842,0.6107259643892086,0.4993467216801301,0.5667292175235064,0.5667292175235064,0.0,0.4636476090008061,0.43240777557053783,0.43240777557053783,0.49394136891958124,0.49394136891958124,0.49394136891958124,0.49394136891958124,0.5516549825285468,0.49394136891958124,0.5516549825285468,0.5516549825285468,0.6435011087932844,0.5880026035475675,0.628796286415433,0.5880026035475675,0.5667292175235064,0.628796286415433,0.6747409422235526,0.6747409422235526,0.7266423406817256,0.7266423406817256,0.7266423406817256,0.7853981633974483,0.8519663271732721,0.8519663271732721,0.9272952180016122,0.0,0.0,0.0,0.0,0.0
12.651286727996194,tx,1a:00:00:00:00:00,-54,92.9777681089152,64,0.72310470971747,9.050434493117216,0,0,0,0,0,0,0,0,0,0,0,0,-9,0,-9,0,-9,0,-9,0,-10,1,-9,1,-9,1,-10,1,-9,2,-10,2,-10,2,-10,3,-10,3,-10,3,-10,4,-10,5,-10,5,-10,5,-9,6,-9,7,-10,6,-9,7,-10,7,-10,8,-10,8,-10,8,0,0,-10,9,-10,10,-10,10,-11,10,-11,10,-11,10,-11,10,-12,10,-11,10,-12,9,-12,9,-12,8,-12,8,-11,8,-12,8,-11,8,-12,7,-11,7,-11,6,-11,6,-11,5,-11,5,-11,5,-11,4,-11,4,-11,3,0,0,0,0,0,0,0,0,0,0,0.0,0.0,0.0,0.0,0.0,0.0,9.0,9.0,9.0,9.0,10.04987562112089,9.055385138137417,9.055385138137417,10.04987562112089,9.219544457292887,10.198039027185569,10.198039027185569,10.44030650891055,10.44030650891055,10.44030650891055,10.770329614269007,11.180339887498949,11.180339887498949,11.180339887498949,10.816653826391969,11.40175425099138,11.661903789690601,11.40175425099138,12.206555615733702,12.806248474865697,12.806248474865697,12.806248474865697,0.0,13.45362404707371,14.142135623730951,14.142135623730951,14.866068747318506,14.866068747318506,14.866068747318506,14.866068747318506,15.620499351813308,14.866068747318506,15.0,15.0,14.422205101855956,14.422205101855956,13.601470508735444,14.422205101855956,13.601470508735444,13.892443989449804,13.038404810405298,12.529964086141668,12.529964086141668,12.083045973594572,12.083045973594572,12.083045973594572,11.704699910719626,11.704699910719626,11.40175425099138,0.0,0.0,0.0,0.0,0.0,0.0,0.0,0.0,0.0,0.0,0.0,3.141592653589793,3.141592653589793,3.141592653589793,3.141592653589793,3.0419240010986313,3.0309354324158977,3.0309354324158977,3.0419240010986313,2.922923707715851,2.9441970937399127,2.9441970937399127,2.8501358591119264,2.8501358591119264,2.8501358591119264,2.761086276477428,2.677945044588987,2.677945044588987,2.677945044588987,2.5535900500422257,2.4805494847391065,2.601173153319209,2.4805494847391065,2.5308666892005847,2.4668517113662407,2.4668517113662407,2.4668517113662407,0.0,2.408777551803287,2.356194490192345,2.356194490192345,2.403777593469328,2.403777593469328,2.403777593469328,2.403777593469328,2.44685437739309,2.403777593469328,2.498091544796509,2.498091544796509,2.5535900500422257,2.5535900500422257,2.5127963671743605,2.5535900500422257,2.5127963671743605,2.6135182051634334,2.5748634360662868,2.642245931909663,2.642245931909663,2.714965160462917,2.714965160462917,2.714965160462917,2.7928216500058864,2.7928216500058864,2.875340604438868,0.0,0.0,0.0,0.0,0.0
12.752908116999606,tx,1a:00:00:00:00:00,-54,91.25379400025335,64,0.7217475494076673,8.722299291249568,0,0,0,0,0,0,0,0,0,0,0,0,3,7,4,7,4,7,4,7,4,7,5,7,5,7,5,7,5,7,6,6,6,6,7,6,7,6,7,6,8,6,8,6,9,6,8,5,9,5,9,5,9,5,10,5,10,4,11,4,11,4,12,4,0,0,12,4,12,5,13,5,13,4,13,5,14,5,13,6,13,6,13,6,13,6,13,6,12,6,12,7,12,7,11,7,11,7,11,7,10,6,10,7,9,7,9,7,9,7,8,7,8,7,7,7,7,7,0,0,0,0,0,0,0,0,0,0,0.0,0.0,0.0,0.0,0.0,0.0,7.615773105863909,8.06225774829855,8.06225774829855,8.06225774829855,8.06225774829855,8.602325267042627,8.602325267042627,8.602325267042627,8.602325267042627,8.48528137423857,8.48528137423857,9.219544457292887,9.219544457292887,9.219544457292887,10.0,10.0,10.816653826391969,9.433981132056603,10.295630140987,10.295630140987,10.295630140987,11.180339887498949,10.770329614269007,11.704699910719626,11.704699910719626,12.649110640673518,0.0,12.649110640673518,13.0,13.92838827718412,13.601470508735444,13.92838827718412,14.866068747318506,14.317821063276353,14.317821063276353,14.317821063276353,14.317821063276353,14.317821063276353,13.416407864998739,13.892443989449804,13.892443989449804,13.038404810405298,13.038404810405298,13.038404810405298,11.661903789690601,12.206555615733702,11.40175425099138,11.40175425099138,11.40175425099138,10.63014581273465,10.63014581273465,9.899494936611665,9.899494936611665,0.0,0.0,0.0,0.0,0.0,0.0,0.0,0.0,0.0,0.0,0.0,1.1659045405098132,1.0516502125483738,1.0516502125483738,1.0516502125483738,1.0516502125483738,0.9505468408120752,0.9505468408120752,0.9505468408120752,0.9505468408120752,0.7853981633974483,0.7853981633974483,0.7086262721276703,0.7086262721276703,0.7086262721276703,0.6435011087932844,0.6435011087932844,0.5880026035475675,0.5585993153435624,0.507098504392337,0.507098504392337,0.507098504392337,0.4636476090008061,0.3805063771123649,0.348771003583907,0.348771003583907,0.3217505543966422,0.0,0.3217505543966422,0.3947911196997615,0.3671738338182192,0.2984989315861793,0.3671738338182192,0.3430239404207034,0.43240777557053783,0.43240777557053783,0.43240777557053783,0.43240777557053783,0.43240777557053783,0.4636476090008061,0.5280744484263596,0.5280744484263596,0.5667292175235064,0.5667292175235064,0.5667292175235064,0.5404195002705842,0.6107259643892086,0.6610431688506869,0.6610431688506869,0.6610431688506869,0.7188299996216245,0.7188299996216245,0.7853981633974483,0.7853981633974483,0.0,0.0,0.0,0.0,0.0
12.855366582996794,tx,1a:00:00:00:00:00,-54,91.25379400025335,64,0.7183882340024813,8.465513721048174,0,0,0,0,0,0,0,0,0,0,0,0,-2,7,-2,8,-2,8,-2,8,-1,8,-1,8,-1,9,-1,9,0,9,0,9,0,9,1,9,1,9,1,9,2,10,2,9,3,10,3,9,3,10,4,10,4,10,4,10,5,10,5,11,6,11,6,11,0,0,6,12,7,12,7,12,7,12,6,13,7,13,6,13,6,14,6,13,5,13,5,13,5,13,5,13,5,13,4,13,4,13,3,13,3,12,3,12,2,11,2,12,1,12,1,11,1,11,0,11,0,10,0,0,0,0,0,0,0,0,0,0,0.0,0.0,0.0,0.0,0.0,0.0,7.280109889280518,8.246211251235321,8.246211251235321,8.246211251235321,8.06225774829855,8.06225774829855,9.055385138137417,9.055385138137417,9.0,9.0,9.0,9.055385138137417,9.055385138137417,9.055385138137417,10.198039027185569,9.219544457292887,10.44030650891055,9.486832980505138,10.44030650891055,10.770329614269007,10.770329614269007,10.770329614269007,11.180339887498949,12.083045973594572,12.529964086141668,12.529964086141668,0.0,13.416407864998739,13.892443989449804,13.892443989449804,13.892443989449804,14.317821063276353,14.7648230602334,14.317821063276353,15.231546211727817,14.317821063276353,13.92838827718412,13.92838827718412,13.92838827718412,13.92838827718412,13.92838827718412,13.601470508735444,13.601470508735444,13.341664064126334,12.36931687685298,12.36931687685298,11.180339887498949,12.165525060596439,12.041594578792296,11.045361017187261,11.045361017187261,11.0,10.0,0.0,0.0,0.0,0.0,0.0,0.0,0.0,0.0,0.0,0.0,0.0,1.849095985800008,1.8157749899217608,1.8157749899217608,1.8157749899217608,1.695151321341658,1.695151321341658,1.6814535479687922,1.6814535479687922,1.5707963267948966,1.5707963267948966,1.5707963267948966,1.460139105621001,1.460139105621001,1.460139105621001,1.373400766945016,1.3521273809209546,1.2793395323170296,1.2490457723982544,1.2793395323170296,1.1902899496825317,1.1902899496825317,1.1902899496825317,1.1071487177940904,1.1441688336680205,1.0714496051147666,1.0714496051147666,0.0,1.1071487177940904,1.042721878368537,1.042721878368537,1.042721878368537,1.1383885512243588,1.0768549578753155,1.1383885512243588,1.1659045405098132,1.1383885512243588,1.2036224929766774,1.2036224929766774,1.2036224929766774,1.2036224929766774,1.2036224929766774,1.2722973952087173,1.2722973952087173,1.3439974787410107,1.3258176636680326,1.3258176636680326,1.3909428270024184,1.4056476493802699,1.4876550949064553,1.4801364395941514,1.4801364395941514,1.5707963267948966,1.5707963267948966,0.0,0.0,0.0,0.0,0.0
12.960761807997187,tx,1a:00:00:00:00:00,-54,91.25379400025335,64,0.7150827766420079,8.241636411783945,0,0,0,0,0,0,0,0,0,0,0,0,-1,6,0,7,1,8,1,10,1,8,2,9,2,8,0,8,2,9,3,10,4,10,3,9,4,9,4,9,4,8,5,9,5,9,6,9,6,8,6,8,6,9,7,9,8,9,9,9,9,9,9,9,0,0,9,9,10,10,10,9,11,10,10,10,10,11,10,11,10,11,10,11,10,11,10,11,9,11,9,11,8,11,9,11,8,11,8,12,7,10,7,11,6,11,6,11,5,11,5,11,4,10,4,10,3,10,0,0,0,0,0,0,0,0,0,0,0.0,0.0,0.0,0.0,0.0,0.0,6.082762530298219,7.0,8.06225774829855,10.04987562112089,8.06225774829855,9.219544457292887,8.246211251235321,8.0,9.219544457292887,10.44030650891055,10.770329614269007,9.486832980505138,9.848857801796104,9.848857801796104,8.94427190999916,10.295630140987,10.295630140987,10.816653826391969,10.0,10.0,10.816653826391969,11.40175425099138,12.041594578792296,12.727922061357855,12.727922061357855,12.727922061357855,0.0,12.727922061357855,14.142135623730951,13.45362404707371,14.866068747318506,14.142135623730951,14.866068747318506,14.866068747318506,14.866068747318506,14.866068747318506,14.866068747318506,14.866068747318506,14.212670403551895,14.212670403551895,13.601470508735444,14.212670403551895,13.601470508735444,14.422205101855956,12.206555615733702,13.038404810405298,12.529964086141668,12.529964086141668,12.083045973594572,12.083045973594572,10.770329614269007,10.770329614269007,10.44030650891055,0.0,0.0,0.0,0.0,0.0,0.0,0.0,0.0,0.0,0.0,0.0,1.7359450042095235,1.5707963267948966,1.446441332248135,1.4711276743037347,1.446441332248135,1.3521273809209546,1.3258176636680326,1.5707963267948966,1.3521273809209546,1.2793395323170296,1.1902899496825317,1.2490457723982544,1.1525719972156676,1.1525719972156676,1.1071487177940904,1.0636978224025597,1.0636978224025597,0.982793723247329,0.9272952180016122,0.9272952180016122,0.982793723247329,0.9097531579442097,0.844153986113171,0.7853981633974483,0.7853981633974483,0.7853981633974483,0.0,0.7853981633974483,0.7853981633974483,0.7328151017865066,0.7378150601204649,0.7853981633974483,0.8329812666744317,0.8329812666744317,0.8329812666744317,0.8329812666744317,0.8329812666744317,0.8329812666744317,0.8850668158886104,0.8850668158886104,0.9420000403794636,0.8850668158886104,0.9420000403794636,0.982793723247329,0.960070362405688,1.0040671092713902,1.0714496051147666,1.0714496051147666,1.1441688336680205,1.1441688336680205,1.1902899496825317,1.1902899496825317,1.2793395323170296,0.0,0.0,0.0,0.0,0.0
13.063064864996704,tx,1a:00:00:00:00:00,-55,91.25379400025335,64,0.7128731334878149,8.027048948347078,0,0,0,0,0,0,0,0,0,0,0,0,-2,6,-1,7,0,7,0,9,-2,8,0,7,-1,8,1,8,-1,8,0,8,1,9,1,8,2,9,3,9,3,9,3,9,4,9,4,9,5,9,5,9,5,9,5,9,6,9,6,9,7,9,7,10,0,0,8,10,7,10,8,11,8,10,8,11,8,11,8,11,8,11,7,12,7,11,7,11,7,11,7,12,7,12,6,11,6,12,5,11,5,11,5,11,4,10,4,10,3,10,3,10,3,10,3,10,2,10,0,0,0,0,0,0,0,0,0,0,0.0,0.0,0.0,0.0,0.0,0.0,6.324555320336759,7.0710678118654755,7.0,9.0,8.246211251235321,7.0,8.06225774829855,8.06225774829855,8.06225774829855,8.0,9.055385138137417,8.06225774829855,9.219544457292887,9.486832980505138,9.486832980505138,9.486832980505138,9.848857801796104,9.848857801796104,10.295630140987,10.295630140987,10.295630140987,10.295630140987,10.816653826391969,10.816653826391969,11.40175425099138,12.206555615733702,0.0,12.806248474865697,12.206555615733702,13.601470508735444,12.806248474865697,13.601470508735444,13.601470508735444,13.601470508735444,13.601470508735444,13.892443989449804,13.038404810405298,13.038404810405298,13.038404810405298,13.892443989449804,13.892443989449804,12.529964086141668,13.416407864998739,12.083045973594572,12.083045973594572,12.083045973594572,10.770329614269007,10.770329614269007,10.44030650891055,10.44030650891055,10.44030650891055,10.44030650891055,10.198039027185569,0.0,0.0,0.0,0.0,0.0,0.0,0.0,0.0,0.0,0.0,0.0,1.892546881191539,1.7126933813990606,1.5707963267948966,1.5707963267948966,1.8157749899217608,1.5707963267948966,1.695151321341658,1.446441332248135,1.695151321341658,1.5707963267948966,1.460139105621001,1.446441332248135,1.3521273809209546,1.2490457723982544,1.2490457723982544,1.2490457723982544,1.1525719972156676,1.1525719972156676,1.0636978224025597,1.0636978224025597,1.0636978224025597,1.0636978224025597,0.982793723247329,0.982793723247329,0.9097531579442097,0.960070362405688,0.0,0.8960553845713439,0.960070362405688,0.9420000403794636,0.8960553845713439,0.9420000403794636,0.9420000403794636,0.9420000403794636,0.9420000403794636,1.042721878368537,1.0040671092713902,1.0040671092713902,1.0040671092713902,1.042721878368537,1.042721878368537,1.0714496051147666,1.1071487177940904,1.1441688336680205,1.1441688336680205,1.1441688336680205,1.1902899496825317,1.1902899496825317,1.2793395323170296,1.2793395323170296,1.2793395323170296,1.2793395323170296,1.373400766945016,0.0,0.0,0.0,0.0,0.0
13.163429708998592,tx,1a:00:00:00:00:00,-54,91.25379400025335,64,0.7107718455067474,7.814426944864596,0,0,0,0,0,0,0,0,0,0,0,0,5,-6,5,-7,5,-7,5,-7,4,-8,4,-8,4,-8,4,-8,4,-9,4,-9,3,-9,3,-10,3,-10,3,-10,2,-10,2,-10,1,-11,1,-11,1,-12,1,-12,0,-12,0,-12,0,-12,-1,-13,-1,-13,-1,-13,0,0,-1,-14,-1,-14,-2,-15,-2,-15,-1,-15,-2,-16,-1,-16,-1,-16,-1,-16,-1,-15,0,-15,0,-15,0,-15,1,-16,1,-14,1,-15,1,-14,1,-14,1,-13,1,-13,2,-13,2,-13,2,-12,3,-12,3,-11,3,-11,0,0,0,0,0,0,0,0,0,0,0.0,0.0,0.0,0.0,0.0,0.0,7.810249675906654,8.602325267042627,8.602325267042627,8.602325267042627,8.94427190999916,8.94427190999916,8.94427190999916,8.94427190999916,9.848857801796104,9.848857801796104,9.486832980505138,10.44030650891055,10.44030650891055,10.44030650891055,10.198039027185569,10.198039027185569,11.045361017187261,11.045361017187261,12.041594578792296,12.041594578792296,12.0,12.0,12.0,13.038404810405298,13.038404810405298,13.038404810405298,0.0,14.035668847618199,14.035668847618199,15.132745950421556,15.132745950421556,15.033296378372908,16.1245154965971,16.0312195418814,16.0312195418814,16.0312195418814,15.033296378372908,15.0,15.0,15.0,16.0312195418814,14.035668847618199,15.033296378372908,14.035668847618199,14.035668847618199,13.038404810405298,13.038404810405298,13.152946437965905,13.152946437965905,12.165525060596439,12.36931687685298,11.40175425099138,11.40175425099138,0.0,0.0,0.0,0.0,0.0,0.0,0.0,0.0,0.0,0.0,0.0,-0.8760580505981934,-0.9505468408120752,-0.9505468408120752,-0.9505468408120752,-1.1071487177940904,-1.1071487177940904,-1.1071487177940904,-1.1071487177940904,-1.1525719972156676,-1.1525719972156676,-1.2490457723982544,-1.2793395323170296,-1.2793395323170296,-1.2793395323170296,-1.373400766945016,-1.373400766945016,-1.4801364395941514,-1.4801364395941514,-1.4876550949064553,-1.4876550949064553,-1.5707963267948966,-1.5707963267948966,-1.5707963267948966,-1.6475682180646747,-1.6475682180646747,-1.6475682180646747,0.0,-1.642103791580187,-1.642103791580187,-1.7033478590915707,-1.7033478590915707,-1.6373644905707205,-1.695151321341658,-1.633215136790854,-1.633215136790854,-1.633215136790854,-1.6373644905707205,-1.5707963267948966,-1.5707963267948966,-1.5707963267948966,-1.5083775167989393,-1.4994888620096063,-1.5042281630190728,-1.4994888620096063,-1.4994888620096063,-1.4940244355251187,-1.4940244355251187,-1.4181469983996315,-1.4181469983996315,-1.4056476493802699,-1.3258176636680326,-1.3045442776439713,-1.3045442776439713,0.0,0.0,0.0,0.0,0.0
13.271255564999592,tx,1a:00:00:00:00:00,-54,91.25379400025335,64,0.7106874671667653,7.598584724070808,0,0,0,0,0,0,0,0,0,0,0,0,-4,6,-5,7,-5,7,-5,7,-4,7,-4,7,-4,8,-4,8,-3,8,-3,8,-4,8,-3,8,-2,8,-1,10,-2,9,-1,9,0,7,-1,9,0,10,0,9,0,10,1,11,1,11,1,11,1,12,2,11,0,0,2,12,2,13,3,11,2,13,2,12,2,14,2,14,2,13,2,14,1,14,1,13,0,13,0,13,0,13,0,13,0,12,-1,13,0,11,-1,11,-1,11,-1,11,-2,11,-2,11,-3,10,-3,10,-3,9,0,0,0,0,0,0,0,0,0,0,0.0,0.0,0.0,0.0,0.0,0.0,7.211102550927978,8.602325267042627,8.602325267042627,8.602325267042627,8.06225774829855,8.06225774829855,8.94427190999916,8.94427190999916,8.54400374531753,8.54400374531753,8.94427190999916,8.54400374531753,8.246211251235321,10.04987562112089,9.219544457292887,9.055385138137417,7.0,9.055385138137417,10.0,9.0,10.0,11.045361017187261,11.045361017187261,11.045361017187261,12.041594578792296,11.180339887498949,0.0,12.165525060596439,13.152946437965905,11.40175425099138,13.152946437965905,12.165525060596439,14.142135623730951,14.142135623730951,13.152946437965905,14.142135623730951,14.035668847618199,13.038404810405298,13.0,13.0,13.0,13.0,12.0,13.038404810405298,11.0,11.045361017187261,11.045361017187261,11.045361017187261,11.180339887498949,11.180339887498949,10.44030650891055,10.44030650891055,9.486832980505138,0.0,0.0,0.0,0.0,0.0,0.0,0.0,0.0,0.0,0.0,0.0,2.158798930342464,2.191045812777718,2.191045812777718,2.191045812777718,2.0899424410414196,2.0899424410414196,2.0344439357957027,2.0344439357957027,1.9295669970654687,1.9295669970654687,2.0344439357957027,1.9295669970654687,1.8157749899217608,1.6704649792860586,1.7894652726688385,1.6814535479687922,1.5707963267948966,1.6814535479687922,1.5707963267948966,1.5707963267948966,1.5707963267948966,1.4801364395941514,1.4801364395941514,1.4801364395941514,1.4876550949064553,1.3909428270024184,0.0,1.4056476493802699,1.4181469983996315,1.3045442776439713,1.4181469983996315,1.4056476493802699,1.4288992721907328,1.4288992721907328,1.4181469983996315,1.4288992721907328,1.4994888620096063,1.4940244355251187,1.5707963267948966,1.5707963267948966,1.5707963267948966,1.5707963267948966,1.5707963267948966,1.6475682180646747,1.5707963267948966,1.6614562139956417,1.6614562139956417,1.6614562139956417,1.750649826587375,1.750649826587375,1.8622531212727638,1.8622531212727638,1.892546881191539,0.0,0.0,0.0,0.0,0.0
13.381169571999635,tx,1a:00:00:00:00:00,-54,91.25379400025335,64,0.7107808769705779,7.378604954382622,0,0,0,0,0,0,0,0,0,0,0,0,6,4,6,4,7,4,7,4,7,4,7,3,8,3,8,3,8,3,8,3,9,3,9,2,9,2,9,2,9,1,10,1,10,1,10,1,10,0,11,0,11,0,11,-1,12,-1,12,-1,12,-1,12,-2,0,0,13,-1,13,-2,13,-2,14,-2,14,-2,14,-1,14,-2,14,-1,14,-1,15,0,15,0,14,0,14,1,13,1,14,0,13,0,13,1,13,1,12,2,12,2,12,2,11,2,11,3,10,3,10,3,9,4,0,0,0,0,0,0,0,0,0,0,0.0,0.0,0.0,0.0,0.0,0.0,7.211102550927978,7.211102550927978,8.06225774829855,8.06225774829855,8.06225774829855,7.615773105863909,8.54400374531753,8.54400374531753,8.54400374531753,8.54400374531753,9.486832980505138,9.219544457292887,9.219544457292887,9.219544457292887,9.055385138137417,10.04987562112089,10.04987562112089,10.04987562112089,10.0,11.0,11.0,11.045361017187261,12.041594578792296,12.041594578792296,12.041594578792296,12.165525060596439,0.0,13.038404810405298,13.152946437965905,13.152946437965905,14.142135623730951,14.142135623730951,14.035668847618199,14.142135623730951,14.035668847618199,14.035668847618199,15.0,15.0,14.0,14.035668847618199,13.038404810405298,14.0,13.0,13.038404810405298,13.038404810405298,12.165525060596439,12.165525060596439,12.165525060596439,11.180339887498949,11.40175425099138,10.44030650891055,10.44030650891055,9.848857801796104,0.0,0.0,0.0,0.0,0.0,0.0,0.0,0.0,0.0,0.0,0.0,0.5880026035475675,0.5880026035475675,0.5191461142465229,0.5191461142465229,0.5191461142465229,0.40489178628508343,0.35877067027057225,0.35877067027057225,0.35877067027057225,0.35877067027057225,0.3217505543966422,0.21866894587394195,0.21866894587394195,0.21866894587394195,0.11065722117389565,0.09966865249116202,0.09966865249116202,0.09966865249116202,0.0,0.0,0.0,-0.09065988720074511,-0.08314123188844123,-0.08314123188844123,-0.08314123188844123,-0.16514867741462683,0.0,-0.07677189126977804,-0.15264932839526515,-0.15264932839526515,-0.14189705460416394,-0.14189705460416394,-0.07130746478529032,-0.14189705460416394,-0.07130746478529032,-0.07130746478529032,0.0,0.0,0.0,0.07130746478529032,0.07677189126977804,0.0,0.0,0.07677189126977804,0.07677189126977804,0.16514867741462683,0.16514867741462683,0.16514867741462683,0.17985349979247828,0.2662520491509254,0.2914567944778671,0.2914567944778671,0.4182243295792291,0.0,0.0,0.0,0.0,0.0
13.481856678998156,tx,1a:00:00:00:00:00,-54,91.25379400025335,64,0.7100098437740425,7.218843321511844,0,0,0,0,0,0,0,0,0,0,0,0,7,0,8,0,8,-1,8,0,8,-1,8,-1,8,-2,8,-2,8,-2,9,-3,9,-3,9,-3,9,-3,9,-4,9,-4,9,-5,9,-5,9,-5,9,-6,9,-7,9,-7,9,-7,9,-7,9,-8,9,-8,9,-8,0,0,10,-9,10,-10,10,-10,11,-10,11,-10,11,-10,11,-10,11,-10,11,-9,12,-9,12,-8,12,-8,12,-8,11,-8,12,-8,11,-7,12,-7,11,-7,11,-6,11,-6,11,-6,11,-5,11,-5,11,-4,10,-3,10,-3,0,0,0,0,0,0,0,0,0,0,0.0,0.0,0.0,0.0,0.0,0.0,7.0,8.0,8.06225774829855,8.0,8.06225774829855,8.06225774829855,8.246211251235321,8.246211251235321,8.246211251235321,9.486832980505138,9.486832980505138,9.486832980505138,9.486832980505138,9.848857801796104,9.848857801796104,10.295630140987,10.295630140987,10.295630140987,10.816653826391969,11.40175425099138,11.40175425099138,11.40175425099138,11.40175425099138,12.041594578792296,12.041594578792296,12.041594578792296,0.0,13.45362404707371,14.142135623730951,14.142135623730951,14.866068747318506,14.866068747318506,14.866068747318506,14.866068747318506,14.866068747318506,14.212670403551895,15.0,14.422205101855956,14.422205101855956,14.422205101855956,13.601470508735444,14.422205101855956,13.038404810405298,13.892443989449804,13.038404810405298,12.529964086141668,12.529964086141668,12.529964086141668,12.083045973594572,12.083045973594572,11.704699910719626,10.44030650891055,10.44030650891055,0.0,0.0,0.0,0.0,0.0,0.0,0.0,0.0,0.0,0.0,0.0,0.0,0.0,-0.12435499454676144,0.0,-0.12435499454676144,-0.12435499454676144,-0.24497866312686414,-0.24497866312686414,-0.24497866312686414,-0.3217505543966422,-0.3217505543966422,-0.3217505543966422,-0.3217505543966422,-0.4182243295792291,-0.4182243295792291,-0.507098504392337,-0.507098504392337,-0.507098504392337,-0.5880026035475675,-0.6610431688506869,-0.6610431688506869,-0.6610431688506869,-0.6610431688506869,-0.7266423406817256,-0.7266423406817256,-0.7266423406817256,0.0,-0.7328151017865066,-0.7853981633974483,-0.7853981633974483,-0.7378150601204649,-0.7378150601204649,-0.7378150601204649,-0.7378150601204649,-0.7378150601204649,-0.6857295109062863,-0.6435011087932844,-0.5880026035475675,-0.5880026035475675,-0.5880026035475675,-0.628796286415433,-0.5880026035475675,-0.5667292175235064,-0.5280744484263596,-0.5667292175235064,-0.4993467216801301,-0.4993467216801301,-0.4993467216801301,-0.4266274931268761,-0.4266274931268761,-0.348771003583907,-0.2914567944778671,-0.2914567944778671,0.0,0.0,0.0,0.0,0.0
13.59157967599458,tx,1a:00:00:00:00:00,-54,91.25379400025335,64,0.7090379451385949,7.11647115354414,0,0,0,0,0,0,0,0,0,0,0,0,3,-7,3,-8,3,-8,3,-9,3,-8,3,-9,3,-9,2,-9,2,-9,2,-9,1,-10,1,-10,0,-10,0,-10,0,-11,0,-10,-1,-11,-1,-10,-1,-12,-1,-12,-2,-12,-2,-12,-2,-11,-4,-12,-4,-13,-4,-13,0,0,-4,-14,-4,-13,-4,-15,-4,-14,-4,-15,-4,-15,-3,-15,-3,-15,-3,-15,-3,-14,-4,-15,-3,-15,-3,-15,-2,-15,-2,-14,-2,-14,-1,-13,-1,-14,-1,-13,0,-13,0,-13,1,-13,1,-12,0,-12,1,-11,1,-11,0,0,0,0,0,0,0,0,0,0,0.0,0.0,0.0,0.0,0.0,0.0,7.615773105863909,8.54400374531753,8.54400374531753,9.486832980505138,8.54400374531753,9.486832980505138,9.486832980505138,9.219544457292887,9.219544457292887,9.219544457292887,10.04987562112089,10.04987562112089,10.0,10.0,11.0,10.0,11.045361017187261,10.04987562112089,12.041594578792296,12.041594578792296,12.165525060596439,12.165525060596439,11.180339887498949,12.649110640673518,13.601470508735444,13.601470508735444,0.0,14.560219778561036,13.601470508735444,15.524174696260024,14.560219778561036,15.524174696260024,15.524174696260024,15.297058540778355,15.297058540778355,15.297058540778355,14.317821063276353,15.524174696260024,15.297058540778355,15.297058540778355,15.132745950421556,14.142135623730951,14.142135623730951,13.038404810405298,14.035668847618199,13.038404810405298,13.0,13.0,13.038404810405298,12.041594578792296,12.0,11.045361017187261,11.045361017187261,0.0,0.0,0.0,0.0,0.0,0.0,0.0,0.0,0.0,0.0,0.0,-1.1659045405098132,-1.2120256565243244,-1.2120256565243244,-1.2490457723982544,-1.2120256565243244,-1.2490457723982544,-1.2490457723982544,-1.3521273809209546,-1.3521273809209546,-1.3521273809209546,-1.4711276743037347,-1.4711276743037347,-1.5707963267948966,-1.5707963267948966,-1.5707963267948966,-1.5707963267948966,-1.6614562139956417,-1.6704649792860586,-1.6539375586833378,-1.6539375586833378,-1.7359450042095235,-1.7359450042095235,-1.750649826587375,-1.892546881191539,-1.8692952583810758,-1.8692952583810758,0.0,-1.849095985800008,-1.8692952583810758,-1.8313987185422376,-1.849095985800008,-1.8313987185422376,-1.8313987185422376,-1.7681918866447774,-1.7681918866447774,-1.7681918866447774,-1.7818896600176433,-1.8313987185422376,-1.7681918866447774,-1.7681918866447774,-1.7033478590915707,-1.7126933813990606,-1.7126933813990606,-1.6475682180646747,-1.642103791580187,-1.6475682180646747,-1.5707963267948966,-1.5707963267948966,-1.4940244355251187,-1.4876550949064553,-1.5707963267948966,-1.4801364395941514,-1.4801364395941514,0.0,0.0,0.0,0.0,0.0
13.701422121994256,tx,1a:00:00:00:00:00,-55,91.82834774883395,64,0.7072604674369364,7.053298589023711,0,0,0,0,0,0,0,0,0,0,0,0,-2,8,-2,8,-1,8,-2,9,-1,8,-1,9,-1,9,0,9,-1,9,0,9,1,9,1,10,1,10,2,10,2,10,2,9,3,10,3,9,4,11,4,10,4,10,4,11,5,10,6,11,6,11,7,11,0,0,7,12,6,12,7,13,7,11,7,13,7,13,7,14,7,14,6,13,6,13,7,13,6,13,6,13,5,14,4,12,4,13,4,12,4,13,3,13,2,12,3,12,2,12,2,11,2,11,1,11,0,11,0,0,0,0,0,0,0,0,0,0,0.0,0.0,0.0,0.0,0.0,0.0,8.246211251235321,8.246211251235321,8.06225774829855,9.219544457292887,8.06225774829855,9.055385138137417,9.055385138137417,9.0,9.055385138137417,9.0,9.055385138137417,10.04987562112089,10.04987562112089,10.198039027185569,10.198039027185569,9.219544457292887,10.44030650891055,9.486832980505138,11.704699910719626,10.770329614269007,10.770329614269007,11.704699910719626,11.180339887498949,12.529964086141668,12.529964086141668,13.038404810405298,0.0,13.892443989449804,13.416407864998739,14.7648230602334,13.038404810405298,14.7648230602334,14.7648230602334,15.652475842498529,15.652475842498529,14.317821063276353,14.317821063276353,14.7648230602334,14.317821063276353,14.317821063276353,14.866068747318506,12.649110640673518,13.601470508735444,12.649110640673518,13.601470508735444,13.341664064126334,12.165525060596439,12.36931687685298,12.165525060596439,11.180339887498949,11.180339887498949,11.045361017187261,11.0,0.0,0.0,0.0,0.0,0.0,0.0,0.0,0.0,0.0,0.0,0.0,1.8157749899217608,1.8157749899217608,1.695151321341658,1.7894652726688385,1.695151321341658,1.6814535479687922,1.6814535479687922,1.5707963267948966,1.6814535479687922,1.5707963267948966,1.460139105621001,1.4711276743037347,1.4711276743037347,1.373400766945016,1.373400766945016,1.3521273809209546,1.2793395323170296,1.2490457723982544,1.2220253232109897,1.1902899496825317,1.1902899496825317,1.2220253232109897,1.1071487177940904,1.0714496051147666,1.0714496051147666,1.0040671092713902,0.0,1.042721878368537,1.1071487177940904,1.0768549578753155,1.0040671092713902,1.0768549578753155,1.0768549578753155,1.1071487177940904,1.1071487177940904,1.1383885512243588,1.1383885512243588,1.0768549578753155,1.1383885512243588,1.1383885512243588,1.2277723863741932,1.2490457723982544,1.2722973952087173,1.2490457723982544,1.2722973952087173,1.3439974787410107,1.4056476493802699,1.3258176636680326,1.4056476493802699,1.3909428270024184,1.3909428270024184,1.4801364395941514,1.5707963267948966,0.0,0.0,0.0,0.0,0.0
13.811300511995796,tx,1a:00:00:00:00:00,-55,91.82834774883395,64,0.7060475791284628,7.016405423241846,0,0,0,0,0,0,0,0,0,0,0,0,5,5,6,5,6,4,6,5,7,4,7,4,7,4,7,4,7,4,8,3,8,3,9,3,9,3,9,2,9,2,9,2,10,2,10,1,11,1,11,1,11,1,11,1,11,0,12,-1,12,-1,13,-1,0,0,13,-1,13,0,14,-1,13,-1,14,0,15,0,15,0,14,0,14,1,13,0,14,0,14,1,14,1,14,1,13,2,13,2,12,2,12,2,12,3,11,3,11,3,10,4,10,3,10,4,9,3,9,4,0,0,0,0,0,0,0,0,0,0,0.0,0.0,0.0,0.0,0.0,0.0,7.0710678118654755,7.810249675906654,7.211102550927978,7.810249675906654,8.06225774829855,8.06225774829855,8.06225774829855,8.06225774829855,8.06225774829855,8.54400374531753,8.54400374531753,9.486832980505138,9.486832980505138,9.219544457292887,9.219544457292887,9.219544457292887,10.198039027185569,10.04987562112089,11.045361017187261,11.045361017187261,11.045361017187261,11.045361017187261,11.0,12.041594578792296,12.041594578792296,13.038404810405298,0.0,13.038404810405298,13.0,14.035668847618199,13.038404810405298,14.0,15.0,15.0,14.0,14.035668847618199,13.0,14.0,14.035668847618199,14.035668847618199,14.035668847618199,13.152946437965905,13.152946437965905,12.165525060596439,12.165525060596439,12.36931687685298,11.40175425099138,11.40175425099138,10.770329614269007,10.44030650891055,10.770329614269007,9.486832980505138,9.848857801796104,0.0,0.0,0.0,0.0,0.0,0.0,0.0,0.0,0.0,0.0,0.0,0.7853981633974483,0.6947382761967031,0.5880026035475675,0.6947382761967031,0.5191461142465229,0.5191461142465229,0.5191461142465229,0.5191461142465229,0.5191461142465229,0.35877067027057225,0.35877067027057225,0.3217505543966422,0.3217505543966422,0.21866894587394195,0.21866894587394195,0.21866894587394195,0.19739555984988075,0.09966865249116202,0.09065988720074511,0.09065988720074511,0.09065988720074511,0.09065988720074511,0.0,-0.08314123188844123,-0.08314123188844123,-0.07677189126977804,0.0,-0.07677189126977804,0.0,-0.07130746478529032,-0.07677189126977804,0.0,0.0,0.0,0.0,0.07130746478529032,0.0,0.0,0.07130746478529032,0.07130746478529032,0.07130746478529032,0.15264932839526515,0.15264932839526515,0.16514867741462683,0.16514867741462683,0.24497866312686414,0.2662520491509254,0.2662520491509254,0.3805063771123649,0.2914567944778671,0.3805063771123649,0.3217505543966422,0.4182243295792291,0.0,0.0,0.0,0.0,0.0
13.924438691996329,tx,1a:00:00:00:00:00,-55,91.82834774883395,64,0.7050781082463693,6.9966194049342825,0,0,0,0,0,0,0,0,0,0,0,0,-8,-2,-9,-2,-8,-1,-10,-1,-9,-1,-10,-1,-9,-1,-9,0,-10,0,-9,1,-10,1,-10,2,-10,2,-10,2,-11,3,-10,2,-11,3,-10,3,-11,4,-11,4,-11,4,-11,5,-10,5,-11,6,-11,7,-11,7,0,0,-12,7,-12,6,-13,8,-11,7,-13,7,-13,7,-14,7,-13,7,-14,6,-12,7,-13,7,-13,7,-13,7,-14,6,-13,4,-14,5,-12,4,-13,4,-13,4,-12,3,-13,3,-12,2,-11,2,-12,2,-12,2,-12,1,0,0,0,0,0,0,0,0,0,0,0.0,0.0,0.0,0.0,0.0,0.0,8.246211251235321,9.219544457292887,8.06225774829855,10.04987562112089,9.055385138137417,10.04987562112089,9.055385138137417,9.0,10.0,9.055385138137417,10.04987562112089,10.198039027185569,10.198039027185569,10.198039027185569,11.40175425099138,10.198039027185569,11.40175425099138,10.44030650891055,11.704699910719626,11.704699910719626,11.704699910719626,12.083045973594572,11.180339887498949,12.529964086141668,13.038404810405298,13.038404810405298,0.0,13.892443989449804,13.416407864998739,15.264337522473747,13.038404810405298,14.7648230602334,14.7648230602334,15.652475842498529,14.7648230602334,15.231546211727817,13.892443989449804,14.7648230602334,14.7648230602334,14.7648230602334,15.231546211727817,13.601470508735444,14.866068747318506,12.649110640673518,13.601470508735444,13.601470508735444,12.36931687685298,13.341664064126334,12.165525060596439,11.180339887498949,12.165525060596439,12.165525060596439,12.041594578792296,0.0,0.0,0.0,0.0,0.0,0.0,0.0,0.0,0.0,0.0,0.0,-2.896613990462929,-2.922923707715851,-3.017237659043032,-3.0419240010986313,-3.0309354324158977,-3.0419240010986313,-3.0309354324158977,3.141592653589793,3.141592653589793,3.0309354324158977,3.0419240010986313,2.9441970937399127,2.9441970937399127,2.9441970937399127,2.875340604438868,2.9441970937399127,2.875340604438868,2.8501358591119264,2.7928216500058864,2.7928216500058864,2.7928216500058864,2.714965160462917,2.677945044588987,2.642245931909663,2.5748634360662868,2.5748634360662868,0.0,2.6135182051634334,2.677945044588987,2.5899376710612465,2.5748634360662868,2.647651284670212,2.647651284670212,2.677945044588987,2.647651284670212,2.7367008673047097,2.6135182051634334,2.647651284670212,2.647651284670212,2.647651284670212,2.7367008673047097,2.843093722003614,2.79856871316909,2.819842099193151,2.843093722003614,2.843093722003614,2.896613990462929,2.9147938055359073,2.976443976175166,2.961739153797315,2.976443976175166,2.976443976175166,3.058451421701352,0.0,0.0,0.0,0.0,0.0
14.030920034994779,tx,1a:00:00:00:00:00,-54,91.82834774883395,64,0.7039094926860632,6.987410709353626,0,0,0,0,0,0,0,0,0,0,0,0,-4,7,-4,7,-4,8,-4,8,-4,8,-3,8,-3,8,-3,9,-3,9,-2,9,-2,9,-2,10,-2,10,-1,10,-1,10,0,11,1,10,1,11,1,11,1,11,2,11,2,12,3,12,3,12,3,13,4,13,0,0,4,13,5,14,5,14,5,14,5,14,5,15,4,15,5,15,4,15,4,14,4,14,3,15,3,15,3,15,3,14,2,14,2,14,2,13,2,13,1,12,1,13,1,13,0,13,-1,12,-1,12,-1,11,0,0,0,0,0,0,0,0,0,0,0.0,0.0,0.0,0.0,0.0,0.0,8.06225774829855,8.06225774829855,8.94427190999916,8.94427190999916,8.94427190999916,8.54400374531753,8.54400374531753,9.486832980505138,9.486832980505138,9.219544457292887,9.219544457292887,10.198039027185569,10.198039027185569,10.04987562112089,10.04987562112089,11.0,10.04987562112089,11.045361017187261,11.045361017187261,11.045361017187261,11.180339887498949,12.165525060596439,12.36931687685298,12.36931687685298,13.341664064126334,13.601470508735444,0.0,13.601470508735444,14.866068747318506,14.866068747318506,14.866068747318506,14.866068747318506,15.811388300841896,15.524174696260024,15.811388300841896,15.524174696260024,14.560219778561036,14.560219778561036,15.297058540778355,15.297058540778355,15.297058540778355,14.317821063276353,14.142135623730951,14.142135623730951,13.152946437965905,13.152946437965905,12.041594578792296,13.038404810405298,13.038404810405298,13.0,12.041594578792296,12.041594578792296,11.045361017187261,0.0,0.0,0.0,0.0,0.0,0.0,0.0,0.0,0.0,0.0,0.0,2.0899424410414196,2.0899424410414196,2.0344439357957027,2.0344439357957027,2.0344439357957027,1.9295669970654687,1.9295669970654687,1.892546881191539,1.892546881191539,1.7894652726688385,1.7894652726688385,1.7681918866447774,1.7681918866447774,1.6704649792860586,1.6704649792860586,1.5707963267948966,1.4711276743037347,1.4801364395941514,1.4801364395941514,1.4801364395941514,1.3909428270024184,1.4056476493802699,1.3258176636680326,1.3258176636680326,1.3439974787410107,1.2722973952087173,0.0,1.2722973952087173,1.2277723863741932,1.2277723863741932,1.2277723863741932,1.2277723863741932,1.2490457723982544,1.3101939350475555,1.2490457723982544,1.3101939350475555,1.2924966677897853,1.2924966677897853,1.373400766945016,1.373400766945016,1.373400766945016,1.35970299357215,1.4288992721907328,1.4288992721907328,1.4181469983996315,1.4181469983996315,1.4876550949064553,1.4940244355251187,1.4940244355251187,1.5707963267948966,1.6539375586833378,1.6539375586833378,1.6614562139956417,0.0,0.0,0.0,0.0,0.0
14.132760613996652,tx,1a:00:00:00:00:00,-54,91.82834774883395,64,0.701188452379176,6.98411042086949,0,0,0,0,0,0,0,0,0,0,0,0,3,-8,3,-7,3,-9,3,-8,3,-9,2,-8,2,-9,2,-9,2,-10,2,-10,1,-10,1,-10,1,-10,0,-10,0,-10,-1,-11,-1,-10,-1,-11,-2,-11,-2,-11,-2,-12,-3,-12,-3,-12,-3,-12,-4,-13,-4,-13,0,0,-4,-13,-5,-14,-5,-14,-5,-15,-4,-14,-4,-15,-4,-15,-4,-15,-4,-15,-4,-15,-4,-15,-3,-15,-3,-15,-2,-14,-3,-15,-2,-13,-2,-15,-1,-13,-1,-13,-1,-13,0,-13,0,-13,1,-13,1,-12,1,-12,1,-11,0,0,0,0,0,0,0,0,0,0,0.0,0.0,0.0,0.0,0.0,0.0,8.54400374531753,7.615773105863909,9.486832980505138,8.54400374531753,9.486832980505138,8.246211251235321,9.219544457292887,9.219544457292887,10.198039027185569,10.198039027185569,10.04987562112089,10.04987562112089,10.04987562112089,10.0,10.0,11.045361017187261,10.04987562112089,11.045361017187261,11.180339887498949,11.180339887498949,12.165525060596439,12.36931687685298,12.36931687685298,12.36931687685298,13.601470508735444,13.601470508735444,0.0,13.601470508735444,14.866068747318506,14.866068747318506,15.811388300841896,14.560219778561036,15.524174696260024,15.524174696260024,15.524174696260024,15.524174696260024,15.524174696260024,15.524174696260024,15.297058540778355,15.297058540778355,14.142135623730951,15.297058540778355,13.152946437965905,15.132745950421556,13.038404810405298,13.038404810405298,13.038404810405298,13.0,13.0,13.038404810405298,12.041594578792296,12.041594578792296,11.045361017187261,0.0,0.0,0.0,0.0,0.0,0.0,0.0,0.0,0.0,0.0,0.0,-1.2120256565243244,-1.1659045405098132,-1.2490457723982544,-1.2120256565243244,-1.2490457723982544,-1.3258176636680326,-1.3521273809209546,-1.3521273809209546,-1.373400766945016,-1.373400766945016,-1.4711276743037347,-1.4711276743037347,-1.4711276743037347,-1.5707963267948966,-1.5707963267948966,-1.6614562139956417,-1.6704649792860586,-1.6614562139956417,-1.750649826587375,-1.750649826587375,-1.7359450042095235,-1.8157749899217608,-1.8157749899217608,-1.8157749899217608,-1.8692952583810758,-1.8692952583810758,0.0,-1.8692952583810758,-1.9138202672156,-1.9138202672156,-1.892546881191539,-1.849095985800008,-1.8313987185422376,-1.8313987185422376,-1.8313987185422376,-1.8313987185422376,-1.8313987185422376,-1.8313987185422376,-1.7681918866447774,-1.7681918866447774,-1.7126933813990606,-1.7681918866447774,-1.7234456551901618,-1.7033478590915707,-1.6475682180646747,-1.6475682180646747,-1.6475682180646747,-1.5707963267948966,-1.5707963267948966,-1.4940244355251187,-1.4876550949064553,-1.4876550949064553,-1.4801364395941514,0.0,0.0,0.0,0.0,0.0
14.241556932000094,tx,1a:00:00:00:00:00,-54,91.82834774883395,64,0.6982758930677059,6.983405522548763,0,0,0,0,0,0,0,0,0,0,0,0,-3,-7,-3,-7,-3,-7,-3,-8,-3,-7,-3,-7,-4,-7,-4,-7,-5,-7,-5,-7,-5,-7,-6,-7,-6,-7,-6,-7,-7,-6,-7,-7,-7,-7,-7,-6,-7,-6,-8,-6,-8,-6,-9,-6,-9,-6,-10,-6,-10,-6,-11,-5,0,0,-11,-6,-11,-6,-11,-6,-11,-6,-11,-6,-12,-6,-12,-7,-11,-7,-12,-7,-11,-7,-11,-7,-11,-7,-10,-7,-11,-8,-10,-7,-10,-8,-9,-7,-9,-7,-9,-8,-8,-7,-8,-8,-8,-8,-8,-7,-7,-8,-7,-8,-6,-8,0,0,0,0,0,0,0,0,0,0,0.0,0.0,0.0,0.0,0.0,0.0,7.615773105863909,7.615773105863909,7.615773105863909,8.54400374531753,7.615773105863909,7.615773105863909,8.06225774829855,8.06225774829855,8.602325267042627,8.602325267042627,8.602325267042627,9.219544457292887,9.219544457292887,9.219544457292887,9.219544457292887,9.899494936611665,9.899494936611665,9.219544457292887,9.219544457292887,10.0,10.0,10.816653826391969,10.816653826391969,11.661903789690601,11.661903789690601,12.083045973594572,0.0,12.529964086141668,12.529964086141668,12.529964086141668,12.529964086141668,12.529964086141668,13.416407864998739,13.892443989449804,13.038404810405298,13.892443989449804,13.038404810405298,13.038404810405298,13.038404810405298,12.206555615733702,13.601470508735444,12.206555615733702,12.806248474865697,11.40175425099138,11.40175425099138,12.041594578792296,10.63014581273465,11.313708498984761,11.313708498984761,10.63014581273465,10.63014581273465,10.63014581273465,10.0,0.0,0.0,0.0,0.0,0.0,0.0,0.0,0.0,0.0,0.0,0.0,-1.97568811307998,-1.97568811307998,-1.97568811307998,-1.9295669970654687,-1.97568811307998,-1.97568811307998,-2.0899424410414196,-2.0899424410414196,-2.191045812777718,-2.191045812777718,-2.191045812777718,-2.279422598922567,-2.279422598922567,-2.279422598922567,-2.432966381462123,-2.356194490192345,-2.356194490192345,-2.432966381462123,-2.432966381462123,-2.498091544796509,-2.498091544796509,-2.5535900500422257,-2.5535900500422257,-2.601173153319209,-2.601173153319209,-2.714965160462917,0.0,-2.642245931909663,-2.642245931909663,-2.642245931909663,-2.642245931909663,-2.642245931909663,-2.677945044588987,-2.6135182051634334,-2.5748634360662868,-2.6135182051634334,-2.5748634360662868,-2.5748634360662868,-2.5748634360662868,-2.5308666892005847,-2.5127963671743605,-2.5308666892005847,-2.4668517113662407,-2.4805494847391065,-2.4805494847391065,-2.4149503129080676,-2.4227626539681686,-2.356194490192345,-2.356194490192345,-2.4227626539681686,-2.289626326416521,-2.289626326416521,-2.214297435588181,0.0,0.0,0.0,0.0,0.0
14.353324178999173,tx,1a:00:00:00:00:00,-54,91.82834774883395,64,0.6948249006219425,6.982986526252736,0,0,0,0,0,0,0,0,0,0,0,0,-5,6,-6,7,-5,7,-5,7,-5,7,-5,8,-5,7,-5,8,-5,8,-4,8,-4,8,-3,9,-3,9,-3,9,-3,9,-2,9,-2,10,-2,10,-2,11,-1,11,-1,11,-1,11,0,11,0,12,0,12,0,13,0,0,0,13,0,13,0,14,0,13,0,14,0,15,-1,15,-1,15,-1,14,-1,14,-1,14,-2,14,-2,14,-2,14,-3,13,-3,13,-3,13,-3,12,-3,12,-4,11,-4,12,-5,11,-4,11,-5,10,-5,10,-5,9,0,0,0,0,0,0,0,0,0,0,0.0,0.0,0.0,0.0,0.0,0.0,7.810249675906654,9.219544457292887,8.602325267042627,8.602325267042627,8.602325267042627,9.433981132056603,8.602325267042627,9.433981132056603,9.433981132056603,8.94427190999916,8.94427190999916,9.486832980505138,9.486832980505138,9.486832980505138,9.486832980505138,9.219544457292887,10.198039027185569,10.198039027185569,11.180339887498949,11.045361017187261,11.045361017187261,11.045361017187261,11.0,12.0,12.0,13.0,0.0,13.0,13.0,14.0,13.0,14.0,15.0,15.033296378372908,15.033296378372908,14.035668847618199,14.035668847618199,14.035668847618199,14.142135623730951,14.142135623730951,14.142135623730951,13.341664064126334,13.341664064126334,13.341664064126334,12.36931687685298,12.36931687685298,11.704699910719626,12.649110640673518,12.083045973594572,11.704699910719626,11.180339887498949,11.180339887498949,10.295630140987,0.0,0.0,0.0,0.0,0.0,0.0,0.0,0.0,0.0,0.0,0.0,2.2655346029916,2.279422598922567,2.191045812777718,2.191045812777718,2.191045812777718,2.129395642138459,2.191045812777718,2.129395642138459,2.129395642138459,2.0344439357957027,2.0344439357957027,1.892546881191539,1.892546881191539,1.892546881191539,1.892546881191539,1.7894652726688385,1.7681918866447774,1.7681918866447774,1.750649826587375,1.6614562139956417,1.6614562139956417,1.6614562139956417,1.5707963267948966,1.5707963267948966,1.5707963267948966,1.5707963267948966,0.0,1.5707963267948966,1.5707963267948966,1.5707963267948966,1.5707963267948966,1.5707963267948966,1.5707963267948966,1.6373644905707205,1.6373644905707205,1.642103791580187,1.642103791580187,1.642103791580187,1.7126933813990606,1.7126933813990606,1.7126933813990606,1.7975951748487824,1.7975951748487824,1.7975951748487824,1.8157749899217608,1.8157749899217608,1.9195673303788037,1.892546881191539,1.9974238199217726,1.9195673303788037,2.0344439357957027,2.0344439357957027,2.0778948311872334,0.0,0.0,0.0,0.0,0.0
14.462022282998078,tx,1a:00:00:00:00:00,-55,91.82834774883395,64,0.6925000076257588,6.981271970924377,0,0,0,0,0,0,0,0,0,0,0,0,-7,-6,-7,-6,-7,-5,-8,-6,-8,-6,-8,-6,-8,-6,-9,-5,-9,-5,-9,-5,-10,-5,-10,-4,-10,-4,-11,-4,-11,-3,-10,-3,-11,-3,-11,-2,-12,-2,-12,-2,-12,-1,-13,-1,-13,-1,-14,0,-14,0,-14,0,0,0,-14,0,-15,0,-16,1,-15,1,-16,0,-16,0,-16,0,-17,0,-16,-1,-15,-1,-16,-1,-16,-2,-16,-2,-16,-1,-15,-3,-15,-3,-14,-3,-14,-2,-13,-3,-13,-4,-13,-3,-12,-4,-12,-3,-11,-4,-11,-4,-11,-5,0,0,0,0,0,0,0,0,0,0,0.0,0.0,0.0,0.0,0.0,0.0,9.219544457292887,9.219544457292887,8.602325267042627,10.0,10.0,10.0,10.0,10.295630140987,10.295630140987,10.295630140987,11.180339887498949,10.770329614269007,10.770329614269007,11.704699910719626,11.40175425099138,10.44030650891055,11.40175425099138,11.180339887498949,12.165525060596439,12.165525060596439,12.041594578792296,13.038404810405298,13.038404810405298,14.0,14.0,14.0,0.0,14.0,15.0,16.0312195418814,15.033296378372908,16.0,16.0,16.0,17.0,16.0312195418814,15.033296378372908,16.0312195418814,16.1245154965971,16.1245154965971,16.0312195418814,15.297058540778355,15.297058540778355,14.317821063276353,14.142135623730951,13.341664064126334,13.601470508735444,13.341664064126334,12.649110640673518,12.36931687685298,11.704699910719626,11.704699910719626,12.083045973594572,0.0,0.0,0.0,0.0,0.0,0.0,0.0,0.0,0.0,0.0,0.0,-2.432966381462123,-2.432966381462123,-2.5213431676069717,-2.498091544796509,-2.498091544796509,-2.498091544796509,-2.498091544796509,-2.6344941491974563,-2.6344941491974563,-2.6344941491974563,-2.677945044588987,-2.761086276477428,-2.761086276477428,-2.7928216500058864,-2.875340604438868,-2.8501358591119264,-2.875340604438868,-2.961739153797315,-2.976443976175166,-2.976443976175166,-3.058451421701352,-3.064820762320015,-3.064820762320015,3.141592653589793,3.141592653589793,3.141592653589793,0.0,3.141592653589793,3.141592653589793,3.079173843593836,3.0750244898139694,3.141592653589793,3.141592653589793,3.141592653589793,3.141592653589793,-3.079173843593836,-3.0750244898139694,-3.079173843593836,-3.017237659043032,-3.017237659043032,-3.079173843593836,-2.9441970937399127,-2.9441970937399127,-2.930499320367047,-2.999695598985629,-2.9147938055359073,-2.843093722003614,-2.9147938055359073,-2.819842099193151,-2.896613990462929,-2.7928216500058864,-2.7928216500058864,-2.714965160462917,0.0,0.0,0.0,0.0,0.0
14.562655561996507,tx,1a:00:00:00:00:00,-54,91.82834774883395,64,0.6877789941762269,6.977164660005077,0,0,0,0,0,0,0,0,0,0,0,0,-3,7,-3,8,-3,8,-3,8,-3,8,-3,9,-2,8,-2,9,-2,9,-1,8,-1,9,0,9,0,10,0,10,1,10,1,10,1,10,1,9,2,11,2,10,3,11,3,11,3,10,4,11,5,11,5,12,0,0,5,12,5,12,5,13,5,12,5,13,6,14,5,13,5,14,4,14,4,13,4,13,4,14,4,14,4,14,2,13,2,14,2,12,2,13,2,12,1,12,1,12,0,12,0,11,0,11,0,11,-1,10,0,0,0,0,0,0,0,0,0,0,0.0,0.0,0.0,0.0,0.0,0.0,7.615773105863909,8.54400374531753,8.54400374531753,8.54400374531753,8.54400374531753,9.486832980505138,8.246211251235321,9.219544457292887,9.219544457292887,8.06225774829855,9.055385138137417,9.0,10.0,10.0,10.04987562112089,10.04987562112089,10.04987562112089,9.055385138137417,11.180339887498949,10.198039027185569,11.40175425099138,11.40175425099138,10.44030650891055,11.704699910719626,12.083045973594572,13.0,0.0,13.0,13.0,13.92838827718412,13.0,13.92838827718412,15.231546211727817,13.92838827718412,14.866068747318506,14.560219778561036,13.601470508735444,13.601470508735444,14.560219778561036,14.560219778561036,14.560219778561036,13.152946437965905,14.142135623730951,12.165525060596439,13.152946437965905,12.165525060596439,12.041594578792296,12.041594578792296,12.0,11.0,11.0,11.0,10.04987562112089,0.0,0.0,0.0,0.0,0.0,0.0,0.0,0.0,0.0,0.0,0.0,1.97568811307998,1.9295669970654687,1.9295669970654687,1.9295669970654687,1.9295669970654687,1.892546881191539,1.8157749899217608,1.7894652726688385,1.7894652726688385,1.695151321341658,1.6814535479687922,1.5707963267948966,1.5707963267948966,1.5707963267948966,1.4711276743037347,1.4711276743037347,1.4711276743037347,1.460139105621001,1.3909428270024184,1.373400766945016,1.3045442776439713,1.3045442776439713,1.2793395323170296,1.2220253232109897,1.1441688336680205,1.176005207095135,0.0,1.176005207095135,1.176005207095135,1.2036224929766774,1.176005207095135,1.2036224929766774,1.1659045405098132,1.2036224929766774,1.2277723863741932,1.2924966677897853,1.2722973952087173,1.2722973952087173,1.2924966677897853,1.2924966677897853,1.2924966677897853,1.4181469983996315,1.4288992721907328,1.4056476493802699,1.4181469983996315,1.4056476493802699,1.4876550949064553,1.4876550949064553,1.5707963267948966,1.5707963267948966,1.5707963267948966,1.5707963267948966,1.6704649792860586,0.0,0.0,0.0,0.0,0.0
14.670648417995835,tx,1a:00:00:00:00:00,-55,91.82834774883395,64,0.684531630390293,6.969816801236233,0,0,0,0,0,0,0,0,0,0,0,0,5,5,5,5,6,5,6,5,6,5,6,5,6,4,7,4,7,4,8,4,7,4,8,4,8,3,8,3,9,3,9,2,9,2,10,2,10,1,10,1,10,1,11,1,11,1,12,1,12,0,12,0,0,0,13,0,13,0,13,0,14,-1,13,0,14,0,14,0,14,0,15,0,15,1,14,1,14,2,14,2,13,2,14,2,13,2,13,2,12,2,12,3,12,3,11,3,11,3,11,4,10,4,10,4,9,5,0,0,0,0,0,0,0,0,0,0,0.0,0.0,0.0,0.0,0.0,0.0,7.0710678118654755,7.0710678118654755,7.810249675906654,7.810249675906654,7.810249675906654,7.810249675906654,7.211102550927978,8.06225774829855,8.06225774829855,8.94427190999916,8.06225774829855,8.94427190999916,8.54400374531753,8.54400374531753,9.486832980505138,9.219544457292887,9.219544457292887,10.198039027185569,10.04987562112089,10.04987562112089,10.04987562112089,11.045361017187261,11.045361017187261,12.041594578792296,12.0,12.0,0.0,13.0,13.0,13.0,14.035668847618199,13.0,14.0,14.0,14.0,15.0,15.033296378372908,14.035668847618199,14.142135623730951,14.142135623730951,13.152946437965905,14.142135623730951,13.152946437965905,13.152946437965905,12.165525060596439,12.36931687685298,12.36931687685298,11.40175425099138,11.40175425099138,11.704699910719626,10.770329614269007,10.770329614269007,10.295630140987,0.0,0.0,0.0,0.0,0.0,0.0,0.0,0.0,0.0,0.0,0.0,0.7853981633974483,0.7853981633974483,0.6947382761967031,0.6947382761967031,0.6947382761967031,0.6947382761967031,0.5880026035475675,0.5191461142465229,0.5191461142465229,0.4636476090008061,0.5191461142465229,0.4636476090008061,0.35877067027057225,0.35877067027057225,0.3217505543966422,0.21866894587394195,0.21866894587394195,0.19739555984988075,0.09966865249116202,0.09966865249116202,0.09966865249116202,0.09065988720074511,0.09065988720074511,0.08314123188844123,0.0,0.0,0.0,0.0,0.0,0.0,-0.07130746478529032,0.0,0.0,0.0,0.0,0.0,0.06656816377582381,0.07130746478529032,0.14189705460416394,0.14189705460416394,0.15264932839526515,0.14189705460416394,0.15264932839526515,0.15264932839526515,0.16514867741462683,0.24497866312686414,0.24497866312686414,0.2662520491509254,0.2662520491509254,0.348771003583907,0.3805063771123649,0.3805063771123649,0.507098504392337,0.0,0.0,0.0,0.0,0.0
14.772002574994985,tx,1a:00:00:00:00:00,-55,93.89397107838151,64,0.6815373012616084,6.9440001748948275,0,0,0,0,0,0,0,0,0,0,0,0,5,-7,4,-7,4,-8,4,-7,4,-8,4,-8,4,-8,4,-8,3,-9,4,-9,3,-9,3,-9,3,-10,2,-10,2,-10,1,-11,1,-10,1,-11,1,-11,0,-12,0,-12,-1,-12,-1,-13,-1,-13,-1,-14,-1,-13,0,0,-1,-14,-2,-15,-2,-14,-2,-16,-1,-15,-1,-15,-2,-16,0,-16,-1,-15,0,-17,0,-15,1,-15,1,-15,1,-14,0,-14,1,-13,2,-15,1,-13,1,-13,2,-13,3,-12,2,-13,3,-12,4,-11,4,-11,4,-10,0,0,0,0,0,0,0,0,0,0,0.0,0.0,0.0,0.0,0.0,0.0,8.602325267042627,8.06225774829855,8.94427190999916,8.06225774829855,8.94427190999916,8.94427190999916,8.94427190999916,8.94427190999916,9.486832980505138,9.848857801796104,9.486832980505138,9.486832980505138,10.44030650891055,10.198039027185569,10.198039027185569,11.045361017187261,10.04987562112089,11.045361017187261,11.045361017187261,12.0,12.0,12.041594578792296,13.038404810405298,13.038404810405298,14.035668847618199,13.038404810405298,0.0,14.035668847618199,15.132745950421556,14.142135623730951,16.1245154965971,15.033296378372908,15.033296378372908,16.1245154965971,16.0,15.033296378372908,17.0,15.0,15.033296378372908,15.033296378372908,14.035668847618199,14.0,13.038404810405298,15.132745950421556,13.038404810405298,13.038404810405298,13.152946437965905,12.36931687685298,13.152946437965905,12.36931687685298,11.704699910719626,11.704699910719626,10.770329614269007,0.0,0.0,0.0,0.0,0.0,0.0,0.0,0.0,0.0,0.0,0.0,-0.9505468408120752,-1.0516502125483738,-1.1071487177940904,-1.0516502125483738,-1.1071487177940904,-1.1071487177940904,-1.1071487177940904,-1.1071487177940904,-1.2490457723982544,-1.1525719972156676,-1.2490457723982544,-1.2490457723982544,-1.2793395323170296,-1.373400766945016,-1.373400766945016,-1.4801364395941514,-1.4711276743037347,-1.4801364395941514,-1.4801364395941514,-1.5707963267948966,-1.5707963267948966,-1.6539375586833378,-1.6475682180646747,-1.6475682180646747,-1.642103791580187,-1.6475682180646747,0.0,-1.642103791580187,-1.7033478590915707,-1.7126933813990606,-1.695151321341658,-1.6373644905707205,-1.6373644905707205,-1.695151321341658,-1.5707963267948966,-1.6373644905707205,-1.5707963267948966,-1.5707963267948966,-1.5042281630190728,-1.5042281630190728,-1.4994888620096063,-1.5707963267948966,-1.4940244355251187,-1.4382447944982226,-1.4940244355251187,-1.4940244355251187,-1.4181469983996315,-1.3258176636680326,-1.4181469983996315,-1.3258176636680326,-1.2220253232109897,-1.2220253232109897,-1.1902899496825317,0.0,0.0,0.0,0.0,0.0
14.88217412999802,tx,1a:00:00:00:00:00,-55,93.89397107838151,64,0.6800719118551107,6.9222004090981155,0,0,0,0,0,0,0,0,0,0,0,0,1,-9,1,-9,1,-9,1,-9,0,-9,0,-9,0,-9,0,-10,0,-10,-1,-10,-2,-10,-2,-10,-2,-11,-3,-11,-3,-11,-3,-10,-4,-11,-4,-10,-5,-11,-4,-11,-5,-12,-5,-12,-5,-11,-7,-12,-7,-12,-8,-12,0,0,-8,-13,-7,-13,-8,-14,-8,-13,-8,-14,-8,-15,-7,-15,-7,-15,-7,-15,-7,-14,-7,-14,-7,-14,-7,-15,-6,-15,-5,-14,-5,-15,-5,-14,-5,-14,-4,-13,-4,-13,-3,-13,-3,-13,-3,-12,-2,-13,-2,-12,-1,-12,0,0,0,0,0,0,0,0,0,0,0.0,0.0,0.0,0.0,0.0,0.0,9.055385138137417,9.055385138137417,9.055385138137417,9.055385138137417,9.0,9.0,9.0,10.0,10.0,10.04987562112089,10.198039027185569,10.198039027185569,11.180339887498949,11.40175425099138,11.40175425099138,10.44030650891055,11.704699910719626,10.770329614269007,12.083045973594572,11.704699910719626,13.0,13.0,12.083045973594572,13.892443989449804,13.892443989449804,14.422205101855956,0.0,15.264337522473747,14.7648230602334,16.1245154965971,15.264337522473747,16.1245154965971,17.0,16.55294535724685,16.55294535724685,16.55294535724685,15.652475842498529,15.652475842498529,15.652475842498529,16.55294535724685,16.15549442140351,14.866068747318506,15.811388300841896,14.866068747318506,14.866068747318506,13.601470508735444,13.601470508735444,13.341664064126334,13.341664064126334,12.36931687685298,13.152946437965905,12.165525060596439,12.041594578792296,0.0,0.0,0.0,0.0,0.0,0.0,0.0,0.0,0.0,0.0,0.0,-1.460139105621001,-1.460139105621001,-1.460139105621001,-1.460139105621001,-1.5707963267948966,-1.5707963267948966,-1.5707963267948966,-1.5707963267948966,-1.5707963267948966,-1.6704649792860586,-1.7681918866447774,-1.7681918866447774,-1.750649826587375,-1.837048375945822,-1.837048375945822,-1.8622531212727638,-1.9195673303788037,-1.9513027039072615,-1.9974238199217726,-1.9195673303788037,-1.965587446494658,-1.965587446494658,-1.9974238199217726,-2.0988707752212563,-2.0988707752212563,-2.158798930342464,0.0,-2.1224513093234436,-2.0647376957144776,-2.0899424410414196,-2.1224513093234436,-2.0899424410414196,-2.060753653048625,-2.007423486608438,-2.007423486608438,-2.007423486608438,-2.0344439357957027,-2.0344439357957027,-2.0344439357957027,-2.007423486608438,-1.9513027039072615,-1.9138202672156,-1.892546881191539,-1.9138202672156,-1.9138202672156,-1.8692952583810758,-1.8692952583810758,-1.7975951748487824,-1.7975951748487824,-1.8157749899217608,-1.7234456551901618,-1.7359450042095235,-1.6539375586833378,0.0,0.0,0.0,0.0,0.0
14.984986792995187,tx,1a:00:00:00:00:00,-55,93.89397107838151,64,0.6784887404744808,6.900021459446491,0,0,0,0,0,0,0,0,0,0,0,0,-2,-8,-3,-9,-3,-8,-3,-9,-3,-9,-4,-9,-4,-9,-4,-9,-5,-9,-5,-9,-5,-9,-6,-9,-6,-8,-6,-8,-7,-9,-7,-8,-8,-8,-8,-8,-8,-8,-9,-8,-9,-8,-10,-8,-10,-7,-10,-7,-11,-8,-11,-7,0,0,-12,-8,-12,-8,-13,-8,-13,-8,-13,-8,-13,-8,-13,-9,-13,-9,-13,-9,-12,-9,-12,-9,-12,-9,-12,-10,-12,-10,-11,-9,-11,-10,-10,-10,-10,-9,-10,-9,-9,-9,-9,-10,-8,-10,-8,-10,-7,-10,-7,-10,-6,-10,0,0,0,0,0,0,0,0,0,0,0.0,0.0,0.0,0.0,0.0,0.0,8.246211251235321,9.486832980505138,8.54400374531753,9.486832980505138,9.486832980505138,9.848857801796104,9.848857801796104,9.848857801796104,10.295630140987,10.295630140987,10.295630140987,10.816653826391969,10.0,10.0,11.40175425099138,10.63014581273465,11.313708498984761,11.313708498984761,11.313708498984761,12.041594578792296,12.041594578792296,12.806248474865697,12.206555615733702,12.206555615733702,13.601470508735444,13.038404810405298,0.0,14.422205101855956,14.422205101855956,15.264337522473747,15.264337522473747,15.264337522473747,15.264337522473747,15.811388300841896,15.811388300841896,15.811388300841896,15.0,15.0,15.0,15.620499351813308,15.620499351813308,14.212670403551895,14.866068747318506,14.142135623730951,13.45362404707371,13.45362404707371,12.727922061357855,13.45362404707371,12.806248474865697,12.806248474865697,12.206555615733702,12.206555615733702,11.661903789690601,0.0,0.0,0.0,0.0,0.0,0.0,0.0,0.0,0.0,0.0,0.0,-1.8157749899217608,-1.892546881191539,-1.9295669970654687,-1.892546881191539,-1.892546881191539,-1.9890206563741257,-1.9890206563741257,-1.9890206563741257,-2.0778948311872334,-2.0778948311872334,-2.0778948311872334,-2.158798930342464,-2.214297435588181,-2.214297435588181,-2.2318394956455836,-2.289626326416521,-2.356194490192345,-2.356194490192345,-2.356194490192345,-2.4149503129080676,-2.4149503129080676,-2.4668517113662407,-2.5308666892005847,-2.5308666892005847,-2.5127963671743605,-2.5748634360662868,0.0,-2.5535900500422257,-2.5535900500422257,-2.5899376710612465,-2.5899376710612465,-2.5899376710612465,-2.5899376710612465,-2.5360479899848234,-2.5360479899848234,-2.5360479899848234,-2.498091544796509,-2.498091544796509,-2.498091544796509,-2.44685437739309,-2.44685437739309,-2.455863142683507,-2.403777593469328,-2.356194490192345,-2.408777551803287,-2.408777551803287,-2.356194490192345,-2.3036114285814033,-2.2455372690184494,-2.2455372690184494,-2.1815222911841055,-2.1815222911841055,-2.1112158270654806,0.0,0.0,0.0,0.0,0.0
15.090527517000737,tx,1a:00:00:00:00:00,-55,93.89397107838151,64,0.6772340718958267,6.884001087460934,0,0,0,0,0,0,0,0,0,0,0,0,1,8,1,7,1,8,1,7,1,8,2,7,2,8,2,8,3,8,3,8,3,8,4,8,4,8,4,8,4,7,6,8,6,7,6,8,6,7,7,7,7,8,8,7,8,8,9,7,9,7,9,7,0,0,10,7,11,8,10,7,12,8,11,8,11,8,11,8,11,9,11,8,11,9,10,9,10,9,10,9,9,9,10,9,9,8,9,9,8,8,8,9,8,9,7,9,7,9,7,10,6,9,6,9,5,9,0,0,0,0,0,0,0,0,0,0,0.0,0.0,0.0,0.0,0.0,0.0,8.06225774829855,7.0710678118654755,8.06225774829855,7.0710678118654755,8.06225774829855,7.280109889280518,8.246211251235321,8.246211251235321,8.54400374531753,8.54400374531753,8.54400374531753,8.94427190999916,8.94427190999916,8.94427190999916,8.06225774829855,10.0,9.219544457292887,10.0,9.219544457292887,9.899494936611665,10.63014581273465,10.63014581273465,11.313708498984761,11.40175425099138,11.40175425099138,11.40175425099138,0.0,12.206555615733702,13.601470508735444,12.206555615733702,14.422205101855956,13.601470508735444,13.601470508735444,13.601470508735444,14.212670403551895,13.601470508735444,14.212670403551895,13.45362404707371,13.45362404707371,13.45362404707371,12.727922061357855,13.45362404707371,12.041594578792296,12.727922061357855,11.313708498984761,12.041594578792296,12.041594578792296,11.40175425099138,11.40175425099138,12.206555615733702,10.816653826391969,10.816653826391969,10.295630140987,0.0,0.0,0.0,0.0,0.0,0.0,0.0,0.0,0.0,0.0,0.0,1.446441332248135,1.4288992721907328,1.446441332248135,1.4288992721907328,1.446441332248135,1.2924966677897853,1.3258176636680326,1.3258176636680326,1.2120256565243244,1.2120256565243244,1.2120256565243244,1.1071487177940904,1.1071487177940904,1.1071487177940904,1.0516502125483738,0.9272952180016122,0.8621700546672264,0.9272952180016122,0.8621700546672264,0.7853981633974483,0.8519663271732721,0.7188299996216245,0.7853981633974483,0.6610431688506869,0.6610431688506869,0.6610431688506869,0.0,0.6107259643892086,0.628796286415433,0.6107259643892086,0.5880026035475675,0.628796286415433,0.628796286415433,0.628796286415433,0.6857295109062863,0.628796286415433,0.6857295109062863,0.7328151017865066,0.7328151017865066,0.7328151017865066,0.7853981633974483,0.7328151017865066,0.7266423406817256,0.7853981633974483,0.7853981633974483,0.844153986113171,0.844153986113171,0.9097531579442097,0.9097531579442097,0.960070362405688,0.982793723247329,0.982793723247329,1.0636978224025597,0.0,0.0,0.0,0.0,0.0
15.190733504998207,tx,1a:00:00:00:00:00,-55,93.89397107838151,64,0.6765249976354283,6.889863132198776,0,0,0,0,0,0,0,0,0,0,0,0,6,4,6,4,6,4,7,4,7,4,7,4,7,4,7,4,8,3,8,3,8,3,9,3,9,2,9,2,9,2,9,2,10,1,10,1,10,0,10,0,11,0,11,0,11,-1,12,-1,12,-2,12,-2,0,0,13,-2,13,-2,14,-2,14,-2,14,-2,15,-2,15,-2,15,-1,15,-1,14,-1,15,-1,14,0,14,0,14,0,14,1,14,1,13,1,13,1,13,1,12,2,12,2,12,2,11,2,11,3,10,3,10,4,0,0,0,0,0,0,0,0,0,0,0.0,0.0,0.0,0.0,0.0,0.0,7.211102550927978,7.211102550927978,7.211102550927978,8.06225774829855,8.06225774829855,8.06225774829855,8.06225774829855,8.06225774829855,8.54400374531753,8.54400374531753,8.54400374531753,9.486832980505138,9.219544457292887,9.219544457292887,9.219544457292887,9.219544457292887,10.04987562112089,10.04987562112089,10.0,10.0,11.0,11.0,11.045361017187261,12.041594578792296,12.165525060596439,12.165525060596439,0.0,13.152946437965905,13.152946437965905,14.142135623730951,14.142135623730951,14.142135623730951,15.132745950421556,15.132745950421556,15.033296378372908,15.033296378372908,14.035668847618199,15.033296378372908,14.0,14.0,14.0,14.035668847618199,14.035668847618199,13.038404810405298,13.038404810405298,13.038404810405298,12.165525060596439,12.165525060596439,12.165525060596439,11.180339887498949,11.40175425099138,10.44030650891055,10.770329614269007,0.0,0.0,0.0,0.0,0.0,0.0,0.0,0.0,0.0,0.0,0.0,0.5880026035475675,0.5880026035475675,0.5880026035475675,0.5191461142465229,0.5191461142465229,0.5191461142465229,0.5191461142465229,0.5191461142465229,0.35877067027057225,0.35877067027057225,0.35877067027057225,0.3217505543966422,0.21866894587394195,0.21866894587394195,0.21866894587394195,0.21866894587394195,0.09966865249116202,0.09966865249116202,0.0,0.0,0.0,0.0,-0.09065988720074511,-0.08314123188844123,-0.16514867741462683,-0.16514867741462683,0.0,-0.15264932839526515,-0.15264932839526515,-0.14189705460416394,-0.14189705460416394,-0.14189705460416394,-0.13255153229667402,-0.13255153229667402,-0.06656816377582381,-0.06656816377582381,-0.07130746478529032,-0.06656816377582381,0.0,0.0,0.0,0.07130746478529032,0.07130746478529032,0.07677189126977804,0.07677189126977804,0.07677189126977804,0.16514867741462683,0.16514867741462683,0.16514867741462683,0.17985349979247828,0.2662520491509254,0.2914567944778671,0.3805063771123649,0.0,0.0,0.0,0.0,0.0
15.29404340399924,tx,1a:00:00:00:00:00,-55,93.89397107838151,64,0.6774503416007964,6.911500358650148,0,0,0,0,0,0,0,0,0,0,0,0,-7,-6,-7,-6,-7,-6,-7,-6,-8,-6,-8,-6,-8,-6,-8,-6,-9,-5,-9,-6,-10,-5,-9,-5,-10,-5,-10,-4,-10,-4,-11,-4,-11,-3,-12,-3,-11,-3,-12,-3,-12,-3,-13,-2,-14,-2,-14,-2,-14,-1,-14,-1,0,0,-15,-2,-16,-1,-15,-1,-16,-1,-15,-1,-16,-1,-17,-2,-16,-2,-17,-2,-16,-3,-17,-2,-15,-3,-15,-3,-15,-4,-16,-3,-14,-3,-15,-4,-14,-4,-13,-4,-13,-5,-13,-5,-12,-5,-13,-5,-11,-6,-11,-6,-10,-6,0,0,0,0,0,0,0,0,0,0,0.0,0.0,0.0,0.0,0.0,0.0,9.219544457292887,9.219544457292887,9.219544457292887,9.219544457292887,10.0,10.0,10.0,10.0,10.295630140987,10.816653826391969,11.180339887498949,10.295630140987,11.180339887498949,10.770329614269007,10.770329614269007,11.704699910719626,11.40175425099138,12.36931687685298,11.40175425099138,12.36931687685298,12.36931687685298,13.152946437965905,14.142135623730951,14.142135623730951,14.035668847618199,14.035668847618199,0.0,15.132745950421556,16.0312195418814,15.033296378372908,16.0312195418814,15.033296378372908,16.0312195418814,17.11724276862369,16.1245154965971,17.11724276862369,16.278820596099706,17.11724276862369,15.297058540778355,15.297058540778355,15.524174696260024,16.278820596099706,14.317821063276353,15.524174696260024,14.560219778561036,13.601470508735444,13.92838827718412,13.92838827718412,13.0,13.92838827718412,12.529964086141668,12.529964086141668,11.661903789690601,0.0,0.0,0.0,0.0,0.0,0.0,0.0,0.0,0.0,0.0,0.0,-2.432966381462123,-2.432966381462123,-2.432966381462123,-2.432966381462123,-2.498091544796509,-2.498091544796509,-2.498091544796509,-2.498091544796509,-2.6344941491974563,-2.5535900500422257,-2.677945044588987,-2.6344941491974563,-2.677945044588987,-2.761086276477428,-2.761086276477428,-2.7928216500058864,-2.875340604438868,-2.896613990462929,-2.875340604438868,-2.896613990462929,-2.896613990462929,-2.988943325194528,-2.999695598985629,-2.999695598985629,-3.070285188804503,-3.070285188804503,0.0,-3.0090411212931194,-3.079173843593836,-3.0750244898139694,-3.079173843593836,-3.0750244898139694,-3.079173843593836,-3.024483909022929,-3.017237659043032,-3.024483909022929,-2.9562447035940984,-3.024483909022929,-2.9441970937399127,-2.9441970937399127,-2.8809902618424523,-2.9562447035940984,-2.930499320367047,-2.8809902618424523,-2.8632929945846817,-2.843093722003614,-2.774418819771574,-2.774418819771574,-2.746801533890032,-2.774418819771574,-2.642245931909663,-2.642245931909663,-2.601173153319209,0.0,0.0,0.0,0.0,0.0
15.401770488999318,tx,1a:00:00:00:00:00,-55,93.89397107838151,64,0.6780580816994454,6.943933376974416,0,0,0,0,0,0,0,0,0,0,0,0,7,-3,7,-3,7,-4,7,-4,7,-5,7,-5,7,-4,7,-5,7,-5,7,-6,7,-7,7,-7,7,-7,6,-7,7,-8,6,-8,6,-8,6,-8,6,-10,6,-10,6,-9,6,-10,5,-10,5,-11,5,-12,5,-12,0,0,5,-13,6,-12,6,-14,5,-13,6,-14,7,-14,7,-14,7,-13,7,-13,7,-13,7,-13,7,-13,7,-13,8,-13,7,-11,8,-12,7,-11,8,-11,8,-10,8,-9,8,-10,8,-9,7,-8,7,-8,8,-8,8,-7,0,0,0,0,0,0,0,0,0,0,0.0,0.0,0.0,0.0,0.0,0.0,7.615773105863909,7.615773105863909,8.06225774829855,8.06225774829855,8.602325267042627,8.602325267042627,8.06225774829855,8.602325267042627,8.602325267042627,9.219544457292887,9.899494936611665,9.899494936611665,9.899494936611665,9.219544457292887,10.63014581273465,10.0,10.0,10.0,11.661903789690601,11.661903789690601,10.816653826391969,11.661903789690601,11.180339887498949,12.083045973594572,13.0,13.0,0.0,13.92838827718412,13.416407864998739,15.231546211727817,13.92838827718412,15.231546211727817,15.652475842498529,15.652475842498529,14.7648230602334,14.7648230602334,14.7648230602334,14.7648230602334,14.7648230602334,14.7648230602334,15.264337522473747,13.038404810405298,14.422205101855956,13.038404810405298,13.601470508735444,12.806248474865697,12.041594578792296,12.806248474865697,12.041594578792296,10.63014581273465,10.63014581273465,11.313708498984761,10.63014581273465,0.0,0.0,0.0,0.0,0.0,0.0,0.0,0.0,0.0,0.0,0.0,-0.40489178628508343,-0.40489178628508343,-0.5191461142465229,-0.5191461142465229,-0.6202494859828215,-0.6202494859828215,-0.5191461142465229,-0.6202494859828215,-0.6202494859828215,-0.7086262721276703,-0.7853981633974483,-0.7853981633974483,-0.7853981633974483,-0.8621700546672264,-0.8519663271732721,-0.9272952180016122,-0.9272952180016122,-0.9272952180016122,-1.0303768265243125,-1.0303768265243125,-0.982793723247329,-1.0303768265243125,-1.1071487177940904,-1.1441688336680205,-1.176005207095135,-1.176005207095135,0.0,-1.2036224929766774,-1.1071487177940904,-1.1659045405098132,-1.2036224929766774,-1.1659045405098132,-1.1071487177940904,-1.1071487177940904,-1.0768549578753155,-1.0768549578753155,-1.0768549578753155,-1.0768549578753155,-1.0768549578753155,-1.0768549578753155,-1.0191413442663497,-1.0040671092713902,-0.982793723247329,-1.0040671092713902,-0.9420000403794636,-0.8960553845713439,-0.844153986113171,-0.8960553845713439,-0.844153986113171,-0.8519663271732721,-0.8519663271732721,-0.7853981633974483,-0.7188299996216245,0.0,0.0,0.0,0.0,0.0
15.52095749900036,tx,1a:00:00:00:00:00,-55,93.89397107838151,64,0.6809422986538451,6.983173053106103,0,0,0,0,0,0,0,0,0,0,0,0,5,6,3,7,5,7,6,5,4,5,4,6,5,5,5,5,6,5,6,5,6,5,7,5,7,4,8,4,8,5,8,4,8,5,8,3,10,4,9,4,9,3,10,3,10,2,11,2,11,2,12,2,0,0,13,2,12,3,14,3,12,2,13,3,14,3,13,3,13,3,13,4,12,3,13,3,13,4,13,4,13,4,11,4,12,5,10,4,11,5,11,5,10,5,10,5,9,6,8,5,9,5,9,6,8,6,0,0,0,0,0,0,0,0,0,0,0.0,0.0,0.0,0.0,0.0,0.0,7.810249675906654,7.615773105863909,8.602325267042627,7.810249675906654,6.4031242374328485,7.211102550927978,7.0710678118654755,7.0710678118654755,7.810249675906654,7.810249675906654,7.810249675906654,8.602325267042627,8.06225774829855,8.94427190999916,9.433981132056603,8.94427190999916,9.433981132056603,8.54400374531753,10.770329614269007,9.848857801796104,9.486832980505138,10.44030650891055,10.198039027185569,11.180339887498949,11.180339887498949,12.165525060596439,0.0,13.152946437965905,12.36931687685298,14.317821063276353,12.165525060596439,13.341664064126334,14.317821063276353,13.341664064126334,13.341664064126334,13.601470508735444,12.36931687685298,13.341664064126334,13.601470508735444,13.601470508735444,13.601470508735444,11.704699910719626,13.0,10.770329614269007,12.083045973594572,12.083045973594572,11.180339887498949,11.180339887498949,10.816653826391969,9.433981132056603,10.295630140987,10.816653826391969,10.0,0.0,0.0,0.0,0.0,0.0,0.0,0.0,0.0,0.0,0.0,0.0,0.8760580505981934,1.1659045405098132,0.9505468408120752,0.6947382761967031,0.8960553845713439,0.982793723247329,0.7853981633974483,0.7853981633974483,0.6947382761967031,0.6947382761967031,0.6947382761967031,0.6202494859828215,0.5191461142465229,0.4636476090008061,0.5585993153435624,0.4636476090008061,0.5585993153435624,0.35877067027057225,0.3805063771123649,0.4182243295792291,0.3217505543966422,0.2914567944778671,0.19739555984988075,0.17985349979247828,0.17985349979247828,0.16514867741462683,0.0,0.15264932839526515,0.24497866312686414,0.21109333322274654,0.16514867741462683,0.22679884805388587,0.21109333322274654,0.22679884805388587,0.22679884805388587,0.2984989315861793,0.24497866312686414,0.22679884805388587,0.2984989315861793,0.2984989315861793,0.2984989315861793,0.348771003583907,0.3947911196997615,0.3805063771123649,0.4266274931268761,0.4266274931268761,0.4636476090008061,0.4636476090008061,0.5880026035475675,0.5585993153435624,0.507098504392337,0.5880026035475675,0.6435011087932844,0.0,0.0,0.0,0.0,0.0
15.621254130994203,tx,1a:00:00:00:00:00,-55,93.89397107838151,64,0.6832837235710888,7.02601008988188,0,0,0,0,0,0,0,0,0,0,0,0,-8,1,-8,1,-9,2,-8,1,-9,2,-8,1,-8,2,-9,2,-9,3,-9,3,-9,3,-9,3,-9,4,-9,4,-8,4,-8,5,-8,5,-8,6,-8,6,-8,7,-8,7,-8,8,-8,8,-8,8,-8,8,-8,9,0,0,-8,9,-8,11,-8,10,-9,11,-9,10,-9,11,-9,11,-10,10,-10,10,-10,10,-10,10,-10,9,-10,9,-10,9,-10,10,-10,8,-11,8,-10,7,-10,7,-10,7,-10,6,-10,6,-10,6,-10,5,-10,4,-10,3,0,0,0,0,0,0,0,0,0,0,0.0,0.0,0.0,0.0,0.0,0.0,8.06225774829855,8.06225774829855,9.219544457292887,8.06225774829855,9.219544457292887,8.06225774829855,8.246211251235321,9.219544457292887,9.486832980505138,9.486832980505138,9.486832980505138,9.486832980505138,9.848857801796104,9.848857801796104,8.94427190999916,9.433981132056603,9.433981132056603,10.0,10.0,10.63014581273465,10.63014581273465,11.313708498984761,11.313708498984761,11.313708498984761,11.313708498984761,12.041594578792296,0.0,12.041594578792296,13.601470508735444,12.806248474865697,14.212670403551895,13.45362404707371,14.212670403551895,14.212670403551895,14.142135623730951,14.142135623730951,14.142135623730951,14.142135623730951,13.45362404707371,13.45362404707371,13.45362404707371,14.142135623730951,12.806248474865697,13.601470508735444,12.206555615733702,12.206555615733702,12.206555615733702,11.661903789690601,11.661903789690601,11.661903789690601,11.180339887498949,10.770329614269007,10.44030650891055,0.0,0.0,0.0,0.0,0.0,0.0,0.0,0.0,0.0,0.0,0.0,3.017237659043032,3.017237659043032,2.922923707715851,3.017237659043032,2.922923707715851,3.017237659043032,2.896613990462929,2.922923707715851,2.819842099193151,2.819842099193151,2.819842099193151,2.819842099193151,2.723368324010564,2.723368324010564,2.677945044588987,2.5829933382462307,2.5829933382462307,2.498091544796509,2.498091544796509,2.4227626539681686,2.4227626539681686,2.356194490192345,2.356194490192345,2.356194490192345,2.356194490192345,2.297438667476622,0.0,2.297438667476622,2.1995926132103296,2.2455372690184494,2.256525837701183,2.3036114285814033,2.256525837701183,2.256525837701183,2.356194490192345,2.356194490192345,2.356194490192345,2.356194490192345,2.408777551803287,2.408777551803287,2.408777551803287,2.356194490192345,2.4668517113662407,2.5127963671743605,2.5308666892005847,2.5308666892005847,2.5308666892005847,2.601173153319209,2.601173153319209,2.601173153319209,2.677945044588987,2.761086276477428,2.8501358591119264,0.0,0.0,0.0,0.0,0.0
15.7229810899953,tx,1a:00:00:00:00:00,-55,93.19166075324728,64,0.6838244100657411,7.069767532723834,0,0,0,0,0,0,0,0,0,0,0,0,8,-3,7,-3,8,-3,8,-3,8,-4,8,-4,8,-4,8,-4,8,-5,8,-5,8,-5,8,-6,7,-6,7,-6,7,-7,7,-8,7,-8,7,-8,6,-9,6,-9,7,-9,6,-10,6,-10,6,-11,6,-11,6,-11,0,0,6,-12,6,-13,6,-13,6,-14,6,-13,6,-14,7,-14,7,-14,7,-14,8,-13,8,-13,8,-13,8,-12,8,-12,8,-12,8,-12,8,-11,8,-11,8,-10,8,-10,8,-10,8,-10,8,-9,8,-8,8,-8,8,-7,0,0,0,0,0,0,0,0,0,0,0.0,0.0,0.0,0.0,0.0,0.0,8.54400374531753,7.615773105863909,8.54400374531753,8.54400374531753,8.94427190999916,8.94427190999916,8.94427190999916,8.94427190999916,9.433981132056603,9.433981132056603,9.433981132056603,10.0,9.219544457292887,9.219544457292887,9.899494936611665,10.63014581273465,10.63014581273465,10.63014581273465,10.816653826391969,10.816653826391969,11.40175425099138,11.661903789690601,11.661903789690601,12.529964086141668,12.529964086141668,12.529964086141668,0.0,13.416407864998739,14.317821063276353,14.317821063276353,15.231546211727817,14.317821063276353,15.231546211727817,15.652475842498529,15.652475842498529,15.652475842498529,15.264337522473747,15.264337522473747,15.264337522473747,14.422205101855956,14.422205101855956,14.422205101855956,14.422205101855956,13.601470508735444,13.601470508735444,12.806248474865697,12.806248474865697,12.806248474865697,12.806248474865697,12.041594578792296,11.313708498984761,11.313708498984761,10.63014581273465,0.0,0.0,0.0,0.0,0.0,0.0,0.0,0.0,0.0,0.0,0.0,-0.35877067027057225,-0.40489178628508343,-0.35877067027057225,-0.35877067027057225,-0.4636476090008061,-0.4636476090008061,-0.4636476090008061,-0.4636476090008061,-0.5585993153435624,-0.5585993153435624,-0.5585993153435624,-0.6435011087932844,-0.7086262721276703,-0.7086262721276703,-0.7853981633974483,-0.8519663271732721,-0.8519663271732721,-0.8519663271732721,-0.982793723247329,-0.982793723247329,-0.9097531579442097,-1.0303768265243125,-1.0303768265243125,-1.0714496051147666,-1.0714496051147666,-1.0714496051147666,0.0,-1.1071487177940904,-1.1383885512243588,-1.1383885512243588,-1.1659045405098132,-1.1383885512243588,-1.1659045405098132,-1.1071487177940904,-1.1071487177940904,-1.1071487177940904,-1.0191413442663497,-1.0191413442663497,-1.0191413442663497,-0.982793723247329,-0.982793723247329,-0.982793723247329,-0.982793723247329,-0.9420000403794636,-0.9420000403794636,-0.8960553845713439,-0.8960553845713439,-0.8960553845713439,-0.8960553845713439,-0.844153986113171,-0.7853981633974483,-0.7853981633974483,-0.7188299996216245,0.0,0.0,0.0,0.0,0.0
15.825526439999521,tx,1a:00:00:00:00:00,-55,93.19166075324728,64,0.6837928881419812,7.112145894087868,0,0,0,0,0,0,0,0,0,0,0,0,7,1,7,1,8,0,8,1,8,0,8,0,8,0,8,-1,8,-1,9,-1,9,-1,9,-2,9,-2,9,-2,9,-3,9,-3,9,-4,9,-4,9,-5,9,-5,9,-5,9,-6,9,-6,9,-7,10,-7,10,-7,0,0,10,-8,10,-8,11,-9,10,-8,12,-9,11,-9,12,-8,12,-8,12,-8,12,-8,12,-8,12,-7,12,-7,12,-7,11,-6,12,-6,11,-6,11,-6,11,-5,11,-5,11,-4,11,-4,11,-4,10,-3,10,-3,10,-2,0,0,0,0,0,0,0,0,0,0,0.0,0.0,0.0,0.0,0.0,0.0,7.0710678118654755,7.0710678118654755,8.0,8.06225774829855,8.0,8.0,8.0,8.06225774829855,8.06225774829855,9.055385138137417,9.055385138137417,9.219544457292887,9.219544457292887,9.219544457292887,9.486832980505138,9.486832980505138,9.848857801796104,9.848857801796104,10.295630140987,10.295630140987,10.295630140987,10.816653826391969,10.816653826391969,11.40175425099138,12.206555615733702,12.206555615733702,0.0,12.806248474865697,12.806248474865697,14.212670403551895,12.806248474865697,15.0,14.212670403551895,14.422205101855956,14.422205101855956,14.422205101855956,14.422205101855956,14.422205101855956,13.892443989449804,13.892443989449804,13.892443989449804,12.529964086141668,13.416407864998739,12.529964086141668,12.529964086141668,12.083045973594572,12.083045973594572,11.704699910719626,11.704699910719626,11.704699910719626,10.44030650891055,10.44030650891055,10.198039027185569,0.0,0.0,0.0,0.0,0.0,0.0,0.0,0.0,0.0,0.0,0.0,0.14189705460416394,0.14189705460416394,0.0,0.12435499454676144,0.0,0.0,0.0,-0.12435499454676144,-0.12435499454676144,-0.11065722117389565,-0.11065722117389565,-0.21866894587394195,-0.21866894587394195,-0.21866894587394195,-0.3217505543966422,-0.3217505543966422,-0.4182243295792291,-0.4182243295792291,-0.507098504392337,-0.507098504392337,-0.507098504392337,-0.5880026035475675,-0.5880026035475675,-0.6610431688506869,-0.6107259643892086,-0.6107259643892086,0.0,-0.6747409422235526,-0.6747409422235526,-0.6857295109062863,-0.6747409422235526,-0.6435011087932844,-0.6857295109062863,-0.5880026035475675,-0.5880026035475675,-0.5880026035475675,-0.5880026035475675,-0.5880026035475675,-0.5280744484263596,-0.5280744484263596,-0.5280744484263596,-0.4993467216801301,-0.4636476090008061,-0.4993467216801301,-0.4993467216801301,-0.4266274931268761,-0.4266274931268761,-0.348771003583907,-0.348771003583907,-0.348771003583907,-0.2914567944778671,-0.2914567944778671,-0.19739555984988075,0.0,0.0,0.0,0.0,0.0
15.931842462996428,tx,1a:00:00:00:00:00,-54,93.19166075324728,64,0.6842852704844058,7.151143184913348,0,0,0,0,0,0,0,0,0,0,0,0,-7,-8,-6,-7,-7,-8,-8,-5,-7,-6,-5,-6,-8,-5,-7,-6,-7,-5,-9,-6,-8,-6,-9,-5,-9,-5,-9,-4,-10,-4,-10,-4,-10,-3,-11,-3,-11,-2,-11,-2,-11,-3,-12,-2,-12,-2,-12,-2,-13,-2,-13,-2,0,0,-14,-1,-14,-1,-14,-1,-15,-1,-14,-1,-15,-1,-16,-1,-15,-2,-15,-2,-15,-2,-15,-3,-15,-3,-15,-3,-14,-3,-15,-3,-14,-3,-14,-4,-13,-3,-13,-4,-13,-4,-12,-5,-12,-5,-12,-6,-11,-6,-10,-6,-10,-6,0,0,0,0,0,0,0,0,0,0,0.0,0.0,0.0,0.0,0.0,0.0,10.63014581273465,9.219544457292887,10.63014581273465,9.433981132056603,9.219544457292887,7.810249675906654,9.433981132056603,9.219544457292887,8.602325267042627,10.816653826391969,10.0,10.295630140987,10.295630140987,9.848857801796104,10.770329614269007,10.770329614269007,10.44030650891055,11.40175425099138,11.180339887498949,11.180339887498949,11.40175425099138,12.165525060596439,12.165525060596439,12.165525060596439,13.152946437965905,13.152946437965905,0.0,14.035668847618199,14.035668847618199,14.035668847618199,15.033296378372908,14.035668847618199,15.033296378372908,16.0312195418814,15.132745950421556,15.132745950421556,15.132745950421556,15.297058540778355,15.297058540778355,15.297058540778355,14.317821063276353,15.297058540778355,14.317821063276353,14.560219778561036,13.341664064126334,13.601470508735444,13.601470508735444,13.0,13.0,13.416407864998739,12.529964086141668,11.661903789690601,11.661903789690601,0.0,0.0,0.0,0.0,0.0,0.0,0.0,0.0,0.0,0.0,0.0,-2.289626326416521,-2.279422598922567,-2.289626326416521,-2.5829933382462307,-2.432966381462123,-2.2655346029916,-2.5829933382462307,-2.432966381462123,-2.5213431676069717,-2.5535900500422257,-2.498091544796509,-2.6344941491974563,-2.6344941491974563,-2.723368324010564,-2.761086276477428,-2.761086276477428,-2.8501358591119264,-2.875340604438868,-2.961739153797315,-2.961739153797315,-2.875340604438868,-2.976443976175166,-2.976443976175166,-2.976443976175166,-2.988943325194528,-2.988943325194528,0.0,-3.070285188804503,-3.070285188804503,-3.070285188804503,-3.0750244898139694,-3.070285188804503,-3.0750244898139694,-3.079173843593836,-3.0090411212931194,-3.0090411212931194,-3.0090411212931194,-2.9441970937399127,-2.9441970937399127,-2.9441970937399127,-2.930499320367047,-2.9441970937399127,-2.930499320367047,-2.8632929945846817,-2.9147938055359073,-2.843093722003614,-2.843093722003614,-2.746801533890032,-2.746801533890032,-2.677945044588987,-2.642245931909663,-2.601173153319209,-2.601173153319209,0.0,0.0,0.0,0.0,0.0
16.054244980994554,tx,1a:00:00:00:00:00,-55,93.19166075324728,64,0.6844483525737948,7.185071129569428,0,0,0,0,0,0,0,0,0,0,0,0,-9,0,-10,0,-10,1,-10,1,-10,1,-10,1,-10,2,-10,2,-10,2,-10,3,-10,3,-10,3,-10,4,-10,4,-10,5,-10,5,-10,5,-9,5,-10,6,-10,7,-9,7,-10,8,-9,8,-10,9,-10,9,-10,9,0,0,-10,10,-11,9,-11,11,-10,10,-11,10,-11,11,-12,11,-12,11,-12,11,-12,10,-12,10,-12,9,-13,9,-12,9,-12,8,-13,8,-12,8,-12,7,-12,7,-12,6,-12,6,-12,5,-12,5,-12,4,-12,4,-12,3,0,0,0,0,0,0,0,0,0,0,0.0,0.0,0.0,0.0,0.0,0.0,9.0,10.0,10.04987562112089,10.04987562112089,10.04987562112089,10.04987562112089,10.198039027185569,10.198039027185569,10.198039027185569,10.44030650891055,10.44030650891055,10.44030650891055,10.770329614269007,10.770329614269007,11.180339887498949,11.180339887498949,11.180339887498949,10.295630140987,11.661903789690601,12.206555615733702,11.40175425099138,12.806248474865697,12.041594578792296,13.45362404707371,13.45362404707371,13.45362404707371,0.0,14.142135623730951,14.212670403551895,15.556349186104045,14.142135623730951,14.866068747318506,15.556349186104045,16.278820596099706,16.278820596099706,16.278820596099706,15.620499351813308,15.620499351813308,15.0,15.811388300841896,15.0,14.422205101855956,15.264337522473747,14.422205101855956,13.892443989449804,13.892443989449804,13.416407864998739,13.416407864998739,13.0,13.0,12.649110640673518,12.649110640673518,12.36931687685298,0.0,0.0,0.0,0.0,0.0,0.0,0.0,0.0,0.0,0.0,0.0,3.141592653589793,3.141592653589793,3.0419240010986313,3.0419240010986313,3.0419240010986313,3.0419240010986313,2.9441970937399127,2.9441970937399127,2.9441970937399127,2.8501358591119264,2.8501358591119264,2.8501358591119264,2.761086276477428,2.761086276477428,2.677945044588987,2.677945044588987,2.677945044588987,2.6344941491974563,2.601173153319209,2.5308666892005847,2.4805494847391065,2.4668517113662407,2.4149503129080676,2.408777551803287,2.408777551803287,2.408777551803287,0.0,2.356194490192345,2.455863142683507,2.356194490192345,2.356194490192345,2.403777593469328,2.356194490192345,2.399645385583876,2.399645385583876,2.399645385583876,2.44685437739309,2.44685437739309,2.498091544796509,2.5360479899848234,2.498091544796509,2.5535900500422257,2.5899376710612465,2.5535900500422257,2.6135182051634334,2.6135182051634334,2.677945044588987,2.677945044588987,2.746801533890032,2.746801533890032,2.819842099193151,2.819842099193151,2.896613990462929,0.0,0.0,0.0,0.0,0.0
16.16100197599735,tx,1a:00:00:00:00:00,-55,93.19166075324728,64,0.683985584758657,7.212562088668357,0,0,0,0,0,0,0,0,0,0,0,0,6,-5,6,-5,7,-5,7,-6,6,-6,6,-6,6,-6,6,-6,6,-7,6,-7,6,-7,6,-8,5,-8,5,-8,5,-9,5,-9,4,-9,4,-9,4,-10,4,-10,4,-10,3,-11,3,-11,3,-12,3,-12,3,-12,0,0,3,-13,3,-13,3,-14,2,-14,3,-14,3,-14,4,-15,4,-14,4,-14,4,-14,4,-14,5,-14,5,-14,5,-13,5,-13,5,-13,5,-13,5,-12,5,-12,5,-11,5,-11,6,-11,6,-10,6,-10,6,-9,7,-8,0,0,0,0,0,0,0,0,0,0,0.0,0.0,0.0,0.0,0.0,0.0,7.810249675906654,7.810249675906654,8.602325267042627,9.219544457292887,8.48528137423857,8.48528137423857,8.48528137423857,8.48528137423857,9.219544457292887,9.219544457292887,9.219544457292887,10.0,9.433981132056603,9.433981132056603,10.295630140987,10.295630140987,9.848857801796104,9.848857801796104,10.770329614269007,10.770329614269007,10.770329614269007,11.40175425099138,11.40175425099138,12.36931687685298,12.36931687685298,12.36931687685298,0.0,13.341664064126334,13.341664064126334,14.317821063276353,14.142135623730951,14.317821063276353,14.317821063276353,15.524174696260024,14.560219778561036,14.560219778561036,14.560219778561036,14.560219778561036,14.866068747318506,14.866068747318506,13.92838827718412,13.92838827718412,13.92838827718412,13.92838827718412,13.0,13.0,12.083045973594572,12.083045973594572,12.529964086141668,11.661903789690601,11.661903789690601,10.816653826391969,10.63014581273465,0.0,0.0,0.0,0.0,0.0,0.0,0.0,0.0,0.0,0.0,0.0,-0.6947382761967031,-0.6947382761967031,-0.6202494859828215,-0.7086262721276703,-0.7853981633974483,-0.7853981633974483,-0.7853981633974483,-0.7853981633974483,-0.8621700546672264,-0.8621700546672264,-0.8621700546672264,-0.9272952180016122,-1.0121970114513341,-1.0121970114513341,-1.0636978224025597,-1.0636978224025597,-1.1525719972156676,-1.1525719972156676,-1.1902899496825317,-1.1902899496825317,-1.1902899496825317,-1.3045442776439713,-1.3045442776439713,-1.3258176636680326,-1.3258176636680326,-1.3258176636680326,0.0,-1.3439974787410107,-1.3439974787410107,-1.35970299357215,-1.4288992721907328,-1.35970299357215,-1.35970299357215,-1.3101939350475555,-1.2924966677897853,-1.2924966677897853,-1.2924966677897853,-1.2924966677897853,-1.2277723863741932,-1.2277723863741932,-1.2036224929766774,-1.2036224929766774,-1.2036224929766774,-1.2036224929766774,-1.176005207095135,-1.176005207095135,-1.1441688336680205,-1.1441688336680205,-1.0714496051147666,-1.0303768265243125,-1.0303768265243125,-0.982793723247329,-0.8519663271732721,0.0,0.0,0.0,0.0,0.0
16.261292855997453,tx,1a:00:00:00:00:00,-55,93.19166075324728,64,0.6823550181071524,7.232543101760063,0,0,0,0,0,0,0,0,0,0,0,0,5,-7,5,-7,5,-8,5,-8,5,-8,4,-8,4,-9,4,-9,3,-9,4,-9,4,-9,4,-10,3,-10,3,-10,2,-10,2,-11,1,-10,1,-11,1,-11,0,-12,0,-12,-1,-12,0,-13,0,-13,0,-13,-1,-13,0,0,-1,-14,-2,-15,-2,-14,-2,-15,-1,-15,-1,-16,-2,-15,-1,-15,-1,-15,0,-16,0,-16,1,-15,1,-15,1,-14,0,-15,1,-14,2,-15,2,-13,2,-13,2,-13,2,-13,2,-13,3,-13,4,-12,4,-11,4,-10,0,0,0,0,0,0,0,0,0,0,0.0,0.0,0.0,0.0,0.0,0.0,8.602325267042627,8.602325267042627,9.433981132056603,9.433981132056603,9.433981132056603,8.94427190999916,9.848857801796104,9.848857801796104,9.486832980505138,9.848857801796104,9.848857801796104,10.770329614269007,10.44030650891055,10.44030650891055,10.198039027185569,11.180339887498949,10.04987562112089,11.045361017187261,11.045361017187261,12.0,12.0,12.041594578792296,13.0,13.0,13.0,13.038404810405298,0.0,14.035668847618199,15.132745950421556,14.142135623730951,15.132745950421556,15.033296378372908,16.0312195418814,15.132745950421556,15.033296378372908,15.033296378372908,16.0,16.0,15.033296378372908,15.033296378372908,14.035668847618199,15.0,14.035668847618199,15.132745950421556,13.152946437965905,13.152946437965905,13.152946437965905,13.152946437965905,13.152946437965905,13.341664064126334,12.649110640673518,11.704699910719626,10.770329614269007,0.0,0.0,0.0,0.0,0.0,0.0,0.0,0.0,0.0,0.0,0.0,-0.9505468408120752,-0.9505468408120752,-1.0121970114513341,-1.0121970114513341,-1.0121970114513341,-1.1071487177940904,-1.1525719972156676,-1.1525719972156676,-1.2490457723982544,-1.1525719972156676,-1.1525719972156676,-1.1902899496825317,-1.2793395323170296,-1.2793395323170296,-1.373400766945016,-1.3909428270024184,-1.4711276743037347,-1.4801364395941514,-1.4801364395941514,-1.5707963267948966,-1.5707963267948966,-1.6539375586833378,-1.5707963267948966,-1.5707963267948966,-1.5707963267948966,-1.6475682180646747,0.0,-1.642103791580187,-1.7033478590915707,-1.7126933813990606,-1.7033478590915707,-1.6373644905707205,-1.633215136790854,-1.7033478590915707,-1.6373644905707205,-1.6373644905707205,-1.5707963267948966,-1.5707963267948966,-1.5042281630190728,-1.5042281630190728,-1.4994888620096063,-1.5707963267948966,-1.4994888620096063,-1.4382447944982226,-1.4181469983996315,-1.4181469983996315,-1.4181469983996315,-1.4181469983996315,-1.4181469983996315,-1.3439974787410107,-1.2490457723982544,-1.2220253232109897,-1.1902899496825317,0.0,0.0,0.0,0.0,0.0
16.371709255996393,tx,1a:00:00:00:00:00,-55,93.19166075324728,64,0.6803120415942265,7.244189885977141,0,0,0,0,0,0,0,0,0,0,0,0,-8,3,-8,3,-9,3,-9,3,-9,3,-8,4,-9,4,-9,5,-9,5,-9,5,-9,5,-8,5,-8,6,-8,6,-8,6,-7,7,-7,7,-8,7,-7,8,-7,9,-7,9,-7,9,-7,9,-7,10,-7,11,-7,11,0,0,-7,12,-8,12,-7,12,-7,13,-7,12,-8,12,-8,13,-8,12,-8,12,-9,12,-9,12,-9,12,-10,11,-9,10,-9,11,-9,10,-10,9,-9,9,-9,8,-9,8,-9,8,-9,7,-10,7,-10,7,-10,6,-10,5,0,0,0,0,0,0,0,0,0,0,0.0,0.0,0.0,0.0,0.0,0.0,8.54400374531753,8.54400374531753,9.486832980505138,9.486832980505138,9.486832980505138,8.94427190999916,9.848857801796104,10.295630140987,10.295630140987,10.295630140987,10.295630140987,9.433981132056603,10.0,10.0,10.0,9.899494936611665,9.899494936611665,10.63014581273465,10.63014581273465,11.40175425099138,11.40175425099138,11.40175425099138,11.40175425099138,12.206555615733702,13.038404810405298,13.038404810405298,0.0,13.892443989449804,14.422205101855956,13.892443989449804,14.7648230602334,13.892443989449804,14.422205101855956,15.264337522473747,14.422205101855956,14.422205101855956,15.0,15.0,15.0,14.866068747318506,13.45362404707371,14.212670403551895,13.45362404707371,13.45362404707371,12.727922061357855,12.041594578792296,12.041594578792296,12.041594578792296,11.40175425099138,12.206555615733702,12.206555615733702,11.661903789690601,11.180339887498949,0.0,0.0,0.0,0.0,0.0,0.0,0.0,0.0,0.0,0.0,0.0,2.782821983319221,2.782821983319221,2.819842099193151,2.819842099193151,2.819842099193151,2.677945044588987,2.723368324010564,2.6344941491974563,2.6344941491974563,2.6344941491974563,2.6344941491974563,2.5829933382462307,2.498091544796509,2.498091544796509,2.498091544796509,2.356194490192345,2.356194490192345,2.4227626539681686,2.289626326416521,2.2318394956455836,2.2318394956455836,2.2318394956455836,2.2318394956455836,2.1815222911841055,2.137525544318403,2.137525544318403,0.0,2.0988707752212563,2.158798930342464,2.0988707752212563,2.0647376957144776,2.0988707752212563,2.158798930342464,2.1224513093234436,2.158798930342464,2.158798930342464,2.214297435588181,2.214297435588181,2.214297435588181,2.3086113869153615,2.3036114285814033,2.256525837701183,2.3036114285814033,2.408777551803287,2.356194490192345,2.4149503129080676,2.4149503129080676,2.4149503129080676,2.4805494847391065,2.5308666892005847,2.5308666892005847,2.601173153319209,2.677945044588987,0.0,0.0,0.0,0.0,0.0
16.48180246099946,tx,1a:00:00:00:00:00,-55,93.19166075324728,64,0.6780666380202249,7.246902331653075,0,0,0,0,0,0,0,0,0,0,0,0,5,-7,5,-7,5,-8,5,-8,5,-8,4,-8,4,-8,4,-8,4,-9,4,-9,4,-9,3,-10,3,-10,3,-10,3,-10,2,-10,1,-11,1,-11,1,-11,1,-11,1,-12,0,-12,0,-12,0,-13,0,-13,-1,-13,0,0,-1,-14,-1,-14,-2,-14,-1,-15,-1,-15,-1,-15,-1,-15,0,-16,-1,-15,0,-15,0,-15,1,-15,1,-14,1,-14,1,-15,1,-14,1,-15,2,-13,1,-13,2,-13,3,-13,2,-11,4,-12,3,-11,3,-10,5,-11,0,0,0,0,0,0,0,0,0,0,0.0,0.0,0.0,0.0,0.0,0.0,8.602325267042627,8.602325267042627,9.433981132056603,9.433981132056603,9.433981132056603,8.94427190999916,8.94427190999916,8.94427190999916,9.848857801796104,9.848857801796104,9.848857801796104,10.44030650891055,10.44030650891055,10.44030650891055,10.44030650891055,10.198039027185569,11.045361017187261,11.045361017187261,11.045361017187261,11.045361017187261,12.041594578792296,12.0,12.0,13.0,13.0,13.038404810405298,0.0,14.035668847618199,14.035668847618199,14.142135623730951,15.033296378372908,15.033296378372908,15.033296378372908,15.033296378372908,16.0,15.033296378372908,15.0,15.0,15.033296378372908,14.035668847618199,14.035668847618199,15.033296378372908,14.035668847618199,15.033296378372908,13.152946437965905,13.038404810405298,13.152946437965905,13.341664064126334,11.180339887498949,12.649110640673518,11.40175425099138,10.44030650891055,12.083045973594572,0.0,0.0,0.0,0.0,0.0,0.0,0.0,0.0,0.0,0.0,0.0,-0.9505468408120752,-0.9505468408120752,-1.0121970114513341,-1.0121970114513341,-1.0121970114513341,-1.1071487177940904,-1.1071487177940904,-1.1071487177940904,-1.1525719972156676,-1.1525719972156676,-1.1525719972156676,-1.2793395323170296,-1.2793395323170296,-1.2793395323170296,-1.2793395323170296,-1.373400766945016,-1.4801364395941514,-1.4801364395941514,-1.4801364395941514,-1.4801364395941514,-1.4876550949064553,-1.5707963267948966,-1.5707963267948966,-1.5707963267948966,-1.5707963267948966,-1.6475682180646747,0.0,-1.642103791580187,-1.642103791580187,-1.7126933813990606,-1.6373644905707205,-1.6373644905707205,-1.6373644905707205,-1.6373644905707205,-1.5707963267948966,-1.6373644905707205,-1.5707963267948966,-1.5707963267948966,-1.5042281630190728,-1.4994888620096063,-1.4994888620096063,-1.5042281630190728,-1.4994888620096063,-1.5042281630190728,-1.4181469983996315,-1.4940244355251187,-1.4181469983996315,-1.3439974787410107,-1.3909428270024184,-1.2490457723982544,-1.3045442776439713,-1.2793395323170296,-1.1441688336680205,0.0,0.0,0.0,0.0,0.0
16.602224114998535,tx,1a:00:00:00:00:00,-54,93.19166075324728,64,0.675692302818381,7.240284942094233,0,0,0,0,0,0,0,0,0,0,0,0,-8,3,-8,3,-9,4,-9,4,-8,4,-8,4,-8,4,-8,5,-8,5,-8,5,-8,6,-8,6,-8,6,-8,7,-8,7,-7,7,-7,8,-7,8,-7,8,-7,8,-6,9,-6,9,-6,9,-6,10,-6,11,-6,11,0,0,-6,11,-6,12,-6,12,-6,12,-6,12,-7,12,-8,13,-8,12,-8,12,-8,12,-7,12,-8,12,-8,12,-9,11,-9,10,-9,10,-8,10,-8,9,-9,9,-9,8,-9,8,-9,8,-9,7,-9,7,-9,6,-9,6,0,0,0,0,0,0,0,0,0,0,0.0,0.0,0.0,0.0,0.0,0.0,8.54400374531753,8.54400374531753,9.848857801796104,9.848857801796104,8.94427190999916,8.94427190999916,8.94427190999916,9.433981132056603,9.433981132056603,9.433981132056603,10.0,10.0,10.0,10.63014581273465,10.63014581273465,9.899494936611665,10.63014581273465,10.63014581273465,10.63014581273465,10.63014581273465,10.816653826391969,10.816653826391969,10.816653826391969,11.661903789690601,12.529964086141668,12.529964086141668,0.0,12.529964086141668,13.416407864998739,13.416407864998739,13.416407864998739,13.416407864998739,13.892443989449804,15.264337522473747,14.422205101855956,14.422205101855956,14.422205101855956,13.892443989449804,14.422205101855956,14.422205101855956,14.212670403551895,13.45362404707371,13.45362404707371,12.806248474865697,12.041594578792296,12.727922061357855,12.041594578792296,12.041594578792296,12.041594578792296,11.40175425099138,11.40175425099138,10.816653826391969,10.816653826391969,0.0,0.0,0.0,0.0,0.0,0.0,0.0,0.0,0.0,0.0,0.0,2.782821983319221,2.782821983319221,2.723368324010564,2.723368324010564,2.677945044588987,2.677945044588987,2.677945044588987,2.5829933382462307,2.5829933382462307,2.5829933382462307,2.498091544796509,2.498091544796509,2.498091544796509,2.4227626539681686,2.4227626539681686,2.356194490192345,2.289626326416521,2.289626326416521,2.289626326416521,2.289626326416521,2.158798930342464,2.158798930342464,2.158798930342464,2.1112158270654806,2.0701430484750265,2.0701430484750265,0.0,2.0701430484750265,2.0344439357957027,2.0344439357957027,2.0344439357957027,2.0344439357957027,2.0988707752212563,2.1224513093234436,2.158798930342464,2.158798930342464,2.158798930342464,2.0988707752212563,2.158798930342464,2.158798930342464,2.256525837701183,2.3036114285814033,2.3036114285814033,2.2455372690184494,2.297438667476622,2.356194490192345,2.4149503129080676,2.4149503129080676,2.4149503129080676,2.4805494847391065,2.4805494847391065,2.5535900500422257,2.5535900500422257,0.0,0.0,0.0,0.0,0.0
16.713418578998244,tx,1a:00:00:00:00:00,-54,94.20558764224033,64,0.674213194831906,7.224146823814765,0,0,0,0,0,0,0,0,0,0,0,0,-9,0,-9,1,-9,1,-10,1,-9,1,-10,2,-10,2,-10,2,-10,2,-10,3,-10,3,-9,3,-9,4,-9,4,-10,5,-9,5,-10,5,-9,5,-10,7,-9,6,-9,7,-9,7,-9,7,-9,9,-9,9,-9,9,0,0,-10,10,-9,10,-10,11,-9,10,-10,11,-11,11,-11,10,-11,10,-12,10,-11,10,-11,10,-11,10,-11,9,-12,9,-11,8,-12,8,-11,8,-12,8,-11,7,-11,6,-11,6,-11,6,-11,5,-11,5,-11,4,-11,4,0,0,0,0,0,0,0,0,0,0,0.0,0.0,0.0,0.0,0.0,0.0,9.0,9.055385138137417,9.055385138137417,10.04987562112089,9.055385138137417,10.198039027185569,10.198039027185569,10.198039027185569,10.198039027185569,10.44030650891055,10.44030650891055,9.486832980505138,9.848857801796104,9.848857801796104,11.180339887498949,10.295630140987,11.180339887498949,10.295630140987,12.206555615733702,10.816653826391969,11.40175425099138,11.40175425099138,11.40175425099138,12.727922061357855,12.727922061357855,12.727922061357855,0.0,14.142135623730951,13.45362404707371,14.866068747318506,13.45362404707371,14.866068747318506,15.556349186104045,14.866068747318506,14.866068747318506,15.620499351813308,14.866068747318506,14.866068747318506,14.866068747318506,14.212670403551895,15.0,13.601470508735444,14.422205101855956,13.601470508735444,14.422205101855956,13.038404810405298,12.529964086141668,12.529964086141668,12.529964086141668,12.083045973594572,12.083045973594572,11.704699910719626,11.704699910719626,0.0,0.0,0.0,0.0,0.0,0.0,0.0,0.0,0.0,0.0,0.0,3.141592653589793,3.0309354324158977,3.0309354324158977,3.0419240010986313,3.0309354324158977,2.9441970937399127,2.9441970937399127,2.9441970937399127,2.9441970937399127,2.8501358591119264,2.8501358591119264,2.819842099193151,2.723368324010564,2.723368324010564,2.677945044588987,2.6344941491974563,2.677945044588987,2.6344941491974563,2.5308666892005847,2.5535900500422257,2.4805494847391065,2.4805494847391065,2.4805494847391065,2.356194490192345,2.356194490192345,2.356194490192345,0.0,2.356194490192345,2.3036114285814033,2.3086113869153615,2.3036114285814033,2.3086113869153615,2.356194490192345,2.403777593469328,2.403777593469328,2.44685437739309,2.403777593469328,2.403777593469328,2.403777593469328,2.455863142683507,2.498091544796509,2.5127963671743605,2.5535900500422257,2.5127963671743605,2.5535900500422257,2.5748634360662868,2.642245931909663,2.642245931909663,2.642245931909663,2.714965160462917,2.714965160462917,2.7928216500058864,2.7928216500058864,0.0,0.0,0.0,0.0,0.0
16.813563536998117,tx,1a:00:00:00:00:00,-54,94.20558764224033,64,0.6725228059185433,7.198413748175245,0,0,0,0,0,0,0,0,0,0,0,0,-9,-1,-9,-1,-10,0,-9,-1,-10,0,-9,0,-10,0,-10,0,-10,1,-10,1,-10,1,-10,2,-10,2,-10,3,-10,3,-10,4,-9,4,-10,4,-10,5,-10,5,-10,6,-10,6,-11,6,-10,7,-11,7,-10,7,0,0,-11,8,-11,9,-10,9,-12,10,-11,9,-12,9,-12,9,-13,9,-12,9,-13,9,-13,8,-13,8,-13,7,-12,7,-13,8,-12,7,-13,6,-12,6,-12,6,-12,5,-12,5,-12,5,-12,4,-12,3,-12,3,-11,1,0,0,0,0,0,0,0,0,0,0,0.0,0.0,0.0,0.0,0.0,0.0,9.055385138137417,9.055385138137417,10.0,9.055385138137417,10.0,9.0,10.0,10.0,10.04987562112089,10.04987562112089,10.04987562112089,10.198039027185569,10.198039027185569,10.44030650891055,10.44030650891055,10.770329614269007,9.848857801796104,10.770329614269007,11.180339887498949,11.180339887498949,11.661903789690601,11.661903789690601,12.529964086141668,12.206555615733702,13.038404810405298,12.206555615733702,0.0,13.601470508735444,14.212670403551895,13.45362404707371,15.620499351813308,14.212670403551895,15.0,15.0,15.811388300841896,15.0,15.811388300841896,15.264337522473747,15.264337522473747,14.7648230602334,13.892443989449804,15.264337522473747,13.892443989449804,14.317821063276353,13.416407864998739,13.416407864998739,13.0,13.0,13.0,12.649110640673518,12.36931687685298,12.36931687685298,11.045361017187261,0.0,0.0,0.0,0.0,0.0,0.0,0.0,0.0,0.0,0.0,0.0,-3.0309354324158977,-3.0309354324158977,3.141592653589793,-3.0309354324158977,3.141592653589793,3.141592653589793,3.141592653589793,3.141592653589793,3.0419240010986313,3.0419240010986313,3.0419240010986313,2.9441970937399127,2.9441970937399127,2.8501358591119264,2.8501358591119264,2.761086276477428,2.723368324010564,2.761086276477428,2.677945044588987,2.677945044588987,2.601173153319209,2.601173153319209,2.642245931909663,2.5308666892005847,2.5748634360662868,2.5308666892005847,0.0,2.5127963671743605,2.455863142683507,2.408777551803287,2.44685437739309,2.455863142683507,2.498091544796509,2.498091544796509,2.5360479899848234,2.498091544796509,2.5360479899848234,2.5899376710612465,2.5899376710612465,2.647651284670212,2.6135182051634334,2.5899376710612465,2.6135182051634334,2.7091848780192556,2.677945044588987,2.677945044588987,2.746801533890032,2.746801533890032,2.746801533890032,2.819842099193151,2.896613990462929,2.896613990462929,3.050932766389048,0.0,0.0,0.0,0.0,0.0
16.9250131269946,tx,1a:00:00:00:00:00,-54,94.20558764224033,64,0.6704270640537163,7.163047730356258,0,0,0,0,0,0,0,0,0,0,0,0,-9,0,-9,0,-9,1,-10,1,-9,1,-10,1,-9,1,-9,2,-9,2,-9,3,-10,3,-10,3,-9,4,-9,4,-9,5,-9,5,-9,5,-9,5,-9,6,-9,7,-9,7,-9,7,-9,8,-9,9,-9,9,-9,9,0,0,-9,10,-9,10,-10,11,-9,11,-10,11,-10,11,-10,11,-11,11,-11,10,-11,10,-11,10,-11,10,-11,9,-12,9,-11,8,-11,9,-11,8,-11,8,-11,7,-11,7,-11,7,-11,6,-11,5,-11,5,-11,4,-11,4,0,0,0,0,0,0,0,0,0,0,0.0,0.0,0.0,0.0,0.0,0.0,9.0,9.0,9.055385138137417,10.04987562112089,9.055385138137417,10.04987562112089,9.055385138137417,9.219544457292887,9.219544457292887,9.486832980505138,10.44030650891055,10.44030650891055,9.848857801796104,9.848857801796104,10.295630140987,10.295630140987,10.295630140987,10.295630140987,10.816653826391969,11.40175425099138,11.40175425099138,11.40175425099138,12.041594578792296,12.727922061357855,12.727922061357855,12.727922061357855,0.0,13.45362404707371,13.45362404707371,14.866068747318506,14.212670403551895,14.866068747318506,14.866068747318506,14.866068747318506,15.556349186104045,14.866068747318506,14.866068747318506,14.866068747318506,14.866068747318506,14.212670403551895,15.0,13.601470508735444,14.212670403551895,13.601470508735444,13.601470508735444,13.038404810405298,13.038404810405298,13.038404810405298,12.529964086141668,12.083045973594572,12.083045973594572,11.704699910719626,11.704699910719626,0.0,0.0,0.0,0.0,0.0,0.0,0.0,0.0,0.0,0.0,0.0,3.141592653589793,3.141592653589793,3.0309354324158977,3.0419240010986313,3.0309354324158977,3.0419240010986313,3.0309354324158977,2.922923707715851,2.922923707715851,2.819842099193151,2.8501358591119264,2.8501358591119264,2.723368324010564,2.723368324010564,2.6344941491974563,2.6344941491974563,2.6344941491974563,2.6344941491974563,2.5535900500422257,2.4805494847391065,2.4805494847391065,2.4805494847391065,2.4149503129080676,2.356194490192345,2.356194490192345,2.356194490192345,0.0,2.3036114285814033,2.3036114285814033,2.3086113869153615,2.256525837701183,2.3086113869153615,2.3086113869153615,2.3086113869153615,2.356194490192345,2.403777593469328,2.403777593469328,2.403777593469328,2.403777593469328,2.455863142683507,2.498091544796509,2.5127963671743605,2.455863142683507,2.5127963671743605,2.5127963671743605,2.5748634360662868,2.5748634360662868,2.5748634360662868,2.642245931909663,2.714965160462917,2.714965160462917,2.7928216500058864,2.7928216500058864,0.0,0.0,0.0,0.0,0.0
17.031101839995245,tx,1a:00:00:00:00:00,-54,94.20558764224033,64,0.6671637157268836,7.118095777547921,0,0,0,0,0,0,0,0,0,0,0,0,0,8,1,8,1,9,1,9,1,9,1,8,2,9,2,9,2,9,2,9,2,9,3,9,3,9,4,9,4,9,5,9,5,8,6,9,6,8,7,8,7,8,8,8,8,9,8,9,9,9,9,9,0,0,10,9,10,9,10,9,11,9,10,10,11,10,11,10,10,11,11,11,10,11,10,11,9,12,9,12,9,11,9,11,8,11,8,11,7,10,7,10,6,11,6,11,6,11,5,11,4,11,4,11,3,11,0,0,0,0,0,0,0,0,0,0,0.0,0.0,0.0,0.0,0.0,0.0,8.0,8.06225774829855,9.055385138137417,9.055385138137417,9.055385138137417,8.06225774829855,9.219544457292887,9.219544457292887,9.219544457292887,9.219544457292887,9.219544457292887,9.486832980505138,9.486832980505138,9.848857801796104,9.848857801796104,10.295630140987,9.433981132056603,10.816653826391969,10.0,10.63014581273465,10.63014581273465,11.313708498984761,12.041594578792296,12.041594578792296,12.727922061357855,12.727922061357855,0.0,13.45362404707371,13.45362404707371,13.45362404707371,14.212670403551895,14.142135623730951,14.866068747318506,14.866068747318506,14.866068747318506,15.556349186104045,14.866068747318506,14.866068747318506,15.0,15.0,14.212670403551895,14.212670403551895,13.601470508735444,13.601470508735444,12.206555615733702,12.206555615733702,12.529964086141668,12.529964086141668,12.529964086141668,12.083045973594572,11.704699910719626,11.704699910719626,11.40175425099138,0.0,0.0,0.0,0.0,0.0,0.0,0.0,0.0,0.0,0.0,0.0,1.5707963267948966,1.446441332248135,1.460139105621001,1.460139105621001,1.460139105621001,1.446441332248135,1.3521273809209546,1.3521273809209546,1.3521273809209546,1.3521273809209546,1.3521273809209546,1.2490457723982544,1.2490457723982544,1.1525719972156676,1.1525719972156676,1.0636978224025597,1.0121970114513341,0.982793723247329,0.9272952180016122,0.8519663271732721,0.8519663271732721,0.7853981633974483,0.844153986113171,0.844153986113171,0.7853981633974483,0.7853981633974483,0.0,0.7328151017865066,0.7328151017865066,0.7328151017865066,0.6857295109062863,0.7853981633974483,0.7378150601204649,0.7378150601204649,0.8329812666744317,0.7853981633974483,0.8329812666744317,0.8329812666744317,0.9272952180016122,0.9272952180016122,0.8850668158886104,0.8850668158886104,0.9420000403794636,0.9420000403794636,0.960070362405688,0.960070362405688,1.0714496051147666,1.0714496051147666,1.0714496051147666,1.1441688336680205,1.2220253232109897,1.2220253232109897,1.3045442776439713,0.0,0.0,0.0,0.0,0.0
17.13185449899902,tx,1a:00:00:00:00:00,-54,94.20558764224033,64,0.6653665504621724,7.06370767866497,0,0,0,0,0,0,0,0,0,0,0,0,2,-9,2,-8,1,-9,1,-9,1,-9,1,-9,0,-9,0,-10,0,-10,0,-10,0,-10,-1,-10,-1,-10,-2,-10,-2,-10,-3,-11,-4,-10,-4,-10,-4,-11,-5,-11,-5,-11,-6,-11,-5,-11,-6,-12,-6,-12,-6,-12,0,0,-7,-12,-8,-12,-8,-12,-9,-13,-8,-13,-8,-13,-9,-13,-8,-14,-8,-14,-8,-14,-7,-14,-6,-14,-6,-14,-6,-13,-6,-14,-6,-13,-5,-14,-5,-13,-5,-12,-5,-13,-4,-12,-4,-12,-3,-13,-2,-12,-2,-12,-1,-11,0,0,0,0,0,0,0,0,0,0,0.0,0.0,0.0,0.0,0.0,0.0,9.219544457292887,8.246211251235321,9.055385138137417,9.055385138137417,9.055385138137417,9.055385138137417,9.0,10.0,10.0,10.0,10.0,10.04987562112089,10.04987562112089,10.198039027185569,10.198039027185569,11.40175425099138,10.770329614269007,10.770329614269007,11.704699910719626,12.083045973594572,12.083045973594572,12.529964086141668,12.083045973594572,13.416407864998739,13.416407864998739,13.416407864998739,0.0,13.892443989449804,14.422205101855956,14.422205101855956,15.811388300841896,15.264337522473747,15.264337522473747,15.811388300841896,16.1245154965971,16.1245154965971,16.1245154965971,15.652475842498529,15.231546211727817,15.231546211727817,14.317821063276353,15.231546211727817,14.317821063276353,14.866068747318506,13.92838827718412,13.0,13.92838827718412,12.649110640673518,12.649110640673518,13.341664064126334,12.165525060596439,12.165525060596439,11.045361017187261,0.0,0.0,0.0,0.0,0.0,0.0,0.0,0.0,0.0,0.0,0.0,-1.3521273809209546,-1.3258176636680326,-1.460139105621001,-1.460139105621001,-1.460139105621001,-1.460139105621001,-1.5707963267948966,-1.5707963267948966,-1.5707963267948966,-1.5707963267948966,-1.5707963267948966,-1.6704649792860586,-1.6704649792860586,-1.7681918866447774,-1.7681918866447774,-1.837048375945822,-1.9513027039072615,-1.9513027039072615,-1.9195673303788037,-1.9974238199217726,-1.9974238199217726,-2.0701430484750265,-1.9974238199217726,-2.0344439357957027,-2.0344439357957027,-2.0344439357957027,0.0,-2.0988707752212563,-2.158798930342464,-2.158798930342464,-2.1763409903998667,-2.1224513093234436,-2.1224513093234436,-2.1763409903998667,-2.0899424410414196,-2.0899424410414196,-2.0899424410414196,-2.0344439357957027,-1.97568811307998,-1.97568811307998,-2.0032041023654346,-1.97568811307998,-2.0032041023654346,-1.9138202672156,-1.9379701606131159,-1.965587446494658,-1.9379701606131159,-1.892546881191539,-1.892546881191539,-1.7975951748487824,-1.7359450042095235,-1.7359450042095235,-1.6614562139956417,0.0,0.0,0.0,0.0,0.0
17.24077456499799,tx,1a:00:00:00:00:00,-54,94.20558764224033,64,0.6643497547742805,7.000096696758575,0,0,0,0,0,0,0,0,0,0,0,0,-6,5,-5,6,-5,6,-5,6,-5,7,-5,7,-5,7,-4,7,-4,8,-5,8,-4,8,-4,8,-4,9,-3,9,-3,9,-2,9,-2,9,-2,10,-1,10,-1,10,-1,10,0,11,0,11,0,11,0,12,1,12,0,0,1,13,1,13,1,13,1,14,1,14,1,14,1,14,1,15,0,14,0,14,0,14,-1,14,-1,14,-1,14,-1,13,-1,13,-2,13,-2,13,-2,12,-2,12,-3,12,-3,12,-3,11,-4,11,-4,10,-4,9,0,0,0,0,0,0,0,0,0,0,0.0,0.0,0.0,0.0,0.0,0.0,7.810249675906654,7.810249675906654,7.810249675906654,7.810249675906654,8.602325267042627,8.602325267042627,8.602325267042627,8.06225774829855,8.94427190999916,9.433981132056603,8.94427190999916,8.94427190999916,9.848857801796104,9.486832980505138,9.486832980505138,9.219544457292887,9.219544457292887,10.198039027185569,10.04987562112089,10.04987562112089,10.04987562112089,11.0,11.0,11.0,12.0,12.041594578792296,0.0,13.038404810405298,13.038404810405298,13.038404810405298,14.035668847618199,14.035668847618199,14.035668847618199,14.035668847618199,15.033296378372908,14.0,14.0,14.0,14.035668847618199,14.035668847618199,14.035668847618199,13.038404810405298,13.038404810405298,13.152946437965905,13.152946437965905,12.165525060596439,12.165525060596439,12.36931687685298,12.36931687685298,11.40175425099138,11.704699910719626,10.770329614269007,9.848857801796104,0.0,0.0,0.0,0.0,0.0,0.0,0.0,0.0,0.0,0.0,0.0,2.44685437739309,2.2655346029916,2.2655346029916,2.2655346029916,2.191045812777718,2.191045812777718,2.191045812777718,2.0899424410414196,2.0344439357957027,2.129395642138459,2.0344439357957027,2.0344439357957027,1.9890206563741257,1.892546881191539,1.892546881191539,1.7894652726688385,1.7894652726688385,1.7681918866447774,1.6704649792860586,1.6704649792860586,1.6704649792860586,1.5707963267948966,1.5707963267948966,1.5707963267948966,1.5707963267948966,1.4876550949064553,0.0,1.4940244355251187,1.4940244355251187,1.4940244355251187,1.4994888620096063,1.4994888620096063,1.4994888620096063,1.4994888620096063,1.5042281630190728,1.5707963267948966,1.5707963267948966,1.5707963267948966,1.642103791580187,1.642103791580187,1.642103791580187,1.6475682180646747,1.6475682180646747,1.7234456551901618,1.7234456551901618,1.7359450042095235,1.7359450042095235,1.8157749899217608,1.8157749899217608,1.837048375945822,1.9195673303788037,1.9513027039072615,1.9890206563741257,0.0,0.0,0.0,0.0,0.0
17.341138341995247,tx,1a:00:00:00:00:00,-54,94.20558764224033,64,0.6639532288775798,6.927526963038433,0,0,0,0,0,0,0,0,0,0,0,0,8,-1,8,-1,8,-2,8,-2,8,-2,8,-2,8,-3,8,-3,9,-3,8,-4,8,-4,8,-4,8,-5,8,-5,9,-6,8,-6,8,-6,8,-6,8,-7,8,-7,8,-8,8,-8,8,-8,8,-9,8,-10,9,-10,0,0,9,-11,9,-10,10,-12,9,-11,10,-11,10,-12,10,-11,11,-11,11,-11,10,-10,10,-11,11,-10,11,-10,11,-10,11,-9,12,-9,10,-8,11,-8,11,-8,10,-7,11,-7,11,-6,10,-6,10,-5,10,-5,10,-4,0,0,0,0,0,0,0,0,0,0,0.0,0.0,0.0,0.0,0.0,0.0,8.06225774829855,8.06225774829855,8.246211251235321,8.246211251235321,8.246211251235321,8.246211251235321,8.54400374531753,8.54400374531753,9.486832980505138,8.94427190999916,8.94427190999916,8.94427190999916,9.433981132056603,9.433981132056603,10.816653826391969,10.0,10.0,10.0,10.63014581273465,10.63014581273465,11.313708498984761,11.313708498984761,11.313708498984761,12.041594578792296,12.806248474865697,13.45362404707371,0.0,14.212670403551895,13.45362404707371,15.620499351813308,14.212670403551895,14.866068747318506,15.620499351813308,14.866068747318506,15.556349186104045,15.556349186104045,14.142135623730951,14.866068747318506,14.866068747318506,14.866068747318506,14.866068747318506,14.212670403551895,15.0,12.806248474865697,13.601470508735444,13.601470508735444,12.206555615733702,13.038404810405298,12.529964086141668,11.661903789690601,11.180339887498949,11.180339887498949,10.770329614269007,0.0,0.0,0.0,0.0,0.0,0.0,0.0,0.0,0.0,0.0,0.0,-0.12435499454676144,-0.12435499454676144,-0.24497866312686414,-0.24497866312686414,-0.24497866312686414,-0.24497866312686414,-0.35877067027057225,-0.35877067027057225,-0.3217505543966422,-0.4636476090008061,-0.4636476090008061,-0.4636476090008061,-0.5585993153435624,-0.5585993153435624,-0.5880026035475675,-0.6435011087932844,-0.6435011087932844,-0.6435011087932844,-0.7188299996216245,-0.7188299996216245,-0.7853981633974483,-0.7853981633974483,-0.7853981633974483,-0.844153986113171,-0.8960553845713439,-0.83798122500839,0.0,-0.8850668158886104,-0.83798122500839,-0.8760580505981934,-0.8850668158886104,-0.8329812666744317,-0.8760580505981934,-0.8329812666744317,-0.7853981633974483,-0.7853981633974483,-0.7853981633974483,-0.8329812666744317,-0.7378150601204649,-0.7378150601204649,-0.7378150601204649,-0.6857295109062863,-0.6435011087932844,-0.6747409422235526,-0.628796286415433,-0.628796286415433,-0.6107259643892086,-0.5667292175235064,-0.4993467216801301,-0.5404195002705842,-0.4636476090008061,-0.4636476090008061,-0.3805063771123649,0.0,0.0,0.0,0.0,0.0
17.44170722099807,tx,1a:00:00:00:00:00,-54,94.20558764224033,64,0.664589560886837,6.8463410380276475,0,0,0,0,0,0,0,0,0,0,0,0,-6,-7,-6,-7,-7,-8,-6,-7,-7,-7,-6,-7,-8,-7,-7,-7,-8,-7,-8,-7,-8,-7,-9,-6,-9,-6,-9,-6,-9,-5,-11,-5,-10,-4,-11,-5,-11,-4,-11,-4,-12,-4,-13,-3,-13,-3,-13,-3,-13,-3,-14,-3,0,0,-14,-3,-15,-2,-15,-2,-16,-2,-15,-2,-16,-3,-16,-3,-16,-4,-16,-3,-16,-4,-16,-4,-15,-4,-15,-5,-14,-5,-16,-4,-14,-4,-15,-6,-13,-5,-13,-5,-13,-6,-13,-6,-12,-6,-12,-7,-11,-7,-10,-7,-10,-7,0,0,0,0,0,0,0,0,0,0,0.0,0.0,0.0,0.0,0.0,0.0,9.219544457292887,9.219544457292887,10.63014581273465,9.219544457292887,9.899494936611665,9.219544457292887,10.63014581273465,9.899494936611665,10.63014581273465,10.63014581273465,10.63014581273465,10.816653826391969,10.816653826391969,10.816653826391969,10.295630140987,12.083045973594572,10.770329614269007,12.083045973594572,11.704699910719626,11.704699910719626,12.649110640673518,13.341664064126334,13.341664064126334,13.341664064126334,13.341664064126334,14.317821063276353,0.0,14.317821063276353,15.132745950421556,15.132745950421556,16.1245154965971,15.132745950421556,16.278820596099706,16.278820596099706,16.492422502470642,16.278820596099706,16.492422502470642,16.492422502470642,15.524174696260024,15.811388300841896,14.866068747318506,16.492422502470642,14.560219778561036,16.15549442140351,13.92838827718412,13.92838827718412,14.317821063276353,14.317821063276353,13.416407864998739,13.892443989449804,13.038404810405298,12.206555615733702,12.206555615733702,0.0,0.0,0.0,0.0,0.0,0.0,0.0,0.0,0.0,0.0,0.0,-2.279422598922567,-2.279422598922567,-2.289626326416521,-2.279422598922567,-2.356194490192345,-2.279422598922567,-2.4227626539681686,-2.356194490192345,-2.4227626539681686,-2.4227626539681686,-2.4227626539681686,-2.5535900500422257,-2.5535900500422257,-2.5535900500422257,-2.6344941491974563,-2.714965160462917,-2.761086276477428,-2.714965160462917,-2.7928216500058864,-2.7928216500058864,-2.819842099193151,-2.9147938055359073,-2.9147938055359073,-2.9147938055359073,-2.9147938055359073,-2.930499320367047,0.0,-2.930499320367047,-3.0090411212931194,-3.0090411212931194,-3.017237659043032,-3.0090411212931194,-2.9562447035940984,-2.9562447035940984,-2.896613990462929,-2.9562447035940984,-2.896613990462929,-2.896613990462929,-2.8809902618424523,-2.819842099193151,-2.79856871316909,-2.896613990462929,-2.8632929945846817,-2.761086276477428,-2.774418819771574,-2.774418819771574,-2.7091848780192556,-2.7091848780192556,-2.677945044588987,-2.6135182051634334,-2.5748634360662868,-2.5308666892005847,-2.5308666892005847,0.0,0.0,0.0,0.0,0.0
17.5511727829944,tx,1a:00:00:00:00:00,-54,94.20558764224033,64,0.6653605598235446,6.757022882986124,0,0,0,0,0,0,0,0,0,0,0,0,-4,6,-4,6,-4,7,-4,7,-4,7,-4,7,-4,7,-3,7,-3,8,-3,8,-3,8,-3,9,-3,9,-2,9,-2,9,-1,10,0,9,0,10,0,10,1,10,1,10,1,10,1,11,2,11,2,12,2,11,0,0,3,12,3,13,3,12,3,13,3,13,3,14,3,14,2,14,2,14,2,14,2,14,1,14,1,14,1,13,1,14,1,13,0,13,0,12,0,12,-1,12,-1,12,-2,12,-2,12,-3,11,-3,10,-3,10,0,0,0,0,0,0,0,0,0,0,0.0,0.0,0.0,0.0,0.0,0.0,7.211102550927978,7.211102550927978,8.06225774829855,8.06225774829855,8.06225774829855,8.06225774829855,8.06225774829855,7.615773105863909,8.54400374531753,8.54400374531753,8.54400374531753,9.486832980505138,9.486832980505138,9.219544457292887,9.219544457292887,10.04987562112089,9.0,10.0,10.0,10.04987562112089,10.04987562112089,10.04987562112089,11.045361017187261,11.180339887498949,12.165525060596439,11.180339887498949,0.0,12.36931687685298,13.341664064126334,12.36931687685298,13.341664064126334,13.341664064126334,14.317821063276353,14.317821063276353,14.142135623730951,14.142135623730951,14.142135623730951,14.142135623730951,14.035668847618199,14.035668847618199,13.038404810405298,14.035668847618199,13.038404810405298,13.0,12.0,12.0,12.041594578792296,12.041594578792296,12.165525060596439,12.165525060596439,11.40175425099138,10.44030650891055,10.44030650891055,0.0,0.0,0.0,0.0,0.0,0.0,0.0,0.0,0.0,0.0,0.0,2.158798930342464,2.158798930342464,2.0899424410414196,2.0899424410414196,2.0899424410414196,2.0899424410414196,2.0899424410414196,1.97568811307998,1.9295669970654687,1.9295669970654687,1.9295669970654687,1.892546881191539,1.892546881191539,1.7894652726688385,1.7894652726688385,1.6704649792860586,1.5707963267948966,1.5707963267948966,1.5707963267948966,1.4711276743037347,1.4711276743037347,1.4711276743037347,1.4801364395941514,1.3909428270024184,1.4056476493802699,1.3909428270024184,0.0,1.3258176636680326,1.3439974787410107,1.3258176636680326,1.3439974787410107,1.3439974787410107,1.35970299357215,1.35970299357215,1.4288992721907328,1.4288992721907328,1.4288992721907328,1.4288992721907328,1.4994888620096063,1.4994888620096063,1.4940244355251187,1.4994888620096063,1.4940244355251187,1.5707963267948966,1.5707963267948966,1.5707963267948966,1.6539375586833378,1.6539375586833378,1.7359450042095235,1.7359450042095235,1.837048375945822,1.8622531212727638,1.8622531212727638,0.0,0.0,0.0,0.0,0.0
17.66095127799781,tx,1a:00:00:00:00:00,-55,94.20558764224033,64,0.6664812255518657,6.660084557249363,0,0,0,0,0,0,0,0,0,0,0,0,6,5,6,4,7,5,7,5,7,5,7,4,8,4,8,3,8,3,8,4,8,4,8,3,9,3,9,3,9,2,10,2,9,1,10,1,10,1,10,0,11,0,11,0,12,0,12,0,12,-1,12,-1,0,0,13,-1,13,-2,13,-2,14,-2,14,-1,14,-1,14,-2,15,-1,14,-1,14,0,14,1,14,1,14,1,13,1,13,1,13,1,13,2,12,2,12,2,11,2,11,2,11,3,11,3,10,4,9,4,9,4,0,0,0,0,0,0,0,0,0,0,0.0,0.0,0.0,0.0,0.0,0.0,7.810249675906654,7.211102550927978,8.602325267042627,8.602325267042627,8.602325267042627,8.06225774829855,8.94427190999916,8.54400374531753,8.54400374531753,8.94427190999916,8.94427190999916,8.54400374531753,9.486832980505138,9.486832980505138,9.219544457292887,10.198039027185569,9.055385138137417,10.04987562112089,10.04987562112089,10.0,11.0,11.0,12.0,12.0,12.041594578792296,12.041594578792296,0.0,13.038404810405298,13.152946437965905,13.152946437965905,14.142135623730951,14.035668847618199,14.035668847618199,14.142135623730951,15.033296378372908,14.035668847618199,14.0,14.035668847618199,14.035668847618199,14.035668847618199,13.038404810405298,13.038404810405298,13.038404810405298,13.152946437965905,12.165525060596439,12.165525060596439,11.180339887498949,11.180339887498949,11.40175425099138,11.40175425099138,10.770329614269007,9.848857801796104,9.848857801796104,0.0,0.0,0.0,0.0,0.0,0.0,0.0,0.0,0.0,0.0,0.0,0.6947382761967031,0.5880026035475675,0.6202494859828215,0.6202494859828215,0.6202494859828215,0.5191461142465229,0.4636476090008061,0.35877067027057225,0.35877067027057225,0.4636476090008061,0.4636476090008061,0.35877067027057225,0.3217505543966422,0.3217505543966422,0.21866894587394195,0.19739555984988075,0.11065722117389565,0.09966865249116202,0.09966865249116202,0.0,0.0,0.0,0.0,0.0,-0.08314123188844123,-0.08314123188844123,0.0,-0.07677189126977804,-0.15264932839526515,-0.15264932839526515,-0.14189705460416394,-0.07130746478529032,-0.07130746478529032,-0.14189705460416394,-0.06656816377582381,-0.07130746478529032,0.0,0.07130746478529032,0.07130746478529032,0.07130746478529032,0.07677189126977804,0.07677189126977804,0.07677189126977804,0.15264932839526515,0.16514867741462683,0.16514867741462683,0.17985349979247828,0.17985349979247828,0.2662520491509254,0.2662520491509254,0.3805063771123649,0.4182243295792291,0.4182243295792291,0.0,0.0,0.0,0.0,0.0
17.765898592995654,tx,1a:00:00:00:00:00,-54,84.95056573664225,64,0.6664201519918358,6.4715062453194845,0,0,0,0,0,0,0,0,0,0,0,0,6,-4,7,-5,6,-5,7,-5,7,-5,7,-6,7,-6,6,-7,7,-6,6,-7,6,-8,6,-8,6,-8,5,-8,6,-9,5,-9,5,-10,5,-9,5,-11,4,-11,4,-11,4,-12,4,-11,3,-12,3,-13,3,-13,0,0,4,-14,4,-14,4,-15,3,-14,4,-15,4,-15,4,-15,5,-15,5,-15,5,-14,5,-15,6,-14,5,-14,6,-15,6,-13,7,-14,6,-12,6,-13,6,-12,6,-11,7,-11,7,-10,7,-10,7,-10,7,-9,7,-9,0,0,0,0,0,0,0,0,0,0,0.0,0.0,0.0,0.0,0.0,0.0,7.211102550927978,8.602325267042627,7.810249675906654,8.602325267042627,8.602325267042627,9.219544457292887,9.219544457292887,9.219544457292887,9.219544457292887,9.219544457292887,10.0,10.0,10.0,9.433981132056603,10.816653826391969,10.295630140987,11.180339887498949,10.295630140987,12.083045973594572,11.704699910719626,11.704699910719626,12.649110640673518,11.704699910719626,12.36931687685298,13.341664064126334,13.341664064126334,0.0,14.560219778561036,14.560219778561036,15.524174696260024,14.317821063276353,15.524174696260024,15.524174696260024,15.524174696260024,15.811388300841896,15.811388300841896,14.866068747318506,15.811388300841896,15.231546211727817,14.866068747318506,16.15549442140351,14.317821063276353,15.652475842498529,13.416407864998739,14.317821063276353,13.416407864998739,12.529964086141668,13.038404810405298,12.206555615733702,12.206555615733702,12.206555615733702,11.40175425099138,11.40175425099138,0.0,0.0,0.0,0.0,0.0,0.0,0.0,0.0,0.0,0.0,0.0,-0.5880026035475675,-0.6202494859828215,-0.6947382761967031,-0.6202494859828215,-0.6202494859828215,-0.7086262721276703,-0.7086262721276703,-0.8621700546672264,-0.7086262721276703,-0.8621700546672264,-0.9272952180016122,-0.9272952180016122,-0.9272952180016122,-1.0121970114513341,-0.982793723247329,-1.0636978224025597,-1.1071487177940904,-1.0636978224025597,-1.1441688336680205,-1.2220253232109897,-1.2220253232109897,-1.2490457723982544,-1.2220253232109897,-1.3258176636680326,-1.3439974787410107,-1.3439974787410107,0.0,-1.2924966677897853,-1.2924966677897853,-1.3101939350475555,-1.35970299357215,-1.3101939350475555,-1.3101939350475555,-1.3101939350475555,-1.2490457723982544,-1.2490457723982544,-1.2277723863741932,-1.2490457723982544,-1.1659045405098132,-1.2277723863741932,-1.1902899496825317,-1.1383885512243588,-1.1071487177940904,-1.1071487177940904,-1.1383885512243588,-1.1071487177940904,-1.0714496051147666,-1.0040671092713902,-0.960070362405688,-0.960070362405688,-0.960070362405688,-0.9097531579442097,-0.9097531579442097,0.0,0.0,0.0,0.0,0.0
17.87300977799896,tx,1a:00:00:00:00:00,-54,84.95056573664225,64,0.6670610776963175,6.327003685341756,0,0,0,0,0,0,0,0,0,0,0,0,4,6,4,6,4,6,4,6,5,6,5,6,5,6,5,6,6,6,6,6,7,6,7,6,7,5,8,5,8,5,8,5,9,4,9,4,9,4,9,4,10,4,10,4,10,3,11,3,12,3,12,3,0,0,13,3,13,3,13,3,13,3,13,3,14,4,14,4,14,5,14,5,13,4,13,4,13,5,13,5,13,5,12,5,12,6,11,6,11,5,11,6,10,6,10,6,9,7,9,6,8,6,8,7,7,7,0,0,0,0,0,0,0,0,0,0,0.0,0.0,0.0,0.0,0.0,0.0,7.211102550927978,7.211102550927978,7.211102550927978,7.211102550927978,7.810249675906654,7.810249675906654,7.810249675906654,7.810249675906654,8.48528137423857,8.48528137423857,9.219544457292887,9.219544457292887,8.602325267042627,9.433981132056603,9.433981132056603,9.433981132056603,9.848857801796104,9.848857801796104,9.848857801796104,9.848857801796104,10.770329614269007,10.770329614269007,10.44030650891055,11.40175425099138,12.36931687685298,12.36931687685298,0.0,13.341664064126334,13.341664064126334,13.341664064126334,13.341664064126334,13.341664064126334,14.560219778561036,14.560219778561036,14.866068747318506,14.866068747318506,13.601470508735444,13.601470508735444,13.92838827718412,13.92838827718412,13.92838827718412,13.0,13.416407864998739,12.529964086141668,12.083045973594572,12.529964086141668,11.661903789690601,11.661903789690601,11.40175425099138,10.816653826391969,10.0,10.63014581273465,9.899494936611665,0.0,0.0,0.0,0.0,0.0,0.0,0.0,0.0,0.0,0.0,0.0,0.982793723247329,0.982793723247329,0.982793723247329,0.982793723247329,0.8760580505981934,0.8760580505981934,0.8760580505981934,0.8760580505981934,0.7853981633974483,0.7853981633974483,0.7086262721276703,0.7086262721276703,0.6202494859828215,0.5585993153435624,0.5585993153435624,0.5585993153435624,0.4182243295792291,0.4182243295792291,0.4182243295792291,0.4182243295792291,0.3805063771123649,0.3805063771123649,0.2914567944778671,0.2662520491509254,0.24497866312686414,0.24497866312686414,0.0,0.22679884805388587,0.22679884805388587,0.22679884805388587,0.22679884805388587,0.22679884805388587,0.27829965900511133,0.27829965900511133,0.3430239404207034,0.3430239404207034,0.2984989315861793,0.2984989315861793,0.3671738338182192,0.3671738338182192,0.3671738338182192,0.3947911196997615,0.4636476090008061,0.4993467216801301,0.4266274931268761,0.4993467216801301,0.5404195002705842,0.5404195002705842,0.6610431688506869,0.5880026035475675,0.6435011087932844,0.7188299996216245,0.7853981633974483,0.0,0.0,0.0,0.0,0.0
17.973754096994526,tx,1a:00:00:00:00:00,-54,84.95056573664225,64,0.667104300856157,6.2156014721843835,0,0,0,0,0,0,0,0,0,0,0,0,6,-5,6,-6,6,-5,6,-6,6,-6,6,-7,6,-7,5,-7,6,-7,5,-8,5,-8,5,-8,5,-9,5,-9,4,-10,4,-9,4,-10,4,-10,3,-11,3,-11,3,-11,3,-12,2,-11,2,-12,2,-13,2,-13,0,0,2,-14,3,-14,3,-15,2,-14,3,-15,3,-15,3,-15,3,-15,4,-15,3,-14,4,-15,4,-14,5,-14,5,-14,5,-13,5,-13,5,-13,5,-12,5,-12,5,-11,5,-11,6,-11,6,-10,6,-10,6,-9,7,-9,0,0,0,0,0,0,0,0,0,0,0.0,0.0,0.0,0.0,0.0,0.0,7.810249675906654,8.48528137423857,7.810249675906654,8.48528137423857,8.48528137423857,9.219544457292887,9.219544457292887,8.602325267042627,9.219544457292887,9.433981132056603,9.433981132056603,9.433981132056603,10.295630140987,10.295630140987,10.770329614269007,9.848857801796104,10.770329614269007,10.770329614269007,11.40175425099138,11.40175425099138,11.40175425099138,12.36931687685298,11.180339887498949,12.165525060596439,13.152946437965905,13.152946437965905,0.0,14.142135623730951,14.317821063276353,15.297058540778355,14.142135623730951,15.297058540778355,15.297058540778355,15.297058540778355,15.297058540778355,15.524174696260024,14.317821063276353,15.524174696260024,14.560219778561036,14.866068747318506,14.866068747318506,13.92838827718412,13.92838827718412,13.92838827718412,13.0,13.0,12.083045973594572,12.083045973594572,12.529964086141668,11.661903789690601,11.661903789690601,10.816653826391969,11.40175425099138,0.0,0.0,0.0,0.0,0.0,0.0,0.0,0.0,0.0,0.0,0.0,-0.6947382761967031,-0.7853981633974483,-0.6947382761967031,-0.7853981633974483,-0.7853981633974483,-0.8621700546672264,-0.8621700546672264,-0.9505468408120752,-0.8621700546672264,-1.0121970114513341,-1.0121970114513341,-1.0121970114513341,-1.0636978224025597,-1.0636978224025597,-1.1902899496825317,-1.1525719972156676,-1.1902899496825317,-1.1902899496825317,-1.3045442776439713,-1.3045442776439713,-1.3045442776439713,-1.3258176636680326,-1.3909428270024184,-1.4056476493802699,-1.4181469983996315,-1.4181469983996315,0.0,-1.4288992721907328,-1.35970299357215,-1.373400766945016,-1.4288992721907328,-1.373400766945016,-1.373400766945016,-1.373400766945016,-1.373400766945016,-1.3101939350475555,-1.35970299357215,-1.3101939350475555,-1.2924966677897853,-1.2277723863741932,-1.2277723863741932,-1.2036224929766774,-1.2036224929766774,-1.2036224929766774,-1.176005207095135,-1.176005207095135,-1.1441688336680205,-1.1441688336680205,-1.0714496051147666,-1.0303768265243125,-1.0303768265243125,-0.982793723247329,-0.9097531579442097,0.0,0.0,0.0,0.0,0.0
18.081154434999917,tx,1a:00:00:00:00:00,-54,84.95056573664225,64,0.6668075957891293,6.137335394254271,0,0,0,0,0,0,0,0,0,0,0,0,-8,-2,-9,-2,-11,-2,-9,-1,-9,0,-8,-1,-9,0,-9,0,-9,1,-11,0,-10,1,-10,1,-10,2,-10,2,-10,3,-10,3,-10,4,-10,3,-10,5,-10,5,-10,5,-10,6,-10,6,-11,6,-11,7,-11,7,0,0,-11,8,-11,8,-12,8,-12,9,-12,8,-13,9,-12,9,-13,8,-12,8,-13,8,-13,7,-13,7,-13,7,-13,7,-12,6,-12,6,-13,6,-12,6,-12,5,-12,5,-12,4,-12,4,-11,4,-11,3,-11,2,-11,2,0,0,0,0,0,0,0,0,0,0,0.0,0.0,0.0,0.0,0.0,0.0,8.246211251235321,9.219544457292887,11.180339887498949,9.055385138137417,9.0,8.06225774829855,9.0,9.0,9.055385138137417,11.0,10.04987562112089,10.04987562112089,10.198039027185569,10.198039027185569,10.44030650891055,10.44030650891055,10.770329614269007,10.44030650891055,11.180339887498949,11.180339887498949,11.180339887498949,11.661903789690601,11.661903789690601,12.529964086141668,13.038404810405298,13.038404810405298,0.0,13.601470508735444,13.601470508735444,14.422205101855956,15.0,14.422205101855956,15.811388300841896,15.0,15.264337522473747,14.422205101855956,15.264337522473747,14.7648230602334,14.7648230602334,14.7648230602334,14.7648230602334,13.416407864998739,13.416407864998739,14.317821063276353,13.416407864998739,13.0,13.0,12.649110640673518,12.649110640673518,11.704699910719626,11.40175425099138,11.180339887498949,11.180339887498949,0.0,0.0,0.0,0.0,0.0,0.0,0.0,0.0,0.0,0.0,0.0,-2.896613990462929,-2.922923707715851,-2.961739153797315,-3.0309354324158977,3.141592653589793,-3.017237659043032,3.141592653589793,3.141592653589793,3.0309354324158977,3.141592653589793,3.0419240010986313,3.0419240010986313,2.9441970937399127,2.9441970937399127,2.8501358591119264,2.8501358591119264,2.761086276477428,2.8501358591119264,2.677945044588987,2.677945044588987,2.677945044588987,2.601173153319209,2.601173153319209,2.642245931909663,2.5748634360662868,2.5748634360662868,0.0,2.5127963671743605,2.5127963671743605,2.5535900500422257,2.498091544796509,2.5535900500422257,2.5360479899848234,2.498091544796509,2.5899376710612465,2.5535900500422257,2.5899376710612465,2.647651284670212,2.647651284670212,2.647651284670212,2.647651284670212,2.677945044588987,2.677945044588987,2.7091848780192556,2.677945044588987,2.746801533890032,2.746801533890032,2.819842099193151,2.819842099193151,2.7928216500058864,2.875340604438868,2.961739153797315,2.961739153797315,0.0,0.0,0.0,0.0,0.0
18.181375722000666,tx,1a:00:00:00:00:00,-54,84.95056573664225,64,0.6664942768512033,6.0819326725946565,0,0,0,0,0,0,0,0,0,0,0,0,-8,-2,-8,-2,-9,-1,-9,-1,-9,-1,-9,-1,-9,-1,-9,0,-10,0,-9,1,-10,1,-10,2,-10,2,-10,2,-10,3,-10,3,-10,3,-10,4,-10,5,-10,5,-10,5,-10,6,-10,6,-10,7,-10,7,-11,8,0,0,-11,8,-11,8,-12,9,-11,9,-12,8,-12,9,-12,8,-13,8,-13,8,-12,8,-13,8,-13,8,-13,8,-12,7,-13,6,-13,6,-12,6,-12,6,-12,5,-12,4,-12,5,-12,4,-11,4,-11,3,-11,3,-11,2,0,0,0,0,0,0,0,0,0,0,0.0,0.0,0.0,0.0,0.0,0.0,8.246211251235321,8.246211251235321,9.055385138137417,9.055385138137417,9.055385138137417,9.055385138137417,9.055385138137417,9.0,10.0,9.055385138137417,10.04987562112089,10.198039027185569,10.198039027185569,10.198039027185569,10.44030650891055,10.44030650891055,10.44030650891055,10.770329614269007,11.180339887498949,11.180339887498949,11.180339887498949,11.661903789690601,11.661903789690601,12.206555615733702,12.206555615733702,13.601470508735444,0.0,13.601470508735444,13.601470508735444,15.0,14.212670403551895,14.422205101855956,15.0,14.422205101855956,15.264337522473747,15.264337522473747,14.422205101855956,15.264337522473747,15.264337522473747,15.264337522473747,13.892443989449804,14.317821063276353,14.317821063276353,13.416407864998739,13.416407864998739,13.0,12.649110640673518,13.0,12.649110640673518,11.704699910719626,11.40175425099138,11.40175425099138,11.180339887498949,0.0,0.0,0.0,0.0,0.0,0.0,0.0,0.0,0.0,0.0,0.0,-2.896613990462929,-2.896613990462929,-3.0309354324158977,-3.0309354324158977,-3.0309354324158977,-3.0309354324158977,-3.0309354324158977,3.141592653589793,3.141592653589793,3.0309354324158977,3.0419240010986313,2.9441970937399127,2.9441970937399127,2.9441970937399127,2.8501358591119264,2.8501358591119264,2.8501358591119264,2.761086276477428,2.677945044588987,2.677945044588987,2.677945044588987,2.601173153319209,2.601173153319209,2.5308666892005847,2.5308666892005847,2.5127963671743605,0.0,2.5127963671743605,2.5127963671743605,2.498091544796509,2.455863142683507,2.5535900500422257,2.498091544796509,2.5535900500422257,2.5899376710612465,2.5899376710612465,2.5535900500422257,2.5899376710612465,2.5899376710612465,2.5899376710612465,2.6135182051634334,2.7091848780192556,2.7091848780192556,2.677945044588987,2.677945044588987,2.746801533890032,2.819842099193151,2.746801533890032,2.819842099193151,2.7928216500058864,2.875340604438868,2.875340604438868,2.961739153797315,0.0,0.0,0.0,0.0,0.0
18.28280658499716,tx,1a:00:00:00:00:00,-54,84.95056573664225,64,0.6667495973019305,6.04235868913692,0,0,0,0,0,0,0,0,0,0,0,0,-1,7,-1,7,-1,8,0,8,0,8,0,8,0,8,1,8,1,8,1,8,2,9,2,9,2,9,3,9,3,9,3,9,4,9,4,9,5,9,5,9,5,9,6,9,6,9,7,9,7,10,8,9,0,0,8,10,8,11,8,11,9,10,8,11,8,12,8,12,8,12,8,12,8,12,8,12,7,12,7,12,6,12,6,12,6,12,5,12,5,12,5,11,4,11,4,11,3,11,3,11,2,11,2,11,1,10,0,0,0,0,0,0,0,0,0,0,0.0,0.0,0.0,0.0,0.0,0.0,7.0710678118654755,7.0710678118654755,8.06225774829855,8.0,8.0,8.0,8.0,8.06225774829855,8.06225774829855,8.06225774829855,9.219544457292887,9.219544457292887,9.219544457292887,9.486832980505138,9.486832980505138,9.486832980505138,9.848857801796104,9.848857801796104,10.295630140987,10.295630140987,10.295630140987,10.816653826391969,10.816653826391969,11.40175425099138,12.206555615733702,12.041594578792296,0.0,12.806248474865697,13.601470508735444,13.601470508735444,13.45362404707371,13.601470508735444,14.422205101855956,14.422205101855956,14.422205101855956,14.422205101855956,14.422205101855956,14.422205101855956,13.892443989449804,13.892443989449804,13.416407864998739,13.416407864998739,13.416407864998739,13.0,13.0,12.083045973594572,11.704699910719626,11.704699910719626,11.40175425099138,11.40175425099138,11.180339887498949,11.180339887498949,10.04987562112089,0.0,0.0,0.0,0.0,0.0,0.0,0.0,0.0,0.0,0.0,0.0,1.7126933813990606,1.7126933813990606,1.695151321341658,1.5707963267948966,1.5707963267948966,1.5707963267948966,1.5707963267948966,1.446441332248135,1.446441332248135,1.446441332248135,1.3521273809209546,1.3521273809209546,1.3521273809209546,1.2490457723982544,1.2490457723982544,1.2490457723982544,1.1525719972156676,1.1525719972156676,1.0636978224025597,1.0636978224025597,1.0636978224025597,0.982793723247329,0.982793723247329,0.9097531579442097,0.960070362405688,0.844153986113171,0.0,0.8960553845713439,0.9420000403794636,0.9420000403794636,0.83798122500839,0.9420000403794636,0.982793723247329,0.982793723247329,0.982793723247329,0.982793723247329,0.982793723247329,0.982793723247329,1.042721878368537,1.042721878368537,1.1071487177940904,1.1071487177940904,1.1071487177940904,1.176005207095135,1.176005207095135,1.1441688336680205,1.2220253232109897,1.2220253232109897,1.3045442776439713,1.3045442776439713,1.3909428270024184,1.3909428270024184,1.4711276743037347,0.0,0.0,0.0,0.0,0.0
18.38603584899829,tx,1a:00:00:00:00:00,-55,84.95056573664225,64,0.6666943614657672,6.013938696696275,0,0,0,0,0,0,0,0,0,0,0,0,0,-8,0,-8,-1,-8,-1,-9,-1,-9,-1,-9,-1,-9,-2,-9,-2,-9,-2,-9,-3,-9,-3,-9,-3,-9,-4,-9,-4,-9,-5,-9,-5,-9,-5,-9,-6,-9,-6,-9,-6,-9,-7,-9,-7,-9,-8,-9,-8,-9,-8,-9,0,0,-9,-10,-9,-10,-9,-10,-10,-10,-10,-11,-10,-11,-10,-11,-9,-12,-10,-11,-9,-12,-9,-11,-9,-12,-8,-11,-8,-11,-8,-11,-8,-11,-8,-12,-7,-11,-6,-11,-6,-11,-6,-11,-5,-11,-5,-11,-4,-11,-4,-11,-3,-10,0,0,0,0,0,0,0,0,0,0,0.0,0.0,0.0,0.0,0.0,0.0,8.0,8.0,8.06225774829855,9.055385138137417,9.055385138137417,9.055385138137417,9.055385138137417,9.219544457292887,9.219544457292887,9.219544457292887,9.486832980505138,9.486832980505138,9.486832980505138,9.848857801796104,9.848857801796104,10.295630140987,10.295630140987,10.295630140987,10.816653826391969,10.816653826391969,10.816653826391969,11.40175425099138,11.40175425099138,12.041594578792296,12.041594578792296,12.041594578792296,0.0,13.45362404707371,13.45362404707371,13.45362404707371,14.142135623730951,14.866068747318506,14.866068747318506,14.866068747318506,15.0,14.866068747318506,15.0,14.212670403551895,15.0,13.601470508735444,13.601470508735444,13.601470508735444,13.601470508735444,14.422205101855956,13.038404810405298,12.529964086141668,12.529964086141668,12.529964086141668,12.083045973594572,12.083045973594572,11.704699910719626,11.704699910719626,10.44030650891055,0.0,0.0,0.0,0.0,0.0,0.0,0.0,0.0,0.0,0.0,0.0,-1.5707963267948966,-1.5707963267948966,-1.695151321341658,-1.6814535479687922,-1.6814535479687922,-1.6814535479687922,-1.6814535479687922,-1.7894652726688385,-1.7894652726688385,-1.7894652726688385,-1.892546881191539,-1.892546881191539,-1.892546881191539,-1.9890206563741257,-1.9890206563741257,-2.0778948311872334,-2.0778948311872334,-2.0778948311872334,-2.158798930342464,-2.158798930342464,-2.158798930342464,-2.2318394956455836,-2.2318394956455836,-2.297438667476622,-2.297438667476622,-2.297438667476622,0.0,-2.3036114285814033,-2.3036114285814033,-2.3036114285814033,-2.356194490192345,-2.3086113869153615,-2.3086113869153615,-2.3086113869153615,-2.214297435588181,-2.3086113869153615,-2.214297435588181,-2.256525837701183,-2.214297435588181,-2.1995926132103296,-2.1995926132103296,-2.1995926132103296,-2.1995926132103296,-2.158798930342464,-2.137525544318403,-2.0701430484750265,-2.0701430484750265,-2.0701430484750265,-1.9974238199217726,-1.9974238199217726,-1.9195673303788037,-1.9195673303788037,-1.8622531212727638,0.0,0.0,0.0,0.0,0.0
18.49132384299446,tx,1a:00:00:00:00:00,-55,84.95056573664225,64,0.6669350931528375,5.9934088017483464,0,0,0,0,0,0,0,0,0,0,0,0,-7,-4,-7,-4,-9,-5,-6,-6,-9,-4,-7,-4,-8,-5,-10,-4,-9,-3,-10,-3,-11,-2,-10,-2,-10,-2,-10,-2,-11,-1,-11,-1,-10,-1,-11,0,-11,0,-11,0,-12,1,-12,1,-13,1,-13,2,-13,2,-13,3,0,0,-14,3,-15,3,-14,3,-15,4,-14,3,-16,3,-16,2,-16,2,-16,2,-16,2,-15,2,-15,1,-15,1,-14,1,-15,1,-14,1,-14,1,-13,0,-13,0,-13,-1,-13,-1,-13,-1,-12,-1,-12,-2,-12,-2,-11,-3,0,0,0,0,0,0,0,0,0,0,0.0,0.0,0.0,0.0,0.0,0.0,8.06225774829855,8.06225774829855,10.295630140987,8.48528137423857,9.848857801796104,8.06225774829855,9.433981132056603,10.770329614269007,9.486832980505138,10.44030650891055,11.180339887498949,10.198039027185569,10.198039027185569,10.198039027185569,11.045361017187261,11.045361017187261,10.04987562112089,11.0,11.0,11.0,12.041594578792296,12.041594578792296,13.038404810405298,13.152946437965905,13.152946437965905,13.341664064126334,0.0,14.317821063276353,15.297058540778355,14.317821063276353,15.524174696260024,14.317821063276353,16.278820596099706,16.1245154965971,16.1245154965971,16.1245154965971,16.1245154965971,15.132745950421556,15.033296378372908,15.033296378372908,14.035668847618199,15.033296378372908,14.035668847618199,14.035668847618199,13.0,13.0,13.038404810405298,13.038404810405298,13.038404810405298,12.041594578792296,12.165525060596439,12.165525060596439,11.40175425099138,0.0,0.0,0.0,0.0,0.0,0.0,0.0,0.0,0.0,0.0,0.0,-2.62244653934327,-2.62244653934327,-2.6344941491974563,-2.356194490192345,-2.723368324010564,-2.62244653934327,-2.5829933382462307,-2.761086276477428,-2.819842099193151,-2.8501358591119264,-2.961739153797315,-2.9441970937399127,-2.9441970937399127,-2.9441970937399127,-3.050932766389048,-3.050932766389048,-3.0419240010986313,3.141592653589793,3.141592653589793,3.141592653589793,3.058451421701352,3.058451421701352,3.064820762320015,2.988943325194528,2.988943325194528,2.9147938055359073,0.0,2.930499320367047,2.9441970937399127,2.930499320367047,2.8809902618424523,2.930499320367047,2.9562447035940984,3.017237659043032,3.017237659043032,3.017237659043032,3.017237659043032,3.0090411212931194,3.0750244898139694,3.0750244898139694,3.070285188804503,3.0750244898139694,3.070285188804503,3.070285188804503,3.141592653589793,3.141592653589793,-3.064820762320015,-3.064820762320015,-3.064820762320015,-3.058451421701352,-2.976443976175166,-2.976443976175166,-2.875340604438868,0.0,0.0,0.0,0.0,0.0
18.60168883699953,tx,1a:00:00:00:00:00,-55,84.95056573664225,64,0.6674660611786659,5.978352071483021,0,0,0,0,0,0,0,0,0,0,0,0,-4,-7,-5,-7,-5,-8,-5,-8,-6,-8,-6,-7,-6,-8,-6,-7,-6,-8,-7,-7,-7,-7,-8,-7,-8,-7,-8,-6,-9,-6,-9,-6,-9,-6,-10,-6,-10,-5,-10,-5,-11,-5,-11,-5,-11,-5,-12,-4,-13,-4,-13,-4,0,0,-14,-5,-14,-4,-14,-4,-15,-4,-15,-5,-15,-5,-15,-5,-15,-6,-15,-6,-15,-6,-15,-6,-14,-6,-14,-7,-14,-6,-13,-7,-13,-7,-12,-6,-12,-6,-12,-7,-11,-7,-11,-7,-10,-7,-10,-8,-9,-7,-9,-8,-9,-8,0,0,0,0,0,0,0,0,0,0,0.0,0.0,0.0,0.0,0.0,0.0,8.06225774829855,8.602325267042627,9.433981132056603,9.433981132056603,10.0,9.219544457292887,10.0,9.219544457292887,10.0,9.899494936611665,9.899494936611665,10.63014581273465,10.63014581273465,10.0,10.816653826391969,10.816653826391969,10.816653826391969,11.661903789690601,11.180339887498949,11.180339887498949,12.083045973594572,12.083045973594572,12.083045973594572,12.649110640673518,13.601470508735444,13.601470508735444,0.0,14.866068747318506,14.560219778561036,14.560219778561036,15.524174696260024,15.811388300841896,15.811388300841896,15.811388300841896,16.15549442140351,16.15549442140351,16.15549442140351,16.15549442140351,15.231546211727817,15.652475842498529,15.231546211727817,14.7648230602334,14.7648230602334,13.416407864998739,13.416407864998739,13.892443989449804,13.038404810405298,13.038404810405298,12.206555615733702,12.806248474865697,11.40175425099138,12.041594578792296,12.041594578792296,0.0,0.0,0.0,0.0,0.0,0.0,0.0,0.0,0.0,0.0,0.0,-2.0899424410414196,-2.191045812777718,-2.129395642138459,-2.129395642138459,-2.214297435588181,-2.279422598922567,-2.214297435588181,-2.279422598922567,-2.214297435588181,-2.356194490192345,-2.356194490192345,-2.4227626539681686,-2.4227626539681686,-2.498091544796509,-2.5535900500422257,-2.5535900500422257,-2.5535900500422257,-2.601173153319209,-2.677945044588987,-2.677945044588987,-2.714965160462917,-2.714965160462917,-2.714965160462917,-2.819842099193151,-2.843093722003614,-2.843093722003614,0.0,-2.79856871316909,-2.8632929945846817,-2.8632929945846817,-2.8809902618424523,-2.819842099193151,-2.819842099193151,-2.819842099193151,-2.761086276477428,-2.761086276477428,-2.761086276477428,-2.761086276477428,-2.7367008673047097,-2.677945044588987,-2.7367008673047097,-2.647651284670212,-2.647651284670212,-2.677945044588987,-2.677945044588987,-2.6135182051634334,-2.5748634360662868,-2.5748634360662868,-2.5308666892005847,-2.4668517113662407,-2.4805494847391065,-2.4149503129080676,-2.4149503129080676,0.0,0.0,0.0,0.0,0.0
18.701932272000704,tx,1a:00:00:00:00:00,-55,84.95056573664225,64,0.6683392045941701,5.966918680307248,0,0,0,0,0,0,0,0,0,0,0,0,5,-7,5,-7,5,-8,5,-7,5,-8,4,-8,4,-8,4,-8,4,-9,4,-9,4,-9,3,-9,3,-10,3,-10,2,-10,1,-11,1,-11,1,-11,0,-11,0,-12,1,-12,-1,-12,0,-13,-1,-13,-1,-13,-1,-13,0,0,-2,-14,-2,-15,-2,-14,-2,-16,-2,-15,-2,-16,-2,-16,-1,-16,-2,-16,-1,-16,0,-16,0,-16,0,-15,0,-15,0,-15,0,-14,1,-15,1,-14,1,-14,2,-13,2,-13,2,-13,3,-13,3,-12,3,-11,4,-11,0,0,0,0,0,0,0,0,0,0,0.0,0.0,0.0,0.0,0.0,0.0,8.602325267042627,8.602325267042627,9.433981132056603,8.602325267042627,9.433981132056603,8.94427190999916,8.94427190999916,8.94427190999916,9.848857801796104,9.848857801796104,9.848857801796104,9.486832980505138,10.44030650891055,10.44030650891055,10.198039027185569,11.045361017187261,11.045361017187261,11.045361017187261,11.0,12.0,12.041594578792296,12.041594578792296,13.0,13.038404810405298,13.038404810405298,13.038404810405298,0.0,14.142135623730951,15.132745950421556,14.142135623730951,16.1245154965971,15.132745950421556,16.1245154965971,16.1245154965971,16.0312195418814,16.1245154965971,16.0312195418814,16.0,16.0,15.0,15.0,15.0,14.0,15.033296378372908,14.035668847618199,14.035668847618199,13.152946437965905,13.152946437965905,13.152946437965905,13.341664064126334,12.36931687685298,11.40175425099138,11.704699910719626,0.0,0.0,0.0,0.0,0.0,0.0,0.0,0.0,0.0,0.0,0.0,-0.9505468408120752,-0.9505468408120752,-1.0121970114513341,-0.9505468408120752,-1.0121970114513341,-1.1071487177940904,-1.1071487177940904,-1.1071487177940904,-1.1525719972156676,-1.1525719972156676,-1.1525719972156676,-1.2490457723982544,-1.2793395323170296,-1.2793395323170296,-1.373400766945016,-1.4801364395941514,-1.4801364395941514,-1.4801364395941514,-1.5707963267948966,-1.5707963267948966,-1.4876550949064553,-1.6539375586833378,-1.5707963267948966,-1.6475682180646747,-1.6475682180646747,-1.6475682180646747,0.0,-1.7126933813990606,-1.7033478590915707,-1.7126933813990606,-1.695151321341658,-1.7033478590915707,-1.695151321341658,-1.695151321341658,-1.633215136790854,-1.695151321341658,-1.633215136790854,-1.5707963267948966,-1.5707963267948966,-1.5707963267948966,-1.5707963267948966,-1.5707963267948966,-1.5707963267948966,-1.5042281630190728,-1.4994888620096063,-1.4994888620096063,-1.4181469983996315,-1.4181469983996315,-1.4181469983996315,-1.3439974787410107,-1.3258176636680326,-1.3045442776439713,-1.2220253232109897,0.0,0.0,0.0,0.0,0.0
18.801851623000402,tx,1a:00:00:00:00:00,-54,89.05261773409539,64,0.6719177328181987,5.954130759019614,0,0,0,0,0,0,0,0,0,0,0,0,0,7,1,7,1,8,1,8,1,8,1,8,2,8,2,8,3,8,2,8,3,8,3,8,3,8,4,8,4,8,5,7,5,7,5,7,6,7,6,7,6,7,7,7,7,7,8,7,8,7,8,7,0,0,9,8,10,7,10,7,10,8,10,8,10,8,10,8,10,9,10,8,9,9,9,9,9,9,9,9,8,9,8,9,8,9,7,9,7,9,7,8,6,9,6,9,6,9,5,9,4,9,4,9,4,9,0,0,0,0,0,0,0,0,0,0,0.0,0.0,0.0,0.0,0.0,0.0,7.0,7.0710678118654755,8.06225774829855,8.06225774829855,8.06225774829855,8.06225774829855,8.246211251235321,8.246211251235321,8.54400374531753,8.246211251235321,8.54400374531753,8.54400374531753,8.54400374531753,8.94427190999916,8.94427190999916,8.602325267042627,8.602325267042627,8.602325267042627,9.219544457292887,9.219544457292887,9.219544457292887,9.899494936611665,9.899494936611665,10.63014581273465,10.63014581273465,10.63014581273465,0.0,12.041594578792296,12.206555615733702,12.206555615733702,12.806248474865697,12.806248474865697,12.806248474865697,12.806248474865697,13.45362404707371,12.806248474865697,12.727922061357855,12.727922061357855,12.727922061357855,12.727922061357855,12.041594578792296,12.041594578792296,12.041594578792296,11.40175425099138,11.40175425099138,10.63014581273465,10.816653826391969,10.816653826391969,10.816653826391969,10.295630140987,9.848857801796104,9.848857801796104,9.848857801796104,0.0,0.0,0.0,0.0,0.0,0.0,0.0,0.0,0.0,0.0,0.0,1.5707963267948966,1.4288992721907328,1.446441332248135,1.446441332248135,1.446441332248135,1.446441332248135,1.3258176636680326,1.3258176636680326,1.2120256565243244,1.3258176636680326,1.2120256565243244,1.2120256565243244,1.2120256565243244,1.1071487177940904,1.1071487177940904,0.9505468408120752,0.9505468408120752,0.9505468408120752,0.8621700546672264,0.8621700546672264,0.8621700546672264,0.7853981633974483,0.7853981633974483,0.7188299996216245,0.7188299996216245,0.7188299996216245,0.0,0.7266423406817256,0.6107259643892086,0.6107259643892086,0.6747409422235526,0.6747409422235526,0.6747409422235526,0.6747409422235526,0.7328151017865066,0.6747409422235526,0.7853981633974483,0.7853981633974483,0.7853981633974483,0.7853981633974483,0.844153986113171,0.844153986113171,0.844153986113171,0.9097531579442097,0.9097531579442097,0.8519663271732721,0.982793723247329,0.982793723247329,0.982793723247329,1.0636978224025597,1.1525719972156676,1.1525719972156676,1.1525719972156676,0.0,0.0,0.0,0.0,0.0
18.91092435099563,tx,1a:00:00:00:00:00,-54,89.05261773409539,64,0.6745174739602116,5.944017162123631,0,0,0,0,0,0,0,0,0,0,0,0,-5,7,-5,8,-4,7,-5,8,-4,8,-4,8,-4,8,-3,8,-4,8,-3,9,-3,9,-3,9,-2,10,-2,10,-2,10,-1,10,-1,10,-1,10,0,11,0,11,0,11,0,11,1,11,2,11,2,12,2,12,0,0,3,13,2,13,2,14,3,13,2,14,2,15,2,14,2,14,1,14,2,14,2,14,1,14,1,14,1,14,0,13,-1,14,0,12,-1,13,-1,12,-2,12,-2,12,-2,11,-2,11,-3,11,-3,10,-4,10,0,0,0,0,0,0,0,0,0,0,0.0,0.0,0.0,0.0,0.0,0.0,8.602325267042627,9.433981132056603,8.06225774829855,9.433981132056603,8.94427190999916,8.94427190999916,8.94427190999916,8.54400374531753,8.94427190999916,9.486832980505138,9.486832980505138,9.486832980505138,10.198039027185569,10.198039027185569,10.198039027185569,10.04987562112089,10.04987562112089,10.04987562112089,11.0,11.0,11.0,11.0,11.045361017187261,11.180339887498949,12.165525060596439,12.165525060596439,0.0,13.341664064126334,13.152946437965905,14.142135623730951,13.341664064126334,14.142135623730951,15.132745950421556,14.142135623730951,14.142135623730951,14.035668847618199,14.142135623730951,14.142135623730951,14.035668847618199,14.035668847618199,14.035668847618199,13.0,14.035668847618199,12.0,13.038404810405298,12.041594578792296,12.165525060596439,12.165525060596439,11.180339887498949,11.180339887498949,11.40175425099138,10.44030650891055,10.770329614269007,0.0,0.0,0.0,0.0,0.0,0.0,0.0,0.0,0.0,0.0,0.0,2.191045812777718,2.129395642138459,2.0899424410414196,2.129395642138459,2.0344439357957027,2.0344439357957027,2.0344439357957027,1.9295669970654687,2.0344439357957027,1.892546881191539,1.892546881191539,1.892546881191539,1.7681918866447774,1.7681918866447774,1.7681918866447774,1.6704649792860586,1.6704649792860586,1.6704649792860586,1.5707963267948966,1.5707963267948966,1.5707963267948966,1.5707963267948966,1.4801364395941514,1.3909428270024184,1.4056476493802699,1.4056476493802699,0.0,1.3439974787410107,1.4181469983996315,1.4288992721907328,1.3439974787410107,1.4288992721907328,1.4382447944982226,1.4288992721907328,1.4288992721907328,1.4994888620096063,1.4288992721907328,1.4288992721907328,1.4994888620096063,1.4994888620096063,1.4994888620096063,1.5707963267948966,1.642103791580187,1.5707963267948966,1.6475682180646747,1.6539375586833378,1.7359450042095235,1.7359450042095235,1.750649826587375,1.750649826587375,1.837048375945822,1.8622531212727638,1.9513027039072615,0.0,0.0,0.0,0.0,0.0
19.011659258998407,tx,1a:00:00:00:00:00,-54,89.05261773409539,64,0.6761145442416305,5.934592824369534,0,0,0,0,0,0,0,0,0,0,0,0,0,-9,0,-9,0,-9,0,-9,-1,-9,-1,-9,-1,-9,-1,-10,-2,-9,-2,-10,-2,-10,-3,-10,-3,-10,-3,-10,-4,-10,-5,-10,-5,-10,-5,-10,-6,-9,-6,-10,-6,-10,-7,-10,-7,-10,-7,-10,-8,-10,-8,-10,0,0,-8,-11,-9,-11,-9,-11,-9,-12,-9,-11,-9,-12,-9,-12,-9,-12,-9,-12,-9,-13,-8,-13,-8,-12,-8,-13,-7,-12,-7,-12,-7,-12,-6,-13,-6,-12,-6,-12,-5,-12,-5,-12,-5,-12,-4,-12,-3,-11,-3,-11,-2,-11,0,0,0,0,0,0,0,0,0,0,0.0,0.0,0.0,0.0,0.0,0.0,9.0,9.0,9.0,9.0,9.055385138137417,9.055385138137417,9.055385138137417,10.04987562112089,9.219544457292887,10.198039027185569,10.198039027185569,10.44030650891055,10.44030650891055,10.44030650891055,10.770329614269007,11.180339887498949,11.180339887498949,11.180339887498949,10.816653826391969,11.661903789690601,11.661903789690601,12.206555615733702,12.206555615733702,12.206555615733702,12.806248474865697,12.806248474865697,0.0,13.601470508735444,14.212670403551895,14.212670403551895,15.0,14.212670403551895,15.0,15.0,15.0,15.0,15.811388300841896,15.264337522473747,14.422205101855956,15.264337522473747,13.892443989449804,13.892443989449804,13.892443989449804,14.317821063276353,13.416407864998739,13.416407864998739,13.0,13.0,13.0,12.649110640673518,11.40175425099138,11.40175425099138,11.180339887498949,0.0,0.0,0.0,0.0,0.0,0.0,0.0,0.0,0.0,0.0,0.0,-1.5707963267948966,-1.5707963267948966,-1.5707963267948966,-1.5707963267948966,-1.6814535479687922,-1.6814535479687922,-1.6814535479687922,-1.6704649792860586,-1.7894652726688385,-1.7681918866447774,-1.7681918866447774,-1.8622531212727638,-1.8622531212727638,-1.8622531212727638,-1.9513027039072615,-2.0344439357957027,-2.0344439357957027,-2.0344439357957027,-2.158798930342464,-2.1112158270654806,-2.1112158270654806,-2.1815222911841055,-2.1815222911841055,-2.1815222911841055,-2.2455372690184494,-2.2455372690184494,0.0,-2.1995926132103296,-2.256525837701183,-2.256525837701183,-2.214297435588181,-2.256525837701183,-2.214297435588181,-2.214297435588181,-2.214297435588181,-2.214297435588181,-2.1763409903998667,-2.1224513093234436,-2.158798930342464,-2.1224513093234436,-2.0988707752212563,-2.0988707752212563,-2.0988707752212563,-2.0032041023654346,-2.0344439357957027,-2.0344439357957027,-1.965587446494658,-1.965587446494658,-1.965587446494658,-1.892546881191539,-1.837048375945822,-1.837048375945822,-1.750649826587375,0.0,0.0,0.0,0.0,0.0
19.11203505499725,tx,1a:00:00:00:00:00,-55,89.05261773409539,64,0.6774841919325812,5.924444998541787,0,0,0,0,0,0,0,0,0,0,0,0,-3,-9,-3,-9,-3,-9,-4,-9,-4,-9,-4,-9,-4,-9,-5,-9,-5,-9,-5,-8,-5,-9,-6,-8,-6,-9,-7,-8,-7,-9,-7,-8,-8,-8,-7,-7,-9,-8,-9,-7,-9,-7,-10,-8,-10,-7,-11,-7,-11,-7,-11,-7,0,0,-12,-8,-11,-8,-13,-8,-12,-7,-13,-8,-13,-9,-13,-9,-12,-9,-12,-9,-12,-9,-12,-9,-12,-9,-11,-10,-11,-10,-10,-10,-11,-10,-10,-9,-10,-10,-9,-10,-9,-10,-9,-10,-8,-10,-7,-10,-7,-10,-6,-10,-6,-10,0,0,0,0,0,0,0,0,0,0,0.0,0.0,0.0,0.0,0.0,0.0,9.486832980505138,9.486832980505138,9.486832980505138,9.848857801796104,9.848857801796104,9.848857801796104,9.848857801796104,10.295630140987,10.295630140987,9.433981132056603,10.295630140987,10.0,10.816653826391969,10.63014581273465,11.40175425099138,10.63014581273465,11.313708498984761,9.899494936611665,12.041594578792296,11.40175425099138,11.40175425099138,12.806248474865697,12.206555615733702,13.038404810405298,13.038404810405298,13.038404810405298,0.0,14.422205101855956,13.601470508735444,15.264337522473747,13.892443989449804,15.264337522473747,15.811388300841896,15.811388300841896,15.0,15.0,15.0,15.0,15.0,14.866068747318506,14.866068747318506,14.142135623730951,14.866068747318506,13.45362404707371,14.142135623730951,13.45362404707371,13.45362404707371,13.45362404707371,12.806248474865697,12.206555615733702,12.206555615733702,11.661903789690601,11.661903789690601,0.0,0.0,0.0,0.0,0.0,0.0,0.0,0.0,0.0,0.0,0.0,-1.892546881191539,-1.892546881191539,-1.892546881191539,-1.9890206563741257,-1.9890206563741257,-1.9890206563741257,-1.9890206563741257,-2.0778948311872334,-2.0778948311872334,-2.129395642138459,-2.0778948311872334,-2.214297435588181,-2.158798930342464,-2.289626326416521,-2.2318394956455836,-2.289626326416521,-2.356194490192345,-2.356194490192345,-2.4149503129080676,-2.4805494847391065,-2.4805494847391065,-2.4668517113662407,-2.5308666892005847,-2.5748634360662868,-2.5748634360662868,-2.5748634360662868,0.0,-2.5535900500422257,-2.5127963671743605,-2.5899376710612465,-2.6135182051634334,-2.5899376710612465,-2.5360479899848234,-2.5360479899848234,-2.498091544796509,-2.498091544796509,-2.498091544796509,-2.498091544796509,-2.498091544796509,-2.403777593469328,-2.403777593469328,-2.356194490192345,-2.403777593469328,-2.408777551803287,-2.356194490192345,-2.3036114285814033,-2.3036114285814033,-2.3036114285814033,-2.2455372690184494,-2.1815222911841055,-2.1815222911841055,-2.1112158270654806,-2.1112158270654806,0.0,0.0,0.0,0.0,0.0
19.213435553996533,tx,1a:00:00:00:00:00,-54,89.05261773409539,64,0.6776505492476738,5.912398385843603,0,0,0,0,0,0,0,0,0,0,0,0,3,-8,3,-8,3,-8,3,-9,3,-9,2,-9,2,-9,2,-9,1,-9,2,-10,1,-10,1,-10,0,-10,0,-10,0,-10,-1,-11,-2,-11,-1,-11,-2,-11,-3,-11,-3,-11,-3,-12,-3,-12,-4,-12,-4,-12,-4,-12,0,0,-5,-13,-5,-13,-5,-13,-6,-14,-5,-14,-5,-15,-6,-15,-5,-15,-5,-14,-5,-15,-5,-15,-4,-15,-3,-14,-3,-14,-4,-14,-3,-14,-3,-14,-2,-13,-2,-13,-2,-13,-2,-13,-2,-13,-1,-13,0,-12,0,-12,1,-11,0,0,0,0,0,0,0,0,0,0,0.0,0.0,0.0,0.0,0.0,0.0,8.54400374531753,8.54400374531753,8.54400374531753,9.486832980505138,9.486832980505138,9.219544457292887,9.219544457292887,9.219544457292887,9.055385138137417,10.198039027185569,10.04987562112089,10.04987562112089,10.0,10.0,10.0,11.045361017187261,11.180339887498949,11.045361017187261,11.180339887498949,11.40175425099138,11.40175425099138,12.36931687685298,12.36931687685298,12.649110640673518,12.649110640673518,12.649110640673518,0.0,13.92838827718412,13.92838827718412,13.92838827718412,15.231546211727817,14.866068747318506,15.811388300841896,16.15549442140351,15.811388300841896,14.866068747318506,15.811388300841896,15.811388300841896,15.524174696260024,14.317821063276353,14.317821063276353,14.560219778561036,14.317821063276353,14.317821063276353,13.152946437965905,13.152946437965905,13.152946437965905,13.152946437965905,13.152946437965905,13.038404810405298,12.0,12.0,11.045361017187261,0.0,0.0,0.0,0.0,0.0,0.0,0.0,0.0,0.0,0.0,0.0,-1.2120256565243244,-1.2120256565243244,-1.2120256565243244,-1.2490457723982544,-1.2490457723982544,-1.3521273809209546,-1.3521273809209546,-1.3521273809209546,-1.460139105621001,-1.373400766945016,-1.4711276743037347,-1.4711276743037347,-1.5707963267948966,-1.5707963267948966,-1.5707963267948966,-1.6614562139956417,-1.750649826587375,-1.6614562139956417,-1.750649826587375,-1.837048375945822,-1.837048375945822,-1.8157749899217608,-1.8157749899217608,-1.892546881191539,-1.892546881191539,-1.892546881191539,0.0,-1.9379701606131159,-1.9379701606131159,-1.9379701606131159,-1.97568811307998,-1.9138202672156,-1.892546881191539,-1.9513027039072615,-1.892546881191539,-1.9138202672156,-1.892546881191539,-1.892546881191539,-1.8313987185422376,-1.7818896600176433,-1.7818896600176433,-1.849095985800008,-1.7818896600176433,-1.7818896600176433,-1.7234456551901618,-1.7234456551901618,-1.7234456551901618,-1.7234456551901618,-1.7234456551901618,-1.6475682180646747,-1.5707963267948966,-1.5707963267948966,-1.4801364395941514,0.0,0.0,0.0,0.0,0.0
19.322003295994364,tx,1a:00:00:00:00:00,-55,89.05261773409539,64,0.6790726629539015,5.897658838463515,0,0,0,0,0,0,0,0,0,0,0,0,4,-8,3,-8,4,-9,4,-9,3,-9,3,-9,3,-10,3,-9,2,-10,3,-11,2,-10,2,-10,1,-11,1,-11,0,-11,-1,-12,-1,-11,-1,-12,-2,-11,-2,-12,-2,-12,-3,-12,-3,-13,-3,-13,-3,-13,-3,-13,0,0,-4,-14,-5,-15,-5,-14,-5,-15,-4,-15,-5,-15,-5,-16,-4,-16,-4,-16,-3,-16,-3,-16,-3,-16,-3,-16,-2,-15,-3,-15,-2,-14,-2,-15,-2,-14,-1,-14,-1,-14,-1,-13,0,-14,1,-13,1,-12,1,-12,2,-12,0,0,0,0,0,0,0,0,0,0,0.0,0.0,0.0,0.0,0.0,0.0,8.94427190999916,8.54400374531753,9.848857801796104,9.848857801796104,9.486832980505138,9.486832980505138,10.44030650891055,9.486832980505138,10.198039027185569,11.40175425099138,10.198039027185569,10.198039027185569,11.045361017187261,11.045361017187261,11.0,12.041594578792296,11.045361017187261,12.041594578792296,11.180339887498949,12.165525060596439,12.165525060596439,12.36931687685298,13.341664064126334,13.341664064126334,13.341664064126334,13.341664064126334,0.0,14.560219778561036,15.811388300841896,14.866068747318506,15.811388300841896,15.524174696260024,15.811388300841896,16.76305461424021,16.492422502470642,16.492422502470642,16.278820596099706,16.278820596099706,16.278820596099706,16.278820596099706,15.132745950421556,15.297058540778355,14.142135623730951,15.132745950421556,14.142135623730951,14.035668847618199,14.035668847618199,13.038404810405298,14.0,13.038404810405298,12.041594578792296,12.041594578792296,12.165525060596439,0.0,0.0,0.0,0.0,0.0,0.0,0.0,0.0,0.0,0.0,0.0,-1.1071487177940904,-1.2120256565243244,-1.1525719972156676,-1.1525719972156676,-1.2490457723982544,-1.2490457723982544,-1.2793395323170296,-1.2490457723982544,-1.373400766945016,-1.3045442776439713,-1.373400766945016,-1.373400766945016,-1.4801364395941514,-1.4801364395941514,-1.5707963267948966,-1.6539375586833378,-1.6614562139956417,-1.6539375586833378,-1.750649826587375,-1.7359450042095235,-1.7359450042095235,-1.8157749899217608,-1.7975951748487824,-1.7975951748487824,-1.7975951748487824,-1.7975951748487824,0.0,-1.849095985800008,-1.892546881191539,-1.9138202672156,-1.892546881191539,-1.8313987185422376,-1.892546881191539,-1.873681195169868,-1.8157749899217608,-1.8157749899217608,-1.7561442767905915,-1.7561442767905915,-1.7561442767905915,-1.7561442767905915,-1.7033478590915707,-1.7681918866447774,-1.7126933813990606,-1.7033478590915707,-1.7126933813990606,-1.642103791580187,-1.642103791580187,-1.6475682180646747,-1.5707963267948966,-1.4940244355251187,-1.4876550949064553,-1.4876550949064553,-1.4056476493802699,0.0,0.0,0.0,0.0,0.0
19.43163891599397,tx,1a:00:00:00:00:00,-54,89.05261773409539,64,0.6810734344870425,5.879433929875207,0,0,0,0,0,0,0,0,0,0,0,0,-6,-7,-7,-7,-7,-7,-7,-7,-8,-7,-7,-7,-8,-7,-8,-7,-8,-7,-9,-7,-9,-6,-9,-6,-10,-6,-10,-5,-10,-5,-11,-5,-11,-4,-11,-4,-11,-4,-12,-3,-12,-4,-12,-3,-13,-3,-13,-2,-14,-2,-14,-3,0,0,-15,-2,-15,-2,-15,-2,-16,-2,-15,-2,-16,-2,-16,-3,-16,-3,-16,-3,-16,-4,-16,-3,-15,-4,-15,-4,-15,-4,-15,-4,-14,-4,-14,-5,-13,-4,-13,-5,-13,-5,-13,-5,-12,-5,-12,-6,-11,-6,-11,-6,-10,-7,0,0,0,0,0,0,0,0,0,0,0.0,0.0,0.0,0.0,0.0,0.0,9.219544457292887,9.899494936611665,9.899494936611665,9.899494936611665,10.63014581273465,9.899494936611665,10.63014581273465,10.63014581273465,10.63014581273465,11.40175425099138,10.816653826391969,10.816653826391969,11.661903789690601,11.180339887498949,11.180339887498949,12.083045973594572,11.704699910719626,11.704699910719626,11.704699910719626,12.36931687685298,12.649110640673518,12.36931687685298,13.341664064126334,13.152946437965905,14.142135623730951,14.317821063276353,0.0,15.132745950421556,15.132745950421556,15.132745950421556,16.1245154965971,15.132745950421556,16.1245154965971,16.278820596099706,16.278820596099706,16.278820596099706,16.492422502470642,16.278820596099706,15.524174696260024,15.524174696260024,15.524174696260024,15.524174696260024,14.560219778561036,14.866068747318506,13.601470508735444,13.92838827718412,13.92838827718412,13.92838827718412,13.0,13.416407864998739,12.529964086141668,12.529964086141668,12.206555615733702,0.0,0.0,0.0,0.0,0.0,0.0,0.0,0.0,0.0,0.0,0.0,-2.279422598922567,-2.356194490192345,-2.356194490192345,-2.356194490192345,-2.4227626539681686,-2.356194490192345,-2.4227626539681686,-2.4227626539681686,-2.4227626539681686,-2.4805494847391065,-2.5535900500422257,-2.5535900500422257,-2.601173153319209,-2.677945044588987,-2.677945044588987,-2.714965160462917,-2.7928216500058864,-2.7928216500058864,-2.7928216500058864,-2.896613990462929,-2.819842099193151,-2.896613990462929,-2.9147938055359073,-2.988943325194528,-2.999695598985629,-2.930499320367047,0.0,-3.0090411212931194,-3.0090411212931194,-3.0090411212931194,-3.017237659043032,-3.0090411212931194,-3.017237659043032,-2.9562447035940984,-2.9562447035940984,-2.9562447035940984,-2.896613990462929,-2.9562447035940984,-2.8809902618424523,-2.8809902618424523,-2.8809902618424523,-2.8809902618424523,-2.8632929945846817,-2.79856871316909,-2.843093722003614,-2.774418819771574,-2.774418819771574,-2.774418819771574,-2.746801533890032,-2.677945044588987,-2.642245931909663,-2.642245931909663,-2.5308666892005847,0.0,0.0,0.0,0.0,0.0
19.54159347699897,tx,1a:00:00:00:00:00,-54,89.05261773409539,64,0.6824487975582881,5.856958588260703,0,0,0,0,0,0,0,0,0,0,0,0,8,-1,7,-1,9,-1,8,-1,9,-2,8,-2,9,-2,9,-2,8,-3,9,-3,9,-3,9,-4,9,-4,9,-4,8,-5,9,-6,8,-6,9,-7,8,-7,8,-7,9,-8,8,-8,9,-9,8,-9,9,-9,8,-9,0,0,9,-10,9,-12,8,-11,10,-12,9,-11,9,-12,10,-12,10,-11,10,-11,11,-11,10,-11,11,-10,10,-10,10,-9,11,-10,9,-9,11,-10,10,-8,10,-8,10,-8,10,-7,10,-7,11,-7,10,-6,10,-5,9,-4,0,0,0,0,0,0,0,0,0,0,0.0,0.0,0.0,0.0,0.0,0.0,8.06225774829855,7.0710678118654755,9.055385138137417,8.06225774829855,9.219544457292887,8.246211251235321,9.219544457292887,9.219544457292887,8.54400374531753,9.486832980505138,9.486832980505138,9.848857801796104,9.848857801796104,9.848857801796104,9.433981132056603,10.816653826391969,10.0,11.40175425099138,10.63014581273465,10.63014581273465,12.041594578792296,11.313708498984761,12.727922061357855,12.041594578792296,12.727922061357855,12.041594578792296,0.0,13.45362404707371,15.0,13.601470508735444,15.620499351813308,14.212670403551895,15.0,15.620499351813308,14.866068747318506,14.866068747318506,15.556349186104045,14.866068747318506,14.866068747318506,14.142135623730951,13.45362404707371,14.866068747318506,12.727922061357855,14.866068747318506,12.806248474865697,12.806248474865697,12.806248474865697,12.206555615733702,12.206555615733702,13.038404810405298,11.661903789690601,11.180339887498949,9.848857801796104,0.0,0.0,0.0,0.0,0.0,0.0,0.0,0.0,0.0,0.0,0.0,-0.12435499454676144,-0.14189705460416394,-0.11065722117389565,-0.12435499454676144,-0.21866894587394195,-0.24497866312686414,-0.21866894587394195,-0.21866894587394195,-0.35877067027057225,-0.3217505543966422,-0.3217505543966422,-0.4182243295792291,-0.4182243295792291,-0.4182243295792291,-0.5585993153435624,-0.5880026035475675,-0.6435011087932844,-0.6610431688506869,-0.7188299996216245,-0.7188299996216245,-0.7266423406817256,-0.7853981633974483,-0.7853981633974483,-0.844153986113171,-0.7853981633974483,-0.844153986113171,0.0,-0.83798122500839,-0.9272952180016122,-0.9420000403794636,-0.8760580505981934,-0.8850668158886104,-0.9272952180016122,-0.8760580505981934,-0.8329812666744317,-0.8329812666744317,-0.7853981633974483,-0.8329812666744317,-0.7378150601204649,-0.7853981633974483,-0.7328151017865066,-0.7378150601204649,-0.7853981633974483,-0.7378150601204649,-0.6747409422235526,-0.6747409422235526,-0.6747409422235526,-0.6107259643892086,-0.6107259643892086,-0.5667292175235064,-0.5404195002705842,-0.4636476090008061,-0.4182243295792291,0.0,0.0,0.0,0.0,0.0
19.641811600995425,tx,1a:00:00:00:00:00,-54,89.05261773409539,64,0.682802010768829,5.829599816538504,0,0,0,0,0,0,0,0,0,0,0,0,-5,-7,-6,-7,-6,-7,-6,-7,-6,-6,-7,-7,-7,-7,-7,-6,-7,-6,-8,-6,-8,-6,-8,-6,-9,-5,-9,-5,-10,-5,-9,-5,-10,-5,-10,-4,-11,-4,-11,-4,-11,-3,-11,-4,-11,-3,-12,-2,-13,-3,-13,-2,0,0,-14,-2,-14,-3,-15,-3,-14,-2,-15,-3,-15,-3,-15,-4,-15,-3,-15,-4,-14,-3,-15,-3,-14,-4,-14,-4,-15,-4,-13,-5,-14,-5,-13,-5,-13,-5,-12,-5,-12,-5,-12,-5,-11,-6,-11,-6,-11,-6,-10,-6,-10,-6,0,0,0,0,0,0,0,0,0,0,0.0,0.0,0.0,0.0,0.0,0.0,8.602325267042627,9.219544457292887,9.219544457292887,9.219544457292887,8.48528137423857,9.899494936611665,9.899494936611665,9.219544457292887,9.219544457292887,10.0,10.0,10.0,10.295630140987,10.295630140987,11.180339887498949,10.295630140987,11.180339887498949,10.770329614269007,11.704699910719626,11.704699910719626,11.40175425099138,11.704699910719626,11.40175425099138,12.165525060596439,13.341664064126334,13.152946437965905,0.0,14.142135623730951,14.317821063276353,15.297058540778355,14.142135623730951,15.297058540778355,15.297058540778355,15.524174696260024,15.297058540778355,15.524174696260024,14.317821063276353,15.297058540778355,14.560219778561036,14.560219778561036,15.524174696260024,13.92838827718412,14.866068747318506,13.92838827718412,13.92838827718412,13.0,13.0,13.0,12.529964086141668,12.529964086141668,12.529964086141668,11.661903789690601,11.661903789690601,0.0,0.0,0.0,0.0,0.0,0.0,0.0,0.0,0.0,0.0,0.0,-2.191045812777718,-2.279422598922567,-2.279422598922567,-2.279422598922567,-2.356194490192345,-2.356194490192345,-2.356194490192345,-2.432966381462123,-2.432966381462123,-2.498091544796509,-2.498091544796509,-2.498091544796509,-2.6344941491974563,-2.6344941491974563,-2.677945044588987,-2.6344941491974563,-2.677945044588987,-2.761086276477428,-2.7928216500058864,-2.7928216500058864,-2.875340604438868,-2.7928216500058864,-2.875340604438868,-2.976443976175166,-2.9147938055359073,-2.988943325194528,0.0,-2.999695598985629,-2.930499320367047,-2.9441970937399127,-2.999695598985629,-2.9441970937399127,-2.9441970937399127,-2.8809902618424523,-2.9441970937399127,-2.8809902618424523,-2.930499320367047,-2.9441970937399127,-2.8632929945846817,-2.8632929945846817,-2.8809902618424523,-2.774418819771574,-2.79856871316909,-2.774418819771574,-2.774418819771574,-2.746801533890032,-2.746801533890032,-2.746801533890032,-2.642245931909663,-2.642245931909663,-2.642245931909663,-2.601173153319209,-2.601173153319209,0.0,0.0,0.0,0.0,0.0
19.7510832439948,tx,1a:00:00:00:00:00,-55,90.25983997781944,64,0.6826680108268307,5.796865212579975,0,0,0,0,0,0,0,0,0,0,0,0,8,0,8,0,8,-1,8,-1,9,-1,8,-1,9,-2,9,-2,8,-2,9,-3,9,-3,9,-3,9,-4,9,-4,9,-4,9,-5,9,-5,8,-5,9,-6,9,-6,9,-7,9,-7,9,-8,9,-9,9,-9,9,-9,0,0,10,-9,10,-9,10,-10,10,-10,11,-10,11,-10,11,-10,12,-9,12,-9,11,-9,11,-8,11,-9,12,-8,12,-7,11,-7,11,-7,11,-7,11,-7,11,-6,10,-6,11,-6,11,-5,10,-5,10,-4,10,-4,10,-3,0,0,0,0,0,0,0,0,0,0,0.0,0.0,0.0,0.0,0.0,0.0,8.0,8.0,8.06225774829855,8.06225774829855,9.055385138137417,8.06225774829855,9.219544457292887,9.219544457292887,8.246211251235321,9.486832980505138,9.486832980505138,9.486832980505138,9.848857801796104,9.848857801796104,9.848857801796104,10.295630140987,10.295630140987,9.433981132056603,10.816653826391969,10.816653826391969,11.40175425099138,11.40175425099138,12.041594578792296,12.727922061357855,12.727922061357855,12.727922061357855,0.0,13.45362404707371,13.45362404707371,14.142135623730951,14.142135623730951,14.866068747318506,14.866068747318506,14.866068747318506,15.0,15.0,14.212670403551895,13.601470508735444,14.212670403551895,14.422205101855956,13.892443989449804,13.038404810405298,13.038404810405298,13.038404810405298,13.038404810405298,12.529964086141668,11.661903789690601,12.529964086141668,12.083045973594572,11.180339887498949,10.770329614269007,10.770329614269007,10.44030650891055,0.0,0.0,0.0,0.0,0.0,0.0,0.0,0.0,0.0,0.0,0.0,0.0,0.0,-0.12435499454676144,-0.12435499454676144,-0.11065722117389565,-0.12435499454676144,-0.21866894587394195,-0.21866894587394195,-0.24497866312686414,-0.3217505543966422,-0.3217505543966422,-0.3217505543966422,-0.4182243295792291,-0.4182243295792291,-0.4182243295792291,-0.507098504392337,-0.507098504392337,-0.5585993153435624,-0.5880026035475675,-0.5880026035475675,-0.6610431688506869,-0.6610431688506869,-0.7266423406817256,-0.7853981633974483,-0.7853981633974483,-0.7853981633974483,0.0,-0.7328151017865066,-0.7328151017865066,-0.7853981633974483,-0.7853981633974483,-0.7378150601204649,-0.7378150601204649,-0.7378150601204649,-0.6435011087932844,-0.6435011087932844,-0.6857295109062863,-0.628796286415433,-0.6857295109062863,-0.5880026035475675,-0.5280744484263596,-0.5667292175235064,-0.5667292175235064,-0.5667292175235064,-0.5667292175235064,-0.4993467216801301,-0.5404195002705842,-0.4993467216801301,-0.4266274931268761,-0.4636476090008061,-0.3805063771123649,-0.3805063771123649,-0.2914567944778671,0.0,0.0,0.0,0.0,0.0
19.861153859994374,tx,1a:00:00:00:00:00,-55,90.25983997781944,64,0.6826829476208957,5.758503766429941,0,0,0,0,0,0,0,0,0,0,0,0,-8,3,-8,3,-8,4,-9,4,-8,4,-8,4,-8,4,-8,5,-8,5,-8,6,-7,6,-8,6,-8,7,-7,7,-7,8,-7,7,-7,8,-6,8,-6,9,-6,9,-6,9,-6,10,-5,10,-5,11,-5,11,-5,12,0,0,-5,13,-6,12,-6,13,-5,12,-6,13,-6,13,-7,13,-6,13,-7,13,-7,12,-7,12,-7,12,-7,12,-8,12,-7,11,-8,11,-7,10,-8,10,-8,10,-8,9,-8,9,-8,8,-7,8,-8,8,-8,7,-8,7,0,0,0,0,0,0,0,0,0,0,0.0,0.0,0.0,0.0,0.0,0.0,8.54400374531753,8.54400374531753,8.94427190999916,9.848857801796104,8.94427190999916,8.94427190999916,8.94427190999916,9.433981132056603,9.433981132056603,10.0,9.219544457292887,10.0,10.63014581273465,9.899494936611665,10.63014581273465,9.899494936611665,10.63014581273465,10.0,10.816653826391969,10.816653826391969,10.816653826391969,11.661903789690601,11.180339887498949,12.083045973594572,12.083045973594572,13.0,0.0,13.92838827718412,13.416407864998739,14.317821063276353,13.0,14.317821063276353,14.317821063276353,14.7648230602334,14.317821063276353,14.7648230602334,13.892443989449804,13.892443989449804,13.892443989449804,13.892443989449804,14.422205101855956,13.038404810405298,13.601470508735444,12.206555615733702,12.806248474865697,12.806248474865697,12.041594578792296,12.041594578792296,11.313708498984761,10.63014581273465,11.313708498984761,10.63014581273465,10.63014581273465,0.0,0.0,0.0,0.0,0.0,0.0,0.0,0.0,0.0,0.0,0.0,2.782821983319221,2.782821983319221,2.677945044588987,2.723368324010564,2.677945044588987,2.677945044588987,2.677945044588987,2.5829933382462307,2.5829933382462307,2.498091544796509,2.432966381462123,2.498091544796509,2.4227626539681686,2.356194490192345,2.289626326416521,2.356194490192345,2.289626326416521,2.214297435588181,2.158798930342464,2.158798930342464,2.158798930342464,2.1112158270654806,2.0344439357957027,1.9974238199217726,1.9974238199217726,1.965587446494658,0.0,1.9379701606131159,2.0344439357957027,2.0032041023654346,1.965587446494658,2.0032041023654346,2.0032041023654346,2.0647376957144776,2.0032041023654346,2.0647376957144776,2.0988707752212563,2.0988707752212563,2.0988707752212563,2.0988707752212563,2.158798930342464,2.137525544318403,2.1995926132103296,2.1815222911841055,2.2455372690184494,2.2455372690184494,2.297438667476622,2.297438667476622,2.356194490192345,2.289626326416521,2.356194490192345,2.4227626539681686,2.4227626539681686,0.0,0.0,0.0,0.0,0.0
19.97084815499693,tx,1a:00:00:00:00:00,-55,90.25983997781944,64,0.6886604601279924,5.714239192992944,0,0,0,0,0,0,0,0,0,0,0,0,-4,6,-4,5,-4,6,-4,6,-4,6,-3,6,-3,6,-3,7,-3,7,-2,7,-2,7,-2,7,-2,7,-1,8,-1,8,-1,8,0,8,0,8,0,8,1,8,1,9,1,9,2,9,2,9,2,10,2,10,0,0,3,11,3,11,3,11,3,11,3,11,3,12,3,12,2,12,2,12,2,12,2,12,2,12,1,12,1,12,1,11,1,11,0,11,0,10,0,10,0,10,0,10,-1,10,-1,9,-2,9,-2,9,-2,9,0,0,0,0,0,0,0,0,0,0,0.0,0.0,0.0,0.0,0.0,0.0,7.211102550927978,6.4031242374328485,7.211102550927978,7.211102550927978,7.211102550927978,6.708203932499369,6.708203932499369,7.615773105863909,7.615773105863909,7.280109889280518,7.280109889280518,7.280109889280518,7.280109889280518,8.06225774829855,8.06225774829855,8.06225774829855,8.0,8.0,8.0,8.06225774829855,9.055385138137417,9.055385138137417,9.219544457292887,9.219544457292887,10.198039027185569,10.198039027185569,0.0,11.40175425099138,11.40175425099138,11.40175425099138,11.40175425099138,11.40175425099138,12.36931687685298,12.36931687685298,12.165525060596439,12.165525060596439,12.165525060596439,12.165525060596439,12.165525060596439,12.041594578792296,12.041594578792296,11.045361017187261,11.045361017187261,11.0,10.0,10.0,10.0,10.0,10.04987562112089,9.055385138137417,9.219544457292887,9.219544457292887,9.219544457292887,0.0,0.0,0.0,0.0,0.0,0.0,0.0,0.0,0.0,0.0,0.0,2.158798930342464,2.2455372690184494,2.158798930342464,2.158798930342464,2.158798930342464,2.0344439357957027,2.0344439357957027,1.97568811307998,1.97568811307998,1.849095985800008,1.849095985800008,1.849095985800008,1.849095985800008,1.695151321341658,1.695151321341658,1.695151321341658,1.5707963267948966,1.5707963267948966,1.5707963267948966,1.446441332248135,1.460139105621001,1.460139105621001,1.3521273809209546,1.3521273809209546,1.373400766945016,1.373400766945016,0.0,1.3045442776439713,1.3045442776439713,1.3045442776439713,1.3045442776439713,1.3045442776439713,1.3258176636680326,1.3258176636680326,1.4056476493802699,1.4056476493802699,1.4056476493802699,1.4056476493802699,1.4056476493802699,1.4876550949064553,1.4876550949064553,1.4801364395941514,1.4801364395941514,1.5707963267948966,1.5707963267948966,1.5707963267948966,1.5707963267948966,1.5707963267948966,1.6704649792860586,1.6814535479687922,1.7894652726688385,1.7894652726688385,1.7894652726688385,0.0,0.0,0.0,0.0,0.0
20.070866365000256,tx,1a:00:00:00:00:00,-55,90.25983997781944,64,0.6924725355600536,5.671170157269195,0,0,0,0,0,0,0,0,0,0,0,0,8,-1,8,-2,8,-2,9,-2,8,-2,8,-2,8,-3,8,-3,8,-3,8,-4,9,-4,8,-4,8,-5,8,-5,9,-6,8,-6,8,-6,8,-6,8,-7,8,-8,8,-8,8,-8,7,-8,8,-9,8,-10,8,-10,0,0,9,-11,9,-11,9,-11,9,-11,9,-11,9,-11,10,-11,10,-11,10,-11,10,-10,10,-10,10,-10,10,-10,10,-9,10,-9,10,-9,10,-8,10,-8,10,-7,9,-7,10,-7,10,-6,10,-6,10,-5,9,-5,9,-4,0,0,0,0,0,0,0,0,0,0,0.0,0.0,0.0,0.0,0.0,0.0,8.06225774829855,8.246211251235321,8.246211251235321,9.219544457292887,8.246211251235321,8.246211251235321,8.54400374531753,8.54400374531753,8.54400374531753,8.94427190999916,9.848857801796104,8.94427190999916,9.433981132056603,9.433981132056603,10.816653826391969,10.0,10.0,10.0,10.63014581273465,11.313708498984761,11.313708498984761,11.313708498984761,10.63014581273465,12.041594578792296,12.806248474865697,12.806248474865697,0.0,14.212670403551895,14.212670403551895,14.212670403551895,14.212670403551895,14.212670403551895,14.212670403551895,14.866068747318506,14.866068747318506,14.866068747318506,14.142135623730951,14.142135623730951,14.142135623730951,14.142135623730951,13.45362404707371,13.45362404707371,13.45362404707371,12.806248474865697,12.806248474865697,12.206555615733702,11.40175425099138,12.206555615733702,11.661903789690601,11.661903789690601,11.180339887498949,10.295630140987,9.848857801796104,0.0,0.0,0.0,0.0,0.0,0.0,0.0,0.0,0.0,0.0,0.0,-0.12435499454676144,-0.24497866312686414,-0.24497866312686414,-0.21866894587394195,-0.24497866312686414,-0.24497866312686414,-0.35877067027057225,-0.35877067027057225,-0.35877067027057225,-0.4636476090008061,-0.4182243295792291,-0.4636476090008061,-0.5585993153435624,-0.5585993153435624,-0.5880026035475675,-0.6435011087932844,-0.6435011087932844,-0.6435011087932844,-0.7188299996216245,-0.7853981633974483,-0.7853981633974483,-0.7853981633974483,-0.8519663271732721,-0.844153986113171,-0.8960553845713439,-0.8960553845713439,0.0,-0.8850668158886104,-0.8850668158886104,-0.8850668158886104,-0.8850668158886104,-0.8850668158886104,-0.8850668158886104,-0.8329812666744317,-0.8329812666744317,-0.8329812666744317,-0.7853981633974483,-0.7853981633974483,-0.7853981633974483,-0.7853981633974483,-0.7328151017865066,-0.7328151017865066,-0.7328151017865066,-0.6747409422235526,-0.6747409422235526,-0.6107259643892086,-0.6610431688506869,-0.6107259643892086,-0.5404195002705842,-0.5404195002705842,-0.4636476090008061,-0.507098504392337,-0.4182243295792291,0.0,0.0,0.0,0.0,0.0
20.172016886994243,tx,1a:00:00:00:00:00,-54,90.25983997781944,64,0.6931786127216273,5.6288252063782185,0,0,0,0,0,0,0,0,0,0,0,0,8,0,8,0,8,0,9,-1,8,-1,9,-1,9,-1,9,-2,9,-2,9,-2,9,-2,9,-3,9,-3,9,-4,9,-4,9,-4,9,-5,9,-5,9,-5,9,-6,9,-6,9,-7,9,-7,9,-8,10,-8,10,-8,0,0,10,-9,10,-9,11,-10,11,-9,11,-9,11,-9,11,-10,12,-9,12,-9,12,-9,12,-8,12,-8,12,-8,12,-8,12,-7,12,-7,12,-6,12,-6,11,-6,11,-5,11,-5,11,-5,11,-4,11,-3,11,-3,10,-2,0,0,0,0,0,0,0,0,0,0,0.0,0.0,0.0,0.0,0.0,0.0,8.0,8.0,8.0,9.055385138137417,8.06225774829855,9.055385138137417,9.055385138137417,9.219544457292887,9.219544457292887,9.219544457292887,9.219544457292887,9.486832980505138,9.486832980505138,9.848857801796104,9.848857801796104,9.848857801796104,10.295630140987,10.295630140987,10.295630140987,10.816653826391969,10.816653826391969,11.40175425099138,11.40175425099138,12.041594578792296,12.806248474865697,12.806248474865697,0.0,13.45362404707371,13.45362404707371,14.866068747318506,14.212670403551895,14.212670403551895,14.212670403551895,14.866068747318506,15.0,15.0,15.0,14.422205101855956,14.422205101855956,14.422205101855956,14.422205101855956,13.892443989449804,13.892443989449804,13.416407864998739,13.416407864998739,12.529964086141668,12.083045973594572,12.083045973594572,12.083045973594572,11.704699910719626,11.40175425099138,11.40175425099138,10.198039027185569,0.0,0.0,0.0,0.0,0.0,0.0,0.0,0.0,0.0,0.0,0.0,0.0,0.0,0.0,-0.11065722117389565,-0.12435499454676144,-0.11065722117389565,-0.11065722117389565,-0.21866894587394195,-0.21866894587394195,-0.21866894587394195,-0.21866894587394195,-0.3217505543966422,-0.3217505543966422,-0.4182243295792291,-0.4182243295792291,-0.4182243295792291,-0.507098504392337,-0.507098504392337,-0.507098504392337,-0.5880026035475675,-0.5880026035475675,-0.6610431688506869,-0.6610431688506869,-0.7266423406817256,-0.6747409422235526,-0.6747409422235526,0.0,-0.7328151017865066,-0.7328151017865066,-0.7378150601204649,-0.6857295109062863,-0.6857295109062863,-0.6857295109062863,-0.7378150601204649,-0.6435011087932844,-0.6435011087932844,-0.6435011087932844,-0.5880026035475675,-0.5880026035475675,-0.5880026035475675,-0.5880026035475675,-0.5280744484263596,-0.5280744484263596,-0.4636476090008061,-0.4636476090008061,-0.4993467216801301,-0.4266274931268761,-0.4266274931268761,-0.4266274931268761,-0.348771003583907,-0.2662520491509254,-0.2662520491509254,-0.19739555984988075,0.0,0.0,0.0,0.0,0.0
20.291970523998316,tx,1a:00:00:00:00:00,-54,90.25983997781944,64,0.6959674071400024,5.586181885435057,0,0,0,0,0,0,0,0,0,0,0,0,-2,-9,-3,-10,-3,-9,-3,-10,-3,-9,-3,-10,-4,-10,-4,-10,-5,-10,-5,-9,-5,-10,-6,-10,-6,-10,-6,-10,-7,-10,-7,-9,-8,-9,-7,-9,-8,-10,-9,-9,-9,-9,-10,-9,-10,-8,-10,-9,-11,-9,-11,-9,0,0,-12,-10,-11,-9,-13,-10,-12,-10,-13,-10,-13,-10,-12,-10,-12,-11,-12,-11,-12,-11,-12,-11,-11,-11,-11,-12,-11,-12,-10,-11,-10,-12,-9,-11,-9,-12,-9,-11,-8,-11,-8,-11,-7,-12,-7,-11,-6,-11,-5,-11,-5,-11,0,0,0,0,0,0,0,0,0,0,0.0,0.0,0.0,0.0,0.0,0.0,9.219544457292887,10.44030650891055,9.486832980505138,10.44030650891055,9.486832980505138,10.44030650891055,10.770329614269007,10.770329614269007,11.180339887498949,10.295630140987,11.180339887498949,11.661903789690601,11.661903789690601,11.661903789690601,12.206555615733702,11.40175425099138,12.041594578792296,11.40175425099138,12.806248474865697,12.727922061357855,12.727922061357855,13.45362404707371,12.806248474865697,13.45362404707371,14.212670403551895,14.212670403551895,0.0,15.620499351813308,14.212670403551895,16.401219466856727,15.620499351813308,16.401219466856727,16.401219466856727,15.620499351813308,16.278820596099706,16.278820596099706,16.278820596099706,16.278820596099706,15.556349186104045,16.278820596099706,16.278820596099706,14.866068747318506,15.620499351813308,14.212670403551895,15.0,14.212670403551895,13.601470508735444,13.601470508735444,13.892443989449804,13.038404810405298,12.529964086141668,12.083045973594572,12.083045973594572,0.0,0.0,0.0,0.0,0.0,0.0,0.0,0.0,0.0,0.0,0.0,-1.7894652726688385,-1.8622531212727638,-1.892546881191539,-1.8622531212727638,-1.892546881191539,-1.8622531212727638,-1.9513027039072615,-1.9513027039072615,-2.0344439357957027,-2.0778948311872334,-2.0344439357957027,-2.1112158270654806,-2.1112158270654806,-2.1112158270654806,-2.1815222911841055,-2.2318394956455836,-2.297438667476622,-2.2318394956455836,-2.2455372690184494,-2.356194490192345,-2.356194490192345,-2.408777551803287,-2.4668517113662407,-2.408777551803287,-2.455863142683507,-2.455863142683507,0.0,-2.44685437739309,-2.455863142683507,-2.485897027348257,-2.44685437739309,-2.485897027348257,-2.485897027348257,-2.44685437739309,-2.399645385583876,-2.399645385583876,-2.399645385583876,-2.399645385583876,-2.356194490192345,-2.312743594800814,-2.312743594800814,-2.3086113869153615,-2.2655346029916,-2.256525837701183,-2.214297435588181,-2.256525837701183,-2.1995926132103296,-2.1995926132103296,-2.0988707752212563,-2.137525544318403,-2.0701430484750265,-1.9974238199217726,-1.9974238199217726,0.0,0.0,0.0,0.0,0.0
20.40074799699505,tx,1a:00:00:00:00:00,-54,90.25983997781944,64,0.6894250609268804,5.542738371458255,0,0,0,0,0,0,0,0,0,0,0,0,-1,8,-1,8,0,8,0,8,0,8,0,9,0,9,1,9,1,9,1,9,2,9,2,9,2,9,3,9,3,9,4,9,4,9,4,9,5,9,5,9,5,9,6,9,6,9,7,9,7,10,7,10,0,0,8,10,8,10,8,10,9,10,8,11,8,11,8,12,8,12,8,12,8,12,8,12,7,12,7,12,6,12,6,12,6,12,5,12,5,11,5,11,4,11,4,11,3,11,3,11,2,11,2,10,1,10,0,0,0,0,0,0,0,0,0,0,0.0,0.0,0.0,0.0,0.0,0.0,8.06225774829855,8.06225774829855,8.0,8.0,8.0,9.0,9.0,9.055385138137417,9.055385138137417,9.055385138137417,9.219544457292887,9.219544457292887,9.219544457292887,9.486832980505138,9.486832980505138,9.848857801796104,9.848857801796104,9.848857801796104,10.295630140987,10.295630140987,10.295630140987,10.816653826391969,10.816653826391969,11.40175425099138,12.206555615733702,12.206555615733702,0.0,12.806248474865697,12.806248474865697,12.806248474865697,13.45362404707371,13.601470508735444,13.601470508735444,14.422205101855956,14.422205101855956,14.422205101855956,14.422205101855956,14.422205101855956,13.892443989449804,13.892443989449804,13.416407864998739,13.416407864998739,13.416407864998739,13.0,12.083045973594572,12.083045973594572,11.704699910719626,11.704699910719626,11.40175425099138,11.40175425099138,11.180339887498949,10.198039027185569,10.04987562112089,0.0,0.0,0.0,0.0,0.0,0.0,0.0,0.0,0.0,0.0,0.0,1.695151321341658,1.695151321341658,1.5707963267948966,1.5707963267948966,1.5707963267948966,1.5707963267948966,1.5707963267948966,1.460139105621001,1.460139105621001,1.460139105621001,1.3521273809209546,1.3521273809209546,1.3521273809209546,1.2490457723982544,1.2490457723982544,1.1525719972156676,1.1525719972156676,1.1525719972156676,1.0636978224025597,1.0636978224025597,1.0636978224025597,0.982793723247329,0.982793723247329,0.9097531579442097,0.960070362405688,0.960070362405688,0.0,0.8960553845713439,0.8960553845713439,0.8960553845713439,0.83798122500839,0.9420000403794636,0.9420000403794636,0.982793723247329,0.982793723247329,0.982793723247329,0.982793723247329,0.982793723247329,1.042721878368537,1.042721878368537,1.1071487177940904,1.1071487177940904,1.1071487177940904,1.176005207095135,1.1441688336680205,1.1441688336680205,1.2220253232109897,1.2220253232109897,1.3045442776439713,1.3045442776439713,1.3909428270024184,1.373400766945016,1.4711276743037347,0.0,0.0,0.0,0.0,0.0
20.504076138000528,tx,1a:00:00:00:00:00,-55,90.25983997781944,64,0.6853774436764957,5.498373003690601,0,0,0,0,0,0,0,0,0,0,0,0,-10,2,-9,1,-10,2,-10,2,-10,2,-10,2,-10,3,-10,3,-10,4,-11,4,-10,4,-10,4,-10,5,-10,5,-9,6,-9,7,-9,7,-9,7,-9,7,-9,8,-9,8,-8,9,-9,9,-9,10,-9,10,-9,10,0,0,-9,11,-9,12,-8,11,-9,13,-9,12,-10,12,-10,12,-10,12,-10,12,-11,12,-10,11,-11,11,-11,10,-10,9,-10,11,-10,10,-11,10,-10,8,-10,8,-10,8,-10,8,-10,8,-11,7,-10,6,-10,6,-10,5,0,0,0,0,0,0,0,0,0,0,0.0,0.0,0.0,0.0,0.0,0.0,10.198039027185569,9.055385138137417,10.198039027185569,10.198039027185569,10.198039027185569,10.198039027185569,10.44030650891055,10.44030650891055,10.770329614269007,11.704699910719626,10.770329614269007,10.770329614269007,11.180339887498949,11.180339887498949,10.816653826391969,11.40175425099138,11.40175425099138,11.40175425099138,11.40175425099138,12.041594578792296,12.041594578792296,12.041594578792296,12.727922061357855,13.45362404707371,13.45362404707371,13.45362404707371,0.0,14.212670403551895,15.0,13.601470508735444,15.811388300841896,15.0,15.620499351813308,15.620499351813308,15.620499351813308,15.620499351813308,16.278820596099706,14.866068747318506,15.556349186104045,14.866068747318506,13.45362404707371,14.866068747318506,14.142135623730951,14.866068747318506,12.806248474865697,12.806248474865697,12.806248474865697,12.806248474865697,12.806248474865697,13.038404810405298,11.661903789690601,11.661903789690601,11.180339887498949,0.0,0.0,0.0,0.0,0.0,0.0,0.0,0.0,0.0,0.0,0.0,2.9441970937399127,3.0309354324158977,2.9441970937399127,2.9441970937399127,2.9441970937399127,2.9441970937399127,2.8501358591119264,2.8501358591119264,2.761086276477428,2.7928216500058864,2.761086276477428,2.761086276477428,2.677945044588987,2.677945044588987,2.5535900500422257,2.4805494847391065,2.4805494847391065,2.4805494847391065,2.4805494847391065,2.4149503129080676,2.4149503129080676,2.297438667476622,2.356194490192345,2.3036114285814033,2.3036114285814033,2.3036114285814033,0.0,2.256525837701183,2.214297435588181,2.1995926132103296,2.1763409903998667,2.214297435588181,2.2655346029916,2.2655346029916,2.2655346029916,2.2655346029916,2.312743594800814,2.3086113869153615,2.356194490192345,2.403777593469328,2.408777551803287,2.3086113869153615,2.356194490192345,2.403777593469328,2.4668517113662407,2.4668517113662407,2.4668517113662407,2.4668517113662407,2.4668517113662407,2.5748634360662868,2.601173153319209,2.601173153319209,2.677945044588987,0.0,0.0,0.0,0.0,0.0
20.611812601993734,tx,1a:00:00:00:00:00,-54,90.25983997781944,64,0.6821606451190639,5.45324558828156,0,0,0,0,0,0,0,0,0,0,0,0,2,-9,2,-9,2,-9,2,-9,2,-10,1,-9,1,-10,1,-10,1,-10,1,-10,0,-10,0,-10,0,-11,-1,-11,-1,-10,-2,-11,-2,-10,-2,-11,-3,-11,-3,-11,-3,-11,-4,-12,-4,-12,-5,-12,-5,-12,-5,-12,0,0,-6,-13,-6,-13,-6,-13,-6,-14,-6,-13,-6,-14,-6,-14,-5,-14,-6,-14,-5,-15,-5,-14,-5,-14,-4,-14,-4,-14,-4,-14,-4,-13,-3,-14,-3,-12,-3,-13,-2,-12,-2,-13,-2,-12,-1,-13,-1,-12,-1,-11,0,-11,0,0,0,0,0,0,0,0,0,0,0.0,0.0,0.0,0.0,0.0,0.0,9.219544457292887,9.219544457292887,9.219544457292887,9.219544457292887,10.198039027185569,9.055385138137417,10.04987562112089,10.04987562112089,10.04987562112089,10.04987562112089,10.0,10.0,11.0,11.045361017187261,10.04987562112089,11.180339887498949,10.198039027185569,11.180339887498949,11.40175425099138,11.40175425099138,11.40175425099138,12.649110640673518,12.649110640673518,13.0,13.0,13.0,0.0,14.317821063276353,14.317821063276353,14.317821063276353,15.231546211727817,14.317821063276353,15.231546211727817,15.231546211727817,14.866068747318506,15.231546211727817,15.811388300841896,14.866068747318506,14.866068747318506,14.560219778561036,14.560219778561036,14.560219778561036,13.601470508735444,14.317821063276353,12.36931687685298,13.341664064126334,12.165525060596439,13.152946437965905,12.165525060596439,13.038404810405298,12.041594578792296,11.045361017187261,11.0,0.0,0.0,0.0,0.0,0.0,0.0,0.0,0.0,0.0,0.0,0.0,-1.3521273809209546,-1.3521273809209546,-1.3521273809209546,-1.3521273809209546,-1.373400766945016,-1.460139105621001,-1.4711276743037347,-1.4711276743037347,-1.4711276743037347,-1.4711276743037347,-1.5707963267948966,-1.5707963267948966,-1.5707963267948966,-1.6614562139956417,-1.6704649792860586,-1.750649826587375,-1.7681918866447774,-1.750649826587375,-1.837048375945822,-1.837048375945822,-1.837048375945822,-1.892546881191539,-1.892546881191539,-1.965587446494658,-1.965587446494658,-1.965587446494658,0.0,-2.0032041023654346,-2.0032041023654346,-2.0032041023654346,-1.97568811307998,-2.0032041023654346,-1.97568811307998,-1.97568811307998,-1.9138202672156,-1.97568811307998,-1.892546881191539,-1.9138202672156,-1.9138202672156,-1.849095985800008,-1.849095985800008,-1.849095985800008,-1.8692952583810758,-1.7818896600176433,-1.8157749899217608,-1.7975951748487824,-1.7359450042095235,-1.7234456551901618,-1.7359450042095235,-1.6475682180646747,-1.6539375586833378,-1.6614562139956417,-1.5707963267948966,0.0,0.0,0.0,0.0,0.0
20.713971543998923,tx,1a:00:00:00:00:00,-54,90.25983997781944,64,0.6803453172983716,5.407707298404651,0,0,0,0,0,0,0,0,0,0,0,0,-1,-9,-1,-10,-2,-9,-2,-10,-2,-9,-3,-10,-3,-10,-3,-9,-3,-10,-4,-9,-4,-10,-4,-10,-5,-9,-5,-9,-6,-10,-6,-9,-6,-10,-6,-9,-7,-9,-8,-9,-8,-9,-8,-9,-9,-8,-10,-9,-10,-9,-11,-9,0,0,-11,-10,-10,-10,-12,-10,-11,-9,-11,-10,-12,-10,-11,-11,-11,-11,-11,-11,-11,-10,-11,-10,-11,-11,-11,-12,-11,-12,-9,-11,-10,-12,-9,-11,-9,-11,-8,-11,-8,-11,-8,-11,-7,-11,-6,-10,-6,-10,-6,-11,-5,-11,0,0,0,0,0,0,0,0,0,0,0.0,0.0,0.0,0.0,0.0,0.0,9.055385138137417,10.04987562112089,9.219544457292887,10.198039027185569,9.219544457292887,10.44030650891055,10.44030650891055,9.486832980505138,10.44030650891055,9.848857801796104,10.770329614269007,10.770329614269007,10.295630140987,10.295630140987,11.661903789690601,10.816653826391969,11.661903789690601,10.816653826391969,11.40175425099138,12.041594578792296,12.041594578792296,12.041594578792296,12.041594578792296,13.45362404707371,13.45362404707371,14.212670403551895,0.0,14.866068747318506,14.142135623730951,15.620499351813308,14.212670403551895,14.866068747318506,15.620499351813308,15.556349186104045,15.556349186104045,15.556349186104045,14.866068747318506,14.866068747318506,15.556349186104045,16.278820596099706,16.278820596099706,14.212670403551895,15.620499351813308,14.212670403551895,14.212670403551895,13.601470508735444,13.601470508735444,13.601470508735444,13.038404810405298,11.661903789690601,11.661903789690601,12.529964086141668,12.083045973594572,0.0,0.0,0.0,0.0,0.0,0.0,0.0,0.0,0.0,0.0,0.0,-1.6814535479687922,-1.6704649792860586,-1.7894652726688385,-1.7681918866447774,-1.7894652726688385,-1.8622531212727638,-1.8622531212727638,-1.892546881191539,-1.8622531212727638,-1.9890206563741257,-1.9513027039072615,-1.9513027039072615,-2.0778948311872334,-2.0778948311872334,-2.1112158270654806,-2.158798930342464,-2.1112158270654806,-2.158798930342464,-2.2318394956455836,-2.297438667476622,-2.297438667476622,-2.297438667476622,-2.4149503129080676,-2.408777551803287,-2.408777551803287,-2.455863142683507,0.0,-2.403777593469328,-2.356194490192345,-2.44685437739309,-2.455863142683507,-2.403777593469328,-2.44685437739309,-2.356194490192345,-2.356194490192345,-2.356194490192345,-2.403777593469328,-2.403777593469328,-2.356194490192345,-2.312743594800814,-2.312743594800814,-2.256525837701183,-2.2655346029916,-2.256525837701183,-2.256525837701183,-2.1995926132103296,-2.1995926132103296,-2.1995926132103296,-2.137525544318403,-2.1112158270654806,-2.1112158270654806,-2.0701430484750265,-1.9974238199217726,0.0,0.0,0.0,0.0,0.0
20.815255222994892,tx,1a:00:00:00:00:00,-54,89.94210633433283,64,0.6787549757976723,5.362242932475919,0,0,0,0,0,0,0,0,0,0,0,0,4,-7,4,-8,4,-8,5,-8,4,-8,4,-9,4,-9,4,-9,4,-9,3,-9,3,-10,2,-10,2,-10,2,-10,2,-11,1,-10,1,-11,1,-10,0,-12,0,-12,0,-12,0,-12,-1,-12,-1,-13,-1,-13,-1,-14,0,0,-2,-14,-1,-14,-2,-15,-2,-14,-1,-15,-1,-15,-1,-15,-1,-16,0,-15,0,-15,0,-15,1,-15,1,-15,1,-15,1,-14,1,-15,2,-13,1,-14,2,-13,2,-12,2,-13,3,-12,3,-11,3,-12,3,-11,4,-11,0,0,0,0,0,0,0,0,0,0,0.0,0.0,0.0,0.0,0.0,0.0,8.06225774829855,8.94427190999916,8.94427190999916,9.433981132056603,8.94427190999916,9.848857801796104,9.848857801796104,9.848857801796104,9.848857801796104,9.486832980505138,10.44030650891055,10.198039027185569,10.198039027185569,10.198039027185569,11.180339887498949,10.04987562112089,11.045361017187261,10.04987562112089,12.0,12.0,12.0,12.0,12.041594578792296,13.038404810405298,13.038404810405298,14.035668847618199,0.0,14.142135623730951,14.035668847618199,15.132745950421556,14.142135623730951,15.033296378372908,15.033296378372908,15.033296378372908,16.0312195418814,15.0,15.0,15.0,15.033296378372908,15.033296378372908,15.033296378372908,14.035668847618199,15.033296378372908,13.152946437965905,14.035668847618199,13.152946437965905,12.165525060596439,13.152946437965905,12.36931687685298,11.40175425099138,12.36931687685298,11.40175425099138,11.704699910719626,0.0,0.0,0.0,0.0,0.0,0.0,0.0,0.0,0.0,0.0,0.0,-1.0516502125483738,-1.1071487177940904,-1.1071487177940904,-1.0121970114513341,-1.1071487177940904,-1.1525719972156676,-1.1525719972156676,-1.1525719972156676,-1.1525719972156676,-1.2490457723982544,-1.2793395323170296,-1.373400766945016,-1.373400766945016,-1.373400766945016,-1.3909428270024184,-1.4711276743037347,-1.4801364395941514,-1.4711276743037347,-1.5707963267948966,-1.5707963267948966,-1.5707963267948966,-1.5707963267948966,-1.6539375586833378,-1.6475682180646747,-1.6475682180646747,-1.642103791580187,0.0,-1.7126933813990606,-1.642103791580187,-1.7033478590915707,-1.7126933813990606,-1.6373644905707205,-1.6373644905707205,-1.6373644905707205,-1.633215136790854,-1.5707963267948966,-1.5707963267948966,-1.5707963267948966,-1.5042281630190728,-1.5042281630190728,-1.5042281630190728,-1.4994888620096063,-1.5042281630190728,-1.4181469983996315,-1.4994888620096063,-1.4181469983996315,-1.4056476493802699,-1.4181469983996315,-1.3258176636680326,-1.3045442776439713,-1.3258176636680326,-1.3045442776439713,-1.2220253232109897,0.0,0.0,0.0,0.0,0.0
20.921130075999827,tx,1a:00:00:00:00:00,-54,89.94210633433283,64,0.6772285335077419,5.325789562341798,0,0,0,0,0,0,0,0,0,0,0,0,-9,-3,-9,-3,-9,-2,-9,-3,-10,-2,-9,-2,-10,-2,-9,-1,-10,-1,-10,-1,-10,-1,-10,-1,-10,0,-10,0,-11,1,-11,1,-11,2,-11,2,-11,3,-11,3,-11,3,-11,4,-11,4,-12,4,-12,5,-12,5,0,0,-13,5,-13,6,-13,6,-13,6,-13,6,-14,6,-14,6,-14,6,-14,5,-14,5,-14,5,-14,4,-14,4,-14,4,-14,4,-14,3,-14,3,-13,3,-13,2,-13,2,-13,1,-13,1,-12,1,-12,0,-12,0,-11,-1,0,0,0,0,0,0,0,0,0,0,0.0,0.0,0.0,0.0,0.0,0.0,9.486832980505138,9.486832980505138,9.219544457292887,9.486832980505138,10.198039027185569,9.219544457292887,10.198039027185569,9.055385138137417,10.04987562112089,10.04987562112089,10.04987562112089,10.04987562112089,10.0,10.0,11.045361017187261,11.045361017187261,11.180339887498949,11.180339887498949,11.40175425099138,11.40175425099138,11.40175425099138,11.704699910719626,11.704699910719626,12.649110640673518,13.0,13.0,0.0,13.92838827718412,14.317821063276353,14.317821063276353,14.317821063276353,14.317821063276353,15.231546211727817,15.231546211727817,15.231546211727817,14.866068747318506,14.866068747318506,14.866068747318506,14.560219778561036,14.560219778561036,14.560219778561036,14.560219778561036,14.317821063276353,14.317821063276353,13.341664064126334,13.152946437965905,13.152946437965905,13.038404810405298,13.038404810405298,12.041594578792296,12.0,12.0,11.045361017187261,0.0,0.0,0.0,0.0,0.0,0.0,0.0,0.0,0.0,0.0,0.0,-2.819842099193151,-2.819842099193151,-2.922923707715851,-2.819842099193151,-2.9441970937399127,-2.922923707715851,-2.9441970937399127,-3.0309354324158977,-3.0419240010986313,-3.0419240010986313,-3.0419240010986313,-3.0419240010986313,3.141592653589793,3.141592653589793,3.050932766389048,3.050932766389048,2.961739153797315,2.961739153797315,2.875340604438868,2.875340604438868,2.875340604438868,2.7928216500058864,2.7928216500058864,2.819842099193151,2.746801533890032,2.746801533890032,0.0,2.774418819771574,2.7091848780192556,2.7091848780192556,2.7091848780192556,2.7091848780192556,2.7367008673047097,2.7367008673047097,2.7367008673047097,2.79856871316909,2.79856871316909,2.79856871316909,2.8632929945846817,2.8632929945846817,2.8632929945846817,2.8632929945846817,2.930499320367047,2.930499320367047,2.9147938055359073,2.988943325194528,2.988943325194528,3.064820762320015,3.064820762320015,3.058451421701352,3.141592653589793,3.141592653589793,-3.050932766389048,0.0,0.0,0.0,0.0,0.0
21.021585825998045,tx,1a:00:00:00:00:00,-54,89.94210633433283,64,0.6780980808505914,5.307396930749033,0,0,0,0,0,0,0,0,0,0,0,0,-8,-5,-9,-5,-9,-5,-9,-5,-9,-5,-9,-5,-10,-4,-10,-4,-10,-4,-10,-3,-11,-4,-11,-3,-11,-3,-11,-3,-11,-2,-11,-2,-12,-1,-11,-1,-13,-1,-12,0,-12,0,-13,1,-13,1,-13,1,-14,1,-14,2,0,0,-15,2,-15,2,-16,2,-15,2,-16,2,-16,2,-16,2,-16,1,-16,1,-16,1,-16,0,-16,0,-16,-1,-16,0,-15,-1,-15,-1,-14,-2,-15,-2,-14,-2,-13,-2,-13,-2,-13,-3,-13,-3,-12,-4,-12,-4,-11,-5,0,0,0,0,0,0,0,0,0,0,0.0,0.0,0.0,0.0,0.0,0.0,9.433981132056603,10.295630140987,10.295630140987,10.295630140987,10.295630140987,10.295630140987,10.770329614269007,10.770329614269007,10.770329614269007,10.44030650891055,11.704699910719626,11.40175425099138,11.40175425099138,11.40175425099138,11.180339887498949,11.180339887498949,12.041594578792296,11.045361017187261,13.038404810405298,12.0,12.0,13.038404810405298,13.038404810405298,13.038404810405298,14.035668847618199,14.142135623730951,0.0,15.132745950421556,15.132745950421556,16.1245154965971,15.132745950421556,16.1245154965971,16.1245154965971,16.1245154965971,16.0312195418814,16.0312195418814,16.0312195418814,16.0,16.0,16.0312195418814,16.0,15.033296378372908,15.033296378372908,14.142135623730951,15.132745950421556,14.142135623730951,13.152946437965905,13.152946437965905,13.341664064126334,13.341664064126334,12.649110640673518,12.649110640673518,12.083045973594572,0.0,0.0,0.0,0.0,0.0,0.0,0.0,0.0,0.0,0.0,0.0,-2.5829933382462307,-2.6344941491974563,-2.6344941491974563,-2.6344941491974563,-2.6344941491974563,-2.6344941491974563,-2.761086276477428,-2.761086276477428,-2.761086276477428,-2.8501358591119264,-2.7928216500058864,-2.875340604438868,-2.875340604438868,-2.875340604438868,-2.961739153797315,-2.961739153797315,-3.058451421701352,-3.050932766389048,-3.064820762320015,3.141592653589793,3.141592653589793,3.064820762320015,3.064820762320015,3.064820762320015,3.070285188804503,2.999695598985629,0.0,3.0090411212931194,3.0090411212931194,3.017237659043032,3.0090411212931194,3.017237659043032,3.017237659043032,3.017237659043032,3.079173843593836,3.079173843593836,3.079173843593836,3.141592653589793,3.141592653589793,-3.079173843593836,3.141592653589793,-3.0750244898139694,-3.0750244898139694,-2.999695598985629,-3.0090411212931194,-2.999695598985629,-2.988943325194528,-2.988943325194528,-2.9147938055359073,-2.9147938055359073,-2.819842099193151,-2.819842099193151,-2.714965160462917,0.0,0.0,0.0,0.0,0.0
21.12426036800025,tx,1a:00:00:00:00:00,-54,89.94210633433283,64,0.6783808577138832,5.299055497053928,0,0,0,0,0,0,0,0,0,0,0,0,5,-7,4,-7,4,-8,4,-8,4,-8,4,-8,4,-9,3,-9,3,-9,3,-9,3,-9,3,-10,3,-10,2,-10,1,-10,1,-11,0,-11,0,-11,0,-11,-1,-11,-1,-12,-1,-12,-1,-12,-1,-12,-1,-13,-2,-13,0,0,-3,-14,-3,-14,-3,-14,-3,-15,-2,-14,-3,-15,-2,-15,-2,-15,-2,-15,-1,-15,-1,-15,0,-15,0,-15,0,-14,-1,-14,-1,-14,0,-14,0,-13,0,-13,0,-13,1,-13,1,-13,2,-12,2,-12,2,-11,3,-10,0,0,0,0,0,0,0,0,0,0,0.0,0.0,0.0,0.0,0.0,0.0,8.602325267042627,8.06225774829855,8.94427190999916,8.94427190999916,8.94427190999916,8.94427190999916,9.848857801796104,9.486832980505138,9.486832980505138,9.486832980505138,9.486832980505138,10.44030650891055,10.44030650891055,10.198039027185569,10.04987562112089,11.045361017187261,11.0,11.0,11.0,11.045361017187261,12.041594578792296,12.041594578792296,12.041594578792296,12.041594578792296,13.038404810405298,13.152946437965905,0.0,14.317821063276353,14.317821063276353,14.317821063276353,15.297058540778355,14.142135623730951,15.297058540778355,15.132745950421556,15.132745950421556,15.132745950421556,15.033296378372908,15.033296378372908,15.0,15.0,14.0,14.035668847618199,14.035668847618199,14.0,13.0,13.0,13.0,13.038404810405298,13.038404810405298,12.165525060596439,12.165525060596439,11.180339887498949,10.44030650891055,0.0,0.0,0.0,0.0,0.0,0.0,0.0,0.0,0.0,0.0,0.0,-0.9505468408120752,-1.0516502125483738,-1.1071487177940904,-1.1071487177940904,-1.1071487177940904,-1.1071487177940904,-1.1525719972156676,-1.2490457723982544,-1.2490457723982544,-1.2490457723982544,-1.2490457723982544,-1.2793395323170296,-1.2793395323170296,-1.373400766945016,-1.4711276743037347,-1.4801364395941514,-1.5707963267948966,-1.5707963267948966,-1.5707963267948966,-1.6614562139956417,-1.6539375586833378,-1.6539375586833378,-1.6539375586833378,-1.6539375586833378,-1.6475682180646747,-1.7234456551901618,0.0,-1.7818896600176433,-1.7818896600176433,-1.7818896600176433,-1.7681918866447774,-1.7126933813990606,-1.7681918866447774,-1.7033478590915707,-1.7033478590915707,-1.7033478590915707,-1.6373644905707205,-1.6373644905707205,-1.5707963267948966,-1.5707963267948966,-1.5707963267948966,-1.642103791580187,-1.642103791580187,-1.5707963267948966,-1.5707963267948966,-1.5707963267948966,-1.5707963267948966,-1.4940244355251187,-1.4940244355251187,-1.4056476493802699,-1.4056476493802699,-1.3909428270024184,-1.2793395323170296,0.0,0.0,0.0,0.0,0.0
21.225442844995996,tx,1a:00:00:00:00:00,-54,89.94210633433283,64,0.6782206372077322,5.289421178951969,0,0,0,0,0,0,0,0,0,0,0,0,-6,-7,-6,-7,-7,-7,-6,-7,-7,-7,-7,-6,-8,-6,-8,-6,-8,-6,-9,-6,-8,-6,-9,-6,-9,-6,-9,-5,-10,-5,-11,-4,-10,-4,-11,-4,-11,-3,-11,-3,-11,-4,-12,-2,-13,-3,-13,-2,-13,-2,-13,-2,0,0,-14,-2,-15,-2,-14,-2,-15,-2,-14,-2,-15,-2,-15,-2,-15,-3,-16,-3,-16,-3,-15,-3,-15,-4,-15,-4,-14,-4,-15,-4,-14,-4,-14,-5,-13,-4,-13,-4,-12,-5,-12,-5,-12,-5,-12,-6,-11,-6,-11,-6,-10,-6,0,0,0,0,0,0,0,0,0,0,0.0,0.0,0.0,0.0,0.0,0.0,9.219544457292887,9.219544457292887,9.899494936611665,9.219544457292887,9.899494936611665,9.219544457292887,10.0,10.0,10.0,10.816653826391969,10.0,10.816653826391969,10.816653826391969,10.295630140987,11.180339887498949,11.704699910719626,10.770329614269007,11.704699910719626,11.40175425099138,11.40175425099138,11.704699910719626,12.165525060596439,13.341664064126334,13.152946437965905,13.152946437965905,13.152946437965905,0.0,14.142135623730951,15.132745950421556,14.142135623730951,15.132745950421556,14.142135623730951,15.132745950421556,15.132745950421556,15.297058540778355,16.278820596099706,16.278820596099706,15.297058540778355,15.524174696260024,15.524174696260024,14.560219778561036,15.524174696260024,14.560219778561036,14.866068747318506,13.601470508735444,13.601470508735444,13.0,13.0,13.0,13.416407864998739,12.529964086141668,12.529964086141668,11.661903789690601,0.0,0.0,0.0,0.0,0.0,0.0,0.0,0.0,0.0,0.0,0.0,-2.279422598922567,-2.279422598922567,-2.356194490192345,-2.279422598922567,-2.356194490192345,-2.432966381462123,-2.498091544796509,-2.498091544796509,-2.498091544796509,-2.5535900500422257,-2.498091544796509,-2.5535900500422257,-2.5535900500422257,-2.6344941491974563,-2.677945044588987,-2.7928216500058864,-2.761086276477428,-2.7928216500058864,-2.875340604438868,-2.875340604438868,-2.7928216500058864,-2.976443976175166,-2.9147938055359073,-2.988943325194528,-2.988943325194528,-2.988943325194528,0.0,-2.999695598985629,-3.0090411212931194,-2.999695598985629,-3.0090411212931194,-2.999695598985629,-3.0090411212931194,-3.0090411212931194,-2.9441970937399127,-2.9562447035940984,-2.9562447035940984,-2.9441970937399127,-2.8809902618424523,-2.8809902618424523,-2.8632929945846817,-2.8809902618424523,-2.8632929945846817,-2.79856871316909,-2.843093722003614,-2.843093722003614,-2.746801533890032,-2.746801533890032,-2.746801533890032,-2.677945044588987,-2.642245931909663,-2.642245931909663,-2.601173153319209,0.0,0.0,0.0,0.0,0.0
21.33094054299727,tx,1a:00:00:00:00:00,-54,89.94210633433283,64,0.6776390962758202,5.269027030582282,0,0,0,0,0,0,0,0,0,0,0,0,-6,5,-7,6,-7,6,-7,6,-7,6,-7,6,-6,7,-6,7,-6,7,-6,7,-6,8,-5,8,-6,9,-5,9,-5,9,-4,9,-4,10,-4,9,-4,10,-3,10,-3,10,-3,11,-3,11,-3,12,-2,12,-2,12,0,0,-2,13,-2,13,-2,14,-2,14,-2,14,-3,15,-3,15,-3,15,-3,14,-4,14,-4,14,-4,14,-5,13,-5,13,-4,13,-5,13,-5,13,-5,12,-5,11,-5,11,-6,11,-6,10,-6,10,-7,9,-7,9,-7,8,0,0,0,0,0,0,0,0,0,0,0.0,0.0,0.0,0.0,0.0,0.0,7.810249675906654,9.219544457292887,9.219544457292887,9.219544457292887,9.219544457292887,9.219544457292887,9.219544457292887,9.219544457292887,9.219544457292887,9.219544457292887,10.0,9.433981132056603,10.816653826391969,10.295630140987,10.295630140987,9.848857801796104,10.770329614269007,9.848857801796104,10.770329614269007,10.44030650891055,10.44030650891055,11.40175425099138,11.40175425099138,12.36931687685298,12.165525060596439,12.165525060596439,0.0,13.152946437965905,13.152946437965905,14.142135623730951,14.142135623730951,14.142135623730951,15.297058540778355,15.297058540778355,15.297058540778355,14.317821063276353,14.560219778561036,14.560219778561036,14.560219778561036,13.92838827718412,13.92838827718412,13.601470508735444,13.92838827718412,13.92838827718412,13.0,12.083045973594572,12.083045973594572,12.529964086141668,11.661903789690601,11.661903789690601,11.40175425099138,11.40175425099138,10.63014581273465,0.0,0.0,0.0,0.0,0.0,0.0,0.0,0.0,0.0,0.0,0.0,2.44685437739309,2.432966381462123,2.432966381462123,2.432966381462123,2.432966381462123,2.432966381462123,2.279422598922567,2.279422598922567,2.279422598922567,2.279422598922567,2.214297435588181,2.129395642138459,2.158798930342464,2.0778948311872334,2.0778948311872334,1.9890206563741257,1.9513027039072615,1.9890206563741257,1.9513027039072615,1.8622531212727638,1.8622531212727638,1.837048375945822,1.837048375945822,1.8157749899217608,1.7359450042095235,1.7359450042095235,0.0,1.7234456551901618,1.7234456551901618,1.7126933813990606,1.7126933813990606,1.7126933813990606,1.7681918866447774,1.7681918866447774,1.7681918866447774,1.7818896600176433,1.849095985800008,1.849095985800008,1.849095985800008,1.9379701606131159,1.9379701606131159,1.8692952583810758,1.9379701606131159,1.9379701606131159,1.965587446494658,1.9974238199217726,1.9974238199217726,2.0701430484750265,2.1112158270654806,2.1112158270654806,2.2318394956455836,2.2318394956455836,2.289626326416521,0.0,0.0,0.0,0.0,0.0
21.43104739699629,tx,1a:00:00:00:00:00,-54,89.94210633433283,64,0.6738958860507585,5.238872787386955,0,0,0,0,0,0,0,0,0,0,0,0,-6,5,-6,6,-6,6,-6,6,-6,6,-6,7,-6,7,-5,7,-5,7,-5,8,-5,8,-4,8,-4,8,-4,9,-4,9,-3,9,-3,9,-2,9,-2,10,-2,10,-2,11,-2,11,-1,11,-1,11,-1,12,-1,12,0,0,0,13,0,13,0,14,0,13,0,14,0,14,-1,14,-1,14,-2,14,-1,14,-1,14,-2,14,-2,14,-2,14,-3,12,-3,13,-2,12,-3,12,-3,12,-4,11,-4,11,-4,11,-4,10,-4,10,-4,10,-5,9,0,0,0,0,0,0,0,0,0,0,0.0,0.0,0.0,0.0,0.0,0.0,7.810249675906654,8.48528137423857,8.48528137423857,8.48528137423857,8.48528137423857,9.219544457292887,9.219544457292887,8.602325267042627,8.602325267042627,9.433981132056603,9.433981132056603,8.94427190999916,8.94427190999916,9.848857801796104,9.848857801796104,9.486832980505138,9.486832980505138,9.219544457292887,10.198039027185569,10.198039027185569,11.180339887498949,11.180339887498949,11.045361017187261,11.045361017187261,12.041594578792296,12.041594578792296,0.0,13.0,13.0,14.0,13.0,14.0,14.0,14.035668847618199,14.035668847618199,14.142135623730951,14.035668847618199,14.035668847618199,14.142135623730951,14.142135623730951,14.142135623730951,12.36931687685298,13.341664064126334,12.165525060596439,12.36931687685298,12.36931687685298,11.704699910719626,11.704699910719626,11.704699910719626,10.770329614269007,10.770329614269007,10.770329614269007,10.295630140987,0.0,0.0,0.0,0.0,0.0,0.0,0.0,0.0,0.0,0.0,0.0,2.44685437739309,2.356194490192345,2.356194490192345,2.356194490192345,2.356194490192345,2.279422598922567,2.279422598922567,2.191045812777718,2.191045812777718,2.129395642138459,2.129395642138459,2.0344439357957027,2.0344439357957027,1.9890206563741257,1.9890206563741257,1.892546881191539,1.892546881191539,1.7894652726688385,1.7681918866447774,1.7681918866447774,1.750649826587375,1.750649826587375,1.6614562139956417,1.6614562139956417,1.6539375586833378,1.6539375586833378,0.0,1.5707963267948966,1.5707963267948966,1.5707963267948966,1.5707963267948966,1.5707963267948966,1.5707963267948966,1.642103791580187,1.642103791580187,1.7126933813990606,1.642103791580187,1.642103791580187,1.7126933813990606,1.7126933813990606,1.7126933813990606,1.8157749899217608,1.7975951748487824,1.7359450042095235,1.8157749899217608,1.8157749899217608,1.9195673303788037,1.9195673303788037,1.9195673303788037,1.9513027039072615,1.9513027039072615,1.9513027039072615,2.0778948311872334,0.0,0.0,0.0,0.0,0.0
21.53292573899671,tx,1a:00:00:00:00:00,-54,89.94210633433283,64,0.6707283252030296,5.204933613869452,0,0,0,0,0,0,0,0,0,0,0,0,-7,-4,-8,-4,-8,-3,-8,-3,-8,-3,-9,-3,-9,-3,-9,-2,-9,-3,-9,-2,-10,-2,-10,-1,-10,-1,-10,-1,-11,0,-10,0,-11,0,-10,1,-11,1,-11,1,-11,2,-12,2,-11,2,-12,3,-12,3,-12,4,0,0,-13,4,-13,3,-14,4,-13,4,-14,4,-14,4,-14,3,-14,3,-15,2,-13,3,-14,3,-14,2,-14,3,-14,3,-13,1,-14,1,-13,1,-13,1,-13,0,-12,0,-12,0,-12,-1,-11,0,-11,-1,-11,-1,-11,-2,0,0,0,0,0,0,0,0,0,0,0.0,0.0,0.0,0.0,0.0,0.0,8.06225774829855,8.94427190999916,8.54400374531753,8.54400374531753,8.54400374531753,9.486832980505138,9.486832980505138,9.219544457292887,9.486832980505138,9.219544457292887,10.198039027185569,10.04987562112089,10.04987562112089,10.04987562112089,11.0,10.0,11.0,10.04987562112089,11.045361017187261,11.045361017187261,11.180339887498949,12.165525060596439,11.180339887498949,12.36931687685298,12.36931687685298,12.649110640673518,0.0,13.601470508735444,13.341664064126334,14.560219778561036,13.601470508735444,14.560219778561036,14.560219778561036,14.317821063276353,14.317821063276353,15.132745950421556,13.341664064126334,14.317821063276353,14.142135623730951,14.317821063276353,14.317821063276353,13.038404810405298,14.035668847618199,13.038404810405298,13.038404810405298,13.0,12.0,12.0,12.041594578792296,11.0,11.045361017187261,11.045361017187261,11.180339887498949,0.0,0.0,0.0,0.0,0.0,0.0,0.0,0.0,0.0,0.0,0.0,-2.62244653934327,-2.677945044588987,-2.782821983319221,-2.782821983319221,-2.782821983319221,-2.819842099193151,-2.819842099193151,-2.922923707715851,-2.819842099193151,-2.922923707715851,-2.9441970937399127,-3.0419240010986313,-3.0419240010986313,-3.0419240010986313,3.141592653589793,3.141592653589793,3.141592653589793,3.0419240010986313,3.050932766389048,3.050932766389048,2.961739153797315,2.976443976175166,2.961739153797315,2.896613990462929,2.896613990462929,2.819842099193151,0.0,2.843093722003614,2.9147938055359073,2.8632929945846817,2.843093722003614,2.8632929945846817,2.8632929945846817,2.930499320367047,2.930499320367047,3.0090411212931194,2.9147938055359073,2.930499320367047,2.999695598985629,2.930499320367047,2.930499320367047,3.064820762320015,3.070285188804503,3.064820762320015,3.064820762320015,3.141592653589793,3.141592653589793,3.141592653589793,-3.058451421701352,3.141592653589793,-3.050932766389048,-3.050932766389048,-2.961739153797315,0.0,0.0,0.0,0.0,0.0
21.634986473996833,tx,1a:00:00:00:00:00,-54,89.94210633433283,64,0.6678989525124209,5.174745961151233,0,0,0,0,0,0,0,0,0,0,0,0,-6,-7,-4,-8,-6,-7,-9,-7,-5,-6,-7,-6,-8,-5,-7,-6,-8,-5,-8,-6,-9,-6,-9,-5,-9,-4,-9,-4,-10,-5,-10,-4,-10,-4,-10,-3,-11,-3,-11,-3,-11,-3,-11,-3,-12,-2,-12,-2,-13,-2,-13,-2,0,0,-14,-2,-14,-2,-15,-2,-14,-2,-15,-2,-15,-2,-15,-3,-15,-3,-15,-3,-15,-3,-15,-4,-14,-4,-14,-4,-14,-4,-13,-4,-13,-5,-13,-5,-13,-5,-12,-5,-12,-5,-12,-6,-11,-6,-11,-6,-10,-6,-10,-6,-9,-7,0,0,0,0,0,0,0,0,0,0,0.0,0.0,0.0,0.0,0.0,0.0,9.219544457292887,8.94427190999916,9.219544457292887,11.40175425099138,7.810249675906654,9.219544457292887,9.433981132056603,9.219544457292887,9.433981132056603,10.0,10.816653826391969,10.295630140987,9.848857801796104,9.848857801796104,11.180339887498949,10.770329614269007,10.770329614269007,10.44030650891055,11.40175425099138,11.40175425099138,11.40175425099138,11.40175425099138,12.165525060596439,12.165525060596439,13.152946437965905,13.152946437965905,0.0,14.142135623730951,14.142135623730951,15.132745950421556,14.142135623730951,15.132745950421556,15.132745950421556,15.297058540778355,15.297058540778355,15.297058540778355,15.297058540778355,15.524174696260024,14.560219778561036,14.560219778561036,14.560219778561036,13.601470508735444,13.92838827718412,13.92838827718412,13.92838827718412,13.0,13.0,13.416407864998739,12.529964086141668,12.529964086141668,11.661903789690601,11.661903789690601,11.40175425099138,0.0,0.0,0.0,0.0,0.0,0.0,0.0,0.0,0.0,0.0,0.0,-2.279422598922567,-2.0344439357957027,-2.279422598922567,-2.4805494847391065,-2.2655346029916,-2.432966381462123,-2.5829933382462307,-2.432966381462123,-2.5829933382462307,-2.498091544796509,-2.5535900500422257,-2.6344941491974563,-2.723368324010564,-2.723368324010564,-2.677945044588987,-2.761086276477428,-2.761086276477428,-2.8501358591119264,-2.875340604438868,-2.875340604438868,-2.875340604438868,-2.875340604438868,-2.976443976175166,-2.976443976175166,-2.988943325194528,-2.988943325194528,0.0,-2.999695598985629,-2.999695598985629,-3.0090411212931194,-2.999695598985629,-3.0090411212931194,-3.0090411212931194,-2.9441970937399127,-2.9441970937399127,-2.9441970937399127,-2.9441970937399127,-2.8809902618424523,-2.8632929945846817,-2.8632929945846817,-2.8632929945846817,-2.843093722003614,-2.774418819771574,-2.774418819771574,-2.774418819771574,-2.746801533890032,-2.746801533890032,-2.677945044588987,-2.642245931909663,-2.642245931909663,-2.601173153319209,-2.601173153319209,-2.4805494847391065,0.0,0.0,0.0,0.0,0.0
21.74192512499576,tx,1a:00:00:00:00:00,-54,91.07530928858084,64,0.665837138577237,5.140738895680513,0,0,0,0,0,0,0,0,0,0,0,0,7,-4,6,-4,7,-5,7,-5,7,-5,6,-5,7,-5,7,-5,6,-6,7,-6,7,-6,7,-7,7,-7,6,-7,6,-7,6,-9,5,-8,6,-9,5,-9,5,-10,5,-10,4,-11,5,-11,5,-11,5,-11,5,-11,0,0,4,-12,4,-13,4,-12,5,-14,5,-13,5,-14,5,-14,5,-14,5,-14,6,-14,6,-13,6,-13,6,-12,6,-12,6,-13,6,-12,7,-12,6,-11,6,-10,6,-10,7,-10,7,-10,7,-9,7,-8,7,-8,7,-7,0,0,0,0,0,0,0,0,0,0,0.0,0.0,0.0,0.0,0.0,0.0,8.06225774829855,7.211102550927978,8.602325267042627,8.602325267042627,8.602325267042627,7.810249675906654,8.602325267042627,8.602325267042627,8.48528137423857,9.219544457292887,9.219544457292887,9.899494936611665,9.899494936611665,9.219544457292887,9.219544457292887,10.816653826391969,9.433981132056603,10.816653826391969,10.295630140987,11.180339887498949,11.180339887498949,11.704699910719626,12.083045973594572,12.083045973594572,12.083045973594572,12.083045973594572,0.0,12.649110640673518,13.601470508735444,12.649110640673518,14.866068747318506,13.92838827718412,14.866068747318506,14.866068747318506,14.866068747318506,14.866068747318506,15.231546211727817,14.317821063276353,14.317821063276353,13.416407864998739,13.416407864998739,14.317821063276353,13.416407864998739,13.892443989449804,12.529964086141668,11.661903789690601,11.661903789690601,12.206555615733702,12.206555615733702,11.40175425099138,10.63014581273465,10.63014581273465,9.899494936611665,0.0,0.0,0.0,0.0,0.0,0.0,0.0,0.0,0.0,0.0,0.0,-0.5191461142465229,-0.5880026035475675,-0.6202494859828215,-0.6202494859828215,-0.6202494859828215,-0.6947382761967031,-0.6202494859828215,-0.6202494859828215,-0.7853981633974483,-0.7086262721276703,-0.7086262721276703,-0.7853981633974483,-0.7853981633974483,-0.8621700546672264,-0.8621700546672264,-0.982793723247329,-1.0121970114513341,-0.982793723247329,-1.0636978224025597,-1.1071487177940904,-1.1071487177940904,-1.2220253232109897,-1.1441688336680205,-1.1441688336680205,-1.1441688336680205,-1.1441688336680205,0.0,-1.2490457723982544,-1.2722973952087173,-1.2490457723982544,-1.2277723863741932,-1.2036224929766774,-1.2277723863741932,-1.2277723863741932,-1.2277723863741932,-1.2277723863741932,-1.1659045405098132,-1.1383885512243588,-1.1383885512243588,-1.1071487177940904,-1.1071487177940904,-1.1383885512243588,-1.1071487177940904,-1.042721878368537,-1.0714496051147666,-1.0303768265243125,-1.0303768265243125,-0.960070362405688,-0.960070362405688,-0.9097531579442097,-0.8519663271732721,-0.8519663271732721,-0.7853981633974483,0.0,0.0,0.0,0.0,0.0
21.8422777329979,tx,1a:00:00:00:00:00,-54,91.07530928858084,64,0.6637074378915171,5.108600881981752,0,0,0,0,0,0,0,0,0,0,0,0,8,-3,8,-3,8,-3,9,-4,8,-4,9,-4,8,-4,8,-5,8,-4,8,-5,8,-6,8,-6,8,-7,8,-7,8,-7,8,-7,8,-8,7,-8,7,-9,7,-9,7,-10,7,-10,6,-10,7,-11,7,-11,7,-12,0,0,7,-13,7,-12,8,-13,7,-12,8,-13,8,-13,9,-13,9,-13,9,-13,9,-12,9,-12,9,-12,10,-12,10,-12,9,-10,10,-11,9,-10,10,-10,10,-9,10,-8,10,-9,10,-8,9,-8,10,-7,10,-6,10,-6,0,0,0,0,0,0,0,0,0,0,0.0,0.0,0.0,0.0,0.0,0.0,8.54400374531753,8.54400374531753,8.54400374531753,9.848857801796104,8.94427190999916,9.848857801796104,8.94427190999916,9.433981132056603,8.94427190999916,9.433981132056603,10.0,10.0,10.63014581273465,10.63014581273465,10.63014581273465,10.63014581273465,11.313708498984761,10.63014581273465,11.40175425099138,11.40175425099138,12.206555615733702,12.206555615733702,11.661903789690601,13.038404810405298,13.038404810405298,13.892443989449804,0.0,14.7648230602334,13.892443989449804,15.264337522473747,13.892443989449804,15.264337522473747,15.264337522473747,15.811388300841896,15.811388300841896,15.811388300841896,15.0,15.0,15.0,15.620499351813308,15.620499351813308,13.45362404707371,14.866068747318506,13.45362404707371,14.142135623730951,13.45362404707371,12.806248474865697,13.45362404707371,12.806248474865697,12.041594578792296,12.206555615733702,11.661903789690601,11.661903789690601,0.0,0.0,0.0,0.0,0.0,0.0,0.0,0.0,0.0,0.0,0.0,-0.35877067027057225,-0.35877067027057225,-0.35877067027057225,-0.4182243295792291,-0.4636476090008061,-0.4182243295792291,-0.4636476090008061,-0.5585993153435624,-0.4636476090008061,-0.5585993153435624,-0.6435011087932844,-0.6435011087932844,-0.7188299996216245,-0.7188299996216245,-0.7188299996216245,-0.7188299996216245,-0.7853981633974483,-0.8519663271732721,-0.9097531579442097,-0.9097531579442097,-0.960070362405688,-0.960070362405688,-1.0303768265243125,-1.0040671092713902,-1.0040671092713902,-1.042721878368537,0.0,-1.0768549578753155,-1.042721878368537,-1.0191413442663497,-1.042721878368537,-1.0191413442663497,-1.0191413442663497,-0.9652516631899266,-0.9652516631899266,-0.9652516631899266,-0.9272952180016122,-0.9272952180016122,-0.9272952180016122,-0.8760580505981934,-0.8760580505981934,-0.83798122500839,-0.8329812666744317,-0.83798122500839,-0.7853981633974483,-0.7328151017865066,-0.6747409422235526,-0.7328151017865066,-0.6747409422235526,-0.7266423406817256,-0.6107259643892086,-0.5404195002705842,-0.5404195002705842,0.0,0.0,0.0,0.0,0.0
21.951039565996325,tx,1a:00:00:00:00:00,-55,91.07530928858084,64,0.6624592979203937,5.085154961884834,0,0,0,0,0,0,0,0,0,0,0,0,8,0,8,0,8,-1,8,0,9,-1,8,-1,9,-2,9,-2,9,-2,9,-2,9,-2,9,-2,9,-3,9,-3,9,-4,9,-4,9,-5,9,-5,9,-6,9,-6,9,-6,9,-7,10,-7,9,-7,10,-8,10,-8,0,0,10,-9,10,-9,10,-10,11,-10,11,-9,11,-10,11,-10,12,-9,11,-9,12,-8,12,-8,12,-7,12,-7,11,-7,11,-7,11,-7,11,-6,11,-6,11,-6,10,-5,11,-5,11,-5,11,-4,10,-3,10,-3,10,-2,0,0,0,0,0,0,0,0,0,0,0.0,0.0,0.0,0.0,0.0,0.0,8.0,8.0,8.06225774829855,8.0,9.055385138137417,8.06225774829855,9.219544457292887,9.219544457292887,9.219544457292887,9.219544457292887,9.219544457292887,9.219544457292887,9.486832980505138,9.486832980505138,9.848857801796104,9.848857801796104,10.295630140987,10.295630140987,10.816653826391969,10.816653826391969,10.816653826391969,11.40175425099138,12.206555615733702,11.40175425099138,12.806248474865697,12.806248474865697,0.0,13.45362404707371,13.45362404707371,14.142135623730951,14.866068747318506,14.212670403551895,14.866068747318506,14.866068747318506,15.0,14.212670403551895,14.422205101855956,14.422205101855956,13.892443989449804,13.892443989449804,13.038404810405298,13.038404810405298,13.038404810405298,12.529964086141668,12.529964086141668,12.529964086141668,11.180339887498949,12.083045973594572,12.083045973594572,11.704699910719626,10.44030650891055,10.44030650891055,10.198039027185569,0.0,0.0,0.0,0.0,0.0,0.0,0.0,0.0,0.0,0.0,0.0,0.0,0.0,-0.12435499454676144,0.0,-0.11065722117389565,-0.12435499454676144,-0.21866894587394195,-0.21866894587394195,-0.21866894587394195,-0.21866894587394195,-0.21866894587394195,-0.21866894587394195,-0.3217505543966422,-0.3217505543966422,-0.4182243295792291,-0.4182243295792291,-0.507098504392337,-0.507098504392337,-0.5880026035475675,-0.5880026035475675,-0.5880026035475675,-0.6610431688506869,-0.6107259643892086,-0.6610431688506869,-0.6747409422235526,-0.6747409422235526,0.0,-0.7328151017865066,-0.7328151017865066,-0.7853981633974483,-0.7378150601204649,-0.6857295109062863,-0.7378150601204649,-0.7378150601204649,-0.6435011087932844,-0.6857295109062863,-0.5880026035475675,-0.5880026035475675,-0.5280744484263596,-0.5280744484263596,-0.5667292175235064,-0.5667292175235064,-0.5667292175235064,-0.4993467216801301,-0.4993467216801301,-0.4993467216801301,-0.4636476090008061,-0.4266274931268761,-0.4266274931268761,-0.348771003583907,-0.2914567944778671,-0.2914567944778671,-0.19739555984988075,0.0,0.0,0.0,0.0,0.0
22.065430208996986,tx,1a:00:00:00:00:00,-54,91.07530928858084,64,0.6612226434167121,5.072433174289229,0,0,0,0,0,0,0,0,0,0,0,0,8,1,8,1,8,1,9,0,8,0,9,0,9,0,9,-1,9,-1,9,-2,9,-2,9,-2,9,-3,9,-3,10,-4,9,-3,10,-4,9,-4,9,-5,10,-5,9,-6,9,-6,9,-6,10,-8,10,-8,10,-8,0,0,10,-9,10,-8,11,-9,10,-9,11,-9,12,-9,12,-9,12,-9,12,-8,11,-8,12,-8,12,-8,12,-8,12,-8,11,-7,12,-7,11,-6,11,-6,11,-6,11,-5,11,-5,11,-4,10,-4,10,-4,10,-3,10,-3,0,0,0,0,0,0,0,0,0,0,0.0,0.0,0.0,0.0,0.0,0.0,8.06225774829855,8.06225774829855,8.06225774829855,9.0,8.0,9.0,9.0,9.055385138137417,9.055385138137417,9.219544457292887,9.219544457292887,9.219544457292887,9.486832980505138,9.486832980505138,10.770329614269007,9.486832980505138,10.770329614269007,9.848857801796104,10.295630140987,11.180339887498949,10.816653826391969,10.816653826391969,10.816653826391969,12.806248474865697,12.806248474865697,12.806248474865697,0.0,13.45362404707371,12.806248474865697,14.212670403551895,13.45362404707371,14.212670403551895,15.0,15.0,15.0,14.422205101855956,13.601470508735444,14.422205101855956,14.422205101855956,14.422205101855956,14.422205101855956,13.038404810405298,13.892443989449804,12.529964086141668,12.529964086141668,12.529964086141668,12.083045973594572,12.083045973594572,11.704699910719626,10.770329614269007,10.770329614269007,10.44030650891055,10.44030650891055,0.0,0.0,0.0,0.0,0.0,0.0,0.0,0.0,0.0,0.0,0.0,0.12435499454676144,0.12435499454676144,0.12435499454676144,0.0,0.0,0.0,0.0,-0.11065722117389565,-0.11065722117389565,-0.21866894587394195,-0.21866894587394195,-0.21866894587394195,-0.3217505543966422,-0.3217505543966422,-0.3805063771123649,-0.3217505543966422,-0.3805063771123649,-0.4182243295792291,-0.507098504392337,-0.4636476090008061,-0.5880026035475675,-0.5880026035475675,-0.5880026035475675,-0.6747409422235526,-0.6747409422235526,-0.6747409422235526,0.0,-0.7328151017865066,-0.6747409422235526,-0.6857295109062863,-0.7328151017865066,-0.6857295109062863,-0.6435011087932844,-0.6435011087932844,-0.6435011087932844,-0.5880026035475675,-0.628796286415433,-0.5880026035475675,-0.5880026035475675,-0.5880026035475675,-0.5880026035475675,-0.5667292175235064,-0.5280744484263596,-0.4993467216801301,-0.4993467216801301,-0.4993467216801301,-0.4266274931268761,-0.4266274931268761,-0.348771003583907,-0.3805063771123649,-0.3805063771123649,-0.2914567944778671,-0.2914567944778671,0.0,0.0,0.0,0.0,0.0
22.174753655999666,tx,1a:00:00:00:00:00,-54,91.07530928858084,64,0.6614301192096,5.068793918020412,0,0,0,0,0,0,0,0,0,0,0,0,-2,8,-2,8,-1,8,-1,8,-1,8,-1,8,-1,9,0,9,0,9,0,9,1,9,1,9,1,9,1,9,2,9,3,9,3,9,3,9,4,9,4,9,4,9,5,9,5,9,6,9,6,10,6,10,0,0,7,10,7,10,8,10,8,11,7,11,7,11,7,12,6,12,7,12,7,12,7,12,6,12,6,12,5,12,6,11,5,11,4,12,4,11,4,11,3,11,3,11,3,11,2,11,2,10,1,10,1,10,0,0,0,0,0,0,0,0,0,0,0.0,0.0,0.0,0.0,0.0,0.0,8.246211251235321,8.246211251235321,8.06225774829855,8.06225774829855,8.06225774829855,8.06225774829855,9.055385138137417,9.0,9.0,9.0,9.055385138137417,9.055385138137417,9.055385138137417,9.055385138137417,9.219544457292887,9.486832980505138,9.486832980505138,9.486832980505138,9.848857801796104,9.848857801796104,9.848857801796104,10.295630140987,10.295630140987,10.816653826391969,11.661903789690601,11.661903789690601,0.0,12.206555615733702,12.206555615733702,12.806248474865697,13.601470508735444,13.038404810405298,13.038404810405298,13.892443989449804,13.416407864998739,13.892443989449804,13.892443989449804,13.892443989449804,13.416407864998739,13.416407864998739,13.0,12.529964086141668,12.083045973594572,12.649110640673518,11.704699910719626,11.704699910719626,11.40175425099138,11.40175425099138,11.40175425099138,11.180339887498949,10.198039027185569,10.04987562112089,10.04987562112089,0.0,0.0,0.0,0.0,0.0,0.0,0.0,0.0,0.0,0.0,0.0,1.8157749899217608,1.8157749899217608,1.695151321341658,1.695151321341658,1.695151321341658,1.695151321341658,1.6814535479687922,1.5707963267948966,1.5707963267948966,1.5707963267948966,1.460139105621001,1.460139105621001,1.460139105621001,1.460139105621001,1.3521273809209546,1.2490457723982544,1.2490457723982544,1.2490457723982544,1.1525719972156676,1.1525719972156676,1.1525719972156676,1.0636978224025597,1.0636978224025597,0.982793723247329,1.0303768265243125,1.0303768265243125,0.0,0.960070362405688,0.960070362405688,0.8960553845713439,0.9420000403794636,1.0040671092713902,1.0040671092713902,1.042721878368537,1.1071487177940904,1.042721878368537,1.042721878368537,1.042721878368537,1.1071487177940904,1.1071487177940904,1.176005207095135,1.0714496051147666,1.1441688336680205,1.2490457723982544,1.2220253232109897,1.2220253232109897,1.3045442776439713,1.3045442776439713,1.3045442776439713,1.3909428270024184,1.373400766945016,1.4711276743037347,1.4711276743037347,0.0,0.0,0.0,0.0,0.0
22.281593697000062,tx,1a:00:00:00:00:00,-54,91.07530928858084,64,0.6615269473325995,5.073141907884086,0,0,0,0,0,0,0,0,0,0,0,0,5,-8,4,-8,2,-9,4,-10,3,-8,5,-11,3,-10,3,-9,5,-9,3,-9,2,-10,2,-10,2,-10,1,-11,1,-11,1,-10,1,-11,0,-11,-1,-11,-1,-12,-1,-12,-1,-12,-2,-12,-2,-13,-2,-13,-2,-13,0,0,-3,-14,-2,-14,-3,-15,-3,-14,-2,-15,-3,-15,-2,-15,-2,-15,-2,-15,-2,-15,-2,-15,-1,-15,-1,-15,-1,-15,0,-14,0,-14,0,-13,1,-13,0,-13,1,-12,1,-13,2,-12,2,-12,2,-12,3,-11,3,-11,0,0,0,0,0,0,0,0,0,0,0.0,0.0,0.0,0.0,0.0,0.0,9.433981132056603,8.94427190999916,9.219544457292887,10.770329614269007,8.54400374531753,12.083045973594572,10.44030650891055,9.486832980505138,10.295630140987,9.486832980505138,10.198039027185569,10.198039027185569,10.198039027185569,11.045361017187261,11.045361017187261,10.04987562112089,11.045361017187261,11.0,11.045361017187261,12.041594578792296,12.041594578792296,12.041594578792296,12.165525060596439,13.152946437965905,13.152946437965905,13.152946437965905,0.0,14.317821063276353,14.142135623730951,15.297058540778355,14.317821063276353,15.132745950421556,15.297058540778355,15.132745950421556,15.132745950421556,15.132745950421556,15.132745950421556,15.132745950421556,15.033296378372908,15.033296378372908,15.033296378372908,14.0,14.0,13.0,13.038404810405298,13.0,12.041594578792296,13.038404810405298,12.165525060596439,12.165525060596439,12.165525060596439,11.40175425099138,11.40175425099138,0.0,0.0,0.0,0.0,0.0,0.0,0.0,0.0,0.0,0.0,0.0,-1.0121970114513341,-1.1071487177940904,-1.3521273809209546,-1.1902899496825317,-1.2120256565243244,-1.1441688336680205,-1.2793395323170296,-1.2490457723982544,-1.0636978224025597,-1.2490457723982544,-1.373400766945016,-1.373400766945016,-1.373400766945016,-1.4801364395941514,-1.4801364395941514,-1.4711276743037347,-1.4801364395941514,-1.5707963267948966,-1.6614562139956417,-1.6539375586833378,-1.6539375586833378,-1.6539375586833378,-1.7359450042095235,-1.7234456551901618,-1.7234456551901618,-1.7234456551901618,0.0,-1.7818896600176433,-1.7126933813990606,-1.7681918866447774,-1.7818896600176433,-1.7033478590915707,-1.7681918866447774,-1.7033478590915707,-1.7033478590915707,-1.7033478590915707,-1.7033478590915707,-1.7033478590915707,-1.6373644905707205,-1.6373644905707205,-1.6373644905707205,-1.5707963267948966,-1.5707963267948966,-1.5707963267948966,-1.4940244355251187,-1.5707963267948966,-1.4876550949064553,-1.4940244355251187,-1.4056476493802699,-1.4056476493802699,-1.4056476493802699,-1.3045442776439713,-1.3045442776439713,0.0,0.0,0.0,0.0,0.0
22.390530088996456,tx,1a:00:00:00:00:00,-54,91.07530928858084,64,0.662196739891395,5.106648612938924,0,0,0,0,0,0,0,0,0,0,0,0,5,6,6,6,6,5,6,6,6,5,7,6,7,5,7,5,7,5,7,5,8,5,8,4,8,4,8,4,9,3,9,3,10,3,10,3,10,2,10,2,10,2,11,2,11,1,12,1,12,1,12,1,0,0,13,0,13,0,14,0,13,0,14,1,14,1,14,1,14,1,14,1,14,1,14,2,13,3,13,2,13,3,13,3,13,3,12,3,12,3,12,3,11,3,11,4,10,4,10,4,10,5,9,5,9,5,0,0,0,0,0,0,0,0,0,0,0.0,0.0,0.0,0.0,0.0,0.0,7.810249675906654,8.48528137423857,7.810249675906654,8.48528137423857,7.810249675906654,9.219544457292887,8.602325267042627,8.602325267042627,8.602325267042627,8.602325267042627,9.433981132056603,8.94427190999916,8.94427190999916,8.94427190999916,9.486832980505138,9.486832980505138,10.44030650891055,10.44030650891055,10.198039027185569,10.198039027185569,10.198039027185569,11.180339887498949,11.045361017187261,12.041594578792296,12.041594578792296,12.041594578792296,0.0,13.0,13.0,14.0,13.0,14.035668847618199,14.035668847618199,14.035668847618199,14.035668847618199,14.035668847618199,14.035668847618199,14.142135623730951,13.341664064126334,13.152946437965905,13.341664064126334,13.341664064126334,13.341664064126334,12.36931687685298,12.36931687685298,12.36931687685298,11.40175425099138,11.704699910719626,10.770329614269007,10.770329614269007,11.180339887498949,10.295630140987,10.295630140987,0.0,0.0,0.0,0.0,0.0,0.0,0.0,0.0,0.0,0.0,0.0,0.8760580505981934,0.7853981633974483,0.6947382761967031,0.7853981633974483,0.6947382761967031,0.7086262721276703,0.6202494859828215,0.6202494859828215,0.6202494859828215,0.6202494859828215,0.5585993153435624,0.4636476090008061,0.4636476090008061,0.4636476090008061,0.3217505543966422,0.3217505543966422,0.2914567944778671,0.2914567944778671,0.19739555984988075,0.19739555984988075,0.19739555984988075,0.17985349979247828,0.09065988720074511,0.08314123188844123,0.08314123188844123,0.08314123188844123,0.0,0.0,0.0,0.0,0.0,0.07130746478529032,0.07130746478529032,0.07130746478529032,0.07130746478529032,0.07130746478529032,0.07130746478529032,0.14189705460416394,0.22679884805388587,0.15264932839526515,0.22679884805388587,0.22679884805388587,0.22679884805388587,0.24497866312686414,0.24497866312686414,0.24497866312686414,0.2662520491509254,0.348771003583907,0.3805063771123649,0.3805063771123649,0.4636476090008061,0.507098504392337,0.507098504392337,0.0,0.0,0.0,0.0,0.0
22.4908953799968,tx,1a:00:00:00:00:00,-54,91.07530928858084,64,0.6627248536203877,5.160847065545679,0,0,0,0,0,0,0,0,0,0,0,0,6,-6,6,-6,7,-7,7,-7,7,-7,6,-7,6,-7,6,-7,6,-8,6,-8,6,-8,5,-9,5,-9,5,-10,5,-10,4,-10,4,-10,4,-11,3,-11,3,-11,3,-11,3,-12,2,-12,2,-13,2,-13,2,-13,0,0,2,-14,2,-14,1,-15,2,-15,2,-15,2,-15,2,-15,2,-15,2,-15,3,-15,3,-15,3,-15,4,-15,3,-14,4,-14,4,-13,4,-14,4,-12,4,-13,4,-12,5,-12,5,-12,5,-11,6,-11,6,-10,6,-9,0,0,0,0,0,0,0,0,0,0,0.0,0.0,0.0,0.0,0.0,0.0,8.48528137423857,8.48528137423857,9.899494936611665,9.899494936611665,9.899494936611665,9.219544457292887,9.219544457292887,9.219544457292887,10.0,10.0,10.0,10.295630140987,10.295630140987,11.180339887498949,11.180339887498949,10.770329614269007,10.770329614269007,11.704699910719626,11.40175425099138,11.40175425099138,11.40175425099138,12.36931687685298,12.165525060596439,13.152946437965905,13.152946437965905,13.152946437965905,0.0,14.142135623730951,14.142135623730951,15.033296378372908,15.132745950421556,15.132745950421556,15.132745950421556,15.132745950421556,15.132745950421556,15.132745950421556,15.297058540778355,15.297058540778355,15.297058540778355,15.524174696260024,14.317821063276353,14.560219778561036,13.601470508735444,14.560219778561036,12.649110640673518,13.601470508735444,12.649110640673518,13.0,13.0,12.083045973594572,12.529964086141668,11.661903789690601,10.816653826391969,0.0,0.0,0.0,0.0,0.0,0.0,0.0,0.0,0.0,0.0,0.0,-0.7853981633974483,-0.7853981633974483,-0.7853981633974483,-0.7853981633974483,-0.7853981633974483,-0.8621700546672264,-0.8621700546672264,-0.8621700546672264,-0.9272952180016122,-0.9272952180016122,-0.9272952180016122,-1.0636978224025597,-1.0636978224025597,-1.1071487177940904,-1.1071487177940904,-1.1902899496825317,-1.1902899496825317,-1.2220253232109897,-1.3045442776439713,-1.3045442776439713,-1.3045442776439713,-1.3258176636680326,-1.4056476493802699,-1.4181469983996315,-1.4181469983996315,-1.4181469983996315,0.0,-1.4288992721907328,-1.4288992721907328,-1.5042281630190728,-1.4382447944982226,-1.4382447944982226,-1.4382447944982226,-1.4382447944982226,-1.4382447944982226,-1.4382447944982226,-1.373400766945016,-1.373400766945016,-1.373400766945016,-1.3101939350475555,-1.35970299357215,-1.2924966677897853,-1.2722973952087173,-1.2924966677897853,-1.2490457723982544,-1.2722973952087173,-1.2490457723982544,-1.176005207095135,-1.176005207095135,-1.1441688336680205,-1.0714496051147666,-1.0303768265243125,-0.982793723247329,0.0,0.0,0.0,0.0,0.0
22.592340108996723,tx,1a:00:00:00:00:00,-54,91.07530928858084,64,0.6625199504155121,5.229361405684538,0,0,0,0,0,0,0,0,0,0,0,0,7,4,7,4,8,4,8,4,8,4,8,4,8,4,8,3,8,4,9,3,9,3,9,2,9,2,10,1,10,1,10,1,10,1,10,0,11,0,11,0,11,-1,11,-1,12,-1,12,-2,12,-2,12,-2,0,0,13,-3,13,-2,14,-3,14,-3,14,-2,15,-2,15,-2,14,-2,15,-2,15,-1,14,-1,14,-1,14,-1,14,-1,14,0,13,0,13,0,13,0,13,1,12,1,12,1,12,2,11,2,11,2,10,2,10,3,0,0,0,0,0,0,0,0,0,0,0.0,0.0,0.0,0.0,0.0,0.0,8.06225774829855,8.06225774829855,8.94427190999916,8.94427190999916,8.94427190999916,8.94427190999916,8.94427190999916,8.54400374531753,8.94427190999916,9.486832980505138,9.486832980505138,9.219544457292887,9.219544457292887,10.04987562112089,10.04987562112089,10.04987562112089,10.04987562112089,10.0,11.0,11.0,11.045361017187261,11.045361017187261,12.041594578792296,12.165525060596439,12.165525060596439,12.165525060596439,0.0,13.341664064126334,13.152946437965905,14.317821063276353,14.317821063276353,14.142135623730951,15.132745950421556,15.132745950421556,14.142135623730951,15.132745950421556,15.033296378372908,14.035668847618199,14.035668847618199,14.035668847618199,14.035668847618199,14.0,13.0,13.0,13.0,13.038404810405298,12.041594578792296,12.041594578792296,12.165525060596439,11.180339887498949,11.180339887498949,10.198039027185569,10.44030650891055,0.0,0.0,0.0,0.0,0.0,0.0,0.0,0.0,0.0,0.0,0.0,0.5191461142465229,0.5191461142465229,0.4636476090008061,0.4636476090008061,0.4636476090008061,0.4636476090008061,0.4636476090008061,0.35877067027057225,0.4636476090008061,0.3217505543966422,0.3217505543966422,0.21866894587394195,0.21866894587394195,0.09966865249116202,0.09966865249116202,0.09966865249116202,0.09966865249116202,0.0,0.0,0.0,-0.09065988720074511,-0.09065988720074511,-0.08314123188844123,-0.16514867741462683,-0.16514867741462683,-0.16514867741462683,0.0,-0.22679884805388587,-0.15264932839526515,-0.21109333322274654,-0.21109333322274654,-0.14189705460416394,-0.13255153229667402,-0.13255153229667402,-0.14189705460416394,-0.13255153229667402,-0.06656816377582381,-0.07130746478529032,-0.07130746478529032,-0.07130746478529032,-0.07130746478529032,0.0,0.0,0.0,0.0,0.07677189126977804,0.08314123188844123,0.08314123188844123,0.16514867741462683,0.17985349979247828,0.17985349979247828,0.19739555984988075,0.2914567944778671,0.0,0.0,0.0,0.0,0.0
22.692676175000088,tx,1a:00:00:00:00:00,-54,91.07530928858084,64,0.6618965636909744,5.307600578814437,0,0,0,0,0,0,0,0,0,0,0,0,-5,-6,-7,-6,-6,-5,-7,-7,-8,-6,-9,-5,-9,-6,-8,-4,-10,-5,-8,-5,-8,-5,-9,-5,-9,-4,-10,-4,-10,-4,-10,-4,-10,-4,-10,-3,-11,-2,-11,-2,-11,-2,-11,-2,-12,-1,-12,-1,-13,-1,-13,-1,0,0,-14,-1,-13,-1,-15,-1,-14,0,-14,-1,-15,-1,-15,-2,-15,-1,-15,-2,-14,-1,-14,-2,-14,-2,-14,-3,-14,-3,-13,-4,-14,-4,-13,-3,-13,-3,-13,-4,-12,-4,-12,-4,-11,-5,-11,-4,-10,-5,-10,-5,-10,-6,0,0,0,0,0,0,0,0,0,0,0.0,0.0,0.0,0.0,0.0,0.0,7.810249675906654,9.219544457292887,7.810249675906654,9.899494936611665,10.0,10.295630140987,10.816653826391969,8.94427190999916,11.180339887498949,9.433981132056603,9.433981132056603,10.295630140987,9.848857801796104,10.770329614269007,10.770329614269007,10.770329614269007,10.770329614269007,10.44030650891055,11.180339887498949,11.180339887498949,11.180339887498949,11.180339887498949,12.041594578792296,12.041594578792296,13.038404810405298,13.038404810405298,0.0,14.035668847618199,13.038404810405298,15.033296378372908,14.0,14.035668847618199,15.033296378372908,15.132745950421556,15.033296378372908,15.132745950421556,14.035668847618199,14.142135623730951,14.142135623730951,14.317821063276353,14.317821063276353,13.601470508735444,14.560219778561036,13.341664064126334,13.341664064126334,13.601470508735444,12.649110640673518,12.649110640673518,12.083045973594572,11.704699910719626,11.180339887498949,11.180339887498949,11.661903789690601,0.0,0.0,0.0,0.0,0.0,0.0,0.0,0.0,0.0,0.0,0.0,-2.2655346029916,-2.432966381462123,-2.44685437739309,-2.356194490192345,-2.498091544796509,-2.6344941491974563,-2.5535900500422257,-2.677945044588987,-2.677945044588987,-2.5829933382462307,-2.5829933382462307,-2.6344941491974563,-2.723368324010564,-2.761086276477428,-2.761086276477428,-2.761086276477428,-2.761086276477428,-2.8501358591119264,-2.961739153797315,-2.961739153797315,-2.961739153797315,-2.961739153797315,-3.058451421701352,-3.058451421701352,-3.064820762320015,-3.064820762320015,0.0,-3.070285188804503,-3.064820762320015,-3.0750244898139694,3.141592653589793,-3.070285188804503,-3.0750244898139694,-3.0090411212931194,-3.0750244898139694,-3.0090411212931194,-3.070285188804503,-2.999695598985629,-2.999695598985629,-2.930499320367047,-2.930499320367047,-2.843093722003614,-2.8632929945846817,-2.9147938055359073,-2.9147938055359073,-2.843093722003614,-2.819842099193151,-2.819842099193151,-2.714965160462917,-2.7928216500058864,-2.677945044588987,-2.677945044588987,-2.601173153319209,0.0,0.0,0.0,0.0,0.0
22.792626669994206,tx,1a:00:00:00:00:00,-54,89.95256621274861,64,0.6609499653035917,5.392207143283894,0,0,0,0,0,0,0,0,0,0,0,0,-7,-4,-7,-6,-8,-5,-8,-7,-8,-6,-8,-5,-7,-5,-8,-5,-8,-6,-8,-5,-10,-5,-10,-5,-10,-4,-11,-4,-11,-3,-10,-3,-11,-3,-10,-2,-11,-2,-11,-2,-11,-1,-12,-1,-12,-1,-13,0,-13,0,-13,0,0,0,-14,1,-14,0,-15,0,-14,1,-14,0,-15,0,-15,0,-15,0,-16,-1,-15,0,-15,-1,-15,-1,-15,-1,-15,-1,-14,-2,-14,-2,-13,-2,-13,-2,-13,-3,-12,-3,-13,-3,-12,-4,-11,-3,-11,-4,-11,-4,-10,-5,0,0,0,0,0,0,0,0,0,0,0.0,0.0,0.0,0.0,0.0,0.0,8.06225774829855,9.219544457292887,9.433981132056603,10.63014581273465,10.0,9.433981132056603,8.602325267042627,9.433981132056603,10.0,9.433981132056603,11.180339887498949,11.180339887498949,10.770329614269007,11.704699910719626,11.40175425099138,10.44030650891055,11.40175425099138,10.198039027185569,11.180339887498949,11.180339887498949,11.045361017187261,12.041594578792296,12.041594578792296,13.0,13.0,13.0,0.0,14.035668847618199,14.0,15.0,14.035668847618199,14.0,15.0,15.0,15.0,16.0312195418814,15.0,15.033296378372908,15.033296378372908,15.033296378372908,15.033296378372908,14.142135623730951,14.142135623730951,13.152946437965905,13.152946437965905,13.341664064126334,12.36931687685298,13.341664064126334,12.649110640673518,11.40175425099138,11.704699910719626,11.704699910719626,11.180339887498949,0.0,0.0,0.0,0.0,0.0,0.0,0.0,0.0,0.0,0.0,0.0,-2.62244653934327,-2.432966381462123,-2.5829933382462307,-2.4227626539681686,-2.498091544796509,-2.5829933382462307,-2.5213431676069717,-2.5829933382462307,-2.498091544796509,-2.5829933382462307,-2.677945044588987,-2.677945044588987,-2.761086276477428,-2.7928216500058864,-2.875340604438868,-2.8501358591119264,-2.875340604438868,-2.9441970937399127,-2.961739153797315,-2.961739153797315,-3.050932766389048,-3.058451421701352,-3.058451421701352,3.141592653589793,3.141592653589793,3.141592653589793,0.0,3.070285188804503,3.141592653589793,3.141592653589793,3.070285188804503,3.141592653589793,3.141592653589793,3.141592653589793,3.141592653589793,-3.079173843593836,3.141592653589793,-3.0750244898139694,-3.0750244898139694,-3.0750244898139694,-3.0750244898139694,-2.999695598985629,-2.999695598985629,-2.988943325194528,-2.988943325194528,-2.9147938055359073,-2.896613990462929,-2.9147938055359073,-2.819842099193151,-2.875340604438868,-2.7928216500058864,-2.7928216500058864,-2.677945044588987,0.0,0.0,0.0,0.0,0.0
22.897630004998064,tx,1a:00:00:00:00:00,-54,89.95256621274861,64,0.6601491232611897,5.480694252422687,0,0,0,0,0,0,0,0,0,0,0,0,7,4,7,4,7,3,8,4,8,3,8,3,8,3,8,3,8,3,8,2,9,2,9,2,10,1,10,1,10,1,10,0,10,0,10,0,11,-1,11,-1,11,-1,11,-1,11,-2,12,-3,12,-3,12,-3,0,0,13,-4,13,-3,14,-4,13,-4,14,-3,15,-4,15,-3,14,-3,15,-2,14,-3,14,-3,14,-2,14,-2,14,-2,13,-1,14,0,13,-1,13,0,13,0,12,1,12,1,11,2,11,1,11,2,11,2,10,2,0,0,0,0,0,0,0,0,0,0,0.0,0.0,0.0,0.0,0.0,0.0,8.06225774829855,8.06225774829855,7.615773105863909,8.94427190999916,8.54400374531753,8.54400374531753,8.54400374531753,8.54400374531753,8.54400374531753,8.246211251235321,9.219544457292887,9.219544457292887,10.04987562112089,10.04987562112089,10.04987562112089,10.0,10.0,10.0,11.045361017187261,11.045361017187261,11.045361017187261,11.045361017187261,11.180339887498949,12.36931687685298,12.36931687685298,12.36931687685298,0.0,13.601470508735444,13.341664064126334,14.560219778561036,13.601470508735444,14.317821063276353,15.524174696260024,15.297058540778355,14.317821063276353,15.132745950421556,14.317821063276353,14.317821063276353,14.142135623730951,14.142135623730951,14.142135623730951,13.038404810405298,14.0,13.038404810405298,13.0,13.0,12.041594578792296,12.041594578792296,11.180339887498949,11.045361017187261,11.180339887498949,11.180339887498949,10.198039027185569,0.0,0.0,0.0,0.0,0.0,0.0,0.0,0.0,0.0,0.0,0.0,0.5191461142465229,0.5191461142465229,0.40489178628508343,0.4636476090008061,0.35877067027057225,0.35877067027057225,0.35877067027057225,0.35877067027057225,0.35877067027057225,0.24497866312686414,0.21866894587394195,0.21866894587394195,0.09966865249116202,0.09966865249116202,0.09966865249116202,0.0,0.0,0.0,-0.09065988720074511,-0.09065988720074511,-0.09065988720074511,-0.09065988720074511,-0.17985349979247828,-0.24497866312686414,-0.24497866312686414,-0.24497866312686414,0.0,-0.2984989315861793,-0.22679884805388587,-0.27829965900511133,-0.2984989315861793,-0.21109333322274654,-0.260602391747341,-0.19739555984988075,-0.21109333322274654,-0.13255153229667402,-0.21109333322274654,-0.21109333322274654,-0.14189705460416394,-0.14189705460416394,-0.14189705460416394,-0.07677189126977804,0.0,-0.07677189126977804,0.0,0.0,0.08314123188844123,0.08314123188844123,0.17985349979247828,0.09065988720074511,0.17985349979247828,0.17985349979247828,0.19739555984988075,0.0,0.0,0.0,0.0,0.0
23.010754831993836,tx,1a:00:00:00:00:00,-55,89.95256621274861,64,0.6609004559048726,5.571195216447976,0,0,0,0,0,0,0,0,0,0,0,0,4,7,4,7,5,7,5,7,5,7,5,7,6,6,5,6,6,6,6,6,6,6,7,6,7,6,7,5,7,5,8,5,8,4,9,5,9,4,9,4,9,4,10,3,10,4,11,3,11,3,11,3,0,0,12,3,12,3,12,3,13,3,13,3,13,4,13,3,13,4,13,4,13,4,13,5,12,5,12,5,11,5,12,5,12,5,11,6,11,6,10,6,10,5,10,6,9,6,9,7,8,7,8,7,7,7,0,0,0,0,0,0,0,0,0,0,0.0,0.0,0.0,0.0,0.0,0.0,8.06225774829855,8.06225774829855,8.602325267042627,8.602325267042627,8.602325267042627,8.602325267042627,8.48528137423857,7.810249675906654,8.48528137423857,8.48528137423857,8.48528137423857,9.219544457292887,9.219544457292887,8.602325267042627,8.602325267042627,9.433981132056603,8.94427190999916,10.295630140987,9.848857801796104,9.848857801796104,9.848857801796104,10.44030650891055,10.770329614269007,11.40175425099138,11.40175425099138,11.40175425099138,0.0,12.36931687685298,12.36931687685298,12.36931687685298,13.341664064126334,13.341664064126334,13.601470508735444,13.341664064126334,13.601470508735444,13.601470508735444,13.601470508735444,13.92838827718412,13.0,13.0,12.083045973594572,13.0,13.0,12.529964086141668,12.529964086141668,11.661903789690601,11.180339887498949,11.661903789690601,10.816653826391969,11.40175425099138,10.63014581273465,10.63014581273465,9.899494936611665,0.0,0.0,0.0,0.0,0.0,0.0,0.0,0.0,0.0,0.0,0.0,1.0516502125483738,1.0516502125483738,0.9505468408120752,0.9505468408120752,0.9505468408120752,0.9505468408120752,0.7853981633974483,0.8760580505981934,0.7853981633974483,0.7853981633974483,0.7853981633974483,0.7086262721276703,0.7086262721276703,0.6202494859828215,0.6202494859828215,0.5585993153435624,0.4636476090008061,0.507098504392337,0.4182243295792291,0.4182243295792291,0.4182243295792291,0.2914567944778671,0.3805063771123649,0.2662520491509254,0.2662520491509254,0.2662520491509254,0.0,0.24497866312686414,0.24497866312686414,0.24497866312686414,0.22679884805388587,0.22679884805388587,0.2984989315861793,0.22679884805388587,0.2984989315861793,0.2984989315861793,0.2984989315861793,0.3671738338182192,0.3947911196997615,0.3947911196997615,0.4266274931268761,0.3947911196997615,0.3947911196997615,0.4993467216801301,0.4993467216801301,0.5404195002705842,0.4636476090008061,0.5404195002705842,0.5880026035475675,0.6610431688506869,0.7188299996216245,0.7188299996216245,0.7853981633974483,0.0,0.0,0.0,0.0,0.0
23.111947202996816,tx,1a:00:00:00:00:00,-55,89.95256621274861,64,0.661466872230182,5.662191450873053,0,0,0,0,0,0,0,0,0,0,0,0,3,-9,2,-9,2,-9,2,-9,2,-9,2,-9,1,-10,1,-10,1,-10,1,-10,0,-10,0,-10,0,-11,-1,-11,-1,-11,-2,-11,-2,-11,-2,-11,-3,-11,-3,-11,-3,-11,-4,-12,-4,-12,-5,-12,-5,-12,-5,-12,0,0,-6,-13,-6,-14,-6,-13,-6,-14,-6,-14,-6,-14,-6,-15,-5,-14,-5,-15,-5,-15,-5,-14,-4,-15,-4,-15,-4,-14,-4,-14,-3,-14,-3,-14,-3,-13,-2,-13,-2,-13,-2,-13,-1,-13,-1,-12,0,-12,0,-12,1,-11,0,0,0,0,0,0,0,0,0,0,0.0,0.0,0.0,0.0,0.0,0.0,9.486832980505138,9.219544457292887,9.219544457292887,9.219544457292887,9.219544457292887,9.219544457292887,10.04987562112089,10.04987562112089,10.04987562112089,10.04987562112089,10.0,10.0,11.0,11.045361017187261,11.045361017187261,11.180339887498949,11.180339887498949,11.180339887498949,11.40175425099138,11.40175425099138,11.40175425099138,12.649110640673518,12.649110640673518,13.0,13.0,13.0,0.0,14.317821063276353,15.231546211727817,14.317821063276353,15.231546211727817,15.231546211727817,15.231546211727817,16.15549442140351,14.866068747318506,15.811388300841896,15.811388300841896,14.866068747318506,15.524174696260024,15.524174696260024,14.560219778561036,14.560219778561036,14.317821063276353,14.317821063276353,13.341664064126334,13.152946437965905,13.152946437965905,13.152946437965905,13.038404810405298,12.041594578792296,12.0,12.0,11.045361017187261,0.0,0.0,0.0,0.0,0.0,0.0,0.0,0.0,0.0,0.0,0.0,-1.2490457723982544,-1.3521273809209546,-1.3521273809209546,-1.3521273809209546,-1.3521273809209546,-1.3521273809209546,-1.4711276743037347,-1.4711276743037347,-1.4711276743037347,-1.4711276743037347,-1.5707963267948966,-1.5707963267948966,-1.5707963267948966,-1.6614562139956417,-1.6614562139956417,-1.750649826587375,-1.750649826587375,-1.750649826587375,-1.837048375945822,-1.837048375945822,-1.837048375945822,-1.892546881191539,-1.892546881191539,-1.965587446494658,-1.965587446494658,-1.965587446494658,0.0,-2.0032041023654346,-1.97568811307998,-2.0032041023654346,-1.97568811307998,-1.97568811307998,-1.97568811307998,-1.9513027039072615,-1.9138202672156,-1.892546881191539,-1.892546881191539,-1.9138202672156,-1.8313987185422376,-1.8313987185422376,-1.849095985800008,-1.849095985800008,-1.7818896600176433,-1.7818896600176433,-1.7975951748487824,-1.7234456551901618,-1.7234456551901618,-1.7234456551901618,-1.6475682180646747,-1.6539375586833378,-1.5707963267948966,-1.5707963267948966,-1.4801364395941514,0.0,0.0,0.0,0.0,0.0
23.221754653997777,tx,1a:00:00:00:00:00,-55,89.95256621274861,64,0.6610157140836188,5.7524021724986945,0,0,0,0,0,0,0,0,0,0,0,0,-2,-9,-2,-9,-3,-9,-3,-9,-3,-9,-3,-10,-3,-9,-4,-10,-4,-9,-4,-9,-5,-10,-5,-9,-6,-9,-6,-9,-6,-9,-7,-9,-7,-9,-7,-8,-8,-9,-8,-8,-9,-8,-9,-9,-9,-8,-10,-8,-10,-9,-11,-9,0,0,-11,-8,-11,-9,-12,-9,-11,-8,-12,-9,-13,-9,-12,-10,-12,-10,-12,-10,-12,-10,-11,-10,-12,-10,-10,-10,-11,-11,-10,-10,-10,-10,-9,-10,-9,-9,-8,-10,-8,-10,-8,-10,-7,-9,-7,-10,-6,-10,-6,-9,-5,-10,0,0,0,0,0,0,0,0,0,0,0.0,0.0,0.0,0.0,0.0,0.0,9.219544457292887,9.219544457292887,9.486832980505138,9.486832980505138,9.486832980505138,10.44030650891055,9.486832980505138,10.770329614269007,9.848857801796104,9.848857801796104,11.180339887498949,10.295630140987,10.816653826391969,10.816653826391969,10.816653826391969,11.40175425099138,11.40175425099138,10.63014581273465,12.041594578792296,11.313708498984761,12.041594578792296,12.727922061357855,12.041594578792296,12.806248474865697,13.45362404707371,14.212670403551895,0.0,13.601470508735444,14.212670403551895,15.0,13.601470508735444,15.0,15.811388300841896,15.620499351813308,15.620499351813308,15.620499351813308,15.620499351813308,14.866068747318506,15.620499351813308,14.142135623730951,15.556349186104045,14.142135623730951,14.142135623730951,13.45362404707371,12.727922061357855,12.806248474865697,12.806248474865697,12.806248474865697,11.40175425099138,12.206555615733702,11.661903789690601,10.816653826391969,11.180339887498949,0.0,0.0,0.0,0.0,0.0,0.0,0.0,0.0,0.0,0.0,0.0,-1.7894652726688385,-1.7894652726688385,-1.892546881191539,-1.892546881191539,-1.892546881191539,-1.8622531212727638,-1.892546881191539,-1.9513027039072615,-1.9890206563741257,-1.9890206563741257,-2.0344439357957027,-2.0778948311872334,-2.158798930342464,-2.158798930342464,-2.158798930342464,-2.2318394956455836,-2.2318394956455836,-2.289626326416521,-2.297438667476622,-2.356194490192345,-2.4149503129080676,-2.356194490192345,-2.4149503129080676,-2.4668517113662407,-2.408777551803287,-2.455863142683507,0.0,-2.5127963671743605,-2.455863142683507,-2.498091544796509,-2.5127963671743605,-2.498091544796509,-2.5360479899848234,-2.44685437739309,-2.44685437739309,-2.44685437739309,-2.44685437739309,-2.403777593469328,-2.44685437739309,-2.356194490192345,-2.356194490192345,-2.356194490192345,-2.356194490192345,-2.3036114285814033,-2.356194490192345,-2.2455372690184494,-2.2455372690184494,-2.2455372690184494,-2.2318394956455836,-2.1815222911841055,-2.1112158270654806,-2.158798930342464,-2.0344439357957027,0.0,0.0,0.0,0.0,0.0
23.33083695899404,tx,1a:00:00:00:00:00,-55,89.95256621274861,64,0.6589308971287358,5.840795906781434,0,0,0,0,0,0,0,0,0,0,0,0,5,7,5,6,6,7,6,7,6,7,6,6,6,6,7,6,7,6,7,6,7,6,8,5,8,5,8,5,9,5,9,5,9,4,9,4,10,3,10,3,11,3,11,3,11,3,12,3,12,3,12,2,0,0,13,2,13,3,13,3,14,2,13,3,14,3,14,3,14,3,14,4,14,4,13,5,13,5,13,5,12,4,13,5,12,5,12,5,11,5,11,5,11,5,10,5,10,5,9,6,8,6,8,6,7,7,0,0,0,0,0,0,0,0,0,0,0.0,0.0,0.0,0.0,0.0,0.0,8.602325267042627,7.810249675906654,9.219544457292887,9.219544457292887,9.219544457292887,8.48528137423857,8.48528137423857,9.219544457292887,9.219544457292887,9.219544457292887,9.219544457292887,9.433981132056603,9.433981132056603,9.433981132056603,10.295630140987,10.295630140987,9.848857801796104,9.848857801796104,10.44030650891055,10.44030650891055,11.40175425099138,11.40175425099138,11.40175425099138,12.36931687685298,12.36931687685298,12.165525060596439,0.0,13.152946437965905,13.341664064126334,13.341664064126334,14.142135623730951,13.341664064126334,14.317821063276353,14.317821063276353,14.317821063276353,14.560219778561036,14.560219778561036,13.92838827718412,13.92838827718412,13.92838827718412,12.649110640673518,13.92838827718412,13.0,13.0,12.083045973594572,12.083045973594572,12.083045973594572,11.180339887498949,11.180339887498949,10.816653826391969,10.0,10.0,9.899494936611665,0.0,0.0,0.0,0.0,0.0,0.0,0.0,0.0,0.0,0.0,0.0,0.9505468408120752,0.8760580505981934,0.8621700546672264,0.8621700546672264,0.8621700546672264,0.7853981633974483,0.7853981633974483,0.7086262721276703,0.7086262721276703,0.7086262721276703,0.7086262721276703,0.5585993153435624,0.5585993153435624,0.5585993153435624,0.507098504392337,0.507098504392337,0.4182243295792291,0.4182243295792291,0.2914567944778671,0.2914567944778671,0.2662520491509254,0.2662520491509254,0.2662520491509254,0.24497866312686414,0.24497866312686414,0.16514867741462683,0.0,0.15264932839526515,0.22679884805388587,0.22679884805388587,0.14189705460416394,0.22679884805388587,0.21109333322274654,0.21109333322274654,0.21109333322274654,0.27829965900511133,0.27829965900511133,0.3671738338182192,0.3671738338182192,0.3671738338182192,0.3217505543966422,0.3671738338182192,0.3947911196997615,0.3947911196997615,0.4266274931268761,0.4266274931268761,0.4266274931268761,0.4636476090008061,0.4636476090008061,0.5880026035475675,0.6435011087932844,0.6435011087932844,0.7853981633974483,0.0,0.0,0.0,0.0,0.0
23.430931368995516,tx,1a:00:00:00:00:00,-54,89.95256621274861,64,0.6570374544347408,5.926605473014679,0,0,0,0,0,0,0,0,0,0,0,0,-3,8,-3,8,-2,9,-2,9,-2,9,-2,9,-1,9,-1,9,-1,10,-1,10,-1,10,0,10,0,10,0,10,1,10,2,10,2,10,2,10,3,10,3,10,3,10,4,11,4,11,4,11,5,11,5,11,0,0,6,12,6,12,6,13,6,13,6,13,6,13,6,13,5,14,5,13,5,14,5,13,4,14,4,13,4,13,4,13,3,13,3,13,2,12,2,12,2,12,1,12,1,12,0,12,0,11,0,11,-1,10,0,0,0,0,0,0,0,0,0,0,0.0,0.0,0.0,0.0,0.0,0.0,8.54400374531753,8.54400374531753,9.219544457292887,9.219544457292887,9.219544457292887,9.219544457292887,9.055385138137417,9.055385138137417,10.04987562112089,10.04987562112089,10.04987562112089,10.0,10.0,10.0,10.04987562112089,10.198039027185569,10.198039027185569,10.198039027185569,10.44030650891055,10.44030650891055,10.44030650891055,11.704699910719626,11.704699910719626,11.704699910719626,12.083045973594572,12.083045973594572,0.0,13.416407864998739,13.416407864998739,14.317821063276353,14.317821063276353,14.317821063276353,14.317821063276353,14.317821063276353,14.866068747318506,13.92838827718412,14.866068747318506,13.92838827718412,14.560219778561036,13.601470508735444,13.601470508735444,13.601470508735444,13.341664064126334,13.341664064126334,12.165525060596439,12.165525060596439,12.165525060596439,12.041594578792296,12.041594578792296,12.0,11.0,11.0,10.04987562112089,0.0,0.0,0.0,0.0,0.0,0.0,0.0,0.0,0.0,0.0,0.0,1.9295669970654687,1.9295669970654687,1.7894652726688385,1.7894652726688385,1.7894652726688385,1.7894652726688385,1.6814535479687922,1.6814535479687922,1.6704649792860586,1.6704649792860586,1.6704649792860586,1.5707963267948966,1.5707963267948966,1.5707963267948966,1.4711276743037347,1.373400766945016,1.373400766945016,1.373400766945016,1.2793395323170296,1.2793395323170296,1.2793395323170296,1.2220253232109897,1.2220253232109897,1.2220253232109897,1.1441688336680205,1.1441688336680205,0.0,1.1071487177940904,1.1071487177940904,1.1383885512243588,1.1383885512243588,1.1383885512243588,1.1383885512243588,1.1383885512243588,1.2277723863741932,1.2036224929766774,1.2277723863741932,1.2036224929766774,1.2924966677897853,1.2722973952087173,1.2722973952087173,1.2722973952087173,1.3439974787410107,1.3439974787410107,1.4056476493802699,1.4056476493802699,1.4056476493802699,1.4876550949064553,1.4876550949064553,1.5707963267948966,1.5707963267948966,1.5707963267948966,1.6704649792860586,0.0,0.0,0.0,0.0,0.0
23.53854687099374,tx,1a:00:00:00:00:00,-54,89.95256621274861,64,0.6555111828565158,6.0092653592101835,0,0,0,0,0,0,0,0,0,0,0,0,-8,4,-8,4,-9,5,-8,4,-8,5,-8,5,-8,5,-8,5,-7,6,-8,6,-8,6,-8,6,-7,7,-7,7,-7,7,-6,9,-6,8,-6,9,-6,9,-5,10,-6,10,-5,10,-5,11,-5,11,-5,11,-5,11,0,0,-5,12,-4,13,-4,12,-5,14,-4,13,-5,13,-5,14,-6,13,-5,13,-7,14,-7,13,-6,12,-6,13,-7,11,-6,13,-6,11,-7,11,-7,10,-7,11,-7,10,-8,10,-7,9,-8,9,-8,9,-8,7,-8,6,0,0,0,0,0,0,0,0,0,0,0.0,0.0,0.0,0.0,0.0,0.0,8.94427190999916,8.94427190999916,10.295630140987,8.94427190999916,9.433981132056603,9.433981132056603,9.433981132056603,9.433981132056603,9.219544457292887,10.0,10.0,10.0,9.899494936611665,9.899494936611665,9.899494936611665,10.816653826391969,10.0,10.816653826391969,10.816653826391969,11.180339887498949,11.661903789690601,11.180339887498949,12.083045973594572,12.083045973594572,12.083045973594572,12.083045973594572,0.0,13.0,13.601470508735444,12.649110640673518,14.866068747318506,13.601470508735444,13.92838827718412,14.866068747318506,14.317821063276353,13.92838827718412,15.652475842498529,14.7648230602334,13.416407864998739,14.317821063276353,13.038404810405298,14.317821063276353,12.529964086141668,13.038404810405298,12.206555615733702,13.038404810405298,12.206555615733702,12.806248474865697,11.40175425099138,12.041594578792296,12.041594578792296,10.63014581273465,10.0,0.0,0.0,0.0,0.0,0.0,0.0,0.0,0.0,0.0,0.0,0.0,2.677945044588987,2.677945044588987,2.6344941491974563,2.677945044588987,2.5829933382462307,2.5829933382462307,2.5829933382462307,2.5829933382462307,2.432966381462123,2.498091544796509,2.498091544796509,2.498091544796509,2.356194490192345,2.356194490192345,2.356194490192345,2.158798930342464,2.214297435588181,2.158798930342464,2.158798930342464,2.0344439357957027,2.1112158270654806,2.0344439357957027,1.9974238199217726,1.9974238199217726,1.9974238199217726,1.9974238199217726,0.0,1.965587446494658,1.8692952583810758,1.892546881191539,1.9138202672156,1.8692952583810758,1.9379701606131159,1.9138202672156,2.0032041023654346,1.9379701606131159,2.0344439357957027,2.0647376957144776,2.0344439357957027,2.0032041023654346,2.137525544318403,2.0032041023654346,2.0701430484750265,2.137525544318403,2.1815222911841055,2.137525544318403,2.1815222911841055,2.2455372690184494,2.2318394956455836,2.297438667476622,2.297438667476622,2.4227626539681686,2.498091544796509,0.0,0.0,0.0,0.0,0.0
23.640937295000185,tx,1a:00:00:00:00:00,-54,89.95256621274861,64,0.6543614681744268,6.088339837625148,0,0,0,0,0,0,0,0,0,0,0,0,7,-4,7,-5,8,-5,8,-5,8,-5,7,-5,7,-6,7,-6,7,-7,7,-7,7,-7,7,-7,7,-7,7,-8,6,-8,6,-9,6,-9,6,-9,5,-9,5,-10,6,-10,5,-11,5,-11,5,-11,5,-12,5,-12,0,0,5,-13,5,-13,5,-13,5,-14,5,-13,6,-14,6,-14,6,-14,6,-14,7,-13,7,-13,7,-13,7,-12,7,-11,7,-12,7,-11,7,-11,7,-10,7,-10,7,-9,8,-9,8,-9,8,-8,8,-7,8,-7,8,-6,0,0,0,0,0,0,0,0,0,0,0.0,0.0,0.0,0.0,0.0,0.0,8.06225774829855,8.602325267042627,9.433981132056603,9.433981132056603,9.433981132056603,8.602325267042627,9.219544457292887,9.219544457292887,9.899494936611665,9.899494936611665,9.899494936611665,9.899494936611665,9.899494936611665,10.63014581273465,10.0,10.816653826391969,10.816653826391969,10.816653826391969,10.295630140987,11.180339887498949,11.661903789690601,12.083045973594572,12.083045973594572,12.083045973594572,13.0,13.0,0.0,13.92838827718412,13.92838827718412,13.92838827718412,14.866068747318506,13.92838827718412,15.231546211727817,15.231546211727817,15.231546211727817,15.231546211727817,14.7648230602334,14.7648230602334,14.7648230602334,13.892443989449804,13.038404810405298,13.892443989449804,13.038404810405298,13.038404810405298,12.206555615733702,12.206555615733702,11.40175425099138,12.041594578792296,12.041594578792296,11.313708498984761,10.63014581273465,10.63014581273465,10.0,0.0,0.0,0.0,0.0,0.0,0.0,0.0,0.0,0.0,0.0,0.0,-0.5191461142465229,-0.6202494859828215,-0.5585993153435624,-0.5585993153435624,-0.5585993153435624,-0.6202494859828215,-0.7086262721276703,-0.7086262721276703,-0.7853981633974483,-0.7853981633974483,-0.7853981633974483,-0.7853981633974483,-0.7853981633974483,-0.8519663271732721,-0.9272952180016122,-0.982793723247329,-0.982793723247329,-0.982793723247329,-1.0636978224025597,-1.1071487177940904,-1.0303768265243125,-1.1441688336680205,-1.1441688336680205,-1.1441688336680205,-1.176005207095135,-1.176005207095135,0.0,-1.2036224929766774,-1.2036224929766774,-1.2036224929766774,-1.2277723863741932,-1.2036224929766774,-1.1659045405098132,-1.1659045405098132,-1.1659045405098132,-1.1659045405098132,-1.0768549578753155,-1.0768549578753155,-1.0768549578753155,-1.042721878368537,-1.0040671092713902,-1.042721878368537,-1.0040671092713902,-1.0040671092713902,-0.960070362405688,-0.960070362405688,-0.9097531579442097,-0.844153986113171,-0.844153986113171,-0.7853981633974483,-0.7188299996216245,-0.7188299996216245,-0.6435011087932844,0.0,0.0,0.0,0.0,0.0
23.75258637099614,tx,1a:00:00:00:00:00,-54,89.99781314322384,64,0.6539002767531656,6.163495687705804,0,0,0,0,0,0,0,0,0,0,0,0,-9,1,-9,1,-9,2,-10,2,-9,2,-9,2,-9,2,-9,3,-9,3,-9,4,-9,4,-9,4,-9,4,-9,5,-9,6,-8,5,-9,6,-8,6,-8,7,-8,7,-8,8,-8,8,-7,8,-8,9,-8,9,-8,10,0,0,-8,11,-8,10,-9,11,-8,10,-9,12,-9,11,-9,11,-9,11,-9,11,-9,10,-9,11,-9,10,-9,10,-10,10,-9,9,-10,9,-9,8,-10,9,-10,8,-10,7,-10,7,-10,7,-9,6,-10,6,-9,5,-10,5,0,0,0,0,0,0,0,0,0,0,0.0,0.0,0.0,0.0,0.0,0.0,9.055385138137417,9.055385138137417,9.219544457292887,10.198039027185569,9.219544457292887,9.219544457292887,9.219544457292887,9.486832980505138,9.486832980505138,9.848857801796104,9.848857801796104,9.848857801796104,9.848857801796104,10.295630140987,10.816653826391969,9.433981132056603,10.816653826391969,10.0,10.63014581273465,10.63014581273465,11.313708498984761,11.313708498984761,10.63014581273465,12.041594578792296,12.041594578792296,12.806248474865697,0.0,13.601470508735444,12.806248474865697,14.212670403551895,12.806248474865697,15.0,14.212670403551895,14.212670403551895,14.212670403551895,14.212670403551895,13.45362404707371,14.212670403551895,13.45362404707371,13.45362404707371,14.142135623730951,12.727922061357855,13.45362404707371,12.041594578792296,13.45362404707371,12.806248474865697,12.206555615733702,12.206555615733702,12.206555615733702,10.816653826391969,11.661903789690601,10.295630140987,11.180339887498949,0.0,0.0,0.0,0.0,0.0,0.0,0.0,0.0,0.0,0.0,0.0,3.0309354324158977,3.0309354324158977,2.922923707715851,2.9441970937399127,2.922923707715851,2.922923707715851,2.922923707715851,2.819842099193151,2.819842099193151,2.723368324010564,2.723368324010564,2.723368324010564,2.723368324010564,2.6344941491974563,2.5535900500422257,2.5829933382462307,2.5535900500422257,2.498091544796509,2.4227626539681686,2.4227626539681686,2.356194490192345,2.356194490192345,2.289626326416521,2.297438667476622,2.297438667476622,2.2455372690184494,0.0,2.1995926132103296,2.2455372690184494,2.256525837701183,2.2455372690184494,2.214297435588181,2.256525837701183,2.256525837701183,2.256525837701183,2.256525837701183,2.3036114285814033,2.256525837701183,2.3036114285814033,2.3036114285814033,2.356194490192345,2.356194490192345,2.408777551803287,2.4149503129080676,2.408777551803287,2.4668517113662407,2.5308666892005847,2.5308666892005847,2.5308666892005847,2.5535900500422257,2.601173153319209,2.6344941491974563,2.677945044588987,0.0,0.0,0.0,0.0,0.0
23.86120279199531,tx,1a:00:00:00:00:00,-54,89.99781314322384,64,0.6534836012055484,6.234474475547856,0,0,0,0,0,0,0,0,0,0,0,0,8,-2,8,-3,9,-3,8,-3,9,-4,8,-3,8,-4,8,-4,8,-5,9,-5,8,-5,8,-5,8,-6,8,-6,8,-6,8,-7,7,-7,7,-8,6,-8,7,-9,7,-9,6,-10,7,-10,7,-10,7,-11,7,-11,0,0,7,-11,7,-12,7,-12,7,-13,7,-12,8,-13,8,-13,8,-13,8,-12,9,-12,9,-12,9,-11,9,-11,8,-11,9,-11,8,-10,9,-11,8,-9,9,-9,9,-9,9,-9,9,-8,9,-8,9,-7,9,-6,9,-5,0,0,0,0,0,0,0,0,0,0,0.0,0.0,0.0,0.0,0.0,0.0,8.246211251235321,8.54400374531753,9.486832980505138,8.54400374531753,9.848857801796104,8.54400374531753,8.94427190999916,8.94427190999916,9.433981132056603,10.295630140987,9.433981132056603,9.433981132056603,10.0,10.0,10.0,10.63014581273465,9.899494936611665,10.63014581273465,10.0,11.40175425099138,11.40175425099138,11.661903789690601,12.206555615733702,12.206555615733702,13.038404810405298,13.038404810405298,0.0,13.038404810405298,13.892443989449804,13.892443989449804,14.7648230602334,13.892443989449804,15.264337522473747,15.264337522473747,15.264337522473747,14.422205101855956,15.0,15.0,14.212670403551895,14.212670403551895,13.601470508735444,14.212670403551895,12.806248474865697,14.212670403551895,12.041594578792296,12.727922061357855,12.727922061357855,12.727922061357855,12.041594578792296,12.041594578792296,11.40175425099138,10.816653826391969,10.295630140987,0.0,0.0,0.0,0.0,0.0,0.0,0.0,0.0,0.0,0.0,0.0,-0.24497866312686414,-0.35877067027057225,-0.3217505543966422,-0.35877067027057225,-0.4182243295792291,-0.35877067027057225,-0.4636476090008061,-0.4636476090008061,-0.5585993153435624,-0.507098504392337,-0.5585993153435624,-0.5585993153435624,-0.6435011087932844,-0.6435011087932844,-0.6435011087932844,-0.7188299996216245,-0.7853981633974483,-0.8519663271732721,-0.9272952180016122,-0.9097531579442097,-0.9097531579442097,-1.0303768265243125,-0.960070362405688,-0.960070362405688,-1.0040671092713902,-1.0040671092713902,0.0,-1.0040671092713902,-1.042721878368537,-1.042721878368537,-1.0768549578753155,-1.042721878368537,-1.0191413442663497,-1.0191413442663497,-1.0191413442663497,-0.982793723247329,-0.9272952180016122,-0.9272952180016122,-0.8850668158886104,-0.8850668158886104,-0.9420000403794636,-0.8850668158886104,-0.8960553845713439,-0.8850668158886104,-0.844153986113171,-0.7853981633974483,-0.7853981633974483,-0.7853981633974483,-0.7266423406817256,-0.7266423406817256,-0.6610431688506869,-0.5880026035475675,-0.507098504392337,0.0,0.0,0.0,0.0,0.0
23.97079671100073,tx,1a:00:00:00:00:00,-54,89.99781314322384,64,0.6570000929187739,6.301055548946356,0,0,0,0,0,0,0,0,0,0,0,0,-8,-1,-8,-1,-9,-1,-8,-1,-8,-1,-8,0,-9,0,-8,0,-8,1,-9,1,-9,1,-9,1,-9,1,-8,2,-8,2,-9,3,-9,3,-9,3,-9,3,-9,4,-9,4,-9,4,-9,5,-9,5,-9,5,-9,5,0,0,-9,5,-10,7,-9,6,-10,7,-10,6,-11,7,-11,6,-11,6,-11,6,-11,5,-11,5,-11,5,-11,5,-11,4,-11,5,-10,4,-11,4,-10,3,-10,3,-10,3,-10,2,-10,2,-10,2,-10,1,-10,1,-9,0,0,0,0,0,0,0,0,0,0,0,0.0,0.0,0.0,0.0,0.0,0.0,8.06225774829855,8.06225774829855,9.055385138137417,8.06225774829855,8.06225774829855,8.0,9.0,8.0,8.06225774829855,9.055385138137417,9.055385138137417,9.055385138137417,9.055385138137417,8.246211251235321,8.246211251235321,9.486832980505138,9.486832980505138,9.486832980505138,9.486832980505138,9.848857801796104,9.848857801796104,9.848857801796104,10.295630140987,10.295630140987,10.295630140987,10.295630140987,0.0,10.295630140987,12.206555615733702,10.816653826391969,12.206555615733702,11.661903789690601,13.038404810405298,12.529964086141668,12.529964086141668,12.529964086141668,12.083045973594572,12.083045973594572,12.083045973594572,12.083045973594572,11.704699910719626,12.083045973594572,10.770329614269007,11.704699910719626,10.44030650891055,10.44030650891055,10.44030650891055,10.198039027185569,10.198039027185569,10.198039027185569,10.04987562112089,10.04987562112089,9.0,0.0,0.0,0.0,0.0,0.0,0.0,0.0,0.0,0.0,0.0,0.0,-3.017237659043032,-3.017237659043032,-3.0309354324158977,-3.017237659043032,-3.017237659043032,3.141592653589793,3.141592653589793,3.141592653589793,3.017237659043032,3.0309354324158977,3.0309354324158977,3.0309354324158977,3.0309354324158977,2.896613990462929,2.896613990462929,2.819842099193151,2.819842099193151,2.819842099193151,2.819842099193151,2.723368324010564,2.723368324010564,2.723368324010564,2.6344941491974563,2.6344941491974563,2.6344941491974563,2.6344941491974563,0.0,2.6344941491974563,2.5308666892005847,2.5535900500422257,2.5308666892005847,2.601173153319209,2.5748634360662868,2.642245931909663,2.642245931909663,2.642245931909663,2.714965160462917,2.714965160462917,2.714965160462917,2.714965160462917,2.7928216500058864,2.714965160462917,2.761086276477428,2.7928216500058864,2.8501358591119264,2.8501358591119264,2.8501358591119264,2.9441970937399127,2.9441970937399127,2.9441970937399127,3.0419240010986313,3.0419240010986313,3.141592653589793,0.0,0.0,0.0,0.0,0.0
24.071323542993923,tx,1a:00:00:00:00:00,-54,89.99781314322384,64,0.6588897543932699,6.363000772927802,0,0,0,0,0,0,0,0,0,0,0,0,-3,-8,-4,-8,-3,-8,-4,-8,-4,-7,-4,-8,-4,-8,-4,-8,-4,-8,-5,-8,-6,-8,-6,-7,-6,-7,-6,-7,-7,-7,-7,-7,-7,-7,-7,-6,-8,-7,-8,-6,-8,-7,-8,-6,-9,-6,-10,-6,-10,-6,-10,-6,0,0,-10,-6,-10,-6,-11,-7,-11,-6,-11,-7,-11,-7,-11,-7,-11,-8,-11,-8,-11,-8,-11,-7,-11,-8,-10,-8,-10,-8,-9,-8,-9,-9,-9,-8,-9,-8,-8,-8,-7,-8,-7,-8,-6,-9,-7,-8,-6,-8,-6,-8,-5,-8,0,0,0,0,0,0,0,0,0,0,0.0,0.0,0.0,0.0,0.0,0.0,8.54400374531753,8.94427190999916,8.54400374531753,8.94427190999916,8.06225774829855,8.94427190999916,8.94427190999916,8.94427190999916,8.94427190999916,9.433981132056603,10.0,9.219544457292887,9.219544457292887,9.219544457292887,9.899494936611665,9.899494936611665,9.899494936611665,9.219544457292887,10.63014581273465,10.0,10.63014581273465,10.0,10.816653826391969,11.661903789690601,11.661903789690601,11.661903789690601,0.0,11.661903789690601,11.661903789690601,13.038404810405298,12.529964086141668,13.038404810405298,13.038404810405298,13.038404810405298,13.601470508735444,13.601470508735444,13.601470508735444,13.038404810405298,13.601470508735444,12.806248474865697,12.806248474865697,12.041594578792296,12.727922061357855,12.041594578792296,12.041594578792296,11.313708498984761,10.63014581273465,10.63014581273465,10.816653826391969,10.63014581273465,10.0,10.0,9.433981132056603,0.0,0.0,0.0,0.0,0.0,0.0,0.0,0.0,0.0,0.0,0.0,-1.9295669970654687,-2.0344439357957027,-1.9295669970654687,-2.0344439357957027,-2.0899424410414196,-2.0344439357957027,-2.0344439357957027,-2.0344439357957027,-2.0344439357957027,-2.129395642138459,-2.214297435588181,-2.279422598922567,-2.279422598922567,-2.279422598922567,-2.356194490192345,-2.356194490192345,-2.356194490192345,-2.432966381462123,-2.4227626539681686,-2.498091544796509,-2.4227626539681686,-2.498091544796509,-2.5535900500422257,-2.601173153319209,-2.601173153319209,-2.601173153319209,0.0,-2.601173153319209,-2.601173153319209,-2.5748634360662868,-2.642245931909663,-2.5748634360662868,-2.5748634360662868,-2.5748634360662868,-2.5127963671743605,-2.5127963671743605,-2.5127963671743605,-2.5748634360662868,-2.5127963671743605,-2.4668517113662407,-2.4668517113662407,-2.4149503129080676,-2.356194490192345,-2.4149503129080676,-2.4149503129080676,-2.356194490192345,-2.289626326416521,-2.289626326416521,-2.158798930342464,-2.289626326416521,-2.214297435588181,-2.214297435588181,-2.129395642138459,0.0,0.0,0.0,0.0,0.0
24.18179717199382,tx,1a:00:00:00:00:00,-54,89.99781314322384,64,0.6606058365553609,6.419981097845332,0,0,0,0,0,0,0,0,0,0,0,0,-4,-9,-4,-9,-4,-9,-4,-9,-5,-9,-5,-9,-5,-9,-5,-9,-6,-9,-6,-9,-7,-9,-7,-8,-7,-8,-8,-8,-8,-8,-8,-8,-9,-8,-9,-7,-10,-8,-10,-8,-10,-7,-10,-7,-11,-7,-11,-7,-12,-7,-12,-7,0,0,-13,-7,-13,-7,-13,-8,-13,-7,-13,-8,-14,-8,-13,-8,-13,-8,-13,-9,-13,-8,-13,-8,-13,-9,-12,-9,-12,-9,-11,-9,-11,-9,-11,-9,-10,-9,-10,-9,-9,-9,-9,-10,-8,-10,-8,-9,-8,-10,-8,-9,-7,-10,0,0,0,0,0,0,0,0,0,0,0.0,0.0,0.0,0.0,0.0,0.0,9.848857801796104,9.848857801796104,9.848857801796104,9.848857801796104,10.295630140987,10.295630140987,10.295630140987,10.295630140987,10.816653826391969,10.816653826391969,11.40175425099138,10.63014581273465,10.63014581273465,11.313708498984761,11.313708498984761,11.313708498984761,12.041594578792296,11.40175425099138,12.806248474865697,12.806248474865697,12.206555615733702,12.206555615733702,13.038404810405298,13.038404810405298,13.892443989449804,13.892443989449804,0.0,14.7648230602334,14.7648230602334,15.264337522473747,14.7648230602334,15.264337522473747,16.1245154965971,15.264337522473747,15.264337522473747,15.811388300841896,15.264337522473747,15.264337522473747,15.811388300841896,15.0,15.0,14.212670403551895,14.212670403551895,14.212670403551895,13.45362404707371,13.45362404707371,12.727922061357855,13.45362404707371,12.806248474865697,12.041594578792296,12.806248474865697,12.041594578792296,12.206555615733702,0.0,0.0,0.0,0.0,0.0,0.0,0.0,0.0,0.0,0.0,0.0,-1.9890206563741257,-1.9890206563741257,-1.9890206563741257,-1.9890206563741257,-2.0778948311872334,-2.0778948311872334,-2.0778948311872334,-2.0778948311872334,-2.158798930342464,-2.158798930342464,-2.2318394956455836,-2.289626326416521,-2.289626326416521,-2.356194490192345,-2.356194490192345,-2.356194490192345,-2.4149503129080676,-2.4805494847391065,-2.4668517113662407,-2.4668517113662407,-2.5308666892005847,-2.5308666892005847,-2.5748634360662868,-2.5748634360662868,-2.6135182051634334,-2.6135182051634334,0.0,-2.647651284670212,-2.647651284670212,-2.5899376710612465,-2.647651284670212,-2.5899376710612465,-2.62244653934327,-2.5899376710612465,-2.5899376710612465,-2.5360479899848234,-2.5899376710612465,-2.5899376710612465,-2.5360479899848234,-2.498091544796509,-2.498091544796509,-2.455863142683507,-2.455863142683507,-2.455863142683507,-2.408777551803287,-2.408777551803287,-2.356194490192345,-2.3036114285814033,-2.2455372690184494,-2.297438667476622,-2.2455372690184494,-2.297438667476622,-2.1815222911841055,0.0,0.0,0.0,0.0,0.0
24.282697946000553,tx,1a:00:00:00:00:00,-54,89.99781314322384,64,0.6622175793364637,6.471595361449252,0,0,0,0,0,0,0,0,0,0,0,0,-8,0,-8,0,-9,0,-9,0,-9,0,-9,1,-9,1,-9,1,-9,2,-10,2,-9,2,-9,3,-9,3,-9,3,-9,3,-9,4,-9,4,-9,5,-9,5,-9,6,-9,6,-9,6,-9,7,-9,7,-9,7,-9,7,0,0,-9,8,-10,8,-10,9,-10,9,-10,9,-11,9,-10,9,-11,9,-11,8,-12,8,-11,8,-11,8,-11,7,-11,7,-11,7,-11,6,-11,6,-11,6,-11,5,-11,5,-11,5,-11,5,-11,4,-11,3,-10,3,-10,2,0,0,0,0,0,0,0,0,0,0,0.0,0.0,0.0,0.0,0.0,0.0,8.0,8.0,9.0,9.0,9.0,9.055385138137417,9.055385138137417,9.055385138137417,9.219544457292887,10.198039027185569,9.219544457292887,9.486832980505138,9.486832980505138,9.486832980505138,9.486832980505138,9.848857801796104,9.848857801796104,10.295630140987,10.295630140987,10.816653826391969,10.816653826391969,10.816653826391969,11.40175425099138,11.40175425099138,11.40175425099138,11.40175425099138,0.0,12.041594578792296,12.806248474865697,13.45362404707371,13.45362404707371,13.45362404707371,14.212670403551895,13.45362404707371,14.212670403551895,13.601470508735444,14.422205101855956,13.601470508735444,13.601470508735444,13.038404810405298,13.038404810405298,13.038404810405298,12.529964086141668,12.529964086141668,12.529964086141668,12.083045973594572,12.083045973594572,12.083045973594572,12.083045973594572,11.704699910719626,11.40175425099138,10.44030650891055,10.198039027185569,0.0,0.0,0.0,0.0,0.0,0.0,0.0,0.0,0.0,0.0,0.0,3.141592653589793,3.141592653589793,3.141592653589793,3.141592653589793,3.141592653589793,3.0309354324158977,3.0309354324158977,3.0309354324158977,2.922923707715851,2.9441970937399127,2.922923707715851,2.819842099193151,2.819842099193151,2.819842099193151,2.819842099193151,2.723368324010564,2.723368324010564,2.6344941491974563,2.6344941491974563,2.5535900500422257,2.5535900500422257,2.5535900500422257,2.4805494847391065,2.4805494847391065,2.4805494847391065,2.4805494847391065,0.0,2.4149503129080676,2.4668517113662407,2.408777551803287,2.408777551803287,2.408777551803287,2.455863142683507,2.408777551803287,2.455863142683507,2.5127963671743605,2.5535900500422257,2.5127963671743605,2.5127963671743605,2.5748634360662868,2.5748634360662868,2.5748634360662868,2.642245931909663,2.642245931909663,2.642245931909663,2.714965160462917,2.714965160462917,2.714965160462917,2.714965160462917,2.7928216500058864,2.875340604438868,2.8501358591119264,2.9441970937399127,0.0,0.0,0.0,0.0,0.0
24.39091243099392,tx,1a:00:00:00:00:00,-54,89.99781314322384,64,0.6628111456196005,6.517448998088086,0,0,0,0,0,0,0,0,0,0,0,0,8,3,8,2,9,2,8,2,9,2,8,2,9,1,9,1,9,1,9,1,9,1,9,0,10,0,10,-1,10,-1,10,-2,10,-2,10,-2,10,-3,10,-3,11,-3,11,-4,11,-4,11,-5,11,-5,11,-5,0,0,12,-5,12,-6,12,-6,13,-6,13,-6,13,-6,14,-6,14,-6,14,-6,14,-5,14,-5,14,-4,14,-4,13,-4,14,-4,13,-3,13,-3,12,-3,12,-3,12,-2,12,-2,12,-2,12,-1,11,0,11,0,10,1,0,0,0,0,0,0,0,0,0,0,0.0,0.0,0.0,0.0,0.0,0.0,8.54400374531753,8.246211251235321,9.219544457292887,8.246211251235321,9.219544457292887,8.246211251235321,9.055385138137417,9.055385138137417,9.055385138137417,9.055385138137417,9.055385138137417,9.0,10.0,10.04987562112089,10.04987562112089,10.198039027185569,10.198039027185569,10.198039027185569,10.44030650891055,10.44030650891055,11.40175425099138,11.704699910719626,11.704699910719626,12.083045973594572,12.083045973594572,12.083045973594572,0.0,13.0,13.416407864998739,13.416407864998739,14.317821063276353,14.317821063276353,14.317821063276353,15.231546211727817,15.231546211727817,15.231546211727817,14.866068747318506,14.866068747318506,14.560219778561036,14.560219778561036,13.601470508735444,14.560219778561036,13.341664064126334,13.341664064126334,12.36931687685298,12.36931687685298,12.165525060596439,12.165525060596439,12.165525060596439,12.041594578792296,11.0,11.0,10.04987562112089,0.0,0.0,0.0,0.0,0.0,0.0,0.0,0.0,0.0,0.0,0.0,0.35877067027057225,0.24497866312686414,0.21866894587394195,0.24497866312686414,0.21866894587394195,0.24497866312686414,0.11065722117389565,0.11065722117389565,0.11065722117389565,0.11065722117389565,0.11065722117389565,0.0,0.0,-0.09966865249116202,-0.09966865249116202,-0.19739555984988075,-0.19739555984988075,-0.19739555984988075,-0.2914567944778671,-0.2914567944778671,-0.2662520491509254,-0.348771003583907,-0.348771003583907,-0.4266274931268761,-0.4266274931268761,-0.4266274931268761,0.0,-0.3947911196997615,-0.4636476090008061,-0.4636476090008061,-0.43240777557053783,-0.43240777557053783,-0.43240777557053783,-0.40489178628508343,-0.40489178628508343,-0.40489178628508343,-0.3430239404207034,-0.3430239404207034,-0.27829965900511133,-0.27829965900511133,-0.2984989315861793,-0.27829965900511133,-0.22679884805388587,-0.22679884805388587,-0.24497866312686414,-0.24497866312686414,-0.16514867741462683,-0.16514867741462683,-0.16514867741462683,-0.08314123188844123,0.0,0.0,0.09966865249116202,0.0,0.0,0.0,0.0,0.0
24.51135248299397,tx,1a:00:00:00:00:00,-54,89.99781314322384,64,0.6627440589718367,6.557181671601621,0,0,0,0,0,0,0,0,0,0,0,0,-3,-8,-4,-9,-4,-8,-4,-9,-4,-8,-5,-9,-5,-8,-5,-8,-5,-8,-6,-8,-6,-8,-6,-8,-7,-8,-7,-8,-7,-7,-7,-7,-8,-7,-8,-7,-9,-7,-9,-7,-9,-7,-10,-7,-10,-6,-11,-6,-11,-6,-12,-6,0,0,-12,-6,-12,-7,-13,-7,-13,-6,-13,-7,-13,-7,-13,-8,-13,-8,-13,-8,-12,-8,-12,-8,-12,-8,-12,-9,-12,-8,-11,-9,-11,-9,-10,-9,-10,-9,-10,-9,-9,-9,-9,-9,-8,-9,-8,-8,-7,-9,-7,-9,-6,-9,0,0,0,0,0,0,0,0,0,0,0.0,0.0,0.0,0.0,0.0,0.0,8.54400374531753,9.848857801796104,8.94427190999916,9.848857801796104,8.94427190999916,10.295630140987,9.433981132056603,9.433981132056603,9.433981132056603,10.0,10.0,10.0,10.63014581273465,10.63014581273465,9.899494936611665,9.899494936611665,10.63014581273465,10.63014581273465,11.40175425099138,11.40175425099138,11.40175425099138,12.206555615733702,11.661903789690601,12.529964086141668,12.529964086141668,13.416407864998739,0.0,13.416407864998739,13.892443989449804,14.7648230602334,14.317821063276353,14.7648230602334,14.7648230602334,15.264337522473747,15.264337522473747,15.264337522473747,14.422205101855956,14.422205101855956,14.422205101855956,15.0,14.422205101855956,14.212670403551895,14.212670403551895,13.45362404707371,13.45362404707371,13.45362404707371,12.727922061357855,12.727922061357855,12.041594578792296,11.313708498984761,11.40175425099138,11.40175425099138,10.816653826391969,0.0,0.0,0.0,0.0,0.0,0.0,0.0,0.0,0.0,0.0,0.0,-1.9295669970654687,-1.9890206563741257,-2.0344439357957027,-1.9890206563741257,-2.0344439357957027,-2.0778948311872334,-2.129395642138459,-2.129395642138459,-2.129395642138459,-2.214297435588181,-2.214297435588181,-2.214297435588181,-2.289626326416521,-2.289626326416521,-2.356194490192345,-2.356194490192345,-2.4227626539681686,-2.4227626539681686,-2.4805494847391065,-2.4805494847391065,-2.4805494847391065,-2.5308666892005847,-2.601173153319209,-2.642245931909663,-2.642245931909663,-2.677945044588987,0.0,-2.677945044588987,-2.6135182051634334,-2.647651284670212,-2.7091848780192556,-2.647651284670212,-2.647651284670212,-2.5899376710612465,-2.5899376710612465,-2.5899376710612465,-2.5535900500422257,-2.5535900500422257,-2.5535900500422257,-2.498091544796509,-2.5535900500422257,-2.455863142683507,-2.455863142683507,-2.408777551803287,-2.408777551803287,-2.408777551803287,-2.356194490192345,-2.356194490192345,-2.297438667476622,-2.356194490192345,-2.2318394956455836,-2.2318394956455836,-2.158798930342464,0.0,0.0,0.0,0.0,0.0
24.62163872999372,tx,1a:00:00:00:00:00,-54,89.99781314322384,64,0.6624278402960938,6.590520744245905,0,0,0,0,0,0,0,0,0,0,0,0,-8,-3,-8,-3,-9,-3,-9,-3,-10,-3,-8,-2,-9,-2,-9,-2,-10,-2,-10,-2,-10,-1,-10,-1,-10,0,-10,0,-10,0,-11,1,-10,2,-11,2,-10,2,-11,3,-11,3,-11,4,-12,4,-11,4,-12,5,-12,5,0,0,-12,5,-13,7,-12,6,-14,6,-12,6,-13,6,-14,6,-14,6,-14,6,-15,6,-14,5,-14,5,-14,4,-13,4,-14,4,-13,4,-14,4,-12,3,-12,3,-12,2,-12,2,-12,2,-12,1,-12,1,-11,0,-11,0,0,0,0,0,0,0,0,0,0,0,0.0,0.0,0.0,0.0,0.0,0.0,8.54400374531753,8.54400374531753,9.486832980505138,9.486832980505138,10.44030650891055,8.246211251235321,9.219544457292887,9.219544457292887,10.198039027185569,10.198039027185569,10.04987562112089,10.04987562112089,10.0,10.0,10.0,11.045361017187261,10.198039027185569,11.180339887498949,10.198039027185569,11.40175425099138,11.40175425099138,11.704699910719626,12.649110640673518,11.704699910719626,13.0,13.0,0.0,13.0,14.7648230602334,13.416407864998739,15.231546211727817,13.416407864998739,14.317821063276353,15.231546211727817,15.231546211727817,15.231546211727817,16.15549442140351,14.866068747318506,14.866068747318506,14.560219778561036,13.601470508735444,14.560219778561036,13.601470508735444,14.560219778561036,12.36931687685298,12.36931687685298,12.165525060596439,12.165525060596439,12.165525060596439,12.041594578792296,12.041594578792296,11.0,11.0,0.0,0.0,0.0,0.0,0.0,0.0,0.0,0.0,0.0,0.0,0.0,-2.782821983319221,-2.782821983319221,-2.819842099193151,-2.819842099193151,-2.8501358591119264,-2.896613990462929,-2.922923707715851,-2.922923707715851,-2.9441970937399127,-2.9441970937399127,-3.0419240010986313,-3.0419240010986313,3.141592653589793,3.141592653589793,3.141592653589793,3.050932766389048,2.9441970937399127,2.961739153797315,2.9441970937399127,2.875340604438868,2.875340604438868,2.7928216500058864,2.819842099193151,2.7928216500058864,2.746801533890032,2.746801533890032,0.0,2.746801533890032,2.647651284670212,2.677945044588987,2.7367008673047097,2.677945044588987,2.7091848780192556,2.7367008673047097,2.7367008673047097,2.7367008673047097,2.761086276477428,2.79856871316909,2.79856871316909,2.8632929945846817,2.843093722003614,2.8632929945846817,2.843093722003614,2.8632929945846817,2.896613990462929,2.896613990462929,2.976443976175166,2.976443976175166,2.976443976175166,3.058451421701352,3.058451421701352,3.141592653589793,3.141592653589793,0.0,0.0,0.0,0.0,0.0
24.72198300799937,tx,1a:00:00:00:00:00,-55,89.99781314322384,64,0.6612747950996607,6.617302450254234,0,0,0,0,0,0,0,0,0,0,0,0,-6,-6,-6,-6,-7,-6,-7,-6,-7,-6,-7,-6,-8,-6,-8,-6,-8,-5,-9,-6,-8,-5,-9,-5,-9,-5,-9,-5,-10,-4,-10,-4,-10,-4,-10,-3,-11,-3,-11,-3,-11,-3,-12,-2,-12,-2,-12,-2,-13,-2,-13,-2,0,0,-14,-2,-14,-1,-14,-1,-14,-1,-14,-2,-15,-2,-15,-2,-15,-2,-15,-3,-15,-3,-14,-3,-14,-3,-14,-4,-14,-4,-13,-4,-13,-4,-13,-4,-12,-4,-12,-4,-11,-5,-11,-5,-11,-5,-10,-5,-10,-6,-10,-6,-9,-6,0,0,0,0,0,0,0,0,0,0,0.0,0.0,0.0,0.0,0.0,0.0,8.48528137423857,8.48528137423857,9.219544457292887,9.219544457292887,9.219544457292887,9.219544457292887,10.0,10.0,9.433981132056603,10.816653826391969,9.433981132056603,10.295630140987,10.295630140987,10.295630140987,10.770329614269007,10.770329614269007,10.770329614269007,10.44030650891055,11.40175425099138,11.40175425099138,11.40175425099138,12.165525060596439,12.165525060596439,12.165525060596439,13.152946437965905,13.152946437965905,0.0,14.142135623730951,14.035668847618199,14.035668847618199,14.035668847618199,14.142135623730951,15.132745950421556,15.132745950421556,15.132745950421556,15.297058540778355,15.297058540778355,14.317821063276353,14.317821063276353,14.560219778561036,14.560219778561036,13.601470508735444,13.601470508735444,13.601470508735444,12.649110640673518,12.649110640673518,12.083045973594572,12.083045973594572,12.083045973594572,11.180339887498949,11.661903789690601,11.661903789690601,10.816653826391969,0.0,0.0,0.0,0.0,0.0,0.0,0.0,0.0,0.0,0.0,0.0,-2.356194490192345,-2.356194490192345,-2.432966381462123,-2.432966381462123,-2.432966381462123,-2.432966381462123,-2.498091544796509,-2.498091544796509,-2.5829933382462307,-2.5535900500422257,-2.5829933382462307,-2.6344941491974563,-2.6344941491974563,-2.6344941491974563,-2.761086276477428,-2.761086276477428,-2.761086276477428,-2.8501358591119264,-2.875340604438868,-2.875340604438868,-2.875340604438868,-2.976443976175166,-2.976443976175166,-2.976443976175166,-2.988943325194528,-2.988943325194528,0.0,-2.999695598985629,-3.070285188804503,-3.070285188804503,-3.070285188804503,-2.999695598985629,-3.0090411212931194,-3.0090411212931194,-3.0090411212931194,-2.9441970937399127,-2.9441970937399127,-2.930499320367047,-2.930499320367047,-2.8632929945846817,-2.8632929945846817,-2.843093722003614,-2.843093722003614,-2.843093722003614,-2.819842099193151,-2.819842099193151,-2.714965160462917,-2.714965160462917,-2.714965160462917,-2.677945044588987,-2.601173153319209,-2.601173153319209,-2.5535900500422257,0.0,0.0,0.0,0.0,0.0
24.83086360299785,tx,1a:00:00:00:00:00,-54,87.78904722098974,64,0.6604645878624871,6.637440236106581,0,0,0,0,0,0,0,0,0,0,0,0,-7,5,-7,6,-7,6,-7,6,-6,6,-6,7,-6,7,-5,7,-6,7,-5,8,-5,8,-5,8,-4,8,-4,9,-4,9,-4,9,-3,10,-3,9,-3,10,-3,10,-2,11,-2,11,-1,11,-1,12,-1,12,-1,13,0,0,-1,13,-1,14,-1,14,-1,13,-1,14,-1,15,-1,15,-1,15,-2,15,-2,14,-2,14,-2,14,-3,14,-2,14,-3,13,-4,13,-3,13,-3,12,-4,12,-4,11,-4,11,-5,11,-4,11,-5,10,-5,10,-6,9,0,0,0,0,0,0,0,0,0,0,0.0,0.0,0.0,0.0,0.0,0.0,8.602325267042627,9.219544457292887,9.219544457292887,9.219544457292887,8.48528137423857,9.219544457292887,9.219544457292887,8.602325267042627,9.219544457292887,9.433981132056603,9.433981132056603,9.433981132056603,8.94427190999916,9.848857801796104,9.848857801796104,9.848857801796104,10.44030650891055,9.486832980505138,10.44030650891055,10.44030650891055,11.180339887498949,11.180339887498949,11.045361017187261,12.041594578792296,12.041594578792296,13.038404810405298,0.0,13.038404810405298,14.035668847618199,14.035668847618199,13.038404810405298,14.035668847618199,15.033296378372908,15.033296378372908,15.033296378372908,15.132745950421556,14.142135623730951,14.142135623730951,14.142135623730951,14.317821063276353,14.142135623730951,13.341664064126334,13.601470508735444,13.341664064126334,12.36931687685298,12.649110640673518,11.704699910719626,11.704699910719626,12.083045973594572,11.704699910719626,11.180339887498949,11.180339887498949,10.816653826391969,0.0,0.0,0.0,0.0,0.0,0.0,0.0,0.0,0.0,0.0,0.0,2.5213431676069717,2.432966381462123,2.432966381462123,2.432966381462123,2.356194490192345,2.279422598922567,2.279422598922567,2.191045812777718,2.279422598922567,2.129395642138459,2.129395642138459,2.129395642138459,2.0344439357957027,1.9890206563741257,1.9890206563741257,1.9890206563741257,1.8622531212727638,1.892546881191539,1.8622531212727638,1.8622531212727638,1.750649826587375,1.750649826587375,1.6614562139956417,1.6539375586833378,1.6539375586833378,1.6475682180646747,0.0,1.6475682180646747,1.642103791580187,1.642103791580187,1.6475682180646747,1.642103791580187,1.6373644905707205,1.6373644905707205,1.6373644905707205,1.7033478590915707,1.7126933813990606,1.7126933813990606,1.7126933813990606,1.7818896600176433,1.7126933813990606,1.7975951748487824,1.8692952583810758,1.7975951748487824,1.8157749899217608,1.892546881191539,1.9195673303788037,1.9195673303788037,1.9974238199217726,1.9195673303788037,2.0344439357957027,2.0344439357957027,2.158798930342464,0.0,0.0,0.0,0.0,0.0
24.932687720000104,tx,1a:00:00:00:00:00,-55,87.78904722098974,64,0.6608363590028253,6.668225518575856,0,0,0,0,0,0,0,0,0,0,0,0,-5,6,-5,5,-5,7,-5,6,-5,7,-5,6,-5,7,-5,7,-4,8,-5,8,-4,8,-4,8,-4,9,-3,9,-3,9,-2,9,-2,9,-1,10,-1,10,-1,10,-1,11,0,11,-1,12,0,11,0,12,0,11,0,0,1,12,1,13,1,13,2,14,1,13,1,14,1,14,0,14,1,14,0,14,0,14,-1,13,-1,13,-1,12,-1,13,-1,12,-2,13,-1,12,-2,11,-2,11,-2,11,-2,11,-3,11,-3,10,-3,10,-4,9,0,0,0,0,0,0,0,0,0,0,0.0,0.0,0.0,0.0,0.0,0.0,7.810249675906654,7.0710678118654755,8.602325267042627,7.810249675906654,8.602325267042627,7.810249675906654,8.602325267042627,8.602325267042627,8.94427190999916,9.433981132056603,8.94427190999916,8.94427190999916,9.848857801796104,9.486832980505138,9.486832980505138,9.219544457292887,9.219544457292887,10.04987562112089,10.04987562112089,10.04987562112089,11.045361017187261,11.0,12.041594578792296,11.0,12.0,11.0,0.0,12.041594578792296,13.038404810405298,13.038404810405298,14.142135623730951,13.038404810405298,14.035668847618199,14.035668847618199,14.0,14.035668847618199,14.0,14.0,13.038404810405298,13.038404810405298,12.041594578792296,13.038404810405298,12.041594578792296,13.152946437965905,12.041594578792296,11.180339887498949,11.180339887498949,11.180339887498949,11.180339887498949,11.40175425099138,10.44030650891055,10.44030650891055,9.848857801796104,0.0,0.0,0.0,0.0,0.0,0.0,0.0,0.0,0.0,0.0,0.0,2.2655346029916,2.356194490192345,2.191045812777718,2.2655346029916,2.191045812777718,2.2655346029916,2.191045812777718,2.191045812777718,2.0344439357957027,2.129395642138459,2.0344439357957027,2.0344439357957027,1.9890206563741257,1.892546881191539,1.892546881191539,1.7894652726688385,1.7894652726688385,1.6704649792860586,1.6704649792860586,1.6704649792860586,1.6614562139956417,1.5707963267948966,1.6539375586833378,1.5707963267948966,1.5707963267948966,1.5707963267948966,0.0,1.4876550949064553,1.4940244355251187,1.4940244355251187,1.4288992721907328,1.4940244355251187,1.4994888620096063,1.4994888620096063,1.5707963267948966,1.4994888620096063,1.5707963267948966,1.5707963267948966,1.6475682180646747,1.6475682180646747,1.6539375586833378,1.6475682180646747,1.6539375586833378,1.7234456551901618,1.6539375586833378,1.750649826587375,1.750649826587375,1.750649826587375,1.750649826587375,1.837048375945822,1.8622531212727638,1.8622531212727638,1.9890206563741257,0.0,0.0,0.0,0.0,0.0
25.043252350995317,tx,1a:00:00:00:00:00,-54,87.78904722098974,64,0.6611673733562684,6.7095729731761855,0,0,0,0,0,0,0,0,0,0,0,0,4,-7,4,-8,4,-8,4,-8,3,-8,4,-9,3,-9,3,-9,3,-9,2,-9,2,-10,1,-10,1,-10,1,-10,1,-11,1,-10,1,-11,0,-11,-1,-12,-1,-12,-1,-12,-2,-12,-2,-12,-3,-13,-3,-14,-3,-14,0,0,-3,-14,-3,-14,-3,-15,-3,-14,-3,-15,-3,-16,-3,-15,-3,-15,-2,-16,-2,-15,-2,-15,-1,-15,-2,-16,-1,-16,0,-14,0,-15,0,-14,0,-14,0,-14,1,-13,1,-13,2,-13,1,-12,2,-12,2,-11,2,-11,0,0,0,0,0,0,0,0,0,0,0.0,0.0,0.0,0.0,0.0,0.0,8.06225774829855,8.94427190999916,8.94427190999916,8.94427190999916,8.54400374531753,9.848857801796104,9.486832980505138,9.486832980505138,9.486832980505138,9.219544457292887,10.198039027185569,10.04987562112089,10.04987562112089,10.04987562112089,11.045361017187261,10.04987562112089,11.045361017187261,11.0,12.041594578792296,12.041594578792296,12.041594578792296,12.165525060596439,12.165525060596439,13.341664064126334,14.317821063276353,14.317821063276353,0.0,14.317821063276353,14.317821063276353,15.297058540778355,14.317821063276353,15.297058540778355,16.278820596099706,15.297058540778355,15.297058540778355,16.1245154965971,15.132745950421556,15.132745950421556,15.033296378372908,16.1245154965971,16.0312195418814,14.0,15.0,14.0,14.0,14.0,13.038404810405298,13.038404810405298,13.152946437965905,12.041594578792296,12.165525060596439,11.180339887498949,11.180339887498949,0.0,0.0,0.0,0.0,0.0,0.0,0.0,0.0,0.0,0.0,0.0,-1.0516502125483738,-1.1071487177940904,-1.1071487177940904,-1.1071487177940904,-1.2120256565243244,-1.1525719972156676,-1.2490457723982544,-1.2490457723982544,-1.2490457723982544,-1.3521273809209546,-1.373400766945016,-1.4711276743037347,-1.4711276743037347,-1.4711276743037347,-1.4801364395941514,-1.4711276743037347,-1.4801364395941514,-1.5707963267948966,-1.6539375586833378,-1.6539375586833378,-1.6539375586833378,-1.7359450042095235,-1.7359450042095235,-1.7975951748487824,-1.7818896600176433,-1.7818896600176433,0.0,-1.7818896600176433,-1.7818896600176433,-1.7681918866447774,-1.7818896600176433,-1.7681918866447774,-1.7561442767905915,-1.7681918866447774,-1.7681918866447774,-1.695151321341658,-1.7033478590915707,-1.7033478590915707,-1.6373644905707205,-1.695151321341658,-1.633215136790854,-1.5707963267948966,-1.5707963267948966,-1.5707963267948966,-1.5707963267948966,-1.5707963267948966,-1.4940244355251187,-1.4940244355251187,-1.4181469983996315,-1.4876550949064553,-1.4056476493802699,-1.3909428270024184,-1.3909428270024184,0.0,0.0,0.0,0.0,0.0
25.143668697994144,tx,1a:00:00:00:00:00,-55,87.78904722098974,64,0.6608021309653241,6.7575542814501475,0,0,0,0,0,0,0,0,0,0,0,0,6,4,7,3,7,3,8,3,8,3,8,3,8,3,9,2,9,2,9,2,9,2,9,2,9,1,10,1,10,1,10,0,10,0,10,0,11,-1,11,-2,11,-2,11,-2,11,-2,12,-3,12,-3,12,-3,0,0,13,-4,13,-4,14,-4,14,-4,14,-4,15,-4,15,-4,15,-4,15,-4,15,-3,15,-3,15,-2,14,-2,15,-2,14,-1,14,-1,14,-1,13,-1,13,-1,12,0,13,0,12,1,12,1,11,2,11,2,11,3,0,0,0,0,0,0,0,0,0,0,0.0,0.0,0.0,0.0,0.0,0.0,7.211102550927978,7.615773105863909,7.615773105863909,8.54400374531753,8.54400374531753,8.54400374531753,8.54400374531753,9.219544457292887,9.219544457292887,9.219544457292887,9.219544457292887,9.219544457292887,9.055385138137417,10.04987562112089,10.04987562112089,10.0,10.0,10.0,11.045361017187261,11.180339887498949,11.180339887498949,11.180339887498949,11.180339887498949,12.36931687685298,12.36931687685298,12.36931687685298,0.0,13.601470508735444,13.601470508735444,14.560219778561036,14.560219778561036,14.560219778561036,15.524174696260024,15.524174696260024,15.524174696260024,15.524174696260024,15.297058540778355,15.297058540778355,15.132745950421556,14.142135623730951,15.132745950421556,14.035668847618199,14.035668847618199,14.035668847618199,13.038404810405298,13.038404810405298,12.0,13.0,12.041594578792296,12.041594578792296,11.180339887498949,11.180339887498949,11.40175425099138,0.0,0.0,0.0,0.0,0.0,0.0,0.0,0.0,0.0,0.0,0.0,0.5880026035475675,0.40489178628508343,0.40489178628508343,0.35877067027057225,0.35877067027057225,0.35877067027057225,0.35877067027057225,0.21866894587394195,0.21866894587394195,0.21866894587394195,0.21866894587394195,0.21866894587394195,0.11065722117389565,0.09966865249116202,0.09966865249116202,0.0,0.0,0.0,-0.09065988720074511,-0.17985349979247828,-0.17985349979247828,-0.17985349979247828,-0.17985349979247828,-0.24497866312686414,-0.24497866312686414,-0.24497866312686414,0.0,-0.2984989315861793,-0.2984989315861793,-0.27829965900511133,-0.27829965900511133,-0.27829965900511133,-0.260602391747341,-0.260602391747341,-0.260602391747341,-0.260602391747341,-0.19739555984988075,-0.19739555984988075,-0.13255153229667402,-0.14189705460416394,-0.13255153229667402,-0.07130746478529032,-0.07130746478529032,-0.07130746478529032,-0.07677189126977804,-0.07677189126977804,0.0,0.0,0.08314123188844123,0.08314123188844123,0.17985349979247828,0.17985349979247828,0.2662520491509254,0.0,0.0,0.0,0.0,0.0
25.246973814995727,tx,1a:00:00:00:00:00,-55,87.78904722098974,64,0.6607316052392644,6.809328534765424,0,0,0,0,0,0,0,0,0,0,0,0,-6,-6,-6,-6,-7,-6,-7,-5,-8,-6,-7,-5,-8,-5,-8,-5,-8,-5,-9,-5,-9,-4,-9,-4,-10,-4,-10,-4,-10,-3,-10,-3,-10,-2,-11,-2,-11,-1,-11,-1,-12,-1,-12,-1,-12,0,-12,0,-13,1,-13,1,0,0,-14,1,-15,1,-14,1,-14,2,-14,1,-15,1,-15,1,-15,1,-16,0,-15,0,-15,0,-15,0,-15,0,-15,0,-15,-1,-14,-1,-14,-1,-13,-1,-13,-1,-13,-2,-13,-2,-13,-3,-12,-3,-11,-3,-11,-3,-11,-4,0,0,0,0,0,0,0,0,0,0,0.0,0.0,0.0,0.0,0.0,0.0,8.48528137423857,8.48528137423857,9.219544457292887,8.602325267042627,10.0,8.602325267042627,9.433981132056603,9.433981132056603,9.433981132056603,10.295630140987,9.848857801796104,9.848857801796104,10.770329614269007,10.770329614269007,10.44030650891055,10.44030650891055,10.198039027185569,11.180339887498949,11.045361017187261,11.045361017187261,12.041594578792296,12.041594578792296,12.0,12.0,13.038404810405298,13.038404810405298,0.0,14.035668847618199,15.033296378372908,14.035668847618199,14.142135623730951,14.035668847618199,15.033296378372908,15.033296378372908,15.033296378372908,16.0,15.0,15.0,15.0,15.0,15.0,15.033296378372908,14.035668847618199,14.035668847618199,13.038404810405298,13.038404810405298,13.152946437965905,13.152946437965905,13.341664064126334,12.36931687685298,11.40175425099138,11.40175425099138,11.704699910719626,0.0,0.0,0.0,0.0,0.0,0.0,0.0,0.0,0.0,0.0,0.0,-2.356194490192345,-2.356194490192345,-2.432966381462123,-2.5213431676069717,-2.498091544796509,-2.5213431676069717,-2.5829933382462307,-2.5829933382462307,-2.5829933382462307,-2.6344941491974563,-2.723368324010564,-2.723368324010564,-2.761086276477428,-2.761086276477428,-2.8501358591119264,-2.8501358591119264,-2.9441970937399127,-2.961739153797315,-3.050932766389048,-3.050932766389048,-3.058451421701352,-3.058451421701352,3.141592653589793,3.141592653589793,3.064820762320015,3.064820762320015,0.0,3.070285188804503,3.0750244898139694,3.070285188804503,2.999695598985629,3.070285188804503,3.0750244898139694,3.0750244898139694,3.0750244898139694,3.141592653589793,3.141592653589793,3.141592653589793,3.141592653589793,3.141592653589793,3.141592653589793,-3.0750244898139694,-3.070285188804503,-3.070285188804503,-3.064820762320015,-3.064820762320015,-2.988943325194528,-2.988943325194528,-2.9147938055359073,-2.896613990462929,-2.875340604438868,-2.875340604438868,-2.7928216500058864,0.0,0.0,0.0,0.0,0.0
25.348448806995293,tx,1a:00:00:00:00:00,-54,87.78904722098974,64,0.6609204173915451,6.8628562868097305,0,0,0,0,0,0,0,0,0,0,0,0,1,7,1,8,2,8,2,8,2,8,2,8,3,8,3,8,3,8,4,8,4,8,4,8,5,8,5,8,6,8,6,7,6,8,6,7,8,8,8,7,8,7,8,7,9,7,10,7,10,7,11,7,0,0,11,7,11,8,12,8,11,7,12,8,12,8,12,9,12,9,12,9,11,9,11,9,11,9,10,9,10,9,9,9,10,10,9,9,9,9,8,9,8,9,8,9,7,9,6,9,6,9,6,9,5,9,0,0,0,0,0,0,0,0,0,0,0.0,0.0,0.0,0.0,0.0,0.0,7.0710678118654755,8.06225774829855,8.246211251235321,8.246211251235321,8.246211251235321,8.246211251235321,8.54400374531753,8.54400374531753,8.54400374531753,8.94427190999916,8.94427190999916,8.94427190999916,9.433981132056603,9.433981132056603,10.0,9.219544457292887,10.0,9.219544457292887,11.313708498984761,10.63014581273465,10.63014581273465,10.63014581273465,11.40175425099138,12.206555615733702,12.206555615733702,13.038404810405298,0.0,13.038404810405298,13.601470508735444,14.422205101855956,13.038404810405298,14.422205101855956,14.422205101855956,15.0,15.0,15.0,14.212670403551895,14.212670403551895,14.212670403551895,13.45362404707371,13.45362404707371,12.727922061357855,14.142135623730951,12.727922061357855,12.727922061357855,12.041594578792296,12.041594578792296,12.041594578792296,11.40175425099138,10.816653826391969,10.816653826391969,10.816653826391969,10.295630140987,0.0,0.0,0.0,0.0,0.0,0.0,0.0,0.0,0.0,0.0,0.0,1.4288992721907328,1.446441332248135,1.3258176636680326,1.3258176636680326,1.3258176636680326,1.3258176636680326,1.2120256565243244,1.2120256565243244,1.2120256565243244,1.1071487177940904,1.1071487177940904,1.1071487177940904,1.0121970114513341,1.0121970114513341,0.9272952180016122,0.8621700546672264,0.9272952180016122,0.8621700546672264,0.7853981633974483,0.7188299996216245,0.7188299996216245,0.7188299996216245,0.6610431688506869,0.6107259643892086,0.6107259643892086,0.5667292175235064,0.0,0.5667292175235064,0.628796286415433,0.5880026035475675,0.5667292175235064,0.5880026035475675,0.5880026035475675,0.6435011087932844,0.6435011087932844,0.6435011087932844,0.6857295109062863,0.6857295109062863,0.6857295109062863,0.7328151017865066,0.7328151017865066,0.7853981633974483,0.7853981633974483,0.7853981633974483,0.7853981633974483,0.844153986113171,0.844153986113171,0.844153986113171,0.9097531579442097,0.982793723247329,0.982793723247329,0.982793723247329,1.0636978224025597,0.0,0.0,0.0,0.0,0.0
25.45237748699583,tx,1a:00:00:00:00:00,-54,87.78904722098974,64,0.6610819292647645,6.916648302735261,0,0,0,0,0,0,0,0,0,0,0,0,-1,-9,-1,-9,-1,-9,-1,-9,-2,-9,-2,-9,-2,-9,-2,-9,-3,-9,-3,-10,-4,-10,-4,-10,-4,-9,-5,-9,-5,-9,-6,-9,-6,-9,-6,-9,-7,-9,-8,-9,-7,-9,-8,-9,-9,-9,-9,-9,-10,-9,-10,-9,0,0,-10,-10,-11,-10,-11,-10,-12,-10,-11,-10,-12,-11,-12,-11,-11,-11,-11,-11,-11,-11,-11,-11,-10,-11,-10,-12,-10,-11,-10,-11,-9,-11,-9,-12,-9,-11,-8,-11,-8,-11,-8,-11,-7,-11,-6,-11,-6,-11,-5,-11,-4,-10,0,0,0,0,0,0,0,0,0,0,0.0,0.0,0.0,0.0,0.0,0.0,9.055385138137417,9.055385138137417,9.055385138137417,9.055385138137417,9.219544457292887,9.219544457292887,9.219544457292887,9.219544457292887,9.486832980505138,10.44030650891055,10.770329614269007,10.770329614269007,9.848857801796104,10.295630140987,10.295630140987,10.816653826391969,10.816653826391969,10.816653826391969,11.40175425099138,12.041594578792296,11.40175425099138,12.041594578792296,12.727922061357855,12.727922061357855,13.45362404707371,13.45362404707371,0.0,14.142135623730951,14.866068747318506,14.866068747318506,15.620499351813308,14.866068747318506,16.278820596099706,16.278820596099706,15.556349186104045,15.556349186104045,15.556349186104045,15.556349186104045,14.866068747318506,15.620499351813308,14.866068747318506,14.866068747318506,14.212670403551895,15.0,14.212670403551895,13.601470508735444,13.601470508735444,13.601470508735444,13.038404810405298,12.529964086141668,12.529964086141668,12.083045973594572,10.770329614269007,0.0,0.0,0.0,0.0,0.0,0.0,0.0,0.0,0.0,0.0,0.0,-1.6814535479687922,-1.6814535479687922,-1.6814535479687922,-1.6814535479687922,-1.7894652726688385,-1.7894652726688385,-1.7894652726688385,-1.7894652726688385,-1.892546881191539,-1.8622531212727638,-1.9513027039072615,-1.9513027039072615,-1.9890206563741257,-2.0778948311872334,-2.0778948311872334,-2.158798930342464,-2.158798930342464,-2.158798930342464,-2.2318394956455836,-2.297438667476622,-2.2318394956455836,-2.297438667476622,-2.356194490192345,-2.356194490192345,-2.408777551803287,-2.408777551803287,0.0,-2.356194490192345,-2.403777593469328,-2.403777593469328,-2.44685437739309,-2.403777593469328,-2.399645385583876,-2.399645385583876,-2.356194490192345,-2.356194490192345,-2.356194490192345,-2.356194490192345,-2.3086113869153615,-2.2655346029916,-2.3086113869153615,-2.3086113869153615,-2.256525837701183,-2.214297435588181,-2.256525837701183,-2.1995926132103296,-2.1995926132103296,-2.1995926132103296,-2.137525544318403,-2.0701430484750265,-2.0701430484750265,-1.9974238199217726,-1.9513027039072615,0.0,0.0,0.0,0.0,0.0
25.55431726599636,tx,1a:00:00:00:00:00,-54,87.78904722098974,64,0.6615898266244037,6.9696755679612465,0,0,0,0,0,0,0,0,0,0,0,0,3,-8,3,-9,3,-9,3,-9,2,-9,2,-10,2,-10,1,-10,2,-10,1,-10,1,-10,0,-10,0,-11,0,-11,-1,-11,-1,-10,-1,-11,-2,-11,-2,-12,-2,-12,-3,-12,-3,-12,-4,-12,-4,-12,-4,-13,-5,-13,0,0,-5,-14,-5,-13,-5,-15,-5,-13,-5,-14,-5,-15,-4,-15,-4,-15,-4,-15,-4,-14,-4,-15,-3,-15,-3,-15,-3,-15,-2,-14,-2,-15,-2,-14,-1,-14,-1,-14,-1,-13,-1,-13,0,-13,0,-12,0,-12,1,-11,2,-11,0,0,0,0,0,0,0,0,0,0,0.0,0.0,0.0,0.0,0.0,0.0,8.54400374531753,9.486832980505138,9.486832980505138,9.486832980505138,9.219544457292887,10.198039027185569,10.198039027185569,10.04987562112089,10.198039027185569,10.04987562112089,10.04987562112089,10.0,11.0,11.0,11.045361017187261,10.04987562112089,11.045361017187261,11.180339887498949,12.165525060596439,12.165525060596439,12.36931687685298,12.36931687685298,12.649110640673518,12.649110640673518,13.601470508735444,13.92838827718412,0.0,14.866068747318506,13.92838827718412,15.811388300841896,13.92838827718412,14.866068747318506,15.811388300841896,15.524174696260024,15.524174696260024,15.524174696260024,14.560219778561036,15.524174696260024,15.297058540778355,15.297058540778355,15.297058540778355,14.142135623730951,15.132745950421556,14.142135623730951,14.035668847618199,14.035668847618199,13.038404810405298,13.038404810405298,13.0,12.0,12.0,11.045361017187261,11.180339887498949,0.0,0.0,0.0,0.0,0.0,0.0,0.0,0.0,0.0,0.0,0.0,-1.2120256565243244,-1.2490457723982544,-1.2490457723982544,-1.2490457723982544,-1.3521273809209546,-1.373400766945016,-1.373400766945016,-1.4711276743037347,-1.373400766945016,-1.4711276743037347,-1.4711276743037347,-1.5707963267948966,-1.5707963267948966,-1.5707963267948966,-1.6614562139956417,-1.6704649792860586,-1.6614562139956417,-1.750649826587375,-1.7359450042095235,-1.7359450042095235,-1.8157749899217608,-1.8157749899217608,-1.892546881191539,-1.892546881191539,-1.8692952583810758,-1.9379701606131159,0.0,-1.9138202672156,-1.9379701606131159,-1.892546881191539,-1.9379701606131159,-1.9138202672156,-1.892546881191539,-1.8313987185422376,-1.8313987185422376,-1.8313987185422376,-1.849095985800008,-1.8313987185422376,-1.7681918866447774,-1.7681918866447774,-1.7681918866447774,-1.7126933813990606,-1.7033478590915707,-1.7126933813990606,-1.642103791580187,-1.642103791580187,-1.6475682180646747,-1.6475682180646747,-1.5707963267948966,-1.5707963267948966,-1.5707963267948966,-1.4801364395941514,-1.3909428270024184,0.0,0.0,0.0,0.0,0.0
25.6570842039946,tx,1a:00:00:00:00:00,-54,87.78904722098974,64,0.661562067107923,7.0212777514791584,0,0,0,0,0,0,0,0,0,0,0,0,6,-6,6,-6,6,-7,6,-7,6,-7,5,-7,5,-8,5,-7,5,-8,6,-8,5,-8,5,-8,5,-9,4,-9,4,-9,3,-10,3,-10,3,-10,3,-11,2,-11,2,-12,1,-12,2,-12,2,-13,2,-13,1,-13,0,0,1,-14,1,-14,0,-14,1,-15,1,-15,1,-15,1,-15,2,-15,1,-15,2,-15,2,-15,3,-14,3,-14,3,-14,2,-14,3,-13,3,-14,3,-13,3,-12,3,-12,4,-12,4,-12,5,-11,5,-11,5,-10,5,-9,0,0,0,0,0,0,0,0,0,0,0.0,0.0,0.0,0.0,0.0,0.0,8.48528137423857,8.48528137423857,9.219544457292887,9.219544457292887,9.219544457292887,8.602325267042627,9.433981132056603,8.602325267042627,9.433981132056603,10.0,9.433981132056603,9.433981132056603,10.295630140987,9.848857801796104,9.848857801796104,10.44030650891055,10.44030650891055,10.44030650891055,11.40175425099138,11.180339887498949,12.165525060596439,12.041594578792296,12.165525060596439,13.152946437965905,13.152946437965905,13.038404810405298,0.0,14.035668847618199,14.035668847618199,14.0,15.033296378372908,15.033296378372908,15.033296378372908,15.033296378372908,15.132745950421556,15.033296378372908,15.132745950421556,15.132745950421556,14.317821063276353,14.317821063276353,14.317821063276353,14.142135623730951,13.341664064126334,14.317821063276353,13.341664064126334,12.36931687685298,12.36931687685298,12.649110640673518,12.649110640673518,12.083045973594572,12.083045973594572,11.180339887498949,10.295630140987,0.0,0.0,0.0,0.0,0.0,0.0,0.0,0.0,0.0,0.0,0.0,-0.7853981633974483,-0.7853981633974483,-0.8621700546672264,-0.8621700546672264,-0.8621700546672264,-0.9505468408120752,-1.0121970114513341,-0.9505468408120752,-1.0121970114513341,-0.9272952180016122,-1.0121970114513341,-1.0121970114513341,-1.0636978224025597,-1.1525719972156676,-1.1525719972156676,-1.2793395323170296,-1.2793395323170296,-1.2793395323170296,-1.3045442776439713,-1.3909428270024184,-1.4056476493802699,-1.4876550949064553,-1.4056476493802699,-1.4181469983996315,-1.4181469983996315,-1.4940244355251187,0.0,-1.4994888620096063,-1.4994888620096063,-1.5707963267948966,-1.5042281630190728,-1.5042281630190728,-1.5042281630190728,-1.5042281630190728,-1.4382447944982226,-1.5042281630190728,-1.4382447944982226,-1.4382447944982226,-1.35970299357215,-1.35970299357215,-1.35970299357215,-1.4288992721907328,-1.3439974787410107,-1.35970299357215,-1.3439974787410107,-1.3258176636680326,-1.3258176636680326,-1.2490457723982544,-1.2490457723982544,-1.1441688336680205,-1.1441688336680205,-1.1071487177940904,-1.0636978224025597,0.0,0.0,0.0,0.0,0.0
25.76106407000043,tx,1a:00:00:00:00:00,-55,83.42228126489144,64,0.6604492061193754,7.102876125290317,0,0,0,0,0,0,0,0,0,0,0,0,-9,1,-8,0,-10,1,-8,-1,-8,1,-8,1,-8,3,-9,3,-9,3,-9,2,-10,2,-9,3,-9,3,-9,3,-8,4,-9,6,-8,5,-9,6,-8,6,-8,7,-8,7,-8,8,-9,8,-8,8,-9,8,-8,8,0,0,-8,9,-9,11,-8,10,-10,11,-9,10,-9,11,-10,11,-10,10,-10,10,-11,10,-11,9,-11,9,-11,9,-10,8,-11,9,-9,8,-11,9,-10,7,-10,7,-10,7,-10,6,-10,6,-11,6,-10,5,-10,4,-10,3,0,0,0,0,0,0,0,0,0,0,0.0,0.0,0.0,0.0,0.0,0.0,9.055385138137417,8.0,10.04987562112089,8.06225774829855,8.06225774829855,8.06225774829855,8.54400374531753,9.486832980505138,9.486832980505138,9.219544457292887,10.198039027185569,9.486832980505138,9.486832980505138,9.486832980505138,8.94427190999916,10.816653826391969,9.433981132056603,10.816653826391969,10.0,10.63014581273465,10.63014581273465,11.313708498984761,12.041594578792296,11.313708498984761,12.041594578792296,11.313708498984761,0.0,12.041594578792296,14.212670403551895,12.806248474865697,14.866068747318506,13.45362404707371,14.212670403551895,14.866068747318506,14.142135623730951,14.142135623730951,14.866068747318506,14.212670403551895,14.212670403551895,14.212670403551895,12.806248474865697,14.212670403551895,12.041594578792296,14.212670403551895,12.206555615733702,12.206555615733702,12.206555615733702,11.661903789690601,11.661903789690601,12.529964086141668,11.180339887498949,10.770329614269007,10.44030650891055,0.0,0.0,0.0,0.0,0.0,0.0,0.0,0.0,0.0,0.0,0.0,3.0309354324158977,3.141592653589793,3.0419240010986313,-3.017237659043032,3.017237659043032,3.017237659043032,2.782821983319221,2.819842099193151,2.819842099193151,2.922923707715851,2.9441970937399127,2.819842099193151,2.819842099193151,2.819842099193151,2.677945044588987,2.5535900500422257,2.5829933382462307,2.5535900500422257,2.498091544796509,2.4227626539681686,2.4227626539681686,2.356194490192345,2.4149503129080676,2.356194490192345,2.4149503129080676,2.356194490192345,0.0,2.297438667476622,2.256525837701183,2.2455372690184494,2.3086113869153615,2.3036114285814033,2.256525837701183,2.3086113869153615,2.356194490192345,2.356194490192345,2.403777593469328,2.455863142683507,2.455863142683507,2.455863142683507,2.4668517113662407,2.455863142683507,2.4149503129080676,2.455863142683507,2.5308666892005847,2.5308666892005847,2.5308666892005847,2.601173153319209,2.601173153319209,2.642245931909663,2.677945044588987,2.761086276477428,2.8501358591119264,0.0,0.0,0.0,0.0,0.0
25.870909846998984,tx,1a:00:00:00:00:00,-54,83.42228126489144,64,0.6593375201025783,7.163284229187803,0,0,0,0,0,0,0,0,0,0,0,0,6,-5,6,-5,6,-6,6,-6,6,-6,6,-6,5,-7,5,-7,5,-7,5,-8,5,-8,5,-8,5,-9,4,-9,4,-9,3,-10,3,-10,3,-10,3,-11,2,-11,2,-11,2,-12,2,-11,2,-12,1,-13,1,-13,0,0,1,-13,1,-14,0,-15,0,-14,1,-15,1,-15,1,-15,1,-15,1,-15,2,-15,2,-15,2,-15,3,-14,3,-14,2,-14,3,-14,3,-14,3,-13,3,-13,3,-12,4,-12,4,-12,4,-11,5,-11,5,-10,5,-10,0,0,0,0,0,0,0,0,0,0,0.0,0.0,0.0,0.0,0.0,0.0,7.810249675906654,7.810249675906654,8.48528137423857,8.48528137423857,8.48528137423857,8.48528137423857,8.602325267042627,8.602325267042627,8.602325267042627,9.433981132056603,9.433981132056603,9.433981132056603,10.295630140987,9.848857801796104,9.848857801796104,10.44030650891055,10.44030650891055,10.44030650891055,11.40175425099138,11.180339887498949,11.180339887498949,12.165525060596439,11.180339887498949,12.165525060596439,13.038404810405298,13.038404810405298,0.0,13.038404810405298,14.035668847618199,15.0,14.0,15.033296378372908,15.033296378372908,15.033296378372908,15.033296378372908,15.033296378372908,15.132745950421556,15.132745950421556,15.132745950421556,14.317821063276353,14.317821063276353,14.142135623730951,14.317821063276353,14.317821063276353,13.341664064126334,13.341664064126334,12.36931687685298,12.649110640673518,12.649110640673518,11.704699910719626,12.083045973594572,11.180339887498949,11.180339887498949,0.0,0.0,0.0,0.0,0.0,0.0,0.0,0.0,0.0,0.0,0.0,-0.6947382761967031,-0.6947382761967031,-0.7853981633974483,-0.7853981633974483,-0.7853981633974483,-0.7853981633974483,-0.9505468408120752,-0.9505468408120752,-0.9505468408120752,-1.0121970114513341,-1.0121970114513341,-1.0121970114513341,-1.0636978224025597,-1.1525719972156676,-1.1525719972156676,-1.2793395323170296,-1.2793395323170296,-1.2793395323170296,-1.3045442776439713,-1.3909428270024184,-1.3909428270024184,-1.4056476493802699,-1.3909428270024184,-1.4056476493802699,-1.4940244355251187,-1.4940244355251187,0.0,-1.4940244355251187,-1.4994888620096063,-1.5707963267948966,-1.5707963267948966,-1.5042281630190728,-1.5042281630190728,-1.5042281630190728,-1.5042281630190728,-1.5042281630190728,-1.4382447944982226,-1.4382447944982226,-1.4382447944982226,-1.35970299357215,-1.35970299357215,-1.4288992721907328,-1.35970299357215,-1.35970299357215,-1.3439974787410107,-1.3439974787410107,-1.3258176636680326,-1.2490457723982544,-1.2490457723982544,-1.2220253232109897,-1.1441688336680205,-1.1071487177940904,-1.1071487177940904,0.0,0.0,0.0,0.0,0.0
25.981247088995588,tx,1a:00:00:00:00:00,-55,83.42228126489144,64,0.6569452759126251,7.210926586161253,0,0,0,0,0,0,0,0,0,0,0,0,4,-8,4,-8,4,-8,4,-8,3,-9,3,-8,3,-9,3,-9,3,-9,2,-10,2,-10,1,-10,1,-11,1,-10,1,-11,1,-11,0,-11,0,-11,-1,-12,-1,-12,-1,-12,-1,-12,-2,-12,-3,-13,-3,-13,-3,-13,0,0,-3,-14,-3,-14,-3,-15,-3,-15,-3,-15,-3,-15,-3,-15,-2,-15,-2,-16,-2,-15,-2,-15,-1,-15,-1,-16,-1,-15,0,-15,0,-15,0,-14,0,-13,0,-13,1,-13,1,-13,2,-12,2,-12,2,-12,2,-11,3,-11,0,0,0,0,0,0,0,0,0,0,0.0,0.0,0.0,0.0,0.0,0.0,8.94427190999916,8.94427190999916,8.94427190999916,8.94427190999916,9.486832980505138,8.54400374531753,9.486832980505138,9.486832980505138,9.486832980505138,10.198039027185569,10.198039027185569,10.04987562112089,11.045361017187261,10.04987562112089,11.045361017187261,11.045361017187261,11.0,11.0,12.041594578792296,12.041594578792296,12.041594578792296,12.041594578792296,12.165525060596439,13.341664064126334,13.341664064126334,13.341664064126334,0.0,14.317821063276353,14.317821063276353,15.297058540778355,15.297058540778355,15.297058540778355,15.297058540778355,15.297058540778355,15.132745950421556,16.1245154965971,15.132745950421556,15.132745950421556,15.033296378372908,16.0312195418814,15.033296378372908,15.0,15.0,14.0,13.0,13.0,13.038404810405298,13.038404810405298,12.165525060596439,12.165525060596439,12.165525060596439,11.180339887498949,11.40175425099138,0.0,0.0,0.0,0.0,0.0,0.0,0.0,0.0,0.0,0.0,0.0,-1.1071487177940904,-1.1071487177940904,-1.1071487177940904,-1.1071487177940904,-1.2490457723982544,-1.2120256565243244,-1.2490457723982544,-1.2490457723982544,-1.2490457723982544,-1.373400766945016,-1.373400766945016,-1.4711276743037347,-1.4801364395941514,-1.4711276743037347,-1.4801364395941514,-1.4801364395941514,-1.5707963267948966,-1.5707963267948966,-1.6539375586833378,-1.6539375586833378,-1.6539375586833378,-1.6539375586833378,-1.7359450042095235,-1.7975951748487824,-1.7975951748487824,-1.7975951748487824,0.0,-1.7818896600176433,-1.7818896600176433,-1.7681918866447774,-1.7681918866447774,-1.7681918866447774,-1.7681918866447774,-1.7681918866447774,-1.7033478590915707,-1.695151321341658,-1.7033478590915707,-1.7033478590915707,-1.6373644905707205,-1.633215136790854,-1.6373644905707205,-1.5707963267948966,-1.5707963267948966,-1.5707963267948966,-1.5707963267948966,-1.5707963267948966,-1.4940244355251187,-1.4940244355251187,-1.4056476493802699,-1.4056476493802699,-1.4056476493802699,-1.3909428270024184,-1.3045442776439713,0.0,0.0,0.0,0.0,0.0
26.091553465994366,tx,1a:00:00:00:00:00,-55,83.42228126489144,64,0.6550245139548776,7.25074600282683,0,0,0,0,0,0,0,0,0,0,0,0,-2,-8,-2,-8,-3,-9,-3,-9,-3,-9,-3,-8,-4,-9,-4,-9,-4,-9,-5,-9,-5,-9,-5,-9,-6,-9,-6,-8,-6,-9,-7,-9,-7,-8,-8,-8,-8,-8,-9,-8,-9,-8,-9,-8,-10,-8,-10,-8,-11,-8,-10,-8,0,0,-12,-8,-12,-8,-12,-8,-12,-8,-12,-9,-13,-9,-13,-9,-12,-9,-13,-9,-12,-10,-12,-10,-11,-10,-11,-10,-10,-10,-11,-10,-10,-10,-10,-10,-9,-10,-9,-10,-9,-9,-8,-10,-8,-10,-7,-10,-6,-10,-6,-10,-5,-10,0,0,0,0,0,0,0,0,0,0,0.0,0.0,0.0,0.0,0.0,0.0,8.246211251235321,8.246211251235321,9.486832980505138,9.486832980505138,9.486832980505138,8.54400374531753,9.848857801796104,9.848857801796104,9.848857801796104,10.295630140987,10.295630140987,10.295630140987,10.816653826391969,10.0,10.816653826391969,11.40175425099138,10.63014581273465,11.313708498984761,11.313708498984761,12.041594578792296,12.041594578792296,12.041594578792296,12.806248474865697,12.806248474865697,13.601470508735444,12.806248474865697,0.0,14.422205101855956,14.422205101855956,14.422205101855956,14.422205101855956,15.0,15.811388300841896,15.811388300841896,15.0,15.811388300841896,15.620499351813308,15.620499351813308,14.866068747318506,14.866068747318506,14.142135623730951,14.866068747318506,14.142135623730951,14.142135623730951,13.45362404707371,13.45362404707371,12.727922061357855,12.806248474865697,12.806248474865697,12.206555615733702,11.661903789690601,11.661903789690601,11.180339887498949,0.0,0.0,0.0,0.0,0.0,0.0,0.0,0.0,0.0,0.0,0.0,-1.8157749899217608,-1.8157749899217608,-1.892546881191539,-1.892546881191539,-1.892546881191539,-1.9295669970654687,-1.9890206563741257,-1.9890206563741257,-1.9890206563741257,-2.0778948311872334,-2.0778948311872334,-2.0778948311872334,-2.158798930342464,-2.214297435588181,-2.158798930342464,-2.2318394956455836,-2.289626326416521,-2.356194490192345,-2.356194490192345,-2.4149503129080676,-2.4149503129080676,-2.4149503129080676,-2.4668517113662407,-2.4668517113662407,-2.5127963671743605,-2.4668517113662407,0.0,-2.5535900500422257,-2.5535900500422257,-2.5535900500422257,-2.5535900500422257,-2.498091544796509,-2.5360479899848234,-2.5360479899848234,-2.498091544796509,-2.5360479899848234,-2.44685437739309,-2.44685437739309,-2.403777593469328,-2.403777593469328,-2.356194490192345,-2.403777593469328,-2.356194490192345,-2.356194490192345,-2.3036114285814033,-2.3036114285814033,-2.356194490192345,-2.2455372690184494,-2.2455372690184494,-2.1815222911841055,-2.1112158270654806,-2.1112158270654806,-2.0344439357957027,0.0,0.0,0.0,0.0,0.0
26.200776612997288,tx,1a:00:00:00:00:00,-55,83.42228126489144,64,0.6543128030980346,7.285447365412958,0,0,0,0,0,0,0,0,0,0,0,0,-8,2,-9,2,-9,3,-9,3,-9,3,-9,4,-9,4,-9,4,-9,4,-9,5,-9,6,-8,6,-9,7,-8,6,-9,7,-8,7,-8,8,-8,8,-8,9,-7,9,-8,9,-8,10,-7,10,-7,11,-7,12,-7,12,0,0,-8,12,-7,12,-8,13,-7,13,-8,14,-9,14,-9,13,-9,13,-9,13,-9,13,-9,13,-9,12,-10,12,-10,12,-10,11,-10,11,-10,10,-10,10,-9,9,-10,9,-10,9,-11,8,-10,8,-9,7,-10,7,-10,6,0,0,0,0,0,0,0,0,0,0,0.0,0.0,0.0,0.0,0.0,0.0,8.246211251235321,9.219544457292887,9.486832980505138,9.486832980505138,9.486832980505138,9.848857801796104,9.848857801796104,9.848857801796104,9.848857801796104,10.295630140987,10.816653826391969,10.0,11.40175425099138,10.0,11.40175425099138,10.63014581273465,11.313708498984761,11.313708498984761,12.041594578792296,11.40175425099138,12.041594578792296,12.806248474865697,12.206555615733702,13.038404810405298,13.892443989449804,13.892443989449804,0.0,14.422205101855956,13.892443989449804,15.264337522473747,14.7648230602334,16.1245154965971,16.64331697709324,15.811388300841896,15.811388300841896,15.811388300841896,15.811388300841896,15.811388300841896,15.0,15.620499351813308,15.620499351813308,14.866068747318506,14.866068747318506,14.142135623730951,14.142135623730951,12.727922061357855,13.45362404707371,13.45362404707371,13.601470508735444,12.806248474865697,11.40175425099138,12.206555615733702,11.661903789690601,0.0,0.0,0.0,0.0,0.0,0.0,0.0,0.0,0.0,0.0,0.0,2.896613990462929,2.922923707715851,2.819842099193151,2.819842099193151,2.819842099193151,2.723368324010564,2.723368324010564,2.723368324010564,2.723368324010564,2.6344941491974563,2.5535900500422257,2.498091544796509,2.4805494847391065,2.498091544796509,2.4805494847391065,2.4227626539681686,2.356194490192345,2.356194490192345,2.297438667476622,2.2318394956455836,2.297438667476622,2.2455372690184494,2.1815222911841055,2.137525544318403,2.0988707752212563,2.0988707752212563,0.0,2.158798930342464,2.0988707752212563,2.1224513093234436,2.0647376957144776,2.0899424410414196,2.1421338066285234,2.1763409903998667,2.1763409903998667,2.1763409903998667,2.1763409903998667,2.1763409903998667,2.214297435588181,2.2655346029916,2.2655346029916,2.3086113869153615,2.3086113869153615,2.356194490192345,2.356194490192345,2.356194490192345,2.408777551803287,2.408777551803287,2.5127963671743605,2.4668517113662407,2.4805494847391065,2.5308666892005847,2.601173153319209,0.0,0.0,0.0,0.0,0.0
26.302079462999245,tx,1a:00:00:00:00:00,-54,83.42228126489144,64,0.6550804829835198,7.316326083672399,0,0,0,0,0,0,0,0,0,0,0,0,1,-9,1,-9,1,-9,1,-9,0,-10,0,-9,0,-10,-1,-10,-1,-10,-1,-10,-2,-10,-2,-10,-2,-10,-3,-11,-3,-11,-4,-11,-4,-10,-5,-11,-5,-10,-6,-11,-6,-11,-7,-11,-7,-11,-7,-11,-8,-12,-8,-11,0,0,-9,-12,-9,-12,-9,-12,-10,-13,-9,-12,-10,-13,-10,-14,-10,-13,-9,-13,-9,-14,-8,-14,-8,-14,-8,-14,-8,-13,-8,-13,-7,-13,-7,-14,-6,-12,-6,-13,-6,-13,-5,-12,-5,-12,-4,-13,-4,-12,-3,-12,-3,-11,0,0,0,0,0,0,0,0,0,0,0.0,0.0,0.0,0.0,0.0,0.0,9.055385138137417,9.055385138137417,9.055385138137417,9.055385138137417,10.0,9.0,10.0,10.04987562112089,10.04987562112089,10.04987562112089,10.198039027185569,10.198039027185569,10.198039027185569,11.40175425099138,11.40175425099138,11.704699910719626,10.770329614269007,12.083045973594572,11.180339887498949,12.529964086141668,12.529964086141668,13.038404810405298,13.038404810405298,13.038404810405298,14.422205101855956,13.601470508735444,0.0,15.0,15.0,15.0,16.401219466856727,15.0,16.401219466856727,17.204650534085253,16.401219466856727,15.811388300841896,16.64331697709324,16.1245154965971,16.1245154965971,16.1245154965971,15.264337522473747,15.264337522473747,14.7648230602334,15.652475842498529,13.416407864998739,14.317821063276353,14.317821063276353,13.0,13.0,13.601470508735444,12.649110640673518,12.36931687685298,11.40175425099138,0.0,0.0,0.0,0.0,0.0,0.0,0.0,0.0,0.0,0.0,0.0,-1.460139105621001,-1.460139105621001,-1.460139105621001,-1.460139105621001,-1.5707963267948966,-1.5707963267948966,-1.5707963267948966,-1.6704649792860586,-1.6704649792860586,-1.6704649792860586,-1.7681918866447774,-1.7681918866447774,-1.7681918866447774,-1.837048375945822,-1.837048375945822,-1.9195673303788037,-1.9513027039072615,-1.9974238199217726,-2.0344439357957027,-2.0701430484750265,-2.0701430484750265,-2.137525544318403,-2.137525544318403,-2.137525544318403,-2.158798930342464,-2.1995926132103296,0.0,-2.214297435588181,-2.214297435588181,-2.214297435588181,-2.2264919530364327,-2.214297435588181,-2.2264919530364327,-2.191045812777718,-2.2264919530364327,-2.1763409903998667,-2.1421338066285234,-2.0899424410414196,-2.0899424410414196,-2.0899424410414196,-2.1224513093234436,-2.1224513093234436,-2.0647376957144776,-2.0344439357957027,-2.0344439357957027,-2.0032041023654346,-2.0032041023654346,-1.965587446494658,-1.965587446494658,-1.8692952583810758,-1.892546881191539,-1.8157749899217608,-1.837048375945822,0.0,0.0,0.0,0.0,0.0
26.411372296999616,tx,1a:00:00:00:00:00,-54,83.42228126489144,64,0.6556179125475398,7.343780521230191,0,0,0,0,0,0,0,0,0,0,0,0,-7,-6,-7,-6,-7,-6,-8,-6,-8,-6,-8,-5,-9,-5,-8,-5,-9,-4,-9,-5,-9,-4,-10,-4,-10,-4,-10,-3,-10,-3,-11,-2,-10,-2,-11,-2,-11,-1,-11,-1,-11,-1,-12,-1,-12,-1,-13,0,-13,0,-13,0,0,0,-14,0,-14,1,-14,1,-15,1,-14,1,-15,1,-15,0,-15,0,-15,0,-15,-1,-15,-1,-15,-1,-14,-2,-14,-2,-14,-1,-14,-2,-14,-2,-13,-2,-13,-3,-13,-3,-13,-3,-12,-3,-12,-4,-11,-4,-11,-4,-10,-5,0,0,0,0,0,0,0,0,0,0,0.0,0.0,0.0,0.0,0.0,0.0,9.219544457292887,9.219544457292887,9.219544457292887,10.0,10.0,9.433981132056603,10.295630140987,9.433981132056603,9.848857801796104,10.295630140987,9.848857801796104,10.770329614269007,10.770329614269007,10.44030650891055,10.44030650891055,11.180339887498949,10.198039027185569,11.180339887498949,11.045361017187261,11.045361017187261,11.045361017187261,12.041594578792296,12.041594578792296,13.0,13.0,13.0,0.0,14.0,14.035668847618199,14.035668847618199,15.033296378372908,14.035668847618199,15.033296378372908,15.0,15.0,15.0,15.033296378372908,15.033296378372908,15.033296378372908,14.142135623730951,14.142135623730951,14.035668847618199,14.142135623730951,14.142135623730951,13.152946437965905,13.341664064126334,13.341664064126334,13.341664064126334,12.36931687685298,12.649110640673518,11.704699910719626,11.704699910719626,11.180339887498949,0.0,0.0,0.0,0.0,0.0,0.0,0.0,0.0,0.0,0.0,0.0,-2.432966381462123,-2.432966381462123,-2.432966381462123,-2.498091544796509,-2.498091544796509,-2.5829933382462307,-2.6344941491974563,-2.5829933382462307,-2.723368324010564,-2.6344941491974563,-2.723368324010564,-2.761086276477428,-2.761086276477428,-2.8501358591119264,-2.8501358591119264,-2.961739153797315,-2.9441970937399127,-2.961739153797315,-3.050932766389048,-3.050932766389048,-3.050932766389048,-3.058451421701352,-3.058451421701352,3.141592653589793,3.141592653589793,3.141592653589793,0.0,3.141592653589793,3.070285188804503,3.070285188804503,3.0750244898139694,3.070285188804503,3.0750244898139694,3.141592653589793,3.141592653589793,3.141592653589793,-3.0750244898139694,-3.0750244898139694,-3.0750244898139694,-2.999695598985629,-2.999695598985629,-3.070285188804503,-2.999695598985629,-2.999695598985629,-2.988943325194528,-2.9147938055359073,-2.9147938055359073,-2.9147938055359073,-2.896613990462929,-2.819842099193151,-2.7928216500058864,-2.7928216500058864,-2.677945044588987,0.0,0.0,0.0,0.0,0.0
26.511702482996043,tx,1a:00:00:00:00:00,-54,83.42228126489144,64,0.6555640657302992,7.367626436598826,0,0,0,0,0,0,0,0,0,0,0,0,0,-9,-1,-9,-1,-9,-1,-9,-1,-10,-1,-9,-2,-10,-2,-9,-2,-10,-3,-10,-3,-10,-4,-10,-4,-10,-4,-10,-4,-10,-5,-10,-5,-10,-5,-10,-6,-10,-7,-10,-7,-10,-7,-10,-8,-10,-8,-10,-8,-10,-9,-10,0,0,-9,-10,-10,-11,-10,-11,-10,-11,-10,-12,-10,-12,-10,-12,-10,-12,-10,-13,-10,-12,-9,-12,-8,-13,-8,-12,-8,-13,-8,-12,-7,-12,-7,-13,-7,-12,-6,-12,-6,-12,-6,-12,-5,-11,-5,-11,-4,-12,-3,-12,-3,-11,0,0,0,0,0,0,0,0,0,0,0.0,0.0,0.0,0.0,0.0,0.0,9.0,9.055385138137417,9.055385138137417,9.055385138137417,10.04987562112089,9.055385138137417,10.198039027185569,9.219544457292887,10.198039027185569,10.44030650891055,10.44030650891055,10.770329614269007,10.770329614269007,10.770329614269007,10.770329614269007,11.180339887498949,11.180339887498949,11.180339887498949,11.661903789690601,12.206555615733702,12.206555615733702,12.206555615733702,12.806248474865697,12.806248474865697,12.806248474865697,13.45362404707371,0.0,13.45362404707371,14.866068747318506,14.866068747318506,14.866068747318506,15.620499351813308,15.620499351813308,15.620499351813308,15.620499351813308,16.401219466856727,15.620499351813308,15.0,15.264337522473747,14.422205101855956,15.264337522473747,14.422205101855956,13.892443989449804,14.7648230602334,13.892443989449804,13.416407864998739,13.416407864998739,13.416407864998739,12.083045973594572,12.083045973594572,12.649110640673518,12.36931687685298,11.40175425099138,0.0,0.0,0.0,0.0,0.0,0.0,0.0,0.0,0.0,0.0,0.0,-1.5707963267948966,-1.6814535479687922,-1.6814535479687922,-1.6814535479687922,-1.6704649792860586,-1.6814535479687922,-1.7681918866447774,-1.7894652726688385,-1.7681918866447774,-1.8622531212727638,-1.8622531212727638,-1.9513027039072615,-1.9513027039072615,-1.9513027039072615,-1.9513027039072615,-2.0344439357957027,-2.0344439357957027,-2.0344439357957027,-2.1112158270654806,-2.1815222911841055,-2.1815222911841055,-2.1815222911841055,-2.2455372690184494,-2.2455372690184494,-2.2455372690184494,-2.3036114285814033,0.0,-2.3036114285814033,-2.3086113869153615,-2.3086113869153615,-2.3086113869153615,-2.2655346029916,-2.2655346029916,-2.2655346029916,-2.2655346029916,-2.2264919530364327,-2.2655346029916,-2.214297435588181,-2.1224513093234436,-2.158798930342464,-2.1224513093234436,-2.158798930342464,-2.0988707752212563,-2.0647376957144776,-2.0988707752212563,-2.0344439357957027,-2.0344439357957027,-2.0344439357957027,-1.9974238199217726,-1.9974238199217726,-1.892546881191539,-1.8157749899217608,-1.837048375945822,0.0,0.0,0.0,0.0,0.0
26.630795537996164,tx,1a:00:00:00:00:00,-55,83.42228126489144,64,0.6556969078073978,7.387322004514821,0,0,0,0,0,0,0,0,0,0,0,0,-6,6,-6,5,-6,6,-6,6,-6,7,-5,6,-5,7,-5,7,-5,8,-5,8,-5,8,-5,8,-5,8,-4,9,-4,8,-3,10,-3,10,-3,10,-2,10,-2,11,-2,11,-1,11,-1,12,-1,12,-1,12,-1,12,0,0,-1,13,0,14,1,13,0,14,-1,14,0,14,0,14,-1,15,-1,14,-2,14,-2,14,-3,13,-3,13,-3,13,-2,14,-2,12,-3,13,-3,12,-3,11,-3,11,-4,11,-4,10,-4,11,-5,10,-5,9,-5,9,0,0,0,0,0,0,0,0,0,0,0.0,0.0,0.0,0.0,0.0,0.0,8.48528137423857,7.810249675906654,8.48528137423857,8.48528137423857,9.219544457292887,7.810249675906654,8.602325267042627,8.602325267042627,9.433981132056603,9.433981132056603,9.433981132056603,9.433981132056603,9.433981132056603,9.848857801796104,8.94427190999916,10.44030650891055,10.44030650891055,10.44030650891055,10.198039027185569,11.180339887498949,11.180339887498949,11.045361017187261,12.041594578792296,12.041594578792296,12.041594578792296,12.041594578792296,0.0,13.038404810405298,14.0,13.038404810405298,14.0,14.035668847618199,14.0,14.0,15.033296378372908,14.035668847618199,14.142135623730951,14.142135623730951,13.341664064126334,13.341664064126334,13.341664064126334,14.142135623730951,12.165525060596439,13.341664064126334,12.36931687685298,11.40175425099138,11.40175425099138,11.704699910719626,10.770329614269007,11.704699910719626,11.180339887498949,10.295630140987,10.295630140987,0.0,0.0,0.0,0.0,0.0,0.0,0.0,0.0,0.0,0.0,0.0,2.356194490192345,2.44685437739309,2.356194490192345,2.356194490192345,2.279422598922567,2.2655346029916,2.191045812777718,2.191045812777718,2.129395642138459,2.129395642138459,2.129395642138459,2.129395642138459,2.129395642138459,1.9890206563741257,2.0344439357957027,1.8622531212727638,1.8622531212727638,1.8622531212727638,1.7681918866447774,1.750649826587375,1.750649826587375,1.6614562139956417,1.6539375586833378,1.6539375586833378,1.6539375586833378,1.6539375586833378,0.0,1.6475682180646747,1.5707963267948966,1.4940244355251187,1.5707963267948966,1.642103791580187,1.5707963267948966,1.5707963267948966,1.6373644905707205,1.642103791580187,1.7126933813990606,1.7126933813990606,1.7975951748487824,1.7975951748487824,1.7975951748487824,1.7126933813990606,1.7359450042095235,1.7975951748487824,1.8157749899217608,1.837048375945822,1.837048375945822,1.9195673303788037,1.9513027039072615,1.9195673303788037,2.0344439357957027,2.0778948311872334,2.0778948311872334,0.0,0.0,0.0,0.0,0.0
26.742195939994417,tx,1a:00:00:00:00:00,-54,88.93125285126764,64,0.655916014729247,7.404777985217102,0,0,0,0,0,0,0,0,0,0,0,0,0,-8,0,-9,0,-9,0,-9,-1,-9,-1,-9,-1,-9,-1,-9,-2,-10,-2,-10,-3,-10,-3,-10,-3,-10,-4,-10,-4,-10,-5,-10,-5,-10,-5,-10,-6,-10,-6,-10,-7,-10,-7,-10,-8,-10,-8,-10,-9,-10,-9,-10,0,0,-9,-10,-10,-11,-10,-11,-10,-11,-10,-11,-10,-12,-10,-12,-10,-12,-10,-12,-10,-12,-10,-12,-9,-12,-9,-12,-9,-12,-8,-12,-8,-12,-8,-12,-7,-12,-7,-11,-6,-11,-6,-12,-5,-12,-5,-11,-5,-11,-4,-11,-3,-11,0,0,0,0,0,0,0,0,0,0,0.0,0.0,0.0,0.0,0.0,0.0,8.0,9.0,9.0,9.0,9.055385138137417,9.055385138137417,9.055385138137417,9.055385138137417,10.198039027185569,10.198039027185569,10.44030650891055,10.44030650891055,10.44030650891055,10.770329614269007,10.770329614269007,11.180339887498949,11.180339887498949,11.180339887498949,11.661903789690601,11.661903789690601,12.206555615733702,12.206555615733702,12.806248474865697,12.806248474865697,13.45362404707371,13.45362404707371,0.0,13.45362404707371,14.866068747318506,14.866068747318506,14.866068747318506,14.866068747318506,15.620499351813308,15.620499351813308,15.620499351813308,15.620499351813308,15.620499351813308,15.620499351813308,15.0,15.0,15.0,14.422205101855956,14.422205101855956,14.422205101855956,13.892443989449804,13.038404810405298,12.529964086141668,13.416407864998739,13.0,12.083045973594572,12.083045973594572,11.704699910719626,11.40175425099138,0.0,0.0,0.0,0.0,0.0,0.0,0.0,0.0,0.0,0.0,0.0,-1.5707963267948966,-1.5707963267948966,-1.5707963267948966,-1.5707963267948966,-1.6814535479687922,-1.6814535479687922,-1.6814535479687922,-1.6814535479687922,-1.7681918866447774,-1.7681918866447774,-1.8622531212727638,-1.8622531212727638,-1.8622531212727638,-1.9513027039072615,-1.9513027039072615,-2.0344439357957027,-2.0344439357957027,-2.0344439357957027,-2.1112158270654806,-2.1112158270654806,-2.1815222911841055,-2.1815222911841055,-2.2455372690184494,-2.2455372690184494,-2.3036114285814033,-2.3036114285814033,0.0,-2.3036114285814033,-2.3086113869153615,-2.3086113869153615,-2.3086113869153615,-2.3086113869153615,-2.2655346029916,-2.2655346029916,-2.2655346029916,-2.2655346029916,-2.2655346029916,-2.2655346029916,-2.214297435588181,-2.214297435588181,-2.214297435588181,-2.158798930342464,-2.158798930342464,-2.158798930342464,-2.0988707752212563,-2.137525544318403,-2.0701430484750265,-2.0344439357957027,-1.965587446494658,-1.9974238199217726,-1.9974238199217726,-1.9195673303788037,-1.837048375945822,0.0,0.0,0.0,0.0,0.0
26.85101051699894,tx,1a:00:00:00:00:00,-54,88.93125285126764,64,0.6562753474640983,7.415236448347509,0,0,0,0,0,0,0,0,0,0,0,0,5,-7,4,-7,5,-8,4,-8,4,-8,4,-8,4,-8,4,-9,4,-9,3,-9,3,-9,3,-10,3,-10,2,-10,2,-10,1,-11,1,-11,1,-11,0,-12,0,-12,0,-12,0,-12,-1,-12,-1,-13,-1,-14,-1,-14,0,0,-2,-14,-1,-15,-2,-15,-2,-15,-1,-15,-2,-16,-1,-16,-1,-16,-1,-16,0,-16,0,-16,1,-16,1,-15,1,-15,1,-15,1,-15,1,-14,2,-14,2,-13,2,-13,2,-13,3,-13,3,-12,3,-12,4,-11,4,-10,0,0,0,0,0,0,0,0,0,0,0.0,0.0,0.0,0.0,0.0,0.0,8.602325267042627,8.06225774829855,9.433981132056603,8.94427190999916,8.94427190999916,8.94427190999916,8.94427190999916,9.848857801796104,9.848857801796104,9.486832980505138,9.486832980505138,10.44030650891055,10.44030650891055,10.198039027185569,10.198039027185569,11.045361017187261,11.045361017187261,11.045361017187261,12.0,12.0,12.0,12.0,12.041594578792296,13.038404810405298,14.035668847618199,14.035668847618199,0.0,14.142135623730951,15.033296378372908,15.132745950421556,15.132745950421556,15.033296378372908,16.1245154965971,16.0312195418814,16.0312195418814,16.0312195418814,16.0,16.0,16.0312195418814,15.033296378372908,15.033296378372908,15.033296378372908,15.033296378372908,14.035668847618199,14.142135623730951,13.152946437965905,13.152946437965905,13.152946437965905,13.341664064126334,12.36931687685298,12.36931687685298,11.704699910719626,10.770329614269007,0.0,0.0,0.0,0.0,0.0,0.0,0.0,0.0,0.0,0.0,0.0,-0.9505468408120752,-1.0516502125483738,-1.0121970114513341,-1.1071487177940904,-1.1071487177940904,-1.1071487177940904,-1.1071487177940904,-1.1525719972156676,-1.1525719972156676,-1.2490457723982544,-1.2490457723982544,-1.2793395323170296,-1.2793395323170296,-1.373400766945016,-1.373400766945016,-1.4801364395941514,-1.4801364395941514,-1.4801364395941514,-1.5707963267948966,-1.5707963267948966,-1.5707963267948966,-1.5707963267948966,-1.6539375586833378,-1.6475682180646747,-1.642103791580187,-1.642103791580187,0.0,-1.7126933813990606,-1.6373644905707205,-1.7033478590915707,-1.7033478590915707,-1.6373644905707205,-1.695151321341658,-1.633215136790854,-1.633215136790854,-1.633215136790854,-1.5707963267948966,-1.5707963267948966,-1.5083775167989393,-1.5042281630190728,-1.5042281630190728,-1.5042281630190728,-1.5042281630190728,-1.4994888620096063,-1.4288992721907328,-1.4181469983996315,-1.4181469983996315,-1.4181469983996315,-1.3439974787410107,-1.3258176636680326,-1.3258176636680326,-1.2220253232109897,-1.1902899496825317,0.0,0.0,0.0,0.0,0.0
26.97107300299831,tx,1a:00:00:00:00:00,-55,88.93125285126764,64,0.6548791457364654,7.418822858526439,0,0,0,0,0,0,0,0,0,0,0,0,-8,-4,-8,-4,-9,-3,-9,-3,-9,-3,-9,-3,-9,-3,-9,-2,-10,-2,-10,-2,-10,-2,-10,-1,-10,-1,-10,0,-11,0,-11,1,-11,1,-11,1,-11,2,-11,2,-12,2,-12,3,-12,3,-12,4,-13,4,-13,4,0,0,-13,4,-13,5,-13,5,-14,5,-14,5,-14,5,-14,5,-15,5,-15,5,-15,4,-15,4,-15,3,-14,3,-14,3,-14,3,-14,3,-14,2,-13,2,-13,2,-13,1,-13,1,-13,1,-13,0,-12,0,-12,-1,-12,-1,0,0,0,0,0,0,0,0,0,0,0.0,0.0,0.0,0.0,0.0,0.0,8.94427190999916,8.94427190999916,9.486832980505138,9.486832980505138,9.486832980505138,9.486832980505138,9.486832980505138,9.219544457292887,10.198039027185569,10.198039027185569,10.198039027185569,10.04987562112089,10.04987562112089,10.0,11.0,11.045361017187261,11.045361017187261,11.045361017187261,11.180339887498949,11.180339887498949,12.165525060596439,12.36931687685298,12.36931687685298,12.649110640673518,13.601470508735444,13.601470508735444,0.0,13.601470508735444,13.92838827718412,13.92838827718412,14.866068747318506,14.866068747318506,14.866068747318506,14.866068747318506,15.811388300841896,15.811388300841896,15.524174696260024,15.524174696260024,15.297058540778355,14.317821063276353,14.317821063276353,14.317821063276353,14.317821063276353,14.142135623730951,13.152946437965905,13.152946437965905,13.038404810405298,13.038404810405298,13.038404810405298,13.0,12.0,12.041594578792296,12.041594578792296,0.0,0.0,0.0,0.0,0.0,0.0,0.0,0.0,0.0,0.0,0.0,-2.677945044588987,-2.677945044588987,-2.819842099193151,-2.819842099193151,-2.819842099193151,-2.819842099193151,-2.819842099193151,-2.922923707715851,-2.9441970937399127,-2.9441970937399127,-2.9441970937399127,-3.0419240010986313,-3.0419240010986313,3.141592653589793,3.141592653589793,3.050932766389048,3.050932766389048,3.050932766389048,2.961739153797315,2.961739153797315,2.976443976175166,2.896613990462929,2.896613990462929,2.819842099193151,2.843093722003614,2.843093722003614,0.0,2.843093722003614,2.774418819771574,2.774418819771574,2.79856871316909,2.79856871316909,2.79856871316909,2.79856871316909,2.819842099193151,2.819842099193151,2.8809902618424523,2.8809902618424523,2.9441970937399127,2.930499320367047,2.930499320367047,2.930499320367047,2.930499320367047,2.999695598985629,2.988943325194528,2.988943325194528,3.064820762320015,3.064820762320015,3.064820762320015,3.141592653589793,3.141592653589793,-3.058451421701352,-3.058451421701352,0.0,0.0,0.0,0.0,0.0
27.073732295997615,tx,1a:00:00:00:00:00,-54,88.93125285126764,64,0.654465318759758,7.415542049165577,0,0,0,0,0,0,0,0,0,0,0,0,3,7,3,7,3,7,3,7,4,7,4,7,5,7,4,7,5,7,5,8,5,7,6,7,6,7,6,6,7,6,8,6,8,6,9,6,8,5,9,5,9,5,10,5,10,5,11,5,11,5,11,5,0,0,12,5,13,5,12,5,14,5,13,5,13,5,13,5,13,6,13,6,14,7,13,7,12,7,12,7,11,6,12,7,11,6,12,8,10,7,10,7,10,7,9,7,9,7,9,8,7,8,7,8,6,8,0,0,0,0,0,0,0,0,0,0,0.0,0.0,0.0,0.0,0.0,0.0,7.615773105863909,7.615773105863909,7.615773105863909,7.615773105863909,8.06225774829855,8.06225774829855,8.602325267042627,8.06225774829855,8.602325267042627,9.433981132056603,8.602325267042627,9.219544457292887,9.219544457292887,8.48528137423857,9.219544457292887,10.0,10.0,10.816653826391969,9.433981132056603,10.295630140987,10.295630140987,11.180339887498949,11.180339887498949,12.083045973594572,12.083045973594572,12.083045973594572,0.0,13.0,13.92838827718412,13.0,14.866068747318506,13.92838827718412,13.92838827718412,13.92838827718412,14.317821063276353,14.317821063276353,15.652475842498529,14.7648230602334,13.892443989449804,13.892443989449804,12.529964086141668,13.892443989449804,12.529964086141668,14.422205101855956,12.206555615733702,12.206555615733702,12.206555615733702,11.40175425099138,11.40175425099138,12.041594578792296,10.63014581273465,10.63014581273465,10.0,0.0,0.0,0.0,0.0,0.0,0.0,0.0,0.0,0.0,0.0,0.0,1.1659045405098132,1.1659045405098132,1.1659045405098132,1.1659045405098132,1.0516502125483738,1.0516502125483738,0.9505468408120752,1.0516502125483738,0.9505468408120752,1.0121970114513341,0.9505468408120752,0.8621700546672264,0.8621700546672264,0.7853981633974483,0.7086262721276703,0.6435011087932844,0.6435011087932844,0.5880026035475675,0.5585993153435624,0.507098504392337,0.507098504392337,0.4636476090008061,0.4636476090008061,0.4266274931268761,0.4266274931268761,0.4266274931268761,0.0,0.3947911196997615,0.3671738338182192,0.3947911196997615,0.3430239404207034,0.3671738338182192,0.3671738338182192,0.3671738338182192,0.43240777557053783,0.43240777557053783,0.4636476090008061,0.49394136891958124,0.5280744484263596,0.5280744484263596,0.4993467216801301,0.5280744484263596,0.4993467216801301,0.5880026035475675,0.6107259643892086,0.6107259643892086,0.6107259643892086,0.6610431688506869,0.6610431688506869,0.7266423406817256,0.8519663271732721,0.8519663271732721,0.9272952180016122,0.0,0.0,0.0,0.0,0.0
27.18025879799825,tx,1a:00:00:00:00:00,-54,88.93125285126764,64,0.6536270029627632,7.405308433466842,0,0,0,0,0,0,0,0,0,0,0,0,-2,7,-1,8,-1,8,-1,9,-1,8,-1,9,-1,8,0,9,0,9,1,8,1,9,1,9,2,9,2,9,2,10,2,9,3,10,3,9,4,10,4,10,4,10,4,10,5,10,6,10,6,10,6,10,0,0,7,11,6,11,7,12,7,11,7,12,7,12,6,13,6,13,6,13,6,12,6,12,6,13,5,13,5,13,4,12,4,13,3,12,3,12,3,12,2,11,2,11,1,12,1,11,1,11,1,10,0,10,0,0,0,0,0,0,0,0,0,0,0.0,0.0,0.0,0.0,0.0,0.0,7.280109889280518,8.06225774829855,8.06225774829855,9.055385138137417,8.06225774829855,9.055385138137417,8.06225774829855,9.0,9.0,8.06225774829855,9.055385138137417,9.055385138137417,9.219544457292887,9.219544457292887,10.198039027185569,9.219544457292887,10.44030650891055,9.486832980505138,10.770329614269007,10.770329614269007,10.770329614269007,10.770329614269007,11.180339887498949,11.661903789690601,11.661903789690601,11.661903789690601,0.0,13.038404810405298,12.529964086141668,13.892443989449804,13.038404810405298,13.892443989449804,13.892443989449804,14.317821063276353,14.317821063276353,14.317821063276353,13.416407864998739,13.416407864998739,14.317821063276353,13.92838827718412,13.92838827718412,12.649110640673518,13.601470508735444,12.36931687685298,12.36931687685298,12.36931687685298,11.180339887498949,11.180339887498949,12.041594578792296,11.045361017187261,11.045361017187261,10.04987562112089,10.0,0.0,0.0,0.0,0.0,0.0,0.0,0.0,0.0,0.0,0.0,0.0,1.849095985800008,1.695151321341658,1.695151321341658,1.6814535479687922,1.695151321341658,1.6814535479687922,1.695151321341658,1.5707963267948966,1.5707963267948966,1.446441332248135,1.460139105621001,1.460139105621001,1.3521273809209546,1.3521273809209546,1.373400766945016,1.3521273809209546,1.2793395323170296,1.2490457723982544,1.1902899496825317,1.1902899496825317,1.1902899496825317,1.1902899496825317,1.1071487177940904,1.0303768265243125,1.0303768265243125,1.0303768265243125,0.0,1.0040671092713902,1.0714496051147666,1.042721878368537,1.0040671092713902,1.042721878368537,1.042721878368537,1.1383885512243588,1.1383885512243588,1.1383885512243588,1.1071487177940904,1.1071487177940904,1.1383885512243588,1.2036224929766774,1.2036224929766774,1.2490457723982544,1.2722973952087173,1.3258176636680326,1.3258176636680326,1.3258176636680326,1.3909428270024184,1.3909428270024184,1.4876550949064553,1.4801364395941514,1.4801364395941514,1.4711276743037347,1.5707963267948966,0.0,0.0,0.0,0.0,0.0
27.28154992999771,tx,1a:00:00:00:00:00,-54,88.93125285126764,64,0.6529897206126,7.387902004379108,0,0,0,0,0,0,0,0,0,0,0,0,-6,-7,-6,-7,-6,-7,-6,-7,-7,-7,-6,-7,-7,-7,-7,-7,-8,-6,-8,-7,-8,-7,-8,-6,-9,-6,-9,-6,-9,-5,-10,-5,-10,-5,-11,-5,-10,-4,-11,-4,-11,-4,-12,-3,-12,-4,-12,-3,-13,-3,-13,-3,0,0,-14,-3,-14,-3,-14,-3,-15,-3,-14,-3,-15,-3,-15,-3,-15,-4,-15,-3,-15,-4,-15,-5,-14,-5,-14,-5,-13,-5,-14,-5,-13,-5,-14,-6,-12,-5,-12,-5,-12,-5,-12,-6,-11,-6,-11,-7,-10,-7,-10,-7,-9,-7,0,0,0,0,0,0,0,0,0,0,0.0,0.0,0.0,0.0,0.0,0.0,9.219544457292887,9.219544457292887,9.219544457292887,9.219544457292887,9.899494936611665,9.219544457292887,9.899494936611665,9.899494936611665,10.0,10.63014581273465,10.63014581273465,10.0,10.816653826391969,10.816653826391969,10.295630140987,11.180339887498949,11.180339887498949,12.083045973594572,10.770329614269007,11.704699910719626,11.704699910719626,12.36931687685298,12.649110640673518,12.36931687685298,13.341664064126334,13.341664064126334,0.0,14.317821063276353,14.317821063276353,14.317821063276353,15.297058540778355,14.317821063276353,15.297058540778355,15.297058540778355,15.524174696260024,15.297058540778355,15.524174696260024,15.811388300841896,14.866068747318506,14.866068747318506,13.92838827718412,14.866068747318506,13.92838827718412,15.231546211727817,13.0,13.0,13.0,13.416407864998739,12.529964086141668,13.038404810405298,12.206555615733702,12.206555615733702,11.40175425099138,0.0,0.0,0.0,0.0,0.0,0.0,0.0,0.0,0.0,0.0,0.0,-2.279422598922567,-2.279422598922567,-2.279422598922567,-2.279422598922567,-2.356194490192345,-2.279422598922567,-2.356194490192345,-2.356194490192345,-2.498091544796509,-2.4227626539681686,-2.4227626539681686,-2.498091544796509,-2.5535900500422257,-2.5535900500422257,-2.6344941491974563,-2.677945044588987,-2.677945044588987,-2.714965160462917,-2.761086276477428,-2.7928216500058864,-2.7928216500058864,-2.896613990462929,-2.819842099193151,-2.896613990462929,-2.9147938055359073,-2.9147938055359073,0.0,-2.930499320367047,-2.930499320367047,-2.930499320367047,-2.9441970937399127,-2.930499320367047,-2.9441970937399127,-2.9441970937399127,-2.8809902618424523,-2.9441970937399127,-2.8809902618424523,-2.819842099193151,-2.79856871316909,-2.79856871316909,-2.774418819771574,-2.79856871316909,-2.774418819771574,-2.7367008673047097,-2.746801533890032,-2.746801533890032,-2.746801533890032,-2.677945044588987,-2.642245931909663,-2.5748634360662868,-2.5308666892005847,-2.5308666892005847,-2.4805494847391065,0.0,0.0,0.0,0.0,0.0
27.39806816499913,tx,1a:00:00:00:00:00,-54,88.93125285126764,64,0.6517534799544852,7.363156443415281,0,0,0,0,0,0,0,0,0,0,0,0,6,6,6,5,6,5,6,5,7,6,7,5,7,5,7,5,7,5,8,4,8,4,9,4,9,4,9,3,9,3,9,3,10,2,10,2,10,2,10,2,11,2,11,1,11,1,12,0,12,0,13,0,0,0,13,0,14,0,14,0,14,0,14,1,15,1,15,1,14,1,15,2,14,1,14,1,14,2,14,2,14,2,13,3,13,3,13,3,12,3,12,4,11,4,11,4,11,5,10,4,10,5,10,5,9,5,0,0,0,0,0,0,0,0,0,0,0.0,0.0,0.0,0.0,0.0,0.0,8.48528137423857,7.810249675906654,7.810249675906654,7.810249675906654,9.219544457292887,8.602325267042627,8.602325267042627,8.602325267042627,8.602325267042627,8.94427190999916,8.94427190999916,9.848857801796104,9.848857801796104,9.486832980505138,9.486832980505138,9.486832980505138,10.198039027185569,10.198039027185569,10.198039027185569,10.198039027185569,11.180339887498949,11.045361017187261,11.045361017187261,12.0,12.0,13.0,0.0,13.0,14.0,14.0,14.0,14.035668847618199,15.033296378372908,15.033296378372908,14.035668847618199,15.132745950421556,14.035668847618199,14.035668847618199,14.142135623730951,14.142135623730951,14.142135623730951,13.341664064126334,13.341664064126334,13.341664064126334,12.36931687685298,12.649110640673518,11.704699910719626,11.704699910719626,12.083045973594572,10.770329614269007,11.180339887498949,11.180339887498949,10.295630140987,0.0,0.0,0.0,0.0,0.0,0.0,0.0,0.0,0.0,0.0,0.0,0.7853981633974483,0.6947382761967031,0.6947382761967031,0.6947382761967031,0.7086262721276703,0.6202494859828215,0.6202494859828215,0.6202494859828215,0.6202494859828215,0.4636476090008061,0.4636476090008061,0.4182243295792291,0.4182243295792291,0.3217505543966422,0.3217505543966422,0.3217505543966422,0.19739555984988075,0.19739555984988075,0.19739555984988075,0.19739555984988075,0.17985349979247828,0.09065988720074511,0.09065988720074511,0.0,0.0,0.0,0.0,0.0,0.0,0.0,0.0,0.07130746478529032,0.06656816377582381,0.06656816377582381,0.07130746478529032,0.13255153229667402,0.07130746478529032,0.07130746478529032,0.14189705460416394,0.14189705460416394,0.14189705460416394,0.22679884805388587,0.22679884805388587,0.22679884805388587,0.24497866312686414,0.3217505543966422,0.348771003583907,0.348771003583907,0.4266274931268761,0.3805063771123649,0.4636476090008061,0.4636476090008061,0.507098504392337,0.0,0.0,0.0,0.0,0.0
27.500267584997346,tx,1a:00:00:00:00:00,-54,88.93125285126764,64,0.6512333475568084,7.330997991033085,0,0,0,0,0,0,0,0,0,0,0,0,6,5,6,5,7,5,6,5,7,5,7,4,7,4,7,4,7,3,8,4,8,4,8,3,9,3,9,3,9,2,10,2,10,1,10,1,10,1,10,0,10,1,11,0,11,0,12,-1,12,0,12,-1,0,0,13,-1,13,-2,13,-2,14,-2,14,-2,14,-2,14,-1,14,-1,14,-1,14,0,14,0,14,0,14,1,13,0,14,0,13,1,13,1,12,1,12,1,12,2,12,2,11,2,11,3,10,3,10,3,9,4,0,0,0,0,0,0,0,0,0,0,0.0,0.0,0.0,0.0,0.0,0.0,7.810249675906654,7.810249675906654,8.602325267042627,7.810249675906654,8.602325267042627,8.06225774829855,8.06225774829855,8.06225774829855,7.615773105863909,8.94427190999916,8.94427190999916,8.54400374531753,9.486832980505138,9.486832980505138,9.219544457292887,10.198039027185569,10.04987562112089,10.04987562112089,10.04987562112089,10.0,10.04987562112089,11.0,11.0,12.041594578792296,12.0,12.041594578792296,0.0,13.038404810405298,13.152946437965905,13.152946437965905,14.142135623730951,14.142135623730951,14.142135623730951,14.035668847618199,14.035668847618199,14.035668847618199,14.0,14.0,14.0,14.035668847618199,13.0,14.0,13.038404810405298,13.038404810405298,12.041594578792296,12.041594578792296,12.165525060596439,12.165525060596439,11.180339887498949,11.40175425099138,10.44030650891055,10.44030650891055,9.848857801796104,0.0,0.0,0.0,0.0,0.0,0.0,0.0,0.0,0.0,0.0,0.0,0.6947382761967031,0.6947382761967031,0.6202494859828215,0.6947382761967031,0.6202494859828215,0.5191461142465229,0.5191461142465229,0.5191461142465229,0.40489178628508343,0.4636476090008061,0.4636476090008061,0.35877067027057225,0.3217505543966422,0.3217505543966422,0.21866894587394195,0.19739555984988075,0.09966865249116202,0.09966865249116202,0.09966865249116202,0.0,0.09966865249116202,0.0,0.0,-0.08314123188844123,0.0,-0.08314123188844123,0.0,-0.07677189126977804,-0.15264932839526515,-0.15264932839526515,-0.14189705460416394,-0.14189705460416394,-0.14189705460416394,-0.07130746478529032,-0.07130746478529032,-0.07130746478529032,0.0,0.0,0.0,0.07130746478529032,0.0,0.0,0.07677189126977804,0.07677189126977804,0.08314123188844123,0.08314123188844123,0.16514867741462683,0.16514867741462683,0.17985349979247828,0.2662520491509254,0.2914567944778671,0.2914567944778671,0.4182243295792291,0.0,0.0,0.0,0.0,0.0
27.60233434899419,tx,1a:00:00:00:00:00,-54,88.93125285126764,64,0.6505307243379683,7.291295342438336,0,0,0,0,0,0,0,0,0,0,0,0,-6,-7,-6,-6,-7,-6,-7,-6,-7,-6,-7,-6,-8,-6,-8,-6,-8,-6,-9,-6,-9,-5,-9,-5,-9,-5,-9,-4,-10,-4,-11,-4,-10,-3,-11,-3,-11,-2,-11,-2,-11,-2,-12,-2,-13,-2,-13,-1,-13,-1,-13,-1,0,0,-14,-1,-14,0,-14,0,-16,0,-15,-1,-15,0,-15,1,-14,-3,-17,0,-16,-2,-15,1,-15,-1,-12,-2,-14,-1,-16,-4,-13,-2,-14,-4,-14,-1,-12,-4,-12,-5,-12,-5,-11,-2,-13,-6,-14,-6,-11,-7,-8,-6,0,0,0,0,0,0,0,0,0,0,0.0,0.0,0.0,0.0,0.0,0.0,9.219544457292887,8.48528137423857,9.219544457292887,9.219544457292887,9.219544457292887,9.219544457292887,10.0,10.0,10.0,10.816653826391969,10.295630140987,10.295630140987,10.295630140987,9.848857801796104,10.770329614269007,11.704699910719626,10.44030650891055,11.40175425099138,11.180339887498949,11.180339887498949,11.180339887498949,12.165525060596439,13.152946437965905,13.038404810405298,13.038404810405298,13.038404810405298,0.0,14.035668847618199,14.0,14.0,16.0,15.033296378372908,15.0,15.033296378372908,14.317821063276353,17.0,16.1245154965971,15.033296378372908,15.033296378372908,12.165525060596439,14.035668847618199,16.492422502470642,13.152946437965905,14.560219778561036,14.035668847618199,12.649110640673518,13.0,13.0,11.180339887498949,14.317821063276353,15.231546211727817,13.038404810405298,10.0,0.0,0.0,0.0,0.0,0.0,0.0,0.0,0.0,0.0,0.0,0.0,-2.279422598922567,-2.356194490192345,-2.432966381462123,-2.432966381462123,-2.432966381462123,-2.432966381462123,-2.498091544796509,-2.498091544796509,-2.498091544796509,-2.5535900500422257,-2.6344941491974563,-2.6344941491974563,-2.6344941491974563,-2.723368324010564,-2.761086276477428,-2.7928216500058864,-2.8501358591119264,-2.875340604438868,-2.961739153797315,-2.961739153797315,-2.961739153797315,-2.976443976175166,-2.988943325194528,-3.064820762320015,-3.064820762320015,-3.064820762320015,0.0,-3.070285188804503,3.141592653589793,3.141592653589793,3.141592653589793,-3.0750244898139694,3.141592653589793,3.0750244898139694,-2.930499320367047,3.141592653589793,-3.017237659043032,3.0750244898139694,-3.0750244898139694,-2.976443976175166,-3.070285188804503,-2.896613990462929,-2.988943325194528,-2.8632929945846817,-3.070285188804503,-2.819842099193151,-2.746801533890032,-2.746801533890032,-2.961739153797315,-2.7091848780192556,-2.7367008673047097,-2.5748634360662868,-2.498091544796509,0.0,0.0,0.0,0.0,0.0
27.710813047997362,tx,1a:00:00:00:00:00,-54,88.93125285126764,64,0.6499096056102625,7.243865624866732,0,0,0,0,0,0,0,0,0,0,0,0,1,8,1,8,2,8,2,8,2,9,2,8,3,8,3,8,3,8,3,9,4,9,4,8,4,8,5,8,5,8,6,8,6,8,7,8,7,8,8,7,8,7,8,7,9,7,9,7,9,7,10,7,0,0,11,7,11,7,11,7,12,8,12,8,12,8,12,8,12,9,12,8,11,9,11,9,10,9,10,9,10,9,10,9,10,9,10,9,9,9,9,9,8,9,8,9,7,9,7,9,6,9,5,9,5,9,0,0,0,0,0,0,0,0,0,0,0.0,0.0,0.0,0.0,0.0,0.0,8.06225774829855,8.06225774829855,8.246211251235321,8.246211251235321,9.219544457292887,8.246211251235321,8.54400374531753,8.54400374531753,8.54400374531753,9.486832980505138,9.848857801796104,8.94427190999916,8.94427190999916,9.433981132056603,9.433981132056603,10.0,10.0,10.63014581273465,10.63014581273465,10.63014581273465,10.63014581273465,10.63014581273465,11.40175425099138,11.40175425099138,11.40175425099138,12.206555615733702,0.0,13.038404810405298,13.038404810405298,13.038404810405298,14.422205101855956,14.422205101855956,14.422205101855956,14.422205101855956,15.0,14.422205101855956,14.212670403551895,14.212670403551895,13.45362404707371,13.45362404707371,13.45362404707371,13.45362404707371,13.45362404707371,13.45362404707371,12.727922061357855,12.727922061357855,12.041594578792296,12.041594578792296,11.40175425099138,11.40175425099138,10.816653826391969,10.295630140987,10.295630140987,0.0,0.0,0.0,0.0,0.0,0.0,0.0,0.0,0.0,0.0,0.0,1.446441332248135,1.446441332248135,1.3258176636680326,1.3258176636680326,1.3521273809209546,1.3258176636680326,1.2120256565243244,1.2120256565243244,1.2120256565243244,1.2490457723982544,1.1525719972156676,1.1071487177940904,1.1071487177940904,1.0121970114513341,1.0121970114513341,0.9272952180016122,0.9272952180016122,0.8519663271732721,0.8519663271732721,0.7188299996216245,0.7188299996216245,0.7188299996216245,0.6610431688506869,0.6610431688506869,0.6610431688506869,0.6107259643892086,0.0,0.5667292175235064,0.5667292175235064,0.5667292175235064,0.5880026035475675,0.5880026035475675,0.5880026035475675,0.5880026035475675,0.6435011087932844,0.5880026035475675,0.6857295109062863,0.6857295109062863,0.7328151017865066,0.7328151017865066,0.7328151017865066,0.7328151017865066,0.7328151017865066,0.7328151017865066,0.7853981633974483,0.7853981633974483,0.844153986113171,0.844153986113171,0.9097531579442097,0.9097531579442097,0.982793723247329,1.0636978224025597,1.0636978224025597,0.0,0.0,0.0,0.0,0.0
27.81110286499461,tx,1a:00:00:00:00:00,-54,93.17541250737213,64,0.6482403447424608,7.1720070582782585,0,0,0,0,0,0,0,0,0,0,0,0,1,7,3,9,3,7,2,8,3,9,4,8,4,8,4,8,5,8,5,9,5,7,6,8,7,7,7,8,7,7,7,7,8,6,8,6,8,6,9,6,9,6,10,6,10,6,11,6,11,6,11,6,0,0,12,6,12,6,13,6,13,6,12,7,13,7,13,7,13,7,12,8,13,8,12,8,12,8,12,8,11,8,11,9,11,9,10,8,9,8,9,9,8,8,9,9,7,9,8,9,7,9,6,9,6,9,0,0,0,0,0,0,0,0,0,0,0.0,0.0,0.0,0.0,0.0,0.0,7.0710678118654755,9.486832980505138,7.615773105863909,8.246211251235321,9.486832980505138,8.94427190999916,8.94427190999916,8.94427190999916,9.433981132056603,10.295630140987,8.602325267042627,10.0,9.899494936611665,10.63014581273465,9.899494936611665,9.899494936611665,10.0,10.0,10.0,10.816653826391969,10.816653826391969,11.661903789690601,11.661903789690601,12.529964086141668,12.529964086141668,12.529964086141668,0.0,13.416407864998739,13.416407864998739,14.317821063276353,14.317821063276353,13.892443989449804,14.7648230602334,14.7648230602334,14.7648230602334,14.422205101855956,15.264337522473747,14.422205101855956,14.422205101855956,14.422205101855956,13.601470508735444,14.212670403551895,14.212670403551895,12.806248474865697,12.041594578792296,12.727922061357855,11.313708498984761,12.727922061357855,11.40175425099138,12.041594578792296,11.40175425099138,10.816653826391969,10.816653826391969,0.0,0.0,0.0,0.0,0.0,0.0,0.0,0.0,0.0,0.0,0.0,1.4288992721907328,1.2490457723982544,1.1659045405098132,1.3258176636680326,1.2490457723982544,1.1071487177940904,1.1071487177940904,1.1071487177940904,1.0121970114513341,1.0636978224025597,0.9505468408120752,0.9272952180016122,0.7853981633974483,0.8519663271732721,0.7853981633974483,0.7853981633974483,0.6435011087932844,0.6435011087932844,0.6435011087932844,0.5880026035475675,0.5880026035475675,0.5404195002705842,0.5404195002705842,0.4993467216801301,0.4993467216801301,0.4993467216801301,0.0,0.4636476090008061,0.4636476090008061,0.43240777557053783,0.43240777557053783,0.5280744484263596,0.49394136891958124,0.49394136891958124,0.49394136891958124,0.5880026035475675,0.5516549825285468,0.5880026035475675,0.5880026035475675,0.5880026035475675,0.628796286415433,0.6857295109062863,0.6857295109062863,0.6747409422235526,0.7266423406817256,0.7853981633974483,0.7853981633974483,0.7853981633974483,0.9097531579442097,0.844153986113171,0.9097531579442097,0.982793723247329,0.982793723247329,0.0,0.0,0.0,0.0,0.0
27.91356074399664,tx,1a:00:00:00:00:00,-54,93.17541250737213,64,0.6468388318157858,7.120054237038804,0,0,0,0,0,0,0,0,0,0,0,0,-8,-4,-8,-5,-8,-4,-9,-3,-8,-4,-9,-4,-8,-2,-10,-1,-9,-3,-9,-1,-9,-1,-10,-1,-10,0,-10,0,-10,0,-10,0,-11,1,-10,2,-11,2,-11,2,-10,2,-11,2,-10,3,-11,4,-11,4,-12,4,0,0,-12,5,-12,4,-13,5,-12,5,-13,5,-14,5,-14,4,-14,4,-14,4,-13,4,-14,4,-14,4,-14,3,-14,3,-13,2,-14,2,-13,2,-13,2,-13,1,-12,1,-12,0,-12,0,-11,0,-11,0,-11,-1,-11,-2,0,0,0,0,0,0,0,0,0,0,0.0,0.0,0.0,0.0,0.0,0.0,8.94427190999916,9.433981132056603,8.94427190999916,9.486832980505138,8.94427190999916,9.848857801796104,8.246211251235321,10.04987562112089,9.486832980505138,9.055385138137417,9.055385138137417,10.04987562112089,10.0,10.0,10.0,10.0,11.045361017187261,10.198039027185569,11.180339887498949,11.180339887498949,10.198039027185569,11.180339887498949,10.44030650891055,11.704699910719626,11.704699910719626,12.649110640673518,0.0,13.0,12.649110640673518,13.92838827718412,13.0,13.92838827718412,14.866068747318506,14.560219778561036,14.560219778561036,14.560219778561036,13.601470508735444,14.560219778561036,14.560219778561036,14.317821063276353,14.317821063276353,13.152946437965905,14.142135623730951,13.152946437965905,13.152946437965905,13.038404810405298,12.041594578792296,12.0,12.0,11.0,11.0,11.045361017187261,11.180339887498949,0.0,0.0,0.0,0.0,0.0,0.0,0.0,0.0,0.0,0.0,0.0,-2.677945044588987,-2.5829933382462307,-2.677945044588987,-2.819842099193151,-2.677945044588987,-2.723368324010564,-2.896613990462929,-3.0419240010986313,-2.819842099193151,-3.0309354324158977,-3.0309354324158977,-3.0419240010986313,3.141592653589793,3.141592653589793,3.141592653589793,3.141592653589793,3.050932766389048,2.9441970937399127,2.961739153797315,2.961739153797315,2.9441970937399127,2.961739153797315,2.8501358591119264,2.7928216500058864,2.7928216500058864,2.819842099193151,0.0,2.746801533890032,2.819842099193151,2.774418819771574,2.746801533890032,2.774418819771574,2.79856871316909,2.8632929945846817,2.8632929945846817,2.8632929945846817,2.843093722003614,2.8632929945846817,2.8632929945846817,2.930499320367047,2.930499320367047,2.988943325194528,2.999695598985629,2.988943325194528,2.988943325194528,3.064820762320015,3.058451421701352,3.141592653589793,3.141592653589793,3.141592653589793,3.141592653589793,-3.050932766389048,-2.961739153797315,0.0,0.0,0.0,0.0,0.0
28.020619573995646,tx,1a:00:00:00:00:00,-54,93.17541250737213,64,0.6441699122782216,7.080259118637997,0,0,0,0,0,0,0,0,0,0,0,0,5,6,6,6,5,5,6,6,6,5,7,6,7,6,7,5,7,5,8,4,8,4,9,4,9,3,9,3,10,3,9,3,10,3,9,2,11,2,11,2,11,1,11,2,11,1,12,0,12,0,13,0,0,0,14,0,13,0,15,0,14,0,15,0,15,1,15,1,15,1,15,1,14,1,15,1,15,1,15,1,15,2,13,3,15,3,12,3,13,3,13,3,12,4,12,4,11,5,11,4,11,4,10,4,10,5,0,0,0,0,0,0,0,0,0,0,0.0,0.0,0.0,0.0,0.0,0.0,7.810249675906654,8.48528137423857,7.0710678118654755,8.48528137423857,7.810249675906654,9.219544457292887,9.219544457292887,8.602325267042627,8.602325267042627,8.94427190999916,8.94427190999916,9.848857801796104,9.486832980505138,9.486832980505138,10.44030650891055,9.486832980505138,10.44030650891055,9.219544457292887,11.180339887498949,11.180339887498949,11.045361017187261,11.180339887498949,11.045361017187261,12.0,12.0,13.0,0.0,14.0,13.0,15.0,14.0,15.0,15.033296378372908,15.033296378372908,15.033296378372908,15.033296378372908,14.035668847618199,15.033296378372908,15.033296378372908,15.033296378372908,15.132745950421556,13.341664064126334,15.297058540778355,12.36931687685298,13.341664064126334,13.341664064126334,12.649110640673518,12.649110640673518,12.083045973594572,11.704699910719626,11.704699910719626,10.770329614269007,11.180339887498949,0.0,0.0,0.0,0.0,0.0,0.0,0.0,0.0,0.0,0.0,0.0,0.8760580505981934,0.7853981633974483,0.7853981633974483,0.7853981633974483,0.6947382761967031,0.7086262721276703,0.7086262721276703,0.6202494859828215,0.6202494859828215,0.4636476090008061,0.4636476090008061,0.4182243295792291,0.3217505543966422,0.3217505543966422,0.2914567944778671,0.3217505543966422,0.2914567944778671,0.21866894587394195,0.17985349979247828,0.17985349979247828,0.09065988720074511,0.17985349979247828,0.09065988720074511,0.0,0.0,0.0,0.0,0.0,0.0,0.0,0.0,0.0,0.06656816377582381,0.06656816377582381,0.06656816377582381,0.06656816377582381,0.07130746478529032,0.06656816377582381,0.06656816377582381,0.06656816377582381,0.13255153229667402,0.22679884805388587,0.19739555984988075,0.24497866312686414,0.22679884805388587,0.22679884805388587,0.3217505543966422,0.3217505543966422,0.4266274931268761,0.348771003583907,0.348771003583907,0.3805063771123649,0.4636476090008061,0.0,0.0,0.0,0.0,0.0
28.12165936299425,tx,1a:00:00:00:00:00,-54,93.17541250737213,64,0.6421580810126628,7.047057766880839,0,0,0,0,0,0,0,0,0,0,0,0,-3,-8,-3,-8,-4,-8,-4,-8,-4,-8,-4,-7,-5,-7,-5,-8,-6,-7,-6,-8,-6,-7,-7,-7,-7,-7,-7,-7,-8,-6,-9,-7,-9,-6,-9,-6,-9,-5,-10,-5,-10,-5,-11,-5,-11,-5,-11,-5,-12,-5,-12,-5,0,0,-13,-4,-14,-5,-13,-5,-14,-5,-13,-5,-14,-5,-14,-5,-14,-5,-14,-5,-14,-6,-14,-6,-13,-7,-13,-7,-13,-6,-13,-6,-12,-6,-13,-7,-11,-6,-12,-7,-11,-7,-11,-7,-11,-7,-10,-8,-9,-8,-9,-8,-8,-8,0,0,0,0,0,0,0,0,0,0,0.0,0.0,0.0,0.0,0.0,0.0,8.54400374531753,8.54400374531753,8.94427190999916,8.94427190999916,8.94427190999916,8.06225774829855,8.602325267042627,9.433981132056603,9.219544457292887,10.0,9.219544457292887,9.899494936611665,9.899494936611665,9.899494936611665,10.0,11.40175425099138,10.816653826391969,10.816653826391969,10.295630140987,11.180339887498949,11.180339887498949,12.083045973594572,12.083045973594572,12.083045973594572,13.0,13.0,0.0,13.601470508735444,14.866068747318506,13.92838827718412,14.866068747318506,13.92838827718412,14.866068747318506,14.866068747318506,14.866068747318506,14.866068747318506,15.231546211727817,15.231546211727817,14.7648230602334,14.7648230602334,14.317821063276353,14.317821063276353,13.416407864998739,14.7648230602334,12.529964086141668,13.892443989449804,13.038404810405298,13.038404810405298,13.038404810405298,12.806248474865697,12.041594578792296,12.041594578792296,11.313708498984761,0.0,0.0,0.0,0.0,0.0,0.0,0.0,0.0,0.0,0.0,0.0,-1.9295669970654687,-1.9295669970654687,-2.0344439357957027,-2.0344439357957027,-2.0344439357957027,-2.0899424410414196,-2.191045812777718,-2.129395642138459,-2.279422598922567,-2.214297435588181,-2.279422598922567,-2.356194490192345,-2.356194490192345,-2.356194490192345,-2.498091544796509,-2.4805494847391065,-2.5535900500422257,-2.5535900500422257,-2.6344941491974563,-2.677945044588987,-2.677945044588987,-2.714965160462917,-2.714965160462917,-2.714965160462917,-2.746801533890032,-2.746801533890032,0.0,-2.843093722003614,-2.79856871316909,-2.774418819771574,-2.79856871316909,-2.774418819771574,-2.79856871316909,-2.79856871316909,-2.79856871316909,-2.79856871316909,-2.7367008673047097,-2.7367008673047097,-2.647651284670212,-2.647651284670212,-2.7091848780192556,-2.7091848780192556,-2.677945044588987,-2.647651284670212,-2.642245931909663,-2.6135182051634334,-2.5748634360662868,-2.5748634360662868,-2.5748634360662868,-2.4668517113662407,-2.4149503129080676,-2.4149503129080676,-2.356194490192345,0.0,0.0,0.0,0.0,0.0
28.22230789799505,tx,1a:00:00:00:00:00,-54,93.17541250737213,64,0.6386156548205888,7.016542509339869,0,0,0,0,0,0,0,0,0,0,0,0,5,6,5,5,6,5,6,6,6,5,6,5,7,5,6,5,7,5,7,5,8,4,8,4,8,4,9,3,9,3,10,3,9,2,10,2,10,2,10,1,11,1,11,1,11,1,12,0,12,0,12,0,0,0,13,0,14,-1,13,-1,14,-1,14,0,14,-1,15,0,15,1,15,0,15,1,14,1,14,1,14,2,13,2,14,1,13,1,13,2,13,2,12,2,12,3,12,3,11,3,11,4,10,4,10,4,9,4,0,0,0,0,0,0,0,0,0,0,0.0,0.0,0.0,0.0,0.0,0.0,7.810249675906654,7.0710678118654755,7.810249675906654,8.48528137423857,7.810249675906654,7.810249675906654,8.602325267042627,7.810249675906654,8.602325267042627,8.602325267042627,8.94427190999916,8.94427190999916,8.94427190999916,9.486832980505138,9.486832980505138,10.44030650891055,9.219544457292887,10.198039027185569,10.198039027185569,10.04987562112089,11.045361017187261,11.045361017187261,11.045361017187261,12.0,12.0,12.0,0.0,13.0,14.035668847618199,13.038404810405298,14.035668847618199,14.0,14.035668847618199,15.0,15.033296378372908,15.0,15.033296378372908,14.035668847618199,14.035668847618199,14.142135623730951,13.152946437965905,14.035668847618199,13.038404810405298,13.152946437965905,13.152946437965905,12.165525060596439,12.36931687685298,12.36931687685298,11.40175425099138,11.704699910719626,10.770329614269007,10.770329614269007,9.848857801796104,0.0,0.0,0.0,0.0,0.0,0.0,0.0,0.0,0.0,0.0,0.0,0.8760580505981934,0.7853981633974483,0.6947382761967031,0.7853981633974483,0.6947382761967031,0.6947382761967031,0.6202494859828215,0.6947382761967031,0.6202494859828215,0.6202494859828215,0.4636476090008061,0.4636476090008061,0.4636476090008061,0.3217505543966422,0.3217505543966422,0.2914567944778671,0.21866894587394195,0.19739555984988075,0.19739555984988075,0.09966865249116202,0.09065988720074511,0.09065988720074511,0.09065988720074511,0.0,0.0,0.0,0.0,0.0,-0.07130746478529032,-0.07677189126977804,-0.07130746478529032,0.0,-0.07130746478529032,0.0,0.06656816377582381,0.0,0.06656816377582381,0.07130746478529032,0.07130746478529032,0.14189705460416394,0.15264932839526515,0.07130746478529032,0.07677189126977804,0.15264932839526515,0.15264932839526515,0.16514867741462683,0.24497866312686414,0.24497866312686414,0.2662520491509254,0.348771003583907,0.3805063771123649,0.3805063771123649,0.4182243295792291,0.0,0.0,0.0,0.0,0.0
28.33077214399964,tx,1a:00:00:00:00:00,-54,93.17541250737213,64,0.636095741232307,6.986056797135648,0,0,0,0,0,0,0,0,0,0,0,0,6,3,7,3,7,3,8,3,7,3,8,3,8,3,8,2,8,2,9,1,9,1,9,1,9,0,9,0,10,0,10,0,10,-1,10,-1,10,-2,10,-2,11,-2,11,-2,11,-3,11,-4,12,-4,12,-4,0,0,13,-4,13,-4,14,-4,13,-4,13,-4,14,-4,14,-4,14,-3,15,-3,14,-3,14,-3,14,-3,14,-2,14,-2,13,-1,14,-1,13,-1,12,-1,13,0,12,0,12,0,11,1,11,1,11,1,11,1,10,2,0,0,0,0,0,0,0,0,0,0,0.0,0.0,0.0,0.0,0.0,0.0,6.708203932499369,7.615773105863909,7.615773105863909,8.54400374531753,7.615773105863909,8.54400374531753,8.54400374531753,8.246211251235321,8.246211251235321,9.055385138137417,9.055385138137417,9.055385138137417,9.0,9.0,10.0,10.0,10.04987562112089,10.04987562112089,10.198039027185569,10.198039027185569,11.180339887498949,11.180339887498949,11.40175425099138,11.704699910719626,12.649110640673518,12.649110640673518,0.0,13.601470508735444,13.601470508735444,14.560219778561036,13.601470508735444,13.601470508735444,14.560219778561036,14.560219778561036,14.317821063276353,15.297058540778355,14.317821063276353,14.317821063276353,14.317821063276353,14.142135623730951,14.142135623730951,13.038404810405298,14.035668847618199,13.038404810405298,12.041594578792296,13.0,12.0,12.0,11.045361017187261,11.045361017187261,11.045361017187261,11.045361017187261,10.198039027185569,0.0,0.0,0.0,0.0,0.0,0.0,0.0,0.0,0.0,0.0,0.0,0.4636476090008061,0.40489178628508343,0.40489178628508343,0.35877067027057225,0.40489178628508343,0.35877067027057225,0.35877067027057225,0.24497866312686414,0.24497866312686414,0.11065722117389565,0.11065722117389565,0.11065722117389565,0.0,0.0,0.0,0.0,-0.09966865249116202,-0.09966865249116202,-0.19739555984988075,-0.19739555984988075,-0.17985349979247828,-0.17985349979247828,-0.2662520491509254,-0.348771003583907,-0.3217505543966422,-0.3217505543966422,0.0,-0.2984989315861793,-0.2984989315861793,-0.27829965900511133,-0.2984989315861793,-0.2984989315861793,-0.27829965900511133,-0.27829965900511133,-0.21109333322274654,-0.19739555984988075,-0.21109333322274654,-0.21109333322274654,-0.21109333322274654,-0.14189705460416394,-0.14189705460416394,-0.07677189126977804,-0.07130746478529032,-0.07677189126977804,-0.08314123188844123,0.0,0.0,0.0,0.09065988720074511,0.09065988720074511,0.09065988720074511,0.09065988720074511,0.19739555984988075,0.0,0.0,0.0,0.0,0.0
28.43079716599459,tx,1a:00:00:00:00:00,-54,93.17541250737213,64,0.6343183012684681,6.953773798551418,0,0,0,0,0,0,0,0,0,0,0,0,-9,-1,-9,-1,-9,-1,-9,-1,-9,0,-9,0,-9,0,-9,1,-10,1,-10,1,-10,2,-10,2,-10,3,-10,3,-10,3,-10,4,-10,4,-10,4,-10,5,-10,5,-10,6,-10,6,-10,6,-10,7,-10,8,-10,8,0,0,-11,8,-11,9,-11,9,-11,9,-12,9,-12,9,-12,9,-12,9,-13,9,-13,8,-13,8,-12,8,-13,8,-13,7,-12,7,-13,7,-12,7,-12,6,-12,6,-12,5,-12,4,-12,4,-12,4,-11,3,-11,3,-11,2,0,0,0,0,0,0,0,0,0,0,0.0,0.0,0.0,0.0,0.0,0.0,9.055385138137417,9.055385138137417,9.055385138137417,9.055385138137417,9.0,9.0,9.0,9.055385138137417,10.04987562112089,10.04987562112089,10.198039027185569,10.198039027185569,10.44030650891055,10.44030650891055,10.44030650891055,10.770329614269007,10.770329614269007,10.770329614269007,11.180339887498949,11.180339887498949,11.661903789690601,11.661903789690601,11.661903789690601,12.206555615733702,12.806248474865697,12.806248474865697,0.0,13.601470508735444,14.212670403551895,14.212670403551895,14.212670403551895,15.0,15.0,15.0,15.0,15.811388300841896,15.264337522473747,15.264337522473747,14.422205101855956,15.264337522473747,14.7648230602334,13.892443989449804,14.7648230602334,13.892443989449804,13.416407864998739,13.416407864998739,13.0,12.649110640673518,12.649110640673518,12.649110640673518,11.40175425099138,11.40175425099138,11.180339887498949,0.0,0.0,0.0,0.0,0.0,0.0,0.0,0.0,0.0,0.0,0.0,-3.0309354324158977,-3.0309354324158977,-3.0309354324158977,-3.0309354324158977,3.141592653589793,3.141592653589793,3.141592653589793,3.0309354324158977,3.0419240010986313,3.0419240010986313,2.9441970937399127,2.9441970937399127,2.8501358591119264,2.8501358591119264,2.8501358591119264,2.761086276477428,2.761086276477428,2.761086276477428,2.677945044588987,2.677945044588987,2.601173153319209,2.601173153319209,2.601173153319209,2.5308666892005847,2.4668517113662407,2.4668517113662407,0.0,2.5127963671743605,2.455863142683507,2.455863142683507,2.455863142683507,2.498091544796509,2.498091544796509,2.498091544796509,2.498091544796509,2.5360479899848234,2.5899376710612465,2.5899376710612465,2.5535900500422257,2.5899376710612465,2.647651284670212,2.6135182051634334,2.647651284670212,2.6135182051634334,2.677945044588987,2.677945044588987,2.746801533890032,2.819842099193151,2.819842099193151,2.819842099193151,2.875340604438868,2.875340604438868,2.961739153797315,0.0,0.0,0.0,0.0,0.0
28.541630381994764,tx,1a:00:00:00:00:00,-54,93.17541250737213,64,0.6325342719074436,6.918448236603785,0,0,0,0,0,0,0,0,0,0,0,0,-4,-8,-4,-8,-4,-8,-4,-8,-5,-8,-5,-8,-6,-8,-5,-8,-6,-8,-6,-8,-6,-8,-7,-8,-7,-7,-7,-7,-8,-7,-9,-7,-8,-6,-9,-7,-9,-6,-10,-6,-10,-6,-11,-5,-11,-6,-11,-6,-12,-5,-12,-5,0,0,-13,-6,-14,-5,-13,-5,-14,-6,-13,-6,-14,-6,-15,-6,-14,-6,-14,-6,-14,-7,-14,-7,-13,-7,-13,-8,-12,-7,-13,-7,-12,-7,-12,-8,-11,-7,-11,-7,-11,-8,-10,-8,-10,-8,-10,-8,-9,-9,-8,-8,-7,-8,0,0,0,0,0,0,0,0,0,0,0.0,0.0,0.0,0.0,0.0,0.0,8.94427190999916,8.94427190999916,8.94427190999916,8.94427190999916,9.433981132056603,9.433981132056603,10.0,9.433981132056603,10.0,10.0,10.0,10.63014581273465,9.899494936611665,9.899494936611665,10.63014581273465,11.40175425099138,10.0,11.40175425099138,10.816653826391969,11.661903789690601,11.661903789690601,12.083045973594572,12.529964086141668,12.529964086141668,13.0,13.0,0.0,14.317821063276353,14.866068747318506,13.92838827718412,15.231546211727817,14.317821063276353,15.231546211727817,16.15549442140351,15.231546211727817,15.231546211727817,15.652475842498529,15.652475842498529,14.7648230602334,15.264337522473747,13.892443989449804,14.7648230602334,13.892443989449804,14.422205101855956,13.038404810405298,13.038404810405298,13.601470508735444,12.806248474865697,12.806248474865697,12.806248474865697,12.727922061357855,11.313708498984761,10.63014581273465,0.0,0.0,0.0,0.0,0.0,0.0,0.0,0.0,0.0,0.0,0.0,-2.0344439357957027,-2.0344439357957027,-2.0344439357957027,-2.0344439357957027,-2.129395642138459,-2.129395642138459,-2.214297435588181,-2.129395642138459,-2.214297435588181,-2.214297435588181,-2.214297435588181,-2.289626326416521,-2.356194490192345,-2.356194490192345,-2.4227626539681686,-2.4805494847391065,-2.498091544796509,-2.4805494847391065,-2.5535900500422257,-2.601173153319209,-2.601173153319209,-2.714965160462917,-2.642245931909663,-2.642245931909663,-2.746801533890032,-2.746801533890032,0.0,-2.7091848780192556,-2.79856871316909,-2.774418819771574,-2.7367008673047097,-2.7091848780192556,-2.7367008673047097,-2.761086276477428,-2.7367008673047097,-2.7367008673047097,-2.677945044588987,-2.677945044588987,-2.647651284670212,-2.5899376710612465,-2.6135182051634334,-2.647651284670212,-2.6135182051634334,-2.5535900500422257,-2.5748634360662868,-2.5748634360662868,-2.5127963671743605,-2.4668517113662407,-2.4668517113662407,-2.4668517113662407,-2.356194490192345,-2.356194490192345,-2.289626326416521,0.0,0.0,0.0,0.0,0.0
28.650419571000384,tx,1a:00:00:00:00:00,-54,93.17541250737213,64,0.6316880688092552,6.879286714524799,0,0,0,0,0,0,0,0,0,0,0,0,5,6,5,6,5,6,5,6,6,6,5,5,6,5,6,5,7,5,7,5,7,5,8,5,8,4,8,4,8,4,9,3,9,3,10,3,10,2,10,2,10,2,11,2,11,2,11,1,12,1,12,1,0,0,13,1,14,0,13,0,14,0,14,0,14,1,14,1,14,2,14,1,15,2,14,2,14,2,13,2,13,3,14,2,13,2,13,3,12,3,12,3,11,3,11,4,11,4,10,5,10,4,9,5,8,5,0,0,0,0,0,0,0,0,0,0,0.0,0.0,0.0,0.0,0.0,0.0,7.810249675906654,7.810249675906654,7.810249675906654,7.810249675906654,8.48528137423857,7.0710678118654755,7.810249675906654,7.810249675906654,8.602325267042627,8.602325267042627,8.602325267042627,9.433981132056603,8.94427190999916,8.94427190999916,8.94427190999916,9.486832980505138,9.486832980505138,10.44030650891055,10.198039027185569,10.198039027185569,10.198039027185569,11.180339887498949,11.180339887498949,11.045361017187261,12.041594578792296,12.041594578792296,0.0,13.038404810405298,14.0,13.0,14.0,14.0,14.035668847618199,14.035668847618199,14.142135623730951,14.035668847618199,15.132745950421556,14.142135623730951,14.142135623730951,13.152946437965905,13.341664064126334,14.142135623730951,13.152946437965905,13.341664064126334,12.36931687685298,12.36931687685298,11.40175425099138,11.704699910719626,11.704699910719626,11.180339887498949,10.770329614269007,10.295630140987,9.433981132056603,0.0,0.0,0.0,0.0,0.0,0.0,0.0,0.0,0.0,0.0,0.0,0.8760580505981934,0.8760580505981934,0.8760580505981934,0.8760580505981934,0.7853981633974483,0.7853981633974483,0.6947382761967031,0.6947382761967031,0.6202494859828215,0.6202494859828215,0.6202494859828215,0.5585993153435624,0.4636476090008061,0.4636476090008061,0.4636476090008061,0.3217505543966422,0.3217505543966422,0.2914567944778671,0.19739555984988075,0.19739555984988075,0.19739555984988075,0.17985349979247828,0.17985349979247828,0.09065988720074511,0.08314123188844123,0.08314123188844123,0.0,0.07677189126977804,0.0,0.0,0.0,0.0,0.07130746478529032,0.07130746478529032,0.14189705460416394,0.07130746478529032,0.13255153229667402,0.14189705460416394,0.14189705460416394,0.15264932839526515,0.22679884805388587,0.14189705460416394,0.15264932839526515,0.22679884805388587,0.24497866312686414,0.24497866312686414,0.2662520491509254,0.348771003583907,0.348771003583907,0.4636476090008061,0.3805063771123649,0.507098504392337,0.5585993153435624,0.0,0.0,0.0,0.0,0.0
28.751202605999424,tx,1a:00:00:00:00:00,-54,92.98163807915648,64,0.6307182683065543,6.835807398845592,0,0,0,0,0,0,0,0,0,0,0,0,3,-8,3,-8,2,-8,3,-9,2,-9,2,-9,2,-9,1,-10,1,-10,1,-10,0,-10,0,-10,0,-10,0,-11,-1,-11,-1,-11,-2,-11,-2,-11,-3,-12,-3,-12,-3,-12,-4,-12,-4,-12,-4,-12,-5,-13,-5,-13,0,0,-5,-13,-5,-13,-6,-14,-5,-14,-5,-15,-6,-15,-5,-15,-5,-15,-5,-15,-4,-14,-4,-15,-4,-15,-3,-15,-3,-15,-3,-14,-3,-15,-2,-14,-2,-14,-2,-13,-1,-13,-1,-13,0,-13,0,-12,0,-12,1,-12,1,-11,0,0,0,0,0,0,0,0,0,0,0.0,0.0,0.0,0.0,0.0,0.0,8.54400374531753,8.54400374531753,8.246211251235321,9.486832980505138,9.219544457292887,9.219544457292887,9.219544457292887,10.04987562112089,10.04987562112089,10.04987562112089,10.0,10.0,10.0,11.0,11.045361017187261,11.045361017187261,11.180339887498949,11.180339887498949,12.36931687685298,12.36931687685298,12.36931687685298,12.649110640673518,12.649110640673518,12.649110640673518,13.92838827718412,13.92838827718412,0.0,13.92838827718412,13.92838827718412,15.231546211727817,14.866068747318506,15.811388300841896,16.15549442140351,15.811388300841896,15.811388300841896,15.811388300841896,14.560219778561036,15.524174696260024,15.524174696260024,15.297058540778355,15.297058540778355,14.317821063276353,15.297058540778355,14.142135623730951,14.142135623730951,13.152946437965905,13.038404810405298,13.038404810405298,13.0,12.0,12.0,12.041594578792296,11.045361017187261,0.0,0.0,0.0,0.0,0.0,0.0,0.0,0.0,0.0,0.0,0.0,-1.2120256565243244,-1.2120256565243244,-1.3258176636680326,-1.2490457723982544,-1.3521273809209546,-1.3521273809209546,-1.3521273809209546,-1.4711276743037347,-1.4711276743037347,-1.4711276743037347,-1.5707963267948966,-1.5707963267948966,-1.5707963267948966,-1.5707963267948966,-1.6614562139956417,-1.6614562139956417,-1.750649826587375,-1.750649826587375,-1.8157749899217608,-1.8157749899217608,-1.8157749899217608,-1.892546881191539,-1.892546881191539,-1.892546881191539,-1.9379701606131159,-1.9379701606131159,0.0,-1.9379701606131159,-1.9379701606131159,-1.97568811307998,-1.9138202672156,-1.892546881191539,-1.9513027039072615,-1.892546881191539,-1.892546881191539,-1.892546881191539,-1.849095985800008,-1.8313987185422376,-1.8313987185422376,-1.7681918866447774,-1.7681918866447774,-1.7818896600176433,-1.7681918866447774,-1.7126933813990606,-1.7126933813990606,-1.7234456551901618,-1.6475682180646747,-1.6475682180646747,-1.5707963267948966,-1.5707963267948966,-1.5707963267948966,-1.4876550949064553,-1.4801364395941514,0.0,0.0,0.0,0.0,0.0
28.861567275998823,tx,1a:00:00:00:00:00,-54,92.98163807915648,64,0.6304960629801458,6.787740342183243,0,0,0,0,0,0,0,0,0,0,0,0,-4,-8,-4,-9,-4,-8,-5,-9,-5,-8,-5,-9,-6,-8,-6,-8,-6,-8,-6,-8,-7,-8,-7,-8,-7,-8,-8,-8,-8,-8,-8,-7,-9,-7,-9,-7,-10,-7,-10,-7,-10,-6,-10,-7,-11,-6,-11,-6,-12,-6,-12,-6,0,0,-13,-7,-12,-6,-13,-7,-13,-6,-13,-7,-14,-7,-14,-7,-13,-8,-13,-8,-13,-8,-13,-8,-12,-8,-12,-9,-12,-9,-11,-9,-12,-9,-10,-9,-11,-9,-10,-9,-9,-9,-9,-9,-8,-9,-8,-9,-8,-9,-7,-9,-7,-9,0,0,0,0,0,0,0,0,0,0,0.0,0.0,0.0,0.0,0.0,0.0,8.94427190999916,9.848857801796104,8.94427190999916,10.295630140987,9.433981132056603,10.295630140987,10.0,10.0,10.0,10.0,10.63014581273465,10.63014581273465,10.63014581273465,11.313708498984761,11.313708498984761,10.63014581273465,11.40175425099138,11.40175425099138,12.206555615733702,12.206555615733702,11.661903789690601,12.206555615733702,12.529964086141668,12.529964086141668,13.416407864998739,13.416407864998739,0.0,14.7648230602334,13.416407864998739,14.7648230602334,14.317821063276353,14.7648230602334,15.652475842498529,15.652475842498529,15.264337522473747,15.264337522473747,15.264337522473747,15.264337522473747,14.422205101855956,15.0,15.0,14.212670403551895,15.0,13.45362404707371,14.212670403551895,13.45362404707371,12.727922061357855,12.727922061357855,12.041594578792296,12.041594578792296,12.041594578792296,11.40175425099138,11.40175425099138,0.0,0.0,0.0,0.0,0.0,0.0,0.0,0.0,0.0,0.0,0.0,-2.0344439357957027,-1.9890206563741257,-2.0344439357957027,-2.0778948311872334,-2.129395642138459,-2.0778948311872334,-2.214297435588181,-2.214297435588181,-2.214297435588181,-2.214297435588181,-2.289626326416521,-2.289626326416521,-2.289626326416521,-2.356194490192345,-2.356194490192345,-2.4227626539681686,-2.4805494847391065,-2.4805494847391065,-2.5308666892005847,-2.5308666892005847,-2.601173153319209,-2.5308666892005847,-2.642245931909663,-2.642245931909663,-2.677945044588987,-2.677945044588987,0.0,-2.647651284670212,-2.677945044588987,-2.647651284670212,-2.7091848780192556,-2.647651284670212,-2.677945044588987,-2.677945044588987,-2.5899376710612465,-2.5899376710612465,-2.5899376710612465,-2.5899376710612465,-2.5535900500422257,-2.498091544796509,-2.498091544796509,-2.455863142683507,-2.498091544796509,-2.408777551803287,-2.455863142683507,-2.408777551803287,-2.356194490192345,-2.356194490192345,-2.297438667476622,-2.297438667476622,-2.297438667476622,-2.2318394956455836,-2.2318394956455836,0.0,0.0,0.0,0.0,0.0
28.961893407999014,tx,1a:00:00:00:00:00,-54,92.98163807915648,64,0.6306398895405088,6.734948412090483,0,0,0,0,0,0,0,0,0,0,0,0,-1,-9,-1,-9,-1,-10,-1,-10,-1,-10,-2,-10,-2,-10,-2,-10,-3,-10,-3,-10,-3,-10,-4,-10,-4,-10,-4,-10,-5,-10,-5,-10,-6,-10,-6,-10,-7,-10,-7,-10,-7,-10,-8,-10,-8,-10,-8,-10,-9,-11,-9,-10,0,0,-9,-11,-10,-11,-10,-11,-10,-11,-10,-11,-10,-12,-10,-12,-10,-12,-10,-12,-9,-13,-9,-12,-8,-13,-8,-13,-8,-12,-8,-12,-8,-12,-7,-12,-7,-12,-6,-12,-6,-11,-5,-12,-5,-12,-4,-12,-4,-11,-3,-11,-3,-11,0,0,0,0,0,0,0,0,0,0,0.0,0.0,0.0,0.0,0.0,0.0,9.055385138137417,9.055385138137417,10.04987562112089,10.04987562112089,10.04987562112089,10.198039027185569,10.198039027185569,10.198039027185569,10.44030650891055,10.44030650891055,10.44030650891055,10.770329614269007,10.770329614269007,10.770329614269007,11.180339887498949,11.180339887498949,11.661903789690601,11.661903789690601,12.206555615733702,12.206555615733702,12.206555615733702,12.806248474865697,12.806248474865697,12.806248474865697,14.212670403551895,13.45362404707371,0.0,14.212670403551895,14.866068747318506,14.866068747318506,14.866068747318506,14.866068747318506,15.620499351813308,15.620499351813308,15.620499351813308,15.620499351813308,15.811388300841896,15.0,15.264337522473747,15.264337522473747,14.422205101855956,14.422205101855956,14.422205101855956,13.892443989449804,13.892443989449804,13.416407864998739,12.529964086141668,13.0,13.0,12.649110640673518,11.704699910719626,11.40175425099138,11.40175425099138,0.0,0.0,0.0,0.0,0.0,0.0,0.0,0.0,0.0,0.0,0.0,-1.6814535479687922,-1.6814535479687922,-1.6704649792860586,-1.6704649792860586,-1.6704649792860586,-1.7681918866447774,-1.7681918866447774,-1.7681918866447774,-1.8622531212727638,-1.8622531212727638,-1.8622531212727638,-1.9513027039072615,-1.9513027039072615,-1.9513027039072615,-2.0344439357957027,-2.0344439357957027,-2.1112158270654806,-2.1112158270654806,-2.1815222911841055,-2.1815222911841055,-2.1815222911841055,-2.2455372690184494,-2.2455372690184494,-2.2455372690184494,-2.256525837701183,-2.3036114285814033,0.0,-2.256525837701183,-2.3086113869153615,-2.3086113869153615,-2.3086113869153615,-2.3086113869153615,-2.2655346029916,-2.2655346029916,-2.2655346029916,-2.2655346029916,-2.1763409903998667,-2.214297435588181,-2.1224513093234436,-2.1224513093234436,-2.158798930342464,-2.158798930342464,-2.158798930342464,-2.0988707752212563,-2.0988707752212563,-2.0344439357957027,-2.0701430484750265,-1.965587446494658,-1.965587446494658,-1.892546881191539,-1.9195673303788037,-1.837048375945822,-1.837048375945822,0.0,0.0,0.0,0.0,0.0
29.070263248999254,tx,1a:00:00:00:00:00,-54,92.98163807915648,64,0.6310227365211295,6.67736310629483,0,0,0,0,0,0,0,0,0,0,0,0,-3,8,-3,7,-3,9,-3,8,-3,9,-3,8,-2,9,-2,9,-1,9,-1,9,-1,9,0,9,-1,10,0,10,1,9,1,10,1,10,2,10,2,10,3,10,3,10,4,11,4,11,4,11,4,11,5,11,0,0,5,12,6,13,6,12,6,13,5,12,6,13,6,13,5,14,5,13,5,14,4,14,4,13,4,13,3,13,4,13,3,12,3,13,3,12,2,12,2,12,2,12,1,11,2,11,-1,11,-1,11,-1,11,0,0,0,0,0,0,0,0,0,0,0.0,0.0,0.0,0.0,0.0,0.0,8.54400374531753,7.615773105863909,9.486832980505138,8.54400374531753,9.486832980505138,8.54400374531753,9.219544457292887,9.219544457292887,9.055385138137417,9.055385138137417,9.055385138137417,9.0,10.04987562112089,10.0,9.055385138137417,10.04987562112089,10.04987562112089,10.198039027185569,10.198039027185569,10.44030650891055,10.44030650891055,11.704699910719626,11.704699910719626,11.704699910719626,11.704699910719626,12.083045973594572,0.0,13.0,14.317821063276353,13.416407864998739,14.317821063276353,13.0,14.317821063276353,14.317821063276353,14.866068747318506,13.92838827718412,14.866068747318506,14.560219778561036,13.601470508735444,13.601470508735444,13.341664064126334,13.601470508735444,12.36931687685298,13.341664064126334,12.36931687685298,12.165525060596439,12.165525060596439,12.165525060596439,11.045361017187261,11.180339887498949,11.045361017187261,11.045361017187261,11.045361017187261,0.0,0.0,0.0,0.0,0.0,0.0,0.0,0.0,0.0,0.0,0.0,1.9295669970654687,1.97568811307998,1.892546881191539,1.9295669970654687,1.892546881191539,1.9295669970654687,1.7894652726688385,1.7894652726688385,1.6814535479687922,1.6814535479687922,1.6814535479687922,1.5707963267948966,1.6704649792860586,1.5707963267948966,1.460139105621001,1.4711276743037347,1.4711276743037347,1.373400766945016,1.373400766945016,1.2793395323170296,1.2793395323170296,1.2220253232109897,1.2220253232109897,1.2220253232109897,1.2220253232109897,1.1441688336680205,0.0,1.176005207095135,1.1383885512243588,1.1071487177940904,1.1383885512243588,1.176005207095135,1.1383885512243588,1.1383885512243588,1.2277723863741932,1.2036224929766774,1.2277723863741932,1.2924966677897853,1.2722973952087173,1.2722973952087173,1.3439974787410107,1.2722973952087173,1.3258176636680326,1.3439974787410107,1.3258176636680326,1.4056476493802699,1.4056476493802699,1.4056476493802699,1.4801364395941514,1.3909428270024184,1.6614562139956417,1.6614562139956417,1.6614562139956417,0.0,0.0,0.0,0.0,0.0
29.171328753000125,tx,1a:00:00:00:00:00,-54,92.98163807915648,64,0.6319557920735034,6.626605404521907,0,0,0,0,0,0,0,0,0,0,0,0,-7,-6,-8,-6,-8,-5,-8,-6,-8,-5,-9,-6,-8,-5,-9,-5,-9,-5,-9,-4,-10,-4,-10,-3,-10,-3,-10,-3,-11,-3,-11,-3,-11,-2,-11,-2,-12,-2,-11,-2,-12,-1,-12,-1,-12,0,-13,1,-13,1,-14,1,0,0,-15,0,-14,0,-15,0,-14,1,-15,0,-15,0,-16,0,-16,-1,-16,-1,-15,-1,-16,0,-15,-1,-15,-1,-16,-2,-14,-2,-15,-3,-13,-2,-14,-3,-13,-3,-13,-4,-13,-4,-12,-4,-12,-4,-12,-4,-11,-5,-11,-5,0,0,0,0,0,0,0,0,0,0,0.0,0.0,0.0,0.0,0.0,0.0,9.219544457292887,10.0,9.433981132056603,10.0,9.433981132056603,10.816653826391969,9.433981132056603,10.295630140987,10.295630140987,9.848857801796104,10.770329614269007,10.44030650891055,10.44030650891055,10.44030650891055,11.40175425099138,11.40175425099138,11.180339887498949,11.180339887498949,12.165525060596439,11.180339887498949,12.041594578792296,12.041594578792296,12.0,13.038404810405298,13.038404810405298,14.035668847618199,0.0,15.0,14.0,15.0,14.035668847618199,15.0,15.0,16.0,16.0312195418814,16.0312195418814,15.033296378372908,16.0,15.033296378372908,15.033296378372908,16.1245154965971,14.142135623730951,15.297058540778355,13.152946437965905,14.317821063276353,13.341664064126334,13.601470508735444,13.601470508735444,12.649110640673518,12.649110640673518,12.649110640673518,12.083045973594572,12.083045973594572,0.0,0.0,0.0,0.0,0.0,0.0,0.0,0.0,0.0,0.0,0.0,-2.432966381462123,-2.498091544796509,-2.5829933382462307,-2.498091544796509,-2.5829933382462307,-2.5535900500422257,-2.5829933382462307,-2.6344941491974563,-2.6344941491974563,-2.723368324010564,-2.761086276477428,-2.8501358591119264,-2.8501358591119264,-2.8501358591119264,-2.875340604438868,-2.875340604438868,-2.961739153797315,-2.961739153797315,-2.976443976175166,-2.961739153797315,-3.058451421701352,-3.058451421701352,3.141592653589793,3.064820762320015,3.064820762320015,3.070285188804503,0.0,3.141592653589793,3.141592653589793,3.141592653589793,3.070285188804503,3.141592653589793,3.141592653589793,3.141592653589793,-3.079173843593836,-3.079173843593836,-3.0750244898139694,3.141592653589793,-3.0750244898139694,-3.0750244898139694,-3.017237659043032,-2.999695598985629,-2.9441970937399127,-2.988943325194528,-2.930499320367047,-2.9147938055359073,-2.843093722003614,-2.843093722003614,-2.819842099193151,-2.819842099193151,-2.819842099193151,-2.714965160462917,-2.714965160462917,0.0,0.0,0.0,0.0,0.0
29.273516863999248,tx,1a:00:00:00:00:00,-54,92.98163807915648,64,0.6323762403874265,6.605873104520304,0,0,0,0,0,0,0,0,0,0,0,0,8,0,8,-1,9,-1,9,-1,9,-1,9,-1,9,-2,9,-2,9,-2,9,-3,9,-3,9,-4,9,-4,9,-4,9,-5,9,-5,9,-5,9,-6,9,-6,9,-7,9,-7,9,-8,9,-8,9,-8,9,-9,9,-9,0,0,10,-10,10,-10,10,-10,11,-10,11,-10,11,-10,11,-10,11,-10,11,-10,12,-10,11,-9,12,-9,12,-9,12,-9,12,-8,11,-8,11,-7,11,-7,11,-6,11,-6,11,-5,11,-5,11,-5,10,-4,10,-4,10,-3,0,0,0,0,0,0,0,0,0,0,0.0,0.0,0.0,0.0,0.0,0.0,8.0,8.06225774829855,9.055385138137417,9.055385138137417,9.055385138137417,9.055385138137417,9.219544457292887,9.219544457292887,9.219544457292887,9.486832980505138,9.486832980505138,9.848857801796104,9.848857801796104,9.848857801796104,10.295630140987,10.295630140987,10.295630140987,10.816653826391969,10.816653826391969,11.40175425099138,11.40175425099138,12.041594578792296,12.041594578792296,12.041594578792296,12.727922061357855,12.727922061357855,0.0,14.142135623730951,14.142135623730951,14.142135623730951,14.866068747318506,14.866068747318506,14.866068747318506,14.866068747318506,14.866068747318506,14.866068747318506,15.620499351813308,14.212670403551895,15.0,15.0,15.0,14.422205101855956,13.601470508735444,13.038404810405298,13.038404810405298,12.529964086141668,12.529964086141668,12.083045973594572,12.083045973594572,12.083045973594572,10.770329614269007,10.770329614269007,10.44030650891055,0.0,0.0,0.0,0.0,0.0,0.0,0.0,0.0,0.0,0.0,0.0,0.0,-0.12435499454676144,-0.11065722117389565,-0.11065722117389565,-0.11065722117389565,-0.11065722117389565,-0.21866894587394195,-0.21866894587394195,-0.21866894587394195,-0.3217505543966422,-0.3217505543966422,-0.4182243295792291,-0.4182243295792291,-0.4182243295792291,-0.507098504392337,-0.507098504392337,-0.507098504392337,-0.5880026035475675,-0.5880026035475675,-0.6610431688506869,-0.6610431688506869,-0.7266423406817256,-0.7266423406817256,-0.7266423406817256,-0.7853981633974483,-0.7853981633974483,0.0,-0.7853981633974483,-0.7853981633974483,-0.7853981633974483,-0.7378150601204649,-0.7378150601204649,-0.7378150601204649,-0.7378150601204649,-0.7378150601204649,-0.7378150601204649,-0.6947382761967031,-0.6857295109062863,-0.6435011087932844,-0.6435011087932844,-0.6435011087932844,-0.5880026035475675,-0.628796286415433,-0.5667292175235064,-0.5667292175235064,-0.4993467216801301,-0.4993467216801301,-0.4266274931268761,-0.4266274931268761,-0.4266274931268761,-0.3805063771123649,-0.3805063771123649,-0.2914567944778671,0.0,0.0,0.0,0.0,0.0
29.38062777599407,tx,1a:00:00:00:00:00,-53,92.98163807915648,64,0.6325759437545206,6.604361843322794,0,0,0,0,0,0,0,0,0,0,0,0,-3,8,-3,8,-3,8,-3,9,-3,9,-2,9,-2,9,-2,9,-2,9,-1,10,-1,9,0,10,0,10,1,10,1,10,1,10,2,10,2,10,3,10,3,10,3,11,4,11,4,11,4,11,5,11,5,12,0,0,5,12,6,12,6,13,6,12,6,12,6,13,5,14,5,13,5,13,5,13,5,13,5,13,4,13,4,14,4,13,3,13,3,13,3,12,2,12,1,12,1,12,1,12,1,12,0,11,0,11,-1,10,0,0,0,0,0,0,0,0,0,0,0.0,0.0,0.0,0.0,0.0,0.0,8.54400374531753,8.54400374531753,8.54400374531753,9.486832980505138,9.486832980505138,9.219544457292887,9.219544457292887,9.219544457292887,9.219544457292887,10.04987562112089,9.055385138137417,10.0,10.0,10.04987562112089,10.04987562112089,10.04987562112089,10.198039027185569,10.198039027185569,10.44030650891055,10.44030650891055,11.40175425099138,11.704699910719626,11.704699910719626,11.704699910719626,12.083045973594572,13.0,0.0,13.0,13.416407864998739,14.317821063276353,13.416407864998739,13.416407864998739,14.317821063276353,14.866068747318506,13.92838827718412,13.92838827718412,13.92838827718412,13.92838827718412,13.92838827718412,13.601470508735444,14.560219778561036,13.601470508735444,13.341664064126334,13.341664064126334,12.36931687685298,12.165525060596439,12.041594578792296,12.041594578792296,12.041594578792296,12.041594578792296,11.0,11.0,10.04987562112089,0.0,0.0,0.0,0.0,0.0,0.0,0.0,0.0,0.0,0.0,0.0,1.9295669970654687,1.9295669970654687,1.9295669970654687,1.892546881191539,1.892546881191539,1.7894652726688385,1.7894652726688385,1.7894652726688385,1.7894652726688385,1.6704649792860586,1.6814535479687922,1.5707963267948966,1.5707963267948966,1.4711276743037347,1.4711276743037347,1.4711276743037347,1.373400766945016,1.373400766945016,1.2793395323170296,1.2793395323170296,1.3045442776439713,1.2220253232109897,1.2220253232109897,1.2220253232109897,1.1441688336680205,1.176005207095135,0.0,1.176005207095135,1.1071487177940904,1.1383885512243588,1.1071487177940904,1.1071487177940904,1.1383885512243588,1.2277723863741932,1.2036224929766774,1.2036224929766774,1.2036224929766774,1.2036224929766774,1.2036224929766774,1.2722973952087173,1.2924966677897853,1.2722973952087173,1.3439974787410107,1.3439974787410107,1.3258176636680326,1.4056476493802699,1.4876550949064553,1.4876550949064553,1.4876550949064553,1.4876550949064553,1.5707963267948966,1.5707963267948966,1.6704649792860586,0.0,0.0,0.0,0.0,0.0
29.49099143199419,tx,1a:00:00:00:00:00,-54,92.98163807915648,64,0.6329514665211088,6.6145535519596645,0,0,0,0,0,0,0,0,0,0,0,0,-9,-3,-9,-3,-10,-2,-9,-2,-10,-2,-9,-2,-10,-1,-10,-2,-10,-1,-11,-1,-10,0,-11,0,-10,0,-11,1,-10,1,-11,2,-10,2,-11,3,-10,3,-11,4,-11,3,-11,4,-12,5,-12,5,-12,5,-12,5,0,0,-12,6,-13,7,-12,7,-14,7,-13,6,-13,7,-14,7,-14,6,-14,6,-15,6,-14,5,-14,5,-14,5,-13,4,-14,5,-13,4,-14,4,-13,4,-13,3,-13,3,-13,2,-12,3,-13,1,-12,1,-12,1,-11,0,0,0,0,0,0,0,0,0,0,0,0.0,0.0,0.0,0.0,0.0,0.0,9.486832980505138,9.486832980505138,10.198039027185569,9.219544457292887,10.198039027185569,9.219544457292887,10.04987562112089,10.198039027185569,10.04987562112089,11.045361017187261,10.0,11.0,10.0,11.045361017187261,10.04987562112089,11.180339887498949,10.198039027185569,11.40175425099138,10.44030650891055,11.704699910719626,11.40175425099138,11.704699910719626,13.0,13.0,13.0,13.0,0.0,13.416407864998739,14.7648230602334,13.892443989449804,15.652475842498529,14.317821063276353,14.7648230602334,15.652475842498529,15.231546211727817,15.231546211727817,16.15549442140351,14.866068747318506,14.866068747318506,14.866068747318506,13.601470508735444,14.866068747318506,13.601470508735444,14.560219778561036,13.601470508735444,13.341664064126334,13.341664064126334,13.152946437965905,12.36931687685298,13.038404810405298,12.041594578792296,12.041594578792296,11.0,0.0,0.0,0.0,0.0,0.0,0.0,0.0,0.0,0.0,0.0,0.0,-2.819842099193151,-2.819842099193151,-2.9441970937399127,-2.922923707715851,-2.9441970937399127,-2.922923707715851,-3.0419240010986313,-2.9441970937399127,-3.0419240010986313,-3.050932766389048,3.141592653589793,3.141592653589793,3.141592653589793,3.050932766389048,3.0419240010986313,2.961739153797315,2.9441970937399127,2.875340604438868,2.8501358591119264,2.7928216500058864,2.875340604438868,2.7928216500058864,2.746801533890032,2.746801533890032,2.746801533890032,2.746801533890032,0.0,2.677945044588987,2.647651284670212,2.6135182051634334,2.677945044588987,2.7091848780192556,2.647651284670212,2.677945044588987,2.7367008673047097,2.7367008673047097,2.761086276477428,2.79856871316909,2.79856871316909,2.79856871316909,2.843093722003614,2.79856871316909,2.843093722003614,2.8632929945846817,2.843093722003614,2.9147938055359073,2.9147938055359073,2.988943325194528,2.896613990462929,3.064820762320015,3.058451421701352,3.058451421701352,3.141592653589793,0.0,0.0,0.0,0.0,0.0
29.591131943998334,tx,1a:00:00:00:00:00,-54,92.98163807915648,64,0.6335008639060847,6.631205581559824,0,0,0,0,0,0,0,0,0,0,0,0,4,-8,4,-8,3,-8,4,-9,3,-9,3,-9,3,-9,3,-10,2,-10,2,-10,2,-10,1,-10,1,-10,1,-11,1,-11,0,-11,0,-11,-1,-11,-1,-12,-1,-12,-2,-12,-2,-12,-2,-12,-3,-13,-3,-13,-4,-13,0,0,-4,-14,-4,-14,-4,-15,-4,-14,-4,-14,-4,-15,-4,-15,-4,-15,-3,-15,-3,-15,-3,-15,-3,-15,-3,-15,-2,-15,-2,-14,-2,-14,-2,-14,-1,-13,-1,-13,-1,-13,0,-13,0,-13,0,-12,1,-12,1,-11,2,-11,0,0,0,0,0,0,0,0,0,0,0.0,0.0,0.0,0.0,0.0,0.0,8.94427190999916,8.94427190999916,8.54400374531753,9.848857801796104,9.486832980505138,9.486832980505138,9.486832980505138,10.44030650891055,10.198039027185569,10.198039027185569,10.198039027185569,10.04987562112089,10.04987562112089,11.045361017187261,11.045361017187261,11.0,11.0,11.045361017187261,12.041594578792296,12.041594578792296,12.165525060596439,12.165525060596439,12.165525060596439,13.341664064126334,13.341664064126334,13.601470508735444,0.0,14.560219778561036,14.560219778561036,15.524174696260024,14.560219778561036,14.560219778561036,15.524174696260024,15.524174696260024,15.524174696260024,15.297058540778355,15.297058540778355,15.297058540778355,15.297058540778355,15.297058540778355,15.132745950421556,14.142135623730951,14.142135623730951,14.142135623730951,13.038404810405298,13.038404810405298,13.038404810405298,13.0,13.0,12.0,12.041594578792296,11.045361017187261,11.180339887498949,0.0,0.0,0.0,0.0,0.0,0.0,0.0,0.0,0.0,0.0,0.0,-1.1071487177940904,-1.1071487177940904,-1.2120256565243244,-1.1525719972156676,-1.2490457723982544,-1.2490457723982544,-1.2490457723982544,-1.2793395323170296,-1.373400766945016,-1.373400766945016,-1.373400766945016,-1.4711276743037347,-1.4711276743037347,-1.4801364395941514,-1.4801364395941514,-1.5707963267948966,-1.5707963267948966,-1.6614562139956417,-1.6539375586833378,-1.6539375586833378,-1.7359450042095235,-1.7359450042095235,-1.7359450042095235,-1.7975951748487824,-1.7975951748487824,-1.8692952583810758,0.0,-1.849095985800008,-1.849095985800008,-1.8313987185422376,-1.849095985800008,-1.849095985800008,-1.8313987185422376,-1.8313987185422376,-1.8313987185422376,-1.7681918866447774,-1.7681918866447774,-1.7681918866447774,-1.7681918866447774,-1.7681918866447774,-1.7033478590915707,-1.7126933813990606,-1.7126933813990606,-1.7126933813990606,-1.6475682180646747,-1.6475682180646747,-1.6475682180646747,-1.5707963267948966,-1.5707963267948966,-1.5707963267948966,-1.4876550949064553,-1.4801364395941514,-1.3909428270024184,0.0,0.0,0.0,0.0,0.0
29.691889813999296,tx,1a:00:00:00:00:00,-54,92.98163807915648,64,0.6342780101869876,6.650620248410766,0,0,0,0,0,0,0,0,0,0,0,0,3,-9,3,-9,2,-9,3,-9,2,-10,2,-9,2,-9,2,-10,2,-10,1,-10,0,-10,0,-10,0,-11,0,-11,-1,-11,-2,-11,-2,-11,-2,-11,-3,-11,-3,-11,-3,-12,-4,-12,-4,-12,-5,-12,-5,-12,-5,-13,0,0,-5,-13,-5,-13,-6,-14,-6,-13,-5,-14,-6,-15,-5,-15,-5,-15,-5,-15,-5,-14,-5,-14,-4,-15,-4,-15,-4,-14,-4,-14,-3,-14,-3,-14,-3,-13,-2,-13,-2,-13,-2,-13,-1,-13,-1,-12,0,-12,0,-12,1,-11,0,0,0,0,0,0,0,0,0,0,0.0,0.0,0.0,0.0,0.0,0.0,9.486832980505138,9.486832980505138,9.219544457292887,9.486832980505138,10.198039027185569,9.219544457292887,9.219544457292887,10.198039027185569,10.198039027185569,10.04987562112089,10.0,10.0,11.0,11.0,11.045361017187261,11.180339887498949,11.180339887498949,11.180339887498949,11.40175425099138,11.40175425099138,12.36931687685298,12.649110640673518,12.649110640673518,13.0,13.0,13.92838827718412,0.0,13.92838827718412,13.92838827718412,15.231546211727817,14.317821063276353,14.866068747318506,16.15549442140351,15.811388300841896,15.811388300841896,15.811388300841896,14.866068747318506,14.866068747318506,15.524174696260024,15.524174696260024,14.560219778561036,14.560219778561036,14.317821063276353,14.317821063276353,13.341664064126334,13.152946437965905,13.152946437965905,13.152946437965905,13.038404810405298,12.041594578792296,12.0,12.0,11.045361017187261,0.0,0.0,0.0,0.0,0.0,0.0,0.0,0.0,0.0,0.0,0.0,-1.2490457723982544,-1.2490457723982544,-1.3521273809209546,-1.2490457723982544,-1.373400766945016,-1.3521273809209546,-1.3521273809209546,-1.373400766945016,-1.373400766945016,-1.4711276743037347,-1.5707963267948966,-1.5707963267948966,-1.5707963267948966,-1.5707963267948966,-1.6614562139956417,-1.750649826587375,-1.750649826587375,-1.750649826587375,-1.837048375945822,-1.837048375945822,-1.8157749899217608,-1.892546881191539,-1.892546881191539,-1.965587446494658,-1.965587446494658,-1.9379701606131159,0.0,-1.9379701606131159,-1.9379701606131159,-1.97568811307998,-2.0032041023654346,-1.9138202672156,-1.9513027039072615,-1.892546881191539,-1.892546881191539,-1.892546881191539,-1.9138202672156,-1.9138202672156,-1.8313987185422376,-1.8313987185422376,-1.849095985800008,-1.849095985800008,-1.7818896600176433,-1.7818896600176433,-1.7975951748487824,-1.7234456551901618,-1.7234456551901618,-1.7234456551901618,-1.6475682180646747,-1.6539375586833378,-1.5707963267948966,-1.5707963267948966,-1.4801364395941514,0.0,0.0,0.0,0.0,0.0
29.800813604000723,tx,1a:00:00:00:00:00,-54,90.9379892027907,64,0.6345694915455642,6.683424844699372,0,0,0,0,0,0,0,0,0,0,0,0,8,1,8,1,8,1,8,1,9,0,8,0,8,0,9,0,9,-1,9,-1,9,-1,9,-2,9,-2,9,-2,9,-3,9,-4,9,-4,10,-4,9,-4,10,-5,10,-5,10,-6,10,-6,10,-6,11,-7,11,-7,0,0,11,-7,11,-8,11,-8,12,-8,12,-8,12,-8,13,-8,12,-8,13,-8,13,-7,13,-7,13,-6,13,-6,12,-6,12,-6,12,-5,12,-5,12,-4,12,-4,11,-4,12,-3,11,-3,11,-2,11,-2,11,-1,10,-1,0,0,0,0,0,0,0,0,0,0,0.0,0.0,0.0,0.0,0.0,0.0,8.06225774829855,8.06225774829855,8.06225774829855,8.06225774829855,9.0,8.0,8.0,9.0,9.055385138137417,9.055385138137417,9.055385138137417,9.219544457292887,9.219544457292887,9.219544457292887,9.486832980505138,9.848857801796104,9.848857801796104,10.770329614269007,9.848857801796104,11.180339887498949,11.180339887498949,11.661903789690601,11.661903789690601,11.661903789690601,13.038404810405298,13.038404810405298,0.0,13.038404810405298,13.601470508735444,13.601470508735444,14.422205101855956,14.422205101855956,14.422205101855956,15.264337522473747,14.422205101855956,15.264337522473747,14.7648230602334,14.7648230602334,14.317821063276353,14.317821063276353,13.416407864998739,13.416407864998739,13.0,13.0,12.649110640673518,12.649110640673518,11.704699910719626,12.36931687685298,11.40175425099138,11.180339887498949,11.180339887498949,11.045361017187261,10.04987562112089,0.0,0.0,0.0,0.0,0.0,0.0,0.0,0.0,0.0,0.0,0.0,0.12435499454676144,0.12435499454676144,0.12435499454676144,0.12435499454676144,0.0,0.0,0.0,0.0,-0.11065722117389565,-0.11065722117389565,-0.11065722117389565,-0.21866894587394195,-0.21866894587394195,-0.21866894587394195,-0.3217505543966422,-0.4182243295792291,-0.4182243295792291,-0.3805063771123649,-0.4182243295792291,-0.4636476090008061,-0.4636476090008061,-0.5404195002705842,-0.5404195002705842,-0.5404195002705842,-0.5667292175235064,-0.5667292175235064,0.0,-0.5667292175235064,-0.628796286415433,-0.628796286415433,-0.5880026035475675,-0.5880026035475675,-0.5880026035475675,-0.5516549825285468,-0.5880026035475675,-0.5516549825285468,-0.49394136891958124,-0.49394136891958124,-0.43240777557053783,-0.43240777557053783,-0.4636476090008061,-0.4636476090008061,-0.3947911196997615,-0.3947911196997615,-0.3217505543966422,-0.3217505543966422,-0.348771003583907,-0.24497866312686414,-0.2662520491509254,-0.17985349979247828,-0.17985349979247828,-0.09065988720074511,-0.09966865249116202,0.0,0.0,0.0,0.0,0.0
29.90088634199492,tx,1a:00:00:00:00:00,-54,90.9379892027907,64,0.6342985986869975,6.706249950481798,0,0,0,0,0,0,0,0,0,0,0,0,-6,6,-6,6,-6,6,-6,7,-6,7,-6,7,-6,7,-5,8,-5,8,-5,8,-5,8,-4,9,-4,9,-4,9,-4,10,-3,9,-3,10,-3,10,-2,11,-2,11,-2,11,-2,12,-1,11,-1,12,-1,13,0,13,0,0,0,14,-1,13,-1,15,0,13,-1,14,0,15,-1,15,-1,15,-1,15,-2,14,-2,14,-2,14,-3,15,-3,15,-3,13,-4,13,-3,12,-4,12,-4,12,-4,11,-4,12,-5,11,-5,10,-5,10,-5,10,-6,9,0,0,0,0,0,0,0,0,0,0,0.0,0.0,0.0,0.0,0.0,0.0,8.48528137423857,8.48528137423857,8.48528137423857,9.219544457292887,9.219544457292887,9.219544457292887,9.219544457292887,9.433981132056603,9.433981132056603,9.433981132056603,9.433981132056603,9.848857801796104,9.848857801796104,9.848857801796104,10.770329614269007,9.486832980505138,10.44030650891055,10.44030650891055,11.180339887498949,11.180339887498949,11.180339887498949,12.165525060596439,11.045361017187261,12.041594578792296,13.038404810405298,13.0,0.0,14.0,13.038404810405298,15.033296378372908,13.0,14.035668847618199,15.0,15.033296378372908,15.033296378372908,15.033296378372908,14.142135623730951,14.142135623730951,14.142135623730951,15.297058540778355,15.297058540778355,13.341664064126334,13.601470508735444,12.36931687685298,12.649110640673518,12.649110640673518,11.704699910719626,12.649110640673518,12.083045973594572,11.180339887498949,11.180339887498949,11.180339887498949,10.816653826391969,0.0,0.0,0.0,0.0,0.0,0.0,0.0,0.0,0.0,0.0,0.0,2.356194490192345,2.356194490192345,2.356194490192345,2.279422598922567,2.279422598922567,2.279422598922567,2.279422598922567,2.129395642138459,2.129395642138459,2.129395642138459,2.129395642138459,1.9890206563741257,1.9890206563741257,1.9890206563741257,1.9513027039072615,1.892546881191539,1.8622531212727638,1.8622531212727638,1.750649826587375,1.750649826587375,1.750649826587375,1.7359450042095235,1.6614562139956417,1.6539375586833378,1.6475682180646747,1.5707963267948966,0.0,1.5707963267948966,1.6475682180646747,1.6373644905707205,1.5707963267948966,1.642103791580187,1.5707963267948966,1.6373644905707205,1.6373644905707205,1.6373644905707205,1.7126933813990606,1.7126933813990606,1.7126933813990606,1.7681918866447774,1.7681918866447774,1.7975951748487824,1.8692952583810758,1.8157749899217608,1.892546881191539,1.892546881191539,1.9195673303788037,1.892546881191539,1.9974238199217726,2.0344439357957027,2.0344439357957027,2.0344439357957027,2.158798930342464,0.0,0.0,0.0,0.0,0.0
30.001977772997634,tx,1a:00:00:00:00:00,-54,90.9379892027907,64,0.6341364037435263,6.721301917502638,0,0,0,0,0,0,0,0,0,0,0,0,7,3,8,3,8,3,8,3,8,2,8,2,9,2,8,2,9,1,9,2,9,1,10,1,10,1,9,0,10,0,10,-1,10,-1,10,-1,10,-2,10,-2,11,-2,11,-3,11,-3,11,-3,12,-4,12,-4,0,0,13,-4,13,-5,12,-5,13,-5,13,-5,14,-5,14,-5,14,-4,14,-4,14,-4,14,-3,14,-3,14,-2,13,-2,13,-3,13,-2,13,-2,12,-1,12,-1,12,-1,12,0,11,0,11,1,11,1,11,1,10,2,0,0,0,0,0,0,0,0,0,0,0.0,0.0,0.0,0.0,0.0,0.0,7.615773105863909,8.54400374531753,8.54400374531753,8.54400374531753,8.246211251235321,8.246211251235321,9.219544457292887,8.246211251235321,9.055385138137417,9.219544457292887,9.055385138137417,10.04987562112089,10.04987562112089,9.0,10.0,10.04987562112089,10.04987562112089,10.04987562112089,10.198039027185569,10.198039027185569,11.180339887498949,11.40175425099138,11.40175425099138,11.40175425099138,12.649110640673518,12.649110640673518,0.0,13.601470508735444,13.92838827718412,13.0,13.92838827718412,13.92838827718412,14.866068747318506,14.866068747318506,14.560219778561036,14.560219778561036,14.560219778561036,14.317821063276353,14.317821063276353,14.142135623730951,13.152946437965905,13.341664064126334,13.152946437965905,13.152946437965905,12.041594578792296,12.041594578792296,12.041594578792296,12.0,11.0,11.045361017187261,11.045361017187261,11.045361017187261,10.198039027185569,0.0,0.0,0.0,0.0,0.0,0.0,0.0,0.0,0.0,0.0,0.0,0.40489178628508343,0.35877067027057225,0.35877067027057225,0.35877067027057225,0.24497866312686414,0.24497866312686414,0.21866894587394195,0.24497866312686414,0.11065722117389565,0.21866894587394195,0.11065722117389565,0.09966865249116202,0.09966865249116202,0.0,0.0,-0.09966865249116202,-0.09966865249116202,-0.09966865249116202,-0.19739555984988075,-0.19739555984988075,-0.17985349979247828,-0.2662520491509254,-0.2662520491509254,-0.2662520491509254,-0.3217505543966422,-0.3217505543966422,0.0,-0.2984989315861793,-0.3671738338182192,-0.3947911196997615,-0.3671738338182192,-0.3671738338182192,-0.3430239404207034,-0.3430239404207034,-0.27829965900511133,-0.27829965900511133,-0.27829965900511133,-0.21109333322274654,-0.21109333322274654,-0.14189705460416394,-0.15264932839526515,-0.22679884805388587,-0.15264932839526515,-0.15264932839526515,-0.08314123188844123,-0.08314123188844123,-0.08314123188844123,0.0,0.0,0.09065988720074511,0.09065988720074511,0.09065988720074511,0.19739555984988075,0.0,0.0,0.0,0.0,0.0
30.110298920000787,tx,1a:00:00:00:00:00,-54,90.9379892027907,64,0.6369278069345858,6.72962798676493,0,0,0,0,0,0,0,0,0,0,0,0,3,6,3,7,4,6,4,6,4,7,5,6,4,6,5,6,5,6,5,5,5,6,6,6,6,5,7,5,7,5,7,5,7,5,8,4,8,4,8,4,9,4,9,4,9,3,10,3,10,4,11,3,0,0,11,3,11,3,11,3,12,3,12,3,12,4,12,4,12,4,12,4,12,4,12,4,11,5,11,5,11,5,11,5,10,5,10,6,10,5,9,5,9,6,9,6,8,6,8,6,7,6,7,6,7,6,0,0,0,0,0,0,0,0,0,0,0.0,0.0,0.0,0.0,0.0,0.0,6.708203932499369,7.615773105863909,7.211102550927978,7.211102550927978,8.06225774829855,7.810249675906654,7.211102550927978,7.810249675906654,7.810249675906654,7.0710678118654755,7.810249675906654,8.48528137423857,7.810249675906654,8.602325267042627,8.602325267042627,8.602325267042627,8.602325267042627,8.94427190999916,8.94427190999916,8.94427190999916,9.848857801796104,9.848857801796104,9.486832980505138,10.44030650891055,10.770329614269007,11.40175425099138,0.0,11.40175425099138,11.40175425099138,11.40175425099138,12.36931687685298,12.36931687685298,12.649110640673518,12.649110640673518,12.649110640673518,12.649110640673518,12.649110640673518,12.649110640673518,12.083045973594572,12.083045973594572,12.083045973594572,12.083045973594572,11.180339887498949,11.661903789690601,11.180339887498949,10.295630140987,10.816653826391969,10.816653826391969,10.0,10.0,9.219544457292887,9.219544457292887,9.219544457292887,0.0,0.0,0.0,0.0,0.0,0.0,0.0,0.0,0.0,0.0,0.0,1.1071487177940904,1.1659045405098132,0.982793723247329,0.982793723247329,1.0516502125483738,0.8760580505981934,0.982793723247329,0.8760580505981934,0.8760580505981934,0.7853981633974483,0.8760580505981934,0.7853981633974483,0.6947382761967031,0.6202494859828215,0.6202494859828215,0.6202494859828215,0.6202494859828215,0.4636476090008061,0.4636476090008061,0.4636476090008061,0.4182243295792291,0.4182243295792291,0.3217505543966422,0.2914567944778671,0.3805063771123649,0.2662520491509254,0.0,0.2662520491509254,0.2662520491509254,0.2662520491509254,0.24497866312686414,0.24497866312686414,0.3217505543966422,0.3217505543966422,0.3217505543966422,0.3217505543966422,0.3217505543966422,0.3217505543966422,0.4266274931268761,0.4266274931268761,0.4266274931268761,0.4266274931268761,0.4636476090008061,0.5404195002705842,0.4636476090008061,0.507098504392337,0.5880026035475675,0.5880026035475675,0.6435011087932844,0.6435011087932844,0.7086262721276703,0.7086262721276703,0.7086262721276703,0.0,0.0,0.0,0.0,0.0
30.210605444997782,tx,1a:00:00:00:00:00,-54,90.9379892027907,64,0.6380185827817613,6.7322955760327625,0,0,0,0,0,0,0,0,0,0,0,0,-6,7,-6,7,-5,8,-6,8,-5,8,-5,8,-5,8,-4,9,-5,8,-4,9,-3,9,-3,9,-3,10,-3,10,-2,10,-2,10,-2,10,-1,10,-1,11,-1,11,0,11,0,11,1,12,1,12,1,12,1,13,0,0,2,13,2,13,2,14,2,14,2,14,2,15,2,14,1,14,1,15,1,14,1,15,0,15,0,14,0,14,-1,13,-1,14,-1,13,-1,13,-1,13,-2,12,-2,12,-3,12,-3,11,-3,11,-3,11,-4,10,0,0,0,0,0,0,0,0,0,0,0.0,0.0,0.0,0.0,0.0,0.0,9.219544457292887,9.219544457292887,9.433981132056603,10.0,9.433981132056603,9.433981132056603,9.433981132056603,9.848857801796104,9.433981132056603,9.848857801796104,9.486832980505138,9.486832980505138,10.44030650891055,10.44030650891055,10.198039027185569,10.198039027185569,10.198039027185569,10.04987562112089,11.045361017187261,11.045361017187261,11.0,11.0,12.041594578792296,12.041594578792296,12.041594578792296,13.038404810405298,0.0,13.152946437965905,13.152946437965905,14.142135623730951,14.142135623730951,14.142135623730951,15.132745950421556,14.142135623730951,14.035668847618199,15.033296378372908,14.035668847618199,15.033296378372908,15.0,14.0,14.0,13.038404810405298,14.035668847618199,13.038404810405298,13.038404810405298,13.038404810405298,12.165525060596439,12.165525060596439,12.36931687685298,11.40175425099138,11.40175425099138,11.40175425099138,10.770329614269007,0.0,0.0,0.0,0.0,0.0,0.0,0.0,0.0,0.0,0.0,0.0,2.279422598922567,2.279422598922567,2.129395642138459,2.214297435588181,2.129395642138459,2.129395642138459,2.129395642138459,1.9890206563741257,2.129395642138459,1.9890206563741257,1.892546881191539,1.892546881191539,1.8622531212727638,1.8622531212727638,1.7681918866447774,1.7681918866447774,1.7681918866447774,1.6704649792860586,1.6614562139956417,1.6614562139956417,1.5707963267948966,1.5707963267948966,1.4876550949064553,1.4876550949064553,1.4876550949064553,1.4940244355251187,0.0,1.4181469983996315,1.4181469983996315,1.4288992721907328,1.4288992721907328,1.4288992721907328,1.4382447944982226,1.4288992721907328,1.4994888620096063,1.5042281630190728,1.4994888620096063,1.5042281630190728,1.5707963267948966,1.5707963267948966,1.5707963267948966,1.6475682180646747,1.642103791580187,1.6475682180646747,1.6475682180646747,1.6475682180646747,1.7359450042095235,1.7359450042095235,1.8157749899217608,1.837048375945822,1.837048375945822,1.837048375945822,1.9513027039072615,0.0,0.0,0.0,0.0,0.0
30.311460919998353,tx,1a:00:00:00:00:00,-54,90.9379892027907,64,0.6381883563244606,6.730021877055656,0,0,0,0,0,0,0,0,0,0,0,0,8,-1,8,-1,9,-1,9,-1,9,-2,9,-2,9,-2,9,-2,8,-3,8,-4,9,-4,9,-4,9,-5,9,-5,8,-6,9,-5,9,-6,8,-6,8,-7,8,-7,9,-8,8,-8,8,-8,8,-9,8,-10,9,-10,0,0,9,-10,9,-10,10,-11,9,-10,10,-11,10,-11,10,-11,11,-11,11,-10,10,-10,10,-10,11,-10,11,-10,11,-10,11,-8,11,-9,10,-8,10,-8,11,-7,10,-6,11,-6,10,-6,10,-6,10,-5,10,-5,10,-4,0,0,0,0,0,0,0,0,0,0,0.0,0.0,0.0,0.0,0.0,0.0,8.06225774829855,8.06225774829855,9.055385138137417,9.055385138137417,9.219544457292887,9.219544457292887,9.219544457292887,9.219544457292887,8.54400374531753,8.94427190999916,9.848857801796104,9.848857801796104,10.295630140987,10.295630140987,10.0,10.295630140987,10.816653826391969,10.0,10.63014581273465,10.63014581273465,12.041594578792296,11.313708498984761,11.313708498984761,12.041594578792296,12.806248474865697,13.45362404707371,0.0,13.45362404707371,13.45362404707371,14.866068747318506,13.45362404707371,14.866068747318506,14.866068747318506,14.866068747318506,15.556349186104045,14.866068747318506,14.142135623730951,14.142135623730951,14.866068747318506,14.866068747318506,14.866068747318506,13.601470508735444,14.212670403551895,12.806248474865697,12.806248474865697,13.038404810405298,11.661903789690601,12.529964086141668,11.661903789690601,11.661903789690601,11.180339887498949,11.180339887498949,10.770329614269007,0.0,0.0,0.0,0.0,0.0,0.0,0.0,0.0,0.0,0.0,0.0,-0.12435499454676144,-0.12435499454676144,-0.11065722117389565,-0.11065722117389565,-0.21866894587394195,-0.21866894587394195,-0.21866894587394195,-0.21866894587394195,-0.35877067027057225,-0.4636476090008061,-0.4182243295792291,-0.4182243295792291,-0.507098504392337,-0.507098504392337,-0.6435011087932844,-0.507098504392337,-0.5880026035475675,-0.6435011087932844,-0.7188299996216245,-0.7188299996216245,-0.7266423406817256,-0.7853981633974483,-0.7853981633974483,-0.844153986113171,-0.8960553845713439,-0.83798122500839,0.0,-0.83798122500839,-0.83798122500839,-0.8329812666744317,-0.83798122500839,-0.8329812666744317,-0.8329812666744317,-0.8329812666744317,-0.7853981633974483,-0.7378150601204649,-0.7853981633974483,-0.7853981633974483,-0.7378150601204649,-0.7378150601204649,-0.7378150601204649,-0.628796286415433,-0.6857295109062863,-0.6747409422235526,-0.6747409422235526,-0.5667292175235064,-0.5404195002705842,-0.4993467216801301,-0.5404195002705842,-0.5404195002705842,-0.4636476090008061,-0.4636476090008061,-0.3805063771123649,0.0,0.0,0.0,0.0,0.0
30.412885568999627,tx,1a:00:00:00:00:00,-54,90.9379892027907,64,0.638708080763716,6.723394215892148,0,0,0,0,0,0,0,0,0,0,0,0,1,-9,1,-9,1,-9,1,-10,0,-9,0,-10,0,-10,-1,-10,0,-10,-1,-9,-2,-10,-2,-10,-3,-10,-3,-10,-3,-11,-3,-10,-4,-11,-4,-10,-5,-11,-5,-11,-6,-10,-6,-11,-6,-10,-7,-11,-8,-11,-8,-12,0,0,-9,-12,-8,-12,-9,-13,-8,-12,-9,-13,-9,-13,-8,-14,-8,-14,-8,-14,-8,-13,-8,-13,-7,-14,-7,-14,-7,-14,-6,-13,-6,-14,-6,-13,-5,-13,-5,-13,-4,-12,-4,-13,-3,-13,-3,-12,-3,-12,-2,-12,-2,-12,0,0,0,0,0,0,0,0,0,0,0.0,0.0,0.0,0.0,0.0,0.0,9.055385138137417,9.055385138137417,9.055385138137417,10.04987562112089,9.0,10.0,10.0,10.04987562112089,10.0,9.055385138137417,10.198039027185569,10.198039027185569,10.44030650891055,10.44030650891055,11.40175425099138,10.44030650891055,11.704699910719626,10.770329614269007,12.083045973594572,12.083045973594572,11.661903789690601,12.529964086141668,11.661903789690601,13.038404810405298,13.601470508735444,14.422205101855956,0.0,15.0,14.422205101855956,15.811388300841896,14.422205101855956,15.811388300841896,15.811388300841896,16.1245154965971,16.1245154965971,16.1245154965971,15.264337522473747,15.264337522473747,15.652475842498529,15.652475842498529,15.652475842498529,14.317821063276353,15.231546211727817,14.317821063276353,13.92838827718412,13.92838827718412,12.649110640673518,13.601470508735444,13.341664064126334,12.36931687685298,12.36931687685298,12.165525060596439,12.165525060596439,0.0,0.0,0.0,0.0,0.0,0.0,0.0,0.0,0.0,0.0,0.0,-1.460139105621001,-1.460139105621001,-1.460139105621001,-1.4711276743037347,-1.5707963267948966,-1.5707963267948966,-1.5707963267948966,-1.6704649792860586,-1.5707963267948966,-1.6814535479687922,-1.7681918866447774,-1.7681918866447774,-1.8622531212727638,-1.8622531212727638,-1.837048375945822,-1.8622531212727638,-1.9195673303788037,-1.9513027039072615,-1.9974238199217726,-1.9974238199217726,-2.1112158270654806,-2.0701430484750265,-2.1112158270654806,-2.137525544318403,-2.1995926132103296,-2.158798930342464,0.0,-2.214297435588181,-2.158798930342464,-2.1763409903998667,-2.158798930342464,-2.1763409903998667,-2.1763409903998667,-2.0899424410414196,-2.0899424410414196,-2.0899424410414196,-2.1224513093234436,-2.1224513093234436,-2.0344439357957027,-2.0344439357957027,-2.0344439357957027,-2.0032041023654346,-1.97568811307998,-2.0032041023654346,-1.9379701606131159,-1.9379701606131159,-1.892546881191539,-1.8692952583810758,-1.7975951748487824,-1.8157749899217608,-1.8157749899217608,-1.7359450042095235,-1.7359450042095235,0.0,0.0,0.0,0.0,0.0
30.51372897499823,tx,1a:00:00:00:00:00,-55,90.9379892027907,64,0.6381057740654239,6.713016196257401,0,0,0,0,0,0,0,0,0,0,0,0,6,-6,6,-6,6,-7,6,-7,6,-7,6,-7,5,-8,5,-7,5,-8,5,-8,5,-8,5,-9,5,-9,4,-9,4,-10,3,-10,3,-10,3,-11,3,-11,2,-11,2,-11,2,-12,2,-13,2,-13,1,-13,2,-13,0,0,1,-14,0,-15,1,-14,1,-15,1,-15,1,-15,1,-15,3,-15,2,-15,3,-15,3,-15,4,-14,4,-14,4,-13,3,-14,3,-13,5,-13,4,-13,4,-12,4,-12,5,-12,4,-12,6,-11,6,-10,6,-10,6,-9,0,0,0,0,0,0,0,0,0,0,0.0,0.0,0.0,0.0,0.0,0.0,8.48528137423857,8.48528137423857,9.219544457292887,9.219544457292887,9.219544457292887,9.219544457292887,9.433981132056603,8.602325267042627,9.433981132056603,9.433981132056603,9.433981132056603,10.295630140987,10.295630140987,9.848857801796104,10.770329614269007,10.44030650891055,10.44030650891055,11.40175425099138,11.40175425099138,11.180339887498949,11.180339887498949,12.165525060596439,13.152946437965905,13.152946437965905,13.038404810405298,13.152946437965905,0.0,14.035668847618199,15.0,14.035668847618199,15.033296378372908,15.033296378372908,15.033296378372908,15.033296378372908,15.297058540778355,15.132745950421556,15.297058540778355,15.297058540778355,14.560219778561036,14.560219778561036,13.601470508735444,14.317821063276353,13.341664064126334,13.92838827718412,13.601470508735444,12.649110640673518,12.649110640673518,13.0,12.649110640673518,12.529964086141668,11.661903789690601,11.661903789690601,10.816653826391969,0.0,0.0,0.0,0.0,0.0,0.0,0.0,0.0,0.0,0.0,0.0,-0.7853981633974483,-0.7853981633974483,-0.8621700546672264,-0.8621700546672264,-0.8621700546672264,-0.8621700546672264,-1.0121970114513341,-0.9505468408120752,-1.0121970114513341,-1.0121970114513341,-1.0121970114513341,-1.0636978224025597,-1.0636978224025597,-1.1525719972156676,-1.1902899496825317,-1.2793395323170296,-1.2793395323170296,-1.3045442776439713,-1.3045442776439713,-1.3909428270024184,-1.3909428270024184,-1.4056476493802699,-1.4181469983996315,-1.4181469983996315,-1.4940244355251187,-1.4181469983996315,0.0,-1.4994888620096063,-1.5707963267948966,-1.4994888620096063,-1.5042281630190728,-1.5042281630190728,-1.5042281630190728,-1.5042281630190728,-1.373400766945016,-1.4382447944982226,-1.373400766945016,-1.373400766945016,-1.2924966677897853,-1.2924966677897853,-1.2722973952087173,-1.35970299357215,-1.3439974787410107,-1.2036224929766774,-1.2722973952087173,-1.2490457723982544,-1.2490457723982544,-1.176005207095135,-1.2490457723982544,-1.0714496051147666,-1.0303768265243125,-1.0303768265243125,-0.982793723247329,0.0,0.0,0.0,0.0,0.0
30.63230869099789,tx,1a:00:00:00:00:00,-54,90.9379892027907,64,0.6382597077870351,6.6991655054395425,0,0,0,0,0,0,0,0,0,0,0,0,6,5,6,5,6,5,7,5,7,4,7,5,7,4,8,4,8,4,8,4,8,4,9,3,9,3,9,3,9,2,9,2,10,2,9,1,10,1,11,0,11,0,11,0,11,0,12,-1,12,-1,13,-1,0,0,13,-1,12,-1,14,-1,13,-2,14,-1,15,-2,14,-1,14,-1,15,-1,14,-1,14,0,14,0,14,1,14,1,13,1,14,1,12,1,13,2,12,2,11,2,12,2,11,3,10,3,10,3,10,3,9,4,0,0,0,0,0,0,0,0,0,0,0.0,0.0,0.0,0.0,0.0,0.0,7.810249675906654,7.810249675906654,7.810249675906654,8.602325267042627,8.06225774829855,8.602325267042627,8.06225774829855,8.94427190999916,8.94427190999916,8.94427190999916,8.94427190999916,9.486832980505138,9.486832980505138,9.486832980505138,9.219544457292887,9.219544457292887,10.198039027185569,9.055385138137417,10.04987562112089,11.0,11.0,11.0,11.0,12.041594578792296,12.041594578792296,13.038404810405298,0.0,13.038404810405298,12.041594578792296,14.035668847618199,13.152946437965905,14.035668847618199,15.132745950421556,14.035668847618199,14.035668847618199,15.033296378372908,14.035668847618199,14.0,14.0,14.035668847618199,14.035668847618199,13.038404810405298,14.035668847618199,12.041594578792296,13.152946437965905,12.165525060596439,11.180339887498949,12.165525060596439,11.40175425099138,10.44030650891055,10.44030650891055,10.44030650891055,9.848857801796104,0.0,0.0,0.0,0.0,0.0,0.0,0.0,0.0,0.0,0.0,0.0,0.6947382761967031,0.6947382761967031,0.6947382761967031,0.6202494859828215,0.5191461142465229,0.6202494859828215,0.5191461142465229,0.4636476090008061,0.4636476090008061,0.4636476090008061,0.4636476090008061,0.3217505543966422,0.3217505543966422,0.3217505543966422,0.21866894587394195,0.21866894587394195,0.19739555984988075,0.11065722117389565,0.09966865249116202,0.0,0.0,0.0,0.0,-0.08314123188844123,-0.08314123188844123,-0.07677189126977804,0.0,-0.07677189126977804,-0.08314123188844123,-0.07130746478529032,-0.15264932839526515,-0.07130746478529032,-0.13255153229667402,-0.07130746478529032,-0.07130746478529032,-0.06656816377582381,-0.07130746478529032,0.0,0.0,0.07130746478529032,0.07130746478529032,0.07677189126977804,0.07130746478529032,0.08314123188844123,0.15264932839526515,0.16514867741462683,0.17985349979247828,0.16514867741462683,0.2662520491509254,0.2914567944778671,0.2914567944778671,0.2914567944778671,0.4182243295792291,0.0,0.0,0.0,0.0,0.0
30.740967215999262,tx,1a:00:00:00:00:00,-54,90.9379892027907,64,0.63857706708598,6.681976957829406,0,0,0,0,0,0,0,0,0,0,0,0,-7,4,-7,5,-7,5,-7,5,-7,5,-7,5,-6,6,-6,6,-6,7,-6,7,-6,7,-6,7,-6,8,-5,8,-5,8,-5,9,-4,9,-4,9,-4,10,-3,10,-4,10,-3,10,-3,11,-3,11,-3,12,-2,12,0,0,-2,12,-2,13,-2,13,-2,13,-2,14,-2,14,-2,14,-3,14,-3,14,-3,14,-4,14,-4,13,-4,13,-4,13,-4,13,-4,12,-5,12,-5,12,-4,11,-5,11,-5,11,-5,11,-6,10,-6,9,-6,9,-6,8,0,0,0,0,0,0,0,0,0,0,0.0,0.0,0.0,0.0,0.0,0.0,8.06225774829855,8.602325267042627,8.602325267042627,8.602325267042627,8.602325267042627,8.602325267042627,8.48528137423857,8.48528137423857,9.219544457292887,9.219544457292887,9.219544457292887,9.219544457292887,10.0,9.433981132056603,9.433981132056603,10.295630140987,9.848857801796104,9.848857801796104,10.770329614269007,10.44030650891055,10.770329614269007,10.44030650891055,11.40175425099138,11.40175425099138,12.36931687685298,12.165525060596439,0.0,12.165525060596439,13.152946437965905,13.152946437965905,13.152946437965905,14.142135623730951,14.142135623730951,14.142135623730951,14.317821063276353,14.317821063276353,14.317821063276353,14.560219778561036,13.601470508735444,13.601470508735444,13.601470508735444,13.601470508735444,12.649110640673518,13.0,13.0,11.704699910719626,12.083045973594572,12.083045973594572,12.083045973594572,11.661903789690601,10.816653826391969,10.816653826391969,10.0,0.0,0.0,0.0,0.0,0.0,0.0,0.0,0.0,0.0,0.0,0.0,2.62244653934327,2.5213431676069717,2.5213431676069717,2.5213431676069717,2.5213431676069717,2.5213431676069717,2.356194490192345,2.356194490192345,2.279422598922567,2.279422598922567,2.279422598922567,2.279422598922567,2.214297435588181,2.129395642138459,2.129395642138459,2.0778948311872334,1.9890206563741257,1.9890206563741257,1.9513027039072615,1.8622531212727638,1.9513027039072615,1.8622531212727638,1.837048375945822,1.837048375945822,1.8157749899217608,1.7359450042095235,0.0,1.7359450042095235,1.7234456551901618,1.7234456551901618,1.7234456551901618,1.7126933813990606,1.7126933813990606,1.7126933813990606,1.7818896600176433,1.7818896600176433,1.7818896600176433,1.849095985800008,1.8692952583810758,1.8692952583810758,1.8692952583810758,1.8692952583810758,1.892546881191539,1.965587446494658,1.965587446494658,1.9195673303788037,1.9974238199217726,1.9974238199217726,1.9974238199217726,2.1112158270654806,2.158798930342464,2.158798930342464,2.214297435588181,0.0,0.0,0.0,0.0,0.0
30.842945865995716,tx,1a:00:00:00:00:00,-54,92.1793058856217,64,0.6389437896611443,6.6615075074200885,0,0,0,0,0,0,0,0,0,0,0,0,5,-7,4,-7,4,-8,4,-8,4,-8,4,-8,4,-9,4,-8,3,-9,3,-9,3,-9,2,-9,2,-10,2,-10,1,-10,0,-11,0,-10,0,-11,0,-11,-1,-12,-1,-11,-2,-12,-1,-12,-2,-13,-2,-13,-2,-13,0,0,-3,-13,-3,-14,-3,-14,-3,-15,-3,-15,-3,-15,-3,-15,-2,-15,-3,-15,-2,-16,-2,-15,-1,-15,-1,-15,-1,-14,-2,-14,-1,-14,0,-15,-1,-13,0,-13,0,-13,0,-13,1,-12,2,-12,2,-12,2,-11,3,-10,0,0,0,0,0,0,0,0,0,0,0.0,0.0,0.0,0.0,0.0,0.0,8.602325267042627,8.06225774829855,8.94427190999916,8.94427190999916,8.94427190999916,8.94427190999916,9.848857801796104,8.94427190999916,9.486832980505138,9.486832980505138,9.486832980505138,9.219544457292887,10.198039027185569,10.198039027185569,10.04987562112089,11.0,10.0,11.0,11.0,12.041594578792296,11.045361017187261,12.165525060596439,12.041594578792296,13.152946437965905,13.152946437965905,13.152946437965905,0.0,13.341664064126334,14.317821063276353,14.317821063276353,15.297058540778355,15.297058540778355,15.297058540778355,15.297058540778355,15.132745950421556,15.297058540778355,16.1245154965971,15.132745950421556,15.033296378372908,15.033296378372908,14.035668847618199,14.142135623730951,14.035668847618199,15.0,13.038404810405298,13.0,13.0,13.0,12.041594578792296,12.165525060596439,12.165525060596439,11.180339887498949,10.44030650891055,0.0,0.0,0.0,0.0,0.0,0.0,0.0,0.0,0.0,0.0,0.0,-0.9505468408120752,-1.0516502125483738,-1.1071487177940904,-1.1071487177940904,-1.1071487177940904,-1.1071487177940904,-1.1525719972156676,-1.1071487177940904,-1.2490457723982544,-1.2490457723982544,-1.2490457723982544,-1.3521273809209546,-1.373400766945016,-1.373400766945016,-1.4711276743037347,-1.5707963267948966,-1.5707963267948966,-1.5707963267948966,-1.5707963267948966,-1.6539375586833378,-1.6614562139956417,-1.7359450042095235,-1.6539375586833378,-1.7234456551901618,-1.7234456551901618,-1.7234456551901618,0.0,-1.7975951748487824,-1.7818896600176433,-1.7818896600176433,-1.7681918866447774,-1.7681918866447774,-1.7681918866447774,-1.7681918866447774,-1.7033478590915707,-1.7681918866447774,-1.695151321341658,-1.7033478590915707,-1.6373644905707205,-1.6373644905707205,-1.642103791580187,-1.7126933813990606,-1.642103791580187,-1.5707963267948966,-1.6475682180646747,-1.5707963267948966,-1.5707963267948966,-1.5707963267948966,-1.4876550949064553,-1.4056476493802699,-1.4056476493802699,-1.3909428270024184,-1.2793395323170296,0.0,0.0,0.0,0.0,0.0
30.951328252995154,tx,1a:00:00:00:00:00,-54,92.1793058856217,64,0.6390596437276905,6.637742035179324,0,0,0,0,0,0,0,0,0,0,0,0,7,0,8,0,7,0,9,0,8,-1,9,-1,8,-1,8,-2,8,-1,8,-2,9,-3,9,-3,9,-4,9,-4,9,-4,8,-4,9,-5,8,-5,9,-6,9,-6,9,-7,9,-7,9,-7,9,-8,9,-8,9,-9,0,0,10,-9,10,-9,11,-10,10,-9,11,-9,11,-10,11,-9,11,-9,11,-9,11,-9,11,-9,11,-8,11,-8,12,-8,11,-7,12,-7,11,-7,11,-6,11,-6,10,-5,11,-5,11,-4,10,-4,10,-4,10,-4,10,-3,0,0,0,0,0,0,0,0,0,0,0.0,0.0,0.0,0.0,0.0,0.0,7.0,8.0,7.0,9.0,8.06225774829855,9.055385138137417,8.06225774829855,8.246211251235321,8.06225774829855,8.246211251235321,9.486832980505138,9.486832980505138,9.848857801796104,9.848857801796104,9.848857801796104,8.94427190999916,10.295630140987,9.433981132056603,10.816653826391969,10.816653826391969,11.40175425099138,11.40175425099138,11.40175425099138,12.041594578792296,12.041594578792296,12.727922061357855,0.0,13.45362404707371,13.45362404707371,14.866068747318506,13.45362404707371,14.212670403551895,14.866068747318506,14.212670403551895,14.212670403551895,14.212670403551895,14.212670403551895,14.212670403551895,13.601470508735444,13.601470508735444,14.422205101855956,13.038404810405298,13.892443989449804,13.038404810405298,12.529964086141668,12.529964086141668,11.180339887498949,12.083045973594572,11.704699910719626,10.770329614269007,10.770329614269007,10.770329614269007,10.44030650891055,0.0,0.0,0.0,0.0,0.0,0.0,0.0,0.0,0.0,0.0,0.0,0.0,0.0,0.0,0.0,-0.12435499454676144,-0.11065722117389565,-0.12435499454676144,-0.24497866312686414,-0.12435499454676144,-0.24497866312686414,-0.3217505543966422,-0.3217505543966422,-0.4182243295792291,-0.4182243295792291,-0.4182243295792291,-0.4636476090008061,-0.507098504392337,-0.5585993153435624,-0.5880026035475675,-0.5880026035475675,-0.6610431688506869,-0.6610431688506869,-0.6610431688506869,-0.7266423406817256,-0.7266423406817256,-0.7853981633974483,0.0,-0.7328151017865066,-0.7328151017865066,-0.7378150601204649,-0.7328151017865066,-0.6857295109062863,-0.7378150601204649,-0.6857295109062863,-0.6857295109062863,-0.6857295109062863,-0.6857295109062863,-0.6857295109062863,-0.628796286415433,-0.628796286415433,-0.5880026035475675,-0.5667292175235064,-0.5280744484263596,-0.5667292175235064,-0.4993467216801301,-0.4993467216801301,-0.4636476090008061,-0.4266274931268761,-0.348771003583907,-0.3805063771123649,-0.3805063771123649,-0.3805063771123649,-0.2914567944778671,0.0,0.0,0.0,0.0,0.0
31.051397668998106,tx,1a:00:00:00:00:00,-54,92.1793058856217,64,0.6397431120748375,6.6106197963269935,0,0,0,0,0,0,0,0,0,0,0,0,1,-9,1,-9,1,-9,1,-9,1,-9,0,-9,0,-10,0,-10,-1,-10,-1,-10,-1,-10,-2,-10,-2,-10,-2,-10,-3,-10,-3,-11,-4,-10,-4,-10,-5,-11,-5,-11,-5,-11,-6,-11,-6,-11,-7,-11,-7,-12,-7,-11,0,0,-8,-12,-8,-12,-8,-13,-9,-13,-8,-13,-8,-13,-9,-13,-8,-14,-8,-13,-8,-14,-8,-14,-7,-14,-7,-14,-6,-14,-6,-13,-6,-13,-5,-14,-5,-13,-5,-13,-4,-13,-4,-12,-3,-12,-3,-13,-2,-12,-2,-12,-1,-11,0,0,0,0,0,0,0,0,0,0,0.0,0.0,0.0,0.0,0.0,0.0,9.055385138137417,9.055385138137417,9.055385138137417,9.055385138137417,9.055385138137417,9.0,10.0,10.0,10.04987562112089,10.04987562112089,10.04987562112089,10.198039027185569,10.198039027185569,10.198039027185569,10.44030650891055,11.40175425099138,10.770329614269007,10.770329614269007,12.083045973594572,12.083045973594572,12.083045973594572,12.529964086141668,12.529964086141668,13.038404810405298,13.892443989449804,13.038404810405298,0.0,14.422205101855956,14.422205101855956,15.264337522473747,15.811388300841896,15.264337522473747,15.264337522473747,15.811388300841896,16.1245154965971,15.264337522473747,16.1245154965971,16.1245154965971,15.652475842498529,15.652475842498529,15.231546211727817,14.317821063276353,14.317821063276353,14.866068747318506,13.92838827718412,13.92838827718412,13.601470508735444,12.649110640673518,12.36931687685298,13.341664064126334,12.165525060596439,12.165525060596439,11.045361017187261,0.0,0.0,0.0,0.0,0.0,0.0,0.0,0.0,0.0,0.0,0.0,-1.460139105621001,-1.460139105621001,-1.460139105621001,-1.460139105621001,-1.460139105621001,-1.5707963267948966,-1.5707963267948966,-1.5707963267948966,-1.6704649792860586,-1.6704649792860586,-1.6704649792860586,-1.7681918866447774,-1.7681918866447774,-1.7681918866447774,-1.8622531212727638,-1.837048375945822,-1.9513027039072615,-1.9513027039072615,-1.9974238199217726,-1.9974238199217726,-1.9974238199217726,-2.0701430484750265,-2.0701430484750265,-2.137525544318403,-2.0988707752212563,-2.137525544318403,0.0,-2.158798930342464,-2.158798930342464,-2.1224513093234436,-2.1763409903998667,-2.1224513093234436,-2.1224513093234436,-2.1763409903998667,-2.0899424410414196,-2.1224513093234436,-2.0899424410414196,-2.0899424410414196,-2.0344439357957027,-2.0344439357957027,-1.97568811307998,-2.0032041023654346,-2.0032041023654346,-1.9138202672156,-1.9379701606131159,-1.9379701606131159,-1.8692952583810758,-1.892546881191539,-1.8157749899217608,-1.7975951748487824,-1.7359450042095235,-1.7359450042095235,-1.6614562139956417,0.0,0.0,0.0,0.0,0.0
31.16089009899588,tx,1a:00:00:00:00:00,-54,92.1793058856217,64,0.6403838672074216,6.58005754549475,0,0,0,0,0,0,0,0,0,0,0,0,-8,-3,-9,-3,-9,-3,-10,-3,-10,-3,-10,-2,-10,-2,-10,-2,-10,-2,-10,-1,-10,-1,-11,0,-10,0,-11,1,-11,1,-11,1,-12,1,-11,2,-12,2,-12,2,-12,3,-12,3,-11,4,-13,5,-13,5,-13,5,0,0,-13,6,-14,5,-14,5,-13,6,-14,5,-15,5,-15,5,-15,5,-15,4,-15,4,-14,5,-15,4,-15,4,-15,4,-14,3,-15,2,-13,2,-13,2,-13,2,-12,1,-13,1,-13,0,-12,1,-12,0,-12,0,-11,-1,0,0,0,0,0,0,0,0,0,0,0.0,0.0,0.0,0.0,0.0,0.0,8.54400374531753,9.486832980505138,9.486832980505138,10.44030650891055,10.44030650891055,10.198039027185569,10.198039027185569,10.198039027185569,10.198039027185569,10.04987562112089,10.04987562112089,11.0,10.0,11.045361017187261,11.045361017187261,11.045361017187261,12.041594578792296,11.180339887498949,12.165525060596439,12.165525060596439,12.36931687685298,12.36931687685298,11.704699910719626,13.92838827718412,13.92838827718412,13.92838827718412,0.0,14.317821063276353,14.866068747318506,14.866068747318506,14.317821063276353,14.866068747318506,15.811388300841896,15.811388300841896,15.811388300841896,15.524174696260024,15.524174696260024,14.866068747318506,15.524174696260024,15.524174696260024,15.524174696260024,14.317821063276353,15.132745950421556,13.152946437965905,13.152946437965905,13.152946437965905,12.041594578792296,13.038404810405298,13.0,12.041594578792296,12.0,12.0,11.045361017187261,0.0,0.0,0.0,0.0,0.0,0.0,0.0,0.0,0.0,0.0,0.0,-2.782821983319221,-2.819842099193151,-2.819842099193151,-2.8501358591119264,-2.8501358591119264,-2.9441970937399127,-2.9441970937399127,-2.9441970937399127,-2.9441970937399127,-3.0419240010986313,-3.0419240010986313,3.141592653589793,3.141592653589793,3.050932766389048,3.050932766389048,3.050932766389048,3.058451421701352,2.961739153797315,2.976443976175166,2.976443976175166,2.896613990462929,2.896613990462929,2.7928216500058864,2.774418819771574,2.774418819771574,2.774418819771574,0.0,2.7091848780192556,2.79856871316909,2.79856871316909,2.7091848780192556,2.79856871316909,2.819842099193151,2.819842099193151,2.819842099193151,2.8809902618424523,2.8809902618424523,2.79856871316909,2.8809902618424523,2.8809902618424523,2.8809902618424523,2.930499320367047,3.0090411212931194,2.988943325194528,2.988943325194528,2.988943325194528,3.058451421701352,3.064820762320015,3.141592653589793,3.058451421701352,3.141592653589793,3.141592653589793,-3.050932766389048,0.0,0.0,0.0,0.0,0.0
31.262372464996588,tx,1a:00:00:00:00:00,-54,92.1793058856217,64,0.6403621151529526,6.545975888403239,0,0,0,0,0,0,0,0,0,0,0,0,8,-1,8,-2,8,-2,8,-2,8,-2,8,-2,8,-3,8,-3,8,-3,9,-4,8,-4,8,-5,8,-5,8,-5,8,-6,8,-6,8,-6,8,-7,8,-7,8,-8,8,-8,8,-9,8,-9,8,-10,8,-10,8,-10,0,0,9,-10,8,-11,8,-11,9,-11,9,-11,9,-11,10,-11,10,-11,10,-11,10,-11,10,-11,10,-10,10,-10,10,-10,10,-9,10,-9,11,-9,10,-8,10,-7,10,-7,10,-7,10,-7,10,-6,10,-5,10,-5,9,-4,0,0,0,0,0,0,0,0,0,0,0.0,0.0,0.0,0.0,0.0,0.0,8.06225774829855,8.246211251235321,8.246211251235321,8.246211251235321,8.246211251235321,8.246211251235321,8.54400374531753,8.54400374531753,8.54400374531753,9.848857801796104,8.94427190999916,9.433981132056603,9.433981132056603,9.433981132056603,10.0,10.0,10.0,10.63014581273465,10.63014581273465,11.313708498984761,11.313708498984761,12.041594578792296,12.041594578792296,12.806248474865697,12.806248474865697,12.806248474865697,0.0,13.45362404707371,13.601470508735444,13.601470508735444,14.212670403551895,14.212670403551895,14.212670403551895,14.866068747318506,14.866068747318506,14.866068747318506,14.866068747318506,14.866068747318506,14.142135623730951,14.142135623730951,14.142135623730951,13.45362404707371,13.45362404707371,14.212670403551895,12.806248474865697,12.206555615733702,12.206555615733702,12.206555615733702,12.206555615733702,11.661903789690601,11.180339887498949,11.180339887498949,9.848857801796104,0.0,0.0,0.0,0.0,0.0,0.0,0.0,0.0,0.0,0.0,0.0,-0.12435499454676144,-0.24497866312686414,-0.24497866312686414,-0.24497866312686414,-0.24497866312686414,-0.24497866312686414,-0.35877067027057225,-0.35877067027057225,-0.35877067027057225,-0.4182243295792291,-0.4636476090008061,-0.5585993153435624,-0.5585993153435624,-0.5585993153435624,-0.6435011087932844,-0.6435011087932844,-0.6435011087932844,-0.7188299996216245,-0.7188299996216245,-0.7853981633974483,-0.7853981633974483,-0.844153986113171,-0.844153986113171,-0.8960553845713439,-0.8960553845713439,-0.8960553845713439,0.0,-0.83798122500839,-0.9420000403794636,-0.9420000403794636,-0.8850668158886104,-0.8850668158886104,-0.8850668158886104,-0.8329812666744317,-0.8329812666744317,-0.8329812666744317,-0.8329812666744317,-0.8329812666744317,-0.7853981633974483,-0.7853981633974483,-0.7853981633974483,-0.7328151017865066,-0.7328151017865066,-0.6857295109062863,-0.6747409422235526,-0.6107259643892086,-0.6107259643892086,-0.6107259643892086,-0.6107259643892086,-0.5404195002705842,-0.4636476090008061,-0.4636476090008061,-0.4182243295792291,0.0,0.0,0.0,0.0,0.0
31.370961742999498,tx,1a:00:00:00:00:00,-54,92.1793058856217,64,0.6402832309542043,6.508327084881598,0,0,0,0,0,0,0,0,0,0,0,0,6,5,6,4,7,4,7,4,7,4,7,4,7,4,8,3,8,3,8,3,9,3,9,2,9,2,9,2,9,1,10,1,10,0,10,0,10,0,10,-1,11,-1,11,-1,11,-1,11,-2,12,-2,12,-2,0,0,13,-3,13,-3,13,-3,14,-3,13,-3,14,-3,14,-3,14,-2,14,-2,14,-2,14,-1,14,-1,14,-1,14,-1,14,-1,13,-1,13,0,12,0,12,0,12,1,12,1,12,1,11,2,10,2,10,2,10,3,0,0,0,0,0,0,0,0,0,0,0.0,0.0,0.0,0.0,0.0,0.0,7.810249675906654,7.211102550927978,8.06225774829855,8.06225774829855,8.06225774829855,8.06225774829855,8.06225774829855,8.54400374531753,8.54400374531753,8.54400374531753,9.486832980505138,9.219544457292887,9.219544457292887,9.219544457292887,9.055385138137417,10.04987562112089,10.0,10.0,10.0,10.04987562112089,11.045361017187261,11.045361017187261,11.045361017187261,11.180339887498949,12.165525060596439,12.165525060596439,0.0,13.341664064126334,13.341664064126334,13.341664064126334,14.317821063276353,13.341664064126334,14.317821063276353,14.317821063276353,14.142135623730951,14.142135623730951,14.142135623730951,14.035668847618199,14.035668847618199,14.035668847618199,14.035668847618199,14.035668847618199,13.038404810405298,13.0,12.0,12.0,12.041594578792296,12.041594578792296,12.041594578792296,11.180339887498949,10.198039027185569,10.198039027185569,10.44030650891055,0.0,0.0,0.0,0.0,0.0,0.0,0.0,0.0,0.0,0.0,0.0,0.6947382761967031,0.5880026035475675,0.5191461142465229,0.5191461142465229,0.5191461142465229,0.5191461142465229,0.5191461142465229,0.35877067027057225,0.35877067027057225,0.35877067027057225,0.3217505543966422,0.21866894587394195,0.21866894587394195,0.21866894587394195,0.11065722117389565,0.09966865249116202,0.0,0.0,0.0,-0.09966865249116202,-0.09065988720074511,-0.09065988720074511,-0.09065988720074511,-0.17985349979247828,-0.16514867741462683,-0.16514867741462683,0.0,-0.22679884805388587,-0.22679884805388587,-0.22679884805388587,-0.21109333322274654,-0.22679884805388587,-0.21109333322274654,-0.21109333322274654,-0.14189705460416394,-0.14189705460416394,-0.14189705460416394,-0.07130746478529032,-0.07130746478529032,-0.07130746478529032,-0.07130746478529032,-0.07130746478529032,-0.07677189126977804,0.0,0.0,0.0,0.08314123188844123,0.08314123188844123,0.08314123188844123,0.17985349979247828,0.19739555984988075,0.19739555984988075,0.2914567944778671,0.0,0.0,0.0,0.0,0.0
31.471535277996736,tx,1a:00:00:00:00:00,-54,92.1793058856217,64,0.6389612404601335,6.466942639548471,0,0,0,0,0,0,0,0,0,0,0,0,-5,-8,-5,-8,-6,-8,-6,-8,-6,-8,-6,-8,-7,-7,-7,-8,-7,-7,-8,-8,-8,-8,-8,-7,-9,-7,-9,-7,-9,-7,-10,-6,-10,-6,-10,-6,-11,-6,-11,-5,-11,-5,-12,-5,-12,-5,-13,-4,-13,-5,-14,-5,0,0,-14,-5,-14,-5,-15,-4,-15,-5,-15,-5,-16,-5,-15,-5,-16,-6,-15,-5,-15,-6,-15,-6,-14,-7,-14,-7,-14,-7,-14,-7,-14,-7,-13,-8,-13,-7,-12,-7,-12,-7,-12,-8,-11,-8,-10,-8,-10,-9,-9,-9,-8,-9,0,0,0,0,0,0,0,0,0,0,0.0,0.0,0.0,0.0,0.0,0.0,9.433981132056603,9.433981132056603,10.0,10.0,10.0,10.0,9.899494936611665,10.63014581273465,9.899494936611665,11.313708498984761,11.313708498984761,10.63014581273465,11.40175425099138,11.40175425099138,11.40175425099138,11.661903789690601,11.661903789690601,11.661903789690601,12.529964086141668,12.083045973594572,12.083045973594572,13.0,13.0,13.601470508735444,13.92838827718412,14.866068747318506,0.0,14.866068747318506,14.866068747318506,15.524174696260024,15.811388300841896,15.811388300841896,16.76305461424021,15.811388300841896,17.08800749063506,15.811388300841896,16.15549442140351,16.15549442140351,15.652475842498529,15.652475842498529,15.652475842498529,15.652475842498529,15.652475842498529,15.264337522473747,14.7648230602334,13.892443989449804,13.892443989449804,14.422205101855956,13.601470508735444,12.806248474865697,13.45362404707371,12.727922061357855,12.041594578792296,0.0,0.0,0.0,0.0,0.0,0.0,0.0,0.0,0.0,0.0,0.0,-2.129395642138459,-2.129395642138459,-2.214297435588181,-2.214297435588181,-2.214297435588181,-2.214297435588181,-2.356194490192345,-2.289626326416521,-2.356194490192345,-2.356194490192345,-2.356194490192345,-2.4227626539681686,-2.4805494847391065,-2.4805494847391065,-2.4805494847391065,-2.601173153319209,-2.601173153319209,-2.601173153319209,-2.642245931909663,-2.714965160462917,-2.714965160462917,-2.746801533890032,-2.746801533890032,-2.843093722003614,-2.774418819771574,-2.79856871316909,0.0,-2.79856871316909,-2.79856871316909,-2.8809902618424523,-2.819842099193151,-2.819842099193151,-2.838707785214822,-2.819842099193151,-2.782821983319221,-2.819842099193151,-2.761086276477428,-2.761086276477428,-2.677945044588987,-2.677945044588987,-2.677945044588987,-2.677945044588987,-2.677945044588987,-2.5899376710612465,-2.647651284670212,-2.6135182051634334,-2.6135182051634334,-2.5535900500422257,-2.5127963671743605,-2.4668517113662407,-2.408777551803287,-2.356194490192345,-2.297438667476622,0.0,0.0,0.0,0.0,0.0
31.580903752997983,tx,1a:00:00:00:00:00,-54,92.1793058856217,64,0.6377677871453356,6.4218313359761,0,0,0,0,0,0,0,0,0,0,0,0,-7,5,-7,5,-7,5,-7,6,-7,6,-7,6,-7,6,-7,7,-7,6,-6,7,-6,7,-6,8,-6,8,-6,9,-6,9,-5,9,-5,9,-4,9,-4,10,-4,10,-4,11,-4,11,-3,11,-3,12,-3,13,-3,13,0,0,-2,14,-3,13,-3,14,-2,14,-3,14,-3,15,-4,14,-4,14,-4,14,-4,14,-4,14,-5,14,-5,14,-5,14,-5,12,-5,13,-5,12,-5,12,-5,12,-6,11,-6,11,-6,11,-6,10,-6,9,-7,9,-7,8,0,0,0,0,0,0,0,0,0,0,0.0,0.0,0.0,0.0,0.0,0.0,8.602325267042627,8.602325267042627,8.602325267042627,9.219544457292887,9.219544457292887,9.219544457292887,9.219544457292887,9.899494936611665,9.219544457292887,9.219544457292887,9.219544457292887,10.0,10.0,10.816653826391969,10.816653826391969,10.295630140987,10.295630140987,9.848857801796104,10.770329614269007,10.770329614269007,11.704699910719626,11.704699910719626,11.40175425099138,12.36931687685298,13.341664064126334,13.341664064126334,0.0,14.142135623730951,13.341664064126334,14.317821063276353,14.142135623730951,14.317821063276353,15.297058540778355,14.560219778561036,14.560219778561036,14.560219778561036,14.560219778561036,14.560219778561036,14.866068747318506,14.866068747318506,14.866068747318506,13.0,13.92838827718412,13.0,13.0,13.0,12.529964086141668,12.529964086141668,12.529964086141668,11.661903789690601,10.816653826391969,11.40175425099138,10.63014581273465,0.0,0.0,0.0,0.0,0.0,0.0,0.0,0.0,0.0,0.0,0.0,2.5213431676069717,2.5213431676069717,2.5213431676069717,2.432966381462123,2.432966381462123,2.432966381462123,2.432966381462123,2.356194490192345,2.432966381462123,2.279422598922567,2.279422598922567,2.214297435588181,2.214297435588181,2.158798930342464,2.158798930342464,2.0778948311872334,2.0778948311872334,1.9890206563741257,1.9513027039072615,1.9513027039072615,1.9195673303788037,1.9195673303788037,1.837048375945822,1.8157749899217608,1.7975951748487824,1.7975951748487824,0.0,1.7126933813990606,1.7975951748487824,1.7818896600176433,1.7126933813990606,1.7818896600176433,1.7681918866447774,1.849095985800008,1.849095985800008,1.849095985800008,1.849095985800008,1.849095985800008,1.9138202672156,1.9138202672156,1.9138202672156,1.965587446494658,1.9379701606131159,1.965587446494658,1.965587446494658,1.965587446494658,2.0701430484750265,2.0701430484750265,2.0701430484750265,2.1112158270654806,2.158798930342464,2.2318394956455836,2.289626326416521,0.0,0.0,0.0,0.0,0.0
31.692283010997926,tx,1a:00:00:00:00:00,-54,92.1793058856217,64,0.6372559157577469,6.3730632103959834,0,0,0,0,0,0,0,0,0,0,0,0,0,-9,0,-9,0,-9,0,-9,0,-9,-1,-9,-1,-10,-1,-9,-2,-9,-2,-10,-2,-10,-3,-10,-3,-10,-3,-10,-4,-10,-5,-10,-5,-10,-5,-10,-6,-10,-6,-10,-7,-10,-7,-10,-7,-10,-8,-10,-8,-11,-8,-10,0,0,-9,-11,-10,-11,-10,-11,-10,-12,-10,-12,-10,-12,-10,-12,-10,-12,-10,-12,-9,-13,-9,-12,-9,-13,-8,-13,-8,-12,-9,-12,-8,-12,-7,-13,-7,-12,-7,-11,-6,-12,-6,-12,-6,-11,-5,-12,-4,-11,-4,-11,-3,-11,0,0,0,0,0,0,0,0,0,0,0.0,0.0,0.0,0.0,0.0,0.0,9.0,9.0,9.0,9.0,9.0,9.055385138137417,10.04987562112089,9.055385138137417,9.219544457292887,10.198039027185569,10.198039027185569,10.44030650891055,10.44030650891055,10.44030650891055,10.770329614269007,11.180339887498949,11.180339887498949,11.180339887498949,11.661903789690601,11.661903789690601,12.206555615733702,12.206555615733702,12.206555615733702,12.806248474865697,13.601470508735444,12.806248474865697,0.0,14.212670403551895,14.866068747318506,14.866068747318506,15.620499351813308,15.620499351813308,15.620499351813308,15.620499351813308,15.620499351813308,15.620499351813308,15.811388300841896,15.0,15.811388300841896,15.264337522473747,14.422205101855956,15.0,14.422205101855956,14.7648230602334,13.892443989449804,13.038404810405298,13.416407864998739,13.416407864998739,12.529964086141668,13.0,11.704699910719626,11.704699910719626,11.40175425099138,0.0,0.0,0.0,0.0,0.0,0.0,0.0,0.0,0.0,0.0,0.0,-1.5707963267948966,-1.5707963267948966,-1.5707963267948966,-1.5707963267948966,-1.5707963267948966,-1.6814535479687922,-1.6704649792860586,-1.6814535479687922,-1.7894652726688385,-1.7681918866447774,-1.7681918866447774,-1.8622531212727638,-1.8622531212727638,-1.8622531212727638,-1.9513027039072615,-2.0344439357957027,-2.0344439357957027,-2.0344439357957027,-2.1112158270654806,-2.1112158270654806,-2.1815222911841055,-2.1815222911841055,-2.1815222911841055,-2.2455372690184494,-2.1995926132103296,-2.2455372690184494,0.0,-2.256525837701183,-2.3086113869153615,-2.3086113869153615,-2.2655346029916,-2.2655346029916,-2.2655346029916,-2.2655346029916,-2.2655346029916,-2.2655346029916,-2.1763409903998667,-2.214297435588181,-2.1763409903998667,-2.1224513093234436,-2.158798930342464,-2.214297435588181,-2.158798930342464,-2.0647376957144776,-2.0988707752212563,-2.137525544318403,-2.0344439357957027,-2.0344439357957027,-2.0701430484750265,-1.965587446494658,-1.9195673303788037,-1.9195673303788037,-1.837048375945822,0.0,0.0,0.0,0.0,0.0
31.793791243995656,tx,1a:00:00:00:00:00,-54,92.97790342937117,64,0.6365026058055082,6.308180164029037,0,0,0,0,0,0,0,0,0,0,0,0,8,-2,8,-2,8,-2,9,-3,8,-3,8,-3,9,-3,8,-4,9,-4,8,-4,8,-5,8,-5,8,-5,9,-6,8,-6,8,-6,8,-7,8,-7,8,-8,8,-8,8,-8,8,-9,8,-9,7,-10,8,-11,8,-11,0,0,8,-12,8,-11,9,-12,8,-12,9,-12,9,-12,10,-12,9,-12,10,-12,10,-11,10,-11,10,-11,10,-11,10,-11,10,-9,10,-9,10,-9,10,-8,10,-8,10,-7,10,-8,10,-7,10,-6,9,-6,10,-5,10,-5,0,0,0,0,0,0,0,0,0,0,0.0,0.0,0.0,0.0,0.0,0.0,8.246211251235321,8.246211251235321,8.246211251235321,9.486832980505138,8.54400374531753,8.54400374531753,9.486832980505138,8.94427190999916,9.848857801796104,8.94427190999916,9.433981132056603,9.433981132056603,9.433981132056603,10.816653826391969,10.0,10.0,10.63014581273465,10.63014581273465,11.313708498984761,11.313708498984761,11.313708498984761,12.041594578792296,12.041594578792296,12.206555615733702,13.601470508735444,13.601470508735444,0.0,14.422205101855956,13.601470508735444,15.0,14.422205101855956,15.0,15.0,15.620499351813308,15.0,15.620499351813308,14.866068747318506,14.866068747318506,14.866068747318506,14.866068747318506,14.866068747318506,13.45362404707371,13.45362404707371,13.45362404707371,12.806248474865697,12.806248474865697,12.206555615733702,12.806248474865697,12.206555615733702,11.661903789690601,10.816653826391969,11.180339887498949,11.180339887498949,0.0,0.0,0.0,0.0,0.0,0.0,0.0,0.0,0.0,0.0,0.0,-0.24497866312686414,-0.24497866312686414,-0.24497866312686414,-0.3217505543966422,-0.35877067027057225,-0.35877067027057225,-0.3217505543966422,-0.4636476090008061,-0.4182243295792291,-0.4636476090008061,-0.5585993153435624,-0.5585993153435624,-0.5585993153435624,-0.5880026035475675,-0.6435011087932844,-0.6435011087932844,-0.7188299996216245,-0.7188299996216245,-0.7853981633974483,-0.7853981633974483,-0.7853981633974483,-0.844153986113171,-0.844153986113171,-0.960070362405688,-0.9420000403794636,-0.9420000403794636,0.0,-0.982793723247329,-0.9420000403794636,-0.9272952180016122,-0.982793723247329,-0.9272952180016122,-0.9272952180016122,-0.8760580505981934,-0.9272952180016122,-0.8760580505981934,-0.8329812666744317,-0.8329812666744317,-0.8329812666744317,-0.8329812666744317,-0.8329812666744317,-0.7328151017865066,-0.7328151017865066,-0.7328151017865066,-0.6747409422235526,-0.6747409422235526,-0.6107259643892086,-0.6747409422235526,-0.6107259643892086,-0.5404195002705842,-0.5880026035475675,-0.4636476090008061,-0.4636476090008061,0.0,0.0,0.0,0.0,0.0
31.90268481899693,tx,1a:00:00:00:00:00,-54,92.97790342937117,64,0.6359233791538063,6.273231900084424,0,0,0,0,0,0,0,0,0,0,0,0,-9,-2,-9,-2,-9,-2,-10,-1,-10,-1,-10,-1,-10,-1,-10,0,-10,0,-10,1,-10,1,-10,1,-10,2,-10,2,-11,2,-11,2,-11,3,-10,3,-11,4,-11,4,-11,4,-11,4,-11,5,-11,6,-11,6,-11,6,0,0,-12,7,-12,7,-13,7,-12,7,-13,7,-13,7,-13,7,-14,7,-14,6,-14,6,-13,6,-13,6,-13,6,-13,5,-13,4,-13,4,-13,4,-13,4,-13,3,-12,3,-12,2,-12,2,-12,2,-12,1,-12,1,-11,0,0,0,0,0,0,0,0,0,0,0,0.0,0.0,0.0,0.0,0.0,0.0,9.219544457292887,9.219544457292887,9.219544457292887,10.04987562112089,10.04987562112089,10.04987562112089,10.04987562112089,10.0,10.0,10.04987562112089,10.04987562112089,10.04987562112089,10.198039027185569,10.198039027185569,11.180339887498949,11.180339887498949,11.40175425099138,10.44030650891055,11.704699910719626,11.704699910719626,11.704699910719626,11.704699910719626,12.083045973594572,12.529964086141668,12.529964086141668,12.529964086141668,0.0,13.892443989449804,13.892443989449804,14.7648230602334,13.892443989449804,14.7648230602334,14.7648230602334,14.7648230602334,15.652475842498529,15.231546211727817,15.231546211727817,14.317821063276353,14.317821063276353,14.317821063276353,13.92838827718412,13.601470508735444,13.601470508735444,13.601470508735444,13.601470508735444,13.341664064126334,12.36931687685298,12.165525060596439,12.165525060596439,12.165525060596439,12.041594578792296,12.041594578792296,11.0,0.0,0.0,0.0,0.0,0.0,0.0,0.0,0.0,0.0,0.0,0.0,-2.922923707715851,-2.922923707715851,-2.922923707715851,-3.0419240010986313,-3.0419240010986313,-3.0419240010986313,-3.0419240010986313,3.141592653589793,3.141592653589793,3.0419240010986313,3.0419240010986313,3.0419240010986313,2.9441970937399127,2.9441970937399127,2.961739153797315,2.961739153797315,2.875340604438868,2.8501358591119264,2.7928216500058864,2.7928216500058864,2.7928216500058864,2.7928216500058864,2.714965160462917,2.642245931909663,2.642245931909663,2.642245931909663,0.0,2.6135182051634334,2.6135182051634334,2.647651284670212,2.6135182051634334,2.647651284670212,2.647651284670212,2.647651284670212,2.677945044588987,2.7367008673047097,2.7367008673047097,2.7091848780192556,2.7091848780192556,2.7091848780192556,2.774418819771574,2.843093722003614,2.843093722003614,2.843093722003614,2.843093722003614,2.9147938055359073,2.896613990462929,2.976443976175166,2.976443976175166,2.976443976175166,3.058451421701352,3.058451421701352,3.141592653589793,0.0,0.0,0.0,0.0,0.0
32.00700106199656,tx,1a:00:00:00:00:00,-54,92.97790342937117,64,0.6340928092038222,6.266037753720687,0,0,0,0,0,0,0,0,0,0,0,0,-9,-1,-8,-1,-9,1,-9,1,-10,-1,-10,1,-10,1,-9,3,-9,3,-10,2,-9,2,-10,3,-10,3,-9,4,-9,4,-9,5,-10,5,-9,5,-9,6,-9,6,-9,7,-9,7,-9,7,-9,8,-9,9,-9,9,0,0,-10,10,-9,9,-10,10,-10,10,-10,10,-11,10,-11,10,-11,10,-11,10,-11,9,-12,9,-11,9,-12,8,-12,9,-11,7,-12,7,-11,7,-11,7,-11,6,-11,6,-11,5,-11,5,-11,4,-11,4,-11,3,-11,2,0,0,0,0,0,0,0,0,0,0,0.0,0.0,0.0,0.0,0.0,0.0,9.055385138137417,8.06225774829855,9.055385138137417,9.055385138137417,10.04987562112089,10.04987562112089,10.04987562112089,9.486832980505138,9.486832980505138,10.198039027185569,9.219544457292887,10.44030650891055,10.44030650891055,9.848857801796104,9.848857801796104,10.295630140987,11.180339887498949,10.295630140987,10.816653826391969,10.816653826391969,11.40175425099138,11.40175425099138,11.40175425099138,12.041594578792296,12.727922061357855,12.727922061357855,0.0,14.142135623730951,12.727922061357855,14.142135623730951,14.142135623730951,14.142135623730951,14.866068747318506,14.866068747318506,14.866068747318506,14.866068747318506,14.212670403551895,15.0,14.212670403551895,14.422205101855956,15.0,13.038404810405298,13.892443989449804,13.038404810405298,13.038404810405298,12.529964086141668,12.529964086141668,12.083045973594572,12.083045973594572,11.704699910719626,11.704699910719626,11.40175425099138,11.180339887498949,0.0,0.0,0.0,0.0,0.0,0.0,0.0,0.0,0.0,0.0,0.0,-3.0309354324158977,-3.017237659043032,3.0309354324158977,3.0309354324158977,-3.0419240010986313,3.0419240010986313,3.0419240010986313,2.819842099193151,2.819842099193151,2.9441970937399127,2.922923707715851,2.8501358591119264,2.8501358591119264,2.723368324010564,2.723368324010564,2.6344941491974563,2.677945044588987,2.6344941491974563,2.5535900500422257,2.5535900500422257,2.4805494847391065,2.4805494847391065,2.4805494847391065,2.4149503129080676,2.356194490192345,2.356194490192345,0.0,2.356194490192345,2.356194490192345,2.356194490192345,2.356194490192345,2.356194490192345,2.403777593469328,2.403777593469328,2.403777593469328,2.403777593469328,2.455863142683507,2.498091544796509,2.455863142683507,2.5535900500422257,2.498091544796509,2.5748634360662868,2.6135182051634334,2.5748634360662868,2.5748634360662868,2.642245931909663,2.642245931909663,2.714965160462917,2.714965160462917,2.7928216500058864,2.7928216500058864,2.875340604438868,2.961739153797315,0.0,0.0,0.0,0.0,0.0
32.1105531180001,tx,1a:00:00:00:00:00,-54,92.97790342937117,64,0.6311584542299222,6.2823737718711135,0,0,0,0,0,0,0,0,0,0,0,0,7,-5,8,-5,8,-5,8,-6,7,-5,9,-7,7,-6,7,-6,6,-8,6,-7,6,-8,6,-8,6,-8,5,-9,6,-9,5,-9,5,-10,5,-9,4,-11,5,-10,4,-11,4,-11,3,-11,3,-13,3,-13,3,-13,0,0,3,-14,3,-13,3,-15,3,-14,3,-14,4,-15,4,-15,4,-14,5,-14,4,-14,4,-15,4,-14,5,-14,5,-14,5,-13,6,-13,5,-12,6,-12,6,-11,6,-11,6,-11,6,-10,6,-10,6,-11,6,-9,7,-9,0,0,0,0,0,0,0,0,0,0,0.0,0.0,0.0,0.0,0.0,0.0,8.602325267042627,9.433981132056603,9.433981132056603,10.0,8.602325267042627,11.40175425099138,9.219544457292887,9.219544457292887,10.0,9.219544457292887,10.0,10.0,10.0,10.295630140987,10.816653826391969,10.295630140987,11.180339887498949,10.295630140987,11.704699910719626,11.180339887498949,11.704699910719626,11.704699910719626,11.40175425099138,13.341664064126334,13.341664064126334,13.341664064126334,0.0,14.317821063276353,13.341664064126334,15.297058540778355,14.317821063276353,14.317821063276353,15.524174696260024,15.524174696260024,14.560219778561036,14.866068747318506,14.560219778561036,15.524174696260024,14.560219778561036,14.866068747318506,14.866068747318506,13.92838827718412,14.317821063276353,13.0,13.416407864998739,12.529964086141668,12.529964086141668,12.529964086141668,11.661903789690601,11.661903789690601,12.529964086141668,10.816653826391969,11.40175425099138,0.0,0.0,0.0,0.0,0.0,0.0,0.0,0.0,0.0,0.0,0.0,-0.6202494859828215,-0.5585993153435624,-0.5585993153435624,-0.6435011087932844,-0.6202494859828215,-0.6610431688506869,-0.7086262721276703,-0.7086262721276703,-0.9272952180016122,-0.8621700546672264,-0.9272952180016122,-0.9272952180016122,-0.9272952180016122,-1.0636978224025597,-0.982793723247329,-1.0636978224025597,-1.1071487177940904,-1.0636978224025597,-1.2220253232109897,-1.1071487177940904,-1.2220253232109897,-1.2220253232109897,-1.3045442776439713,-1.3439974787410107,-1.3439974787410107,-1.3439974787410107,0.0,-1.35970299357215,-1.3439974787410107,-1.373400766945016,-1.35970299357215,-1.35970299357215,-1.3101939350475555,-1.3101939350475555,-1.2924966677897853,-1.2277723863741932,-1.2924966677897853,-1.3101939350475555,-1.2924966677897853,-1.2277723863741932,-1.2277723863741932,-1.2036224929766774,-1.1383885512243588,-1.176005207095135,-1.1071487177940904,-1.0714496051147666,-1.0714496051147666,-1.0714496051147666,-1.0303768265243125,-1.0303768265243125,-1.0714496051147666,-0.982793723247329,-0.9097531579442097,0.0,0.0,0.0,0.0,0.0
32.211832925000635,tx,1a:00:00:00:00:00,-54,92.97790342937117,64,0.629264855491463,6.317293803731724,0,0,0,0,0,0,0,0,0,0,0,0,2,-9,2,-9,2,-10,2,-9,1,-10,1,-9,1,-10,1,-10,0,-10,0,-10,0,-10,-1,-10,-1,-10,-1,-11,-2,-11,-3,-11,-3,-10,-3,-11,-3,-10,-4,-11,-4,-11,-5,-12,-5,-11,-6,-12,-6,-12,-6,-12,0,0,-7,-12,-7,-13,-7,-13,-7,-13,-7,-13,-7,-14,-7,-14,-7,-14,-7,-14,-7,-14,-6,-14,-6,-14,-6,-14,-5,-14,-6,-14,-5,-13,-5,-14,-4,-12,-4,-13,-3,-12,-3,-13,-3,-13,-2,-12,-2,-12,-1,-12,-1,-11,0,0,0,0,0,0,0,0,0,0,0.0,0.0,0.0,0.0,0.0,0.0,9.219544457292887,9.219544457292887,10.198039027185569,9.219544457292887,10.04987562112089,9.055385138137417,10.04987562112089,10.04987562112089,10.0,10.0,10.0,10.04987562112089,10.04987562112089,11.045361017187261,11.180339887498949,11.40175425099138,10.44030650891055,11.40175425099138,10.44030650891055,11.704699910719626,11.704699910719626,13.0,12.083045973594572,13.416407864998739,13.416407864998739,13.416407864998739,0.0,13.892443989449804,14.7648230602334,14.7648230602334,14.7648230602334,14.7648230602334,15.652475842498529,15.652475842498529,15.652475842498529,15.652475842498529,15.652475842498529,15.231546211727817,15.231546211727817,15.231546211727817,14.866068747318506,15.231546211727817,13.92838827718412,14.866068747318506,12.649110640673518,13.601470508735444,12.36931687685298,13.341664064126334,13.341664064126334,12.165525060596439,12.165525060596439,12.041594578792296,11.045361017187261,0.0,0.0,0.0,0.0,0.0,0.0,0.0,0.0,0.0,0.0,0.0,-1.3521273809209546,-1.3521273809209546,-1.373400766945016,-1.3521273809209546,-1.4711276743037347,-1.460139105621001,-1.4711276743037347,-1.4711276743037347,-1.5707963267948966,-1.5707963267948966,-1.5707963267948966,-1.6704649792860586,-1.6704649792860586,-1.6614562139956417,-1.750649826587375,-1.837048375945822,-1.8622531212727638,-1.837048375945822,-1.8622531212727638,-1.9195673303788037,-1.9195673303788037,-1.965587446494658,-1.9974238199217726,-2.0344439357957027,-2.0344439357957027,-2.0344439357957027,0.0,-2.0988707752212563,-2.0647376957144776,-2.0647376957144776,-2.0647376957144776,-2.0647376957144776,-2.0344439357957027,-2.0344439357957027,-2.0344439357957027,-2.0344439357957027,-2.0344439357957027,-1.97568811307998,-1.97568811307998,-1.97568811307998,-1.9138202672156,-1.97568811307998,-1.9379701606131159,-1.9138202672156,-1.892546881191539,-1.8692952583810758,-1.8157749899217608,-1.7975951748487824,-1.7975951748487824,-1.7359450042095235,-1.7359450042095235,-1.6539375586833378,-1.6614562139956417,0.0,0.0,0.0,0.0,0.0
32.32118926399562,tx,1a:00:00:00:00:00,-54,92.97790342937117,64,0.6286152888090815,6.36595448926037,0,0,0,0,0,0,0,0,0,0,0,0,3,-9,3,-9,2,-9,2,-9,2,-9,2,-9,1,-10,1,-10,1,-10,1,-10,1,-11,1,-11,0,-11,0,-11,-1,-11,-1,-11,-2,-11,-2,-11,-3,-11,-3,-11,-3,-12,-4,-12,-4,-12,-4,-13,-4,-13,-5,-13,0,0,-5,-14,-6,-14,-5,-14,-6,-15,-5,-14,-6,-15,-5,-15,-5,-15,-5,-15,-4,-16,-4,-15,-3,-15,-3,-15,-3,-15,-3,-15,-3,-14,-2,-15,-2,-13,-2,-13,-1,-13,-1,-13,-1,-13,0,-13,1,-12,1,-12,2,-11,0,0,0,0,0,0,0,0,0,0,0.0,0.0,0.0,0.0,0.0,0.0,9.486832980505138,9.486832980505138,9.219544457292887,9.219544457292887,9.219544457292887,9.219544457292887,10.04987562112089,10.04987562112089,10.04987562112089,10.04987562112089,11.045361017187261,11.045361017187261,11.0,11.0,11.045361017187261,11.045361017187261,11.180339887498949,11.180339887498949,11.40175425099138,11.40175425099138,12.36931687685298,12.649110640673518,12.649110640673518,13.601470508735444,13.601470508735444,13.92838827718412,0.0,14.866068747318506,15.231546211727817,14.866068747318506,16.15549442140351,14.866068747318506,16.15549442140351,15.811388300841896,15.811388300841896,15.811388300841896,16.492422502470642,15.524174696260024,15.297058540778355,15.297058540778355,15.297058540778355,15.297058540778355,14.317821063276353,15.132745950421556,13.152946437965905,13.152946437965905,13.038404810405298,13.038404810405298,13.038404810405298,13.0,12.041594578792296,12.041594578792296,11.180339887498949,0.0,0.0,0.0,0.0,0.0,0.0,0.0,0.0,0.0,0.0,0.0,-1.2490457723982544,-1.2490457723982544,-1.3521273809209546,-1.3521273809209546,-1.3521273809209546,-1.3521273809209546,-1.4711276743037347,-1.4711276743037347,-1.4711276743037347,-1.4711276743037347,-1.4801364395941514,-1.4801364395941514,-1.5707963267948966,-1.5707963267948966,-1.6614562139956417,-1.6614562139956417,-1.750649826587375,-1.750649826587375,-1.837048375945822,-1.837048375945822,-1.8157749899217608,-1.892546881191539,-1.892546881191539,-1.8692952583810758,-1.8692952583810758,-1.9379701606131159,0.0,-1.9138202672156,-1.97568811307998,-1.9138202672156,-1.9513027039072615,-1.9138202672156,-1.9513027039072615,-1.892546881191539,-1.892546881191539,-1.892546881191539,-1.8157749899217608,-1.8313987185422376,-1.7681918866447774,-1.7681918866447774,-1.7681918866447774,-1.7681918866447774,-1.7818896600176433,-1.7033478590915707,-1.7234456551901618,-1.7234456551901618,-1.6475682180646747,-1.6475682180646747,-1.6475682180646747,-1.5707963267948966,-1.4876550949064553,-1.4876550949064553,-1.3909428270024184,0.0,0.0,0.0,0.0,0.0
32.422026602995174,tx,1a:00:00:00:00:00,-54,92.97790342937117,64,0.6283199332282924,6.424036794900967,0,0,0,0,0,0,0,0,0,0,0,0,8,0,8,0,9,0,8,0,9,-1,8,-1,8,-1,9,-1,9,-2,9,-2,9,-2,9,-3,9,-3,9,-3,9,-3,9,-5,9,-5,9,-5,9,-6,9,-6,9,-6,9,-7,10,-7,9,-8,10,-8,9,-8,0,0,10,-8,11,-10,10,-9,11,-10,10,-9,11,-9,11,-10,11,-9,11,-9,12,-9,12,-8,12,-8,12,-7,11,-7,12,-7,11,-7,12,-7,10,-6,11,-6,11,-5,11,-5,11,-5,11,-4,10,-3,10,-3,10,-2,0,0,0,0,0,0,0,0,0,0,0.0,0.0,0.0,0.0,0.0,0.0,8.0,8.0,9.0,8.0,9.055385138137417,8.06225774829855,8.06225774829855,9.055385138137417,9.219544457292887,9.219544457292887,9.219544457292887,9.486832980505138,9.486832980505138,9.486832980505138,9.486832980505138,10.295630140987,10.295630140987,10.295630140987,10.816653826391969,10.816653826391969,10.816653826391969,11.40175425099138,12.206555615733702,12.041594578792296,12.806248474865697,12.041594578792296,0.0,12.806248474865697,14.866068747318506,13.45362404707371,14.866068747318506,13.45362404707371,14.212670403551895,14.866068747318506,14.212670403551895,14.212670403551895,15.0,14.422205101855956,14.422205101855956,13.892443989449804,13.038404810405298,13.892443989449804,13.038404810405298,13.892443989449804,11.661903789690601,12.529964086141668,12.083045973594572,12.083045973594572,12.083045973594572,11.704699910719626,10.44030650891055,10.44030650891055,10.198039027185569,0.0,0.0,0.0,0.0,0.0,0.0,0.0,0.0,0.0,0.0,0.0,0.0,0.0,0.0,0.0,-0.11065722117389565,-0.12435499454676144,-0.12435499454676144,-0.11065722117389565,-0.21866894587394195,-0.21866894587394195,-0.21866894587394195,-0.3217505543966422,-0.3217505543966422,-0.3217505543966422,-0.3217505543966422,-0.507098504392337,-0.507098504392337,-0.507098504392337,-0.5880026035475675,-0.5880026035475675,-0.5880026035475675,-0.6610431688506869,-0.6107259643892086,-0.7266423406817256,-0.6747409422235526,-0.7266423406817256,0.0,-0.6747409422235526,-0.7378150601204649,-0.7328151017865066,-0.7378150601204649,-0.7328151017865066,-0.6857295109062863,-0.7378150601204649,-0.6857295109062863,-0.6857295109062863,-0.6435011087932844,-0.5880026035475675,-0.5880026035475675,-0.5280744484263596,-0.5667292175235064,-0.5280744484263596,-0.5667292175235064,-0.5280744484263596,-0.5404195002705842,-0.4993467216801301,-0.4266274931268761,-0.4266274931268761,-0.4266274931268761,-0.348771003583907,-0.2914567944778671,-0.2914567944778671,-0.19739555984988075,0.0,0.0,0.0,0.0,0.0
32.53055897499871,tx,1a:00:00:00:00:00,-54,92.97790342937117,64,0.6283690134175804,6.487878720082817,0,0,0,0,0,0,0,0,0,0,0,0,7,3,8,3,8,2,8,2,8,2,9,2,8,2,8,1,8,1,9,1,9,0,9,0,9,0,9,-1,10,-1,9,-1,10,-2,9,-2,10,-3,10,-3,10,-4,11,-4,10,-4,11,-5,11,-5,12,-5,0,0,12,-6,12,-6,13,-6,12,-6,13,-6,13,-6,14,-6,14,-6,14,-6,14,-5,14,-5,14,-5,13,-4,14,-5,13,-4,14,-3,12,-3,13,-3,12,-3,12,-2,12,-2,12,-1,11,-1,11,0,11,0,10,1,0,0,0,0,0,0,0,0,0,0,0.0,0.0,0.0,0.0,0.0,0.0,7.615773105863909,8.54400374531753,8.246211251235321,8.246211251235321,8.246211251235321,9.219544457292887,8.246211251235321,8.06225774829855,8.06225774829855,9.055385138137417,9.0,9.0,9.0,9.055385138137417,10.04987562112089,9.055385138137417,10.198039027185569,9.219544457292887,10.44030650891055,10.44030650891055,10.770329614269007,11.704699910719626,10.770329614269007,12.083045973594572,12.083045973594572,13.0,0.0,13.416407864998739,13.416407864998739,14.317821063276353,13.416407864998739,14.317821063276353,14.317821063276353,15.231546211727817,15.231546211727817,15.231546211727817,14.866068747318506,14.866068747318506,14.866068747318506,13.601470508735444,14.866068747318506,13.601470508735444,14.317821063276353,12.36931687685298,13.341664064126334,12.36931687685298,12.165525060596439,12.165525060596439,12.041594578792296,11.045361017187261,11.0,11.0,10.04987562112089,0.0,0.0,0.0,0.0,0.0,0.0,0.0,0.0,0.0,0.0,0.0,0.40489178628508343,0.35877067027057225,0.24497866312686414,0.24497866312686414,0.24497866312686414,0.21866894587394195,0.24497866312686414,0.12435499454676144,0.12435499454676144,0.11065722117389565,0.0,0.0,0.0,-0.11065722117389565,-0.09966865249116202,-0.11065722117389565,-0.19739555984988075,-0.21866894587394195,-0.2914567944778671,-0.2914567944778671,-0.3805063771123649,-0.348771003583907,-0.3805063771123649,-0.4266274931268761,-0.4266274931268761,-0.3947911196997615,0.0,-0.4636476090008061,-0.4636476090008061,-0.43240777557053783,-0.4636476090008061,-0.43240777557053783,-0.43240777557053783,-0.40489178628508343,-0.40489178628508343,-0.40489178628508343,-0.3430239404207034,-0.3430239404207034,-0.3430239404207034,-0.2984989315861793,-0.3430239404207034,-0.2984989315861793,-0.21109333322274654,-0.24497866312686414,-0.22679884805388587,-0.24497866312686414,-0.16514867741462683,-0.16514867741462683,-0.08314123188844123,-0.09065988720074511,0.0,0.0,0.09966865249116202,0.0,0.0,0.0,0.0,0.0
32.64067882299423,tx,1a:00:00:00:00:00,-54,92.97790342937117,64,0.6203863540929289,6.554469053692159,0,0,0,0,0,0,0,0,0,0,0,0,8,0,8,-1,8,-1,9,-1,8,-1,9,-2,9,-1,9,-2,9,-2,9,-3,9,-4,9,-4,9,-5,9,-5,9,-5,9,-5,9,-6,8,-6,9,-7,9,-7,9,-7,9,-8,8,-8,8,-10,9,-10,9,-10,0,0,9,-11,9,-10,10,-11,9,-11,10,-11,11,-11,11,-11,11,-11,11,-10,10,-11,11,-11,11,-10,11,-10,11,-10,11,-8,11,-9,11,-9,11,-8,11,-8,11,-6,11,-7,11,-6,10,-6,10,-6,10,-5,10,-4,0,0,0,0,0,0,0,0,0,0,0.0,0.0,0.0,0.0,0.0,0.0,8.0,8.06225774829855,8.06225774829855,9.055385138137417,8.06225774829855,9.219544457292887,9.055385138137417,9.219544457292887,9.219544457292887,9.486832980505138,9.848857801796104,9.848857801796104,10.295630140987,10.295630140987,10.295630140987,10.295630140987,10.816653826391969,10.0,11.40175425099138,11.40175425099138,11.40175425099138,12.041594578792296,11.313708498984761,12.806248474865697,13.45362404707371,13.45362404707371,0.0,14.212670403551895,13.45362404707371,14.866068747318506,14.212670403551895,14.866068747318506,15.556349186104045,15.556349186104045,15.556349186104045,14.866068747318506,14.866068747318506,15.556349186104045,14.866068747318506,14.866068747318506,14.866068747318506,13.601470508735444,14.212670403551895,14.212670403551895,13.601470508735444,13.601470508735444,12.529964086141668,13.038404810405298,12.529964086141668,11.661903789690601,11.661903789690601,11.180339887498949,10.770329614269007,0.0,0.0,0.0,0.0,0.0,0.0,0.0,0.0,0.0,0.0,0.0,0.0,-0.12435499454676144,-0.12435499454676144,-0.11065722117389565,-0.12435499454676144,-0.21866894587394195,-0.11065722117389565,-0.21866894587394195,-0.21866894587394195,-0.3217505543966422,-0.4182243295792291,-0.4182243295792291,-0.507098504392337,-0.507098504392337,-0.507098504392337,-0.507098504392337,-0.5880026035475675,-0.6435011087932844,-0.6610431688506869,-0.6610431688506869,-0.6610431688506869,-0.7266423406817256,-0.7853981633974483,-0.8960553845713439,-0.83798122500839,-0.83798122500839,0.0,-0.8850668158886104,-0.83798122500839,-0.8329812666744317,-0.8850668158886104,-0.8329812666744317,-0.7853981633974483,-0.7853981633974483,-0.7853981633974483,-0.7378150601204649,-0.8329812666744317,-0.7853981633974483,-0.7378150601204649,-0.7378150601204649,-0.7378150601204649,-0.628796286415433,-0.6857295109062863,-0.6857295109062863,-0.628796286415433,-0.628796286415433,-0.4993467216801301,-0.5667292175235064,-0.4993467216801301,-0.5404195002705842,-0.5404195002705842,-0.4636476090008061,-0.3805063771123649,0.0,0.0,0.0,0.0,0.0
32.740823674997955,tx,1a:00:00:00:00:00,-54,92.97790342937117,64,0.6163627568631581,6.621521008176398,0,0,0,0,0,0,0,0,0,0,0,0,-9,-2,-9,-1,-10,-1,-10,-1,-10,-1,-10,0,-10,0,-10,0,-10,1,-11,0,-11,1,-11,1,-11,2,-11,2,-11,3,-11,3,-10,4,-11,4,-11,5,-11,5,-11,5,-11,6,-11,6,-11,7,-12,7,-12,7,0,0,-12,8,-13,9,-12,9,-13,9,-13,9,-14,9,-14,9,-14,8,-14,8,-15,8,-14,8,-14,7,-14,7,-14,7,-14,7,-14,6,-14,6,-13,5,-14,5,-13,4,-13,4,-13,4,-13,3,-13,2,-13,2,-12,1,0,0,0,0,0,0,0,0,0,0,0.0,0.0,0.0,0.0,0.0,0.0,9.219544457292887,9.055385138137417,10.04987562112089,10.04987562112089,10.04987562112089,10.0,10.0,10.0,10.04987562112089,11.0,11.045361017187261,11.045361017187261,11.180339887498949,11.180339887498949,11.40175425099138,11.40175425099138,10.770329614269007,11.704699910719626,12.083045973594572,12.083045973594572,12.083045973594572,12.529964086141668,12.529964086141668,13.038404810405298,13.892443989449804,13.892443989449804,0.0,14.422205101855956,15.811388300841896,15.0,15.811388300841896,15.811388300841896,16.64331697709324,16.64331697709324,16.1245154965971,16.1245154965971,17.0,16.1245154965971,15.652475842498529,15.652475842498529,15.652475842498529,15.652475842498529,15.231546211727817,15.231546211727817,13.92838827718412,14.866068747318506,13.601470508735444,13.601470508735444,13.601470508735444,13.341664064126334,13.152946437965905,13.152946437965905,12.041594578792296,0.0,0.0,0.0,0.0,0.0,0.0,0.0,0.0,0.0,0.0,0.0,-2.922923707715851,-3.0309354324158977,-3.0419240010986313,-3.0419240010986313,-3.0419240010986313,3.141592653589793,3.141592653589793,3.141592653589793,3.0419240010986313,3.141592653589793,3.050932766389048,3.050932766389048,2.961739153797315,2.961739153797315,2.875340604438868,2.875340604438868,2.761086276477428,2.7928216500058864,2.714965160462917,2.714965160462917,2.714965160462917,2.642245931909663,2.642245931909663,2.5748634360662868,2.6135182051634334,2.6135182051634334,0.0,2.5535900500422257,2.5360479899848234,2.498091544796509,2.5360479899848234,2.5360479899848234,2.5702551737561663,2.5702551737561663,2.62244653934327,2.62244653934327,2.651635327336065,2.62244653934327,2.677945044588987,2.677945044588987,2.677945044588987,2.677945044588987,2.7367008673047097,2.7367008673047097,2.774418819771574,2.79856871316909,2.843093722003614,2.843093722003614,2.843093722003614,2.9147938055359073,2.988943325194528,2.988943325194528,3.058451421701352,0.0,0.0,0.0,0.0,0.0
32.85048619799636,tx,1a:00:00:00:00:00,-54,91.03255849425781,64,0.6146991416438865,6.7314339651353725,0,0,0,0,0,0,0,0,0,0,0,0,3,7,3,7,4,7,4,7,4,7,4,7,5,7,5,7,5,6,6,7,6,7,6,6,6,6,7,6,7,6,8,5,8,5,9,5,9,4,9,4,9,5,10,4,10,4,11,4,11,4,11,4,0,0,12,4,13,4,12,3,14,4,13,4,13,5,13,5,13,5,13,5,13,6,13,6,12,6,12,7,11,6,12,6,11,6,11,7,10,6,10,6,10,7,9,7,9,7,8,8,8,7,7,8,6,8,0,0,0,0,0,0,0,0,0,0,0.0,0.0,0.0,0.0,0.0,0.0,7.615773105863909,7.615773105863909,8.06225774829855,8.06225774829855,8.06225774829855,8.06225774829855,8.602325267042627,8.602325267042627,7.810249675906654,9.219544457292887,9.219544457292887,8.48528137423857,8.48528137423857,9.219544457292887,9.219544457292887,9.433981132056603,9.433981132056603,10.295630140987,9.848857801796104,9.848857801796104,10.295630140987,10.770329614269007,10.770329614269007,11.704699910719626,11.704699910719626,11.704699910719626,0.0,12.649110640673518,13.601470508735444,12.36931687685298,14.560219778561036,13.601470508735444,13.92838827718412,13.92838827718412,13.92838827718412,13.92838827718412,14.317821063276353,14.317821063276353,13.416407864998739,13.892443989449804,12.529964086141668,13.416407864998739,12.529964086141668,13.038404810405298,11.661903789690601,11.661903789690601,12.206555615733702,11.40175425099138,11.40175425099138,11.313708498984761,10.63014581273465,10.63014581273465,10.0,0.0,0.0,0.0,0.0,0.0,0.0,0.0,0.0,0.0,0.0,0.0,1.1659045405098132,1.1659045405098132,1.0516502125483738,1.0516502125483738,1.0516502125483738,1.0516502125483738,0.9505468408120752,0.9505468408120752,0.8760580505981934,0.8621700546672264,0.8621700546672264,0.7853981633974483,0.7853981633974483,0.7086262721276703,0.7086262721276703,0.5585993153435624,0.5585993153435624,0.507098504392337,0.4182243295792291,0.4182243295792291,0.507098504392337,0.3805063771123649,0.3805063771123649,0.348771003583907,0.348771003583907,0.348771003583907,0.0,0.3217505543966422,0.2984989315861793,0.24497866312686414,0.27829965900511133,0.2984989315861793,0.3671738338182192,0.3671738338182192,0.3671738338182192,0.3671738338182192,0.43240777557053783,0.43240777557053783,0.4636476090008061,0.5280744484263596,0.4993467216801301,0.4636476090008061,0.4993467216801301,0.5667292175235064,0.5404195002705842,0.5404195002705842,0.6107259643892086,0.6610431688506869,0.6610431688506869,0.7853981633974483,0.7188299996216245,0.8519663271732721,0.9272952180016122,0.0,0.0,0.0,0.0,0.0
32.95132531299896,tx,1a:00:00:00:00:00,-54,91.03255849425781,64,0.6110117430723818,6.812382860502397,0,0,0,0,0,0,0,0,0,0,0,0,-1,-9,-1,-9,-2,-9,-2,-9,-2,-9,-2,-9,-2,-9,-3,-9,-3,-9,-4,-9,-4,-9,-5,-9,-5,-9,-5,-9,-6,-9,-6,-9,-6,-9,-6,-8,-7,-9,-7,-9,-7,-9,-8,-9,-8,-8,-9,-8,-9,-9,-10,-9,0,0,-10,-9,-10,-10,-11,-10,-10,-9,-10,-10,-11,-11,-10,-11,-10,-11,-10,-11,-10,-11,-10,-11,-10,-11,-9,-11,-9,-12,-8,-11,-8,-12,-8,-11,-7,-11,-7,-11,-6,-11,-6,-11,-5,-11,-5,-11,-5,-11,-4,-11,-4,-10,0,0,0,0,0,0,0,0,0,0,0.0,0.0,0.0,0.0,0.0,0.0,9.055385138137417,9.055385138137417,9.219544457292887,9.219544457292887,9.219544457292887,9.219544457292887,9.219544457292887,9.486832980505138,9.486832980505138,9.848857801796104,9.848857801796104,10.295630140987,10.295630140987,10.295630140987,10.816653826391969,10.816653826391969,10.816653826391969,10.0,11.40175425099138,11.40175425099138,11.40175425099138,12.041594578792296,11.313708498984761,12.041594578792296,12.727922061357855,13.45362404707371,0.0,13.45362404707371,14.142135623730951,14.866068747318506,13.45362404707371,14.142135623730951,15.556349186104045,14.866068747318506,14.866068747318506,14.866068747318506,14.866068747318506,14.866068747318506,14.866068747318506,14.212670403551895,15.0,13.601470508735444,14.422205101855956,13.601470508735444,13.038404810405298,13.038404810405298,12.529964086141668,12.529964086141668,12.083045973594572,12.083045973594572,12.083045973594572,11.704699910719626,10.770329614269007,0.0,0.0,0.0,0.0,0.0,0.0,0.0,0.0,0.0,0.0,0.0,-1.6814535479687922,-1.6814535479687922,-1.7894652726688385,-1.7894652726688385,-1.7894652726688385,-1.7894652726688385,-1.7894652726688385,-1.892546881191539,-1.892546881191539,-1.9890206563741257,-1.9890206563741257,-2.0778948311872334,-2.0778948311872334,-2.0778948311872334,-2.158798930342464,-2.158798930342464,-2.158798930342464,-2.214297435588181,-2.2318394956455836,-2.2318394956455836,-2.2318394956455836,-2.297438667476622,-2.356194490192345,-2.4149503129080676,-2.356194490192345,-2.408777551803287,0.0,-2.408777551803287,-2.356194490192345,-2.403777593469328,-2.408777551803287,-2.356194490192345,-2.356194490192345,-2.3086113869153615,-2.3086113869153615,-2.3086113869153615,-2.3086113869153615,-2.3086113869153615,-2.3086113869153615,-2.256525837701183,-2.214297435588181,-2.1995926132103296,-2.158798930342464,-2.1995926132103296,-2.137525544318403,-2.137525544318403,-2.0701430484750265,-2.0701430484750265,-1.9974238199217726,-1.9974238199217726,-1.9974238199217726,-1.9195673303788037,-1.9513027039072615,0.0,0.0,0.0,0.0,0.0
