t_sec,source,mac,rssi,rate,n_sub,std,doppler,raw_csi_iq...(2*n_sub) then amp...(n_sub) then phase...(n_sub)
0.03590749500290258,router,ba:bd:de:13:68:55,-84,99.98263991419834,64,1.437634657350466,18.659111763671493,0,0,-14,-12,-13,-12,-12,-12,-10,-11,-9,-9,-10,-9,-10,-8,-10,-8,-9,-7,-9,-7,-9,-6,-9,-4,-9,-4,-8,-4,-9,-3,-9,-3,-8,-4,-9,-5,-9,-4,-9,-3,-10,-2,-9,-2,-9,-2,-9,-1,-9,-2,-10,-4,0,0,0,0,0,0,0,0,0,0,0,0,0,0,0,0,0,0,0,0,0,0,-7,-4,-6,-5,-5,-6,-5,-8,-7,-9,-8,-10,-9,-9,-9,-8,-8,-10,-7,-10,-8,-9,-8,-11,-7,-12,-7,-10,-8,-11,-9,-12,-10,-11,-11,-12,-12,-13,-11,-12,-11,-11,-11,-11,-11,-13,-12,-13,-13,-12,-13,-12,0.0,18.439088914585774,17.69180601295413,16.97056274847714,14.866068747318506,12.727922061357855,13.45362404707371,12.806248474865697,12.806248474865697,11.40175425099138,11.40175425099138,10.816653826391969,9.848857801796104,9.848857801796104,8.94427190999916,9.486832980505138,9.486832980505138,8.94427190999916,10.295630140987,9.848857801796104,9.486832980505138,10.198039027185569,9.219544457292887,9.219544457292887,9.055385138137417,9.219544457292887,10.770329614269007,0.0,0.0,0.0,0.0,0.0,0.0,0.0,0.0,0.0,0.0,0.0,8.06225774829855,7.810249675906654,7.810249675906654,9.433981132056603,11.40175425099138,12.806248474865697,12.727922061357855,12.041594578792296,12.806248474865697,12.206555615733702,12.041594578792296,13.601470508735444,13.892443989449804,12.206555615733702,13.601470508735444,15.0,14.866068747318506,16.278820596099706,17.69180601295413,16.278820596099706,15.556349186104045,15.556349186104045,17.029386365926403,17.69180601295413,17.69180601295413,17.69180601295413,0.0,-2.432966381462123,-2.396173177315635,-2.356194490192345,-2.3086113869153615,-2.356194490192345,-2.408777551803287,-2.4668517113662407,-2.4668517113662407,-2.4805494847391065,-2.4805494847391065,-2.5535900500422257,-2.723368324010564,-2.723368324010564,-2.677945044588987,-2.819842099193151,-2.819842099193151,-2.677945044588987,-2.6344941491974563,-2.723368324010564,-2.819842099193151,-2.9441970937399127,-2.922923707715851,-2.922923707715851,-3.0309354324158977,-2.922923707715851,-2.761086276477428,0.0,0.0,0.0,0.0,0.0,0.0,0.0,0.0,0.0,0.0,0.0,-2.62244653934327,-2.44685437739309,-2.2655346029916,-2.129395642138459,-2.2318394956455836,-2.2455372690184494,-2.356194490192345,-2.4149503129080676,-2.2455372690184494,-2.1815222911841055,-2.297438667476622,-2.1995926132103296,-2.0988707752212563,-2.1815222911841055,-2.1995926132103296,-2.214297435588181,-2.3086113869153615,-2.312743594800814,-2.316215803069055,-2.312743594800814,-2.356194490192345,-2.356194490192345,-2.2730532583039036,-2.316215803069055,-2.396173177315635,-2.396173177315635
0.14276617800351232,router,ba:bd:de:13:68:55,-85,99.98263991419834,64,1.4396266593228773,18.85532598492403,0,0,-18,3,-18,2,-16,1,-15,0,-15,0,-15,0,-13,1,-11,1,-10,2,-9,3,-9,3,-9,2,-8,3,-7,5,-6,6,-6,5,-6,5,-6,5,-7,5,-7,5,-8,4,-7,3,-5,3,-6,4,-9,5,-12,8,0,0,0,0,0,0,0,0,0,0,0,0,0,0,0,0,0,0,0,0,0,0,-7,3,-7,4,-8,2,-9,0,-11,1,-11,2,-12,2,-13,1,-13,1,-13,2,-14,4,-14,2,-13,0,-14,1,-17,2,-17,2,-15,2,-16,2,-15,2,-16,2,-18,2,-19,3,-19,4,-19,3,-20,2,-20,1,0.0,18.24828759089466,18.110770276274835,16.0312195418814,15.0,15.0,15.0,13.038404810405298,11.045361017187261,10.198039027185569,9.486832980505138,9.486832980505138,9.219544457292887,8.54400374531753,8.602325267042627,8.48528137423857,7.810249675906654,7.810249675906654,7.810249675906654,8.602325267042627,8.602325267042627,8.94427190999916,7.615773105863909,5.830951894845301,7.211102550927978,10.295630140987,14.422205101855956,0.0,0.0,0.0,0.0,0.0,0.0,0.0,0.0,0.0,0.0,0.0,7.615773105863909,8.06225774829855,8.246211251235321,9.0,11.045361017187261,11.180339887498949,12.165525060596439,13.038404810405298,13.038404810405298,13.152946437965905,14.560219778561036,14.142135623730951,13.0,14.035668847618199,17.11724276862369,17.11724276862369,15.132745950421556,16.1245154965971,15.132745950421556,16.1245154965971,18.110770276274835,19.235384061671343,19.4164878389476,19.235384061671343,20.09975124224178,20.024984394500787,0.0,2.976443976175166,3.0309354324158977,3.079173843593836,3.141592653589793,3.141592653589793,3.141592653589793,3.064820762320015,3.050932766389048,2.9441970937399127,2.819842099193151,2.819842099193151,2.922923707715851,2.782821983319221,2.5213431676069717,2.356194490192345,2.44685437739309,2.44685437739309,2.44685437739309,2.5213431676069717,2.5213431676069717,2.677945044588987,2.7367008673047097,2.601173153319209,2.5535900500422257,2.6344941491974563,2.5535900500422257,0.0,0.0,0.0,0.0,0.0,0.0,0.0,0.0,0.0,0.0,0.0,2.7367008673047097,2.62244653934327,2.896613990462929,3.141592653589793,3.050932766389048,2.961739153797315,2.976443976175166,3.064820762320015,3.064820762320015,2.988943325194528,2.8632929945846817,2.999695598985629,3.141592653589793,3.070285188804503,3.024483909022929,3.024483909022929,3.0090411212931194,3.017237659043032,3.0090411212931194,3.017237659043032,3.0309354324158977,2.984990776607778,2.9340964271545906,2.984990776607778,3.0419240010986313,3.0916342578678506
0.2554047890007496,router,ba:bd:de:13:68:55,-84,99.98263991419834,64,1.4409805772288338,19.065738828666607,0,0,-10,-14,-10,-14,-10,-14,-8,-13,-6,-13,-7,-12,-8,-10,-7,-9,-5,-8,-6,-8,-6,-8,-6,-8,-6,-7,-6,-6,-6,-5,-6,-4,-6,-4,-7,-5,-7,-6,-7,-5,-7,-5,-6,-4,-6,-4,-6,-4,-7,-5,-7,-4,0,0,0,0,0,0,0,0,0,0,0,0,0,0,0,0,0,0,0,0,0,0,-8,-4,-9,-4,-9,-5,-9,-5,-10,-6,-10,-7,-11,-7,-11,-7,-11,-8,-11,-8,-11,-8,-11,-8,-10,-8,-10,-9,-11,-11,-11,-11,-10,-10,-10,-10,-11,-11,-11,-13,-11,-13,-12,-13,-12,-13,-12,-13,-12,-14,-13,-14,0.0,17.204650534085253,17.204650534085253,17.204650534085253,15.264337522473747,14.317821063276353,13.892443989449804,12.806248474865697,11.40175425099138,9.433981132056603,10.0,10.0,10.0,9.219544457292887,8.48528137423857,7.810249675906654,7.211102550927978,7.211102550927978,8.602325267042627,9.219544457292887,8.602325267042627,8.602325267042627,7.211102550927978,7.211102550927978,7.211102550927978,8.602325267042627,8.06225774829855,0.0,0.0,0.0,0.0,0.0,0.0,0.0,0.0,0.0,0.0,0.0,8.94427190999916,9.848857801796104,10.295630140987,10.295630140987,11.661903789690601,12.206555615733702,13.038404810405298,13.038404810405298,13.601470508735444,13.601470508735444,13.601470508735444,13.601470508735444,12.806248474865697,13.45362404707371,15.556349186104045,15.556349186104045,14.142135623730951,14.142135623730951,15.556349186104045,17.029386365926403,17.029386365926403,17.69180601295413,17.69180601295413,17.69180601295413,18.439088914585774,19.1049731745428,0.0,-2.191045812777718,-2.191045812777718,-2.191045812777718,-2.1224513093234436,-2.0032041023654346,-2.0988707752212563,-2.2455372690184494,-2.2318394956455836,-2.129395642138459,-2.214297435588181,-2.214297435588181,-2.214297435588181,-2.279422598922567,-2.356194490192345,-2.44685437739309,-2.5535900500422257,-2.5535900500422257,-2.5213431676069717,-2.432966381462123,-2.5213431676069717,-2.5213431676069717,-2.5535900500422257,-2.5535900500422257,-2.5535900500422257,-2.5213431676069717,-2.62244653934327,0.0,0.0,0.0,0.0,0.0,0.0,0.0,0.0,0.0,0.0,0.0,-2.677945044588987,-2.723368324010564,-2.6344941491974563,-2.6344941491974563,-2.601173153319209,-2.5308666892005847,-2.5748634360662868,-2.5748634360662868,-2.5127963671743605,-2.5127963671743605,-2.5127963671743605,-2.5127963671743605,-2.4668517113662407,-2.408777551803287,-2.356194490192345,-2.356194490192345,-2.356194490192345,-2.356194490192345,-2.356194490192345,-2.2730532583039036,-2.2730532583039036,-2.316215803069055,-2.316215803069055,-2.316215803069055,-2.279422598922567,-2.3191743743184148
0.3626198470010422,router,ba:bd:de:13:68:55,-84,99.98263991419834,64,1.4429725573766814,19.27641529016369,0,0,-3,14,-3,14,-2,14,-2,13,-1,12,0,12,0,11,0,9,0,8,0,8,-1,9,-1,9,-1,7,1,6,2,7,2,8,2,7,1,6,2,5,4,6,4,7,3,8,2,8,2,8,2,7,1,7,0,0,0,0,0,0,0,0,0,0,0,0,0,0,0,0,0,0,0,0,0,0,0,9,0,10,1,11,2,9,2,9,1,12,0,12,-1,11,-1,11,-2,10,-1,11,-1,13,-2,13,-3,13,-3,13,-2,15,-1,17,0,17,-1,15,-1,15,-1,15,-1,14,-1,16,-2,17,-3,17,-2,17,0.0,14.317821063276353,14.317821063276353,14.142135623730951,13.152946437965905,12.041594578792296,12.0,11.0,9.0,8.0,8.0,9.055385138137417,9.055385138137417,7.0710678118654755,6.082762530298219,7.280109889280518,8.246211251235321,7.280109889280518,6.082762530298219,5.385164807134504,7.211102550927978,8.06225774829855,8.54400374531753,8.246211251235321,8.246211251235321,7.280109889280518,7.0710678118654755,0.0,0.0,0.0,0.0,0.0,0.0,0.0,0.0,0.0,0.0,0.0,9.0,10.0,11.045361017187261,9.219544457292887,9.219544457292887,12.041594578792296,12.0,11.045361017187261,11.045361017187261,10.198039027185569,11.045361017187261,13.038404810405298,13.152946437965905,13.341664064126334,13.341664064126334,15.132745950421556,17.029386365926403,17.0,15.033296378372908,15.033296378372908,15.033296378372908,14.035668847618199,16.0312195418814,17.11724276862369,17.26267650163207,17.11724276862369,0.0,1.7818896600176433,1.7818896600176433,1.7126933813990606,1.7234456551901618,1.6539375586833378,1.5707963267948966,1.5707963267948966,1.5707963267948966,1.5707963267948966,1.5707963267948966,1.6814535479687922,1.6814535479687922,1.7126933813990606,1.4056476493802699,1.2924966677897853,1.3258176636680326,1.2924966677897853,1.4056476493802699,1.1902899496825317,0.982793723247329,1.0516502125483738,1.2120256565243244,1.3258176636680326,1.3258176636680326,1.2924966677897853,1.4288992721907328,0.0,0.0,0.0,0.0,0.0,0.0,0.0,0.0,0.0,0.0,0.0,1.5707963267948966,1.5707963267948966,1.4801364395941514,1.3521273809209546,1.3521273809209546,1.4876550949064553,1.5707963267948966,1.6614562139956417,1.6614562139956417,1.7681918866447774,1.6614562139956417,1.6475682180646747,1.7234456551901618,1.7975951748487824,1.7975951748487824,1.7033478590915707,1.6295521495106193,1.5707963267948966,1.6373644905707205,1.6373644905707205,1.6373644905707205,1.642103791580187,1.633215136790854,1.687905071361761,1.7454685258031364,1.687905071361761
0.46574959700228646,router,ba:bd:de:13:68:55,-86,99.98263991419834,64,1.446061777712505,19.489201639707122,0,0,-11,8,-11,11,-11,11,-10,8,-8,7,-7,8,-7,6,-8,5,-7,5,-6,5,-6,6,-5,7,-4,7,-4,6,-3,5,-3,4,-2,5,-1,5,-1,5,-3,7,-2,8,-2,6,-3,5,-4,5,-4,5,-4,6,0,0,0,0,0,0,0,0,0,0,0,0,0,0,0,0,0,0,0,0,0,0,-2,7,-3,7,-3,8,-4,8,-4,9,-6,10,-6,10,-5,9,-5,10,-5,11,-6,10,-7,10,-7,11,-7,11,-6,11,-6,12,-7,13,-9,13,-9,13,-10,14,-10,15,-10,15,-10,13,-10,11,-11,12,-13,14,0.0,13.601470508735444,15.556349186104045,15.556349186104045,12.806248474865697,10.63014581273465,10.63014581273465,9.219544457292887,9.433981132056603,8.602325267042627,7.810249675906654,8.48528137423857,8.602325267042627,8.06225774829855,7.211102550927978,5.830951894845301,5.0,5.385164807134504,5.0990195135927845,5.0990195135927845,7.615773105863909,8.246211251235321,6.324555320336759,5.830951894845301,6.4031242374328485,6.4031242374328485,7.211102550927978,0.0,0.0,0.0,0.0,0.0,0.0,0.0,0.0,0.0,0.0,0.0,7.280109889280518,7.615773105863909,8.54400374531753,8.94427190999916,9.848857801796104,11.661903789690601,11.661903789690601,10.295630140987,11.180339887498949,12.083045973594572,11.661903789690601,12.206555615733702,13.038404810405298,13.038404810405298,12.529964086141668,13.416407864998739,14.7648230602334,15.811388300841896,15.811388300841896,17.204650534085253,18.027756377319946,18.027756377319946,16.401219466856727,14.866068747318506,16.278820596099706,19.1049731745428,0.0,2.5127963671743605,2.356194490192345,2.356194490192345,2.4668517113662407,2.4227626539681686,2.289626326416521,2.432966381462123,2.5829933382462307,2.5213431676069717,2.44685437739309,2.356194490192345,2.191045812777718,2.0899424410414196,2.158798930342464,2.1112158270654806,2.214297435588181,1.9513027039072615,1.7681918866447774,1.7681918866447774,1.97568811307998,1.8157749899217608,1.892546881191539,2.1112158270654806,2.2455372690184494,2.2455372690184494,2.158798930342464,0.0,0.0,0.0,0.0,0.0,0.0,0.0,0.0,0.0,0.0,0.0,1.849095985800008,1.97568811307998,1.9295669970654687,2.0344439357957027,1.9890206563741257,2.1112158270654806,2.1112158270654806,2.0778948311872334,2.0344439357957027,1.9974238199217726,2.1112158270654806,2.1815222911841055,2.137525544318403,2.137525544318403,2.0701430484750265,2.0344439357957027,2.0647376957144776,2.1763409903998667,2.1763409903998667,2.191045812777718,2.158798930342464,2.158798930342464,2.2264919530364327,2.3086113869153615,2.312743594800814,2.3191743743184148
0.585571367002558,router,ba:bd:de:13:68:55,-86,99.98263991419834,64,1.4491114709269213,19.708111296945056,0,0,-18,-2,-18,-4,-17,-3,-16,-3,-16,-2,-14,-3,-12,-4,-12,-2,-11,0,-10,0,-9,-1,-8,1,-9,3,-8,4,-7,3,-7,3,-8,4,-9,4,-9,4,-8,5,-10,5,-11,5,-10,4,-10,3,-10,1,-11,0,0,0,0,0,0,0,0,0,0,0,0,0,0,0,0,0,0,0,0,0,0,0,-10,-1,-10,-1,-11,-1,-10,-1,-11,-1,-12,-1,-12,-1,-13,-3,-13,-4,-13,-4,-13,-3,-14,-2,-15,-2,-15,-2,-16,-3,-16,-3,-15,-2,-16,-2,-17,-3,-19,-4,-19,-5,-19,-4,-20,-3,-19,-2,-18,-2,-18,-1,0.0,18.110770276274835,18.439088914585774,17.26267650163207,16.278820596099706,16.1245154965971,14.317821063276353,12.649110640673518,12.165525060596439,11.0,10.0,9.055385138137417,8.06225774829855,9.486832980505138,8.94427190999916,7.615773105863909,7.615773105863909,8.94427190999916,9.848857801796104,9.848857801796104,9.433981132056603,11.180339887498949,12.083045973594572,10.770329614269007,10.44030650891055,10.04987562112089,11.0,0.0,0.0,0.0,0.0,0.0,0.0,0.0,0.0,0.0,0.0,0.0,10.04987562112089,10.04987562112089,11.045361017187261,10.04987562112089,11.045361017187261,12.041594578792296,12.041594578792296,13.341664064126334,13.601470508735444,13.601470508735444,13.341664064126334,14.142135623730951,15.132745950421556,15.132745950421556,16.278820596099706,16.278820596099706,15.132745950421556,16.1245154965971,17.26267650163207,19.4164878389476,19.6468827043885,19.4164878389476,20.223748416156685,19.1049731745428,18.110770276274835,18.027756377319946,0.0,-3.0309354324158977,-2.922923707715851,-2.9669204545815537,-2.9562447035940984,-3.017237659043032,-2.930499320367047,-2.819842099193151,-2.976443976175166,3.141592653589793,3.141592653589793,-3.0309354324158977,3.017237659043032,2.819842099193151,2.677945044588987,2.7367008673047097,2.7367008673047097,2.677945044588987,2.723368324010564,2.723368324010564,2.5829933382462307,2.677945044588987,2.714965160462917,2.761086276477428,2.8501358591119264,3.0419240010986313,3.141592653589793,0.0,0.0,0.0,0.0,0.0,0.0,0.0,0.0,0.0,0.0,0.0,-3.0419240010986313,-3.0419240010986313,-3.050932766389048,-3.0419240010986313,-3.050932766389048,-3.058451421701352,-3.058451421701352,-2.9147938055359073,-2.843093722003614,-2.843093722003614,-2.9147938055359073,-2.999695598985629,-3.0090411212931194,-3.0090411212931194,-2.9562447035940984,-2.9562447035940984,-3.0090411212931194,-3.017237659043032,-2.9669204545815537,-2.9340964271545906,-2.8842689386187046,-2.9340964271545906,-2.992702705980296,-3.036715714859559,-3.0309354324158977,-3.0860941483440762
0.692311824997887,router,ba:bd:de:13:68:55,-85,98.95744493406573,64,1.452516013924663,19.923925603703964,0,0,17,0,15,0,13,0,13,-1,12,-1,11,-1,10,0,10,0,10,-1,9,-2,9,-3,9,-3,8,-2,7,-3,6,-4,7,-6,7,-6,7,-4,7,-3,7,-4,8,-5,9,-4,7,-3,6,-3,7,-3,9,-2,0,0,0,0,0,0,0,0,0,0,0,0,0,0,0,0,0,0,0,0,0,0,7,2,7,0,7,0,8,1,8,1,8,0,10,1,11,1,11,0,10,1,11,2,12,2,13,2,13,1,14,1,13,1,13,2,15,2,14,1,13,3,15,3,16,3,16,2,16,2,18,3,19,5,0.0,17.0,15.0,13.0,13.038404810405298,12.041594578792296,11.045361017187261,10.0,10.0,10.04987562112089,9.219544457292887,9.486832980505138,9.486832980505138,8.246211251235321,7.615773105863909,7.211102550927978,9.219544457292887,9.219544457292887,8.06225774829855,7.615773105863909,8.06225774829855,9.433981132056603,9.848857801796104,7.615773105863909,6.708203932499369,7.615773105863909,9.219544457292887,0.0,0.0,0.0,0.0,0.0,0.0,0.0,0.0,0.0,0.0,0.0,7.280109889280518,7.0,7.0,8.06225774829855,8.06225774829855,8.0,10.04987562112089,11.045361017187261,11.0,10.04987562112089,11.180339887498949,12.165525060596439,13.152946437965905,13.038404810405298,14.035668847618199,13.038404810405298,13.152946437965905,15.132745950421556,14.035668847618199,13.341664064126334,15.297058540778355,16.278820596099706,16.1245154965971,16.1245154965971,18.24828759089466,19.6468827043885,0.0,0.0,0.0,0.0,-0.07677189126977804,-0.08314123188844123,-0.09065988720074511,0.0,0.0,-0.09966865249116202,-0.21866894587394195,-0.3217505543966422,-0.3217505543966422,-0.24497866312686414,-0.40489178628508343,-0.5880026035475675,-0.7086262721276703,-0.7086262721276703,-0.5191461142465229,-0.40489178628508343,-0.5191461142465229,-0.5585993153435624,-0.4182243295792291,-0.40489178628508343,-0.4636476090008061,-0.40489178628508343,-0.21866894587394195,0.0,0.0,0.0,0.0,0.0,0.0,0.0,0.0,0.0,0.0,0.0,0.27829965900511133,0.0,0.0,0.12435499454676144,0.12435499454676144,0.0,0.09966865249116202,0.09065988720074511,0.0,0.09966865249116202,0.17985349979247828,0.16514867741462683,0.15264932839526515,0.07677189126977804,0.07130746478529032,0.07677189126977804,0.15264932839526515,0.13255153229667402,0.07130746478529032,0.22679884805388587,0.19739555984988075,0.18534794999569476,0.12435499454676144,0.12435499454676144,0.16514867741462683,0.25732371497108864
0.7932832849983242,router,ba:bd:de:13:68:55,-86,98.95744493406573,64,1.4544574520797224,20.138128825246593,0,0,-8,-16,-7,-16,-7,-16,-7,-14,-6,-13,-5,-12,-6,-11,-7,-10,-7,-10,-6,-9,-6,-8,-8,-7,-9,-6,-7,-6,-7,-7,-7,-7,-6,-7,-5,-8,-6,-8,-7,-7,-6,-6,-5,-7,-6,-8,-6,-9,-4,-9,-5,-7,0,0,0,0,0,0,0,0,0,0,0,0,0,0,0,0,0,0,0,0,0,0,-6,-6,-7,-6,-8,-6,-8,-7,-8,-7,-8,-8,-6,-9,-5,-9,-4,-10,-5,-11,-6,-10,-6,-10,-6,-10,-7,-12,-7,-13,-8,-12,-8,-12,-8,-13,-9,-14,-9,-14,-8,-15,-8,-15,-8,-16,-8,-17,-8,-16,-8,-15,0.0,17.88854381999832,17.46424919657298,17.46424919657298,15.652475842498529,14.317821063276353,13.0,12.529964086141668,12.206555615733702,12.206555615733702,10.816653826391969,10.0,10.63014581273465,10.816653826391969,9.219544457292887,9.899494936611665,9.899494936611665,9.219544457292887,9.433981132056603,10.0,9.899494936611665,8.48528137423857,8.602325267042627,10.0,10.816653826391969,9.848857801796104,8.602325267042627,0.0,0.0,0.0,0.0,0.0,0.0,0.0,0.0,0.0,0.0,0.0,8.48528137423857,9.219544457292887,10.0,10.63014581273465,10.63014581273465,11.313708498984761,10.816653826391969,10.295630140987,10.770329614269007,12.083045973594572,11.661903789690601,11.661903789690601,11.661903789690601,13.892443989449804,14.7648230602334,14.422205101855956,14.422205101855956,15.264337522473747,16.64331697709324,16.64331697709324,17.0,17.0,17.88854381999832,18.788294228055936,17.88854381999832,17.0,0.0,-2.0344439357957027,-1.9832067683922838,-1.9832067683922838,-2.0344439357957027,-2.0032041023654346,-1.965587446494658,-2.0701430484750265,-2.1815222911841055,-2.1815222911841055,-2.158798930342464,-2.214297435588181,-2.4227626539681686,-2.5535900500422257,-2.432966381462123,-2.356194490192345,-2.356194490192345,-2.279422598922567,-2.129395642138459,-2.214297435588181,-2.356194490192345,-2.356194490192345,-2.191045812777718,-2.214297435588181,-2.158798930342464,-1.9890206563741257,-2.191045812777718,0.0,0.0,0.0,0.0,0.0,0.0,0.0,0.0,0.0,0.0,0.0,-2.356194490192345,-2.432966381462123,-2.498091544796509,-2.4227626539681686,-2.4227626539681686,-2.356194490192345,-2.158798930342464,-2.0778948311872334,-1.9513027039072615,-1.9974238199217726,-2.1112158270654806,-2.1112158270654806,-2.1112158270654806,-2.0988707752212563,-2.0647376957144776,-2.158798930342464,-2.158798930342464,-2.1224513093234436,-2.1421338066285234,-2.1421338066285234,-2.060753653048625,-2.060753653048625,-2.0344439357957027,-2.0106389096106327,-2.0344439357957027,-2.060753653048625
0.8934764590012492,router,ba:bd:de:13:68:55,-85,98.95744493406573,64,1.4566880694297435,20.35530273656181,0,0,-16,12,-15,11,-14,11,-13,11,-13,9,-12,9,-10,8,-10,8,-9,9,-8,9,-7,9,-7,9,-7,8,-6,8,-5,9,-5,9,-5,8,-5,8,-5,8,-6,8,-6,8,-5,9,-5,9,-5,10,-4,9,-4,6,0,0,0,0,0,0,0,0,0,0,0,0,0,0,0,0,0,0,0,0,0,0,-9,5,-8,5,-6,5,-6,5,-8,6,-9,6,-9,5,-8,4,-10,5,-11,8,-11,9,-11,7,-11,6,-11,7,-12,9,-14,10,-13,9,-13,9,-14,10,-14,11,-15,11,-16,10,-16,10,-17,10,-18,11,-19,11,0.0,20.0,18.601075237738275,17.804493814764857,17.029386365926403,15.811388300841896,15.0,12.806248474865697,12.806248474865697,12.727922061357855,12.041594578792296,11.40175425099138,11.40175425099138,10.63014581273465,10.0,10.295630140987,10.295630140987,9.433981132056603,9.433981132056603,9.433981132056603,10.0,10.0,10.295630140987,10.295630140987,11.180339887498949,9.848857801796104,7.211102550927978,0.0,0.0,0.0,0.0,0.0,0.0,0.0,0.0,0.0,0.0,0.0,10.295630140987,9.433981132056603,7.810249675906654,7.810249675906654,10.0,10.816653826391969,10.295630140987,8.94427190999916,11.180339887498949,13.601470508735444,14.212670403551895,13.038404810405298,12.529964086141668,13.038404810405298,15.0,17.204650534085253,15.811388300841896,15.811388300841896,17.204650534085253,17.804493814764857,18.601075237738275,18.867962264113206,18.867962264113206,19.72308292331602,21.095023109728988,21.95449840010015,0.0,2.498091544796509,2.5088438185876103,2.4756234162106834,2.439335722080786,2.5360479899848234,2.498091544796509,2.4668517113662407,2.4668517113662407,2.356194490192345,2.297438667476622,2.2318394956455836,2.2318394956455836,2.289626326416521,2.214297435588181,2.0778948311872334,2.0778948311872334,2.129395642138459,2.129395642138459,2.129395642138459,2.214297435588181,2.214297435588181,2.0778948311872334,2.0778948311872334,2.0344439357957027,1.9890206563741257,2.158798930342464,0.0,0.0,0.0,0.0,0.0,0.0,0.0,0.0,0.0,0.0,0.0,2.6344941491974563,2.5829933382462307,2.44685437739309,2.44685437739309,2.498091544796509,2.5535900500422257,2.6344941491974563,2.677945044588987,2.677945044588987,2.5127963671743605,2.455863142683507,2.5748634360662868,2.642245931909663,2.5748634360662868,2.498091544796509,2.5213431676069717,2.5360479899848234,2.5360479899848234,2.5213431676069717,2.4756234162106834,2.5088438185876103,2.5829933382462307,2.5829933382462307,2.609868586330988,2.593043251139265,2.616796881939686
1.0034023810003418,router,ba:bd:de:13:68:55,-85,98.95744493406573,64,1.459727970946554,20.568835710123704,0,0,11,-14,11,-13,10,-13,11,-12,12,-12,11,-10,10,-9,8,-10,7,-10,6,-10,5,-8,6,-9,5,-10,4,-10,4,-9,4,-8,5,-8,5,-9,5,-10,4,-10,4,-8,5,-8,4,-7,4,-8,4,-9,2,-8,0,0,0,0,0,0,0,0,0,0,0,0,0,0,0,0,0,0,0,0,0,0,0,-10,1,-9,1,-9,0,-11,1,-12,3,-11,5,-11,6,-13,4,-14,3,-15,4,-15,6,-14,6,-15,5,-16,7,-16,9,-15,10,-15,9,-14,8,-15,9,-15,10,-15,12,-18,12,-19,11,-17,10,-17,10,-17,0.0,17.804493814764857,17.029386365926403,16.401219466856727,16.278820596099706,16.97056274847714,14.866068747318506,13.45362404707371,12.806248474865697,12.206555615733702,11.661903789690601,9.433981132056603,10.816653826391969,11.180339887498949,10.770329614269007,9.848857801796104,8.94427190999916,9.433981132056603,10.295630140987,11.180339887498949,10.770329614269007,8.94427190999916,9.433981132056603,8.06225774829855,8.94427190999916,9.848857801796104,8.246211251235321,0.0,0.0,0.0,0.0,0.0,0.0,0.0,0.0,0.0,0.0,0.0,10.0,9.055385138137417,9.055385138137417,11.0,12.041594578792296,11.40175425099138,12.083045973594572,14.317821063276353,14.560219778561036,15.297058540778355,15.524174696260024,15.231546211727817,16.15549442140351,16.76305461424021,17.46424919657298,17.4928556845359,18.027756377319946,16.64331697709324,17.0,17.4928556845359,18.027756377319946,21.633307652783937,22.47220505424423,20.248456731316587,19.72308292331602,19.72308292331602,0.0,-0.9048270894157867,-0.8685393952858895,-0.9151007005533605,-0.8288490587889792,-0.7853981633974483,-0.7378150601204649,-0.7328151017865066,-0.8960553845713439,-0.960070362405688,-1.0303768265243125,-1.0121970114513341,-0.982793723247329,-1.1071487177940904,-1.1902899496825317,-1.1525719972156676,-1.1071487177940904,-1.0121970114513341,-1.0636978224025597,-1.1071487177940904,-1.1902899496825317,-1.1071487177940904,-1.0121970114513341,-1.0516502125483738,-1.1071487177940904,-1.1525719972156676,-1.3258176636680326,0.0,0.0,0.0,0.0,0.0,0.0,0.0,0.0,0.0,0.0,0.0,-1.5707963267948966,-1.460139105621001,-1.460139105621001,-1.5707963267948966,-1.4876550949064553,-1.3045442776439713,-1.1441688336680205,-1.1383885512243588,-1.2924966677897853,-1.373400766945016,-1.3101939350475555,-1.1659045405098132,-1.1902899496825317,-1.2679114584199251,-1.1583858851975093,-1.0303768265243125,-0.982793723247329,-0.9994588469612699,-1.0808390005411683,-1.0303768265243125,-0.982793723247329,-0.982793723247329,-1.0074800653029286,-0.9964914966201949,-1.039072259536091,-1.039072259536091
1.104921677004313,router,ba:bd:de:13:68:55,-84,98.95744493406573,64,1.46316321068218,20.778996623009924,0,0,-6,-19,-5,-19,-4,-18,-4,-16,-4,-15,-4,-14,-4,-14,-4,-14,-4,-13,-4,-12,-5,-11,-6,-10,-6,-8,-6,-8,-6,-9,-5,-9,-5,-7,-6,-6,-7,-7,-7,-7,-6,-7,-4,-7,-5,-7,-7,-7,-7,-7,-4,-7,0,0,0,0,0,0,0,0,0,0,0,0,0,0,0,0,0,0,0,0,0,0,-3,-9,-4,-10,-3,-10,-3,-10,-3,-11,-4,-11,-3,-13,-3,-14,-3,-13,-4,-13,-3,-14,-4,-14,-5,-15,-5,-15,-4,-16,-4,-16,-4,-16,-4,-17,-5,-17,-5,-18,-5,-18,-5,-17,-6,-18,-6,-19,-6,-19,-6,-20,0.0,19.924858845171276,19.6468827043885,18.439088914585774,16.492422502470642,15.524174696260024,14.560219778561036,14.560219778561036,14.560219778561036,13.601470508735444,12.649110640673518,12.083045973594572,11.661903789690601,10.0,10.0,10.816653826391969,10.295630140987,8.602325267042627,8.48528137423857,9.899494936611665,9.899494936611665,9.219544457292887,8.06225774829855,8.602325267042627,9.899494936611665,9.899494936611665,8.06225774829855,0.0,0.0,0.0,0.0,0.0,0.0,0.0,0.0,0.0,0.0,0.0,9.486832980505138,10.770329614269007,10.44030650891055,10.44030650891055,11.40175425099138,11.704699910719626,13.341664064126334,14.317821063276353,13.341664064126334,13.601470508735444,14.317821063276353,14.560219778561036,15.811388300841896,15.811388300841896,16.492422502470642,16.492422502470642,16.492422502470642,17.46424919657298,17.72004514666935,18.681541692269406,18.681541692269406,17.72004514666935,18.973665961010276,19.924858845171276,19.924858845171276,20.8806130178211,0.0,-1.8766751981997487,-1.8281200417659853,-1.7894652726688385,-1.8157749899217608,-1.8313987185422376,-1.849095985800008,-1.849095985800008,-1.849095985800008,-1.8692952583810758,-1.892546881191539,-1.9974238199217726,-2.1112158270654806,-2.214297435588181,-2.214297435588181,-2.158798930342464,-2.0778948311872334,-2.191045812777718,-2.356194490192345,-2.356194490192345,-2.356194490192345,-2.279422598922567,-2.0899424410414196,-2.191045812777718,-2.356194490192345,-2.356194490192345,-2.0899424410414196,0.0,0.0,0.0,0.0,0.0,0.0,0.0,0.0,0.0,0.0,0.0,-1.892546881191539,-1.9513027039072615,-1.8622531212727638,-1.8622531212727638,-1.837048375945822,-1.9195673303788037,-1.7975951748487824,-1.7818896600176433,-1.7975951748487824,-1.8692952583810758,-1.7818896600176433,-1.849095985800008,-1.892546881191539,-1.892546881191539,-1.8157749899217608,-1.8157749899217608,-1.8157749899217608,-1.8018869939907938,-1.856847768512215,-1.8417431771333173,-1.8417431771333173,-1.856847768512215,-1.892546881191539,-1.8766751981997487,-1.8766751981997487,-1.8622531212727638
1.2133741619982175,router,ba:bd:de:13:68:55,-84,98.95744493406573,64,1.4661014592771475,20.980953633639864,0,0,0,-18,0,-17,-1,-16,-1,-15,0,-15,0,-14,0,-12,-1,-12,-1,-12,-1,-13,-2,-12,-3,-11,-3,-9,-3,-8,-2,-8,-2,-9,-2,-9,-3,-8,-3,-7,-2,-6,-1,-6,-2,-7,-2,-6,-2,-6,-2,-6,-1,-5,0,0,0,0,0,0,0,0,0,0,0,0,0,0,0,0,0,0,0,0,0,0,-3,-10,-2,-9,-2,-10,-2,-11,-1,-13,0,-13,-1,-12,-2,-11,-2,-13,-3,-14,-3,-13,-3,-12,-5,-14,-4,-14,-2,-15,-1,-16,-1,-17,-1,-17,-1,-17,-1,-16,-1,-16,-2,-18,-3,-19,-3,-18,-2,-19,-1,-20,0.0,18.0,17.0,16.0312195418814,15.033296378372908,15.0,14.0,12.0,12.041594578792296,12.041594578792296,13.038404810405298,12.165525060596439,11.40175425099138,9.486832980505138,8.54400374531753,8.246211251235321,9.219544457292887,9.219544457292887,8.54400374531753,7.615773105863909,6.324555320336759,6.082762530298219,7.280109889280518,6.324555320336759,6.324555320336759,6.324555320336759,5.0990195135927845,0.0,0.0,0.0,0.0,0.0,0.0,0.0,0.0,0.0,0.0,0.0,10.44030650891055,9.219544457292887,10.198039027185569,11.180339887498949,13.038404810405298,13.0,12.041594578792296,11.180339887498949,13.152946437965905,14.317821063276353,13.341664064126334,12.36931687685298,14.866068747318506,14.560219778561036,15.132745950421556,16.0312195418814,17.029386365926403,17.029386365926403,17.029386365926403,16.0312195418814,16.0312195418814,18.110770276274835,19.235384061671343,18.24828759089466,19.1049731745428,20.024984394500787,0.0,-1.5707963267948966,-1.5707963267948966,-1.633215136790854,-1.6373644905707205,-1.5707963267948966,-1.5707963267948966,-1.5707963267948966,-1.6539375586833378,-1.6539375586833378,-1.6475682180646747,-1.7359450042095235,-1.837048375945822,-1.892546881191539,-1.9295669970654687,-1.8157749899217608,-1.7894652726688385,-1.7894652726688385,-1.9295669970654687,-1.97568811307998,-1.892546881191539,-1.7359450042095235,-1.849095985800008,-1.892546881191539,-1.892546881191539,-1.892546881191539,-1.7681918866447774,0.0,0.0,0.0,0.0,0.0,0.0,0.0,0.0,0.0,0.0,0.0,-1.8622531212727638,-1.7894652726688385,-1.7681918866447774,-1.750649826587375,-1.6475682180646747,-1.5707963267948966,-1.6539375586833378,-1.750649826587375,-1.7234456551901618,-1.7818896600176433,-1.7975951748487824,-1.8157749899217608,-1.9138202672156,-1.849095985800008,-1.7033478590915707,-1.633215136790854,-1.6295521495106193,-1.6295521495106193,-1.6295521495106193,-1.633215136790854,-1.633215136790854,-1.6814535479687922,-1.727398203776912,-1.7359450042095235,-1.6756732655251305,-1.6207547225168393
1.3237815190004767,router,ba:bd:de:13:68:55,-85,98.95744493406573,64,1.4694742680874784,21.18115628455303,0,0,18,1,18,1,17,1,15,1,13,0,13,-1,11,-1,9,-1,9,-2,9,-1,10,-1,8,-2,7,-4,7,-3,6,-4,7,-4,7,-4,7,-4,7,-4,6,-4,5,-5,5,-5,6,-4,6,-3,7,-3,8,-3,0,0,0,0,0,0,0,0,0,0,0,0,0,0,0,0,0,0,0,0,0,0,6,-2,7,-1,9,-1,8,-1,9,-1,11,0,12,1,12,1,13,0,14,1,14,0,13,0,14,2,15,2,16,1,16,1,15,0,16,0,17,0,17,2,17,1,19,0,20,0,20,1,20,1,20,1,0.0,18.027756377319946,18.027756377319946,17.029386365926403,15.033296378372908,13.0,13.038404810405298,11.045361017187261,9.055385138137417,9.219544457292887,9.055385138137417,10.04987562112089,8.246211251235321,8.06225774829855,7.615773105863909,7.211102550927978,8.06225774829855,8.06225774829855,8.06225774829855,8.06225774829855,7.211102550927978,7.0710678118654755,7.0710678118654755,7.211102550927978,6.708203932499369,7.615773105863909,8.54400374531753,0.0,0.0,0.0,0.0,0.0,0.0,0.0,0.0,0.0,0.0,0.0,6.324555320336759,7.0710678118654755,9.055385138137417,8.06225774829855,9.055385138137417,11.0,12.041594578792296,12.041594578792296,13.0,14.035668847618199,14.0,13.0,14.142135623730951,15.132745950421556,16.0312195418814,16.0312195418814,15.0,16.0,17.0,17.11724276862369,17.029386365926403,19.0,20.0,20.024984394500787,20.024984394500787,20.024984394500787,0.0,0.05549850524571683,0.05549850524571683,0.058755822715722696,0.06656816377582381,0.0,-0.07677189126977804,-0.09065988720074511,-0.11065722117389565,-0.21866894587394195,-0.11065722117389565,-0.09966865249116202,-0.24497866312686414,-0.5191461142465229,-0.40489178628508343,-0.5880026035475675,-0.5191461142465229,-0.5191461142465229,-0.5191461142465229,-0.5191461142465229,-0.5880026035475675,-0.7853981633974483,-0.7853981633974483,-0.5880026035475675,-0.4636476090008061,-0.40489178628508343,-0.35877067027057225,0.0,0.0,0.0,0.0,0.0,0.0,0.0,0.0,0.0,0.0,0.0,-0.3217505543966422,-0.14189705460416394,-0.11065722117389565,-0.12435499454676144,-0.11065722117389565,0.0,0.08314123188844123,0.08314123188844123,0.0,0.07130746478529032,0.0,0.0,0.14189705460416394,0.13255153229667402,0.06241880999595735,0.06241880999595735,0.0,0.0,0.0,0.11710874456686428,0.058755822715722696,0.0,0.0,0.04995839572194276,0.04995839572194276,0.04995839572194276
1.43374426200171,router,ba:bd:de:13:68:55,-85,98.95744493406573,64,1.4739785695971175,21.37920371321347,0,0,9,14,8,14,8,13,8,12,7,11,6,9,6,10,6,10,5,9,5,8,5,6,5,6,6,6,7,5,7,5,6,5,6,4,5,3,5,4,5,4,5,4,6,3,5,3,4,3,4,4,5,3,0,0,0,0,0,0,0,0,0,0,0,0,0,0,0,0,0,0,0,0,0,0,7,4,5,4,5,5,6,7,7,8,7,8,7,8,7,9,7,9,7,10,9,9,9,7,6,7,5,7,9,9,10,10,9,10,10,11,11,13,11,14,11,14,11,14,12,13,12,13,11,13,11,13,0.0,16.64331697709324,16.1245154965971,15.264337522473747,14.422205101855956,13.038404810405298,10.816653826391969,11.661903789690601,11.661903789690601,10.295630140987,9.433981132056603,7.810249675906654,7.810249675906654,8.48528137423857,8.602325267042627,8.602325267042627,7.810249675906654,7.211102550927978,5.830951894845301,6.4031242374328485,6.4031242374328485,6.4031242374328485,6.708203932499369,5.830951894845301,5.0,5.656854249492381,5.830951894845301,0.0,0.0,0.0,0.0,0.0,0.0,0.0,0.0,0.0,0.0,0.0,8.06225774829855,6.4031242374328485,7.0710678118654755,9.219544457292887,10.63014581273465,10.63014581273465,10.63014581273465,11.40175425099138,11.40175425099138,12.206555615733702,12.727922061357855,11.40175425099138,9.219544457292887,8.602325267042627,12.727922061357855,14.142135623730951,13.45362404707371,14.866068747318506,17.029386365926403,17.804493814764857,17.804493814764857,17.804493814764857,17.69180601295413,17.69180601295413,17.029386365926403,17.029386365926403,0.0,0.9994588469612699,1.0516502125483738,1.0191413442663497,0.982793723247329,1.0040671092713902,0.982793723247329,1.0303768265243125,1.0303768265243125,1.0636978224025597,1.0121970114513341,0.8760580505981934,0.8760580505981934,0.7853981633974483,0.6202494859828215,0.6202494859828215,0.6947382761967031,0.5880026035475675,0.5404195002705842,0.6747409422235526,0.6747409422235526,0.6747409422235526,0.4636476090008061,0.5404195002705842,0.6435011087932844,0.7853981633974483,0.5404195002705842,0.0,0.0,0.0,0.0,0.0,0.0,0.0,0.0,0.0,0.0,0.0,0.5191461142465229,0.6747409422235526,0.7853981633974483,0.8621700546672264,0.8519663271732721,0.8519663271732721,0.8519663271732721,0.9097531579442097,0.9097531579442097,0.960070362405688,0.7853981633974483,0.6610431688506869,0.8621700546672264,0.9505468408120752,0.7853981633974483,0.7853981633974483,0.83798122500839,0.8329812666744317,0.8685393952858895,0.9048270894157867,0.9048270894157867,0.9048270894157867,0.8253768505207384,0.8253768505207384,0.8685393952858895,0.8685393952858895
1.5372337170047103,router,ba:bd:de:13:68:55,-85,98.95744493406573,64,1.4777169817120617,21.559350425624682,0,0,16,-9,17,-9,16,-9,14,-9,13,-9,11,-8,9,-8,9,-9,8,-9,8,-10,8,-10,7,-9,5,-9,4,-10,4,-10,5,-10,4,-10,3,-11,3,-12,4,-12,4,-10,4,-9,3,-10,4,-10,6,-9,6,-6,0,0,0,0,0,0,0,0,0,0,0,0,0,0,0,0,0,0,0,0,0,0,5,-6,6,-6,10,-7,10,-6,8,-5,10,-4,11,-5,12,-5,12,-5,12,-6,12,-8,11,-6,12,-4,13,-6,12,-9,11,-7,12,-6,13,-8,13,-10,14,-9,16,-7,17,-7,17,-9,17,-10,17,-9,17,-7,0.0,18.35755975068582,19.235384061671343,18.35755975068582,16.64331697709324,15.811388300841896,13.601470508735444,12.041594578792296,12.727922061357855,12.041594578792296,12.806248474865697,12.806248474865697,11.40175425099138,10.295630140987,10.770329614269007,10.770329614269007,11.180339887498949,10.770329614269007,11.40175425099138,12.36931687685298,12.649110640673518,10.770329614269007,9.848857801796104,10.44030650891055,10.770329614269007,10.816653826391969,8.48528137423857,0.0,0.0,0.0,0.0,0.0,0.0,0.0,0.0,0.0,0.0,0.0,7.810249675906654,8.48528137423857,12.206555615733702,11.661903789690601,9.433981132056603,10.770329614269007,12.083045973594572,13.0,13.0,13.416407864998739,14.422205101855956,12.529964086141668,12.649110640673518,14.317821063276353,15.0,13.038404810405298,13.416407864998739,15.264337522473747,16.401219466856727,16.64331697709324,17.46424919657298,18.384776310850235,19.235384061671343,19.72308292331602,19.235384061671343,18.384776310850235,0.0,-0.5123894603107377,-0.48689923181126904,-0.5123894603107377,-0.5713374798336268,-0.6055446636049701,-0.628796286415433,-0.7266423406817256,-0.7853981633974483,-0.844153986113171,-0.8960553845713439,-0.8960553845713439,-0.9097531579442097,-1.0636978224025597,-1.1902899496825317,-1.1902899496825317,-1.1071487177940904,-1.1902899496825317,-1.3045442776439713,-1.3258176636680326,-1.2490457723982544,-1.1902899496825317,-1.1525719972156676,-1.2793395323170296,-1.1902899496825317,-0.982793723247329,-0.7853981633974483,0.0,0.0,0.0,0.0,0.0,0.0,0.0,0.0,0.0,0.0,0.0,-0.8760580505981934,-0.7853981633974483,-0.6107259643892086,-0.5404195002705842,-0.5585993153435624,-0.3805063771123649,-0.4266274931268761,-0.3947911196997615,-0.3947911196997615,-0.4636476090008061,-0.5880026035475675,-0.4993467216801301,-0.3217505543966422,-0.43240777557053783,-0.6435011087932844,-0.5667292175235064,-0.4636476090008061,-0.5516549825285468,-0.6556956262415362,-0.5713374798336268,-0.4124104415973873,-0.3906070436976868,-0.48689923181126904,-0.5317240672588056,-0.48689923181126904,-0.3906070436976868
1.6459705290035345,router,ba:bd:de:13:68:55,-84,98.95744493406573,64,1.4789327199659297,21.712457826518285,0,0,-17,-1,-16,-1,-15,0,-14,0,-14,-1,-14,-1,-13,0,-12,1,-12,1,-11,1,-9,1,-8,0,-9,1,-9,2,-8,2,-8,3,-8,4,-9,3,-9,1,-9,1,-9,3,-9,4,-8,2,-8,2,-8,2,-10,1,0,0,0,0,0,0,0,0,0,0,0,0,0,0,0,0,0,0,0,0,0,0,-9,0,-9,-1,-10,-1,-11,-1,-11,-1,-11,-1,-11,-1,-11,-1,-11,-1,-12,-1,-13,-1,-14,0,-15,1,-14,2,-14,1,-13,-1,-14,-1,-15,-1,-15,-2,-15,-2,-17,0,-18,0,-16,-1,-16,-1,-17,-2,-17,-3,0.0,17.029386365926403,16.0312195418814,15.0,14.0,14.035668847618199,14.035668847618199,13.0,12.041594578792296,12.041594578792296,11.045361017187261,9.055385138137417,8.0,9.055385138137417,9.219544457292887,8.246211251235321,8.54400374531753,8.94427190999916,9.486832980505138,9.055385138137417,9.055385138137417,9.486832980505138,9.848857801796104,8.246211251235321,8.246211251235321,8.246211251235321,10.04987562112089,0.0,0.0,0.0,0.0,0.0,0.0,0.0,0.0,0.0,0.0,0.0,9.0,9.055385138137417,10.04987562112089,11.045361017187261,11.045361017187261,11.045361017187261,11.045361017187261,11.045361017187261,11.045361017187261,12.041594578792296,13.038404810405298,14.0,15.033296378372908,14.142135623730951,14.035668847618199,13.038404810405298,14.035668847618199,15.033296378372908,15.132745950421556,15.132745950421556,17.0,18.0,16.0312195418814,16.0312195418814,17.11724276862369,17.26267650163207,0.0,-3.0828368308740703,-3.079173843593836,3.141592653589793,3.141592653589793,-3.070285188804503,-3.070285188804503,3.141592653589793,3.058451421701352,3.058451421701352,3.050932766389048,3.0309354324158977,3.141592653589793,3.0309354324158977,2.922923707715851,2.896613990462929,2.782821983319221,2.677945044588987,2.819842099193151,3.0309354324158977,3.0309354324158977,2.819842099193151,2.723368324010564,2.896613990462929,2.896613990462929,2.896613990462929,3.0419240010986313,0.0,0.0,0.0,0.0,0.0,0.0,0.0,0.0,0.0,0.0,0.0,3.141592653589793,-3.0309354324158977,-3.0419240010986313,-3.050932766389048,-3.050932766389048,-3.050932766389048,-3.050932766389048,-3.050932766389048,-3.050932766389048,-3.058451421701352,-3.064820762320015,3.141592653589793,3.0750244898139694,2.999695598985629,3.070285188804503,-3.064820762320015,-3.070285188804503,-3.0750244898139694,-3.0090411212931194,-3.0090411212931194,3.141592653589793,3.141592653589793,-3.079173843593836,-3.079173843593836,-3.024483909022929,-2.9669204545815537
1.7535853779991157,router,ba:bd:de:13:68:55,-85,97.98748778231379,64,1.4806013098141633,21.844315372031524,0,0,14,6,13,6,13,6,12,6,11,6,11,6,11,5,11,4,10,4,10,3,10,2,9,2,9,2,9,2,7,0,6,1,7,2,7,1,7,1,7,1,8,0,7,-1,6,1,6,1,6,0,6,-1,0,0,0,0,0,0,0,0,0,0,0,0,0,0,0,0,0,0,0,0,0,0,7,0,8,2,9,4,9,3,8,2,8,3,7,5,8,6,10,6,11,5,12,4,14,5,13,7,11,9,12,7,12,5,12,5,12,6,13,6,15,6,16,6,14,6,14,8,14,10,14,10,14,9,0.0,15.231546211727817,14.317821063276353,14.317821063276353,13.416407864998739,12.529964086141668,12.529964086141668,12.083045973594572,11.704699910719626,10.770329614269007,10.44030650891055,10.198039027185569,9.219544457292887,9.219544457292887,9.219544457292887,7.0,6.082762530298219,7.280109889280518,7.0710678118654755,7.0710678118654755,7.0710678118654755,8.0,7.0710678118654755,6.082762530298219,6.082762530298219,6.0,6.082762530298219,0.0,0.0,0.0,0.0,0.0,0.0,0.0,0.0,0.0,0.0,0.0,7.0,8.246211251235321,9.848857801796104,9.486832980505138,8.246211251235321,8.54400374531753,8.602325267042627,10.0,11.661903789690601,12.083045973594572,12.649110640673518,14.866068747318506,14.7648230602334,14.212670403551895,13.892443989449804,13.0,13.0,13.416407864998739,14.317821063276353,16.15549442140351,17.08800749063506,15.231546211727817,16.1245154965971,17.204650534085253,17.204650534085253,16.64331697709324,0.0,0.40489178628508343,0.43240777557053783,0.43240777557053783,0.4636476090008061,0.4993467216801301,0.4993467216801301,0.4266274931268761,0.348771003583907,0.3805063771123649,0.2914567944778671,0.19739555984988075,0.21866894587394195,0.21866894587394195,0.21866894587394195,0.0,0.16514867741462683,0.27829965900511133,0.14189705460416394,0.14189705460416394,0.14189705460416394,0.0,-0.14189705460416394,0.16514867741462683,0.16514867741462683,0.0,-0.16514867741462683,0.0,0.0,0.0,0.0,0.0,0.0,0.0,0.0,0.0,0.0,0.0,0.0,0.24497866312686414,0.4182243295792291,0.3217505543966422,0.24497866312686414,0.35877067027057225,0.6202494859828215,0.6435011087932844,0.5404195002705842,0.4266274931268761,0.3217505543966422,0.3430239404207034,0.49394136891958124,0.6857295109062863,0.5280744484263596,0.3947911196997615,0.3947911196997615,0.4636476090008061,0.43240777557053783,0.3805063771123649,0.35877067027057225,0.40489178628508343,0.5191461142465229,0.6202494859828215,0.6202494859828215,0.5713374798336268
1.8655664440011606,router,ba:bd:de:13:68:55,-84,97.98748778231379,64,1.4823829763677476,21.961712369529504,0,0,-18,-6,-18,-5,-17,-4,-16,-4,-14,-3,-13,-2,-13,-3,-13,-4,-12,-3,-12,-2,-12,-2,-12,-1,-12,0,-12,0,-12,1,-11,1,-9,1,-9,2,-10,1,-9,0,-8,1,-8,2,-9,3,-9,2,-9,0,-7,-1,0,0,0,0,0,0,0,0,0,0,0,0,0,0,0,0,0,0,0,0,0,0,-8,0,-8,-2,-10,-2,-11,-2,-11,-3,-12,-3,-13,-3,-13,-4,-13,-4,-14,-4,-15,-4,-15,-5,-14,-6,-13,-7,-15,-6,-15,-5,-16,-5,-16,-6,-17,-5,-17,-6,-18,-6,-19,-5,-19,-6,-19,-6,-19,-6,-20,-6,0.0,18.973665961010276,18.681541692269406,17.46424919657298,16.492422502470642,14.317821063276353,13.152946437965905,13.341664064126334,13.601470508735444,12.36931687685298,12.165525060596439,12.165525060596439,12.041594578792296,12.0,12.0,12.041594578792296,11.045361017187261,9.055385138137417,9.219544457292887,10.04987562112089,9.0,8.06225774829855,8.246211251235321,9.486832980505138,9.219544457292887,9.0,7.0710678118654755,0.0,0.0,0.0,0.0,0.0,0.0,0.0,0.0,0.0,0.0,0.0,8.0,8.246211251235321,10.198039027185569,11.180339887498949,11.40175425099138,12.36931687685298,13.341664064126334,13.601470508735444,13.601470508735444,14.560219778561036,15.524174696260024,15.811388300841896,15.231546211727817,14.7648230602334,16.15549442140351,15.811388300841896,16.76305461424021,17.08800749063506,17.72004514666935,18.027756377319946,18.973665961010276,19.6468827043885,19.924858845171276,19.924858845171276,19.924858845171276,20.8806130178211,0.0,-2.819842099193151,-2.8706458032513726,-2.9105019863938963,-2.896613990462929,-2.930499320367047,-2.988943325194528,-2.9147938055359073,-2.843093722003614,-2.896613990462929,-2.976443976175166,-2.976443976175166,-3.058451421701352,3.141592653589793,3.141592653589793,3.058451421701352,3.050932766389048,3.0309354324158977,2.922923707715851,3.0419240010986313,3.141592653589793,3.017237659043032,2.896613990462929,2.819842099193151,2.922923707715851,3.141592653589793,-2.999695598985629,0.0,0.0,0.0,0.0,0.0,0.0,0.0,0.0,0.0,0.0,0.0,3.141592653589793,-2.896613990462929,-2.9441970937399127,-2.961739153797315,-2.875340604438868,-2.896613990462929,-2.9147938055359073,-2.843093722003614,-2.843093722003614,-2.8632929945846817,-2.8809902618424523,-2.819842099193151,-2.7367008673047097,-2.647651284670212,-2.761086276477428,-2.819842099193151,-2.838707785214822,-2.782821983319221,-2.8555412118724752,-2.8023000391357487,-2.819842099193151,-2.8842689386187046,-2.835713782184941,-2.835713782184941,-2.835713782184941,-2.8501358591119264
1.9747815369992168,router,ba:bd:de:13:68:55,-83,97.98748778231379,64,1.4837436540407667,22.055832440096353,0,0,-15,10,-15,11,-14,11,-13,11,-12,9,-11,8,-11,7,-10,7,-9,8,-8,8,-8,7,-8,7,-9,7,-8,8,-7,8,-7,7,-8,7,-8,7,-8,6,-7,6,-7,5,-8,5,-7,4,-7,5,-7,5,-4,5,0,0,0,0,0,0,0,0,0,0,0,0,0,0,0,0,0,0,0,0,0,0,-4,8,-4,9,-3,10,-4,9,-5,9,-5,10,-6,10,-7,9,-7,9,-8,10,-8,11,-9,10,-10,10,-10,10,-10,11,-10,11,-10,10,-11,11,-12,13,-12,12,-12,12,-12,13,-13,12,-13,11,-15,12,-16,13,0.0,18.027756377319946,18.601075237738275,17.804493814764857,17.029386365926403,15.0,13.601470508735444,13.038404810405298,12.206555615733702,12.041594578792296,11.313708498984761,10.63014581273465,10.63014581273465,11.40175425099138,11.313708498984761,10.63014581273465,9.899494936611665,10.63014581273465,10.63014581273465,10.0,9.219544457292887,8.602325267042627,9.433981132056603,8.06225774829855,8.602325267042627,8.602325267042627,6.4031242374328485,0.0,0.0,0.0,0.0,0.0,0.0,0.0,0.0,0.0,0.0,0.0,8.94427190999916,9.848857801796104,10.44030650891055,9.848857801796104,10.295630140987,11.180339887498949,11.661903789690601,11.40175425099138,11.40175425099138,12.806248474865697,13.601470508735444,13.45362404707371,14.142135623730951,14.142135623730951,14.866068747318506,14.866068747318506,14.142135623730951,15.556349186104045,17.69180601295413,16.97056274847714,16.97056274847714,17.69180601295413,17.69180601295413,17.029386365926403,19.209372712298546,20.615528128088304,0.0,2.5535900500422257,2.5088438185876103,2.4756234162106834,2.439335722080786,2.498091544796509,2.5127963671743605,2.5748634360662868,2.5308666892005847,2.4149503129080676,2.356194490192345,2.4227626539681686,2.4227626539681686,2.4805494847391065,2.356194490192345,2.289626326416521,2.356194490192345,2.4227626539681686,2.4227626539681686,2.498091544796509,2.432966381462123,2.5213431676069717,2.5829933382462307,2.62244653934327,2.5213431676069717,2.5213431676069717,2.2455372690184494,0.0,0.0,0.0,0.0,0.0,0.0,0.0,0.0,0.0,0.0,0.0,2.0344439357957027,1.9890206563741257,1.8622531212727638,1.9890206563741257,2.0778948311872334,2.0344439357957027,2.1112158270654806,2.2318394956455836,2.2318394956455836,2.2455372690184494,2.1995926132103296,2.3036114285814033,2.356194490192345,2.356194490192345,2.3086113869153615,2.3086113869153615,2.356194490192345,2.356194490192345,2.316215803069055,2.356194490192345,2.356194490192345,2.316215803069055,2.396173177315635,2.439335722080786,2.4668517113662407,2.459276098715045
2.083615704999829,router,ba:bd:de:13:68:55,-83,97.98748778231379,64,1.4850136304336696,22.127243278471123,0,0,-14,-12,-13,-12,-13,-11,-12,-10,-11,-9,-10,-8,-10,-9,-9,-8,-9,-8,-10,-8,-9,-6,-9,-6,-10,-6,-10,-5,-10,-5,-10,-5,-9,-6,-9,-7,-8,-7,-8,-6,-8,-5,-8,-5,-8,-5,-8,-5,-7,-5,-5,-5,0,0,0,0,0,0,0,0,0,0,0,0,0,0,0,0,0,0,0,0,0,0,-7,-5,-9,-4,-10,-4,-11,-5,-10,-5,-10,-5,-11,-6,-11,-6,-10,-6,-10,-8,-10,-9,-11,-9,-12,-8,-12,-8,-13,-9,-12,-8,-13,-8,-13,-9,-14,-11,-14,-11,-14,-11,-14,-11,-14,-12,-15,-12,-15,-11,-15,-11,0.0,18.439088914585774,17.69180601295413,17.029386365926403,15.620499351813308,14.212670403551895,12.806248474865697,13.45362404707371,12.041594578792296,12.041594578792296,12.806248474865697,10.816653826391969,10.816653826391969,11.661903789690601,11.180339887498949,11.180339887498949,11.180339887498949,10.816653826391969,11.40175425099138,10.63014581273465,10.0,9.433981132056603,9.433981132056603,9.433981132056603,9.433981132056603,8.602325267042627,7.0710678118654755,0.0,0.0,0.0,0.0,0.0,0.0,0.0,0.0,0.0,0.0,0.0,8.602325267042627,9.848857801796104,10.770329614269007,12.083045973594572,11.180339887498949,11.180339887498949,12.529964086141668,12.529964086141668,11.661903789690601,12.806248474865697,13.45362404707371,14.212670403551895,14.422205101855956,14.422205101855956,15.811388300841896,14.422205101855956,15.264337522473747,15.811388300841896,17.804493814764857,17.804493814764857,17.804493814764857,17.804493814764857,18.439088914585774,19.209372712298546,18.601075237738275,18.601075237738275,0.0,-2.432966381462123,-2.396173177315635,-2.439335722080786,-2.44685437739309,-2.455863142683507,-2.4668517113662407,-2.408777551803287,-2.4149503129080676,-2.4149503129080676,-2.4668517113662407,-2.5535900500422257,-2.5535900500422257,-2.601173153319209,-2.677945044588987,-2.677945044588987,-2.677945044588987,-2.5535900500422257,-2.4805494847391065,-2.4227626539681686,-2.498091544796509,-2.5829933382462307,-2.5829933382462307,-2.5829933382462307,-2.5829933382462307,-2.5213431676069717,-2.356194490192345,0.0,0.0,0.0,0.0,0.0,0.0,0.0,0.0,0.0,0.0,0.0,-2.5213431676069717,-2.723368324010564,-2.761086276477428,-2.714965160462917,-2.677945044588987,-2.677945044588987,-2.642245931909663,-2.642245931909663,-2.601173153319209,-2.4668517113662407,-2.408777551803287,-2.455863142683507,-2.5535900500422257,-2.5535900500422257,-2.5360479899848234,-2.5535900500422257,-2.5899376710612465,-2.5360479899848234,-2.4756234162106834,-2.4756234162106834,-2.4756234162106834,-2.4756234162106834,-2.432966381462123,-2.4668517113662407,-2.5088438185876103,-2.5088438185876103
2.193616902004578,router,ba:bd:de:13:68:55,-83,97.98748778231379,64,1.4848622029132184,22.17648844880929,0,0,-17,4,-16,5,-15,5,-15,4,-14,5,-14,5,-13,4,-12,4,-11,4,-10,3,-10,3,-9,3,-9,4,-9,4,-8,4,-9,4,-9,4,-9,5,-9,4,-9,3,-8,3,-8,3,-8,3,-8,2,-8,3,-9,5,0,0,0,0,0,0,0,0,0,0,0,0,0,0,0,0,0,0,0,0,0,0,-6,6,-8,6,-8,5,-8,5,-8,5,-9,5,-10,5,-10,5,-11,4,-11,5,-11,5,-11,6,-12,6,-12,6,-13,6,-12,6,-12,5,-12,5,-14,6,-15,7,-15,7,-15,6,-15,6,-16,6,-16,6,-16,6,0.0,17.46424919657298,16.76305461424021,15.811388300841896,15.524174696260024,14.866068747318506,14.866068747318506,13.601470508735444,12.649110640673518,11.704699910719626,10.44030650891055,10.44030650891055,9.486832980505138,9.848857801796104,9.848857801796104,8.94427190999916,9.848857801796104,9.848857801796104,10.295630140987,9.848857801796104,9.486832980505138,8.54400374531753,8.54400374531753,8.54400374531753,8.246211251235321,8.54400374531753,10.295630140987,0.0,0.0,0.0,0.0,0.0,0.0,0.0,0.0,0.0,0.0,0.0,8.48528137423857,10.0,9.433981132056603,9.433981132056603,9.433981132056603,10.295630140987,11.180339887498949,11.180339887498949,11.704699910719626,12.083045973594572,12.083045973594572,12.529964086141668,13.416407864998739,13.416407864998739,14.317821063276353,13.416407864998739,13.0,13.0,15.231546211727817,16.55294535724685,16.55294535724685,16.15549442140351,16.15549442140351,17.08800749063506,17.08800749063506,17.08800749063506,0.0,2.9105019863938963,2.838707785214822,2.819842099193151,2.8809902618424523,2.79856871316909,2.79856871316909,2.843093722003614,2.819842099193151,2.7928216500058864,2.8501358591119264,2.8501358591119264,2.819842099193151,2.723368324010564,2.723368324010564,2.677945044588987,2.723368324010564,2.723368324010564,2.6344941491974563,2.723368324010564,2.819842099193151,2.782821983319221,2.782821983319221,2.782821983319221,2.896613990462929,2.782821983319221,2.6344941491974563,0.0,0.0,0.0,0.0,0.0,0.0,0.0,0.0,0.0,0.0,0.0,2.356194490192345,2.498091544796509,2.5829933382462307,2.5829933382462307,2.5829933382462307,2.6344941491974563,2.677945044588987,2.677945044588987,2.7928216500058864,2.714965160462917,2.714965160462917,2.642245931909663,2.677945044588987,2.677945044588987,2.7091848780192556,2.677945044588987,2.746801533890032,2.746801533890032,2.7367008673047097,2.704965493776252,2.704965493776252,2.761086276477428,2.761086276477428,2.782821983319221,2.782821983319221,2.782821983319221
2.312960748000478,router,ba:bd:de:13:68:55,-82,97.98748778231379,64,1.4835462055181041,22.209834871535126,0,0,-16,8,-16,9,-15,9,-14,9,-14,9,-14,8,-12,7,-11,7,-11,7,-10,7,-8,7,-8,6,-8,5,-7,5,-6,6,-5,7,-6,8,-7,7,-7,7,-7,7,-6,6,-7,5,-8,5,-8,5,-8,4,-7,3,0,0,0,0,0,0,0,0,0,0,0,0,0,0,0,0,0,0,0,0,0,0,-9,6,-7,6,-7,6,-8,6,-8,5,-9,5,-9,6,-10,6,-10,6,-11,6,-12,6,-14,5,-13,5,-12,6,-12,7,-13,6,-14,6,-14,7,-13,8,-15,8,-15,8,-15,8,-15,9,-15,8,-15,9,-16,10,0.0,17.88854381999832,18.35755975068582,17.4928556845359,16.64331697709324,16.64331697709324,16.1245154965971,13.892443989449804,13.038404810405298,13.038404810405298,12.206555615733702,10.63014581273465,10.0,9.433981132056603,8.602325267042627,8.48528137423857,8.602325267042627,10.0,9.899494936611665,9.899494936611665,9.899494936611665,8.48528137423857,8.602325267042627,9.433981132056603,9.433981132056603,8.94427190999916,7.615773105863909,0.0,0.0,0.0,0.0,0.0,0.0,0.0,0.0,0.0,0.0,0.0,10.816653826391969,9.219544457292887,9.219544457292887,10.0,9.433981132056603,10.295630140987,10.816653826391969,11.661903789690601,11.661903789690601,12.529964086141668,13.416407864998739,14.866068747318506,13.92838827718412,13.416407864998739,13.892443989449804,14.317821063276353,15.231546211727817,15.652475842498529,15.264337522473747,17.0,17.0,17.0,17.4928556845359,17.0,17.4928556845359,18.867962264113206,0.0,2.677945044588987,2.6292031932790554,2.601173153319209,2.5702551737561663,2.5702551737561663,2.62244653934327,2.6135182051634334,2.5748634360662868,2.5748634360662868,2.5308666892005847,2.4227626539681686,2.498091544796509,2.5829933382462307,2.5213431676069717,2.356194490192345,2.191045812777718,2.214297435588181,2.356194490192345,2.356194490192345,2.356194490192345,2.356194490192345,2.5213431676069717,2.5829933382462307,2.5829933382462307,2.677945044588987,2.7367008673047097,0.0,0.0,0.0,0.0,0.0,0.0,0.0,0.0,0.0,0.0,0.0,2.5535900500422257,2.432966381462123,2.432966381462123,2.498091544796509,2.5829933382462307,2.6344941491974563,2.5535900500422257,2.601173153319209,2.601173153319209,2.642245931909663,2.677945044588987,2.79856871316909,2.774418819771574,2.677945044588987,2.6135182051634334,2.7091848780192556,2.7367008673047097,2.677945044588987,2.5899376710612465,2.651635327336065,2.651635327336065,2.651635327336065,2.601173153319209,2.651635327336065,2.601173153319209,2.5829933382462307
2.422306603999459,router,ba:bd:de:13:68:55,-84,97.98748778231379,64,1.482452308843752,22.233931730275863,0,0,13,13,12,13,11,12,11,11,10,11,10,10,9,9,8,7,8,6,10,5,10,5,9,5,9,4,9,4,10,4,10,4,9,3,8,3,9,3,8,3,7,3,6,3,6,3,6,3,7,4,6,6,0,0,0,0,0,0,0,0,0,0,0,0,0,0,0,0,0,0,0,0,0,0,4,6,5,6,5,6,6,7,7,9,7,10,7,10,7,11,7,11,7,10,7,10,7,11,8,12,9,12,9,12,9,13,9,12,9,11,10,12,10,14,10,15,9,14,10,13,11,13,11,14,11,15,0.0,18.384776310850235,17.69180601295413,16.278820596099706,15.556349186104045,14.866068747318506,14.142135623730951,12.727922061357855,10.63014581273465,10.0,11.180339887498949,11.180339887498949,10.295630140987,9.848857801796104,9.848857801796104,10.770329614269007,10.770329614269007,9.486832980505138,8.54400374531753,9.486832980505138,8.54400374531753,7.615773105863909,6.708203932499369,6.708203932499369,6.708203932499369,8.06225774829855,8.48528137423857,0.0,0.0,0.0,0.0,0.0,0.0,0.0,0.0,0.0,0.0,0.0,7.211102550927978,7.810249675906654,7.810249675906654,9.219544457292887,11.40175425099138,12.206555615733702,12.206555615733702,13.038404810405298,13.038404810405298,12.206555615733702,12.206555615733702,13.038404810405298,14.422205101855956,15.0,15.0,15.811388300841896,15.0,14.212670403551895,15.620499351813308,17.204650534085253,18.027756377319946,16.64331697709324,16.401219466856727,17.029386365926403,17.804493814764857,18.601075237738275,0.0,0.7853981633974483,0.8253768505207384,0.8288490587889792,0.7853981633974483,0.8329812666744317,0.7853981633974483,0.7853981633974483,0.7188299996216245,0.6435011087932844,0.4636476090008061,0.4636476090008061,0.507098504392337,0.4182243295792291,0.4182243295792291,0.3805063771123649,0.3805063771123649,0.3217505543966422,0.35877067027057225,0.3217505543966422,0.35877067027057225,0.40489178628508343,0.4636476090008061,0.4636476090008061,0.4636476090008061,0.5191461142465229,0.7853981633974483,0.0,0.0,0.0,0.0,0.0,0.0,0.0,0.0,0.0,0.0,0.0,0.982793723247329,0.8760580505981934,0.8760580505981934,0.8621700546672264,0.9097531579442097,0.960070362405688,0.960070362405688,1.0040671092713902,1.0040671092713902,0.960070362405688,0.960070362405688,1.0040671092713902,0.982793723247329,0.9272952180016122,0.9272952180016122,0.9652516631899266,0.9272952180016122,0.8850668158886104,0.8760580505981934,0.9505468408120752,0.982793723247329,0.9994588469612699,0.9151007005533605,0.8685393952858895,0.9048270894157867,0.9380474917927135
2.523370836999675,router,ba:bd:de:13:68:55,-84,97.98748778231379,64,1.4820565472018263,22.253173328660377,0,0,-9,-16,-7,-16,-6,-16,-6,-15,-7,-14,-7,-14,-8,-13,-8,-11,-7,-10,-7,-10,-8,-11,-7,-10,-7,-10,-7,-9,-7,-9,-7,-7,-6,-5,-7,-6,-7,-7,-8,-7,-7,-6,-6,-5,-5,-5,-4,-6,-4,-5,-6,-4,0,0,0,0,0,0,0,0,0,0,0,0,0,0,0,0,0,0,0,0,0,0,-6,-8,-6,-8,-5,-8,-6,-8,-8,-9,-9,-10,-9,-11,-7,-12,-6,-11,-8,-11,-8,-11,-7,-12,-7,-12,-8,-11,-7,-12,-7,-14,-7,-15,-8,-15,-9,-15,-8,-15,-8,-16,-9,-16,-9,-16,-10,-17,-11,-17,-10,-17,0.0,18.35755975068582,17.46424919657298,17.08800749063506,16.15549442140351,15.652475842498529,15.652475842498529,15.264337522473747,13.601470508735444,12.206555615733702,12.206555615733702,13.601470508735444,12.206555615733702,12.206555615733702,11.40175425099138,11.40175425099138,9.899494936611665,7.810249675906654,9.219544457292887,9.899494936611665,10.63014581273465,9.219544457292887,7.810249675906654,7.0710678118654755,7.211102550927978,6.4031242374328485,7.211102550927978,0.0,0.0,0.0,0.0,0.0,0.0,0.0,0.0,0.0,0.0,0.0,10.0,10.0,9.433981132056603,10.0,12.041594578792296,13.45362404707371,14.212670403551895,13.892443989449804,12.529964086141668,13.601470508735444,13.601470508735444,13.892443989449804,13.892443989449804,13.601470508735444,13.892443989449804,15.652475842498529,16.55294535724685,17.0,17.4928556845359,17.0,17.88854381999832,18.35755975068582,18.35755975068582,19.72308292331602,20.248456731316587,19.72308292331602,0.0,-2.0831857871056343,-1.9832067683922838,-1.9295669970654687,-1.9513027039072615,-2.0344439357957027,-2.0344439357957027,-2.1224513093234436,-2.1995926132103296,-2.1815222911841055,-2.1815222911841055,-2.1995926132103296,-2.1815222911841055,-2.1815222911841055,-2.2318394956455836,-2.2318394956455836,-2.356194490192345,-2.44685437739309,-2.432966381462123,-2.356194490192345,-2.4227626539681686,-2.432966381462123,-2.44685437739309,-2.356194490192345,-2.158798930342464,-2.2455372690184494,-2.5535900500422257,0.0,0.0,0.0,0.0,0.0,0.0,0.0,0.0,0.0,0.0,0.0,-2.214297435588181,-2.214297435588181,-2.129395642138459,-2.214297435588181,-2.297438667476622,-2.3036114285814033,-2.256525837701183,-2.0988707752212563,-2.0701430484750265,-2.1995926132103296,-2.1995926132103296,-2.0988707752212563,-2.0988707752212563,-2.1995926132103296,-2.0988707752212563,-2.0344439357957027,-2.007423486608438,-2.060753653048625,-2.1112158270654806,-2.060753653048625,-2.0344439357957027,-2.0831857871056343,-2.0831857871056343,-2.1025203940537023,-2.1451011569695986,-2.1025203940537023
2.6327395850021276,router,ba:bd:de:13:68:55,-85,97.98748778231379,64,1.4805244548102299,22.272416649546138,0,0,-14,13,-15,11,-15,10,-13,9,-11,8,-10,9,-10,9,-10,9,-8,9,-8,9,-6,8,-5,7,-5,9,-5,9,-4,8,-4,7,-4,8,-4,7,-4,7,-5,6,-6,7,-6,8,-5,8,-5,7,-4,5,-1,5,0,0,0,0,0,0,0,0,0,0,0,0,0,0,0,0,0,0,0,0,0,0,-9,5,-7,6,-6,5,-6,5,-7,5,-9,6,-9,8,-8,7,-8,6,-9,7,-10,10,-12,11,-13,10,-12,9,-12,8,-12,9,-11,9,-11,9,-12,9,-13,11,-14,11,-14,10,-14,10,-15,12,-16,12,-16,12,0.0,19.1049731745428,18.601075237738275,18.027756377319946,15.811388300841896,13.601470508735444,13.45362404707371,13.45362404707371,13.45362404707371,12.041594578792296,12.041594578792296,10.0,8.602325267042627,10.295630140987,10.295630140987,8.94427190999916,8.06225774829855,8.94427190999916,8.06225774829855,8.06225774829855,7.810249675906654,9.219544457292887,10.0,9.433981132056603,8.602325267042627,6.4031242374328485,5.0990195135927845,0.0,0.0,0.0,0.0,0.0,0.0,0.0,0.0,0.0,0.0,0.0,10.295630140987,9.219544457292887,7.810249675906654,7.810249675906654,8.602325267042627,10.816653826391969,12.041594578792296,10.63014581273465,10.0,11.40175425099138,14.142135623730951,16.278820596099706,16.401219466856727,15.0,14.422205101855956,15.0,14.212670403551895,14.212670403551895,15.0,17.029386365926403,17.804493814764857,17.204650534085253,17.204650534085253,19.209372712298546,20.0,20.0,0.0,2.393214606066275,2.5088438185876103,2.5535900500422257,2.5360479899848234,2.5127963671743605,2.408777551803287,2.408777551803287,2.408777551803287,2.297438667476622,2.297438667476622,2.214297435588181,2.191045812777718,2.0778948311872334,2.0778948311872334,2.0344439357957027,2.0899424410414196,2.0344439357957027,2.0899424410414196,2.0899424410414196,2.2655346029916,2.279422598922567,2.214297435588181,2.129395642138459,2.191045812777718,2.2455372690184494,1.7681918866447774,0.0,0.0,0.0,0.0,0.0,0.0,0.0,0.0,0.0,0.0,0.0,2.6344941491974563,2.432966381462123,2.44685437739309,2.44685437739309,2.5213431676069717,2.5535900500422257,2.4149503129080676,2.4227626539681686,2.498091544796509,2.4805494847391065,2.356194490192345,2.399645385583876,2.485897027348257,2.498091544796509,2.5535900500422257,2.498091544796509,2.455863142683507,2.455863142683507,2.498091544796509,2.439335722080786,2.4756234162106834,2.5213431676069717,2.5213431676069717,2.4668517113662407,2.498091544796509,2.498091544796509
2.7332545790050062,router,ba:bd:de:13:68:55,-85,95.99087606689984,64,1.4798189520921363,22.282839952248807,0,0,-16,-3,-18,-2,-18,-2,-17,-3,-15,-2,-14,-2,-13,-3,-13,-1,-12,0,-12,-1,-12,0,-12,1,-12,2,-10,2,-9,2,-9,1,-9,0,-9,0,-9,1,-9,1,-9,0,-8,-1,-8,1,-9,2,-8,1,-7,-3,0,0,0,0,0,0,0,0,0,0,0,0,0,0,0,0,0,0,0,0,0,0,-8,2,-8,2,-9,1,-10,1,-11,1,-11,1,-12,2,-12,1,-12,0,-12,-1,-12,0,-12,0,-15,-1,-15,-2,-15,-2,-15,-2,-16,-1,-16,0,-17,-1,-18,-2,-20,-1,-19,-1,-18,-3,-19,-3,-19,-2,-19,-2,0.0,16.278820596099706,18.110770276274835,18.110770276274835,17.26267650163207,15.132745950421556,14.142135623730951,13.341664064126334,13.038404810405298,12.0,12.041594578792296,12.0,12.041594578792296,12.165525060596439,10.198039027185569,9.219544457292887,9.055385138137417,9.0,9.0,9.055385138137417,9.055385138137417,9.0,8.06225774829855,8.06225774829855,9.219544457292887,8.06225774829855,7.615773105863909,0.0,0.0,0.0,0.0,0.0,0.0,0.0,0.0,0.0,0.0,0.0,8.246211251235321,8.246211251235321,9.055385138137417,10.04987562112089,11.045361017187261,11.045361017187261,12.165525060596439,12.041594578792296,12.0,12.041594578792296,12.0,12.0,15.033296378372908,15.132745950421556,15.132745950421556,15.132745950421556,16.0312195418814,16.0,17.029386365926403,18.110770276274835,20.024984394500787,19.026297590440446,18.24828759089466,19.235384061671343,19.1049731745428,19.1049731745428,0.0,-2.9562447035940984,-3.0309354324158977,-3.0309354324158977,-2.9669204545815537,-3.0090411212931194,-2.999695598985629,-2.9147938055359073,-3.064820762320015,3.141592653589793,-3.058451421701352,3.141592653589793,3.058451421701352,2.976443976175166,2.9441970937399127,2.922923707715851,3.0309354324158977,3.141592653589793,3.141592653589793,3.0309354324158977,3.0309354324158977,3.141592653589793,-3.017237659043032,3.017237659043032,2.922923707715851,3.017237659043032,-2.7367008673047097,0.0,0.0,0.0,0.0,0.0,0.0,0.0,0.0,0.0,0.0,0.0,2.896613990462929,2.896613990462929,3.0309354324158977,3.0419240010986313,3.050932766389048,3.050932766389048,2.976443976175166,3.058451421701352,3.141592653589793,-3.058451421701352,3.141592653589793,3.141592653589793,-3.0750244898139694,-3.0090411212931194,-3.0090411212931194,-3.0090411212931194,-3.079173843593836,3.141592653589793,-3.0828368308740703,-3.0309354324158977,-3.0916342578678506,-3.0890095919788516,-2.976443976175166,-2.984990776607778,-3.036715714859559,-3.036715714859559
2.836129682000319,router,ba:bd:de:13:68:55,-84,95.99087606689984,64,1.4791360223353145,22.262239483112143,0,0,14,9,15,10,14,10,13,10,12,10,11,8,11,7,11,6,11,6,10,6,10,5,10,5,10,4,9,2,9,2,8,2,8,2,8,2,9,2,9,2,8,3,8,4,8,3,7,2,8,2,10,4,0,0,0,0,0,0,0,0,0,0,0,0,0,0,0,0,0,0,0,0,0,0,6,3,8,4,9,4,8,6,7,6,8,6,8,7,8,8,8,8,8,7,9,7,10,7,9,8,10,10,10,10,11,10,13,10,13,10,11,10,12,10,14,10,14,11,13,11,14,12,15,12,16,13,0.0,16.64331697709324,18.027756377319946,17.204650534085253,16.401219466856727,15.620499351813308,13.601470508735444,13.038404810405298,12.529964086141668,12.529964086141668,11.661903789690601,11.180339887498949,11.180339887498949,10.770329614269007,9.219544457292887,9.219544457292887,8.246211251235321,8.246211251235321,8.246211251235321,9.219544457292887,9.219544457292887,8.54400374531753,8.94427190999916,8.54400374531753,7.280109889280518,8.246211251235321,10.770329614269007,0.0,0.0,0.0,0.0,0.0,0.0,0.0,0.0,0.0,0.0,0.0,6.708203932499369,8.94427190999916,9.848857801796104,10.0,9.219544457292887,10.0,10.63014581273465,11.313708498984761,11.313708498984761,10.63014581273465,11.40175425099138,12.206555615733702,12.041594578792296,14.142135623730951,14.142135623730951,14.866068747318506,16.401219466856727,16.401219466856727,14.866068747318506,15.620499351813308,17.204650534085253,17.804493814764857,17.029386365926403,18.439088914585774,19.209372712298546,20.615528128088304,0.0,0.5713374798336268,0.5880026035475675,0.6202494859828215,0.6556956262415362,0.6947382761967031,0.628796286415433,0.5667292175235064,0.4993467216801301,0.4993467216801301,0.5404195002705842,0.4636476090008061,0.4636476090008061,0.3805063771123649,0.21866894587394195,0.21866894587394195,0.24497866312686414,0.24497866312686414,0.24497866312686414,0.21866894587394195,0.21866894587394195,0.35877067027057225,0.4636476090008061,0.35877067027057225,0.27829965900511133,0.24497866312686414,0.3805063771123649,0.0,0.0,0.0,0.0,0.0,0.0,0.0,0.0,0.0,0.0,0.0,0.4636476090008061,0.4636476090008061,0.4182243295792291,0.6435011087932844,0.7086262721276703,0.6435011087932844,0.7188299996216245,0.7853981633974483,0.7853981633974483,0.7188299996216245,0.6610431688506869,0.6107259643892086,0.7266423406817256,0.7853981633974483,0.7853981633974483,0.7378150601204649,0.6556956262415362,0.6556956262415362,0.7378150601204649,0.6947382761967031,0.6202494859828215,0.6659692373791098,0.702256931509007,0.7086262721276703,0.6747409422235526,0.6823165548747481
2.942372356003034,router,ba:bd:de:13:68:55,-84,95.99087606689984,64,1.4776787506383822,22.218595409060942,0,0,17,1,17,2,16,3,15,4,15,2,14,1,12,0,11,0,12,0,12,0,11,-2,10,-2,10,-1,10,0,9,-1,9,-2,8,-2,7,-2,8,-4,7,-4,7,-3,8,-3,9,-2,9,-2,7,-2,4,-1,0,0,0,0,0,0,0,0,0,0,0,0,0,0,0,0,0,0,0,0,0,0,8,-1,8,0,9,1,9,1,9,1,9,1,10,1,11,2,12,2,13,2,13,2,13,3,14,3,14,3,14,2,14,1,14,3,14,3,14,2,15,2,17,2,17,1,16,2,16,3,18,3,17,3,0.0,17.029386365926403,17.11724276862369,16.278820596099706,15.524174696260024,15.132745950421556,14.035668847618199,12.0,11.0,12.0,12.0,11.180339887498949,10.198039027185569,10.04987562112089,10.0,9.055385138137417,9.219544457292887,8.246211251235321,7.280109889280518,8.94427190999916,8.06225774829855,7.615773105863909,8.54400374531753,9.219544457292887,9.219544457292887,7.280109889280518,4.123105625617661,0.0,0.0,0.0,0.0,0.0,0.0,0.0,0.0,0.0,0.0,0.0,8.06225774829855,8.0,9.055385138137417,9.055385138137417,9.055385138137417,9.055385138137417,10.04987562112089,11.180339887498949,12.165525060596439,13.152946437965905,13.152946437965905,13.341664064126334,14.317821063276353,14.317821063276353,14.142135623730951,14.035668847618199,14.317821063276353,14.317821063276353,14.142135623730951,15.132745950421556,17.11724276862369,17.029386365926403,16.1245154965971,16.278820596099706,18.24828759089466,17.26267650163207,0.0,0.058755822715722696,0.11710874456686428,0.18534794999569476,0.260602391747341,0.13255153229667402,0.07130746478529032,0.0,0.0,0.0,0.0,-0.17985349979247828,-0.19739555984988075,-0.09966865249116202,0.0,-0.11065722117389565,-0.21866894587394195,-0.24497866312686414,-0.27829965900511133,-0.4636476090008061,-0.5191461142465229,-0.40489178628508343,-0.35877067027057225,-0.21866894587394195,-0.21866894587394195,-0.27829965900511133,-0.24497866312686414,0.0,0.0,0.0,0.0,0.0,0.0,0.0,0.0,0.0,0.0,0.0,-0.12435499454676144,0.0,0.11065722117389565,0.11065722117389565,0.11065722117389565,0.11065722117389565,0.09966865249116202,0.17985349979247828,0.16514867741462683,0.15264932839526515,0.15264932839526515,0.22679884805388587,0.21109333322274654,0.21109333322274654,0.14189705460416394,0.07130746478529032,0.21109333322274654,0.21109333322274654,0.14189705460416394,0.13255153229667402,0.11710874456686428,0.058755822715722696,0.12435499454676144,0.18534794999569476,0.16514867741462683,0.1746721990082397
3.0518106849995092,router,ba:bd:de:13:68:55,-84,95.99087606689984,64,1.475272494831633,22.147746222290515,0,0,2,18,2,18,1,18,1,17,2,15,2,13,2,11,3,11,4,12,3,11,2,9,3,9,3,9,3,7,4,6,5,7,5,8,5,9,4,8,3,8,3,9,4,8,2,7,2,7,3,8,3,9,0,0,0,0,0,0,0,0,0,0,0,0,0,0,0,0,0,0,0,0,0,0,2,7,2,6,3,8,4,9,3,11,3,13,4,13,5,10,3,10,2,11,1,12,1,12,1,12,2,13,2,14,1,14,0,14,1,14,2,15,2,16,2,17,2,17,2,17,2,18,2,19,1,18,0.0,18.110770276274835,18.110770276274835,18.027756377319946,17.029386365926403,15.132745950421556,13.152946437965905,11.180339887498949,11.40175425099138,12.649110640673518,11.40175425099138,9.219544457292887,9.486832980505138,9.486832980505138,7.615773105863909,7.211102550927978,8.602325267042627,9.433981132056603,10.295630140987,8.94427190999916,8.54400374531753,9.486832980505138,8.94427190999916,7.280109889280518,7.280109889280518,8.54400374531753,9.486832980505138,0.0,0.0,0.0,0.0,0.0,0.0,0.0,0.0,0.0,0.0,0.0,7.280109889280518,6.324555320336759,8.54400374531753,9.848857801796104,11.40175425099138,13.341664064126334,13.601470508735444,11.180339887498949,10.44030650891055,11.180339887498949,12.041594578792296,12.041594578792296,12.041594578792296,13.152946437965905,14.142135623730951,14.035668847618199,14.0,14.035668847618199,15.132745950421556,16.1245154965971,17.11724276862369,17.11724276862369,17.11724276862369,18.110770276274835,19.1049731745428,18.027756377319946,0.0,1.460139105621001,1.460139105621001,1.5152978215491797,1.512040504079174,1.4382447944982226,1.4181469983996315,1.3909428270024184,1.3045442776439713,1.2490457723982544,1.3045442776439713,1.3521273809209546,1.2490457723982544,1.2490457723982544,1.1659045405098132,0.982793723247329,0.9505468408120752,1.0121970114513341,1.0636978224025597,1.1071487177940904,1.2120256565243244,1.2490457723982544,1.1071487177940904,1.2924966677897853,1.2924966677897853,1.2120256565243244,1.2490457723982544,0.0,0.0,0.0,0.0,0.0,0.0,0.0,0.0,0.0,0.0,0.0,1.2924966677897853,1.2490457723982544,1.2120256565243244,1.1525719972156676,1.3045442776439713,1.3439974787410107,1.2722973952087173,1.1071487177940904,1.2793395323170296,1.3909428270024184,1.4876550949064553,1.4876550949064553,1.4876550949064553,1.4181469983996315,1.4288992721907328,1.4994888620096063,1.5707963267948966,1.4994888620096063,1.4382447944982226,1.446441332248135,1.4536875822280324,1.4536875822280324,1.4536875822280324,1.460139105621001,1.4659193880646628,1.5152978215491797
3.152505457997904,router,ba:bd:de:13:68:55,-84,95.99087606689984,64,1.4738007612976094,22.05038047420831,0,0,-17,3,-17,3,-17,2,-16,2,-16,3,-16,4,-15,3,-14,3,-13,4,-12,4,-11,3,-10,3,-10,3,-10,4,-10,4,-9,4,-9,5,-10,5,-10,4,-9,5,-8,6,-8,6,-8,5,-8,4,-9,3,-7,3,0,0,0,0,0,0,0,0,0,0,0,0,0,0,0,0,0,0,0,0,0,0,-8,1,-9,1,-10,3,-10,3,-11,3,-11,3,-11,3,-12,2,-15,2,-15,1,-14,1,-13,1,-13,1,-14,2,-14,2,-14,2,-15,2,-16,2,-17,3,-18,4,-18,3,-18,2,-19,3,-20,3,-20,2,-19,1,0.0,17.26267650163207,17.26267650163207,17.11724276862369,16.1245154965971,16.278820596099706,16.492422502470642,15.297058540778355,14.317821063276353,13.601470508735444,12.649110640673518,11.40175425099138,10.44030650891055,10.44030650891055,10.770329614269007,10.770329614269007,9.848857801796104,10.295630140987,11.180339887498949,10.770329614269007,10.295630140987,10.0,10.0,9.433981132056603,8.94427190999916,9.486832980505138,7.615773105863909,0.0,0.0,0.0,0.0,0.0,0.0,0.0,0.0,0.0,0.0,0.0,8.06225774829855,9.055385138137417,10.44030650891055,10.44030650891055,11.40175425099138,11.40175425099138,11.40175425099138,12.165525060596439,15.132745950421556,15.033296378372908,14.035668847618199,13.038404810405298,13.038404810405298,14.142135623730951,14.142135623730951,14.142135623730951,15.132745950421556,16.1245154965971,17.26267650163207,18.439088914585774,18.24828759089466,18.110770276274835,19.235384061671343,20.223748416156685,20.09975124224178,19.026297590440446,0.0,2.9669204545815537,2.9669204545815537,3.024483909022929,3.017237659043032,2.9562447035940984,2.896613990462929,2.9441970937399127,2.930499320367047,2.843093722003614,2.819842099193151,2.875340604438868,2.8501358591119264,2.8501358591119264,2.761086276477428,2.761086276477428,2.723368324010564,2.6344941491974563,2.677945044588987,2.761086276477428,2.6344941491974563,2.498091544796509,2.498091544796509,2.5829933382462307,2.677945044588987,2.819842099193151,2.7367008673047097,0.0,0.0,0.0,0.0,0.0,0.0,0.0,0.0,0.0,0.0,0.0,3.017237659043032,3.0309354324158977,2.8501358591119264,2.8501358591119264,2.875340604438868,2.875340604438868,2.875340604438868,2.976443976175166,3.0090411212931194,3.0750244898139694,3.070285188804503,3.064820762320015,3.064820762320015,2.999695598985629,2.999695598985629,2.999695598985629,3.0090411212931194,3.017237659043032,2.9669204545815537,2.922923707715851,2.976443976175166,3.0309354324158977,2.984990776607778,2.992702705980296,3.0419240010986313,3.0890095919788516
3.2527165339997737,router,ba:bd:de:13:68:55,-84,95.99087606689984,64,1.47273761029709,21.92525267944634,0,0,11,-17,9,-16,9,-15,9,-14,8,-14,7,-12,7,-11,6,-12,6,-12,5,-12,5,-10,4,-10,3,-10,3,-10,2,-11,2,-11,2,-11,1,-9,1,-8,2,-8,3,-9,2,-9,1,-9,1,-9,2,-8,5,-7,0,0,0,0,0,0,0,0,0,0,0,0,0,0,0,0,0,0,0,0,0,0,1,-8,2,-8,3,-9,3,-9,3,-10,4,-10,4,-11,4,-12,4,-12,5,-11,5,-11,6,-11,6,-12,6,-12,6,-13,7,-13,7,-13,7,-13,7,-14,8,-14,8,-16,8,-17,8,-17,7,-17,7,-17,8,-17,0.0,20.248456731316587,18.35755975068582,17.4928556845359,16.64331697709324,16.1245154965971,13.892443989449804,13.038404810405298,13.416407864998739,13.416407864998739,13.0,11.180339887498949,10.770329614269007,10.44030650891055,10.44030650891055,11.180339887498949,11.180339887498949,11.180339887498949,9.055385138137417,8.06225774829855,8.246211251235321,9.486832980505138,9.219544457292887,9.055385138137417,9.055385138137417,8.246211251235321,8.602325267042627,0.0,0.0,0.0,0.0,0.0,0.0,0.0,0.0,0.0,0.0,0.0,8.06225774829855,8.246211251235321,9.486832980505138,9.486832980505138,10.44030650891055,10.770329614269007,11.704699910719626,12.649110640673518,12.649110640673518,12.083045973594572,12.083045973594572,12.529964086141668,13.416407864998739,13.416407864998739,14.317821063276353,14.7648230602334,14.7648230602334,14.7648230602334,15.652475842498529,16.1245154965971,17.88854381999832,18.788294228055936,18.788294228055936,18.384776310850235,18.384776310850235,18.788294228055936,0.0,-0.9964914966201949,-1.0584068664841588,-1.0303768265243125,-0.9994588469612699,-1.0516502125483738,-1.042721878368537,-1.0040671092713902,-1.1071487177940904,-1.1071487177940904,-1.176005207095135,-1.1071487177940904,-1.1902899496825317,-1.2793395323170296,-1.2793395323170296,-1.3909428270024184,-1.3909428270024184,-1.3909428270024184,-1.460139105621001,-1.446441332248135,-1.3258176636680326,-1.2490457723982544,-1.3521273809209546,-1.460139105621001,-1.460139105621001,-1.3258176636680326,-0.9505468408120752,0.0,0.0,0.0,0.0,0.0,0.0,0.0,0.0,0.0,0.0,0.0,-1.446441332248135,-1.3258176636680326,-1.2490457723982544,-1.2490457723982544,-1.2793395323170296,-1.1902899496825317,-1.2220253232109897,-1.2490457723982544,-1.2490457723982544,-1.1441688336680205,-1.1441688336680205,-1.0714496051147666,-1.1071487177940904,-1.1071487177940904,-1.1383885512243588,-1.0768549578753155,-1.0768549578753155,-1.0768549578753155,-1.1071487177940904,-1.0516502125483738,-1.1071487177940904,-1.1309537439791604,-1.1309537439791604,-1.1801892830972098,-1.1801892830972098,-1.1309537439791604
3.363325056998292,router,ba:bd:de:13:68:55,-83,95.99087606689984,64,1.4718658029731913,21.77024718651597,0,0,-9,12,-10,13,-9,13,-9,12,-8,11,-8,11,-8,11,-7,10,-6,10,-5,10,-5,9,-5,9,-3,9,-2,9,-2,8,-3,7,-2,7,-2,7,-2,7,-3,8,-3,8,-4,8,-4,8,-3,8,-3,8,-4,9,0,0,0,0,0,0,0,0,0,0,0,0,0,0,0,0,0,0,0,0,0,0,-3,7,-4,8,-4,8,-4,8,-5,9,-5,9,-5,8,-6,9,-7,10,-7,10,-7,10,-6,10,-5,9,-4,9,-7,11,-8,13,-7,13,-8,12,-9,11,-10,11,-9,12,-9,14,-10,14,-10,13,-10,14,-11,15,0.0,15.0,16.401219466856727,15.811388300841896,15.0,13.601470508735444,13.601470508735444,13.601470508735444,12.206555615733702,11.661903789690601,11.180339887498949,10.295630140987,10.295630140987,9.486832980505138,9.219544457292887,8.246211251235321,7.615773105863909,7.280109889280518,7.280109889280518,7.280109889280518,8.54400374531753,8.54400374531753,8.94427190999916,8.94427190999916,8.54400374531753,8.54400374531753,9.848857801796104,0.0,0.0,0.0,0.0,0.0,0.0,0.0,0.0,0.0,0.0,0.0,7.615773105863909,8.94427190999916,8.94427190999916,8.94427190999916,10.295630140987,10.295630140987,9.433981132056603,10.816653826391969,12.206555615733702,12.206555615733702,12.206555615733702,11.661903789690601,10.295630140987,9.848857801796104,13.038404810405298,15.264337522473747,14.7648230602334,14.422205101855956,14.212670403551895,14.866068747318506,15.0,16.64331697709324,17.204650534085253,16.401219466856727,17.204650534085253,18.601075237738275,0.0,2.214297435588181,2.2264919530364327,2.1763409903998667,2.214297435588181,2.1995926132103296,2.1995926132103296,2.1995926132103296,2.1815222911841055,2.1112158270654806,2.0344439357957027,2.0778948311872334,2.0778948311872334,1.892546881191539,1.7894652726688385,1.8157749899217608,1.97568811307998,1.849095985800008,1.849095985800008,1.849095985800008,1.9295669970654687,1.9295669970654687,2.0344439357957027,2.0344439357957027,1.9295669970654687,1.9295669970654687,1.9890206563741257,0.0,0.0,0.0,0.0,0.0,0.0,0.0,0.0,0.0,0.0,0.0,1.97568811307998,2.0344439357957027,2.0344439357957027,2.0344439357957027,2.0778948311872334,2.0778948311872334,2.129395642138459,2.158798930342464,2.1815222911841055,2.1815222911841055,2.1815222911841055,2.1112158270654806,2.0778948311872334,1.9890206563741257,2.137525544318403,2.1224513093234436,2.0647376957144776,2.158798930342464,2.256525837701183,2.3086113869153615,2.214297435588181,2.1421338066285234,2.191045812777718,2.2264919530364327,2.191045812777718,2.20354516179708
3.4648396060001687,router,ba:bd:de:13:68:55,-84,95.99087606689984,64,1.4716347306755941,21.608004429959596,0,0,-6,19,-7,17,-8,15,-8,15,-7,15,-6,14,-5,12,-3,13,-2,12,-2,11,-2,10,-2,9,-2,10,-2,10,-1,10,1,9,1,9,1,8,1,8,0,8,0,7,0,8,0,9,0,8,0,8,-1,8,0,0,0,0,0,0,0,0,0,0,0,0,0,0,0,0,0,0,0,0,0,0,-4,9,-4,10,-4,10,-4,10,-5,11,-5,12,-5,13,-4,14,-4,13,-5,12,-5,13,-5,15,-6,15,-6,15,-7,16,-8,15,-7,15,-7,16,-7,17,-8,17,-8,18,-7,20,-7,20,-7,20,-7,21,-8,21,0.0,19.924858845171276,18.384776310850235,17.0,17.0,16.55294535724685,15.231546211727817,13.0,13.341664064126334,12.165525060596439,11.180339887498949,10.198039027185569,9.219544457292887,10.198039027185569,10.198039027185569,10.04987562112089,9.055385138137417,9.055385138137417,8.06225774829855,8.06225774829855,8.0,7.0,8.0,9.0,8.0,8.0,8.06225774829855,0.0,0.0,0.0,0.0,0.0,0.0,0.0,0.0,0.0,0.0,0.0,9.848857801796104,10.770329614269007,10.770329614269007,10.770329614269007,12.083045973594572,13.0,13.92838827718412,14.560219778561036,13.601470508735444,13.0,13.92838827718412,15.811388300841896,16.15549442140351,16.15549442140351,17.46424919657298,17.0,16.55294535724685,17.46424919657298,18.384776310850235,18.788294228055936,19.697715603592208,21.18962010041709,21.18962010041709,21.18962010041709,22.135943621178654,22.47220505424423,0.0,1.8766751981997487,1.9614033704925835,2.060753653048625,2.060753653048625,2.007423486608438,1.97568811307998,1.965587446494658,1.7975951748487824,1.7359450042095235,1.750649826587375,1.7681918866447774,1.7894652726688385,1.7681918866447774,1.7681918866447774,1.6704649792860586,1.460139105621001,1.460139105621001,1.446441332248135,1.446441332248135,1.5707963267948966,1.5707963267948966,1.5707963267948966,1.5707963267948966,1.5707963267948966,1.5707963267948966,1.695151321341658,0.0,0.0,0.0,0.0,0.0,0.0,0.0,0.0,0.0,0.0,0.0,1.9890206563741257,1.9513027039072615,1.9513027039072615,1.9513027039072615,1.9974238199217726,1.965587446494658,1.9379701606131159,1.849095985800008,1.8692952583810758,1.965587446494658,1.9379701606131159,1.892546881191539,1.9513027039072615,1.9513027039072615,1.9832067683922838,2.060753653048625,2.007423486608438,1.9832067683922838,1.9614033704925835,2.0106389096106327,1.9890206563741257,1.9074711461816238,1.9074711461816238,1.9074711461816238,1.892546881191539,1.9347752833045406
3.572979882999789,router,ba:bd:de:13:68:55,-83,95.99087606689984,64,1.470477880522751,21.4365837144916,0,0,-11,-13,-9,-14,-9,-14,-10,-13,-10,-13,-9,-12,-8,-11,-8,-10,-7,-9,-6,-10,-7,-9,-8,-7,-9,-6,-9,-5,-9,-5,-9,-5,-8,-6,-8,-5,-8,-4,-8,-5,-8,-4,-9,-4,-8,-4,-8,-4,-7,-3,-6,-3,0,0,0,0,0,0,0,0,0,0,0,0,0,0,0,0,0,0,0,0,0,0,-5,-9,-5,-10,-4,-10,-4,-10,-6,-9,-5,-9,-4,-10,-4,-11,-4,-12,-4,-13,-4,-13,-4,-14,-3,-13,-4,-12,-6,-11,-8,-12,-7,-14,-6,-15,-7,-15,-8,-15,-7,-16,-8,-15,-9,-15,-9,-15,-8,-16,-9,-17,0.0,17.029386365926403,16.64331697709324,16.64331697709324,16.401219466856727,16.401219466856727,15.0,13.601470508735444,12.806248474865697,11.40175425099138,11.661903789690601,11.40175425099138,10.63014581273465,10.816653826391969,10.295630140987,10.295630140987,10.295630140987,10.0,9.433981132056603,8.94427190999916,9.433981132056603,8.94427190999916,9.848857801796104,8.94427190999916,8.94427190999916,7.615773105863909,6.708203932499369,0.0,0.0,0.0,0.0,0.0,0.0,0.0,0.0,0.0,0.0,0.0,10.295630140987,11.180339887498949,10.770329614269007,10.770329614269007,10.816653826391969,10.295630140987,10.770329614269007,11.704699910719626,12.649110640673518,13.601470508735444,13.601470508735444,14.560219778561036,13.341664064126334,12.649110640673518,12.529964086141668,14.422205101855956,15.652475842498529,16.15549442140351,16.55294535724685,17.0,17.46424919657298,17.0,17.4928556845359,17.4928556845359,17.88854381999832,19.235384061671343,0.0,-2.2730532583039036,-2.1421338066285234,-2.1421338066285234,-2.2264919530364327,-2.2264919530364327,-2.214297435588181,-2.1995926132103296,-2.2455372690184494,-2.2318394956455836,-2.1112158270654806,-2.2318394956455836,-2.4227626539681686,-2.5535900500422257,-2.6344941491974563,-2.6344941491974563,-2.6344941491974563,-2.498091544796509,-2.5829933382462307,-2.677945044588987,-2.5829933382462307,-2.677945044588987,-2.723368324010564,-2.677945044588987,-2.677945044588987,-2.7367008673047097,-2.677945044588987,0.0,0.0,0.0,0.0,0.0,0.0,0.0,0.0,0.0,0.0,0.0,-2.0778948311872334,-2.0344439357957027,-1.9513027039072615,-1.9513027039072615,-2.158798930342464,-2.0778948311872334,-1.9513027039072615,-1.9195673303788037,-1.892546881191539,-1.8692952583810758,-1.8692952583810758,-1.849095985800008,-1.7975951748487824,-1.892546881191539,-2.0701430484750265,-2.158798930342464,-2.0344439357957027,-1.9513027039072615,-2.007423486608438,-2.060753653048625,-1.9832067683922838,-2.060753653048625,-2.1112158270654806,-2.1112158270654806,-2.0344439357957027,-2.0576955586061656
3.6830724719984573,router,ba:bd:de:13:68:55,-83,98.92272334880587,64,1.46885147794048,21.248866557897674,0,0,12,-14,13,-12,12,-11,11,-10,11,-9,10,-9,9,-9,8,-8,7,-9,5,-9,5,-9,6,-9,4,-8,3,-8,3,-9,4,-9,3,-8,2,-8,2,-8,3,-8,2,-8,2,-8,2,-8,3,-7,2,-7,3,-6,0,0,0,0,0,0,0,0,0,0,0,0,0,0,0,0,0,0,0,0,0,0,7,-4,7,-4,8,-4,8,-5,9,-5,10,-5,9,-5,10,-6,11,-7,12,-7,12,-7,13,-7,13,-6,13,-6,13,-7,12,-8,12,-8,13,-8,13,-9,12,-9,12,-9,13,-10,15,-11,16,-10,15,-11,15,-11,0.0,18.439088914585774,17.69180601295413,16.278820596099706,14.866068747318506,14.212670403551895,13.45362404707371,12.727922061357855,11.313708498984761,11.40175425099138,10.295630140987,10.295630140987,10.816653826391969,8.94427190999916,8.54400374531753,9.486832980505138,9.848857801796104,8.54400374531753,8.246211251235321,8.246211251235321,8.54400374531753,8.246211251235321,8.246211251235321,8.246211251235321,7.615773105863909,7.280109889280518,6.708203932499369,0.0,0.0,0.0,0.0,0.0,0.0,0.0,0.0,0.0,0.0,0.0,8.06225774829855,8.06225774829855,8.94427190999916,9.433981132056603,10.295630140987,11.180339887498949,10.295630140987,11.661903789690601,13.038404810405298,13.892443989449804,13.892443989449804,14.7648230602334,14.317821063276353,14.317821063276353,14.7648230602334,14.422205101855956,14.422205101855956,15.264337522473747,15.811388300841896,15.0,15.0,16.401219466856727,18.601075237738275,18.867962264113206,18.601075237738275,18.601075237738275,0.0,-0.8621700546672264,-0.7454194762741583,-0.7419472680059175,-0.7378150601204649,-0.6857295109062863,-0.7328151017865066,-0.7853981633974483,-0.7853981633974483,-0.9097531579442097,-1.0636978224025597,-1.0636978224025597,-0.982793723247329,-1.1071487177940904,-1.2120256565243244,-1.2490457723982544,-1.1525719972156676,-1.2120256565243244,-1.3258176636680326,-1.3258176636680326,-1.2120256565243244,-1.3258176636680326,-1.3258176636680326,-1.3258176636680326,-1.1659045405098132,-1.2924966677897853,-1.1071487177940904,0.0,0.0,0.0,0.0,0.0,0.0,0.0,0.0,0.0,0.0,0.0,-0.5191461142465229,-0.5191461142465229,-0.4636476090008061,-0.5585993153435624,-0.507098504392337,-0.4636476090008061,-0.507098504392337,-0.5404195002705842,-0.5667292175235064,-0.5280744484263596,-0.5280744484263596,-0.49394136891958124,-0.43240777557053783,-0.43240777557053783,-0.49394136891958124,-0.5880026035475675,-0.5880026035475675,-0.5516549825285468,-0.6055446636049701,-0.6435011087932844,-0.6435011087932844,-0.6556956262415362,-0.6327488350021832,-0.5585993153435624,-0.6327488350021832,-0.6327488350021832
3.79482399400149,router,ba:bd:de:13:68:55,-84,98.92272334880587,64,1.4678922034578719,21.050094860191173,0,0,-9,11,-10,12,-10,13,-9,13,-9,12,-10,10,-10,10,-7,11,-6,11,-6,10,-5,10,-4,9,-4,9,-3,10,-2,10,-2,9,-2,9,-1,8,-1,7,-2,9,-3,10,-3,9,-2,8,-2,7,-3,7,-3,8,0,0,0,0,0,0,0,0,0,0,0,0,0,0,0,0,0,0,0,0,0,0,-4,7,-4,8,-4,7,-5,7,-5,7,-6,8,-7,9,-8,10,-9,11,-9,10,-9,10,-8,10,-8,12,-9,12,-9,11,-8,11,-9,12,-10,12,-10,11,-9,12,-9,14,-10,15,-12,14,-11,14,-11,15,-13,15,0.0,14.212670403551895,15.620499351813308,16.401219466856727,15.811388300841896,15.0,14.142135623730951,14.142135623730951,13.038404810405298,12.529964086141668,11.661903789690601,11.180339887498949,9.848857801796104,9.848857801796104,10.44030650891055,10.198039027185569,9.219544457292887,9.219544457292887,8.06225774829855,7.0710678118654755,9.219544457292887,10.44030650891055,9.486832980505138,8.246211251235321,7.280109889280518,7.615773105863909,8.54400374531753,0.0,0.0,0.0,0.0,0.0,0.0,0.0,0.0,0.0,0.0,0.0,8.06225774829855,8.94427190999916,8.06225774829855,8.602325267042627,8.602325267042627,10.0,11.40175425099138,12.806248474865697,14.212670403551895,13.45362404707371,13.45362404707371,12.806248474865697,14.422205101855956,15.0,14.212670403551895,13.601470508735444,15.0,15.620499351813308,14.866068747318506,15.0,16.64331697709324,18.027756377319946,18.439088914585774,17.804493814764857,18.601075237738275,19.849433241279208,0.0,2.256525837701183,2.2655346029916,2.2264919530364327,2.1763409903998667,2.214297435588181,2.356194490192345,2.356194490192345,2.137525544318403,2.0701430484750265,2.1112158270654806,2.0344439357957027,1.9890206563741257,1.9890206563741257,1.8622531212727638,1.7681918866447774,1.7894652726688385,1.7894652726688385,1.695151321341658,1.7126933813990606,1.7894652726688385,1.8622531212727638,1.892546881191539,1.8157749899217608,1.849095985800008,1.97568811307998,1.9295669970654687,0.0,0.0,0.0,0.0,0.0,0.0,0.0,0.0,0.0,0.0,0.0,2.0899424410414196,2.0344439357957027,2.0899424410414196,2.191045812777718,2.191045812777718,2.214297435588181,2.2318394956455836,2.2455372690184494,2.256525837701183,2.3036114285814033,2.3036114285814033,2.2455372690184494,2.158798930342464,2.214297435588181,2.256525837701183,2.1995926132103296,2.214297435588181,2.2655346029916,2.3086113869153615,2.214297435588181,2.1421338066285234,2.158798930342464,2.279422598922567,2.2367655641740063,2.20354516179708,2.2848870254070546
3.902451980000478,router,ba:bd:de:13:68:55,-84,98.92272334880587,64,1.4675844903880395,20.83999285081078,0,0,4,17,4,16,4,15,4,14,4,12,3,11,4,11,4,10,4,10,4,10,5,8,7,8,7,7,7,6,6,6,6,5,7,5,6,6,5,6,5,4,6,4,6,6,7,7,5,8,3,6,3,4,0,0,0,0,0,0,0,0,0,0,0,0,0,0,0,0,0,0,0,0,0,0,2,6,3,6,2,8,2,9,2,9,2,10,2,10,1,11,2,12,2,12,3,12,3,12,3,12,3,13,2,14,3,13,3,13,2,13,2,14,3,14,4,15,4,16,3,16,3,16,4,17,3,17,0.0,17.46424919657298,16.492422502470642,15.524174696260024,14.560219778561036,12.649110640673518,11.40175425099138,11.704699910719626,10.770329614269007,10.770329614269007,10.770329614269007,9.433981132056603,10.63014581273465,9.899494936611665,9.219544457292887,8.48528137423857,7.810249675906654,8.602325267042627,8.48528137423857,7.810249675906654,6.4031242374328485,7.211102550927978,8.48528137423857,9.899494936611665,9.433981132056603,6.708203932499369,5.0,0.0,0.0,0.0,0.0,0.0,0.0,0.0,0.0,0.0,0.0,0.0,6.324555320336759,6.708203932499369,8.246211251235321,9.219544457292887,9.219544457292887,10.198039027185569,10.198039027185569,11.045361017187261,12.165525060596439,12.165525060596439,12.36931687685298,12.36931687685298,12.36931687685298,13.341664064126334,14.142135623730951,13.341664064126334,13.341664064126334,13.152946437965905,14.142135623730951,14.317821063276353,15.524174696260024,16.492422502470642,16.278820596099706,16.278820596099706,17.46424919657298,17.26267650163207,0.0,1.3397056595989996,1.3258176636680326,1.3101939350475555,1.2924966677897853,1.2490457723982544,1.3045442776439713,1.2220253232109897,1.1902899496825317,1.1902899496825317,1.1902899496825317,1.0121970114513341,0.8519663271732721,0.7853981633974483,0.7086262721276703,0.7853981633974483,0.6947382761967031,0.6202494859828215,0.7853981633974483,0.8760580505981934,0.6747409422235526,0.5880026035475675,0.7853981633974483,0.7853981633974483,1.0121970114513341,1.1071487177940904,0.9272952180016122,0.0,0.0,0.0,0.0,0.0,0.0,0.0,0.0,0.0,0.0,0.0,1.2490457723982544,1.1071487177940904,1.3258176636680326,1.3521273809209546,1.3521273809209546,1.373400766945016,1.373400766945016,1.4801364395941514,1.4056476493802699,1.4056476493802699,1.3258176636680326,1.3258176636680326,1.3258176636680326,1.3439974787410107,1.4288992721907328,1.3439974787410107,1.3439974787410107,1.4181469983996315,1.4288992721907328,1.35970299357215,1.3101939350475555,1.3258176636680326,1.3854483767992019,1.3854483767992019,1.3397056595989996,1.396124127786657
4.0120597310015,router,ba:bd:de:13:68:55,-84,98.92272334880587,64,1.4670112130309967,20.609849942050896,0,0,4,16,3,15,2,14,2,13,2,12,3,11,4,11,4,11,3,10,3,8,3,7,4,8,5,8,5,7,3,8,3,8,4,7,5,6,5,7,4,8,3,7,4,6,5,5,4,5,3,6,1,7,0,0,0,0,0,0,0,0,0,0,0,0,0,0,0,0,0,0,0,0,0,0,2,6,3,5,3,6,2,7,1,8,1,9,3,11,3,11,3,11,1,11,0,11,1,12,2,13,2,13,2,13,1,13,2,14,3,14,3,15,3,15,3,15,3,15,4,16,5,16,5,17,5,16,0.0,16.492422502470642,15.297058540778355,14.142135623730951,13.152946437965905,12.165525060596439,11.40175425099138,11.704699910719626,11.704699910719626,10.44030650891055,8.54400374531753,7.615773105863909,8.94427190999916,9.433981132056603,8.602325267042627,8.54400374531753,8.54400374531753,8.06225774829855,7.810249675906654,8.602325267042627,8.94427190999916,7.615773105863909,7.211102550927978,7.0710678118654755,6.4031242374328485,6.708203932499369,7.0710678118654755,0.0,0.0,0.0,0.0,0.0,0.0,0.0,0.0,0.0,0.0,0.0,6.324555320336759,5.830951894845301,6.708203932499369,7.280109889280518,8.06225774829855,9.055385138137417,11.40175425099138,11.40175425099138,11.40175425099138,11.045361017187261,11.0,12.041594578792296,13.152946437965905,13.152946437965905,13.152946437965905,13.038404810405298,14.142135623730951,14.317821063276353,15.297058540778355,15.297058540778355,15.297058540778355,15.297058540778355,16.492422502470642,16.76305461424021,17.72004514666935,16.76305461424021,0.0,1.3258176636680326,1.373400766945016,1.4288992721907328,1.4181469983996315,1.4056476493802699,1.3045442776439713,1.2220253232109897,1.2220253232109897,1.2793395323170296,1.2120256565243244,1.1659045405098132,1.1071487177940904,1.0121970114513341,0.9505468408120752,1.2120256565243244,1.2120256565243244,1.0516502125483738,0.8760580505981934,0.9505468408120752,1.1071487177940904,1.1659045405098132,0.982793723247329,0.7853981633974483,0.8960553845713439,1.1071487177940904,1.4288992721907328,0.0,0.0,0.0,0.0,0.0,0.0,0.0,0.0,0.0,0.0,0.0,1.2490457723982544,1.0303768265243125,1.1071487177940904,1.2924966677897853,1.446441332248135,1.460139105621001,1.3045442776439713,1.3045442776439713,1.3045442776439713,1.4801364395941514,1.5707963267948966,1.4876550949064553,1.4181469983996315,1.4181469983996315,1.4181469983996315,1.4940244355251187,1.4288992721907328,1.35970299357215,1.373400766945016,1.373400766945016,1.373400766945016,1.373400766945016,1.3258176636680326,1.2679114584199251,1.2847448850775784,1.2679114584199251
4.11383962900436,router,ba:bd:de:13:68:55,-84,98.92272334880587,64,1.4668230293279965,20.367772164643128,0,0,-3,17,-3,17,-3,17,-2,17,-2,16,-3,15,-2,14,-1,13,-1,13,-1,13,1,12,2,11,1,10,1,11,1,10,2,10,1,11,1,11,2,9,2,8,2,8,2,6,1,6,0,7,0,6,-2,4,0,0,0,0,0,0,0,0,0,0,0,0,0,0,0,0,0,0,0,0,0,0,0,9,1,9,2,9,1,10,-1,12,-1,13,0,14,1,14,0,13,-1,13,-1,13,0,14,-1,14,-2,14,-2,15,-2,16,-2,17,-2,18,-2,17,-3,17,-3,18,-3,19,-3,18,-2,18,-2,19,-3,19,0.0,17.26267650163207,17.26267650163207,17.26267650163207,17.11724276862369,16.1245154965971,15.297058540778355,14.142135623730951,13.038404810405298,13.038404810405298,13.038404810405298,12.041594578792296,11.180339887498949,10.04987562112089,11.045361017187261,10.04987562112089,10.198039027185569,11.045361017187261,11.045361017187261,9.219544457292887,8.246211251235321,8.246211251235321,6.324555320336759,6.082762530298219,7.0,6.0,4.47213595499958,0.0,0.0,0.0,0.0,0.0,0.0,0.0,0.0,0.0,0.0,0.0,9.0,9.055385138137417,9.219544457292887,10.04987562112089,12.041594578792296,13.038404810405298,14.0,14.035668847618199,13.0,13.038404810405298,13.038404810405298,14.0,14.035668847618199,14.142135623730951,15.132745950421556,16.1245154965971,17.11724276862369,18.110770276274835,17.11724276862369,17.26267650163207,18.24828759089466,19.235384061671343,18.24828759089466,18.110770276274835,19.1049731745428,19.235384061671343,0.0,1.7454685258031364,1.7454685258031364,1.7454685258031364,1.687905071361761,1.695151321341658,1.7681918866447774,1.7126933813990606,1.6475682180646747,1.6475682180646747,1.6475682180646747,1.4876550949064553,1.3909428270024184,1.4711276743037347,1.4801364395941514,1.4711276743037347,1.373400766945016,1.4801364395941514,1.4801364395941514,1.3521273809209546,1.3258176636680326,1.3258176636680326,1.2490457723982544,1.4056476493802699,1.5707963267948966,1.5707963267948966,2.0344439357957027,0.0,0.0,0.0,0.0,0.0,0.0,0.0,0.0,0.0,0.0,0.0,1.5707963267948966,1.460139105621001,1.3521273809209546,1.4711276743037347,1.6539375586833378,1.6475682180646747,1.5707963267948966,1.4994888620096063,1.5707963267948966,1.6475682180646747,1.6475682180646747,1.5707963267948966,1.642103791580187,1.7126933813990606,1.7033478590915707,1.695151321341658,1.687905071361761,1.6814535479687922,1.687905071361761,1.7454685258031364,1.7359450042095235,1.727398203776912,1.7359450042095235,1.6814535479687922,1.6756732655251305,1.727398203776912
4.223578450000787,router,ba:bd:de:13:68:55,-84,98.92272334880587,64,1.4663584564785417,20.114539943982514,0,0,-21,-4,-19,-3,-16,-3,-15,-3,-15,-3,-14,-3,-12,-3,-11,-3,-10,-2,-11,-1,-11,-1,-10,-1,-9,0,-8,0,-8,2,-9,2,-10,2,-10,0,-8,0,-8,1,-8,0,-7,0,-7,-1,-7,0,-7,0,-8,-1,0,0,0,0,0,0,0,0,0,0,0,0,0,0,0,0,0,0,0,0,0,0,-10,-2,-9,-2,-9,-2,-9,-1,-10,-1,-12,-3,-12,-4,-12,-3,-11,-2,-11,-3,-13,-3,-13,-3,-14,-4,-14,-4,-14,-3,-14,-3,-15,-4,-16,-4,-16,-4,-17,-4,-17,-4,-18,-3,-18,-4,-18,-4,-19,-3,-20,-3,0.0,21.37755832643195,19.235384061671343,16.278820596099706,15.297058540778355,15.297058540778355,14.317821063276353,12.36931687685298,11.40175425099138,10.198039027185569,11.045361017187261,11.045361017187261,10.04987562112089,9.0,8.0,8.246211251235321,9.219544457292887,10.198039027185569,10.0,8.0,8.06225774829855,8.0,7.0,7.0710678118654755,7.0,7.0,8.06225774829855,0.0,0.0,0.0,0.0,0.0,0.0,0.0,0.0,0.0,0.0,0.0,10.198039027185569,9.219544457292887,9.219544457292887,9.055385138137417,10.04987562112089,12.36931687685298,12.649110640673518,12.36931687685298,11.180339887498949,11.40175425099138,13.341664064126334,13.341664064126334,14.560219778561036,14.560219778561036,14.317821063276353,14.317821063276353,15.524174696260024,16.492422502470642,16.492422502470642,17.46424919657298,17.46424919657298,18.24828759089466,18.439088914585774,18.439088914585774,19.235384061671343,20.223748416156685,0.0,-2.9533711482850227,-2.984990776607778,-2.9562447035940984,-2.9441970937399127,-2.9441970937399127,-2.930499320367047,-2.896613990462929,-2.875340604438868,-2.9441970937399127,-3.050932766389048,-3.050932766389048,-3.0419240010986313,3.141592653589793,3.141592653589793,2.896613990462929,2.922923707715851,2.9441970937399127,3.141592653589793,3.141592653589793,3.017237659043032,3.141592653589793,3.141592653589793,-2.999695598985629,3.141592653589793,3.141592653589793,-3.017237659043032,0.0,0.0,0.0,0.0,0.0,0.0,0.0,0.0,0.0,0.0,0.0,-2.9441970937399127,-2.922923707715851,-2.922923707715851,-3.0309354324158977,-3.0419240010986313,-2.896613990462929,-2.819842099193151,-2.896613990462929,-2.961739153797315,-2.875340604438868,-2.9147938055359073,-2.9147938055359073,-2.8632929945846817,-2.8632929945846817,-2.930499320367047,-2.930499320367047,-2.8809902618424523,-2.896613990462929,-2.896613990462929,-2.9105019863938963,-2.9105019863938963,-2.976443976175166,-2.922923707715851,-2.922923707715851,-2.984990776607778,-2.992702705980296
4.333279443999345,router,ba:bd:de:13:68:55,-83,98.92272334880587,64,1.464685749437628,19.87596626899277,0,0,6,-17,6,-17,5,-15,4,-14,5,-14,5,-14,5,-14,4,-13,3,-12,2,-12,1,-12,1,-11,1,-11,1,-11,-1,-10,-1,-10,0,-9,0,-9,0,-9,0,-8,0,-7,0,-8,-1,-9,-1,-9,1,-9,2,-8,0,0,0,0,0,0,0,0,0,0,0,0,0,0,0,0,0,0,0,0,0,0,2,-8,2,-8,2,-9,3,-9,4,-10,7,-12,8,-13,7,-13,6,-14,5,-13,6,-14,7,-15,8,-15,8,-13,6,-13,5,-14,6,-14,7,-15,7,-17,7,-18,6,-17,6,-17,7,-16,7,-17,6,-18,6,-18,0.0,18.027756377319946,18.027756377319946,15.811388300841896,14.560219778561036,14.866068747318506,14.866068747318506,14.866068747318506,13.601470508735444,12.36931687685298,12.165525060596439,12.041594578792296,11.045361017187261,11.045361017187261,11.045361017187261,10.04987562112089,10.04987562112089,9.0,9.0,9.0,8.0,7.0,8.0,9.055385138137417,9.055385138137417,9.055385138137417,8.246211251235321,0.0,0.0,0.0,0.0,0.0,0.0,0.0,0.0,0.0,0.0,0.0,8.246211251235321,8.246211251235321,9.219544457292887,9.486832980505138,10.770329614269007,13.892443989449804,15.264337522473747,14.7648230602334,15.231546211727817,13.92838827718412,15.231546211727817,16.55294535724685,17.0,15.264337522473747,14.317821063276353,14.866068747318506,15.231546211727817,16.55294535724685,18.384776310850235,19.313207915827967,18.027756377319946,18.027756377319946,17.46424919657298,18.384776310850235,18.973665961010276,18.973665961010276,0.0,-1.2315037123408519,-1.2315037123408519,-1.2490457723982544,-1.2924966677897853,-1.2277723863741932,-1.2277723863741932,-1.2277723863741932,-1.2722973952087173,-1.3258176636680326,-1.4056476493802699,-1.4876550949064553,-1.4801364395941514,-1.4801364395941514,-1.4801364395941514,-1.6704649792860586,-1.6704649792860586,-1.5707963267948966,-1.5707963267948966,-1.5707963267948966,-1.5707963267948966,-1.5707963267948966,-1.5707963267948966,-1.6814535479687922,-1.6814535479687922,-1.460139105621001,-1.3258176636680326,0.0,0.0,0.0,0.0,0.0,0.0,0.0,0.0,0.0,0.0,0.0,-1.3258176636680326,-1.3258176636680326,-1.3521273809209546,-1.2490457723982544,-1.1902899496825317,-1.042721878368537,-1.0191413442663497,-1.0768549578753155,-1.1659045405098132,-1.2036224929766774,-1.1659045405098132,-1.1341691669813554,-1.0808390005411683,-1.0191413442663497,-1.1383885512243588,-1.2277723863741932,-1.1659045405098132,-1.1341691669813554,-1.1801892830972098,-1.1999050379822342,-1.2315037123408519,-1.2315037123408519,-1.1583858851975093,-1.1801892830972098,-1.2490457723982544,-1.2490457723982544
4.433374004998768,router,ba:bd:de:13:68:55,-84,98.92272334880587,64,1.4585811634842083,19.65256022857484,0,0,-18,-5,-18,-6,-17,-6,-16,-5,-14,-4,-12,-4,-11,-4,-12,-4,-12,-3,-12,-3,-12,-3,-12,-2,-11,-1,-12,-1,-11,0,-10,0,-10,1,-10,1,-10,0,-10,-1,-11,-1,-9,-1,-7,0,-7,0,-9,1,-10,2,0,0,0,0,0,0,0,0,0,0,0,0,0,0,0,0,0,0,0,0,0,0,-11,-5,-10,-3,-8,-2,-8,-2,-10,-3,-11,-3,-12,-3,-12,-3,-13,-3,-13,-4,-13,-5,-14,-4,-14,-4,-14,-6,-15,-6,-16,-5,-17,-4,-16,-4,-16,-4,-17,-5,-19,-6,-19,-6,-19,-5,-18,-5,-17,-6,-17,-7,0.0,18.681541692269406,18.973665961010276,18.027756377319946,16.76305461424021,14.560219778561036,12.649110640673518,11.704699910719626,12.649110640673518,12.36931687685298,12.36931687685298,12.36931687685298,12.165525060596439,11.045361017187261,12.041594578792296,11.0,10.0,10.04987562112089,10.04987562112089,10.0,10.04987562112089,11.045361017187261,9.055385138137417,7.0,7.0,9.055385138137417,10.198039027185569,0.0,0.0,0.0,0.0,0.0,0.0,0.0,0.0,0.0,0.0,0.0,12.083045973594572,10.44030650891055,8.246211251235321,8.246211251235321,10.44030650891055,11.40175425099138,12.36931687685298,12.36931687685298,13.341664064126334,13.601470508735444,13.92838827718412,14.560219778561036,14.560219778561036,15.231546211727817,16.15549442140351,16.76305461424021,17.46424919657298,16.492422502470642,16.492422502470642,17.72004514666935,19.924858845171276,19.924858845171276,19.6468827043885,18.681541692269406,18.027756377319946,18.384776310850235,0.0,-2.8706458032513726,-2.819842099193151,-2.8023000391357487,-2.838707785214822,-2.8632929945846817,-2.819842099193151,-2.7928216500058864,-2.819842099193151,-2.896613990462929,-2.896613990462929,-2.896613990462929,-2.976443976175166,-3.050932766389048,-3.058451421701352,3.141592653589793,3.141592653589793,3.0419240010986313,3.0419240010986313,3.141592653589793,-3.0419240010986313,-3.050932766389048,-3.0309354324158977,3.141592653589793,3.141592653589793,3.0309354324158977,2.9441970937399127,0.0,0.0,0.0,0.0,0.0,0.0,0.0,0.0,0.0,0.0,0.0,-2.714965160462917,-2.8501358591119264,-2.896613990462929,-2.896613990462929,-2.8501358591119264,-2.875340604438868,-2.896613990462929,-2.896613990462929,-2.9147938055359073,-2.843093722003614,-2.774418819771574,-2.8632929945846817,-2.8632929945846817,-2.7367008673047097,-2.761086276477428,-2.838707785214822,-2.9105019863938963,-2.896613990462929,-2.896613990462929,-2.8555412118724752,-2.835713782184941,-2.835713782184941,-2.8842689386187046,-2.8706458032513726,-2.8023000391357487,-2.7509856098921066
4.534490448000724,router,ba:bd:de:13:68:55,-83,98.92272334880587,64,1.453647271592266,19.413676880673286,0,0,-12,12,-12,14,-11,15,-9,14,-9,14,-9,13,-8,11,-8,10,-7,10,-5,10,-5,9,-5,8,-4,8,-3,9,-2,8,-2,8,-2,8,-1,8,0,8,-1,9,-2,9,-2,8,-1,7,0,7,-2,8,-4,10,0,0,0,0,0,0,0,0,0,0,0,0,0,0,0,0,0,0,0,0,0,0,-4,9,-6,9,-7,7,-6,8,-5,9,-5,9,-7,9,-9,8,-9,9,-9,10,-10,10,-10,11,-11,12,-11,11,-10,10,-10,11,-10,12,-11,14,-11,14,-12,14,-13,15,-13,16,-13,15,-12,15,-12,17,-14,17,0.0,16.97056274847714,18.439088914585774,18.601075237738275,16.64331697709324,16.64331697709324,15.811388300841896,13.601470508735444,12.806248474865697,12.206555615733702,11.180339887498949,10.295630140987,9.433981132056603,8.94427190999916,9.486832980505138,8.246211251235321,8.246211251235321,8.246211251235321,8.06225774829855,8.0,9.055385138137417,9.219544457292887,8.246211251235321,7.0710678118654755,7.0,8.246211251235321,10.770329614269007,0.0,0.0,0.0,0.0,0.0,0.0,0.0,0.0,0.0,0.0,0.0,9.848857801796104,10.816653826391969,9.899494936611665,10.0,10.295630140987,10.295630140987,11.40175425099138,12.041594578792296,12.727922061357855,13.45362404707371,14.142135623730951,14.866068747318506,16.278820596099706,15.556349186104045,14.142135623730951,14.866068747318506,15.620499351813308,17.804493814764857,17.804493814764857,18.439088914585774,19.849433241279208,20.615528128088304,19.849433241279208,19.209372712298546,20.808652046684813,22.02271554554524,0.0,2.356194490192345,2.279422598922567,2.20354516179708,2.1421338066285234,2.1421338066285234,2.1763409903998667,2.1995926132103296,2.2455372690184494,2.1815222911841055,2.0344439357957027,2.0778948311872334,2.129395642138459,2.0344439357957027,1.892546881191539,1.8157749899217608,1.8157749899217608,1.8157749899217608,1.695151321341658,1.5707963267948966,1.6814535479687922,1.7894652726688385,1.8157749899217608,1.7126933813990606,1.5707963267948966,1.8157749899217608,1.9513027039072615,0.0,0.0,0.0,0.0,0.0,0.0,0.0,0.0,0.0,0.0,0.0,1.9890206563741257,2.158798930342464,2.356194490192345,2.214297435588181,2.0778948311872334,2.0778948311872334,2.2318394956455836,2.4149503129080676,2.356194490192345,2.3036114285814033,2.356194490192345,2.3086113869153615,2.312743594800814,2.356194490192345,2.356194490192345,2.3086113869153615,2.2655346029916,2.2367655641740063,2.2367655641740063,2.279422598922567,2.2848870254070546,2.2531128816696446,2.2848870254070546,2.2455372690184494,2.185459278717062,2.2597207150097582
4.643388591000985,router,ba:bd:de:13:68:55,-84,98.92272334880587,64,1.44938909914016,19.16132684866355,0,0,-9,13,-9,13,-9,12,-8,12,-7,11,-7,11,-7,10,-6,9,-5,9,-5,9,-5,9,-5,9,-4,8,-4,9,-4,8,-4,8,-3,7,-2,7,-3,7,-3,7,-3,8,-2,7,-2,6,-3,6,-4,6,-4,5,0,0,0,0,0,0,0,0,0,0,0,0,0,0,0,0,0,0,0,0,0,0,-3,8,-3,7,-3,7,-3,7,-3,7,-3,9,-4,10,-4,10,-5,10,-6,11,-6,11,-6,11,-7,10,-8,11,-7,12,-7,12,-8,12,-9,13,-10,13,-9,13,-9,14,-10,15,-12,15,-12,15,-11,15,-11,16,0.0,15.811388300841896,15.811388300841896,15.0,14.422205101855956,13.038404810405298,13.038404810405298,12.206555615733702,10.816653826391969,10.295630140987,10.295630140987,10.295630140987,10.295630140987,8.94427190999916,9.848857801796104,8.94427190999916,8.94427190999916,7.615773105863909,7.280109889280518,7.615773105863909,7.615773105863909,8.54400374531753,7.280109889280518,6.324555320336759,6.708203932499369,7.211102550927978,6.4031242374328485,0.0,0.0,0.0,0.0,0.0,0.0,0.0,0.0,0.0,0.0,0.0,8.54400374531753,7.615773105863909,7.615773105863909,7.615773105863909,7.615773105863909,9.486832980505138,10.770329614269007,10.770329614269007,11.180339887498949,12.529964086141668,12.529964086141668,12.529964086141668,12.206555615733702,13.601470508735444,13.892443989449804,13.892443989449804,14.422205101855956,15.811388300841896,16.401219466856727,15.811388300841896,16.64331697709324,18.027756377319946,19.209372712298546,19.209372712298546,18.601075237738275,19.4164878389476,0.0,2.1763409903998667,2.1763409903998667,2.214297435588181,2.158798930342464,2.137525544318403,2.137525544318403,2.1815222911841055,2.158798930342464,2.0778948311872334,2.0778948311872334,2.0778948311872334,2.0778948311872334,2.0344439357957027,1.9890206563741257,2.0344439357957027,2.0344439357957027,1.97568811307998,1.849095985800008,1.97568811307998,1.97568811307998,1.9295669970654687,1.849095985800008,1.892546881191539,2.0344439357957027,2.158798930342464,2.2455372690184494,0.0,0.0,0.0,0.0,0.0,0.0,0.0,0.0,0.0,0.0,0.0,1.9295669970654687,1.97568811307998,1.97568811307998,1.97568811307998,1.97568811307998,1.892546881191539,1.9513027039072615,1.9513027039072615,2.0344439357957027,2.0701430484750265,2.0701430484750265,2.0701430484750265,2.1815222911841055,2.1995926132103296,2.0988707752212563,2.0988707752212563,2.158798930342464,2.1763409903998667,2.2264919530364327,2.1763409903998667,2.1421338066285234,2.158798930342464,2.2455372690184494,2.2455372690184494,2.20354516179708,2.173083672929861
4.752560187000199,router,ba:bd:de:13:68:55,-83,100.14794499015245,64,1.4452105396404216,18.653148459522242,0,0,-11,14,-9,15,-8,15,-8,14,-8,13,-7,11,-6,10,-5,10,-5,9,-5,9,-4,9,-4,8,-4,9,-4,9,-5,8,-5,9,-4,9,-4,7,-4,6,-3,6,-3,7,-2,7,-2,6,-2,6,-2,5,-5,3,0,0,0,0,0,0,0,0,0,0,0,0,0,0,0,0,0,0,0,0,0,0,0,8,0,10,-1,10,-1,10,-1,10,-2,10,-3,11,-3,11,-2,11,-2,11,-2,12,-2,13,-3,13,-4,14,-4,15,-4,15,-5,16,-5,15,-6,15,-6,16,-6,16,-6,16,-6,17,-6,18,-7,19,-8,19,0.0,17.804493814764857,17.4928556845359,17.0,16.1245154965971,15.264337522473747,13.038404810405298,11.661903789690601,11.180339887498949,10.295630140987,10.295630140987,9.848857801796104,8.94427190999916,9.848857801796104,9.848857801796104,9.433981132056603,10.295630140987,9.848857801796104,8.06225774829855,7.211102550927978,6.708203932499369,7.615773105863909,7.280109889280518,6.324555320336759,6.324555320336759,5.385164807134504,5.830951894845301,0.0,0.0,0.0,0.0,0.0,0.0,0.0,0.0,0.0,0.0,0.0,8.0,10.0,10.04987562112089,10.04987562112089,10.04987562112089,10.198039027185569,11.40175425099138,11.40175425099138,11.180339887498949,11.180339887498949,12.165525060596439,13.152946437965905,13.341664064126334,14.560219778561036,15.524174696260024,15.524174696260024,16.76305461424021,15.811388300841896,16.15549442140351,17.08800749063506,17.08800749063506,17.08800749063506,18.027756377319946,18.973665961010276,20.248456731316587,20.615528128088304,0.0,2.2367655641740063,2.1112158270654806,2.060753653048625,2.0899424410414196,2.1224513093234436,2.137525544318403,2.1112158270654806,2.0344439357957027,2.0778948311872334,2.0778948311872334,1.9890206563741257,2.0344439357957027,1.9890206563741257,1.9890206563741257,2.129395642138459,2.0778948311872334,1.9890206563741257,2.0899424410414196,2.158798930342464,2.0344439357957027,1.97568811307998,1.849095985800008,1.892546881191539,1.892546881191539,1.9513027039072615,2.601173153319209,0.0,0.0,0.0,0.0,0.0,0.0,0.0,0.0,0.0,0.0,0.0,1.5707963267948966,1.5707963267948966,1.6704649792860586,1.6704649792860586,1.6704649792860586,1.7681918866447774,1.837048375945822,1.837048375945822,1.750649826587375,1.750649826587375,1.7359450042095235,1.7234456551901618,1.7975951748487824,1.849095985800008,1.8313987185422376,1.8313987185422376,1.873681195169868,1.892546881191539,1.9513027039072615,1.9295669970654687,1.9295669970654687,1.9295669970654687,1.9100889412489412,1.892546881191539,1.923786714621807,1.9693187724613168
4.853336651001882,router,ba:bd:de:13:68:55,-84,100.14794499015245,64,1.4421290500352824,18.25634504805706,0,0,16,0,16,0,17,0,16,1,13,0,11,-1,11,0,12,1,11,0,10,-1,9,-2,9,-2,8,-2,8,-2,7,-2,6,-2,5,-2,5,-4,6,-4,6,-3,6,-4,6,-3,6,-2,6,-2,5,-2,6,-2,0,0,0,0,0,0,0,0,0,0,0,0,0,0,0,0,0,0,0,0,0,0,7,-1,7,-1,8,0,9,1,10,1,10,1,10,1,11,2,12,2,12,2,12,2,13,2,13,1,13,0,13,2,13,2,14,2,15,2,15,1,16,0,15,1,15,1,18,0,18,0,16,1,16,2,0.0,16.0,16.0,17.0,16.0312195418814,13.0,11.045361017187261,11.0,12.041594578792296,11.0,10.04987562112089,9.219544457292887,9.219544457292887,8.246211251235321,8.246211251235321,7.280109889280518,6.324555320336759,5.385164807134504,6.4031242374328485,7.211102550927978,6.708203932499369,7.211102550927978,6.708203932499369,6.324555320336759,6.324555320336759,5.385164807134504,6.324555320336759,0.0,0.0,0.0,0.0,0.0,0.0,0.0,0.0,0.0,0.0,0.0,7.0710678118654755,7.0710678118654755,8.0,9.055385138137417,10.04987562112089,10.04987562112089,10.04987562112089,11.180339887498949,12.165525060596439,12.165525060596439,12.165525060596439,13.152946437965905,13.038404810405298,13.0,13.152946437965905,13.152946437965905,14.142135623730951,15.132745950421556,15.033296378372908,16.0,15.033296378372908,15.033296378372908,18.0,18.0,16.0312195418814,16.1245154965971,0.0,0.0,0.0,0.0,0.06241880999595735,0.0,-0.09065988720074511,0.0,0.08314123188844123,0.0,-0.09966865249116202,-0.21866894587394195,-0.21866894587394195,-0.24497866312686414,-0.24497866312686414,-0.27829965900511133,-0.3217505543966422,-0.3805063771123649,-0.6747409422235526,-0.5880026035475675,-0.4636476090008061,-0.5880026035475675,-0.4636476090008061,-0.3217505543966422,-0.3217505543966422,-0.3805063771123649,-0.3217505543966422,0.0,0.0,0.0,0.0,0.0,0.0,0.0,0.0,0.0,0.0,0.0,-0.14189705460416394,-0.14189705460416394,0.0,0.11065722117389565,0.09966865249116202,0.09966865249116202,0.09966865249116202,0.17985349979247828,0.16514867741462683,0.16514867741462683,0.16514867741462683,0.15264932839526515,0.07677189126977804,0.0,0.15264932839526515,0.15264932839526515,0.14189705460416394,0.13255153229667402,0.06656816377582381,0.0,0.06656816377582381,0.06656816377582381,0.0,0.0,0.06241880999595735,0.12435499454676144
4.953293482998561,router,ba:bd:de:13:68:55,-83,100.14794499015245,64,1.4385799050701686,17.918114586595642,0,0,-16,7,-15,8,-15,8,-13,7,-13,7,-12,6,-12,5,-11,6,-9,6,-9,5,-9,6,-8,6,-8,6,-8,6,-7,5,-6,5,-7,6,-7,5,-5,5,-4,5,-6,5,-7,5,-7,5,-6,4,-5,3,-5,6,0,0,0,0,0,0,0,0,0,0,0,0,0,0,0,0,0,0,0,0,0,0,-9,9,-6,8,-4,7,-6,7,-7,7,-7,9,-7,9,-8,8,-8,7,-9,8,-10,8,-11,8,-12,8,-11,8,-12,9,-12,10,-11,10,-12,9,-13,9,-13,10,-13,9,-14,9,-14,10,-14,11,-15,11,-15,11,0.0,17.46424919657298,17.0,17.0,14.7648230602334,14.7648230602334,13.416407864998739,13.0,12.529964086141668,10.816653826391969,10.295630140987,10.816653826391969,10.0,10.0,10.0,8.602325267042627,7.810249675906654,9.219544457292887,8.602325267042627,7.0710678118654755,6.4031242374328485,7.810249675906654,8.602325267042627,8.602325267042627,7.211102550927978,5.830951894845301,7.810249675906654,0.0,0.0,0.0,0.0,0.0,0.0,0.0,0.0,0.0,0.0,0.0,12.727922061357855,10.0,8.06225774829855,9.219544457292887,9.899494936611665,11.40175425099138,11.40175425099138,11.313708498984761,10.63014581273465,12.041594578792296,12.806248474865697,13.601470508735444,14.422205101855956,13.601470508735444,15.0,15.620499351813308,14.866068747318506,15.0,15.811388300841896,16.401219466856727,15.811388300841896,16.64331697709324,17.204650534085253,17.804493814764857,18.601075237738275,18.601075237738275,0.0,2.729182211992406,2.651635327336065,2.651635327336065,2.647651284670212,2.647651284670212,2.677945044588987,2.746801533890032,2.642245931909663,2.5535900500422257,2.6344941491974563,2.5535900500422257,2.498091544796509,2.498091544796509,2.498091544796509,2.5213431676069717,2.44685437739309,2.432966381462123,2.5213431676069717,2.356194490192345,2.2455372690184494,2.44685437739309,2.5213431676069717,2.5213431676069717,2.5535900500422257,2.601173153319209,2.2655346029916,0.0,0.0,0.0,0.0,0.0,0.0,0.0,0.0,0.0,0.0,0.0,2.356194490192345,2.214297435588181,2.0899424410414196,2.279422598922567,2.356194490192345,2.2318394956455836,2.2318394956455836,2.356194490192345,2.4227626539681686,2.4149503129080676,2.4668517113662407,2.5127963671743605,2.5535900500422257,2.5127963671743605,2.498091544796509,2.44685437739309,2.403777593469328,2.498091544796509,2.5360479899848234,2.485897027348257,2.5360479899848234,2.5702551737561663,2.5213431676069717,2.4756234162106834,2.5088438185876103,2.5088438185876103
5.05772784200235,router,ba:bd:de:13:68:55,-85,100.14794499015245,64,1.4333798921367644,17.59863729197128,0,0,-17,-5,-16,-7,-15,-7,-14,-7,-13,-7,-12,-7,-12,-7,-12,-6,-11,-5,-10,-3,-10,-2,-9,-2,-9,-2,-9,-2,-9,-3,-8,-2,-8,-1,-9,1,-9,0,-9,-1,-10,-1,-11,0,-10,0,-8,0,-8,0,-9,0,0,0,0,0,0,0,0,0,0,0,0,0,0,0,0,0,0,0,0,0,0,0,-10,-5,-10,-7,-10,-8,-9,-7,-9,-5,-11,-4,-12,-5,-12,-7,-11,-7,-10,-7,-11,-8,-11,-8,-9,-7,-10,-7,-13,-9,-14,-9,-14,-8,-13,-7,-13,-6,-13,-6,-15,-8,-19,-8,-20,-8,-19,-9,-17,-9,-16,-8,0.0,17.72004514666935,17.46424919657298,16.55294535724685,15.652475842498529,14.7648230602334,13.892443989449804,13.892443989449804,13.416407864998739,12.083045973594572,10.44030650891055,10.198039027185569,9.219544457292887,9.219544457292887,9.219544457292887,9.486832980505138,8.246211251235321,8.06225774829855,9.055385138137417,9.0,9.055385138137417,10.04987562112089,11.0,10.0,8.0,8.0,9.0,0.0,0.0,0.0,0.0,0.0,0.0,0.0,0.0,0.0,0.0,0.0,11.180339887498949,12.206555615733702,12.806248474865697,11.40175425099138,10.295630140987,11.704699910719626,13.0,13.892443989449804,13.038404810405298,12.206555615733702,13.601470508735444,13.601470508735444,11.40175425099138,12.206555615733702,15.811388300841896,16.64331697709324,16.1245154965971,14.7648230602334,14.317821063276353,14.317821063276353,17.0,20.615528128088304,21.540659228538015,21.02379604162864,19.235384061671343,17.88854381999832,0.0,-2.8555412118724752,-2.729182211992406,-2.704965493776252,-2.677945044588987,-2.647651284670212,-2.6135182051634334,-2.6135182051634334,-2.677945044588987,-2.714965160462917,-2.8501358591119264,-2.9441970937399127,-2.922923707715851,-2.922923707715851,-2.922923707715851,-2.819842099193151,-2.896613990462929,-3.017237659043032,3.0309354324158977,3.141592653589793,-3.0309354324158977,-3.0419240010986313,3.141592653589793,3.141592653589793,3.141592653589793,3.141592653589793,3.141592653589793,0.0,0.0,0.0,0.0,0.0,0.0,0.0,0.0,0.0,0.0,0.0,-2.677945044588987,-2.5308666892005847,-2.4668517113662407,-2.4805494847391065,-2.6344941491974563,-2.7928216500058864,-2.746801533890032,-2.6135182051634334,-2.5748634360662868,-2.5308666892005847,-2.5127963671743605,-2.5127963671743605,-2.4805494847391065,-2.5308666892005847,-2.5360479899848234,-2.5702551737561663,-2.62244653934327,-2.647651284670212,-2.7091848780192556,-2.7091848780192556,-2.651635327336065,-2.743070207923373,-2.761086276477428,-2.6992184306130484,-2.654693421778524,-2.677945044588987
5.1648347660011495,router,ba:bd:de:13:68:55,-83,100.14794499015245,64,1.4290771271171951,17.27636301667992,0,0,-11,-14,-11,-15,-10,-13,-9,-11,-8,-11,-8,-11,-9,-10,-9,-10,-9,-10,-8,-10,-7,-9,-7,-8,-7,-8,-7,-8,-8,-8,-8,-8,-8,-7,-7,-7,-8,-5,-7,-4,-7,-6,-7,-7,-7,-6,-6,-6,-6,-5,-6,-4,0,0,0,0,0,0,0,0,0,0,0,0,0,0,0,0,0,0,0,0,0,0,-9,-5,-10,-5,-11,-5,-11,-6,-11,-7,-11,-8,-9,-9,-9,-10,-10,-11,-10,-11,-10,-11,-10,-10,-11,-9,-9,-12,-9,-14,-11,-13,-12,-12,-11,-12,-12,-13,-13,-13,-13,-15,-14,-16,-14,-17,-14,-16,-13,-15,-12,-15,0.0,17.804493814764857,18.601075237738275,16.401219466856727,14.212670403551895,13.601470508735444,13.601470508735444,13.45362404707371,13.45362404707371,13.45362404707371,12.806248474865697,11.40175425099138,10.63014581273465,10.63014581273465,10.63014581273465,11.313708498984761,11.313708498984761,10.63014581273465,9.899494936611665,9.433981132056603,8.06225774829855,9.219544457292887,9.899494936611665,9.219544457292887,8.48528137423857,7.810249675906654,7.211102550927978,0.0,0.0,0.0,0.0,0.0,0.0,0.0,0.0,0.0,0.0,0.0,10.295630140987,11.180339887498949,12.083045973594572,12.529964086141668,13.038404810405298,13.601470508735444,12.727922061357855,13.45362404707371,14.866068747318506,14.866068747318506,14.866068747318506,14.142135623730951,14.212670403551895,15.0,16.64331697709324,17.029386365926403,16.97056274847714,16.278820596099706,17.69180601295413,18.384776310850235,19.849433241279208,21.2602916254693,22.02271554554524,21.2602916254693,19.849433241279208,19.209372712298546,0.0,-2.2367655641740063,-2.20354516179708,-2.2264919530364327,-2.256525837701183,-2.1995926132103296,-2.1995926132103296,-2.3036114285814033,-2.3036114285814033,-2.3036114285814033,-2.2455372690184494,-2.2318394956455836,-2.289626326416521,-2.289626326416521,-2.289626326416521,-2.356194490192345,-2.356194490192345,-2.4227626539681686,-2.356194490192345,-2.5829933382462307,-2.62244653934327,-2.432966381462123,-2.356194490192345,-2.432966381462123,-2.356194490192345,-2.44685437739309,-2.5535900500422257,0.0,0.0,0.0,0.0,0.0,0.0,0.0,0.0,0.0,0.0,0.0,-2.6344941491974563,-2.677945044588987,-2.714965160462917,-2.642245931909663,-2.5748634360662868,-2.5127963671743605,-2.356194490192345,-2.3036114285814033,-2.3086113869153615,-2.3086113869153615,-2.3086113869153615,-2.356194490192345,-2.455863142683507,-2.214297435588181,-2.1421338066285234,-2.2730532583039036,-2.356194490192345,-2.312743594800814,-2.316215803069055,-2.356194490192345,-2.2848870254070546,-2.289626326416521,-2.2597207150097582,-2.289626326416521,-2.2848870254070546,-2.2455372690184494
5.282769605000794,router,ba:bd:de:13:68:55,-84,100.14794499015245,64,1.423738536215618,16.939449160513384,0,0,2,-18,3,-18,4,-17,3,-15,2,-14,2,-14,1,-14,1,-13,0,-11,0,-11,-2,-10,-3,-9,-3,-9,-2,-9,-1,-9,-1,-9,-3,-9,-4,-9,-4,-9,-4,-8,-3,-8,-3,-7,-2,-8,-2,-9,0,-8,2,-5,0,0,0,0,0,0,0,0,0,0,0,0,0,0,0,0,0,0,0,0,0,0,1,-7,2,-8,2,-8,1,-8,1,-9,1,-10,2,-10,3,-11,3,-12,4,-12,4,-13,4,-13,5,-13,6,-13,5,-12,4,-13,3,-15,3,-16,4,-17,5,-18,6,-18,5,-18,4,-19,4,-18,4,-18,4,-18,0.0,18.110770276274835,18.24828759089466,17.46424919657298,15.297058540778355,14.142135623730951,14.142135623730951,14.035668847618199,13.038404810405298,11.0,11.0,10.198039027185569,9.486832980505138,9.486832980505138,9.219544457292887,9.055385138137417,9.055385138137417,9.486832980505138,9.848857801796104,9.848857801796104,8.94427190999916,8.54400374531753,7.615773105863909,8.246211251235321,9.219544457292887,8.0,5.385164807134504,0.0,0.0,0.0,0.0,0.0,0.0,0.0,0.0,0.0,0.0,0.0,7.0710678118654755,8.246211251235321,8.246211251235321,8.06225774829855,9.055385138137417,10.04987562112089,10.198039027185569,11.40175425099138,12.36931687685298,12.649110640673518,13.601470508735444,13.601470508735444,13.92838827718412,14.317821063276353,13.0,13.601470508735444,15.297058540778355,16.278820596099706,17.46424919657298,18.681541692269406,18.973665961010276,18.681541692269406,19.4164878389476,18.439088914585774,18.439088914585774,18.439088914585774,0.0,-1.460139105621001,-1.4056476493802699,-1.3397056595989996,-1.373400766945016,-1.4288992721907328,-1.4288992721907328,-1.4994888620096063,-1.4940244355251187,-1.5707963267948966,-1.5707963267948966,-1.7681918866447774,-1.892546881191539,-1.892546881191539,-1.7894652726688385,-1.6814535479687922,-1.6814535479687922,-1.892546881191539,-1.9890206563741257,-1.9890206563741257,-2.0344439357957027,-1.9295669970654687,-1.97568811307998,-1.8157749899217608,-1.7894652726688385,-1.5707963267948966,-1.1902899496825317,0.0,0.0,0.0,0.0,0.0,0.0,0.0,0.0,0.0,0.0,0.0,-1.4288992721907328,-1.3258176636680326,-1.3258176636680326,-1.446441332248135,-1.460139105621001,-1.4711276743037347,-1.373400766945016,-1.3045442776439713,-1.3258176636680326,-1.2490457723982544,-1.2722973952087173,-1.2722973952087173,-1.2036224929766774,-1.1383885512243588,-1.176005207095135,-1.2722973952087173,-1.373400766945016,-1.3854483767992019,-1.3397056595989996,-1.299849476456476,-1.2490457723982544,-1.299849476456476,-1.3633001003596938,-1.3521273809209546,-1.3521273809209546,-1.3521273809209546
5.383287425000162,router,ba:bd:de:13:68:55,-84,100.14794499015245,64,1.4090366521316333,16.582121476791738,0,0,-17,-13,-16,-14,-15,-13,-13,-11,-11,-11,-11,-10,-12,-8,-12,-8,-12,-8,-12,-7,-12,-7,-11,-6,-11,-5,-10,-5,-10,-6,-10,-5,-10,-4,-10,-5,-11,-4,-10,-3,-10,-3,-9,-4,-8,-4,-8,-3,-8,-3,-6,-2,0,0,0,0,0,0,0,0,0,0,0,0,0,0,0,0,0,0,0,0,0,0,-8,-5,-9,-5,-9,-5,-9,-5,-9,-6,-9,-7,-9,-7,-11,-6,-12,-7,-11,-8,-11,-9,-12,-8,-12,-9,-12,-10,-13,-11,-14,-10,-14,-11,-13,-12,-15,-12,-16,-11,-15,-12,-15,-11,-17,-11,-17,-11,-17,-13,-17,-13,0.0,21.400934559032695,21.2602916254693,19.849433241279208,17.029386365926403,15.556349186104045,14.866068747318506,14.422205101855956,14.422205101855956,14.422205101855956,13.892443989449804,13.892443989449804,12.529964086141668,12.083045973594572,11.180339887498949,11.661903789690601,11.180339887498949,10.770329614269007,11.180339887498949,11.704699910719626,10.44030650891055,10.44030650891055,9.848857801796104,8.94427190999916,8.54400374531753,8.54400374531753,6.324555320336759,0.0,0.0,0.0,0.0,0.0,0.0,0.0,0.0,0.0,0.0,0.0,9.433981132056603,10.295630140987,10.295630140987,10.295630140987,10.816653826391969,11.40175425099138,11.40175425099138,12.529964086141668,13.892443989449804,13.601470508735444,14.212670403551895,14.422205101855956,15.0,15.620499351813308,17.029386365926403,17.204650534085253,17.804493814764857,17.69180601295413,19.209372712298546,19.4164878389476,19.209372712298546,18.601075237738275,20.248456731316587,20.248456731316587,21.400934559032695,21.400934559032695,0.0,-2.488746022489019,-2.4227626539681686,-2.427501954977635,-2.439335722080786,-2.356194490192345,-2.403777593469328,-2.5535900500422257,-2.5535900500422257,-2.5535900500422257,-2.6135182051634334,-2.6135182051634334,-2.642245931909663,-2.714965160462917,-2.677945044588987,-2.601173153319209,-2.677945044588987,-2.761086276477428,-2.677945044588987,-2.7928216500058864,-2.8501358591119264,-2.8501358591119264,-2.723368324010564,-2.677945044588987,-2.782821983319221,-2.782821983319221,-2.819842099193151,0.0,0.0,0.0,0.0,0.0,0.0,0.0,0.0,0.0,0.0,0.0,-2.5829933382462307,-2.6344941491974563,-2.6344941491974563,-2.6344941491974563,-2.5535900500422257,-2.4805494847391065,-2.4805494847391065,-2.642245931909663,-2.6135182051634334,-2.5127963671743605,-2.455863142683507,-2.5535900500422257,-2.498091544796509,-2.44685437739309,-2.439335722080786,-2.5213431676069717,-2.4756234162106834,-2.396173177315635,-2.4668517113662407,-2.539305307454829,-2.4668517113662407,-2.5088438185876103,-2.5672878234150915,-2.5672878234150915,-2.488746022489019,-2.488746022489019
5.483701288001612,router,ba:bd:de:13:68:55,-84,100.14794499015245,64,1.3998759380168013,16.217362040337182,0,0,4,-20,6,-18,5,-16,4,-16,5,-16,5,-15,5,-14,5,-13,3,-12,2,-12,2,-13,2,-13,0,-12,-1,-10,0,-10,2,-10,2,-9,0,-10,0,-10,-1,-9,-2,-9,-1,-8,0,-9,0,-8,-1,-8,-2,-8,0,0,0,0,0,0,0,0,0,0,0,0,0,0,0,0,0,0,0,0,0,0,1,-7,1,-7,1,-9,0,-11,1,-12,2,-13,2,-13,2,-13,2,-14,3,-13,4,-14,4,-16,3,-16,4,-16,4,-16,4,-17,5,-18,4,-18,4,-17,5,-18,5,-19,5,-19,5,-19,5,-19,5,-21,6,-22,0.0,20.396078054371138,18.973665961010276,16.76305461424021,16.492422502470642,16.76305461424021,15.811388300841896,14.866068747318506,13.92838827718412,12.36931687685298,12.165525060596439,13.152946437965905,13.152946437965905,12.0,10.04987562112089,10.0,10.198039027185569,9.219544457292887,10.0,10.0,9.055385138137417,9.219544457292887,8.06225774829855,9.0,8.0,8.06225774829855,8.246211251235321,0.0,0.0,0.0,0.0,0.0,0.0,0.0,0.0,0.0,0.0,0.0,7.0710678118654755,7.0710678118654755,9.055385138137417,11.0,12.041594578792296,13.152946437965905,13.152946437965905,13.152946437965905,14.142135623730951,13.341664064126334,14.560219778561036,16.492422502470642,16.278820596099706,16.492422502470642,16.492422502470642,17.46424919657298,18.681541692269406,18.439088914585774,17.46424919657298,18.681541692269406,19.6468827043885,19.6468827043885,19.6468827043885,19.6468827043885,21.587033144922902,22.80350850198276,0.0,-1.373400766945016,-1.2490457723982544,-1.2679114584199251,-1.3258176636680326,-1.2679114584199251,-1.2490457723982544,-1.2277723863741932,-1.2036224929766774,-1.3258176636680326,-1.4056476493802699,-1.4181469983996315,-1.4181469983996315,-1.5707963267948966,-1.6704649792860586,-1.5707963267948966,-1.373400766945016,-1.3521273809209546,-1.5707963267948966,-1.5707963267948966,-1.6814535479687922,-1.7894652726688385,-1.695151321341658,-1.5707963267948966,-1.5707963267948966,-1.695151321341658,-1.8157749899217608,0.0,0.0,0.0,0.0,0.0,0.0,0.0,0.0,0.0,0.0,0.0,-1.4288992721907328,-1.4288992721907328,-1.460139105621001,-1.5707963267948966,-1.4876550949064553,-1.4181469983996315,-1.4181469983996315,-1.4181469983996315,-1.4288992721907328,-1.3439974787410107,-1.2924966677897853,-1.3258176636680326,-1.3854483767992019,-1.3258176636680326,-1.3258176636680326,-1.3397056595989996,-1.299849476456476,-1.3521273809209546,-1.3397056595989996,-1.299849476456476,-1.313472611823808,-1.313472611823808,-1.313472611823808,-1.313472611823808,-1.3370531459259951,-1.3045442776439713
5.585958470997866,router,ba:bd:de:13:68:55,-84,100.14794499015245,64,1.390701478106817,15.834904109517176,0,0,16,9,15,8,14,7,13,6,12,6,12,6,11,7,10,6,10,4,9,4,8,4,8,2,9,0,10,-1,9,0,9,1,8,1,8,-1,8,-3,8,-2,8,-2,7,-2,6,-1,6,-2,6,-2,7,0,0,0,0,0,0,0,0,0,0,0,0,0,0,0,0,0,0,0,0,0,0,0,7,4,7,4,7,4,7,4,8,6,8,6,8,6,9,7,11,8,11,9,11,8,12,7,12,7,11,8,12,9,12,9,11,8,12,8,14,9,15,9,15,9,15,9,15,9,16,9,17,9,18,12,0.0,18.35755975068582,17.0,15.652475842498529,14.317821063276353,13.416407864998739,13.416407864998739,13.038404810405298,11.661903789690601,10.770329614269007,9.848857801796104,8.94427190999916,8.246211251235321,9.0,10.04987562112089,9.0,9.055385138137417,8.06225774829855,8.06225774829855,8.54400374531753,8.246211251235321,8.246211251235321,7.280109889280518,6.082762530298219,6.324555320336759,6.324555320336759,7.0,0.0,0.0,0.0,0.0,0.0,0.0,0.0,0.0,0.0,0.0,0.0,8.06225774829855,8.06225774829855,8.06225774829855,8.06225774829855,10.0,10.0,10.0,11.40175425099138,13.601470508735444,14.212670403551895,13.601470508735444,13.892443989449804,13.892443989449804,13.601470508735444,15.0,15.0,13.601470508735444,14.422205101855956,16.64331697709324,17.4928556845359,17.4928556845359,17.4928556845359,17.4928556845359,18.35755975068582,19.235384061671343,21.633307652783937,0.0,0.5123894603107377,0.4899573262537283,0.4636476090008061,0.43240777557053783,0.4636476090008061,0.4636476090008061,0.5667292175235064,0.5404195002705842,0.3805063771123649,0.4182243295792291,0.4636476090008061,0.24497866312686414,0.0,-0.09966865249116202,0.0,0.11065722117389565,0.12435499454676144,-0.12435499454676144,-0.35877067027057225,-0.24497866312686414,-0.24497866312686414,-0.27829965900511133,-0.16514867741462683,-0.3217505543966422,-0.3217505543966422,0.0,0.0,0.0,0.0,0.0,0.0,0.0,0.0,0.0,0.0,0.0,0.0,0.5191461142465229,0.5191461142465229,0.5191461142465229,0.5191461142465229,0.6435011087932844,0.6435011087932844,0.6435011087932844,0.6610431688506869,0.628796286415433,0.6857295109062863,0.628796286415433,0.5280744484263596,0.5280744484263596,0.628796286415433,0.6435011087932844,0.6435011087932844,0.628796286415433,0.5880026035475675,0.5713374798336268,0.5404195002705842,0.5404195002705842,0.5404195002705842,0.5404195002705842,0.5123894603107377,0.48689923181126904,0.5880026035475675
5.710760729998583,router,ba:bd:de:13:68:55,-84,97.96633964701114,64,1.3816860534430824,15.140695990342063,0,0,17,8,15,9,14,9,13,8,13,7,12,7,10,6,9,5,9,5,10,6,10,5,8,4,8,2,9,1,8,0,7,1,7,0,8,0,7,0,7,1,7,1,8,0,8,0,8,0,6,0,4,0,0,0,0,0,0,0,0,0,0,0,0,0,0,0,0,0,0,0,0,0,0,0,7,3,7,4,7,5,8,5,9,4,10,4,10,6,9,7,9,7,10,7,11,7,11,8,11,8,12,9,13,9,12,9,12,9,12,10,13,10,14,10,15,10,15,10,15,10,15,9,15,9,15,10,0.0,18.788294228055936,17.4928556845359,16.64331697709324,15.264337522473747,14.7648230602334,13.892443989449804,11.661903789690601,10.295630140987,10.295630140987,11.661903789690601,11.180339887498949,8.94427190999916,8.246211251235321,9.055385138137417,8.0,7.0710678118654755,7.0,8.0,7.0,7.0710678118654755,7.0710678118654755,8.0,8.0,8.0,6.0,4.0,0.0,0.0,0.0,0.0,0.0,0.0,0.0,0.0,0.0,0.0,0.0,7.615773105863909,8.06225774829855,8.602325267042627,9.433981132056603,9.848857801796104,10.770329614269007,11.661903789690601,11.40175425099138,11.40175425099138,12.206555615733702,13.038404810405298,13.601470508735444,13.601470508735444,15.0,15.811388300841896,15.0,15.0,15.620499351813308,16.401219466856727,17.204650534085253,18.027756377319946,18.027756377319946,18.027756377319946,17.4928556845359,17.4928556845359,18.027756377319946,0.0,0.4398425828157362,0.5404195002705842,0.5713374798336268,0.5516549825285468,0.49394136891958124,0.5280744484263596,0.5404195002705842,0.507098504392337,0.507098504392337,0.5404195002705842,0.4636476090008061,0.4636476090008061,0.24497866312686414,0.11065722117389565,0.0,0.14189705460416394,0.0,0.0,0.0,0.14189705460416394,0.14189705460416394,0.0,0.0,0.0,0.0,0.0,0.0,0.0,0.0,0.0,0.0,0.0,0.0,0.0,0.0,0.0,0.0,0.40489178628508343,0.5191461142465229,0.6202494859828215,0.5585993153435624,0.4182243295792291,0.3805063771123649,0.5404195002705842,0.6610431688506869,0.6610431688506869,0.6107259643892086,0.5667292175235064,0.628796286415433,0.628796286415433,0.6435011087932844,0.6055446636049701,0.6435011087932844,0.6435011087932844,0.6947382761967031,0.6556956262415362,0.6202494859828215,0.5880026035475675,0.5880026035475675,0.5880026035475675,0.5404195002705842,0.5404195002705842,0.5880026035475675
5.813408841000637,router,ba:bd:de:13:68:55,-85,97.96633964701114,64,1.368906626341432,14.620412514564652,0,0,-2,19,-1,17,-1,16,-1,15,-2,14,-2,13,-2,13,-1,12,-1,11,0,11,2,11,3,10,2,9,0,8,0,8,1,8,1,8,1,7,1,8,1,8,1,8,1,8,0,7,0,5,1,5,1,7,0,0,0,0,0,0,0,0,0,0,0,0,0,0,0,0,0,0,0,0,0,0,4,8,3,8,2,9,3,9,3,10,2,10,2,11,1,12,1,14,2,14,3,13,2,13,2,14,2,14,2,14,1,14,0,16,-2,17,-2,17,-1,18,0,18,0,17,0,18,0,20,0,20,0,19,0.0,19.1049731745428,17.029386365926403,16.0312195418814,15.033296378372908,14.142135623730951,13.152946437965905,13.152946437965905,12.041594578792296,11.045361017187261,11.0,11.180339887498949,10.44030650891055,9.219544457292887,8.0,8.0,8.06225774829855,8.06225774829855,7.0710678118654755,8.06225774829855,8.06225774829855,8.06225774829855,8.06225774829855,7.0,5.0,5.0990195135927845,7.0710678118654755,0.0,0.0,0.0,0.0,0.0,0.0,0.0,0.0,0.0,0.0,0.0,8.94427190999916,8.54400374531753,9.219544457292887,9.486832980505138,10.44030650891055,10.198039027185569,11.180339887498949,12.041594578792296,14.035668847618199,14.142135623730951,13.341664064126334,13.152946437965905,14.142135623730951,14.142135623730951,14.142135623730951,14.035668847618199,16.0,17.11724276862369,17.11724276862369,18.027756377319946,18.0,17.0,18.0,20.0,20.0,19.0,0.0,1.6756732655251305,1.6295521495106193,1.633215136790854,1.6373644905707205,1.7126933813990606,1.7234456551901618,1.7234456551901618,1.6539375586833378,1.6614562139956417,1.5707963267948966,1.3909428270024184,1.2793395323170296,1.3521273809209546,1.5707963267948966,1.5707963267948966,1.446441332248135,1.446441332248135,1.4288992721907328,1.446441332248135,1.446441332248135,1.446441332248135,1.446441332248135,1.5707963267948966,1.5707963267948966,1.373400766945016,1.4288992721907328,0.0,0.0,0.0,0.0,0.0,0.0,0.0,0.0,0.0,0.0,0.0,1.1071487177940904,1.2120256565243244,1.3521273809209546,1.2490457723982544,1.2793395323170296,1.373400766945016,1.3909428270024184,1.4876550949064553,1.4994888620096063,1.4288992721907328,1.3439974787410107,1.4181469983996315,1.4288992721907328,1.4288992721907328,1.4288992721907328,1.4994888620096063,1.5707963267948966,1.687905071361761,1.687905071361761,1.6262948320406134,1.5707963267948966,1.5707963267948966,1.5707963267948966,1.5707963267948966,1.5707963267948966,1.5707963267948966
5.913598514001933,router,ba:bd:de:13:68:55,-84,97.96633964701114,64,1.356980342136207,14.189368174022345,0,0,-18,-10,-17,-10,-16,-10,-14,-9,-13,-9,-13,-8,-12,-7,-11,-6,-10,-6,-11,-5,-11,-5,-10,-5,-10,-5,-11,-4,-10,-3,-9,-2,-8,-2,-7,-3,-7,-4,-9,-4,-9,-4,-8,-3,-8,-2,-7,-2,-8,-2,-11,-1,0,0,0,0,0,0,0,0,0,0,0,0,0,0,0,0,0,0,0,0,0,0,-9,-3,-9,-3,-9,-3,-10,-3,-11,-3,-11,-3,-12,-5,-11,-6,-11,-5,-12,-5,-12,-6,-12,-7,-13,-6,-14,-6,-13,-7,-14,-8,-15,-8,-15,-9,-14,-8,-15,-8,-16,-8,-17,-9,-17,-11,-18,-11,-19,-10,-19,-11,0.0,20.591260281974,19.72308292331602,18.867962264113206,16.64331697709324,15.811388300841896,15.264337522473747,13.892443989449804,12.529964086141668,11.661903789690601,12.083045973594572,12.083045973594572,11.180339887498949,11.180339887498949,11.704699910719626,10.44030650891055,9.219544457292887,8.246211251235321,7.615773105863909,8.06225774829855,9.848857801796104,9.848857801796104,8.54400374531753,8.246211251235321,7.280109889280518,8.246211251235321,11.045361017187261,0.0,0.0,0.0,0.0,0.0,0.0,0.0,0.0,0.0,0.0,0.0,9.486832980505138,9.486832980505138,9.486832980505138,10.44030650891055,11.40175425099138,11.40175425099138,13.0,12.529964086141668,12.083045973594572,13.0,13.416407864998739,13.892443989449804,14.317821063276353,15.231546211727817,14.7648230602334,16.1245154965971,17.0,17.4928556845359,16.1245154965971,17.0,17.88854381999832,19.235384061671343,20.248456731316587,21.095023109728988,21.470910553583888,21.95449840010015,0.0,-2.6344941491974563,-2.609868586330988,-2.5829933382462307,-2.5702551737561663,-2.5360479899848234,-2.5899376710612465,-2.6135182051634334,-2.642245931909663,-2.601173153319209,-2.714965160462917,-2.714965160462917,-2.677945044588987,-2.677945044588987,-2.7928216500058864,-2.8501358591119264,-2.922923707715851,-2.896613990462929,-2.7367008673047097,-2.62244653934327,-2.723368324010564,-2.723368324010564,-2.782821983319221,-2.896613990462929,-2.8632929945846817,-2.896613990462929,-3.050932766389048,0.0,0.0,0.0,0.0,0.0,0.0,0.0,0.0,0.0,0.0,0.0,-2.819842099193151,-2.819842099193151,-2.819842099193151,-2.8501358591119264,-2.875340604438868,-2.875340604438868,-2.746801533890032,-2.642245931909663,-2.714965160462917,-2.746801533890032,-2.677945044588987,-2.6135182051634334,-2.7091848780192556,-2.7367008673047097,-2.647651284670212,-2.62244653934327,-2.651635327336065,-2.601173153319209,-2.62244653934327,-2.651635327336065,-2.677945044588987,-2.654693421778524,-2.5672878234150915,-2.593043251139265,-2.65711472455277,-2.616796881939686
6.022248492998187,router,ba:bd:de:13:68:55,-83,97.96633964701114,64,1.342557705369063,13.802555687021028,0,0,11,-10,10,-11,10,-11,10,-10,10,-9,10,-9,8,-9,7,-9,6,-9,5,-8,5,-8,6,-8,4,-8,4,-7,4,-7,4,-8,3,-8,3,-7,3,-7,3,-8,2,-6,3,-5,3,-5,4,-6,4,-6,2,-4,0,0,0,0,0,0,0,0,0,0,0,0,0,0,0,0,0,0,0,0,0,0,4,-7,5,-7,5,-8,5,-8,7,-8,9,-9,10,-8,9,-5,7,-6,8,-9,10,-9,9,-9,9,-10,10,-9,11,-9,11,-10,11,-11,11,-10,12,-10,13,-10,13,-10,13,-11,12,-12,14,-13,15,-14,14,-13,0.0,14.866068747318506,14.866068747318506,14.866068747318506,14.142135623730951,13.45362404707371,13.45362404707371,12.041594578792296,11.40175425099138,10.816653826391969,9.433981132056603,9.433981132056603,10.0,8.94427190999916,8.06225774829855,8.06225774829855,8.94427190999916,8.54400374531753,7.615773105863909,7.615773105863909,8.54400374531753,6.324555320336759,5.830951894845301,5.830951894845301,7.211102550927978,7.211102550927978,4.47213595499958,0.0,0.0,0.0,0.0,0.0,0.0,0.0,0.0,0.0,0.0,0.0,8.06225774829855,8.602325267042627,9.433981132056603,9.433981132056603,10.63014581273465,12.727922061357855,12.806248474865697,10.295630140987,9.219544457292887,12.041594578792296,13.45362404707371,12.727922061357855,13.45362404707371,13.45362404707371,14.212670403551895,14.866068747318506,15.556349186104045,14.866068747318506,15.620499351813308,16.401219466856727,16.401219466856727,17.029386365926403,16.97056274847714,19.1049731745428,20.518284528683193,19.1049731745428,0.0,-0.7378150601204649,-0.8329812666744317,-0.8329812666744317,-0.7853981633974483,-0.7328151017865066,-0.7328151017865066,-0.844153986113171,-0.9097531579442097,-0.982793723247329,-1.0121970114513341,-1.0121970114513341,-0.9272952180016122,-1.1071487177940904,-1.0516502125483738,-1.0516502125483738,-1.1071487177940904,-1.2120256565243244,-1.1659045405098132,-1.1659045405098132,-1.2120256565243244,-1.2490457723982544,-1.0303768265243125,-1.0303768265243125,-0.982793723247329,-0.982793723247329,-1.1071487177940904,0.0,0.0,0.0,0.0,0.0,0.0,0.0,0.0,0.0,0.0,0.0,-1.0516502125483738,-0.9505468408120752,-1.0121970114513341,-1.0121970114513341,-0.8519663271732721,-0.7853981633974483,-0.6747409422235526,-0.507098504392337,-0.7086262721276703,-0.844153986113171,-0.7328151017865066,-0.7853981633974483,-0.83798122500839,-0.7328151017865066,-0.6857295109062863,-0.7378150601204649,-0.7853981633974483,-0.7378150601204649,-0.6947382761967031,-0.6556956262415362,-0.6556956262415362,-0.702256931509007,-0.7853981633974483,-0.7483780475235183,-0.7509290623979403,-0.7483780475235183
6.122485546999087,router,ba:bd:de:13:68:55,-84,97.96633964701114,64,1.3295369643455022,13.44761134718806,0,0,-3,16,-4,16,-4,16,-4,14,-3,13,-3,12,-3,12,-3,11,-2,10,0,9,0,10,-1,10,-1,8,0,7,-1,7,-1,7,0,8,1,9,1,8,1,7,1,7,2,7,1,7,0,7,0,6,1,6,0,0,0,0,0,0,0,0,0,0,0,0,0,0,0,0,0,0,0,0,0,0,1,7,1,8,2,9,1,10,1,11,0,11,0,11,-1,11,-2,11,-2,12,-1,11,0,11,-1,12,-2,13,-2,13,-2,13,-2,13,-1,14,-1,15,-2,15,-3,15,-2,16,-2,17,-2,18,-2,18,-2,18,0.0,16.278820596099706,16.492422502470642,16.492422502470642,14.560219778561036,13.341664064126334,12.36931687685298,12.36931687685298,11.40175425099138,10.198039027185569,9.0,10.0,10.04987562112089,8.06225774829855,7.0,7.0710678118654755,7.0710678118654755,8.0,9.055385138137417,8.06225774829855,7.0710678118654755,7.0710678118654755,7.280109889280518,7.0710678118654755,7.0,6.0,6.082762530298219,0.0,0.0,0.0,0.0,0.0,0.0,0.0,0.0,0.0,0.0,0.0,7.0710678118654755,8.06225774829855,9.219544457292887,10.04987562112089,11.045361017187261,11.0,11.0,11.045361017187261,11.180339887498949,12.165525060596439,11.045361017187261,11.0,12.041594578792296,13.152946437965905,13.152946437965905,13.152946437965905,13.152946437965905,14.035668847618199,15.033296378372908,15.132745950421556,15.297058540778355,16.1245154965971,17.11724276862369,18.110770276274835,18.110770276274835,18.110770276274835,0.0,1.7561442767905915,1.8157749899217608,1.8157749899217608,1.849095985800008,1.7975951748487824,1.8157749899217608,1.8157749899217608,1.837048375945822,1.7681918866447774,1.5707963267948966,1.5707963267948966,1.6704649792860586,1.695151321341658,1.5707963267948966,1.7126933813990606,1.7126933813990606,1.5707963267948966,1.460139105621001,1.446441332248135,1.4288992721907328,1.4288992721907328,1.2924966677897853,1.4288992721907328,1.5707963267948966,1.5707963267948966,1.4056476493802699,0.0,0.0,0.0,0.0,0.0,0.0,0.0,0.0,0.0,0.0,0.0,1.4288992721907328,1.446441332248135,1.3521273809209546,1.4711276743037347,1.4801364395941514,1.5707963267948966,1.5707963267948966,1.6614562139956417,1.750649826587375,1.7359450042095235,1.6614562139956417,1.5707963267948966,1.6539375586833378,1.7234456551901618,1.7234456551901618,1.7234456551901618,1.7234456551901618,1.642103791580187,1.6373644905707205,1.7033478590915707,1.7681918866447774,1.695151321341658,1.687905071361761,1.6814535479687922,1.6814535479687922,1.6814535479687922
6.2225753480015555,router,ba:bd:de:13:68:55,-83,97.96633964701114,64,1.3193867195586055,13.106318736677462,0,0,-17,5,-16,5,-15,5,-15,4,-14,3,-12,3,-11,5,-10,5,-10,4,-10,5,-10,5,-9,5,-8,5,-8,4,-7,4,-6,5,-6,4,-7,4,-6,5,-6,6,-6,6,-6,6,-6,6,-8,2,-7,1,-3,3,0,0,0,0,0,0,0,0,0,0,0,0,0,0,0,0,0,0,0,0,0,0,-9,2,-9,3,-9,4,-9,4,-10,4,-10,4,-11,4,-11,3,-11,3,-12,4,-12,5,-13,5,-13,3,-13,2,-14,2,-13,4,-13,4,-14,4,-14,4,-15,5,-16,5,-16,4,-16,4,-16,4,-17,3,-19,3,0.0,17.72004514666935,16.76305461424021,15.811388300841896,15.524174696260024,14.317821063276353,12.36931687685298,12.083045973594572,11.180339887498949,10.770329614269007,11.180339887498949,11.180339887498949,10.295630140987,9.433981132056603,8.94427190999916,8.06225774829855,7.810249675906654,7.211102550927978,8.06225774829855,7.810249675906654,8.48528137423857,8.48528137423857,8.48528137423857,8.48528137423857,8.246211251235321,7.0710678118654755,4.242640687119285,0.0,0.0,0.0,0.0,0.0,0.0,0.0,0.0,0.0,0.0,0.0,9.219544457292887,9.486832980505138,9.848857801796104,9.848857801796104,10.770329614269007,10.770329614269007,11.704699910719626,11.40175425099138,11.40175425099138,12.649110640673518,13.0,13.92838827718412,13.341664064126334,13.152946437965905,14.142135623730951,13.601470508735444,13.601470508735444,14.560219778561036,14.560219778561036,15.811388300841896,16.76305461424021,16.492422502470642,16.492422502470642,16.492422502470642,17.26267650163207,19.235384061671343,0.0,2.8555412118724752,2.838707785214822,2.819842099193151,2.8809902618424523,2.930499320367047,2.896613990462929,2.714965160462917,2.677945044588987,2.761086276477428,2.677945044588987,2.677945044588987,2.6344941491974563,2.5829933382462307,2.677945044588987,2.62244653934327,2.44685437739309,2.5535900500422257,2.62244653934327,2.44685437739309,2.356194490192345,2.356194490192345,2.356194490192345,2.356194490192345,2.896613990462929,2.999695598985629,2.356194490192345,0.0,0.0,0.0,0.0,0.0,0.0,0.0,0.0,0.0,0.0,0.0,2.922923707715851,2.819842099193151,2.723368324010564,2.723368324010564,2.761086276477428,2.761086276477428,2.7928216500058864,2.875340604438868,2.875340604438868,2.819842099193151,2.746801533890032,2.774418819771574,2.9147938055359073,2.988943325194528,2.999695598985629,2.843093722003614,2.843093722003614,2.8632929945846817,2.8632929945846817,2.819842099193151,2.838707785214822,2.896613990462929,2.896613990462929,2.896613990462929,2.9669204545815537,2.984990776607778
6.3226524290003,router,ba:bd:de:13:68:55,-83,97.96633964701114,64,1.3116007320342244,12.766845748295738,0,0,17,1,16,2,14,3,14,2,14,1,13,0,12,1,11,1,11,0,12,-1,11,-1,9,-2,9,-2,9,-2,8,-2,7,-3,7,-2,7,-2,8,-2,7,-2,6,-2,6,-3,6,-4,6,-2,6,-2,7,-3,0,0,0,0,0,0,0,0,0,0,0,0,0,0,0,0,0,0,0,0,0,0,9,-2,8,-2,8,-3,9,-2,10,0,10,-1,10,-1,10,1,11,1,13,-1,13,-1,13,0,14,1,15,2,15,2,16,1,17,1,16,0,16,-1,17,-1,17,-1,17,0,18,1,18,2,18,2,19,2,0.0,17.029386365926403,16.1245154965971,14.317821063276353,14.142135623730951,14.035668847618199,13.0,12.041594578792296,11.045361017187261,11.0,12.041594578792296,11.045361017187261,9.219544457292887,9.219544457292887,9.219544457292887,8.246211251235321,7.615773105863909,7.280109889280518,7.280109889280518,8.246211251235321,7.280109889280518,6.324555320336759,6.708203932499369,7.211102550927978,6.324555320336759,6.324555320336759,7.615773105863909,0.0,0.0,0.0,0.0,0.0,0.0,0.0,0.0,0.0,0.0,0.0,9.219544457292887,8.246211251235321,8.54400374531753,9.219544457292887,10.0,10.04987562112089,10.04987562112089,10.04987562112089,11.045361017187261,13.038404810405298,13.038404810405298,13.0,14.035668847618199,15.132745950421556,15.132745950421556,16.0312195418814,17.029386365926403,16.0,16.0312195418814,17.029386365926403,17.029386365926403,17.0,18.027756377319946,18.110770276274835,18.110770276274835,19.1049731745428,0.0,0.058755822715722696,0.12435499454676144,0.21109333322274654,0.14189705460416394,0.07130746478529032,0.0,0.08314123188844123,0.09065988720074511,0.0,-0.08314123188844123,-0.09065988720074511,-0.21866894587394195,-0.21866894587394195,-0.21866894587394195,-0.24497866312686414,-0.40489178628508343,-0.27829965900511133,-0.27829965900511133,-0.24497866312686414,-0.27829965900511133,-0.3217505543966422,-0.4636476090008061,-0.5880026035475675,-0.3217505543966422,-0.3217505543966422,-0.40489178628508343,0.0,0.0,0.0,0.0,0.0,0.0,0.0,0.0,0.0,0.0,0.0,-0.21866894587394195,-0.24497866312686414,-0.35877067027057225,-0.21866894587394195,0.0,-0.09966865249116202,-0.09966865249116202,0.09966865249116202,0.09065988720074511,-0.07677189126977804,-0.07677189126977804,0.0,0.07130746478529032,0.13255153229667402,0.13255153229667402,0.06241880999595735,0.058755822715722696,0.0,-0.06241880999595735,-0.058755822715722696,-0.058755822715722696,0.0,0.05549850524571683,0.11065722117389565,0.11065722117389565,0.10487693873023389
6.423725122003816,router,ba:bd:de:13:68:55,-84,97.96633964701114,64,1.3015407890658028,12.41417345158477,0,0,-14,8,-14,9,-14,10,-14,9,-13,7,-12,8,-11,8,-9,8,-9,7,-8,6,-7,6,-6,6,-5,6,-6,6,-6,6,-6,5,-6,6,-5,7,-5,6,-4,6,-4,6,-5,7,-4,6,-3,5,-4,5,-7,4,0,0,0,0,0,0,0,0,0,0,0,0,0,0,0,0,0,0,0,0,0,0,-6,5,-7,6,-7,7,-8,7,-9,7,-10,6,-10,5,-10,5,-10,7,-11,7,-11,7,-12,7,-13,8,-12,7,-13,6,-14,7,-13,8,-12,8,-14,9,-14,9,-12,9,-13,8,-14,9,-16,10,-16,11,-16,10,0.0,16.1245154965971,16.64331697709324,17.204650534085253,16.64331697709324,14.7648230602334,14.422205101855956,13.601470508735444,12.041594578792296,11.40175425099138,10.0,9.219544457292887,8.48528137423857,7.810249675906654,8.48528137423857,8.48528137423857,7.810249675906654,8.48528137423857,8.602325267042627,7.810249675906654,7.211102550927978,7.211102550927978,8.602325267042627,7.211102550927978,5.830951894845301,6.4031242374328485,8.06225774829855,0.0,0.0,0.0,0.0,0.0,0.0,0.0,0.0,0.0,0.0,0.0,7.810249675906654,9.219544457292887,9.899494936611665,10.63014581273465,11.40175425099138,11.661903789690601,11.180339887498949,11.180339887498949,12.206555615733702,13.038404810405298,13.038404810405298,13.892443989449804,15.264337522473747,13.892443989449804,14.317821063276353,15.652475842498529,15.264337522473747,14.422205101855956,16.64331697709324,16.64331697709324,15.0,15.264337522473747,16.64331697709324,18.867962264113206,19.4164878389476,18.867962264113206,0.0,2.62244653934327,2.5702551737561663,2.5213431676069717,2.5702551737561663,2.647651284670212,2.5535900500422257,2.5127963671743605,2.4149503129080676,2.4805494847391065,2.498091544796509,2.432966381462123,2.356194490192345,2.2655346029916,2.356194490192345,2.356194490192345,2.44685437739309,2.356194490192345,2.191045812777718,2.2655346029916,2.158798930342464,2.158798930342464,2.191045812777718,2.158798930342464,2.1112158270654806,2.2455372690184494,2.62244653934327,0.0,0.0,0.0,0.0,0.0,0.0,0.0,0.0,0.0,0.0,0.0,2.44685437739309,2.432966381462123,2.356194490192345,2.4227626539681686,2.4805494847391065,2.601173153319209,2.677945044588987,2.677945044588987,2.5308666892005847,2.5748634360662868,2.5748634360662868,2.6135182051634334,2.5899376710612465,2.6135182051634334,2.7091848780192556,2.677945044588987,2.5899376710612465,2.5535900500422257,2.5702551737561663,2.5702551737561663,2.498091544796509,2.5899376710612465,2.5702551737561663,2.5829933382462307,2.539305307454829,2.5829933382462307
6.53291797300335,router,ba:bd:de:13:68:55,-84,97.96633964701114,64,1.2932271042869798,12.052426982891863,0,0,-16,-4,-16,-4,-16,-4,-14,-4,-13,-4,-13,-3,-12,-3,-11,-2,-11,-2,-10,-1,-10,0,-10,0,-9,1,-9,2,-9,2,-9,2,-9,1,-8,2,-8,2,-7,2,-7,2,-6,1,-7,0,-8,0,-8,0,-9,0,0,0,0,0,0,0,0,0,0,0,0,0,0,0,0,0,0,0,0,0,0,0,-7,0,-8,-1,-9,-2,-9,-3,-10,-3,-11,-3,-11,-4,-11,-4,-12,-4,-12,-5,-13,-4,-12,-3,-13,-4,-15,-5,-15,-5,-14,-5,-14,-4,-15,-5,-14,-5,-14,-4,-16,-3,-17,-4,-17,-5,-17,-5,-17,-6,-18,-6,0.0,16.492422502470642,16.492422502470642,16.492422502470642,14.560219778561036,13.601470508735444,13.341664064126334,12.36931687685298,11.180339887498949,11.180339887498949,10.04987562112089,10.0,10.0,9.055385138137417,9.219544457292887,9.219544457292887,9.219544457292887,9.055385138137417,8.246211251235321,8.246211251235321,7.280109889280518,7.280109889280518,6.082762530298219,7.0,8.0,8.0,9.0,0.0,0.0,0.0,0.0,0.0,0.0,0.0,0.0,0.0,0.0,0.0,7.0,8.06225774829855,9.219544457292887,9.486832980505138,10.44030650891055,11.40175425099138,11.704699910719626,11.704699910719626,12.649110640673518,13.0,13.601470508735444,12.36931687685298,13.601470508735444,15.811388300841896,15.811388300841896,14.866068747318506,14.560219778561036,15.811388300841896,14.866068747318506,14.560219778561036,16.278820596099706,17.46424919657298,17.72004514666935,17.72004514666935,18.027756377319946,18.973665961010276,0.0,-2.896613990462929,-2.896613990462929,-2.896613990462929,-2.8632929945846817,-2.843093722003614,-2.9147938055359073,-2.896613990462929,-2.961739153797315,-2.961739153797315,-3.0419240010986313,3.141592653589793,3.141592653589793,3.0309354324158977,2.922923707715851,2.922923707715851,2.922923707715851,3.0309354324158977,2.896613990462929,2.896613990462929,2.8632929945846817,2.8632929945846817,2.976443976175166,3.141592653589793,3.141592653589793,3.141592653589793,3.141592653589793,0.0,0.0,0.0,0.0,0.0,0.0,0.0,0.0,0.0,0.0,0.0,3.141592653589793,-3.017237659043032,-2.922923707715851,-2.819842099193151,-2.8501358591119264,-2.875340604438868,-2.7928216500058864,-2.7928216500058864,-2.819842099193151,-2.746801533890032,-2.843093722003614,-2.896613990462929,-2.843093722003614,-2.819842099193151,-2.819842099193151,-2.79856871316909,-2.8632929945846817,-2.819842099193151,-2.79856871316909,-2.8632929945846817,-2.9562447035940984,-2.9105019863938963,-2.8555412118724752,-2.8555412118724752,-2.8023000391357487,-2.819842099193151
6.657481663001818,router,ba:bd:de:13:68:55,-84,97.96633964701114,64,1.286176927445771,11.700865951359255,0,0,3,20,3,20,2,16,2,15,2,17,1,16,0,14,2,13,3,11,2,11,1,13,2,12,3,10,4,9,3,9,3,7,3,6,2,7,3,8,3,7,4,6,3,5,3,4,3,4,2,6,-1,8,0,0,0,0,0,0,0,0,0,0,0,0,0,0,0,0,0,0,0,0,0,0,-2,9,-2,9,-2,10,-2,10,-1,9,-1,9,-2,10,-2,11,-2,11,-3,11,-3,11,-3,13,-3,15,-2,14,-2,13,-3,12,-3,13,-2,15,-1,16,-1,16,-1,18,0,18,-2,17,-3,19,-1,20,-1,20,0.0,20.223748416156685,20.223748416156685,16.1245154965971,15.132745950421556,17.11724276862369,16.0312195418814,14.0,13.152946437965905,11.40175425099138,11.180339887498949,13.038404810405298,12.165525060596439,10.44030650891055,9.848857801796104,9.486832980505138,7.615773105863909,6.708203932499369,7.280109889280518,8.54400374531753,7.615773105863909,7.211102550927978,5.830951894845301,5.0,5.0,6.324555320336759,8.06225774829855,0.0,0.0,0.0,0.0,0.0,0.0,0.0,0.0,0.0,0.0,0.0,9.219544457292887,9.219544457292887,10.198039027185569,10.198039027185569,9.055385138137417,9.055385138137417,10.198039027185569,11.180339887498949,11.180339887498949,11.40175425099138,11.40175425099138,13.341664064126334,15.297058540778355,14.142135623730951,13.152946437965905,12.36931687685298,13.341664064126334,15.132745950421556,16.0312195418814,16.0312195418814,18.027756377319946,18.0,17.11724276862369,19.235384061671343,20.024984394500787,20.024984394500787,0.0,1.4219063791853994,1.4219063791853994,1.446441332248135,1.4382447944982226,1.4536875822280324,1.5083775167989393,1.5707963267948966,1.4181469983996315,1.3045442776439713,1.3909428270024184,1.4940244355251187,1.4056476493802699,1.2793395323170296,1.1525719972156676,1.2490457723982544,1.1659045405098132,1.1071487177940904,1.2924966677897853,1.2120256565243244,1.1659045405098132,0.982793723247329,1.0303768265243125,0.9272952180016122,0.9272952180016122,1.2490457723982544,1.695151321341658,0.0,0.0,0.0,0.0,0.0,0.0,0.0,0.0,0.0,0.0,0.0,1.7894652726688385,1.7894652726688385,1.7681918866447774,1.7681918866447774,1.6814535479687922,1.6814535479687922,1.7681918866447774,1.750649826587375,1.750649826587375,1.837048375945822,1.837048375945822,1.7975951748487824,1.7681918866447774,1.7126933813990606,1.7234456551901618,1.8157749899217608,1.7975951748487824,1.7033478590915707,1.633215136790854,1.633215136790854,1.6262948320406134,1.5707963267948966,1.687905071361761,1.727398203776912,1.6207547225168393,1.6207547225168393
6.763381771997956,router,ba:bd:de:13:68:55,-84,96.91717952133389,64,1.2807567887414586,11.35632043466945,0,0,-11,17,-9,15,-8,13,-7,12,-6,13,-6,13,-6,12,-5,12,-5,11,-4,10,-4,9,-4,8,-4,8,-3,8,-2,7,-3,8,-3,8,-2,8,-2,8,-2,9,-3,7,-3,7,-3,7,-3,6,-3,6,-1,7,0,0,0,0,0,0,0,0,0,0,0,0,0,0,0,0,0,0,0,0,0,0,0,9,0,9,0,9,0,9,-1,9,-2,10,-3,11,-4,11,-4,12,-4,13,-3,13,-3,14,-4,14,-4,13,-4,13,-4,14,-5,14,-5,15,-5,16,-6,16,-6,16,-6,17,-5,18,-6,18,-7,18,-8,19,0.0,20.248456731316587,17.4928556845359,15.264337522473747,13.892443989449804,14.317821063276353,14.317821063276353,13.416407864998739,13.0,12.083045973594572,10.770329614269007,9.848857801796104,8.94427190999916,8.94427190999916,8.54400374531753,7.280109889280518,8.54400374531753,8.54400374531753,8.246211251235321,8.246211251235321,9.219544457292887,7.615773105863909,7.615773105863909,7.615773105863909,6.708203932499369,6.708203932499369,7.0710678118654755,0.0,0.0,0.0,0.0,0.0,0.0,0.0,0.0,0.0,0.0,0.0,9.0,9.0,9.0,9.0,9.055385138137417,10.198039027185569,11.40175425099138,11.704699910719626,12.649110640673518,13.601470508735444,13.341664064126334,14.317821063276353,14.560219778561036,13.601470508735444,13.601470508735444,14.560219778561036,14.866068747318506,15.811388300841896,16.76305461424021,17.08800749063506,17.08800749063506,18.027756377319946,18.681541692269406,18.973665961010276,19.313207915827967,20.615528128088304,0.0,2.1451011569695986,2.1112158270654806,2.1224513093234436,2.0988707752212563,2.0032041023654346,2.0032041023654346,2.0344439357957027,1.965587446494658,1.9974238199217726,1.9513027039072615,1.9890206563741257,2.0344439357957027,2.0344439357957027,1.9295669970654687,1.849095985800008,1.9295669970654687,1.9295669970654687,1.8157749899217608,1.8157749899217608,1.7894652726688385,1.97568811307998,1.97568811307998,1.97568811307998,2.0344439357957027,2.0344439357957027,1.7126933813990606,0.0,0.0,0.0,0.0,0.0,0.0,0.0,0.0,0.0,0.0,0.0,1.5707963267948966,1.5707963267948966,1.5707963267948966,1.5707963267948966,1.6814535479687922,1.7681918866447774,1.837048375945822,1.9195673303788037,1.892546881191539,1.8692952583810758,1.7975951748487824,1.7818896600176433,1.849095985800008,1.8692952583810758,1.8692952583810758,1.849095985800008,1.9138202672156,1.892546881191539,1.873681195169868,1.9295669970654687,1.9295669970654687,1.9100889412489412,1.8417431771333173,1.892546881191539,1.941687615607559,1.9693187724613168
6.864837182998599,router,ba:bd:de:13:68:55,-84,96.91717952133389,64,1.2756086410121483,11.02731890096726,0,0,16,-14,14,-12,13,-11,13,-10,12,-9,11,-9,10,-9,8,-9,7,-10,6,-11,5,-10,6,-9,6,-9,5,-8,5,-8,5,-8,4,-8,3,-8,3,-8,4,-9,3,-9,2,-7,2,-7,3,-7,3,-6,2,-3,0,0,0,0,0,0,0,0,0,0,0,0,0,0,0,0,0,0,0,0,0,0,6,-5,6,-6,6,-7,6,-7,7,-7,9,-6,10,-6,10,-7,10,-9,9,-9,10,-8,10,-7,11,-9,12,-9,12,-9,12,-10,13,-10,13,-10,12,-11,12,-12,14,-10,16,-10,15,-11,14,-12,15,-13,18,-13,0.0,21.2602916254693,18.439088914585774,17.029386365926403,16.401219466856727,15.0,14.212670403551895,13.45362404707371,12.041594578792296,12.206555615733702,12.529964086141668,11.180339887498949,10.816653826391969,10.816653826391969,9.433981132056603,9.433981132056603,9.433981132056603,8.94427190999916,8.54400374531753,8.54400374531753,9.848857801796104,9.486832980505138,7.280109889280518,7.280109889280518,7.615773105863909,6.708203932499369,3.605551275463989,0.0,0.0,0.0,0.0,0.0,0.0,0.0,0.0,0.0,0.0,0.0,7.810249675906654,8.48528137423857,9.219544457292887,9.219544457292887,9.899494936611665,10.816653826391969,11.661903789690601,12.206555615733702,13.45362404707371,12.727922061357855,12.806248474865697,12.206555615733702,14.212670403551895,15.0,15.0,15.620499351813308,16.401219466856727,16.401219466856727,16.278820596099706,16.97056274847714,17.204650534085253,18.867962264113206,18.601075237738275,18.439088914585774,19.849433241279208,22.20360331117452,0.0,-0.7188299996216245,-0.7086262721276703,-0.702256931509007,-0.6556956262415362,-0.6435011087932844,-0.6857295109062863,-0.7328151017865066,-0.844153986113171,-0.960070362405688,-1.0714496051147666,-1.1071487177940904,-0.982793723247329,-0.982793723247329,-1.0121970114513341,-1.0121970114513341,-1.0121970114513341,-1.1071487177940904,-1.2120256565243244,-1.2120256565243244,-1.1525719972156676,-1.2490457723982544,-1.2924966677897853,-1.2924966677897853,-1.1659045405098132,-1.1071487177940904,-0.982793723247329,0.0,0.0,0.0,0.0,0.0,0.0,0.0,0.0,0.0,0.0,0.0,-0.6947382761967031,-0.7853981633974483,-0.8621700546672264,-0.8621700546672264,-0.7853981633974483,-0.5880026035475675,-0.5404195002705842,-0.6107259643892086,-0.7328151017865066,-0.7853981633974483,-0.6747409422235526,-0.6107259643892086,-0.6857295109062863,-0.6435011087932844,-0.6435011087932844,-0.6947382761967031,-0.6556956262415362,-0.6556956262415362,-0.7419472680059175,-0.7853981633974483,-0.6202494859828215,-0.5585993153435624,-0.6327488350021832,-0.7086262721276703,-0.714090698612158,-0.625485040239229
6.993550737002806,router,ba:bd:de:13:68:55,-84,96.91717952133389,64,1.2716481680398637,10.709751244597967,0,0,-15,-8,-16,-8,-15,-7,-15,-7,-15,-7,-13,-6,-11,-5,-11,-6,-11,-5,-11,-4,-10,-4,-10,-3,-10,-2,-9,-2,-9,-2,-8,-2,-8,-2,-8,-1,-8,0,-8,-1,-9,-1,-8,-1,-8,0,-8,0,-7,-1,-6,-2,0,0,0,0,0,0,0,0,0,0,0,0,0,0,0,0,0,0,0,0,0,0,-8,-2,-8,-1,-10,-2,-11,-3,-11,-5,-10,-5,-10,-5,-11,-5,-12,-5,-12,-5,-12,-5,-12,-7,-11,-8,-12,-8,-14,-9,-15,-9,-15,-9,-15,-8,-15,-7,-15,-7,-15,-7,-16,-8,-17,-9,-17,-8,-17,-8,-17,-9,0.0,17.0,17.88854381999832,16.55294535724685,16.55294535724685,16.55294535724685,14.317821063276353,12.083045973594572,12.529964086141668,12.083045973594572,11.704699910719626,10.770329614269007,10.44030650891055,10.198039027185569,9.219544457292887,9.219544457292887,8.246211251235321,8.246211251235321,8.06225774829855,8.0,8.06225774829855,9.055385138137417,8.06225774829855,8.0,8.0,7.0710678118654755,6.324555320336759,0.0,0.0,0.0,0.0,0.0,0.0,0.0,0.0,0.0,0.0,0.0,8.246211251235321,8.06225774829855,10.198039027185569,11.40175425099138,12.083045973594572,11.180339887498949,11.180339887498949,12.083045973594572,13.0,13.0,13.0,13.892443989449804,13.601470508735444,14.422205101855956,16.64331697709324,17.4928556845359,17.4928556845359,17.0,16.55294535724685,16.55294535724685,16.55294535724685,17.88854381999832,19.235384061671343,18.788294228055936,18.788294228055936,19.235384061671343,0.0,-2.651635327336065,-2.677945044588987,-2.704965493776252,-2.704965493776252,-2.704965493776252,-2.7091848780192556,-2.714965160462917,-2.642245931909663,-2.714965160462917,-2.7928216500058864,-2.761086276477428,-2.8501358591119264,-2.9441970937399127,-2.922923707715851,-2.922923707715851,-2.896613990462929,-2.896613990462929,-3.017237659043032,3.141592653589793,-3.017237659043032,-3.0309354324158977,-3.017237659043032,3.141592653589793,3.141592653589793,-2.999695598985629,-2.819842099193151,0.0,0.0,0.0,0.0,0.0,0.0,0.0,0.0,0.0,0.0,0.0,-2.896613990462929,-3.017237659043032,-2.9441970937399127,-2.875340604438868,-2.714965160462917,-2.677945044588987,-2.677945044588987,-2.714965160462917,-2.746801533890032,-2.746801533890032,-2.746801533890032,-2.6135182051634334,-2.5127963671743605,-2.5535900500422257,-2.5702551737561663,-2.601173153319209,-2.601173153319209,-2.651635327336065,-2.704965493776252,-2.704965493776252,-2.704965493776252,-2.677945044588987,-2.654693421778524,-2.701750070774057,-2.701750070774057,-2.654693421778524
7.093585203001567,router,ba:bd:de:13:68:55,-84,96.91717952133389,64,1.2651804681924796,10.414686427966725,0,0,-18,-4,-18,-4,-17,-3,-16,-3,-15,-3,-14,-3,-13,-2,-13,-2,-13,-2,-12,-2,-11,-1,-10,-1,-10,0,-10,-1,-9,-1,-9,0,-9,1,-9,1,-8,1,-8,1,-8,0,-7,-1,-7,-1,-7,-1,-7,-2,-6,-2,0,0,0,0,0,0,0,0,0,0,0,0,0,0,0,0,0,0,0,0,0,0,-8,1,-7,1,-10,2,-11,1,-10,0,-11,0,-12,1,-12,0,-13,-2,-13,-3,-13,-3,-13,-2,-15,-2,-15,-2,-15,-2,-15,-2,-16,-2,-17,-2,-17,-3,-16,-3,-17,-4,-18,-4,-19,-3,-19,-3,-19,-4,-20,-4,0.0,18.439088914585774,18.439088914585774,17.26267650163207,16.278820596099706,15.297058540778355,14.317821063276353,13.152946437965905,13.152946437965905,13.152946437965905,12.165525060596439,11.045361017187261,10.04987562112089,10.0,10.04987562112089,9.055385138137417,9.0,9.055385138137417,9.055385138137417,8.06225774829855,8.06225774829855,8.0,7.0710678118654755,7.0710678118654755,7.0710678118654755,7.280109889280518,6.324555320336759,0.0,0.0,0.0,0.0,0.0,0.0,0.0,0.0,0.0,0.0,0.0,8.06225774829855,7.0710678118654755,10.198039027185569,11.045361017187261,10.0,11.0,12.041594578792296,12.0,13.152946437965905,13.341664064126334,13.341664064126334,13.152946437965905,15.132745950421556,15.132745950421556,15.132745950421556,15.132745950421556,16.1245154965971,17.11724276862369,17.26267650163207,16.278820596099706,17.46424919657298,18.439088914585774,19.235384061671343,19.235384061671343,19.4164878389476,20.396078054371138,0.0,-2.922923707715851,-2.922923707715851,-2.9669204545815537,-2.9562447035940984,-2.9441970937399127,-2.930499320367047,-2.988943325194528,-2.988943325194528,-2.988943325194528,-2.976443976175166,-3.050932766389048,-3.0419240010986313,3.141592653589793,-3.0419240010986313,-3.0309354324158977,3.141592653589793,3.0309354324158977,3.0309354324158977,3.017237659043032,3.017237659043032,3.141592653589793,-2.999695598985629,-2.999695598985629,-2.999695598985629,-2.8632929945846817,-2.819842099193151,0.0,0.0,0.0,0.0,0.0,0.0,0.0,0.0,0.0,0.0,0.0,3.017237659043032,2.999695598985629,2.9441970937399127,3.050932766389048,3.141592653589793,3.141592653589793,3.058451421701352,3.141592653589793,-2.988943325194528,-2.9147938055359073,-2.9147938055359073,-2.988943325194528,-3.0090411212931194,-3.0090411212931194,-3.0090411212931194,-3.0090411212931194,-3.017237659043032,-3.024483909022929,-2.9669204545815537,-2.9562447035940984,-2.9105019863938963,-2.922923707715851,-2.984990776607778,-2.984990776607778,-2.9340964271545906,-2.9441970937399127
7.203129826004442,router,ba:bd:de:13:68:55,-84,96.91717952133389,64,1.260164201002863,10.135832472188682,0,0,17,-8,16,-8,16,-8,15,-6,14,-6,13,-6,13,-6,12,-6,11,-5,10,-5,10,-5,9,-5,8,-5,7,-6,6,-5,5,-5,6,-4,7,-5,8,-4,7,-4,6,-4,5,-4,7,-3,8,-2,7,-3,5,-5,0,0,0,0,0,0,0,0,0,0,0,0,0,0,0,0,0,0,0,0,0,0,4,-6,4,-7,4,-9,4,-9,5,-9,7,-9,7,-10,8,-10,8,-9,8,-8,9,-8,10,-9,12,-10,12,-10,12,-10,13,-11,13,-11,13,-10,14,-9,14,-9,14,-10,15,-10,16,-8,17,-9,17,-11,17,-13,0.0,18.788294228055936,17.88854381999832,17.88854381999832,16.15549442140351,15.231546211727817,14.317821063276353,14.317821063276353,13.416407864998739,12.083045973594572,11.180339887498949,11.180339887498949,10.295630140987,9.433981132056603,9.219544457292887,7.810249675906654,7.0710678118654755,7.211102550927978,8.602325267042627,8.94427190999916,8.06225774829855,7.211102550927978,6.4031242374328485,7.615773105863909,8.246211251235321,7.615773105863909,7.0710678118654755,0.0,0.0,0.0,0.0,0.0,0.0,0.0,0.0,0.0,0.0,0.0,7.211102550927978,8.06225774829855,9.848857801796104,9.848857801796104,10.295630140987,11.40175425099138,12.206555615733702,12.806248474865697,12.041594578792296,11.313708498984761,12.041594578792296,13.45362404707371,15.620499351813308,15.620499351813308,15.620499351813308,17.029386365926403,17.029386365926403,16.401219466856727,16.64331697709324,16.64331697709324,17.204650534085253,18.027756377319946,17.88854381999832,19.235384061671343,20.248456731316587,21.400934559032695,0.0,-0.4398425828157362,-0.4636476090008061,-0.4636476090008061,-0.3805063771123649,-0.40489178628508343,-0.43240777557053783,-0.43240777557053783,-0.4636476090008061,-0.4266274931268761,-0.4636476090008061,-0.4636476090008061,-0.507098504392337,-0.5585993153435624,-0.7086262721276703,-0.6947382761967031,-0.7853981633974483,-0.5880026035475675,-0.6202494859828215,-0.4636476090008061,-0.5191461142465229,-0.5880026035475675,-0.6747409422235526,-0.40489178628508343,-0.24497866312686414,-0.40489178628508343,-0.7853981633974483,0.0,0.0,0.0,0.0,0.0,0.0,0.0,0.0,0.0,0.0,0.0,-0.982793723247329,-1.0516502125483738,-1.1525719972156676,-1.1525719972156676,-1.0636978224025597,-0.9097531579442097,-0.960070362405688,-0.8960553845713439,-0.844153986113171,-0.7853981633974483,-0.7266423406817256,-0.7328151017865066,-0.6947382761967031,-0.6947382761967031,-0.6947382761967031,-0.702256931509007,-0.702256931509007,-0.6556956262415362,-0.5713374798336268,-0.5713374798336268,-0.6202494859828215,-0.5880026035475675,-0.4636476090008061,-0.48689923181126904,-0.5743048301747018,-0.6528466311007742
7.3135051089993794,router,ba:bd:de:13:68:55,-84,96.91717952133389,64,1.2580806789985128,9.868733598596092,0,0,-12,-16,-10,-17,-10,-16,-10,-15,-10,-14,-9,-12,-9,-10,-10,-10,-10,-10,-9,-10,-7,-10,-8,-9,-9,-7,-10,-6,-9,-7,-8,-7,-7,-7,-6,-6,-6,-5,-7,-6,-6,-6,-5,-6,-5,-6,-6,-4,-6,-4,-4,-3,0,0,0,0,0,0,0,0,0,0,0,0,0,0,0,0,0,0,0,0,0,0,-6,-8,-5,-7,-5,-8,-6,-9,-8,-10,-9,-10,-9,-11,-8,-12,-7,-12,-8,-12,-9,-12,-10,-12,-9,-13,-9,-15,-9,-15,-9,-15,-10,-14,-10,-14,-11,-14,-11,-15,-11,-16,-11,-16,-11,-16,-12,-14,-13,-15,-12,-17,0.0,20.0,19.72308292331602,18.867962264113206,18.027756377319946,17.204650534085253,15.0,13.45362404707371,14.142135623730951,14.142135623730951,13.45362404707371,12.206555615733702,12.041594578792296,11.40175425099138,11.661903789690601,11.40175425099138,10.63014581273465,9.899494936611665,8.48528137423857,7.810249675906654,9.219544457292887,8.48528137423857,7.810249675906654,7.810249675906654,7.211102550927978,7.211102550927978,5.0,0.0,0.0,0.0,0.0,0.0,0.0,0.0,0.0,0.0,0.0,0.0,10.0,8.602325267042627,9.433981132056603,10.816653826391969,12.806248474865697,13.45362404707371,14.212670403551895,14.422205101855956,13.892443989449804,14.422205101855956,15.0,15.620499351813308,15.811388300841896,17.4928556845359,17.4928556845359,17.4928556845359,17.204650534085253,17.204650534085253,17.804493814764857,18.601075237738275,19.4164878389476,19.4164878389476,19.4164878389476,18.439088914585774,19.849433241279208,20.808652046684813,0.0,-2.214297435588181,-2.1025203940537023,-2.129395642138459,-2.158798930342464,-2.191045812777718,-2.214297435588181,-2.3036114285814033,-2.356194490192345,-2.356194490192345,-2.3036114285814033,-2.1815222911841055,-2.297438667476622,-2.4805494847391065,-2.601173153319209,-2.4805494847391065,-2.4227626539681686,-2.356194490192345,-2.356194490192345,-2.44685437739309,-2.432966381462123,-2.356194490192345,-2.2655346029916,-2.2655346029916,-2.5535900500422257,-2.5535900500422257,-2.498091544796509,0.0,0.0,0.0,0.0,0.0,0.0,0.0,0.0,0.0,0.0,0.0,-2.214297435588181,-2.191045812777718,-2.129395642138459,-2.158798930342464,-2.2455372690184494,-2.3036114285814033,-2.256525837701183,-2.158798930342464,-2.0988707752212563,-2.158798930342464,-2.214297435588181,-2.2655346029916,-2.1763409903998667,-2.1112158270654806,-2.1112158270654806,-2.1112158270654806,-2.191045812777718,-2.191045812777718,-2.2367655641740063,-2.20354516179708,-2.173083672929861,-2.173083672929861,-2.173083672929861,-2.279422598922567,-2.2848870254070546,-2.185459278717062
7.42345978999947,router,ba:bd:de:13:68:55,-83,96.91717952133389,64,1.2573113624983607,9.652159268752122,0,0,-18,-10,-17,-11,-16,-11,-14,-10,-13,-9,-12,-8,-11,-7,-11,-7,-11,-6,-11,-6,-10,-5,-10,-4,-10,-3,-10,-3,-10,-3,-9,-3,-8,-2,-8,-3,-8,-3,-8,-3,-8,-3,-8,-5,-8,-5,-7,-3,-6,-3,-7,-4,0,0,0,0,0,0,0,0,0,0,0,0,0,0,0,0,0,0,0,0,0,0,-6,-4,-8,-3,-9,-2,-10,-3,-11,-4,-11,-5,-11,-7,-12,-7,-11,-8,-12,-8,-12,-7,-12,-7,-13,-7,-14,-7,-14,-8,-14,-8,-14,-9,-15,-10,-16,-10,-17,-9,-17,-9,-17,-10,-16,-11,-17,-11,-17,-10,-16,-10,0.0,20.591260281974,20.248456731316587,19.4164878389476,17.204650534085253,15.811388300841896,14.422205101855956,13.038404810405298,13.038404810405298,12.529964086141668,12.529964086141668,11.180339887498949,10.770329614269007,10.44030650891055,10.44030650891055,10.44030650891055,9.486832980505138,8.246211251235321,8.54400374531753,8.54400374531753,8.54400374531753,8.54400374531753,9.433981132056603,9.433981132056603,7.615773105863909,6.708203932499369,8.06225774829855,0.0,0.0,0.0,0.0,0.0,0.0,0.0,0.0,0.0,0.0,0.0,7.211102550927978,8.54400374531753,9.219544457292887,10.44030650891055,11.704699910719626,12.083045973594572,13.038404810405298,13.892443989449804,13.601470508735444,14.422205101855956,13.892443989449804,13.892443989449804,14.7648230602334,15.652475842498529,16.1245154965971,16.1245154965971,16.64331697709324,18.027756377319946,18.867962264113206,19.235384061671343,19.235384061671343,19.72308292331602,19.4164878389476,20.248456731316587,19.72308292331602,18.867962264113206,0.0,-2.6344941491974563,-2.5672878234150915,-2.539305307454829,-2.5213431676069717,-2.5360479899848234,-2.5535900500422257,-2.5748634360662868,-2.5748634360662868,-2.642245931909663,-2.642245931909663,-2.677945044588987,-2.761086276477428,-2.8501358591119264,-2.8501358591119264,-2.8501358591119264,-2.819842099193151,-2.896613990462929,-2.782821983319221,-2.782821983319221,-2.782821983319221,-2.782821983319221,-2.5829933382462307,-2.5829933382462307,-2.7367008673047097,-2.677945044588987,-2.62244653934327,0.0,0.0,0.0,0.0,0.0,0.0,0.0,0.0,0.0,0.0,0.0,-2.5535900500422257,-2.782821983319221,-2.922923707715851,-2.8501358591119264,-2.7928216500058864,-2.714965160462917,-2.5748634360662868,-2.6135182051634334,-2.5127963671743605,-2.5535900500422257,-2.6135182051634334,-2.6135182051634334,-2.647651284670212,-2.677945044588987,-2.62244653934327,-2.62244653934327,-2.5702551737561663,-2.5535900500422257,-2.5829933382462307,-2.654693421778524,-2.654693421778524,-2.609868586330988,-2.539305307454829,-2.5672878234150915,-2.609868586330988,-2.5829933382462307
7.532478988003277,router,ba:bd:de:13:68:55,-84,96.91717952133389,64,1.2550162443830077,9.51530479620963,0,0,19,-6,17,-7,16,-5,14,-5,13,-5,13,-4,12,-5,11,-5,10,-5,10,-4,9,-4,8,-4,7,-5,8,-6,9,-6,8,-5,8,-6,8,-7,6,-7,5,-6,6,-5,5,-5,4,-6,4,-5,4,-5,5,-4,0,0,0,0,0,0,0,0,0,0,0,0,0,0,0,0,0,0,0,0,0,0,10,-4,10,-4,9,-5,9,-6,10,-6,10,-4,11,-4,12,-4,13,-4,13,-4,13,-4,13,-5,13,-5,13,-5,15,-5,16,-5,16,-5,16,-3,17,-3,18,-5,17,-6,18,-6,18,-5,18,-5,18,-5,19,-5,0.0,19.924858845171276,18.384776310850235,16.76305461424021,14.866068747318506,13.92838827718412,13.601470508735444,13.0,12.083045973594572,11.180339887498949,10.770329614269007,9.848857801796104,8.94427190999916,8.602325267042627,10.0,10.816653826391969,9.433981132056603,10.0,10.63014581273465,9.219544457292887,7.810249675906654,7.810249675906654,7.0710678118654755,7.211102550927978,6.4031242374328485,6.4031242374328485,6.4031242374328485,0.0,0.0,0.0,0.0,0.0,0.0,0.0,0.0,0.0,0.0,0.0,10.770329614269007,10.770329614269007,10.295630140987,10.816653826391969,11.661903789690601,10.770329614269007,11.704699910719626,12.649110640673518,13.601470508735444,13.601470508735444,13.601470508735444,13.92838827718412,13.92838827718412,13.92838827718412,15.811388300841896,16.76305461424021,16.76305461424021,16.278820596099706,17.26267650163207,18.681541692269406,18.027756377319946,18.973665961010276,18.681541692269406,18.681541692269406,18.681541692269406,19.6468827043885,0.0,-0.30587887140485215,-0.3906070436976868,-0.3028848683749714,-0.3430239404207034,-0.3671738338182192,-0.2984989315861793,-0.3947911196997615,-0.4266274931268761,-0.4636476090008061,-0.3805063771123649,-0.4182243295792291,-0.4636476090008061,-0.6202494859828215,-0.6435011087932844,-0.5880026035475675,-0.5585993153435624,-0.6435011087932844,-0.7188299996216245,-0.8621700546672264,-0.8760580505981934,-0.6947382761967031,-0.7853981633974483,-0.982793723247329,-0.8960553845713439,-0.8960553845713439,-0.6747409422235526,0.0,0.0,0.0,0.0,0.0,0.0,0.0,0.0,0.0,0.0,0.0,-0.3805063771123649,-0.3805063771123649,-0.507098504392337,-0.5880026035475675,-0.5404195002705842,-0.3805063771123649,-0.348771003583907,-0.3217505543966422,-0.2984989315861793,-0.2984989315861793,-0.2984989315861793,-0.3671738338182192,-0.3671738338182192,-0.3671738338182192,-0.3217505543966422,-0.3028848683749714,-0.3028848683749714,-0.18534794999569476,-0.1746721990082397,-0.27094685033842053,-0.3392926144540447,-0.3217505543966422,-0.27094685033842053,-0.27094685033842053,-0.27094685033842053,-0.25732371497108864
7.6331820160048665,router,ba:bd:de:13:68:55,-83,96.91717952133389,64,1.2522287744799705,9.433629290155789,0,0,-15,-6,-15,-8,-14,-8,-14,-8,-14,-7,-13,-6,-12,-6,-11,-5,-10,-4,-9,-4,-10,-4,-10,-4,-10,-4,-9,-3,-8,-2,-7,-2,-8,-2,-8,-1,-8,-2,-8,-2,-9,-2,-8,-1,-8,-1,-7,-2,-6,-1,-5,-1,0,0,0,0,0,0,0,0,0,0,0,0,0,0,0,0,0,0,0,0,0,0,-6,-2,-8,-3,-9,-3,-9,-3,-9,-5,-9,-5,-9,-3,-10,-5,-12,-7,-13,-7,-13,-7,-14,-6,-13,-6,-12,-6,-12,-6,-13,-7,-14,-6,-15,-6,-15,-6,-16,-6,-16,-7,-16,-6,-16,-7,-18,-8,-19,-8,-19,-9,0.0,16.15549442140351,17.0,16.1245154965971,16.1245154965971,15.652475842498529,14.317821063276353,13.416407864998739,12.083045973594572,10.770329614269007,9.848857801796104,10.770329614269007,10.770329614269007,10.770329614269007,9.486832980505138,8.246211251235321,7.280109889280518,8.246211251235321,8.06225774829855,8.246211251235321,8.246211251235321,9.219544457292887,8.06225774829855,8.06225774829855,7.280109889280518,6.082762530298219,5.0990195135927845,0.0,0.0,0.0,0.0,0.0,0.0,0.0,0.0,0.0,0.0,0.0,6.324555320336759,8.54400374531753,9.486832980505138,9.486832980505138,10.295630140987,10.295630140987,9.486832980505138,11.180339887498949,13.892443989449804,14.7648230602334,14.7648230602334,15.231546211727817,14.317821063276353,13.416407864998739,13.416407864998739,14.7648230602334,15.231546211727817,16.15549442140351,16.15549442140351,17.08800749063506,17.46424919657298,17.08800749063506,17.46424919657298,19.697715603592208,20.615528128088304,21.02379604162864,0.0,-2.761086276477428,-2.651635327336065,-2.62244653934327,-2.62244653934327,-2.677945044588987,-2.7091848780192556,-2.677945044588987,-2.714965160462917,-2.761086276477428,-2.723368324010564,-2.761086276477428,-2.761086276477428,-2.761086276477428,-2.819842099193151,-2.896613990462929,-2.8632929945846817,-2.896613990462929,-3.017237659043032,-2.896613990462929,-2.896613990462929,-2.922923707715851,-3.017237659043032,-3.017237659043032,-2.8632929945846817,-2.976443976175166,-2.9441970937399127,0.0,0.0,0.0,0.0,0.0,0.0,0.0,0.0,0.0,0.0,0.0,-2.819842099193151,-2.782821983319221,-2.819842099193151,-2.819842099193151,-2.6344941491974563,-2.6344941491974563,-2.819842099193151,-2.677945044588987,-2.6135182051634334,-2.647651284670212,-2.647651284670212,-2.7367008673047097,-2.7091848780192556,-2.677945044588987,-2.677945044588987,-2.647651284670212,-2.7367008673047097,-2.761086276477428,-2.761086276477428,-2.782821983319221,-2.729182211992406,-2.782821983319221,-2.729182211992406,-2.723368324010564,-2.743070207923373,-2.6992184306130484
7.735162948003563,router,ba:bd:de:13:68:55,-84,101.08631706988218,64,1.2490144039157645,9.420709862936382,0,0,-4,17,-4,16,-4,16,-3,15,-3,13,-2,13,-2,13,-3,12,-3,12,-2,11,0,10,1,9,1,9,1,8,1,8,1,8,1,8,0,9,0,8,1,7,2,7,2,7,1,7,2,6,2,5,3,5,0,0,0,0,0,0,0,0,0,0,0,0,0,0,0,0,0,0,0,0,0,0,-2,8,-4,8,-4,9,-3,12,-3,12,-2,11,-2,10,-4,10,-5,11,-4,13,-5,13,-5,13,-5,12,-5,13,-5,13,-6,13,-6,13,-5,15,-4,15,-5,16,-4,16,-5,16,-5,16,-5,17,-5,17,-7,17,0.0,17.46424919657298,16.492422502470642,16.492422502470642,15.297058540778355,13.341664064126334,13.152946437965905,13.152946437965905,12.36931687685298,12.36931687685298,11.180339887498949,10.0,9.055385138137417,9.055385138137417,8.06225774829855,8.06225774829855,8.06225774829855,8.06225774829855,9.0,8.0,7.0710678118654755,7.280109889280518,7.280109889280518,7.0710678118654755,6.324555320336759,5.385164807134504,5.830951894845301,0.0,0.0,0.0,0.0,0.0,0.0,0.0,0.0,0.0,0.0,0.0,8.246211251235321,8.94427190999916,9.848857801796104,12.36931687685298,12.36931687685298,11.180339887498949,10.198039027185569,10.770329614269007,12.083045973594572,13.601470508735444,13.92838827718412,13.92838827718412,13.0,13.92838827718412,13.92838827718412,14.317821063276353,14.317821063276353,15.811388300841896,15.524174696260024,16.76305461424021,16.492422502470642,16.76305461424021,16.76305461424021,17.72004514666935,17.72004514666935,18.384776310850235,0.0,1.8018869939907938,1.8157749899217608,1.8157749899217608,1.7681918866447774,1.7975951748487824,1.7234456551901618,1.7234456551901618,1.8157749899217608,1.8157749899217608,1.750649826587375,1.5707963267948966,1.460139105621001,1.460139105621001,1.446441332248135,1.446441332248135,1.446441332248135,1.446441332248135,1.5707963267948966,1.5707963267948966,1.4288992721907328,1.2924966677897853,1.2924966677897853,1.4288992721907328,1.2490457723982544,1.1902899496825317,1.0303768265243125,0.0,0.0,0.0,0.0,0.0,0.0,0.0,0.0,0.0,0.0,0.0,1.8157749899217608,2.0344439357957027,1.9890206563741257,1.8157749899217608,1.8157749899217608,1.750649826587375,1.7681918866447774,1.9513027039072615,1.9974238199217726,1.8692952583810758,1.9379701606131159,1.9379701606131159,1.965587446494658,1.9379701606131159,1.9379701606131159,2.0032041023654346,2.0032041023654346,1.892546881191539,1.8313987185422376,1.873681195169868,1.8157749899217608,1.873681195169868,1.873681195169868,1.856847768512215,1.856847768512215,1.9614033704925835
7.842140688000654,router,ba:bd:de:13:68:55,-84,101.08631706988218,64,1.2502042239382396,9.414588084307251,0,0,11,11,11,10,11,10,9,9,8,8,9,7,8,6,8,5,8,5,7,6,6,6,5,5,6,5,7,4,7,3,7,3,6,4,6,4,5,4,5,4,5,4,5,3,4,4,4,4,4,3,4,1,0,0,0,0,0,0,0,0,0,0,0,0,0,0,0,0,0,0,0,0,0,0,6,1,6,1,6,2,7,2,8,2,9,3,8,4,8,4,8,5,9,5,11,5,10,5,9,6,9,7,9,7,10,7,10,7,10,8,11,8,12,8,12,9,12,9,12,9,12,9,12,10,12,10,0.0,15.556349186104045,14.866068747318506,14.866068747318506,12.727922061357855,11.313708498984761,11.40175425099138,10.0,9.433981132056603,9.433981132056603,9.219544457292887,8.48528137423857,7.0710678118654755,7.810249675906654,8.06225774829855,7.615773105863909,7.615773105863909,7.211102550927978,7.211102550927978,6.4031242374328485,6.4031242374328485,6.4031242374328485,5.830951894845301,5.656854249492381,5.656854249492381,5.0,4.123105625617661,0.0,0.0,0.0,0.0,0.0,0.0,0.0,0.0,0.0,0.0,0.0,6.082762530298219,6.082762530298219,6.324555320336759,7.280109889280518,8.246211251235321,9.486832980505138,8.94427190999916,8.94427190999916,9.433981132056603,10.295630140987,12.083045973594572,11.180339887498949,10.816653826391969,11.40175425099138,11.40175425099138,12.206555615733702,12.206555615733702,12.806248474865697,13.601470508735444,14.422205101855956,15.0,15.0,15.0,15.0,15.620499351813308,15.620499351813308,0.0,0.7853981633974483,0.7378150601204649,0.7378150601204649,0.7853981633974483,0.7853981633974483,0.6610431688506869,0.6435011087932844,0.5585993153435624,0.5585993153435624,0.7086262721276703,0.7853981633974483,0.7853981633974483,0.6947382761967031,0.5191461142465229,0.40489178628508343,0.40489178628508343,0.5880026035475675,0.5880026035475675,0.6747409422235526,0.6747409422235526,0.6747409422235526,0.5404195002705842,0.7853981633974483,0.7853981633974483,0.6435011087932844,0.24497866312686414,0.0,0.0,0.0,0.0,0.0,0.0,0.0,0.0,0.0,0.0,0.0,0.16514867741462683,0.16514867741462683,0.3217505543966422,0.27829965900511133,0.24497866312686414,0.3217505543966422,0.4636476090008061,0.4636476090008061,0.5585993153435624,0.507098504392337,0.4266274931268761,0.4636476090008061,0.5880026035475675,0.6610431688506869,0.6610431688506869,0.6107259643892086,0.6107259643892086,0.6747409422235526,0.628796286415433,0.5880026035475675,0.6435011087932844,0.6435011087932844,0.6435011087932844,0.6435011087932844,0.6947382761967031,0.6947382761967031
7.94851093699981,router,ba:bd:de:13:68:55,-83,101.08631706988218,64,1.2504845986596913,9.414672473551692,0,0,-14,-11,-13,-12,-13,-12,-11,-10,-10,-9,-11,-8,-11,-7,-10,-7,-10,-7,-10,-6,-10,-5,-10,-5,-10,-4,-11,-3,-10,-2,-9,-3,-9,-2,-9,-1,-9,-1,-8,-2,-8,-2,-8,-1,-8,-1,-7,-1,-6,-1,-8,-1,0,0,0,0,0,0,0,0,0,0,0,0,0,0,0,0,0,0,0,0,0,0,-6,-3,-7,-4,-8,-5,-8,-5,-8,-5,-8,-6,-9,-7,-10,-9,-11,-9,-11,-8,-11,-8,-11,-9,-14,-8,-15,-8,-12,-9,-11,-9,-12,-9,-12,-10,-13,-12,-13,-11,-13,-10,-12,-11,-13,-11,-15,-11,-15,-11,-13,-12,0.0,17.804493814764857,17.69180601295413,17.69180601295413,14.866068747318506,13.45362404707371,13.601470508735444,13.038404810405298,12.206555615733702,12.206555615733702,11.661903789690601,11.180339887498949,11.180339887498949,10.770329614269007,11.40175425099138,10.198039027185569,9.486832980505138,9.219544457292887,9.055385138137417,9.055385138137417,8.246211251235321,8.246211251235321,8.06225774829855,8.06225774829855,7.0710678118654755,6.082762530298219,8.06225774829855,0.0,0.0,0.0,0.0,0.0,0.0,0.0,0.0,0.0,0.0,0.0,6.708203932499369,8.06225774829855,9.433981132056603,9.433981132056603,9.433981132056603,10.0,11.40175425099138,13.45362404707371,14.212670403551895,13.601470508735444,13.601470508735444,14.212670403551895,16.1245154965971,17.0,15.0,14.212670403551895,15.0,15.620499351813308,17.69180601295413,17.029386365926403,16.401219466856727,16.278820596099706,17.029386365926403,18.601075237738275,18.601075237738275,17.69180601295413,0.0,-2.4756234162106834,-2.396173177315635,-2.396173177315635,-2.403777593469328,-2.408777551803287,-2.5127963671743605,-2.5748634360662868,-2.5308666892005847,-2.5308666892005847,-2.601173153319209,-2.677945044588987,-2.677945044588987,-2.761086276477428,-2.875340604438868,-2.9441970937399127,-2.819842099193151,-2.922923707715851,-3.0309354324158977,-3.0309354324158977,-2.896613990462929,-2.896613990462929,-3.017237659043032,-3.017237659043032,-2.999695598985629,-2.976443976175166,-3.017237659043032,0.0,0.0,0.0,0.0,0.0,0.0,0.0,0.0,0.0,0.0,0.0,-2.677945044588987,-2.62244653934327,-2.5829933382462307,-2.5829933382462307,-2.5829933382462307,-2.498091544796509,-2.4805494847391065,-2.408777551803287,-2.455863142683507,-2.5127963671743605,-2.5127963671743605,-2.455863142683507,-2.62244653934327,-2.651635327336065,-2.498091544796509,-2.455863142683507,-2.498091544796509,-2.44685437739309,-2.396173177315635,-2.439335722080786,-2.485897027348257,-2.399645385583876,-2.439335722080786,-2.5088438185876103,-2.5088438185876103,-2.396173177315635
8.052238008000131,router,ba:bd:de:13:68:55,-84,101.08631706988218,64,1.2479701132458962,9.419388416432838,0,0,-2,16,-2,17,-2,18,-3,16,-3,14,-2,13,-1,13,0,12,0,11,0,11,1,10,1,9,1,8,1,7,0,8,1,8,3,8,3,9,2,9,2,8,2,6,1,6,2,6,2,6,1,7,1,9,0,0,0,0,0,0,0,0,0,0,0,0,0,0,0,0,0,0,0,0,0,0,-2,7,-2,8,-1,10,-1,10,-2,10,-2,11,-2,11,-2,11,-2,11,-3,13,-2,14,-2,14,-3,14,-3,14,-2,15,-2,15,-3,16,-3,16,-3,16,-2,16,-3,19,-3,20,-3,18,-3,18,-5,20,-6,19,0.0,16.1245154965971,17.11724276862369,18.110770276274835,16.278820596099706,14.317821063276353,13.152946437965905,13.038404810405298,12.0,11.0,11.0,10.04987562112089,9.055385138137417,8.06225774829855,7.0710678118654755,8.0,8.06225774829855,8.54400374531753,9.486832980505138,9.219544457292887,8.246211251235321,6.324555320336759,6.082762530298219,6.324555320336759,6.324555320336759,7.0710678118654755,9.055385138137417,0.0,0.0,0.0,0.0,0.0,0.0,0.0,0.0,0.0,0.0,0.0,7.280109889280518,8.246211251235321,10.04987562112089,10.04987562112089,10.198039027185569,11.180339887498949,11.180339887498949,11.180339887498949,11.180339887498949,13.341664064126334,14.142135623730951,14.142135623730951,14.317821063276353,14.317821063276353,15.132745950421556,15.132745950421556,16.278820596099706,16.278820596099706,16.278820596099706,16.1245154965971,19.235384061671343,20.223748416156685,18.24828759089466,18.24828759089466,20.615528128088304,19.924858845171276,0.0,1.695151321341658,1.687905071361761,1.6814535479687922,1.7561442767905915,1.7818896600176433,1.7234456551901618,1.6475682180646747,1.5707963267948966,1.5707963267948966,1.5707963267948966,1.4711276743037347,1.460139105621001,1.446441332248135,1.4288992721907328,1.5707963267948966,1.446441332248135,1.2120256565243244,1.2490457723982544,1.3521273809209546,1.3258176636680326,1.2490457723982544,1.4056476493802699,1.2490457723982544,1.2490457723982544,1.4288992721907328,1.460139105621001,0.0,0.0,0.0,0.0,0.0,0.0,0.0,0.0,0.0,0.0,0.0,1.849095985800008,1.8157749899217608,1.6704649792860586,1.6704649792860586,1.7681918866447774,1.750649826587375,1.750649826587375,1.750649826587375,1.750649826587375,1.7975951748487824,1.7126933813990606,1.7126933813990606,1.7818896600176433,1.7818896600176433,1.7033478590915707,1.7033478590915707,1.7561442767905915,1.7561442767905915,1.7561442767905915,1.695151321341658,1.727398203776912,1.719686274404394,1.7359450042095235,1.7359450042095235,1.8157749899217608,1.8766751981997487
8.152460434001114,router,ba:bd:de:13:68:55,-84,101.08631706988218,64,1.2446584049480918,9.42682100672086,0,0,12,-10,12,-10,12,-10,11,-9,10,-8,10,-7,9,-8,9,-8,8,-8,6,-9,5,-9,4,-8,4,-9,4,-8,5,-7,6,-7,5,-7,4,-7,4,-7,5,-7,4,-6,5,-7,5,-7,4,-6,4,-5,4,-4,0,0,0,0,0,0,0,0,0,0,0,0,0,0,0,0,0,0,0,0,0,0,6,-6,7,-7,7,-7,6,-7,7,-7,7,-7,7,-7,8,-7,9,-7,10,-7,10,-8,9,-8,9,-9,10,-10,12,-9,13,-9,12,-11,11,-12,11,-11,13,-10,14,-10,13,-11,14,-11,14,-10,14,-10,15,-11,0.0,15.620499351813308,15.620499351813308,15.620499351813308,14.212670403551895,12.806248474865697,12.206555615733702,12.041594578792296,12.041594578792296,11.313708498984761,10.816653826391969,10.295630140987,8.94427190999916,9.848857801796104,8.94427190999916,8.602325267042627,9.219544457292887,8.602325267042627,8.06225774829855,8.06225774829855,8.602325267042627,7.211102550927978,8.602325267042627,8.602325267042627,7.211102550927978,6.4031242374328485,5.656854249492381,0.0,0.0,0.0,0.0,0.0,0.0,0.0,0.0,0.0,0.0,0.0,8.48528137423857,9.899494936611665,9.899494936611665,9.219544457292887,9.899494936611665,9.899494936611665,9.899494936611665,10.63014581273465,11.40175425099138,12.206555615733702,12.806248474865697,12.041594578792296,12.727922061357855,14.142135623730951,15.0,15.811388300841896,16.278820596099706,16.278820596099706,15.556349186104045,16.401219466856727,17.204650534085253,17.029386365926403,17.804493814764857,17.204650534085253,17.204650534085253,18.601075237738275,0.0,-0.6947382761967031,-0.6947382761967031,-0.6947382761967031,-0.6857295109062863,-0.6747409422235526,-0.6107259643892086,-0.7266423406817256,-0.7266423406817256,-0.7853981633974483,-0.982793723247329,-1.0636978224025597,-1.1071487177940904,-1.1525719972156676,-1.1071487177940904,-0.9505468408120752,-0.8621700546672264,-0.9505468408120752,-1.0516502125483738,-1.0516502125483738,-0.9505468408120752,-0.982793723247329,-0.9505468408120752,-0.9505468408120752,-0.982793723247329,-0.8960553845713439,-0.7853981633974483,0.0,0.0,0.0,0.0,0.0,0.0,0.0,0.0,0.0,0.0,0.0,-0.7853981633974483,-0.7853981633974483,-0.7853981633974483,-0.8621700546672264,-0.7853981633974483,-0.7853981633974483,-0.7853981633974483,-0.7188299996216245,-0.6610431688506869,-0.6107259643892086,-0.6747409422235526,-0.7266423406817256,-0.7853981633974483,-0.7853981633974483,-0.6435011087932844,-0.6055446636049701,-0.7419472680059175,-0.8288490587889792,-0.7853981633974483,-0.6556956262415362,-0.6202494859828215,-0.702256931509007,-0.6659692373791098,-0.6202494859828215,-0.6202494859828215,-0.6327488350021832
8.27190865400189,router,ba:bd:de:13:68:55,-83,101.08631706988218,64,1.2390958091152144,9.435095703795746,0,0,8,14,8,14,7,14,6,12,6,11,5,10,5,9,5,9,5,9,5,9,6,8,7,7,6,7,6,7,6,5,5,4,5,5,5,6,5,5,4,4,4,5,5,5,6,5,5,4,3,4,2,5,0,0,0,0,0,0,0,0,0,0,0,0,0,0,0,0,0,0,0,0,0,0,3,5,5,6,6,6,7,7,8,8,8,8,7,8,7,9,7,9,8,9,9,9,8,10,8,10,8,11,8,11,7,10,7,11,8,12,8,12,8,12,8,12,8,13,8,14,9,15,10,15,9,15,0.0,16.1245154965971,16.1245154965971,15.652475842498529,13.416407864998739,12.529964086141668,11.180339887498949,10.295630140987,10.295630140987,10.295630140987,10.295630140987,10.0,9.899494936611665,9.219544457292887,9.219544457292887,7.810249675906654,6.4031242374328485,7.0710678118654755,7.810249675906654,7.0710678118654755,5.656854249492381,6.4031242374328485,7.0710678118654755,7.810249675906654,6.4031242374328485,5.0,5.385164807134504,0.0,0.0,0.0,0.0,0.0,0.0,0.0,0.0,0.0,0.0,0.0,5.830951894845301,7.810249675906654,8.48528137423857,9.899494936611665,11.313708498984761,11.313708498984761,10.63014581273465,11.40175425099138,11.40175425099138,12.041594578792296,12.727922061357855,12.806248474865697,12.806248474865697,13.601470508735444,13.601470508735444,12.206555615733702,13.038404810405298,14.422205101855956,14.422205101855956,14.422205101855956,14.422205101855956,15.264337522473747,16.1245154965971,17.4928556845359,18.027756377319946,17.4928556845359,0.0,1.0516502125483738,1.0516502125483738,1.1071487177940904,1.1071487177940904,1.0714496051147666,1.1071487177940904,1.0636978224025597,1.0636978224025597,1.0636978224025597,1.0636978224025597,0.9272952180016122,0.7853981633974483,0.8621700546672264,0.8621700546672264,0.6947382761967031,0.6747409422235526,0.7853981633974483,0.8760580505981934,0.7853981633974483,0.7853981633974483,0.8960553845713439,0.7853981633974483,0.6947382761967031,0.6747409422235526,0.9272952180016122,1.1902899496825317,0.0,0.0,0.0,0.0,0.0,0.0,0.0,0.0,0.0,0.0,0.0,1.0303768265243125,0.8760580505981934,0.7853981633974483,0.7853981633974483,0.7853981633974483,0.7853981633974483,0.8519663271732721,0.9097531579442097,0.9097531579442097,0.844153986113171,0.7853981633974483,0.8960553845713439,0.8960553845713439,0.9420000403794636,0.9420000403794636,0.960070362405688,1.0040671092713902,0.982793723247329,0.982793723247329,0.982793723247329,0.982793723247329,1.0191413442663497,1.0516502125483738,1.0303768265243125,0.982793723247329,1.0303768265243125
8.372767772998486,router,ba:bd:de:13:68:55,-84,101.08631706988218,64,1.2332261695834699,9.442548596877788,0,0,12,-11,13,-11,13,-12,12,-11,11,-10,10,-9,8,-9,7,-9,8,-7,7,-6,6,-6,6,-7,5,-8,4,-8,4,-7,4,-7,4,-8,5,-9,4,-8,3,-8,3,-8,3,-7,3,-7,5,-6,6,-4,4,-4,0,0,0,0,0,0,0,0,0,0,0,0,0,0,0,0,0,0,0,0,0,0,6,-6,7,-6,7,-7,7,-8,8,-7,9,-7,10,-7,11,-7,10,-8,9,-9,9,-10,11,-11,11,-10,12,-10,12,-10,12,-9,12,-9,12,-8,12,-9,12,-10,13,-10,15,-10,16,-11,14,-11,14,-11,15,-11,0.0,16.278820596099706,17.029386365926403,17.69180601295413,16.278820596099706,14.866068747318506,13.45362404707371,12.041594578792296,11.40175425099138,10.63014581273465,9.219544457292887,8.48528137423857,9.219544457292887,9.433981132056603,8.94427190999916,8.06225774829855,8.06225774829855,8.94427190999916,10.295630140987,8.94427190999916,8.54400374531753,8.54400374531753,7.615773105863909,7.615773105863909,7.810249675906654,7.211102550927978,5.656854249492381,0.0,0.0,0.0,0.0,0.0,0.0,0.0,0.0,0.0,0.0,0.0,8.48528137423857,9.219544457292887,9.899494936611665,10.63014581273465,10.63014581273465,11.40175425099138,12.206555615733702,13.038404810405298,12.806248474865697,12.727922061357855,13.45362404707371,15.556349186104045,14.866068747318506,15.620499351813308,15.620499351813308,15.0,15.0,14.422205101855956,15.0,15.620499351813308,16.401219466856727,18.027756377319946,19.4164878389476,17.804493814764857,17.804493814764857,18.601075237738275,0.0,-0.7419472680059175,-0.702256931509007,-0.7454194762741583,-0.7419472680059175,-0.7378150601204649,-0.7328151017865066,-0.844153986113171,-0.9097531579442097,-0.7188299996216245,-0.7086262721276703,-0.7853981633974483,-0.8621700546672264,-1.0121970114513341,-1.1071487177940904,-1.0516502125483738,-1.0516502125483738,-1.1071487177940904,-1.0636978224025597,-1.1071487177940904,-1.2120256565243244,-1.2120256565243244,-1.1659045405098132,-1.1659045405098132,-0.8760580505981934,-0.5880026035475675,-0.7853981633974483,0.0,0.0,0.0,0.0,0.0,0.0,0.0,0.0,0.0,0.0,0.0,-0.7853981633974483,-0.7086262721276703,-0.7853981633974483,-0.8519663271732721,-0.7188299996216245,-0.6610431688506869,-0.6107259643892086,-0.5667292175235064,-0.6747409422235526,-0.7853981633974483,-0.83798122500839,-0.7853981633974483,-0.7378150601204649,-0.6947382761967031,-0.6947382761967031,-0.6435011087932844,-0.6435011087932844,-0.5880026035475675,-0.6435011087932844,-0.6947382761967031,-0.6556956262415362,-0.5880026035475675,-0.6022873461349642,-0.6659692373791098,-0.6659692373791098,-0.6327488350021832
8.473299288001726,router,ba:bd:de:13:68:55,-83,101.08631706988218,64,1.2272037909488769,9.447799756967392,0,0,-18,-1,-17,-1,-16,0,-16,0,-15,0,-15,1,-14,1,-13,1,-12,1,-11,1,-11,1,-10,2,-10,1,-10,1,-10,2,-10,2,-10,2,-8,2,-8,2,-8,1,-8,1,-7,2,-7,2,-8,1,-7,0,-5,0,0,0,0,0,0,0,0,0,0,0,0,0,0,0,0,0,0,0,0,0,0,0,-8,1,-9,2,-10,3,-10,3,-10,2,-10,1,-10,0,-10,1,-11,0,-12,0,-12,0,-14,0,-14,0,-14,1,-15,1,-16,1,-16,1,-16,1,-17,2,-17,2,-17,2,-17,1,-17,1,-18,0,-19,1,-20,0,0.0,18.027756377319946,17.029386365926403,16.0,16.0,15.0,15.033296378372908,14.035668847618199,13.038404810405298,12.041594578792296,11.045361017187261,11.045361017187261,10.198039027185569,10.04987562112089,10.04987562112089,10.198039027185569,10.198039027185569,10.198039027185569,8.246211251235321,8.246211251235321,8.06225774829855,8.06225774829855,7.280109889280518,7.280109889280518,8.06225774829855,7.0,5.0,0.0,0.0,0.0,0.0,0.0,0.0,0.0,0.0,0.0,0.0,0.0,8.06225774829855,9.219544457292887,10.44030650891055,10.44030650891055,10.198039027185569,10.04987562112089,10.0,10.04987562112089,11.0,12.0,12.0,14.0,14.0,14.035668847618199,15.033296378372908,16.0312195418814,16.0312195418814,16.0312195418814,17.11724276862369,17.11724276862369,17.11724276862369,17.029386365926403,17.029386365926403,18.0,19.026297590440446,20.0,0.0,-3.0860941483440762,-3.0828368308740703,3.141592653589793,3.141592653589793,3.141592653589793,3.0750244898139694,3.070285188804503,3.064820762320015,3.058451421701352,3.050932766389048,3.050932766389048,2.9441970937399127,3.0419240010986313,3.0419240010986313,2.9441970937399127,2.9441970937399127,2.9441970937399127,2.896613990462929,2.896613990462929,3.017237659043032,3.017237659043032,2.8632929945846817,2.8632929945846817,3.017237659043032,3.141592653589793,3.141592653589793,0.0,0.0,0.0,0.0,0.0,0.0,0.0,0.0,0.0,0.0,0.0,3.017237659043032,2.922923707715851,2.8501358591119264,2.8501358591119264,2.9441970937399127,3.0419240010986313,3.141592653589793,3.0419240010986313,3.141592653589793,3.141592653589793,3.141592653589793,3.141592653589793,3.141592653589793,3.070285188804503,3.0750244898139694,3.079173843593836,3.079173843593836,3.079173843593836,3.024483909022929,3.024483909022929,3.024483909022929,3.0828368308740703,3.0828368308740703,3.141592653589793,3.0890095919788516,3.141592653589793
8.584641590998217,router,ba:bd:de:13:68:55,-84,101.08631706988218,64,1.2203404279790941,9.44975757785065,0,0,-15,-13,-14,-12,-13,-10,-12,-9,-11,-10,-11,-9,-11,-9,-11,-8,-10,-7,-9,-5,-9,-5,-9,-6,-9,-5,-8,-4,-7,-4,-7,-5,-8,-5,-8,-4,-8,-4,-8,-4,-9,-4,-9,-3,-8,-3,-7,-3,-6,-3,-7,-1,0,0,0,0,0,0,0,0,0,0,0,0,0,0,0,0,0,0,0,0,0,0,-8,-4,-8,-4,-9,-4,-10,-4,-11,-4,-11,-5,-10,-6,-11,-7,-11,-7,-10,-6,-10,-7,-11,-7,-12,-7,-12,-7,-12,-8,-13,-8,-14,-8,-14,-8,-14,-9,-13,-9,-14,-10,-15,-10,-16,-9,-16,-9,-16,-11,-15,-12,0.0,19.849433241279208,18.439088914585774,16.401219466856727,15.0,14.866068747318506,14.212670403551895,14.212670403551895,13.601470508735444,12.206555615733702,10.295630140987,10.295630140987,10.816653826391969,10.295630140987,8.94427190999916,8.06225774829855,8.602325267042627,9.433981132056603,8.94427190999916,8.94427190999916,8.94427190999916,9.848857801796104,9.486832980505138,8.54400374531753,7.615773105863909,6.708203932499369,7.0710678118654755,0.0,0.0,0.0,0.0,0.0,0.0,0.0,0.0,0.0,0.0,0.0,8.94427190999916,8.94427190999916,9.848857801796104,10.770329614269007,11.704699910719626,12.083045973594572,11.661903789690601,13.038404810405298,13.038404810405298,11.661903789690601,12.206555615733702,13.038404810405298,13.892443989449804,13.892443989449804,14.422205101855956,15.264337522473747,16.1245154965971,16.1245154965971,16.64331697709324,15.811388300841896,17.204650534085253,18.027756377319946,18.35755975068582,18.35755975068582,19.4164878389476,19.209372712298546,0.0,-2.427501954977635,-2.432966381462123,-2.485897027348257,-2.498091544796509,-2.403777593469328,-2.455863142683507,-2.455863142683507,-2.5127963671743605,-2.5308666892005847,-2.6344941491974563,-2.6344941491974563,-2.5535900500422257,-2.6344941491974563,-2.677945044588987,-2.62244653934327,-2.5213431676069717,-2.5829933382462307,-2.677945044588987,-2.677945044588987,-2.677945044588987,-2.723368324010564,-2.819842099193151,-2.782821983319221,-2.7367008673047097,-2.677945044588987,-2.999695598985629,0.0,0.0,0.0,0.0,0.0,0.0,0.0,0.0,0.0,0.0,0.0,-2.677945044588987,-2.677945044588987,-2.723368324010564,-2.761086276477428,-2.7928216500058864,-2.714965160462917,-2.601173153319209,-2.5748634360662868,-2.5748634360662868,-2.601173153319209,-2.5308666892005847,-2.5748634360662868,-2.6135182051634334,-2.6135182051634334,-2.5535900500422257,-2.5899376710612465,-2.62244653934327,-2.62244653934327,-2.5702551737561663,-2.5360479899848234,-2.5213431676069717,-2.5535900500422257,-2.6292031932790554,-2.6292031932790554,-2.539305307454829,-2.4668517113662407
8.692355785999098,router,ba:bd:de:13:68:55,-84,97.94271800535802,64,1.2119252125988242,9.681580207015003,0,0,-11,9,-12,9,-13,10,-12,10,-10,8,-9,8,-10,8,-9,8,-8,7,-6,6,-5,6,-5,7,-5,7,-5,6,-4,6,-4,6,-5,7,-5,6,-4,6,-4,6,-4,6,-4,7,-5,7,-5,7,-5,7,-5,7,0,0,0,0,0,0,0,0,0,0,0,0,0,0,0,0,0,0,0,0,0,0,-5,6,-6,5,-6,6,-7,8,-8,8,-8,7,-7,5,-7,5,-8,6,-10,5,-10,4,-9,4,-8,5,-10,7,-12,6,-12,7,-10,7,-10,8,-11,10,-13,11,-15,11,-15,10,-13,10,-13,10,-14,11,-14,12,0.0,14.212670403551895,15.0,16.401219466856727,15.620499351813308,12.806248474865697,12.041594578792296,12.806248474865697,12.041594578792296,10.63014581273465,8.48528137423857,7.810249675906654,8.602325267042627,8.602325267042627,7.810249675906654,7.211102550927978,7.211102550927978,8.602325267042627,7.810249675906654,7.211102550927978,7.211102550927978,7.211102550927978,8.06225774829855,8.602325267042627,8.602325267042627,8.602325267042627,8.602325267042627,0.0,0.0,0.0,0.0,0.0,0.0,0.0,0.0,0.0,0.0,0.0,7.810249675906654,7.810249675906654,8.48528137423857,10.63014581273465,11.313708498984761,10.63014581273465,8.602325267042627,8.602325267042627,10.0,11.180339887498949,10.770329614269007,9.848857801796104,9.433981132056603,12.206555615733702,13.416407864998739,13.892443989449804,12.206555615733702,12.806248474865697,14.866068747318506,17.029386365926403,18.601075237738275,18.027756377319946,16.401219466856727,16.401219466856727,17.804493814764857,18.439088914585774,0.0,2.455863142683507,2.498091544796509,2.485897027348257,2.44685437739309,2.4668517113662407,2.4149503129080676,2.4668517113662407,2.4149503129080676,2.4227626539681686,2.356194490192345,2.2655346029916,2.191045812777718,2.191045812777718,2.2655346029916,2.158798930342464,2.158798930342464,2.191045812777718,2.2655346029916,2.158798930342464,2.158798930342464,2.158798930342464,2.0899424410414196,2.191045812777718,2.191045812777718,2.191045812777718,2.191045812777718,0.0,0.0,0.0,0.0,0.0,0.0,0.0,0.0,0.0,0.0,0.0,2.2655346029916,2.44685437739309,2.356194490192345,2.289626326416521,2.356194490192345,2.4227626539681686,2.5213431676069717,2.5213431676069717,2.498091544796509,2.677945044588987,2.761086276477428,2.723368324010564,2.5829933382462307,2.5308666892005847,2.677945044588987,2.6135182051634334,2.5308666892005847,2.4668517113662407,2.403777593469328,2.439335722080786,2.5088438185876103,2.5535900500422257,2.485897027348257,2.485897027348257,2.4756234162106834,2.432966381462123
8.793451336001453,router,ba:bd:de:13:68:55,-83,97.94271800535802,64,1.1950556366045162,9.853041514866923,0,0,-15,-12,-14,-12,-14,-12,-13,-12,-11,-10,-10,-9,-10,-8,-10,-9,-10,-8,-10,-7,-10,-6,-11,-5,-11,-5,-10,-5,-10,-5,-10,-5,-10,-4,-10,-4,-10,-3,-9,-2,-8,-2,-8,-3,-7,-4,-6,-4,-8,-2,-10,-1,0,0,0,0,0,0,0,0,0,0,0,0,0,0,0,0,0,0,0,0,0,0,-6,-4,-7,-3,-8,-3,-9,-5,-9,-6,-10,-6,-10,-7,-10,-7,-10,-7,-11,-8,-12,-9,-12,-9,-11,-11,-10,-12,-8,-10,-9,-9,-11,-11,-12,-12,-13,-10,-13,-10,-13,-13,-13,-14,-14,-14,-14,-14,-15,-12,-14,-10,0.0,19.209372712298546,18.439088914585774,18.439088914585774,17.69180601295413,14.866068747318506,13.45362404707371,12.806248474865697,13.45362404707371,12.806248474865697,12.206555615733702,11.661903789690601,12.083045973594572,12.083045973594572,11.180339887498949,11.180339887498949,11.180339887498949,10.770329614269007,10.770329614269007,10.44030650891055,9.219544457292887,8.246211251235321,8.54400374531753,8.06225774829855,7.211102550927978,8.246211251235321,10.04987562112089,0.0,0.0,0.0,0.0,0.0,0.0,0.0,0.0,0.0,0.0,0.0,7.211102550927978,7.615773105863909,8.54400374531753,10.295630140987,10.816653826391969,11.661903789690601,12.206555615733702,12.206555615733702,12.206555615733702,13.601470508735444,15.0,15.0,15.556349186104045,15.620499351813308,12.806248474865697,12.727922061357855,15.556349186104045,16.97056274847714,16.401219466856727,16.401219466856727,18.384776310850235,19.1049731745428,19.79898987322333,19.79898987322333,19.209372712298546,17.204650534085253,0.0,-2.4668517113662407,-2.432966381462123,-2.432966381462123,-2.396173177315635,-2.403777593469328,-2.408777551803287,-2.4668517113662407,-2.408777551803287,-2.4668517113662407,-2.5308666892005847,-2.601173153319209,-2.714965160462917,-2.714965160462917,-2.677945044588987,-2.677945044588987,-2.677945044588987,-2.761086276477428,-2.761086276477428,-2.8501358591119264,-2.922923707715851,-2.896613990462929,-2.782821983319221,-2.62244653934327,-2.5535900500422257,-2.896613990462929,-3.0419240010986313,0.0,0.0,0.0,0.0,0.0,0.0,0.0,0.0,0.0,0.0,0.0,-2.5535900500422257,-2.7367008673047097,-2.782821983319221,-2.6344941491974563,-2.5535900500422257,-2.601173153319209,-2.5308666892005847,-2.5308666892005847,-2.5308666892005847,-2.5127963671743605,-2.498091544796509,-2.498091544796509,-2.356194490192345,-2.2655346029916,-2.2455372690184494,-2.356194490192345,-2.356194490192345,-2.356194490192345,-2.485897027348257,-2.485897027348257,-2.356194490192345,-2.3191743743184148,-2.356194490192345,-2.356194490192345,-2.4668517113662407,-2.5213431676069717
8.902624332004052,router,ba:bd:de:13:68:55,-84,97.94271800535802,64,1.1822866310555953,9.987839882760534,0,0,-6,18,-6,17,-6,15,-7,15,-6,15,-6,14,-5,12,-5,13,-5,13,-5,11,-4,10,-2,11,-1,11,0,11,0,10,-1,9,-1,9,0,9,0,8,-1,8,0,8,-1,8,-2,8,-2,8,-1,8,0,6,0,0,0,0,0,0,0,0,0,0,0,0,0,0,0,0,0,0,0,0,0,0,-2,7,-2,7,-3,7,-3,8,-3,10,-3,11,-4,11,-6,11,-6,11,-5,12,-5,12,-6,12,-6,13,-6,13,-5,14,-4,14,-4,15,-6,15,-7,16,-6,16,-6,16,-6,17,-6,18,-7,18,-7,18,-7,18,0.0,18.973665961010276,18.027756377319946,16.15549442140351,16.55294535724685,16.15549442140351,15.231546211727817,13.0,13.92838827718412,13.92838827718412,12.083045973594572,10.770329614269007,11.180339887498949,11.045361017187261,11.0,10.0,9.055385138137417,9.055385138137417,9.0,8.0,8.06225774829855,8.0,8.06225774829855,8.246211251235321,8.246211251235321,8.06225774829855,6.0,0.0,0.0,0.0,0.0,0.0,0.0,0.0,0.0,0.0,0.0,0.0,7.280109889280518,7.280109889280518,7.615773105863909,8.54400374531753,10.44030650891055,11.40175425099138,11.704699910719626,12.529964086141668,12.529964086141668,13.0,13.0,13.416407864998739,14.317821063276353,14.317821063276353,14.866068747318506,14.560219778561036,15.524174696260024,16.15549442140351,17.46424919657298,17.08800749063506,17.08800749063506,18.027756377319946,18.973665961010276,19.313207915827967,19.313207915827967,19.313207915827967,0.0,1.892546881191539,1.9100889412489412,1.9513027039072615,2.007423486608438,1.9513027039072615,1.97568811307998,1.965587446494658,1.9379701606131159,1.9379701606131159,1.9974238199217726,1.9513027039072615,1.750649826587375,1.6614562139956417,1.5707963267948966,1.5707963267948966,1.6814535479687922,1.6814535479687922,1.5707963267948966,1.5707963267948966,1.695151321341658,1.5707963267948966,1.695151321341658,1.8157749899217608,1.8157749899217608,1.695151321341658,1.5707963267948966,0.0,0.0,0.0,0.0,0.0,0.0,0.0,0.0,0.0,0.0,0.0,1.849095985800008,1.849095985800008,1.97568811307998,1.9295669970654687,1.8622531212727638,1.837048375945822,1.9195673303788037,2.0701430484750265,2.0701430484750265,1.965587446494658,1.965587446494658,2.0344439357957027,2.0032041023654346,2.0032041023654346,1.9138202672156,1.849095985800008,1.8313987185422376,1.9513027039072615,1.9832067683922838,1.9295669970654687,1.9295669970654687,1.9100889412489412,1.892546881191539,1.941687615607559,1.941687615607559,1.941687615607559
9.0027764760016,router,ba:bd:de:13:68:55,-84,97.94271800535802,64,1.1694601612205755,10.10002006131394,0,0,1,-19,1,-19,1,-19,1,-18,0,-15,-1,-14,1,-14,1,-13,-1,-12,-2,-12,-3,-11,-2,-12,-1,-12,-1,-11,-2,-9,-3,-9,-3,-9,-2,-10,-1,-10,-2,-9,-2,-8,-2,-8,-2,-9,-1,-9,-1,-8,1,-7,0,0,0,0,0,0,0,0,0,0,0,0,0,0,0,0,0,0,0,0,0,0,-1,-7,-1,-8,-2,-9,-2,-10,-2,-10,-1,-10,0,-12,0,-13,2,-15,2,-15,0,-14,-1,-14,0,-14,0,-15,1,-15,0,-16,0,-17,1,-17,1,-16,1,-16,1,-16,1,-17,1,-19,1,-20,1,-20,2,-20,0.0,19.026297590440446,19.026297590440446,19.026297590440446,18.027756377319946,15.0,14.035668847618199,14.035668847618199,13.038404810405298,12.041594578792296,12.165525060596439,11.40175425099138,12.165525060596439,12.041594578792296,11.045361017187261,9.219544457292887,9.486832980505138,9.486832980505138,10.198039027185569,10.04987562112089,9.219544457292887,8.246211251235321,8.246211251235321,9.219544457292887,9.055385138137417,8.06225774829855,7.0710678118654755,0.0,0.0,0.0,0.0,0.0,0.0,0.0,0.0,0.0,0.0,0.0,7.0710678118654755,8.06225774829855,9.219544457292887,10.198039027185569,10.198039027185569,10.04987562112089,12.0,13.0,15.132745950421556,15.132745950421556,14.0,14.035668847618199,14.0,15.0,15.033296378372908,16.0,17.0,17.029386365926403,16.0312195418814,16.0312195418814,16.0312195418814,17.029386365926403,19.026297590440446,20.024984394500787,20.024984394500787,20.09975124224178,0.0,-1.5182132651839548,-1.5182132651839548,-1.5182132651839548,-1.5152978215491797,-1.5707963267948966,-1.642103791580187,-1.4994888620096063,-1.4940244355251187,-1.6539375586833378,-1.7359450042095235,-1.837048375945822,-1.7359450042095235,-1.6539375586833378,-1.6614562139956417,-1.7894652726688385,-1.892546881191539,-1.892546881191539,-1.7681918866447774,-1.6704649792860586,-1.7894652726688385,-1.8157749899217608,-1.8157749899217608,-1.7894652726688385,-1.6814535479687922,-1.695151321341658,-1.4288992721907328,0.0,0.0,0.0,0.0,0.0,0.0,0.0,0.0,0.0,0.0,0.0,-1.7126933813990606,-1.695151321341658,-1.7894652726688385,-1.7681918866447774,-1.7681918866447774,-1.6704649792860586,-1.5707963267948966,-1.5707963267948966,-1.4382447944982226,-1.4382447944982226,-1.5707963267948966,-1.642103791580187,-1.5707963267948966,-1.5707963267948966,-1.5042281630190728,-1.5707963267948966,-1.5707963267948966,-1.512040504079174,-1.5083775167989393,-1.5083775167989393,-1.5083775167989393,-1.512040504079174,-1.5182132651839548,-1.5208379310729538,-1.5208379310729538,-1.4711276743037347
9.116537966998294,router,ba:bd:de:13:68:55,-83,97.94271800535802,64,1.1592349773487265,10.197629592494623,0,0,-1,-18,-2,-18,-2,-19,-1,-19,-1,-17,-2,-14,-2,-13,-3,-13,-4,-12,-3,-11,-3,-11,-4,-12,-4,-11,-4,-10,-5,-9,-5,-8,-5,-9,-5,-9,-5,-9,-6,-9,-5,-9,-4,-9,-4,-8,-2,-8,-1,-8,0,-10,0,0,0,0,0,0,0,0,0,0,0,0,0,0,0,0,0,0,0,0,0,0,-1,-8,0,-8,-1,-10,-2,-11,-2,-11,-1,-11,0,-12,0,-13,0,-13,0,-13,0,-14,1,-15,1,-15,-1,-15,-1,-15,-1,-16,-2,-17,-2,-18,0,-18,0,-19,0,-19,-2,-19,-2,-19,0,-19,1,-20,2,-21,0.0,18.027756377319946,18.110770276274835,19.1049731745428,19.026297590440446,17.029386365926403,14.142135623730951,13.152946437965905,13.341664064126334,12.649110640673518,11.40175425099138,11.40175425099138,12.649110640673518,11.704699910719626,10.770329614269007,10.295630140987,9.433981132056603,10.295630140987,10.295630140987,10.295630140987,10.816653826391969,10.295630140987,9.848857801796104,8.94427190999916,8.246211251235321,8.06225774829855,10.0,0.0,0.0,0.0,0.0,0.0,0.0,0.0,0.0,0.0,0.0,0.0,8.06225774829855,8.0,10.04987562112089,11.180339887498949,11.180339887498949,11.045361017187261,12.0,13.0,13.0,13.0,14.0,15.033296378372908,15.033296378372908,15.033296378372908,15.033296378372908,16.0312195418814,17.11724276862369,18.110770276274835,18.0,19.0,19.0,19.1049731745428,19.1049731745428,19.0,20.024984394500787,21.095023109728988,0.0,-1.6262948320406134,-1.6814535479687922,-1.6756732655251305,-1.6233793884058383,-1.6295521495106193,-1.7126933813990606,-1.7234456551901618,-1.7975951748487824,-1.892546881191539,-1.837048375945822,-1.837048375945822,-1.892546881191539,-1.9195673303788037,-1.9513027039072615,-2.0778948311872334,-2.129395642138459,-2.0778948311872334,-2.0778948311872334,-2.0778948311872334,-2.158798930342464,-2.0778948311872334,-1.9890206563741257,-2.0344439357957027,-1.8157749899217608,-1.695151321341658,-1.5707963267948966,0.0,0.0,0.0,0.0,0.0,0.0,0.0,0.0,0.0,0.0,0.0,-1.695151321341658,-1.5707963267948966,-1.6704649792860586,-1.750649826587375,-1.750649826587375,-1.6614562139956417,-1.5707963267948966,-1.5707963267948966,-1.5707963267948966,-1.5707963267948966,-1.5707963267948966,-1.5042281630190728,-1.5042281630190728,-1.6373644905707205,-1.6373644905707205,-1.633215136790854,-1.687905071361761,-1.6814535479687922,-1.5707963267948966,-1.5707963267948966,-1.5707963267948966,-1.6756732655251305,-1.6756732655251305,-1.5707963267948966,-1.5208379310729538,-1.4758446204521403
9.220994535004138,router,ba:bd:de:13:68:55,-83,97.94271800535802,64,1.1388230876215866,10.28500567417532,0,0,-1,18,-2,18,-2,17,-2,16,0,14,0,12,-1,12,0,12,1,11,2,9,3,9,3,8,3,8,3,9,3,9,4,8,3,8,2,8,2,8,3,7,4,7,4,6,3,6,2,6,0,6,-2,6,0,0,0,0,0,0,0,0,0,0,0,0,0,0,0,0,0,0,0,0,0,0,0,8,1,8,1,9,0,10,-1,10,-2,10,-2,11,-2,12,-1,13,-1,13,-2,13,-2,13,-1,13,-2,14,-2,14,-1,15,-1,15,-1,16,-1,16,-1,17,-1,17,-2,17,-1,18,-1,18,-2,18,-2,19,0.0,18.027756377319946,18.110770276274835,17.11724276862369,16.1245154965971,14.0,12.0,12.041594578792296,12.0,11.045361017187261,9.219544457292887,9.486832980505138,8.54400374531753,8.54400374531753,9.486832980505138,9.486832980505138,8.94427190999916,8.54400374531753,8.246211251235321,8.246211251235321,7.615773105863909,8.06225774829855,7.211102550927978,6.708203932499369,6.324555320336759,6.0,6.324555320336759,0.0,0.0,0.0,0.0,0.0,0.0,0.0,0.0,0.0,0.0,0.0,8.0,8.06225774829855,9.055385138137417,10.0,10.04987562112089,10.198039027185569,11.180339887498949,12.165525060596439,13.038404810405298,13.038404810405298,13.152946437965905,13.152946437965905,13.038404810405298,14.142135623730951,14.142135623730951,15.033296378372908,15.033296378372908,16.0312195418814,16.0312195418814,17.029386365926403,17.029386365926403,17.11724276862369,18.027756377319946,18.027756377319946,18.110770276274835,19.1049731745428,0.0,1.6262948320406134,1.6814535479687922,1.687905071361761,1.695151321341658,1.5707963267948966,1.5707963267948966,1.6539375586833378,1.5707963267948966,1.4801364395941514,1.3521273809209546,1.2490457723982544,1.2120256565243244,1.2120256565243244,1.2490457723982544,1.2490457723982544,1.1071487177940904,1.2120256565243244,1.3258176636680326,1.3258176636680326,1.1659045405098132,1.0516502125483738,0.982793723247329,1.1071487177940904,1.2490457723982544,1.5707963267948966,1.892546881191539,0.0,0.0,0.0,0.0,0.0,0.0,0.0,0.0,0.0,0.0,0.0,1.5707963267948966,1.446441332248135,1.460139105621001,1.5707963267948966,1.6704649792860586,1.7681918866447774,1.750649826587375,1.7359450042095235,1.6475682180646747,1.6475682180646747,1.7234456551901618,1.7234456551901618,1.6475682180646747,1.7126933813990606,1.7126933813990606,1.6373644905707205,1.6373644905707205,1.633215136790854,1.633215136790854,1.6295521495106193,1.6295521495106193,1.687905071361761,1.6262948320406134,1.6262948320406134,1.6814535479687922,1.6756732655251305
9.322095346004062,router,ba:bd:de:13:68:55,-84,97.94271800535802,64,1.1215200334054232,10.364195566649515,0,0,17,6,16,7,15,7,14,6,12,5,12,5,11,6,10,5,10,4,10,3,10,3,10,3,9,3,9,2,9,0,9,0,8,1,8,2,9,1,9,1,8,1,7,1,6,1,6,1,7,1,8,-1,0,0,0,0,0,0,0,0,0,0,0,0,0,0,0,0,0,0,0,0,0,0,8,2,9,1,10,2,10,3,9,3,8,2,8,2,9,3,11,3,12,3,12,3,11,4,11,6,12,5,12,5,13,5,14,5,15,6,16,7,16,8,16,8,17,7,18,5,18,5,17,7,18,8,0.0,18.027756377319946,17.46424919657298,16.55294535724685,15.231546211727817,13.0,13.0,12.529964086141668,11.180339887498949,10.770329614269007,10.44030650891055,10.44030650891055,10.44030650891055,9.486832980505138,9.219544457292887,9.0,9.0,8.06225774829855,8.246211251235321,9.055385138137417,9.055385138137417,8.06225774829855,7.0710678118654755,6.082762530298219,6.082762530298219,7.0710678118654755,8.06225774829855,0.0,0.0,0.0,0.0,0.0,0.0,0.0,0.0,0.0,0.0,0.0,8.246211251235321,9.055385138137417,10.198039027185569,10.44030650891055,9.486832980505138,8.246211251235321,8.246211251235321,9.486832980505138,11.40175425099138,12.36931687685298,12.36931687685298,11.704699910719626,12.529964086141668,13.0,13.0,13.92838827718412,14.866068747318506,16.15549442140351,17.46424919657298,17.88854381999832,17.88854381999832,18.384776310850235,18.681541692269406,18.681541692269406,18.384776310850235,19.697715603592208,0.0,0.3392926144540447,0.4124104415973873,0.43662715981354133,0.40489178628508343,0.3947911196997615,0.3947911196997615,0.4993467216801301,0.4636476090008061,0.3805063771123649,0.2914567944778671,0.2914567944778671,0.2914567944778671,0.3217505543966422,0.21866894587394195,0.0,0.0,0.12435499454676144,0.24497866312686414,0.11065722117389565,0.11065722117389565,0.12435499454676144,0.14189705460416394,0.16514867741462683,0.16514867741462683,0.14189705460416394,-0.12435499454676144,0.0,0.0,0.0,0.0,0.0,0.0,0.0,0.0,0.0,0.0,0.0,0.24497866312686414,0.11065722117389565,0.19739555984988075,0.2914567944778671,0.3217505543966422,0.24497866312686414,0.24497866312686414,0.3217505543966422,0.2662520491509254,0.24497866312686414,0.24497866312686414,0.348771003583907,0.4993467216801301,0.3947911196997615,0.3947911196997615,0.3671738338182192,0.3430239404207034,0.3805063771123649,0.4124104415973873,0.4636476090008061,0.4636476090008061,0.3906070436976868,0.27094685033842053,0.27094685033842053,0.3906070436976868,0.4182243295792291
9.426039322002907,router,ba:bd:de:13:68:55,-84,97.94271800535802,64,1.1104145106160044,10.435920026600591,0,0,-15,-12,-15,-13,-15,-12,-14,-11,-14,-10,-12,-9,-11,-9,-11,-7,-11,-5,-10,-5,-10,-5,-10,-5,-11,-4,-10,-3,-10,-2,-10,-2,-10,-2,-10,-2,-10,-2,-10,-3,-9,-3,-8,-3,-9,-3,-9,-2,-8,-3,-8,-4,0,0,0,0,0,0,0,0,0,0,0,0,0,0,0,0,0,0,0,0,0,0,-9,-3,-9,-4,-9,-5,-9,-7,-10,-7,-11,-7,-10,-7,-9,-8,-10,-9,-11,-9,-11,-9,-11,-9,-11,-10,-10,-11,-10,-11,-11,-11,-12,-12,-13,-13,-14,-12,-13,-11,-13,-12,-14,-12,-15,-13,-16,-13,-16,-14,-14,-15,0.0,19.209372712298546,19.849433241279208,19.209372712298546,17.804493814764857,17.204650534085253,15.0,14.212670403551895,13.038404810405298,12.083045973594572,11.180339887498949,11.180339887498949,11.180339887498949,11.704699910719626,10.44030650891055,10.198039027185569,10.198039027185569,10.198039027185569,10.198039027185569,10.198039027185569,10.44030650891055,9.486832980505138,8.54400374531753,9.486832980505138,9.219544457292887,8.54400374531753,8.94427190999916,0.0,0.0,0.0,0.0,0.0,0.0,0.0,0.0,0.0,0.0,0.0,9.486832980505138,9.848857801796104,10.295630140987,11.40175425099138,12.206555615733702,13.038404810405298,12.206555615733702,12.041594578792296,13.45362404707371,14.212670403551895,14.212670403551895,14.212670403551895,14.866068747318506,14.866068747318506,14.866068747318506,15.556349186104045,16.97056274847714,18.384776310850235,18.439088914585774,17.029386365926403,17.69180601295413,18.439088914585774,19.849433241279208,20.615528128088304,21.2602916254693,20.518284528683193,0.0,-2.4668517113662407,-2.427501954977635,-2.4668517113662407,-2.4756234162106834,-2.5213431676069717,-2.498091544796509,-2.455863142683507,-2.5748634360662868,-2.714965160462917,-2.677945044588987,-2.677945044588987,-2.677945044588987,-2.7928216500058864,-2.8501358591119264,-2.9441970937399127,-2.9441970937399127,-2.9441970937399127,-2.9441970937399127,-2.9441970937399127,-2.8501358591119264,-2.819842099193151,-2.782821983319221,-2.819842099193151,-2.922923707715851,-2.782821983319221,-2.677945044588987,0.0,0.0,0.0,0.0,0.0,0.0,0.0,0.0,0.0,0.0,0.0,-2.819842099193151,-2.723368324010564,-2.6344941491974563,-2.4805494847391065,-2.5308666892005847,-2.5748634360662868,-2.5308666892005847,-2.4149503129080676,-2.408777551803287,-2.455863142683507,-2.455863142683507,-2.455863142683507,-2.403777593469328,-2.3086113869153615,-2.3086113869153615,-2.356194490192345,-2.356194490192345,-2.356194490192345,-2.432966381462123,-2.439335722080786,-2.396173177315635,-2.432966381462123,-2.427501954977635,-2.459276098715045,-2.4227626539681686,-2.321725389192837
9.527120072998514,router,ba:bd:de:13:68:55,-84,97.94271800535802,64,1.1022056618867695,10.50016568469309,0,0,-6,-18,-5,-18,-3,-16,-3,-15,-3,-15,-5,-13,-4,-12,-3,-13,-4,-13,-4,-12,-5,-11,-6,-10,-6,-11,-7,-10,-6,-10,-5,-9,-5,-9,-6,-8,-6,-7,-5,-6,-6,-7,-7,-7,-6,-7,-5,-7,-4,-7,-4,-6,0,0,0,0,0,0,0,0,0,0,0,0,0,0,0,0,0,0,0,0,0,0,-4,-8,-4,-8,-4,-9,-3,-10,-3,-11,-3,-12,-3,-11,-2,-12,-2,-13,-2,-13,-3,-14,-3,-15,-3,-14,-4,-15,-3,-15,-3,-16,-3,-16,-2,-16,-3,-15,-3,-16,-4,-17,-3,-18,-3,-18,-5,-18,-5,-18,-4,-18,0.0,18.973665961010276,18.681541692269406,16.278820596099706,15.297058540778355,15.297058540778355,13.92838827718412,12.649110640673518,13.341664064126334,13.601470508735444,12.649110640673518,12.083045973594572,11.661903789690601,12.529964086141668,12.206555615733702,11.661903789690601,10.295630140987,10.295630140987,10.0,9.219544457292887,7.810249675906654,9.219544457292887,9.899494936611665,9.219544457292887,8.602325267042627,8.06225774829855,7.211102550927978,0.0,0.0,0.0,0.0,0.0,0.0,0.0,0.0,0.0,0.0,0.0,8.94427190999916,8.94427190999916,9.848857801796104,10.44030650891055,11.40175425099138,12.36931687685298,11.40175425099138,12.165525060596439,13.152946437965905,13.152946437965905,14.317821063276353,15.297058540778355,14.317821063276353,15.524174696260024,15.297058540778355,16.278820596099706,16.278820596099706,16.1245154965971,15.297058540778355,16.278820596099706,17.46424919657298,18.24828759089466,18.24828759089466,18.681541692269406,18.681541692269406,18.439088914585774,0.0,-1.892546881191539,-1.8417431771333173,-1.7561442767905915,-1.7681918866447774,-1.7681918866447774,-1.9379701606131159,-1.892546881191539,-1.7975951748487824,-1.8692952583810758,-1.892546881191539,-1.9974238199217726,-2.1112158270654806,-2.0701430484750265,-2.1815222911841055,-2.1112158270654806,-2.0778948311872334,-2.0778948311872334,-2.214297435588181,-2.279422598922567,-2.2655346029916,-2.279422598922567,-2.356194490192345,-2.279422598922567,-2.191045812777718,-2.0899424410414196,-2.158798930342464,0.0,0.0,0.0,0.0,0.0,0.0,0.0,0.0,0.0,0.0,0.0,-2.0344439357957027,-2.0344439357957027,-1.9890206563741257,-1.8622531212727638,-1.837048375945822,-1.8157749899217608,-1.837048375945822,-1.7359450042095235,-1.7234456551901618,-1.7234456551901618,-1.7818896600176433,-1.7681918866447774,-1.7818896600176433,-1.8313987185422376,-1.7681918866447774,-1.7561442767905915,-1.7561442767905915,-1.695151321341658,-1.7681918866447774,-1.7561442767905915,-1.8018869939907938,-1.7359450042095235,-1.7359450042095235,-1.8417431771333173,-1.8417431771333173,-1.7894652726688385
9.63180378999823,router,ba:bd:de:13:68:55,-84,97.94271800535802,64,1.0961404637174672,10.556520535413107,0,0,0,17,0,18,0,17,-1,15,-1,13,-1,12,0,12,0,11,0,11,1,10,2,9,2,9,1,9,1,10,2,8,2,7,3,8,3,8,2,6,1,6,1,7,2,6,2,5,1,4,0,5,-1,5,0,0,0,0,0,0,0,0,0,0,0,0,0,0,0,0,0,0,0,0,0,0,1,6,2,7,2,7,1,8,1,10,1,11,1,10,1,10,0,11,0,11,1,12,2,12,1,12,0,13,1,14,1,14,0,15,1,15,2,15,2,15,2,15,1,17,0,18,1,18,1,17,0,17,0.0,17.0,18.0,17.0,15.033296378372908,13.038404810405298,12.041594578792296,12.0,11.0,11.0,10.04987562112089,9.219544457292887,9.219544457292887,9.055385138137417,10.04987562112089,8.246211251235321,7.280109889280518,8.54400374531753,8.54400374531753,6.324555320336759,6.082762530298219,7.0710678118654755,6.324555320336759,5.385164807134504,4.123105625617661,5.0,5.0990195135927845,0.0,0.0,0.0,0.0,0.0,0.0,0.0,0.0,0.0,0.0,0.0,6.082762530298219,7.280109889280518,7.280109889280518,8.06225774829855,10.04987562112089,11.045361017187261,10.04987562112089,10.04987562112089,11.0,11.0,12.041594578792296,12.165525060596439,12.041594578792296,13.0,14.035668847618199,14.035668847618199,15.0,15.033296378372908,15.132745950421556,15.132745950421556,15.132745950421556,17.029386365926403,18.0,18.027756377319946,17.029386365926403,17.0,0.0,1.5707963267948966,1.5707963267948966,1.5707963267948966,1.6373644905707205,1.6475682180646747,1.6539375586833378,1.5707963267948966,1.5707963267948966,1.5707963267948966,1.4711276743037347,1.3521273809209546,1.3521273809209546,1.460139105621001,1.4711276743037347,1.3258176636680326,1.2924966677897853,1.2120256565243244,1.2120256565243244,1.2490457723982544,1.4056476493802699,1.4288992721907328,1.2490457723982544,1.1902899496825317,1.3258176636680326,1.5707963267948966,1.7681918866447774,0.0,0.0,0.0,0.0,0.0,0.0,0.0,0.0,0.0,0.0,0.0,1.4056476493802699,1.2924966677897853,1.2924966677897853,1.446441332248135,1.4711276743037347,1.4801364395941514,1.4711276743037347,1.4711276743037347,1.5707963267948966,1.5707963267948966,1.4876550949064553,1.4056476493802699,1.4876550949064553,1.5707963267948966,1.4994888620096063,1.4994888620096063,1.5707963267948966,1.5042281630190728,1.4382447944982226,1.4382447944982226,1.4382447944982226,1.512040504079174,1.5707963267948966,1.5152978215491797,1.512040504079174,1.5707963267948966
9.74267374000192,router,ba:bd:de:13:68:55,-84,96.16082114965684,64,1.088680000799279,10.60436461386027,0,0,-19,1,-19,2,-18,1,-17,1,-16,1,-14,1,-13,0,-13,0,-12,1,-11,1,-12,1,-11,2,-10,3,-10,2,-10,2,-9,1,-8,2,-8,3,-8,3,-8,3,-9,2,-8,0,-6,1,-7,2,-7,1,-5,0,0,0,0,0,0,0,0,0,0,0,0,0,0,0,0,0,0,0,0,0,0,0,-8,2,-8,2,-8,2,-10,2,-12,2,-12,3,-11,3,-12,3,-12,2,-13,2,-13,2,-13,1,-13,1,-15,2,-15,3,-16,2,-16,2,-17,2,-17,1,-18,0,-18,1,-19,1,-20,1,-21,1,-21,2,-22,2,0.0,19.026297590440446,19.1049731745428,18.027756377319946,17.029386365926403,16.0312195418814,14.035668847618199,13.0,13.0,12.041594578792296,11.045361017187261,12.041594578792296,11.180339887498949,10.44030650891055,10.198039027185569,10.198039027185569,9.055385138137417,8.246211251235321,8.54400374531753,8.54400374531753,8.54400374531753,9.219544457292887,8.0,6.082762530298219,7.280109889280518,7.0710678118654755,5.0,0.0,0.0,0.0,0.0,0.0,0.0,0.0,0.0,0.0,0.0,0.0,8.246211251235321,8.246211251235321,8.246211251235321,10.198039027185569,12.165525060596439,12.36931687685298,11.40175425099138,12.36931687685298,12.165525060596439,13.152946437965905,13.152946437965905,13.038404810405298,13.038404810405298,15.132745950421556,15.297058540778355,16.1245154965971,16.1245154965971,17.11724276862369,17.029386365926403,18.0,18.027756377319946,19.026297590440446,20.024984394500787,21.02379604162864,21.095023109728988,22.090722034374522,0.0,3.0890095919788516,3.036715714859559,3.0860941483440762,3.0828368308740703,3.079173843593836,3.070285188804503,3.141592653589793,3.141592653589793,3.058451421701352,3.050932766389048,3.058451421701352,2.961739153797315,2.8501358591119264,2.9441970937399127,2.9441970937399127,3.0309354324158977,2.896613990462929,2.782821983319221,2.782821983319221,2.782821983319221,2.922923707715851,3.141592653589793,2.976443976175166,2.8632929945846817,2.999695598985629,3.141592653589793,0.0,0.0,0.0,0.0,0.0,0.0,0.0,0.0,0.0,0.0,0.0,2.896613990462929,2.896613990462929,2.896613990462929,2.9441970937399127,2.976443976175166,2.896613990462929,2.875340604438868,2.896613990462929,2.976443976175166,2.988943325194528,2.988943325194528,3.064820762320015,3.064820762320015,3.0090411212931194,2.9441970937399127,3.017237659043032,3.017237659043032,3.024483909022929,3.0828368308740703,3.141592653589793,3.0860941483440762,3.0890095919788516,3.0916342578678506,3.0940095503128098,3.046640947247037,3.050932766389048
9.843007601004501,router,ba:bd:de:13:68:55,-84,96.16082114965684,64,1.0830684703470927,10.643077351639857,0,0,-7,16,-9,14,-9,13,-8,12,-7,12,-6,12,-5,12,-4,11,-4,10,-4,9,-2,10,-2,9,-1,8,0,8,0,8,0,8,0,7,0,8,0,9,0,8,0,7,-1,7,0,7,1,8,-1,8,-3,6,0,0,0,0,0,0,0,0,0,0,0,0,0,0,0,0,0,0,0,0,0,0,-5,6,-6,6,-6,6,-6,5,-6,4,-7,4,-9,6,-9,7,-9,6,-9,7,-9,8,-9,9,-8,10,-9,11,-9,11,-9,11,-9,11,-10,11,-10,11,-9,12,-10,12,-9,12,-9,13,-10,14,-10,14,-10,13,0.0,17.46424919657298,16.64331697709324,15.811388300841896,14.422205101855956,13.892443989449804,13.416407864998739,13.0,11.704699910719626,10.770329614269007,9.848857801796104,10.198039027185569,9.219544457292887,8.06225774829855,8.0,8.0,8.0,7.0,8.0,9.0,8.0,7.0,7.0710678118654755,7.0,8.06225774829855,8.06225774829855,6.708203932499369,0.0,0.0,0.0,0.0,0.0,0.0,0.0,0.0,0.0,0.0,0.0,7.810249675906654,8.48528137423857,8.48528137423857,7.810249675906654,7.211102550927978,8.06225774829855,10.816653826391969,11.40175425099138,10.816653826391969,11.40175425099138,12.041594578792296,12.727922061357855,12.806248474865697,14.212670403551895,14.212670403551895,14.212670403551895,14.212670403551895,14.866068747318506,14.866068747318506,15.0,15.620499351813308,15.0,15.811388300841896,17.204650534085253,17.204650534085253,16.401219466856727,0.0,1.9832067683922838,2.1421338066285234,2.1763409903998667,2.158798930342464,2.0988707752212563,2.0344439357957027,1.965587446494658,1.9195673303788037,1.9513027039072615,1.9890206563741257,1.7681918866447774,1.7894652726688385,1.695151321341658,1.5707963267948966,1.5707963267948966,1.5707963267948966,1.5707963267948966,1.5707963267948966,1.5707963267948966,1.5707963267948966,1.5707963267948966,1.7126933813990606,1.5707963267948966,1.446441332248135,1.695151321341658,2.0344439357957027,0.0,0.0,0.0,0.0,0.0,0.0,0.0,0.0,0.0,0.0,0.0,2.2655346029916,2.356194490192345,2.356194490192345,2.44685437739309,2.5535900500422257,2.62244653934327,2.5535900500422257,2.4805494847391065,2.5535900500422257,2.4805494847391065,2.4149503129080676,2.356194490192345,2.2455372690184494,2.256525837701183,2.256525837701183,2.256525837701183,2.256525837701183,2.3086113869153615,2.3086113869153615,2.214297435588181,2.2655346029916,2.214297435588181,2.1763409903998667,2.191045812777718,2.191045812777718,2.2264919530364327
9.952717526000924,router,ba:bd:de:13:68:55,-84,96.16082114965684,64,1.0792118530787194,10.672128667352963,0,0,-7,15,-8,14,-8,13,-7,11,-6,10,-5,10,-4,11,-4,11,-4,10,-5,10,-4,8,-3,8,-3,8,-2,8,-2,8,-2,7,-1,7,-1,7,-2,7,-2,5,-2,5,-2,5,-2,6,-2,5,-3,6,-4,7,0,0,0,0,0,0,0,0,0,0,0,0,0,0,0,0,0,0,0,0,0,0,-4,7,-3,7,-2,8,-2,8,-3,8,-4,9,-4,8,-5,8,-5,10,-5,10,-5,10,-5,11,-5,11,-6,12,-7,12,-7,12,-6,12,-7,13,-7,14,-7,15,-7,14,-7,15,-6,15,-6,15,-6,15,-7,14,0.0,16.55294535724685,16.1245154965971,15.264337522473747,13.038404810405298,11.661903789690601,11.180339887498949,11.704699910719626,11.704699910719626,10.770329614269007,11.180339887498949,8.94427190999916,8.54400374531753,8.54400374531753,8.246211251235321,8.246211251235321,7.280109889280518,7.0710678118654755,7.0710678118654755,7.280109889280518,5.385164807134504,5.385164807134504,5.385164807134504,6.324555320336759,5.385164807134504,6.708203932499369,8.06225774829855,0.0,0.0,0.0,0.0,0.0,0.0,0.0,0.0,0.0,0.0,0.0,8.06225774829855,7.615773105863909,8.246211251235321,8.246211251235321,8.54400374531753,9.848857801796104,8.94427190999916,9.433981132056603,11.180339887498949,11.180339887498949,11.180339887498949,12.083045973594572,12.083045973594572,13.416407864998739,13.892443989449804,13.892443989449804,13.416407864998739,14.7648230602334,15.652475842498529,16.55294535724685,15.652475842498529,16.55294535724685,16.15549442140351,16.15549442140351,16.15549442140351,15.652475842498529,0.0,2.007423486608438,2.0899424410414196,2.1224513093234436,2.137525544318403,2.1112158270654806,2.0344439357957027,1.9195673303788037,1.9195673303788037,1.9513027039072615,2.0344439357957027,2.0344439357957027,1.9295669970654687,1.9295669970654687,1.8157749899217608,1.8157749899217608,1.849095985800008,1.7126933813990606,1.7126933813990606,1.849095985800008,1.9513027039072615,1.9513027039072615,1.9513027039072615,1.892546881191539,1.9513027039072615,2.0344439357957027,2.0899424410414196,0.0,0.0,0.0,0.0,0.0,0.0,0.0,0.0,0.0,0.0,0.0,2.0899424410414196,1.97568811307998,1.8157749899217608,1.8157749899217608,1.9295669970654687,1.9890206563741257,2.0344439357957027,2.129395642138459,2.0344439357957027,2.0344439357957027,2.0344439357957027,1.9974238199217726,1.9974238199217726,2.0344439357957027,2.0988707752212563,2.0988707752212563,2.0344439357957027,2.0647376957144776,2.0344439357957027,2.007423486608438,2.0344439357957027,2.007423486608438,1.9513027039072615,1.9513027039072615,1.9513027039072615,2.0344439357957027
10.063238711998565,router,ba:bd:de:13:68:55,-83,96.16082114965684,64,1.0774878298165416,10.691096680269165,0,0,-16,-1,-16,-2,-15,-2,-13,-2,-13,-2,-13,-2,-12,-1,-11,-1,-10,0,-9,0,-8,1,-8,1,-9,2,-9,3,-8,2,-7,1,-7,1,-8,2,-8,3,-8,3,-7,3,-6,3,-6,3,-6,1,-5,1,-3,1,0,0,0,0,0,0,0,0,0,0,0,0,0,0,0,0,0,0,0,0,0,0,-9,-1,-8,-2,-6,-1,-8,-2,-10,-2,-10,-3,-10,-3,-11,-2,-11,-2,-12,-3,-12,-4,-13,-4,-13,-4,-13,-4,-13,-4,-12,-4,-13,-4,-14,-3,-14,-4,-14,-4,-15,-3,-15,-3,-16,-3,-15,-3,-16,-4,-17,-4,0.0,16.0312195418814,16.1245154965971,15.132745950421556,13.152946437965905,13.152946437965905,13.152946437965905,12.041594578792296,11.045361017187261,10.0,9.0,8.06225774829855,8.06225774829855,9.219544457292887,9.486832980505138,8.246211251235321,7.0710678118654755,7.0710678118654755,8.246211251235321,8.54400374531753,8.54400374531753,7.615773105863909,6.708203932499369,6.708203932499369,6.082762530298219,5.0990195135927845,3.1622776601683795,0.0,0.0,0.0,0.0,0.0,0.0,0.0,0.0,0.0,0.0,0.0,9.055385138137417,8.246211251235321,6.082762530298219,8.246211251235321,10.198039027185569,10.44030650891055,10.44030650891055,11.180339887498949,11.180339887498949,12.36931687685298,12.649110640673518,13.601470508735444,13.601470508735444,13.601470508735444,13.601470508735444,12.649110640673518,13.601470508735444,14.317821063276353,14.560219778561036,14.560219778561036,15.297058540778355,15.297058540778355,16.278820596099706,15.297058540778355,16.492422502470642,17.46424919657298,0.0,-3.079173843593836,-3.017237659043032,-3.0090411212931194,-2.988943325194528,-2.988943325194528,-2.988943325194528,-3.058451421701352,-3.050932766389048,3.141592653589793,3.141592653589793,3.017237659043032,3.017237659043032,2.922923707715851,2.819842099193151,2.896613990462929,2.999695598985629,2.999695598985629,2.896613990462929,2.782821983319221,2.782821983319221,2.7367008673047097,2.677945044588987,2.677945044588987,2.976443976175166,2.9441970937399127,2.819842099193151,0.0,0.0,0.0,0.0,0.0,0.0,0.0,0.0,0.0,0.0,0.0,-3.0309354324158977,-2.896613990462929,-2.976443976175166,-2.896613990462929,-2.9441970937399127,-2.8501358591119264,-2.8501358591119264,-2.961739153797315,-2.961739153797315,-2.896613990462929,-2.819842099193151,-2.843093722003614,-2.843093722003614,-2.843093722003614,-2.843093722003614,-2.819842099193151,-2.843093722003614,-2.930499320367047,-2.8632929945846817,-2.8632929945846817,-2.9441970937399127,-2.9441970937399127,-2.9562447035940984,-2.9441970937399127,-2.896613990462929,-2.9105019863938963
10.1725262559994,router,ba:bd:de:13:68:55,-84,96.16082114965684,64,1.0765857124771088,10.69978062474574,0,0,-19,9,-19,7,-16,6,-15,5,-15,5,-15,6,-14,6,-13,7,-12,6,-11,5,-10,6,-9,6,-9,6,-8,6,-7,6,-7,6,-7,7,-8,7,-8,7,-7,6,-5,5,-6,4,-8,5,-8,5,-8,5,-9,4,0,0,0,0,0,0,0,0,0,0,0,0,0,0,0,0,0,0,0,0,0,0,-8,3,-8,2,-9,3,-10,4,-11,3,-12,2,-12,2,-12,2,-13,3,-14,3,-14,4,-13,5,-14,5,-16,4,-16,4,-15,5,-16,5,-17,4,-17,5,-17,6,-18,6,-19,6,-19,6,-19,7,-18,8,-17,8,0.0,21.02379604162864,20.248456731316587,17.08800749063506,15.811388300841896,15.811388300841896,16.15549442140351,15.231546211727817,14.7648230602334,13.416407864998739,12.083045973594572,11.661903789690601,10.816653826391969,10.816653826391969,10.0,9.219544457292887,9.219544457292887,9.899494936611665,10.63014581273465,10.63014581273465,9.219544457292887,7.0710678118654755,7.211102550927978,9.433981132056603,9.433981132056603,9.433981132056603,9.848857801796104,0.0,0.0,0.0,0.0,0.0,0.0,0.0,0.0,0.0,0.0,0.0,8.54400374531753,8.246211251235321,9.486832980505138,10.770329614269007,11.40175425099138,12.165525060596439,12.165525060596439,12.165525060596439,13.341664064126334,14.317821063276353,14.560219778561036,13.92838827718412,14.866068747318506,16.492422502470642,16.492422502470642,15.811388300841896,16.76305461424021,17.46424919657298,17.72004514666935,18.027756377319946,18.973665961010276,19.924858845171276,19.924858845171276,20.248456731316587,19.697715603592208,18.788294228055936,0.0,2.6992184306130484,2.788602265762883,2.782821983319221,2.819842099193151,2.819842099193151,2.761086276477428,2.7367008673047097,2.647651284670212,2.677945044588987,2.714965160462917,2.601173153319209,2.5535900500422257,2.5535900500422257,2.498091544796509,2.432966381462123,2.432966381462123,2.356194490192345,2.4227626539681686,2.4227626539681686,2.432966381462123,2.356194490192345,2.5535900500422257,2.5829933382462307,2.5829933382462307,2.5829933382462307,2.723368324010564,0.0,0.0,0.0,0.0,0.0,0.0,0.0,0.0,0.0,0.0,0.0,2.782821983319221,2.896613990462929,2.819842099193151,2.761086276477428,2.875340604438868,2.976443976175166,2.976443976175166,2.976443976175166,2.9147938055359073,2.930499320367047,2.8632929945846817,2.774418819771574,2.79856871316909,2.896613990462929,2.896613990462929,2.819842099193151,2.838707785214822,2.9105019863938963,2.8555412118724752,2.8023000391357487,2.819842099193151,2.835713782184941,2.835713782184941,2.788602265762883,2.723368324010564,2.701750070774057
10.272906457001227,router,ba:bd:de:13:68:55,-83,96.16082114965684,64,1.075440676720121,10.698144605746371,0,0,-9,-15,-8,-14,-8,-14,-7,-14,-6,-13,-6,-11,-7,-11,-8,-10,-8,-9,-8,-8,-7,-8,-8,-8,-8,-7,-8,-7,-7,-7,-6,-6,-6,-6,-5,-5,-5,-6,-6,-6,-6,-6,-6,-5,-5,-5,-5,-5,-6,-5,-7,-6,0,0,0,0,0,0,0,0,0,0,0,0,0,0,0,0,0,0,0,0,0,0,-6,-6,-6,-6,-8,-7,-7,-8,-6,-10,-7,-9,-7,-9,-6,-10,-6,-10,-7,-10,-8,-10,-8,-10,-7,-11,-7,-11,-7,-12,-7,-13,-8,-14,-9,-14,-9,-14,-9,-13,-9,-12,-11,-13,-10,-16,-9,-16,-9,-15,-9,-15,0.0,17.4928556845359,16.1245154965971,16.1245154965971,15.652475842498529,14.317821063276353,12.529964086141668,13.038404810405298,12.806248474865697,12.041594578792296,11.313708498984761,10.63014581273465,11.313708498984761,10.63014581273465,10.63014581273465,9.899494936611665,8.48528137423857,8.48528137423857,7.0710678118654755,7.810249675906654,8.48528137423857,8.48528137423857,7.810249675906654,7.0710678118654755,7.0710678118654755,7.810249675906654,9.219544457292887,0.0,0.0,0.0,0.0,0.0,0.0,0.0,0.0,0.0,0.0,0.0,8.48528137423857,8.48528137423857,10.63014581273465,10.63014581273465,11.661903789690601,11.40175425099138,11.40175425099138,11.661903789690601,11.661903789690601,12.206555615733702,12.806248474865697,12.806248474865697,13.038404810405298,13.038404810405298,13.892443989449804,14.7648230602334,16.1245154965971,16.64331697709324,16.64331697709324,15.811388300841896,15.0,17.029386365926403,18.867962264113206,18.35755975068582,17.4928556845359,17.4928556845359,0.0,-2.1112158270654806,-2.0899424410414196,-2.0899424410414196,-2.0344439357957027,-2.0032041023654346,-2.0701430484750265,-2.137525544318403,-2.2455372690184494,-2.297438667476622,-2.356194490192345,-2.289626326416521,-2.356194490192345,-2.4227626539681686,-2.4227626539681686,-2.356194490192345,-2.356194490192345,-2.356194490192345,-2.356194490192345,-2.2655346029916,-2.356194490192345,-2.356194490192345,-2.44685437739309,-2.356194490192345,-2.356194490192345,-2.44685437739309,-2.432966381462123,0.0,0.0,0.0,0.0,0.0,0.0,0.0,0.0,0.0,0.0,0.0,-2.356194490192345,-2.356194490192345,-2.4227626539681686,-2.289626326416521,-2.1112158270654806,-2.2318394956455836,-2.2318394956455836,-2.1112158270654806,-2.1112158270654806,-2.1815222911841055,-2.2455372690184494,-2.2455372690184494,-2.137525544318403,-2.137525544318403,-2.0988707752212563,-2.0647376957144776,-2.0899424410414196,-2.1421338066285234,-2.1421338066285234,-2.1763409903998667,-2.214297435588181,-2.2730532583039036,-2.129395642138459,-2.0831857871056343,-2.1112158270654806,-2.1112158270654806
10.384149023004284,router,ba:bd:de:13:68:55,-83,96.16082114965684,64,1.0744140607097,10.686184134876408,0,0,-5,-17,-3,-18,-3,-17,-4,-14,-4,-14,-4,-13,-4,-12,-4,-11,-4,-12,-4,-10,-5,-9,-5,-8,-6,-8,-7,-9,-6,-9,-6,-9,-7,-7,-7,-7,-7,-7,-6,-7,-5,-7,-5,-6,-5,-5,-5,-4,-5,-5,-6,-5,0,0,0,0,0,0,0,0,0,0,0,0,0,0,0,0,0,0,0,0,0,0,-2,-8,-2,-8,-3,-9,-3,-11,-3,-11,-2,-11,-2,-11,-2,-12,-1,-12,-1,-13,-1,-14,-1,-13,-2,-14,-2,-15,-3,-16,-3,-16,-3,-16,-3,-15,-3,-15,-4,-16,-5,-17,-4,-17,-5,-17,-5,-17,-4,-17,-4,-16,0.0,17.72004514666935,18.24828759089466,17.26267650163207,14.560219778561036,14.560219778561036,13.601470508735444,12.649110640673518,11.704699910719626,12.649110640673518,10.770329614269007,10.295630140987,9.433981132056603,10.0,11.40175425099138,10.816653826391969,10.816653826391969,9.899494936611665,9.899494936611665,9.899494936611665,9.219544457292887,8.602325267042627,7.810249675906654,7.0710678118654755,6.4031242374328485,7.0710678118654755,7.810249675906654,0.0,0.0,0.0,0.0,0.0,0.0,0.0,0.0,0.0,0.0,0.0,8.246211251235321,8.246211251235321,9.486832980505138,11.40175425099138,11.40175425099138,11.180339887498949,11.180339887498949,12.165525060596439,12.041594578792296,13.038404810405298,14.035668847618199,13.038404810405298,14.142135623730951,15.132745950421556,16.278820596099706,16.278820596099706,16.278820596099706,15.297058540778355,15.297058540778355,16.492422502470642,17.72004514666935,17.46424919657298,17.72004514666935,17.72004514666935,17.46424919657298,16.492422502470642,0.0,-1.856847768512215,-1.7359450042095235,-1.7454685258031364,-1.849095985800008,-1.849095985800008,-1.8692952583810758,-1.892546881191539,-1.9195673303788037,-1.892546881191539,-1.9513027039072615,-2.0778948311872334,-2.129395642138459,-2.214297435588181,-2.2318394956455836,-2.158798930342464,-2.158798930342464,-2.356194490192345,-2.356194490192345,-2.356194490192345,-2.279422598922567,-2.191045812777718,-2.2655346029916,-2.356194490192345,-2.4668517113662407,-2.356194490192345,-2.44685437739309,0.0,0.0,0.0,0.0,0.0,0.0,0.0,0.0,0.0,0.0,0.0,-1.8157749899217608,-1.8157749899217608,-1.892546881191539,-1.837048375945822,-1.837048375945822,-1.750649826587375,-1.750649826587375,-1.7359450042095235,-1.6539375586833378,-1.6475682180646747,-1.642103791580187,-1.6475682180646747,-1.7126933813990606,-1.7033478590915707,-1.7561442767905915,-1.7561442767905915,-1.7561442767905915,-1.7681918866447774,-1.7681918866447774,-1.8157749899217608,-1.856847768512215,-1.8018869939907938,-1.856847768512215,-1.856847768512215,-1.8018869939907938,-1.8157749899217608
10.501474358999985,router,ba:bd:de:13:68:55,-83,96.16082114965684,64,1.0744655095919742,10.663921126396056,0,0,-12,-15,-13,-14,-13,-14,-12,-15,-11,-13,-10,-11,-10,-10,-10,-10,-9,-9,-8,-9,-8,-9,-9,-8,-8,-7,-8,-7,-9,-7,-9,-8,-8,-6,-8,-6,-8,-7,-8,-7,-7,-6,-7,-6,-7,-6,-6,-5,-6,-4,-8,-4,0,0,0,0,0,0,0,0,0,0,0,0,0,0,0,0,0,0,0,0,0,0,-8,-2,-10,-4,-10,-7,-9,-7,-9,-7,-9,-7,-11,-7,-13,-8,-13,-9,-12,-7,-11,-7,-10,-10,-10,-10,-11,-10,-12,-10,-12,-11,-13,-11,-13,-11,-13,-12,-13,-13,-13,-13,-13,-13,-13,-15,-13,-16,-14,-16,-14,-14,0.0,19.209372712298546,19.1049731745428,19.1049731745428,19.209372712298546,17.029386365926403,14.866068747318506,14.142135623730951,14.142135623730951,12.727922061357855,12.041594578792296,12.041594578792296,12.041594578792296,10.63014581273465,10.63014581273465,11.40175425099138,12.041594578792296,10.0,10.0,10.63014581273465,10.63014581273465,9.219544457292887,9.219544457292887,9.219544457292887,7.810249675906654,7.211102550927978,8.94427190999916,0.0,0.0,0.0,0.0,0.0,0.0,0.0,0.0,0.0,0.0,0.0,8.246211251235321,10.770329614269007,12.206555615733702,11.40175425099138,11.40175425099138,11.40175425099138,13.038404810405298,15.264337522473747,15.811388300841896,13.892443989449804,13.038404810405298,14.142135623730951,14.142135623730951,14.866068747318506,15.620499351813308,16.278820596099706,17.029386365926403,17.029386365926403,17.69180601295413,18.384776310850235,18.384776310850235,18.384776310850235,19.849433241279208,20.615528128088304,21.2602916254693,19.79898987322333,0.0,-2.2455372690184494,-2.3191743743184148,-2.3191743743184148,-2.2455372690184494,-2.2730532583039036,-2.3086113869153615,-2.356194490192345,-2.356194490192345,-2.356194490192345,-2.297438667476622,-2.297438667476622,-2.4149503129080676,-2.4227626539681686,-2.4227626539681686,-2.4805494847391065,-2.4149503129080676,-2.498091544796509,-2.498091544796509,-2.4227626539681686,-2.4227626539681686,-2.432966381462123,-2.432966381462123,-2.432966381462123,-2.44685437739309,-2.5535900500422257,-2.677945044588987,0.0,0.0,0.0,0.0,0.0,0.0,0.0,0.0,0.0,0.0,0.0,-2.896613990462929,-2.761086276477428,-2.5308666892005847,-2.4805494847391065,-2.4805494847391065,-2.4805494847391065,-2.5748634360662868,-2.5899376710612465,-2.5360479899848234,-2.6135182051634334,-2.5748634360662868,-2.356194490192345,-2.356194490192345,-2.403777593469328,-2.44685437739309,-2.399645385583876,-2.439335722080786,-2.439335722080786,-2.396173177315635,-2.356194490192345,-2.356194490192345,-2.356194490192345,-2.2848870254070546,-2.2531128816696446,-2.289626326416521,-2.356194490192345
10.603604486001132,router,ba:bd:de:13:68:55,-83,96.16082114965684,64,1.0758889053632161,10.631423716795682,0,0,-9,-18,-8,-19,-8,-18,-7,-16,-6,-15,-7,-14,-7,-13,-6,-12,-6,-13,-5,-14,-5,-12,-5,-11,-5,-9,-6,-8,-6,-8,-6,-8,-7,-9,-7,-10,-6,-8,-5,-8,-6,-8,-6,-7,-5,-7,-5,-7,-5,-6,-5,-5,0,0,0,0,0,0,0,0,0,0,0,0,0,0,0,0,0,0,0,0,0,0,-2,-5,-4,-5,-7,-6,-8,-7,-7,-7,-7,-8,-7,-10,-8,-12,-8,-12,-7,-12,-6,-12,-7,-13,-7,-14,-7,-14,-6,-14,-7,-15,-7,-15,-7,-16,-9,-16,-10,-16,-9,-17,-9,-16,-10,-17,-10,-18,-10,-19,-10,-19,0.0,20.12461179749811,20.615528128088304,19.697715603592208,17.46424919657298,16.15549442140351,15.652475842498529,14.7648230602334,13.416407864998739,14.317821063276353,14.866068747318506,13.0,12.083045973594572,10.295630140987,10.0,10.0,10.0,11.40175425099138,12.206555615733702,10.0,9.433981132056603,10.0,9.219544457292887,8.602325267042627,8.602325267042627,7.810249675906654,7.0710678118654755,0.0,0.0,0.0,0.0,0.0,0.0,0.0,0.0,0.0,0.0,0.0,5.385164807134504,6.4031242374328485,9.219544457292887,10.63014581273465,9.899494936611665,10.63014581273465,12.206555615733702,14.422205101855956,14.422205101855956,13.892443989449804,13.416407864998739,14.7648230602334,15.652475842498529,15.652475842498529,15.231546211727817,16.55294535724685,16.55294535724685,17.46424919657298,18.35755975068582,18.867962264113206,19.235384061671343,18.35755975068582,19.72308292331602,20.591260281974,21.470910553583888,21.470910553583888,0.0,-2.0344439357957027,-1.9693187724613168,-1.9890206563741257,-1.9832067683922838,-1.9513027039072615,-2.0344439357957027,-2.0647376957144776,-2.0344439357957027,-2.0032041023654346,-1.9138202672156,-1.965587446494658,-1.9974238199217726,-2.0778948311872334,-2.214297435588181,-2.214297435588181,-2.214297435588181,-2.2318394956455836,-2.1815222911841055,-2.214297435588181,-2.129395642138459,-2.214297435588181,-2.279422598922567,-2.191045812777718,-2.191045812777718,-2.2655346029916,-2.356194490192345,0.0,0.0,0.0,0.0,0.0,0.0,0.0,0.0,0.0,0.0,0.0,-1.9513027039072615,-2.2455372690184494,-2.432966381462123,-2.4227626539681686,-2.356194490192345,-2.289626326416521,-2.1815222911841055,-2.158798930342464,-2.158798930342464,-2.0988707752212563,-2.0344439357957027,-2.0647376957144776,-2.0344439357957027,-2.0344439357957027,-1.97568811307998,-2.007423486608438,-2.007423486608438,-1.9832067683922838,-2.0831857871056343,-2.129395642138459,-2.0576955586061656,-2.0831857871056343,-2.1025203940537023,-2.0778948311872334,-2.05527425583192,-2.05527425583192
10.705381723004393,router,ba:bd:de:13:68:55,-83,97.95074164939187,64,1.0769871705828646,10.58890304194575,0,0,-3,-16,-4,-17,-4,-16,-3,-15,-3,-15,-4,-15,-4,-14,-4,-13,-4,-11,-4,-9,-3,-9,-4,-9,-5,-9,-5,-9,-6,-9,-7,-9,-6,-8,-5,-8,-4,-8,-3,-7,-4,-7,-5,-8,-5,-8,-5,-7,-6,-6,-7,-4,0,0,0,0,0,0,0,0,0,0,0,0,0,0,0,0,0,0,0,0,0,0,-6,-7,-5,-6,-4,-6,-3,-9,-2,-10,-4,-9,-6,-10,-5,-12,-4,-12,-4,-11,-3,-12,-3,-12,-4,-12,-4,-12,-4,-13,-5,-15,-4,-15,-4,-15,-5,-16,-5,-16,-5,-17,-5,-17,-5,-17,-6,-19,-5,-20,-4,-19,0.0,16.278820596099706,17.46424919657298,16.492422502470642,15.297058540778355,15.297058540778355,15.524174696260024,14.560219778561036,13.601470508735444,11.704699910719626,9.848857801796104,9.486832980505138,9.848857801796104,10.295630140987,10.295630140987,10.816653826391969,11.40175425099138,10.0,9.433981132056603,8.94427190999916,7.615773105863909,8.06225774829855,9.433981132056603,9.433981132056603,8.602325267042627,8.48528137423857,8.06225774829855,0.0,0.0,0.0,0.0,0.0,0.0,0.0,0.0,0.0,0.0,0.0,9.219544457292887,7.810249675906654,7.211102550927978,9.486832980505138,10.198039027185569,9.848857801796104,11.661903789690601,13.0,12.649110640673518,11.704699910719626,12.36931687685298,12.36931687685298,12.649110640673518,12.649110640673518,13.601470508735444,15.811388300841896,15.524174696260024,15.524174696260024,16.76305461424021,16.76305461424021,17.72004514666935,17.72004514666935,17.72004514666935,19.924858845171276,20.615528128088304,19.4164878389476,0.0,-1.7561442767905915,-1.8018869939907938,-1.8157749899217608,-1.7681918866447774,-1.7681918866447774,-1.8313987185422376,-1.849095985800008,-1.8692952583810758,-1.9195673303788037,-1.9890206563741257,-1.892546881191539,-1.9890206563741257,-2.0778948311872334,-2.0778948311872334,-2.158798930342464,-2.2318394956455836,-2.214297435588181,-2.129395642138459,-2.0344439357957027,-1.97568811307998,-2.0899424410414196,-2.129395642138459,-2.129395642138459,-2.191045812777718,-2.356194490192345,-2.62244653934327,0.0,0.0,0.0,0.0,0.0,0.0,0.0,0.0,0.0,0.0,0.0,-2.279422598922567,-2.2655346029916,-2.158798930342464,-1.892546881191539,-1.7681918866447774,-1.9890206563741257,-2.1112158270654806,-1.965587446494658,-1.892546881191539,-1.9195673303788037,-1.8157749899217608,-1.8157749899217608,-1.892546881191539,-1.892546881191539,-1.8692952583810758,-1.892546881191539,-1.8313987185422376,-1.8313987185422376,-1.873681195169868,-1.873681195169868,-1.856847768512215,-1.856847768512215,-1.856847768512215,-1.8766751981997487,-1.8157749899217608,-1.7782925532300993
10.832673543001874,router,ba:bd:de:13:68:55,-83,97.95074164939187,64,1.077223519865769,10.536738223951568,0,0,10,-14,11,-13,11,-13,10,-12,8,-11,7,-11,5,-10,5,-10,6,-9,5,-9,5,-9,4,-9,3,-9,3,-9,2,-9,2,-9,3,-9,3,-10,2,-9,2,-7,2,-7,1,-8,0,-8,1,-8,2,-7,3,-8,0,0,0,0,0,0,0,0,0,0,0,0,0,0,0,0,0,0,0,0,0,0,3,-7,4,-7,5,-8,6,-8,6,-9,7,-10,7,-10,8,-9,9,-10,8,-10,9,-10,9,-9,8,-9,8,-10,9,-10,10,-11,10,-11,10,-12,10,-13,10,-12,12,-12,12,-13,12,-13,12,-13,13,-14,12,-14,0.0,17.204650534085253,17.029386365926403,17.029386365926403,15.620499351813308,13.601470508735444,13.038404810405298,11.180339887498949,11.180339887498949,10.816653826391969,10.295630140987,10.295630140987,9.848857801796104,9.486832980505138,9.486832980505138,9.219544457292887,9.219544457292887,9.486832980505138,10.44030650891055,9.219544457292887,7.280109889280518,7.280109889280518,8.06225774829855,8.0,8.06225774829855,7.280109889280518,8.54400374531753,0.0,0.0,0.0,0.0,0.0,0.0,0.0,0.0,0.0,0.0,0.0,7.615773105863909,8.06225774829855,9.433981132056603,10.0,10.816653826391969,12.206555615733702,12.206555615733702,12.041594578792296,13.45362404707371,12.806248474865697,13.45362404707371,12.727922061357855,12.041594578792296,12.806248474865697,13.45362404707371,14.866068747318506,14.866068747318506,15.620499351813308,16.401219466856727,15.620499351813308,16.97056274847714,17.69180601295413,17.69180601295413,17.69180601295413,19.1049731745428,18.439088914585774,0.0,-0.9505468408120752,-0.8685393952858895,-0.8685393952858895,-0.8760580505981934,-0.9420000403794636,-1.0040671092713902,-1.1071487177940904,-1.1071487177940904,-0.982793723247329,-1.0636978224025597,-1.0636978224025597,-1.1525719972156676,-1.2490457723982544,-1.2490457723982544,-1.3521273809209546,-1.3521273809209546,-1.2490457723982544,-1.2793395323170296,-1.3521273809209546,-1.2924966677897853,-1.2924966677897853,-1.446441332248135,-1.5707963267948966,-1.446441332248135,-1.2924966677897853,-1.2120256565243244,0.0,0.0,0.0,0.0,0.0,0.0,0.0,0.0,0.0,0.0,0.0,-1.1659045405098132,-1.0516502125483738,-1.0121970114513341,-0.9272952180016122,-0.982793723247329,-0.960070362405688,-0.960070362405688,-0.844153986113171,-0.83798122500839,-0.8960553845713439,-0.83798122500839,-0.7853981633974483,-0.844153986113171,-0.8960553845713439,-0.83798122500839,-0.8329812666744317,-0.8329812666744317,-0.8760580505981934,-0.9151007005533605,-0.8760580505981934,-0.7853981633974483,-0.8253768505207384,-0.8253768505207384,-0.8253768505207384,-0.8224182792713783,-0.8621700546672264
10.942788658001518,router,ba:bd:de:13:68:55,-84,97.95074164939187,64,1.0773329956023578,10.47540066978707,0,0,12,-12,13,-11,13,-10,11,-10,11,-9,11,-9,9,-10,8,-9,7,-8,7,-8,6,-8,5,-8,5,-8,6,-8,5,-9,4,-8,3,-7,3,-7,4,-7,3,-7,3,-7,4,-7,4,-7,4,-6,2,-5,1,-5,0,0,0,0,0,0,0,0,0,0,0,0,0,0,0,0,0,0,0,0,0,0,4,-8,5,-8,3,-8,3,-6,4,-6,6,-8,6,-9,7,-9,7,-9,7,-10,7,-11,7,-10,8,-10,9,-11,10,-10,10,-11,10,-12,11,-12,13,-12,13,-14,12,-15,12,-14,11,-15,12,-15,14,-14,15,-14,0.0,16.97056274847714,17.029386365926403,16.401219466856727,14.866068747318506,14.212670403551895,14.212670403551895,13.45362404707371,12.041594578792296,10.63014581273465,10.63014581273465,10.0,9.433981132056603,9.433981132056603,10.0,10.295630140987,8.94427190999916,7.615773105863909,7.615773105863909,8.06225774829855,7.615773105863909,7.615773105863909,8.06225774829855,8.06225774829855,7.211102550927978,5.385164807134504,5.0990195135927845,0.0,0.0,0.0,0.0,0.0,0.0,0.0,0.0,0.0,0.0,0.0,8.94427190999916,9.433981132056603,8.54400374531753,6.708203932499369,7.211102550927978,10.0,10.816653826391969,11.40175425099138,11.40175425099138,12.206555615733702,13.038404810405298,12.206555615733702,12.806248474865697,14.212670403551895,14.142135623730951,14.866068747318506,15.620499351813308,16.278820596099706,17.69180601295413,19.1049731745428,19.209372712298546,18.439088914585774,18.601075237738275,19.209372712298546,19.79898987322333,20.518284528683193,0.0,-0.7853981633974483,-0.702256931509007,-0.6556956262415362,-0.7378150601204649,-0.6857295109062863,-0.6857295109062863,-0.83798122500839,-0.844153986113171,-0.8519663271732721,-0.8519663271732721,-0.9272952180016122,-1.0121970114513341,-1.0121970114513341,-0.9272952180016122,-1.0636978224025597,-1.1071487177940904,-1.1659045405098132,-1.1659045405098132,-1.0516502125483738,-1.1659045405098132,-1.1659045405098132,-1.0516502125483738,-1.0516502125483738,-0.982793723247329,-1.1902899496825317,-1.373400766945016,0.0,0.0,0.0,0.0,0.0,0.0,0.0,0.0,0.0,0.0,0.0,-1.1071487177940904,-1.0121970114513341,-1.2120256565243244,-1.1071487177940904,-0.982793723247329,-0.9272952180016122,-0.982793723247329,-0.9097531579442097,-0.9097531579442097,-0.960070362405688,-1.0040671092713902,-0.960070362405688,-0.8960553845713439,-0.8850668158886104,-0.7853981633974483,-0.8329812666744317,-0.8760580505981934,-0.8288490587889792,-0.7454194762741583,-0.8224182792713783,-0.8960553845713439,-0.8621700546672264,-0.9380474917927135,-0.8960553845713439,-0.7853981633974483,-0.7509290623979403
11.052109254000243,router,ba:bd:de:13:68:55,-83,97.95074164939187,64,1.0769108450295606,10.40542517124485,0,0,12,15,11,15,11,14,11,14,9,13,8,12,9,11,8,9,6,8,6,8,5,7,6,6,7,5,7,5,7,5,8,5,7,4,7,4,7,5,6,4,6,4,5,5,4,4,5,3,6,3,7,4,0,0,0,0,0,0,0,0,0,0,0,0,0,0,0,0,0,0,0,0,0,0,8,3,9,4,9,4,8,5,7,6,7,7,9,8,9,8,9,8,10,8,11,8,11,10,10,11,10,11,11,11,10,11,10,12,11,12,11,12,10,13,11,14,13,13,13,13,13,14,14,14,14,13,0.0,19.209372712298546,18.601075237738275,17.804493814764857,17.804493814764857,15.811388300841896,14.422205101855956,14.212670403551895,12.041594578792296,10.0,10.0,8.602325267042627,8.48528137423857,8.602325267042627,8.602325267042627,8.602325267042627,9.433981132056603,8.06225774829855,8.06225774829855,8.602325267042627,7.211102550927978,7.211102550927978,7.0710678118654755,5.656854249492381,5.830951894845301,6.708203932499369,8.06225774829855,0.0,0.0,0.0,0.0,0.0,0.0,0.0,0.0,0.0,0.0,0.0,8.54400374531753,9.848857801796104,9.848857801796104,9.433981132056603,9.219544457292887,9.899494936611665,12.041594578792296,12.041594578792296,12.041594578792296,12.806248474865697,13.601470508735444,14.866068747318506,14.866068747318506,14.866068747318506,15.556349186104045,14.866068747318506,15.620499351813308,16.278820596099706,16.278820596099706,16.401219466856727,17.804493814764857,18.384776310850235,18.384776310850235,19.1049731745428,19.79898987322333,19.1049731745428,0.0,0.8960553845713439,0.9380474917927135,0.9048270894157867,0.9048270894157867,0.9652516631899266,0.982793723247329,0.8850668158886104,0.844153986113171,0.9272952180016122,0.9272952180016122,0.9505468408120752,0.7853981633974483,0.6202494859828215,0.6202494859828215,0.6202494859828215,0.5585993153435624,0.5191461142465229,0.5191461142465229,0.6202494859828215,0.5880026035475675,0.5880026035475675,0.7853981633974483,0.7853981633974483,0.5404195002705842,0.4636476090008061,0.5191461142465229,0.0,0.0,0.0,0.0,0.0,0.0,0.0,0.0,0.0,0.0,0.0,0.35877067027057225,0.4182243295792291,0.4182243295792291,0.5585993153435624,0.7086262721276703,0.7853981633974483,0.7266423406817256,0.7266423406817256,0.7266423406817256,0.6747409422235526,0.628796286415433,0.7378150601204649,0.8329812666744317,0.8329812666744317,0.7853981633974483,0.8329812666744317,0.8760580505981934,0.8288490587889792,0.8288490587889792,0.9151007005533605,0.9048270894157867,0.7853981633974483,0.7853981633974483,0.8224182792713783,0.7853981633974483,0.7483780475235183
11.152927547002037,router,ba:bd:de:13:68:55,-84,97.95074164939187,64,1.07544303547516,10.327425709489061,0,0,-6,-16,-6,-16,-6,-16,-5,-16,-4,-14,-5,-13,-5,-13,-5,-12,-6,-10,-7,-10,-7,-10,-6,-9,-5,-9,-5,-9,-6,-8,-6,-7,-5,-5,-6,-6,-7,-6,-6,-6,-5,-7,-5,-7,-4,-6,-5,-6,-5,-6,-3,-5,0,0,0,0,0,0,0,0,0,0,0,0,0,0,0,0,0,0,0,0,0,0,-5,-7,-5,-8,-6,-9,-6,-9,-6,-9,-5,-9,-4,-11,-5,-12,-6,-12,-6,-12,-5,-12,-6,-12,-7,-13,-7,-14,-8,-14,-7,-14,-6,-14,-6,-15,-5,-16,-6,-16,-6,-18,-7,-17,-7,-16,-8,-15,-7,-16,-6,-18,0.0,17.08800749063506,17.08800749063506,17.08800749063506,16.76305461424021,14.560219778561036,13.92838827718412,13.92838827718412,13.0,11.661903789690601,12.206555615733702,12.206555615733702,10.816653826391969,10.295630140987,10.295630140987,10.0,9.219544457292887,7.0710678118654755,8.48528137423857,9.219544457292887,8.48528137423857,8.602325267042627,8.602325267042627,7.211102550927978,7.810249675906654,7.810249675906654,5.830951894845301,0.0,0.0,0.0,0.0,0.0,0.0,0.0,0.0,0.0,0.0,0.0,8.602325267042627,9.433981132056603,10.816653826391969,10.816653826391969,10.816653826391969,10.295630140987,11.704699910719626,13.0,13.416407864998739,13.416407864998739,13.0,13.416407864998739,14.7648230602334,15.652475842498529,16.1245154965971,15.652475842498529,15.231546211727817,16.15549442140351,16.76305461424021,17.08800749063506,18.973665961010276,18.384776310850235,17.46424919657298,17.0,17.46424919657298,18.973665961010276,0.0,-1.9295669970654687,-1.9295669970654687,-1.9295669970654687,-1.873681195169868,-1.849095985800008,-1.9379701606131159,-1.9379701606131159,-1.965587446494658,-2.1112158270654806,-2.1815222911841055,-2.1815222911841055,-2.158798930342464,-2.0778948311872334,-2.0778948311872334,-2.214297435588181,-2.279422598922567,-2.356194490192345,-2.356194490192345,-2.432966381462123,-2.356194490192345,-2.191045812777718,-2.191045812777718,-2.158798930342464,-2.2655346029916,-2.2655346029916,-2.1112158270654806,0.0,0.0,0.0,0.0,0.0,0.0,0.0,0.0,0.0,0.0,0.0,-2.191045812777718,-2.129395642138459,-2.158798930342464,-2.158798930342464,-2.158798930342464,-2.0778948311872334,-1.9195673303788037,-1.965587446494658,-2.0344439357957027,-2.0344439357957027,-1.965587446494658,-2.0344439357957027,-2.0647376957144776,-2.0344439357957027,-2.0899424410414196,-2.0344439357957027,-1.97568811307998,-1.9513027039072615,-1.873681195169868,-1.9295669970654687,-1.892546881191539,-1.9614033704925835,-1.9832067683922838,-2.060753653048625,-1.9832067683922838,-1.892546881191539
11.266212128000916,router,ba:bd:de:13:68:55,-83,97.95074164939187,64,1.0746276421131906,10.242060832800089,0,0,19,7,17,7,16,6,14,5,13,5,13,5,14,4,13,3,12,4,11,4,11,4,10,3,8,2,7,1,9,1,9,0,9,0,8,1,8,1,8,1,8,1,7,1,6,0,6,0,6,0,5,0,0,0,0,0,0,0,0,0,0,0,0,0,0,0,0,0,0,0,0,0,0,0,8,-2,9,-4,9,-3,8,0,10,-1,11,-2,12,0,11,2,11,2,11,2,12,3,13,3,12,4,12,4,12,2,13,1,14,3,15,4,14,4,16,4,18,6,18,8,18,8,19,7,19,6,19,6,0.0,20.248456731316587,18.384776310850235,17.08800749063506,14.866068747318506,13.92838827718412,13.92838827718412,14.560219778561036,13.341664064126334,12.649110640673518,11.704699910719626,11.704699910719626,10.44030650891055,8.246211251235321,7.0710678118654755,9.055385138137417,9.0,9.0,8.06225774829855,8.06225774829855,8.06225774829855,8.06225774829855,7.0710678118654755,6.0,6.0,6.0,5.0,0.0,0.0,0.0,0.0,0.0,0.0,0.0,0.0,0.0,0.0,0.0,8.246211251235321,9.848857801796104,9.486832980505138,8.0,10.04987562112089,11.180339887498949,12.0,11.180339887498949,11.180339887498949,11.180339887498949,12.36931687685298,13.341664064126334,12.649110640673518,12.649110640673518,12.165525060596439,13.038404810405298,14.317821063276353,15.524174696260024,14.560219778561036,16.492422502470642,18.973665961010276,19.697715603592208,19.697715603592208,20.248456731316587,19.924858845171276,19.924858845171276,0.0,0.35299038782691045,0.3906070436976868,0.35877067027057225,0.3430239404207034,0.3671738338182192,0.3671738338182192,0.27829965900511133,0.22679884805388587,0.3217505543966422,0.348771003583907,0.348771003583907,0.2914567944778671,0.24497866312686414,0.14189705460416394,0.11065722117389565,0.0,0.0,0.12435499454676144,0.12435499454676144,0.12435499454676144,0.12435499454676144,0.14189705460416394,0.0,0.0,0.0,0.0,0.0,0.0,0.0,0.0,0.0,0.0,0.0,0.0,0.0,0.0,0.0,-0.24497866312686414,-0.4182243295792291,-0.3217505543966422,0.0,-0.09966865249116202,-0.17985349979247828,0.0,0.17985349979247828,0.17985349979247828,0.17985349979247828,0.24497866312686414,0.22679884805388587,0.3217505543966422,0.3217505543966422,0.16514867741462683,0.07677189126977804,0.21109333322274654,0.260602391747341,0.27829965900511133,0.24497866312686414,0.3217505543966422,0.4182243295792291,0.4182243295792291,0.35299038782691045,0.30587887140485215,0.30587887140485215
11.37243029000092,router,ba:bd:de:13:68:55,-84,97.95074164939187,64,1.0733243733592384,10.150025125320296,0,0,11,-12,11,-12,10,-13,10,-12,8,-10,7,-9,8,-11,8,-11,7,-11,6,-11,6,-11,5,-10,4,-9,5,-10,4,-10,2,-9,2,-7,3,-7,3,-8,3,-8,4,-9,4,-9,3,-8,1,-7,2,-6,2,-6,0,0,0,0,0,0,0,0,0,0,0,0,0,0,0,0,0,0,0,0,0,0,2,-8,3,-8,3,-9,3,-9,3,-9,4,-9,5,-10,5,-10,5,-10,7,-11,8,-11,8,-11,6,-11,6,-12,8,-13,8,-13,9,-13,10,-13,10,-13,9,-13,9,-13,10,-14,10,-14,11,-14,11,-15,11,-14,0.0,16.278820596099706,16.278820596099706,16.401219466856727,15.620499351813308,12.806248474865697,11.40175425099138,13.601470508735444,13.601470508735444,13.038404810405298,12.529964086141668,12.529964086141668,11.180339887498949,9.848857801796104,11.180339887498949,10.770329614269007,9.219544457292887,7.280109889280518,7.615773105863909,8.54400374531753,8.54400374531753,9.848857801796104,9.848857801796104,8.54400374531753,7.0710678118654755,6.324555320336759,6.324555320336759,0.0,0.0,0.0,0.0,0.0,0.0,0.0,0.0,0.0,0.0,0.0,8.246211251235321,8.54400374531753,9.486832980505138,9.486832980505138,9.486832980505138,9.848857801796104,11.180339887498949,11.180339887498949,11.180339887498949,13.038404810405298,13.601470508735444,13.601470508735444,12.529964086141668,13.416407864998739,15.264337522473747,15.264337522473747,15.811388300841896,16.401219466856727,16.401219466856727,15.811388300841896,15.811388300841896,17.204650534085253,17.204650534085253,17.804493814764857,18.601075237738275,17.804493814764857,0.0,-0.8288490587889792,-0.8288490587889792,-0.9151007005533605,-0.8760580505981934,-0.8960553845713439,-0.9097531579442097,-0.9420000403794636,-0.9420000403794636,-1.0040671092713902,-1.0714496051147666,-1.0714496051147666,-1.1071487177940904,-1.1525719972156676,-1.1071487177940904,-1.1902899496825317,-1.3521273809209546,-1.2924966677897853,-1.1659045405098132,-1.2120256565243244,-1.2120256565243244,-1.1525719972156676,-1.1525719972156676,-1.2120256565243244,-1.4288992721907328,-1.2490457723982544,-1.2490457723982544,0.0,0.0,0.0,0.0,0.0,0.0,0.0,0.0,0.0,0.0,0.0,-1.3258176636680326,-1.2120256565243244,-1.2490457723982544,-1.2490457723982544,-1.2490457723982544,-1.1525719972156676,-1.1071487177940904,-1.1071487177940904,-1.1071487177940904,-1.0040671092713902,-0.9420000403794636,-0.9420000403794636,-1.0714496051147666,-1.1071487177940904,-1.0191413442663497,-1.0191413442663497,-0.9652516631899266,-0.9151007005533605,-0.9151007005533605,-0.9652516631899266,-0.9652516631899266,-0.9505468408120752,-0.9505468408120752,-0.9048270894157867,-0.9380474917927135,-0.9048270894157867
11.472904793998168,router,ba:bd:de:13:68:55,-84,97.95074164939187,64,1.071931397613216,10.052085399904719,0,0,6,-16,7,-16,7,-15,5,-13,4,-13,5,-13,4,-12,3,-12,2,-12,1,-11,2,-10,2,-10,1,-9,0,-8,-1,-9,-1,-9,-2,-9,-2,-8,-2,-8,-3,-8,-2,-8,-1,-7,-1,-7,-2,-7,-2,-7,-2,-8,0,0,0,0,0,0,0,0,0,0,0,0,0,0,0,0,0,0,0,0,0,0,4,-6,5,-7,5,-7,5,-8,5,-8,5,-8,5,-9,5,-10,6,-10,7,-9,7,-10,8,-11,9,-11,8,-11,7,-12,7,-13,7,-14,7,-13,6,-13,5,-14,6,-15,7,-14,7,-14,8,-14,9,-14,10,-14,0.0,17.08800749063506,17.46424919657298,16.55294535724685,13.92838827718412,13.601470508735444,13.92838827718412,12.649110640673518,12.36931687685298,12.165525060596439,11.045361017187261,10.198039027185569,10.198039027185569,9.055385138137417,8.0,9.055385138137417,9.055385138137417,9.219544457292887,8.246211251235321,8.246211251235321,8.54400374531753,8.246211251235321,7.0710678118654755,7.0710678118654755,7.280109889280518,7.280109889280518,8.246211251235321,0.0,0.0,0.0,0.0,0.0,0.0,0.0,0.0,0.0,0.0,0.0,7.211102550927978,8.602325267042627,8.602325267042627,9.433981132056603,9.433981132056603,9.433981132056603,10.295630140987,11.180339887498949,11.661903789690601,11.40175425099138,12.206555615733702,13.601470508735444,14.212670403551895,13.601470508735444,13.892443989449804,14.7648230602334,15.652475842498529,14.7648230602334,14.317821063276353,14.866068747318506,16.15549442140351,15.652475842498529,15.652475842498529,16.1245154965971,16.64331697709324,17.204650534085253,0.0,-1.2120256565243244,-1.1583858851975093,-1.1341691669813554,-1.2036224929766774,-1.2722973952087173,-1.2036224929766774,-1.2490457723982544,-1.3258176636680326,-1.4056476493802699,-1.4801364395941514,-1.373400766945016,-1.373400766945016,-1.460139105621001,-1.5707963267948966,-1.6814535479687922,-1.6814535479687922,-1.7894652726688385,-1.8157749899217608,-1.8157749899217608,-1.9295669970654687,-1.8157749899217608,-1.7126933813990606,-1.7126933813990606,-1.849095985800008,-1.849095985800008,-1.8157749899217608,0.0,0.0,0.0,0.0,0.0,0.0,0.0,0.0,0.0,0.0,0.0,-0.982793723247329,-0.9505468408120752,-0.9505468408120752,-1.0121970114513341,-1.0121970114513341,-1.0121970114513341,-1.0636978224025597,-1.1071487177940904,-1.0303768265243125,-0.9097531579442097,-0.960070362405688,-0.9420000403794636,-0.8850668158886104,-0.9420000403794636,-1.042721878368537,-1.0768549578753155,-1.1071487177940904,-1.0768549578753155,-1.1383885512243588,-1.2277723863741932,-1.1902899496825317,-1.1071487177940904,-1.1071487177940904,-1.0516502125483738,-0.9994588469612699,-0.9505468408120752
11.573910468003305,router,ba:bd:de:13:68:55,-83,97.95074164939187,64,1.0697130928312044,9.949072711559925,0,0,-15,-11,-14,-12,-12,-12,-12,-10,-11,-9,-10,-8,-11,-8,-11,-9,-10,-8,-9,-6,-9,-6,-10,-6,-10,-5,-10,-4,-10,-3,-10,-3,-9,-3,-9,-3,-9,-3,-9,-3,-8,-3,-8,-4,-8,-4,-7,-2,-7,-1,-8,-3,0,0,0,0,0,0,0,0,0,0,0,0,0,0,0,0,0,0,0,0,0,0,-8,-7,-8,-7,-9,-6,-9,-7,-8,-7,-8,-8,-9,-9,-9,-9,-8,-9,-9,-10,-11,-10,-12,-10,-10,-10,-10,-11,-10,-11,-12,-11,-12,-11,-12,-12,-12,-11,-13,-10,-14,-10,-15,-12,-15,-14,-14,-13,-14,-13,-14,-14,0.0,18.601075237738275,18.439088914585774,16.97056274847714,15.620499351813308,14.212670403551895,12.806248474865697,13.601470508735444,14.212670403551895,12.806248474865697,10.816653826391969,10.816653826391969,11.661903789690601,11.180339887498949,10.770329614269007,10.44030650891055,10.44030650891055,9.486832980505138,9.486832980505138,9.486832980505138,9.486832980505138,8.54400374531753,8.94427190999916,8.94427190999916,7.280109889280518,7.0710678118654755,8.54400374531753,0.0,0.0,0.0,0.0,0.0,0.0,0.0,0.0,0.0,0.0,0.0,10.63014581273465,10.63014581273465,10.816653826391969,11.40175425099138,10.63014581273465,11.313708498984761,12.727922061357855,12.727922061357855,12.041594578792296,13.45362404707371,14.866068747318506,15.620499351813308,14.142135623730951,14.866068747318506,14.866068747318506,16.278820596099706,16.278820596099706,16.97056274847714,16.278820596099706,16.401219466856727,17.204650534085253,19.209372712298546,20.518284528683193,19.1049731745428,19.1049731745428,19.79898987322333,0.0,-2.5088438185876103,-2.432966381462123,-2.356194490192345,-2.44685437739309,-2.455863142683507,-2.4668517113662407,-2.5127963671743605,-2.455863142683507,-2.4668517113662407,-2.5535900500422257,-2.5535900500422257,-2.601173153319209,-2.677945044588987,-2.761086276477428,-2.8501358591119264,-2.8501358591119264,-2.819842099193151,-2.819842099193151,-2.819842099193151,-2.819842099193151,-2.782821983319221,-2.677945044588987,-2.677945044588987,-2.8632929945846817,-2.999695598985629,-2.782821983319221,0.0,0.0,0.0,0.0,0.0,0.0,0.0,0.0,0.0,0.0,0.0,-2.4227626539681686,-2.4227626539681686,-2.5535900500422257,-2.4805494847391065,-2.4227626539681686,-2.356194490192345,-2.356194490192345,-2.356194490192345,-2.297438667476622,-2.3036114285814033,-2.403777593469328,-2.44685437739309,-2.356194490192345,-2.3086113869153615,-2.3086113869153615,-2.399645385583876,-2.399645385583876,-2.356194490192345,-2.399645385583876,-2.485897027348257,-2.5213431676069717,-2.4668517113662407,-2.390663591191853,-2.393214606066275,-2.393214606066275,-2.356194490192345
11.676988838000398,router,ba:bd:de:13:68:55,-84,97.95074164939187,64,1.0692805845451365,9.841830018432834,0,0,-18,-11,-18,-11,-16,-11,-14,-11,-14,-10,-14,-9,-12,-9,-11,-7,-12,-5,-12,-6,-11,-6,-9,-5,-9,-5,-10,-5,-9,-4,-9,-4,-9,-3,-9,-2,-9,-2,-9,-2,-8,-2,-8,-3,-8,-2,-8,-2,-8,-2,-8,-1,0,0,0,0,0,0,0,0,0,0,0,0,0,0,0,0,0,0,0,0,0,0,-10,-5,-9,-4,-9,-5,-10,-5,-10,-4,-11,-5,-12,-7,-13,-7,-13,-7,-13,-7,-13,-8,-12,-8,-12,-9,-12,-10,-13,-11,-14,-10,-15,-10,-16,-10,-16,-9,-17,-10,-18,-11,-19,-11,-19,-11,-17,-10,-16,-11,-16,-12,0.0,21.095023109728988,21.095023109728988,19.4164878389476,17.804493814764857,17.204650534085253,16.64331697709324,15.0,13.038404810405298,13.0,13.416407864998739,12.529964086141668,10.295630140987,10.295630140987,11.180339887498949,9.848857801796104,9.848857801796104,9.486832980505138,9.219544457292887,9.219544457292887,9.219544457292887,8.246211251235321,8.54400374531753,8.246211251235321,8.246211251235321,8.246211251235321,8.06225774829855,0.0,0.0,0.0,0.0,0.0,0.0,0.0,0.0,0.0,0.0,0.0,11.180339887498949,9.848857801796104,10.295630140987,11.180339887498949,10.770329614269007,12.083045973594572,13.892443989449804,14.7648230602334,14.7648230602334,14.7648230602334,15.264337522473747,14.422205101855956,15.0,15.620499351813308,17.029386365926403,17.204650534085253,18.027756377319946,18.867962264113206,18.35755975068582,19.72308292331602,21.095023109728988,21.95449840010015,21.95449840010015,19.72308292331602,19.4164878389476,20.0,0.0,-2.593043251139265,-2.593043251139265,-2.539305307454829,-2.4756234162106834,-2.5213431676069717,-2.5702551737561663,-2.498091544796509,-2.5748634360662868,-2.746801533890032,-2.677945044588987,-2.642245931909663,-2.6344941491974563,-2.6344941491974563,-2.677945044588987,-2.723368324010564,-2.723368324010564,-2.819842099193151,-2.922923707715851,-2.922923707715851,-2.922923707715851,-2.896613990462929,-2.782821983319221,-2.896613990462929,-2.896613990462929,-2.896613990462929,-3.017237659043032,0.0,0.0,0.0,0.0,0.0,0.0,0.0,0.0,0.0,0.0,0.0,-2.677945044588987,-2.723368324010564,-2.6344941491974563,-2.677945044588987,-2.761086276477428,-2.714965160462917,-2.6135182051634334,-2.647651284670212,-2.647651284670212,-2.647651284670212,-2.5899376710612465,-2.5535900500422257,-2.498091544796509,-2.44685437739309,-2.439335722080786,-2.5213431676069717,-2.5535900500422257,-2.5829933382462307,-2.6292031932790554,-2.609868586330988,-2.593043251139265,-2.616796881939686,-2.616796881939686,-2.609868586330988,-2.539305307454829,-2.498091544796509
11.780120889998216,router,ba:bd:de:13:68:55,-84,99.8881638276907,64,1.0660408098735816,9.731296096053207,0,0,-15,10,-15,11,-14,11,-13,9,-12,8,-11,7,-10,7,-10,8,-9,8,-8,8,-7,8,-7,7,-6,6,-7,6,-7,7,-6,8,-5,7,-6,6,-5,7,-4,7,-3,7,-4,7,-4,6,-4,5,-5,6,-7,6,0,0,0,0,0,0,0,0,0,0,0,0,0,0,0,0,0,0,0,0,0,0,-7,7,-8,7,-8,6,-8,7,-9,7,-10,7,-11,7,-10,8,-9,8,-9,8,-11,9,-13,9,-12,9,-11,9,-11,8,-12,10,-12,11,-12,9,-13,9,-14,11,-15,12,-15,12,-15,12,-14,11,-14,11,-16,10,0.0,18.027756377319946,18.601075237738275,17.804493814764857,15.811388300841896,14.422205101855956,13.038404810405298,12.206555615733702,12.806248474865697,12.041594578792296,11.313708498984761,10.63014581273465,9.899494936611665,8.48528137423857,9.219544457292887,9.899494936611665,10.0,8.602325267042627,8.48528137423857,8.602325267042627,8.06225774829855,7.615773105863909,8.06225774829855,7.211102550927978,6.4031242374328485,7.810249675906654,9.219544457292887,0.0,0.0,0.0,0.0,0.0,0.0,0.0,0.0,0.0,0.0,0.0,9.899494936611665,10.63014581273465,10.0,10.63014581273465,11.40175425099138,12.206555615733702,13.038404810405298,12.806248474865697,12.041594578792296,12.041594578792296,14.212670403551895,15.811388300841896,15.0,14.212670403551895,13.601470508735444,15.620499351813308,16.278820596099706,15.0,15.811388300841896,17.804493814764857,19.209372712298546,19.209372712298546,19.209372712298546,17.804493814764857,17.804493814764857,18.867962264113206,0.0,2.5535900500422257,2.5088438185876103,2.4756234162106834,2.5360479899848234,2.5535900500422257,2.5748634360662868,2.5308666892005847,2.4668517113662407,2.4149503129080676,2.356194490192345,2.289626326416521,2.356194490192345,2.356194490192345,2.432966381462123,2.356194490192345,2.214297435588181,2.191045812777718,2.356194490192345,2.191045812777718,2.0899424410414196,1.97568811307998,2.0899424410414196,2.158798930342464,2.2455372690184494,2.2655346029916,2.432966381462123,0.0,0.0,0.0,0.0,0.0,0.0,0.0,0.0,0.0,0.0,0.0,2.356194490192345,2.4227626539681686,2.498091544796509,2.4227626539681686,2.4805494847391065,2.5308666892005847,2.5748634360662868,2.4668517113662407,2.4149503129080676,2.4149503129080676,2.455863142683507,2.5360479899848234,2.498091544796509,2.455863142683507,2.5127963671743605,2.44685437739309,2.399645385583876,2.498091544796509,2.5360479899848234,2.4756234162106834,2.4668517113662407,2.4668517113662407,2.4668517113662407,2.4756234162106834,2.4756234162106834,2.5829933382462307
11.882642342003237,router,ba:bd:de:13:68:55,-84,99.8881638276907,64,1.0635007055070882,9.678276240482633,0,0,15,-10,15,-11,14,-11,14,-10,13,-10,11,-9,10,-8,10,-8,10,-8,10,-8,8,-7,6,-8,6,-9,6,-8,6,-8,6,-8,6,-8,6,-9,5,-9,4,-8,4,-6,4,-6,5,-7,5,-6,3,-4,2,-2,0,0,0,0,0,0,0,0,0,0,0,0,0,0,0,0,0,0,0,0,0,0,4,-7,4,-7,5,-7,5,-6,6,-6,7,-7,9,-8,10,-9,10,-10,10,-11,9,-10,8,-9,9,-9,11,-9,11,-10,11,-11,12,-11,13,-11,13,-11,12,-12,13,-13,15,-13,14,-13,14,-13,15,-12,14,-11,0.0,18.027756377319946,18.601075237738275,17.804493814764857,17.204650534085253,16.401219466856727,14.212670403551895,12.806248474865697,12.806248474865697,12.806248474865697,12.806248474865697,10.63014581273465,10.0,10.816653826391969,10.0,10.0,10.0,10.0,10.816653826391969,10.295630140987,8.94427190999916,7.211102550927978,7.211102550927978,8.602325267042627,7.810249675906654,5.0,2.8284271247461903,0.0,0.0,0.0,0.0,0.0,0.0,0.0,0.0,0.0,0.0,0.0,8.06225774829855,8.06225774829855,8.602325267042627,7.810249675906654,8.48528137423857,9.899494936611665,12.041594578792296,13.45362404707371,14.142135623730951,14.866068747318506,13.45362404707371,12.041594578792296,12.727922061357855,14.212670403551895,14.866068747318506,15.556349186104045,16.278820596099706,17.029386365926403,17.029386365926403,16.97056274847714,18.384776310850235,19.849433241279208,19.1049731745428,19.1049731745428,19.209372712298546,17.804493814764857,0.0,-0.5880026035475675,-0.6327488350021832,-0.6659692373791098,-0.6202494859828215,-0.6556956262415362,-0.6857295109062863,-0.6747409422235526,-0.6747409422235526,-0.6747409422235526,-0.6747409422235526,-0.7188299996216245,-0.9272952180016122,-0.982793723247329,-0.9272952180016122,-0.9272952180016122,-0.9272952180016122,-0.9272952180016122,-0.982793723247329,-1.0636978224025597,-1.1071487177940904,-0.982793723247329,-0.982793723247329,-0.9505468408120752,-0.8760580505981934,-0.9272952180016122,-0.7853981633974483,0.0,0.0,0.0,0.0,0.0,0.0,0.0,0.0,0.0,0.0,0.0,-1.0516502125483738,-1.0516502125483738,-0.9505468408120752,-0.8760580505981934,-0.7853981633974483,-0.7853981633974483,-0.7266423406817256,-0.7328151017865066,-0.7853981633974483,-0.8329812666744317,-0.83798122500839,-0.844153986113171,-0.7853981633974483,-0.6857295109062863,-0.7378150601204649,-0.7853981633974483,-0.7419472680059175,-0.702256931509007,-0.702256931509007,-0.7853981633974483,-0.7853981633974483,-0.714090698612158,-0.7483780475235183,-0.7483780475235183,-0.6747409422235526,-0.6659692373791098
11.983165374003875,router,ba:bd:de:13:68:55,-84,99.8881638276907,64,1.0619113169140437,9.701350564455534,0,0,-7,-16,-6,-17,-4,-18,-4,-16,-6,-14,-7,-13,-5,-12,-5,-11,-6,-11,-7,-10,-8,-9,-7,-9,-6,-10,-6,-9,-6,-7,-7,-6,-6,-6,-6,-6,-7,-6,-6,-5,-6,-5,-7,-6,-7,-6,-7,-5,-6,-5,-5,-4,0,0,0,0,0,0,0,0,0,0,0,0,0,0,0,0,0,0,0,0,0,0,-4,-6,-2,-7,-1,-9,-1,-11,-1,-12,-1,-12,-3,-12,-4,-13,-4,-14,-3,-13,-3,-12,-3,-12,-2,-13,0,-11,-1,-12,-3,-15,-4,-16,-4,-18,-4,-18,-4,-16,-6,-16,-6,-17,-4,-18,-2,-19,-3,-19,-4,-19,0.0,17.46424919657298,18.027756377319946,18.439088914585774,16.492422502470642,15.231546211727817,14.7648230602334,13.0,12.083045973594572,12.529964086141668,12.206555615733702,12.041594578792296,11.40175425099138,11.661903789690601,10.816653826391969,9.219544457292887,9.219544457292887,8.48528137423857,8.48528137423857,9.219544457292887,7.810249675906654,7.810249675906654,9.219544457292887,9.219544457292887,8.602325267042627,7.810249675906654,6.4031242374328485,0.0,0.0,0.0,0.0,0.0,0.0,0.0,0.0,0.0,0.0,0.0,7.211102550927978,7.280109889280518,9.055385138137417,11.045361017187261,12.041594578792296,12.041594578792296,12.36931687685298,13.601470508735444,14.560219778561036,13.341664064126334,12.36931687685298,12.36931687685298,13.152946437965905,11.0,12.041594578792296,15.297058540778355,16.492422502470642,18.439088914585774,18.439088914585774,16.492422502470642,17.08800749063506,18.027756377319946,18.439088914585774,19.1049731745428,19.235384061671343,19.4164878389476,0.0,-1.9832067683922838,-1.9100889412489412,-1.7894652726688385,-1.8157749899217608,-1.97568811307998,-2.0647376957144776,-1.965587446494658,-1.9974238199217726,-2.0701430484750265,-2.1815222911841055,-2.297438667476622,-2.2318394956455836,-2.1112158270654806,-2.158798930342464,-2.279422598922567,-2.432966381462123,-2.356194490192345,-2.356194490192345,-2.432966381462123,-2.44685437739309,-2.44685437739309,-2.432966381462123,-2.432966381462123,-2.5213431676069717,-2.44685437739309,-2.4668517113662407,0.0,0.0,0.0,0.0,0.0,0.0,0.0,0.0,0.0,0.0,0.0,-2.158798930342464,-1.849095985800008,-1.6814535479687922,-1.6614562139956417,-1.6539375586833378,-1.6539375586833378,-1.8157749899217608,-1.8692952583810758,-1.849095985800008,-1.7975951748487824,-1.8157749899217608,-1.8157749899217608,-1.7234456551901618,-1.5707963267948966,-1.6539375586833378,-1.7681918866447774,-1.8157749899217608,-1.7894652726688385,-1.7894652726688385,-1.8157749899217608,-1.9295669970654687,-1.9100889412489412,-1.7894652726688385,-1.6756732655251305,-1.727398203776912,-1.7782925532300993
12.084581358998548,router,ba:bd:de:13:68:55,-83,99.8881638276907,64,1.0598786399184439,9.794054266965308,0,0,-15,5,-16,7,-15,7,-14,6,-13,5,-13,4,-13,4,-11,4,-10,4,-10,4,-8,5,-8,5,-8,4,-7,4,-6,4,-7,4,-8,4,-7,5,-7,5,-7,5,-7,4,-6,4,-5,5,-5,4,-5,3,-6,4,0,0,0,0,0,0,0,0,0,0,0,0,0,0,0,0,0,0,0,0,0,0,-7,6,-7,5,-7,4,-8,5,-8,5,-9,5,-9,7,-9,7,-10,6,-11,6,-12,6,-11,7,-11,8,-12,9,-12,7,-11,5,-12,6,-14,8,-14,9,-14,10,-13,9,-14,9,-17,9,-17,8,-16,6,-15,6,0.0,15.811388300841896,17.46424919657298,16.55294535724685,15.231546211727817,13.92838827718412,13.601470508735444,13.601470508735444,11.704699910719626,10.770329614269007,10.770329614269007,9.433981132056603,9.433981132056603,8.94427190999916,8.06225774829855,7.211102550927978,8.06225774829855,8.94427190999916,8.602325267042627,8.602325267042627,8.602325267042627,8.06225774829855,7.211102550927978,7.0710678118654755,6.4031242374328485,5.830951894845301,7.211102550927978,0.0,0.0,0.0,0.0,0.0,0.0,0.0,0.0,0.0,0.0,0.0,9.219544457292887,8.602325267042627,8.06225774829855,9.433981132056603,9.433981132056603,10.295630140987,11.40175425099138,11.40175425099138,11.661903789690601,12.529964086141668,13.416407864998739,13.038404810405298,13.601470508735444,15.0,13.892443989449804,12.083045973594572,13.416407864998739,16.1245154965971,16.64331697709324,17.204650534085253,15.811388300841896,16.64331697709324,19.235384061671343,18.788294228055936,17.08800749063506,16.15549442140351,0.0,2.819842099193151,2.729182211992406,2.704965493776252,2.7367008673047097,2.774418819771574,2.843093722003614,2.843093722003614,2.7928216500058864,2.761086276477428,2.761086276477428,2.5829933382462307,2.5829933382462307,2.677945044588987,2.62244653934327,2.5535900500422257,2.62244653934327,2.677945044588987,2.5213431676069717,2.5213431676069717,2.5213431676069717,2.62244653934327,2.5535900500422257,2.356194490192345,2.4668517113662407,2.601173153319209,2.5535900500422257,0.0,0.0,0.0,0.0,0.0,0.0,0.0,0.0,0.0,0.0,0.0,2.432966381462123,2.5213431676069717,2.62244653934327,2.5829933382462307,2.5829933382462307,2.6344941491974563,2.4805494847391065,2.4805494847391065,2.601173153319209,2.642245931909663,2.677945044588987,2.5748634360662868,2.5127963671743605,2.498091544796509,2.6135182051634334,2.714965160462917,2.677945044588987,2.62244653934327,2.5702551737561663,2.5213431676069717,2.5360479899848234,2.5702551737561663,2.654693421778524,2.701750070774057,2.782821983319221,2.761086276477428
12.192403016000753,router,ba:bd:de:13:68:55,-84,99.8881638276907,64,1.0567318566434722,9.933198255871936,0,0,-16,13,-15,14,-14,12,-12,10,-12,9,-12,9,-11,8,-10,8,-9,8,-7,8,-6,9,-7,9,-8,6,-6,6,-4,7,-4,7,-5,7,-5,6,-4,6,-4,7,-5,7,-5,6,-4,5,-4,5,-5,5,-5,5,0,0,0,0,0,0,0,0,0,0,0,0,0,0,0,0,0,0,0,0,0,0,-5,5,-5,6,-6,7,-6,8,-7,7,-9,8,-10,7,-9,7,-8,7,-8,8,-9,9,-9,9,-10,9,-11,10,-12,9,-12,9,-13,11,-13,12,-14,11,-14,10,-13,10,-13,12,-14,13,-14,13,-14,13,-15,13,0.0,20.615528128088304,20.518284528683193,18.439088914585774,15.620499351813308,15.0,15.0,13.601470508735444,12.806248474865697,12.041594578792296,10.63014581273465,10.816653826391969,11.40175425099138,10.0,8.48528137423857,8.06225774829855,8.06225774829855,8.602325267042627,7.810249675906654,7.211102550927978,8.06225774829855,8.602325267042627,7.810249675906654,6.4031242374328485,6.4031242374328485,7.0710678118654755,7.0710678118654755,0.0,0.0,0.0,0.0,0.0,0.0,0.0,0.0,0.0,0.0,0.0,7.0710678118654755,7.810249675906654,9.219544457292887,10.0,9.899494936611665,12.041594578792296,12.206555615733702,11.40175425099138,10.63014581273465,11.313708498984761,12.727922061357855,12.727922061357855,13.45362404707371,14.866068747318506,15.0,15.0,17.029386365926403,17.69180601295413,17.804493814764857,17.204650534085253,16.401219466856727,17.69180601295413,19.1049731745428,19.1049731745428,19.1049731745428,19.849433241279208,0.0,2.459276098715045,2.390663591191853,2.432966381462123,2.44685437739309,2.498091544796509,2.498091544796509,2.5127963671743605,2.4668517113662407,2.4149503129080676,2.289626326416521,2.158798930342464,2.2318394956455836,2.498091544796509,2.356194490192345,2.0899424410414196,2.0899424410414196,2.191045812777718,2.2655346029916,2.158798930342464,2.0899424410414196,2.191045812777718,2.2655346029916,2.2455372690184494,2.2455372690184494,2.356194490192345,2.356194490192345,0.0,0.0,0.0,0.0,0.0,0.0,0.0,0.0,0.0,0.0,0.0,2.356194490192345,2.2655346029916,2.279422598922567,2.214297435588181,2.356194490192345,2.4149503129080676,2.5308666892005847,2.4805494847391065,2.4227626539681686,2.356194490192345,2.356194490192345,2.356194490192345,2.408777551803287,2.403777593469328,2.498091544796509,2.498091544796509,2.439335722080786,2.396173177315635,2.4756234162106834,2.5213431676069717,2.485897027348257,2.396173177315635,2.393214606066275,2.393214606066275,2.393214606066275,2.427501954977635
12.302288151004177,router,ba:bd:de:13:68:55,-83,99.8881638276907,64,1.0538642066175936,10.102208195195377,0,0,-4,17,-4,17,-3,16,-3,15,-3,14,-2,13,-1,11,-2,10,-3,10,-2,10,-1,9,0,8,0,8,-1,8,-1,9,0,9,0,8,-1,7,0,7,2,7,2,7,1,6,0,5,0,6,-1,6,-3,7,0,0,0,0,0,0,0,0,0,0,0,0,0,0,0,0,0,0,0,0,0,0,1,8,1,7,0,7,-1,8,0,8,2,9,2,11,2,12,1,12,0,13,0,13,1,12,0,12,-1,13,-1,14,-1,15,-1,15,-1,15,-1,16,-2,16,-1,17,-1,17,-2,17,-3,17,-3,17,-2,18,0.0,17.46424919657298,17.46424919657298,16.278820596099706,15.297058540778355,14.317821063276353,13.152946437965905,11.045361017187261,10.198039027185569,10.44030650891055,10.198039027185569,9.055385138137417,8.0,8.0,8.06225774829855,9.055385138137417,9.0,8.0,7.0710678118654755,7.0,7.280109889280518,7.280109889280518,6.082762530298219,5.0,6.0,6.082762530298219,7.615773105863909,0.0,0.0,0.0,0.0,0.0,0.0,0.0,0.0,0.0,0.0,0.0,8.06225774829855,7.0710678118654755,7.0,8.06225774829855,8.0,9.219544457292887,11.180339887498949,12.165525060596439,12.041594578792296,13.0,13.0,12.041594578792296,12.0,13.038404810405298,14.035668847618199,15.033296378372908,15.033296378372908,15.033296378372908,16.0312195418814,16.1245154965971,17.029386365926403,17.029386365926403,17.11724276862369,17.26267650163207,17.26267650163207,18.110770276274835,0.0,1.8018869939907938,1.8018869939907938,1.7561442767905915,1.7681918866447774,1.7818896600176433,1.7234456551901618,1.6614562139956417,1.7681918866447774,1.8622531212727638,1.7681918866447774,1.6814535479687922,1.5707963267948966,1.5707963267948966,1.695151321341658,1.6814535479687922,1.5707963267948966,1.5707963267948966,1.7126933813990606,1.5707963267948966,1.2924966677897853,1.2924966677897853,1.4056476493802699,1.5707963267948966,1.5707963267948966,1.7359450042095235,1.97568811307998,0.0,0.0,0.0,0.0,0.0,0.0,0.0,0.0,0.0,0.0,0.0,1.446441332248135,1.4288992721907328,1.5707963267948966,1.695151321341658,1.5707963267948966,1.3521273809209546,1.3909428270024184,1.4056476493802699,1.4876550949064553,1.5707963267948966,1.5707963267948966,1.4876550949064553,1.5707963267948966,1.6475682180646747,1.642103791580187,1.6373644905707205,1.6373644905707205,1.6373644905707205,1.633215136790854,1.695151321341658,1.6295521495106193,1.6295521495106193,1.687905071361761,1.7454685258031364,1.7454685258031364,1.6814535479687922
12.402317252999637,router,ba:bd:de:13:68:55,-83,99.8881638276907,64,1.0540440321185827,10.28916712065962,0,0,0,16,-1,16,-1,15,-1,16,0,15,-1,14,-1,12,0,11,1,10,1,9,2,8,2,7,2,7,3,8,2,7,2,7,3,7,3,7,3,7,3,7,3,7,3,6,2,5,2,5,1,6,1,8,0,0,0,0,0,0,0,0,0,0,0,0,0,0,0,0,0,0,0,0,0,0,1,5,0,7,-1,8,0,9,0,10,-1,10,-1,10,-1,10,-2,10,-2,9,-1,8,-3,10,-5,13,-4,13,0,12,1,13,1,14,1,14,0,15,-2,15,-2,15,-1,13,-1,14,0,15,1,16,0,17,0.0,16.0,16.0312195418814,15.033296378372908,16.0312195418814,15.0,14.035668847618199,12.041594578792296,11.0,10.04987562112089,9.055385138137417,8.246211251235321,7.280109889280518,7.280109889280518,8.54400374531753,7.280109889280518,7.280109889280518,7.615773105863909,7.615773105863909,7.615773105863909,7.615773105863909,7.615773105863909,6.708203932499369,5.385164807134504,5.385164807134504,6.082762530298219,8.06225774829855,0.0,0.0,0.0,0.0,0.0,0.0,0.0,0.0,0.0,0.0,0.0,5.0990195135927845,7.0,8.06225774829855,9.0,10.0,10.04987562112089,10.04987562112089,10.04987562112089,10.198039027185569,9.219544457292887,8.06225774829855,10.44030650891055,13.92838827718412,13.601470508735444,12.0,13.038404810405298,14.035668847618199,14.035668847618199,15.0,15.132745950421556,15.132745950421556,13.038404810405298,14.035668847618199,15.0,16.0312195418814,17.0,0.0,1.5707963267948966,1.633215136790854,1.6373644905707205,1.633215136790854,1.5707963267948966,1.642103791580187,1.6539375586833378,1.5707963267948966,1.4711276743037347,1.460139105621001,1.3258176636680326,1.2924966677897853,1.2924966677897853,1.2120256565243244,1.2924966677897853,1.2924966677897853,1.1659045405098132,1.1659045405098132,1.1659045405098132,1.1659045405098132,1.1659045405098132,1.1071487177940904,1.1902899496825317,1.1902899496825317,1.4056476493802699,1.446441332248135,0.0,0.0,0.0,0.0,0.0,0.0,0.0,0.0,0.0,0.0,0.0,1.373400766945016,1.5707963267948966,1.695151321341658,1.5707963267948966,1.5707963267948966,1.6704649792860586,1.6704649792860586,1.6704649792860586,1.7681918866447774,1.7894652726688385,1.695151321341658,1.8622531212727638,1.9379701606131159,1.8692952583810758,1.5707963267948966,1.4940244355251187,1.4994888620096063,1.4994888620096063,1.5707963267948966,1.7033478590915707,1.7033478590915707,1.6475682180646747,1.642103791580187,1.5707963267948966,1.5083775167989393,1.5707963267948966
12.503503364998323,router,ba:bd:de:13:68:55,-84,99.8881638276907,64,1.0544908809813904,10.485337124983234,0,0,-12,-16,-10,-17,-9,-17,-8,-15,-8,-13,-8,-12,-8,-11,-8,-10,-8,-11,-8,-11,-8,-9,-8,-8,-8,-8,-8,-7,-8,-7,-7,-6,-7,-5,-8,-5,-9,-6,-9,-6,-8,-6,-7,-6,-6,-6,-6,-5,-6,-4,-4,-4,0,0,0,0,0,0,0,0,0,0,0,0,0,0,0,0,0,0,0,0,0,0,-7,-8,-6,-6,-5,-7,-5,-7,-5,-7,-6,-9,-6,-10,-6,-12,-6,-14,-6,-14,-7,-13,-7,-12,-6,-12,-7,-13,-7,-13,-7,-13,-8,-14,-10,-15,-10,-16,-10,-16,-10,-16,-10,-18,-10,-17,-10,-17,-12,-18,-12,-18,0.0,20.0,19.72308292331602,19.235384061671343,17.0,15.264337522473747,14.422205101855956,13.601470508735444,12.806248474865697,13.601470508735444,13.601470508735444,12.041594578792296,11.313708498984761,11.313708498984761,10.63014581273465,10.63014581273465,9.219544457292887,8.602325267042627,9.433981132056603,10.816653826391969,10.816653826391969,10.0,9.219544457292887,8.48528137423857,7.810249675906654,7.211102550927978,5.656854249492381,0.0,0.0,0.0,0.0,0.0,0.0,0.0,0.0,0.0,0.0,0.0,10.63014581273465,8.48528137423857,8.602325267042627,8.602325267042627,8.602325267042627,10.816653826391969,11.661903789690601,13.416407864998739,15.231546211727817,15.231546211727817,14.7648230602334,13.892443989449804,13.416407864998739,14.7648230602334,14.7648230602334,14.7648230602334,16.1245154965971,18.027756377319946,18.867962264113206,18.867962264113206,18.867962264113206,20.591260281974,19.72308292331602,19.72308292331602,21.633307652783937,21.633307652783937,0.0,-2.214297435588181,-2.1025203940537023,-2.0576955586061656,-2.060753653048625,-2.1224513093234436,-2.158798930342464,-2.1995926132103296,-2.2455372690184494,-2.1995926132103296,-2.1995926132103296,-2.297438667476622,-2.356194490192345,-2.356194490192345,-2.4227626539681686,-2.4227626539681686,-2.432966381462123,-2.5213431676069717,-2.5829933382462307,-2.5535900500422257,-2.5535900500422257,-2.498091544796509,-2.432966381462123,-2.356194490192345,-2.44685437739309,-2.5535900500422257,-2.356194490192345,0.0,0.0,0.0,0.0,0.0,0.0,0.0,0.0,0.0,0.0,0.0,-2.289626326416521,-2.356194490192345,-2.191045812777718,-2.191045812777718,-2.191045812777718,-2.158798930342464,-2.1112158270654806,-2.0344439357957027,-1.97568811307998,-1.97568811307998,-2.0647376957144776,-2.0988707752212563,-2.0344439357957027,-2.0647376957144776,-2.0647376957144776,-2.0647376957144776,-2.0899424410414196,-2.158798930342464,-2.129395642138459,-2.129395642138459,-2.129395642138459,-2.0778948311872334,-2.1025203940537023,-2.1025203940537023,-2.158798930342464,-2.158798930342464
12.612896102000377,router,ba:bd:de:13:68:55,-84,99.8881638276907,64,1.0527733860122295,10.684293916011274,0,0,17,3,16,4,15,4,15,4,15,3,15,4,14,3,13,1,12,0,11,1,10,0,10,0,10,-1,10,-2,9,-2,9,-1,8,-1,8,-2,7,-3,6,-2,7,-2,7,-3,7,-3,7,-3,6,-2,6,-2,0,0,0,0,0,0,0,0,0,0,0,0,0,0,0,0,0,0,0,0,0,0,9,3,8,3,8,3,8,2,9,3,10,3,11,4,11,5,12,5,12,4,13,4,13,4,13,3,14,4,14,4,15,4,15,5,16,5,17,6,16,5,16,4,17,5,18,5,18,5,18,7,18,7,0.0,17.26267650163207,16.492422502470642,15.524174696260024,15.524174696260024,15.297058540778355,15.524174696260024,14.317821063276353,13.038404810405298,12.0,11.045361017187261,10.0,10.0,10.04987562112089,10.198039027185569,9.219544457292887,9.055385138137417,8.06225774829855,8.246211251235321,7.615773105863909,6.324555320336759,7.280109889280518,7.615773105863909,7.615773105863909,7.615773105863909,6.324555320336759,6.324555320336759,0.0,0.0,0.0,0.0,0.0,0.0,0.0,0.0,0.0,0.0,0.0,9.486832980505138,8.54400374531753,8.54400374531753,8.246211251235321,9.486832980505138,10.44030650891055,11.704699910719626,12.083045973594572,13.0,12.649110640673518,13.601470508735444,13.601470508735444,13.341664064126334,14.560219778561036,14.560219778561036,15.524174696260024,15.811388300841896,16.76305461424021,18.027756377319946,16.76305461424021,16.492422502470642,17.72004514666935,18.681541692269406,18.681541692269406,19.313207915827967,19.313207915827967,0.0,0.1746721990082397,0.24497866312686414,0.260602391747341,0.260602391747341,0.19739555984988075,0.260602391747341,0.21109333322274654,0.07677189126977804,0.0,0.09065988720074511,0.0,0.0,-0.09966865249116202,-0.19739555984988075,-0.21866894587394195,-0.11065722117389565,-0.12435499454676144,-0.24497866312686414,-0.40489178628508343,-0.3217505543966422,-0.27829965900511133,-0.40489178628508343,-0.40489178628508343,-0.40489178628508343,-0.3217505543966422,-0.3217505543966422,0.0,0.0,0.0,0.0,0.0,0.0,0.0,0.0,0.0,0.0,0.0,0.3217505543966422,0.35877067027057225,0.35877067027057225,0.24497866312686414,0.3217505543966422,0.2914567944778671,0.348771003583907,0.4266274931268761,0.3947911196997615,0.3217505543966422,0.2984989315861793,0.2984989315861793,0.22679884805388587,0.27829965900511133,0.27829965900511133,0.260602391747341,0.3217505543966422,0.3028848683749714,0.3392926144540447,0.3028848683749714,0.24497866312686414,0.2860514417173182,0.27094685033842053,0.27094685033842053,0.37089128881266237,0.37089128881266237
12.722617840001476,router,ba:bd:de:13:68:55,-84,100.16465591699938,64,1.0508101789548985,11.016387435184296,0,0,16,-8,16,-7,15,-8,13,-8,13,-8,13,-8,10,-7,9,-6,9,-6,9,-7,9,-7,8,-7,7,-7,6,-8,6,-8,6,-7,6,-8,6,-8,5,-7,4,-7,5,-7,6,-6,6,-5,6,-6,6,-4,5,-1,0,0,0,0,0,0,0,0,0,0,0,0,0,0,0,0,0,0,0,0,0,0,5,-5,5,-5,5,-5,6,-5,8,-5,9,-6,10,-6,10,-6,11,-4,12,-4,11,-7,10,-8,11,-8,14,-8,14,-8,12,-8,12,-8,13,-8,15,-8,15,-7,15,-7,17,-9,18,-10,18,-10,18,-10,18,-11,0.0,17.88854381999832,17.46424919657298,17.0,15.264337522473747,15.264337522473747,15.264337522473747,12.206555615733702,10.816653826391969,10.816653826391969,11.40175425099138,11.40175425099138,10.63014581273465,9.899494936611665,10.0,10.0,9.219544457292887,10.0,10.0,8.602325267042627,8.06225774829855,8.602325267042627,8.48528137423857,7.810249675906654,8.48528137423857,7.211102550927978,5.0990195135927845,0.0,0.0,0.0,0.0,0.0,0.0,0.0,0.0,0.0,0.0,0.0,7.0710678118654755,7.0710678118654755,7.0710678118654755,7.810249675906654,9.433981132056603,10.816653826391969,11.661903789690601,11.661903789690601,11.704699910719626,12.649110640673518,13.038404810405298,12.806248474865697,13.601470508735444,16.1245154965971,16.1245154965971,14.422205101855956,14.422205101855956,15.264337522473747,17.0,16.55294535724685,16.55294535724685,19.235384061671343,20.591260281974,20.591260281974,20.591260281974,21.095023109728988,0.0,-0.4636476090008061,-0.4124104415973873,-0.4899573262537283,-0.5516549825285468,-0.5516549825285468,-0.5516549825285468,-0.6107259643892086,-0.5880026035475675,-0.5880026035475675,-0.6610431688506869,-0.6610431688506869,-0.7188299996216245,-0.7853981633974483,-0.9272952180016122,-0.9272952180016122,-0.8621700546672264,-0.9272952180016122,-0.9272952180016122,-0.9505468408120752,-1.0516502125483738,-0.9505468408120752,-0.7853981633974483,-0.6947382761967031,-0.7853981633974483,-0.5880026035475675,-0.19739555984988075,0.0,0.0,0.0,0.0,0.0,0.0,0.0,0.0,0.0,0.0,0.0,-0.7853981633974483,-0.7853981633974483,-0.7853981633974483,-0.6947382761967031,-0.5585993153435624,-0.5880026035475675,-0.5404195002705842,-0.5404195002705842,-0.348771003583907,-0.3217505543966422,-0.5667292175235064,-0.6747409422235526,-0.628796286415433,-0.5191461142465229,-0.5191461142465229,-0.5880026035475675,-0.5880026035475675,-0.5516549825285468,-0.4899573262537283,-0.43662715981354133,-0.43662715981354133,-0.48689923181126904,-0.507098504392337,-0.507098504392337,-0.507098504392337,-0.5485494024505281
12.823094870000205,router,ba:bd:de:13:68:55,-84,100.16465591699938,64,1.0490647162871056,11.262315425236087,0,0,-17,-3,-17,-3,-17,-3,-16,-3,-15,-3,-14,-2,-13,-2,-12,-2,-12,-2,-11,-2,-11,-2,-10,-1,-10,-1,-11,-1,-11,-1,-9,0,-9,0,-10,-1,-10,-1,-9,0,-8,0,-8,1,-8,2,-8,2,-7,1,-7,1,0,0,0,0,0,0,0,0,0,0,0,0,0,0,0,0,0,0,0,0,0,0,-9,3,-9,2,-9,2,-9,1,-9,0,-11,-1,-12,-1,-12,-2,-12,-1,-12,-1,-13,0,-13,-1,-15,-2,-16,-4,-16,-3,-15,-2,-15,-1,-15,-2,-15,-1,-14,-2,-16,-2,-18,-2,-19,-2,-18,-2,-19,-1,-20,-2,0.0,17.26267650163207,17.26267650163207,17.26267650163207,16.278820596099706,15.297058540778355,14.142135623730951,13.152946437965905,12.165525060596439,12.165525060596439,11.180339887498949,11.180339887498949,10.04987562112089,10.04987562112089,11.045361017187261,11.045361017187261,9.0,9.0,10.04987562112089,10.04987562112089,9.0,8.0,8.06225774829855,8.246211251235321,8.246211251235321,7.0710678118654755,7.0710678118654755,0.0,0.0,0.0,0.0,0.0,0.0,0.0,0.0,0.0,0.0,0.0,9.486832980505138,9.219544457292887,9.219544457292887,9.055385138137417,9.0,11.045361017187261,12.041594578792296,12.165525060596439,12.041594578792296,12.041594578792296,13.0,13.038404810405298,15.132745950421556,16.492422502470642,16.278820596099706,15.132745950421556,15.033296378372908,15.132745950421556,15.033296378372908,14.142135623730951,16.1245154965971,18.110770276274835,19.1049731745428,18.110770276274835,19.026297590440446,20.09975124224178,0.0,-2.9669204545815537,-2.9669204545815537,-2.9669204545815537,-2.9562447035940984,-2.9441970937399127,-2.999695598985629,-2.988943325194528,-2.976443976175166,-2.976443976175166,-2.961739153797315,-2.961739153797315,-3.0419240010986313,-3.0419240010986313,-3.050932766389048,-3.050932766389048,3.141592653589793,3.141592653589793,-3.0419240010986313,-3.0419240010986313,3.141592653589793,3.141592653589793,3.017237659043032,2.896613990462929,2.896613990462929,2.999695598985629,2.999695598985629,0.0,0.0,0.0,0.0,0.0,0.0,0.0,0.0,0.0,0.0,0.0,2.819842099193151,2.922923707715851,2.922923707715851,3.0309354324158977,3.141592653589793,-3.050932766389048,-3.058451421701352,-2.976443976175166,-3.058451421701352,-3.058451421701352,3.141592653589793,-3.064820762320015,-3.0090411212931194,-2.896613990462929,-2.9562447035940984,-3.0090411212931194,-3.0750244898139694,-3.0090411212931194,-3.0750244898139694,-2.999695598985629,-3.017237659043032,-3.0309354324158977,-3.036715714859559,-3.0309354324158977,-3.0890095919788516,-3.0419240010986313
12.932097304001218,router,ba:bd:de:13:68:55,-84,100.16465591699938,64,1.047321828615024,11.456075625294506,0,0,6,16,5,15,4,14,4,15,4,14,4,11,3,10,3,11,4,12,5,11,5,9,4,9,4,8,4,7,5,7,6,7,6,7,4,6,4,6,3,6,3,6,3,6,4,6,4,6,4,6,6,7,0,0,0,0,0,0,0,0,0,0,0,0,0,0,0,0,0,0,0,0,0,0,5,5,4,7,4,9,5,8,6,8,6,9,5,9,4,10,5,11,5,10,5,11,6,12,7,12,7,12,7,12,7,13,7,15,6,15,5,15,5,15,5,15,5,16,6,17,6,18,5,17,5,17,0.0,17.08800749063506,15.811388300841896,14.560219778561036,15.524174696260024,14.560219778561036,11.704699910719626,10.44030650891055,11.40175425099138,12.649110640673518,12.083045973594572,10.295630140987,9.848857801796104,8.94427190999916,8.06225774829855,8.602325267042627,9.219544457292887,9.219544457292887,7.211102550927978,7.211102550927978,6.708203932499369,6.708203932499369,6.708203932499369,7.211102550927978,7.211102550927978,7.211102550927978,9.219544457292887,0.0,0.0,0.0,0.0,0.0,0.0,0.0,0.0,0.0,0.0,0.0,7.0710678118654755,8.06225774829855,9.848857801796104,9.433981132056603,10.0,10.816653826391969,10.295630140987,10.770329614269007,12.083045973594572,11.180339887498949,12.083045973594572,13.416407864998739,13.892443989449804,13.892443989449804,13.892443989449804,14.7648230602334,16.55294535724685,16.15549442140351,15.811388300841896,15.811388300841896,15.811388300841896,16.76305461424021,18.027756377319946,18.973665961010276,17.72004514666935,17.72004514666935,0.0,1.2120256565243244,1.2490457723982544,1.2924966677897853,1.3101939350475555,1.2924966677897853,1.2220253232109897,1.2793395323170296,1.3045442776439713,1.2490457723982544,1.1441688336680205,1.0636978224025597,1.1525719972156676,1.1071487177940904,1.0516502125483738,0.9505468408120752,0.8621700546672264,0.8621700546672264,0.982793723247329,0.982793723247329,1.1071487177940904,1.1071487177940904,1.1071487177940904,0.982793723247329,0.982793723247329,0.982793723247329,0.8621700546672264,0.0,0.0,0.0,0.0,0.0,0.0,0.0,0.0,0.0,0.0,0.0,0.7853981633974483,1.0516502125483738,1.1525719972156676,1.0121970114513341,0.9272952180016122,0.982793723247329,1.0636978224025597,1.1902899496825317,1.1441688336680205,1.1071487177940904,1.1441688336680205,1.1071487177940904,1.042721878368537,1.042721878368537,1.042721878368537,1.0768549578753155,1.1341691669813554,1.1902899496825317,1.2490457723982544,1.2490457723982544,1.2490457723982544,1.2679114584199251,1.2315037123408519,1.2490457723982544,1.2847448850775784,1.2847448850775784
13.06526206000126,router,ba:bd:de:13:68:55,-85,100.16465591699938,64,1.0479226337750236,11.617687066129648,0,0,15,6,15,6,14,6,13,6,12,5,12,3,12,3,12,2,12,2,11,2,9,2,8,1,8,1,8,0,8,-1,8,-1,8,0,7,0,7,-1,7,0,6,0,6,0,6,0,6,1,7,1,7,1,0,0,0,0,0,0,0,0,0,0,0,0,0,0,0,0,0,0,0,0,0,0,7,2,7,2,8,3,8,2,8,2,9,2,9,3,8,3,9,3,10,3,10,2,9,3,10,4,11,4,13,4,13,4,13,4,13,5,13,6,14,6,15,5,16,4,16,5,16,6,16,7,16,8,0.0,16.15549442140351,16.15549442140351,15.231546211727817,14.317821063276353,13.0,12.36931687685298,12.36931687685298,12.165525060596439,12.165525060596439,11.180339887498949,9.219544457292887,8.06225774829855,8.06225774829855,8.0,8.06225774829855,8.06225774829855,8.0,7.0,7.0710678118654755,7.0,6.0,6.0,6.0,6.082762530298219,7.0710678118654755,7.0710678118654755,0.0,0.0,0.0,0.0,0.0,0.0,0.0,0.0,0.0,0.0,0.0,7.280109889280518,7.280109889280518,8.54400374531753,8.246211251235321,8.246211251235321,9.219544457292887,9.486832980505138,8.54400374531753,9.486832980505138,10.44030650891055,10.198039027185569,9.486832980505138,10.770329614269007,11.704699910719626,13.601470508735444,13.601470508735444,13.601470508735444,13.92838827718412,14.317821063276353,15.231546211727817,15.811388300841896,16.492422502470642,16.76305461424021,17.08800749063506,17.46424919657298,17.88854381999832,0.0,0.3805063771123649,0.3805063771123649,0.40489178628508343,0.43240777557053783,0.3947911196997615,0.24497866312686414,0.24497866312686414,0.16514867741462683,0.16514867741462683,0.17985349979247828,0.21866894587394195,0.12435499454676144,0.12435499454676144,0.0,-0.12435499454676144,-0.12435499454676144,0.0,0.0,-0.14189705460416394,0.0,0.0,0.0,0.0,0.16514867741462683,0.14189705460416394,0.14189705460416394,0.0,0.0,0.0,0.0,0.0,0.0,0.0,0.0,0.0,0.0,0.0,0.27829965900511133,0.27829965900511133,0.35877067027057225,0.24497866312686414,0.24497866312686414,0.21866894587394195,0.3217505543966422,0.35877067027057225,0.3217505543966422,0.2914567944778671,0.19739555984988075,0.3217505543966422,0.3805063771123649,0.348771003583907,0.2984989315861793,0.2984989315861793,0.2984989315861793,0.3671738338182192,0.43240777557053783,0.40489178628508343,0.3217505543966422,0.24497866312686414,0.3028848683749714,0.35877067027057225,0.4124104415973873,0.4636476090008061
13.17219050499989,router,ba:bd:de:13:68:55,-84,100.16465591699938,64,1.0464527764733271,11.758431908750719,0,0,-1,18,-2,18,-3,17,-3,15,-2,14,-1,14,-1,13,0,11,-1,10,-1,9,0,8,-1,9,-1,9,0,8,0,8,1,8,2,8,3,8,3,8,3,7,3,6,4,6,3,6,2,6,2,7,1,10,0,0,0,0,0,0,0,0,0,0,0,0,0,0,0,0,0,0,0,0,0,0,-1,8,-1,10,-1,11,-1,9,-2,10,-2,12,-3,11,-3,11,-2,12,-1,12,-2,11,-3,10,-2,11,-1,14,-1,16,-1,16,-2,15,-2,15,-2,15,-3,16,-5,18,-4,19,-3,20,-2,19,-3,18,-3,18,0.0,18.027756377319946,18.110770276274835,17.26267650163207,15.297058540778355,14.142135623730951,14.035668847618199,13.038404810405298,11.0,10.04987562112089,9.055385138137417,8.0,9.055385138137417,9.055385138137417,8.0,8.0,8.06225774829855,8.246211251235321,8.54400374531753,8.54400374531753,7.615773105863909,6.708203932499369,7.211102550927978,6.708203932499369,6.324555320336759,7.280109889280518,10.04987562112089,0.0,0.0,0.0,0.0,0.0,0.0,0.0,0.0,0.0,0.0,0.0,8.06225774829855,10.04987562112089,11.045361017187261,9.055385138137417,10.198039027185569,12.165525060596439,11.40175425099138,11.40175425099138,12.165525060596439,12.041594578792296,11.180339887498949,10.44030650891055,11.180339887498949,14.035668847618199,16.0312195418814,16.0312195418814,15.132745950421556,15.132745950421556,15.132745950421556,16.278820596099706,18.681541692269406,19.4164878389476,20.223748416156685,19.1049731745428,18.24828759089466,18.24828759089466,0.0,1.6262948320406134,1.6814535479687922,1.7454685258031364,1.7681918866447774,1.7126933813990606,1.642103791580187,1.6475682180646747,1.5707963267948966,1.6704649792860586,1.6814535479687922,1.5707963267948966,1.6814535479687922,1.6814535479687922,1.5707963267948966,1.5707963267948966,1.446441332248135,1.3258176636680326,1.2120256565243244,1.2120256565243244,1.1659045405098132,1.1071487177940904,0.982793723247329,1.1071487177940904,1.2490457723982544,1.2924966677897853,1.4711276743037347,0.0,0.0,0.0,0.0,0.0,0.0,0.0,0.0,0.0,0.0,0.0,1.695151321341658,1.6704649792860586,1.6614562139956417,1.6814535479687922,1.7681918866447774,1.7359450042095235,1.837048375945822,1.837048375945822,1.7359450042095235,1.6539375586833378,1.750649826587375,1.8622531212727638,1.750649826587375,1.642103791580187,1.633215136790854,1.633215136790854,1.7033478590915707,1.7033478590915707,1.7033478590915707,1.7561442767905915,1.8417431771333173,1.7782925532300993,1.719686274404394,1.6756732655251305,1.7359450042095235,1.7359450042095235
13.273352427000646,router,ba:bd:de:13:68:55,-83,100.16465591699938,64,1.043081842975909,11.884196586024455,0,0,3,-21,4,-19,4,-18,3,-17,3,-16,2,-16,2,-15,1,-13,0,-13,0,-13,0,-12,-1,-12,-2,-11,-1,-11,-1,-10,-2,-10,-2,-10,-2,-10,-2,-10,-2,-9,-2,-9,-3,-9,-3,-9,-3,-8,-1,-8,0,-8,0,0,0,0,0,0,0,0,0,0,0,0,0,0,0,0,0,0,0,0,0,0,-1,-10,0,-9,0,-9,-1,-10,0,-10,0,-11,0,-12,1,-12,2,-13,3,-14,1,-15,1,-15,2,-15,2,-15,3,-15,3,-15,2,-15,2,-17,2,-18,2,-19,3,-19,3,-18,4,-19,4,-19,3,-19,2,-20,0.0,21.213203435596427,19.4164878389476,18.439088914585774,17.26267650163207,16.278820596099706,16.1245154965971,15.132745950421556,13.038404810405298,13.0,13.0,12.0,12.041594578792296,11.180339887498949,11.045361017187261,10.04987562112089,10.198039027185569,10.198039027185569,10.198039027185569,10.198039027185569,9.219544457292887,9.219544457292887,9.486832980505138,9.486832980505138,8.54400374531753,8.06225774829855,8.0,0.0,0.0,0.0,0.0,0.0,0.0,0.0,0.0,0.0,0.0,0.0,10.04987562112089,9.0,9.0,10.04987562112089,10.0,11.0,12.0,12.041594578792296,13.152946437965905,14.317821063276353,15.033296378372908,15.033296378372908,15.132745950421556,15.132745950421556,15.297058540778355,15.297058540778355,15.132745950421556,17.11724276862369,18.110770276274835,19.1049731745428,19.235384061671343,18.24828759089466,19.4164878389476,19.4164878389476,19.235384061671343,20.09975124224178,0.0,-1.4288992721907328,-1.3633001003596938,-1.3521273809209546,-1.396124127786657,-1.3854483767992019,-1.446441332248135,-1.4382447944982226,-1.4940244355251187,-1.5707963267948966,-1.5707963267948966,-1.5707963267948966,-1.6539375586833378,-1.750649826587375,-1.6614562139956417,-1.6704649792860586,-1.7681918866447774,-1.7681918866447774,-1.7681918866447774,-1.7681918866447774,-1.7894652726688385,-1.7894652726688385,-1.892546881191539,-1.892546881191539,-1.9295669970654687,-1.695151321341658,-1.5707963267948966,0.0,0.0,0.0,0.0,0.0,0.0,0.0,0.0,0.0,0.0,0.0,-1.6704649792860586,-1.5707963267948966,-1.5707963267948966,-1.6704649792860586,-1.5707963267948966,-1.5707963267948966,-1.5707963267948966,-1.4876550949064553,-1.4181469983996315,-1.35970299357215,-1.5042281630190728,-1.5042281630190728,-1.4382447944982226,-1.4382447944982226,-1.373400766945016,-1.373400766945016,-1.4382447944982226,-1.4536875822280324,-1.460139105621001,-1.4659193880646628,-1.4141944498128813,-1.4056476493802699,-1.3633001003596938,-1.3633001003596938,-1.4141944498128813,-1.4711276743037347
13.39322398800141,router,ba:bd:de:13:68:55,-84,100.16465591699938,64,1.039654133897986,11.997600623606777,0,0,11,14,11,14,11,13,11,12,10,11,9,11,9,10,7,9,7,8,7,7,7,6,6,6,7,5,8,5,7,5,6,6,6,6,6,5,5,3,6,4,7,5,7,5,5,5,4,4,6,3,6,2,0,0,0,0,0,0,0,0,0,0,0,0,0,0,0,0,0,0,0,0,0,0,7,3,8,4,8,4,8,4,9,4,10,4,10,4,10,5,11,6,11,6,10,6,10,7,10,7,11,8,12,9,12,9,13,10,14,10,14,10,15,11,15,11,14,11,12,11,12,11,14,12,15,13,0.0,17.804493814764857,17.804493814764857,17.029386365926403,16.278820596099706,14.866068747318506,14.212670403551895,13.45362404707371,11.40175425099138,10.63014581273465,9.899494936611665,9.219544457292887,8.48528137423857,8.602325267042627,9.433981132056603,8.602325267042627,8.48528137423857,8.48528137423857,7.810249675906654,5.830951894845301,7.211102550927978,8.602325267042627,8.602325267042627,7.0710678118654755,5.656854249492381,6.708203932499369,6.324555320336759,0.0,0.0,0.0,0.0,0.0,0.0,0.0,0.0,0.0,0.0,0.0,7.615773105863909,8.94427190999916,8.94427190999916,8.94427190999916,9.848857801796104,10.770329614269007,10.770329614269007,11.180339887498949,12.529964086141668,12.529964086141668,11.661903789690601,12.206555615733702,12.206555615733702,13.601470508735444,15.0,15.0,16.401219466856727,17.204650534085253,17.204650534085253,18.601075237738275,18.601075237738275,17.804493814764857,16.278820596099706,16.278820596099706,18.439088914585774,19.849433241279208,0.0,0.9048270894157867,0.9048270894157867,0.8685393952858895,0.8288490587889792,0.8329812666744317,0.8850668158886104,0.83798122500839,0.9097531579442097,0.8519663271732721,0.7853981633974483,0.7086262721276703,0.7853981633974483,0.6202494859828215,0.5585993153435624,0.6202494859828215,0.7853981633974483,0.7853981633974483,0.6947382761967031,0.5404195002705842,0.5880026035475675,0.6202494859828215,0.6202494859828215,0.7853981633974483,0.7853981633974483,0.4636476090008061,0.3217505543966422,0.0,0.0,0.0,0.0,0.0,0.0,0.0,0.0,0.0,0.0,0.0,0.40489178628508343,0.4636476090008061,0.4636476090008061,0.4636476090008061,0.4182243295792291,0.3805063771123649,0.3805063771123649,0.4636476090008061,0.4993467216801301,0.4993467216801301,0.5404195002705842,0.6107259643892086,0.6107259643892086,0.628796286415433,0.6435011087932844,0.6435011087932844,0.6556956262415362,0.6202494859828215,0.6202494859828215,0.6327488350021832,0.6327488350021832,0.6659692373791098,0.7419472680059175,0.7419472680059175,0.7086262721276703,0.714090698612158
13.506367875997967,router,ba:bd:de:13:68:55,-84,100.16465591699938,64,1.0357638227218153,12.099390430625368,0,0,-19,1,-17,1,-14,3,-14,2,-14,2,-14,2,-13,3,-12,3,-10,2,-10,1,-10,2,-9,2,-8,3,-7,3,-7,3,-8,4,-8,4,-6,3,-6,3,-7,4,-7,4,-6,3,-6,2,-6,3,-6,3,-4,5,0,0,0,0,0,0,0,0,0,0,0,0,0,0,0,0,0,0,0,0,0,0,-9,4,-8,3,-8,3,-8,2,-8,1,-9,1,-10,1,-10,1,-11,1,-12,0,-14,-1,-14,-1,-13,-1,-14,0,-14,1,-13,1,-15,1,-16,0,-16,0,-15,1,-15,2,-15,2,-16,3,-17,4,-18,2,-18,0,0.0,19.026297590440446,17.029386365926403,14.317821063276353,14.142135623730951,14.142135623730951,14.142135623730951,13.341664064126334,12.36931687685298,10.198039027185569,10.04987562112089,10.198039027185569,9.219544457292887,8.54400374531753,7.615773105863909,7.615773105863909,8.94427190999916,8.94427190999916,6.708203932499369,6.708203932499369,8.06225774829855,8.06225774829855,6.708203932499369,6.324555320336759,6.708203932499369,6.708203932499369,6.4031242374328485,0.0,0.0,0.0,0.0,0.0,0.0,0.0,0.0,0.0,0.0,0.0,9.848857801796104,8.54400374531753,8.54400374531753,8.246211251235321,8.06225774829855,9.055385138137417,10.04987562112089,10.04987562112089,11.045361017187261,12.0,14.035668847618199,14.035668847618199,13.038404810405298,14.0,14.035668847618199,13.038404810405298,15.033296378372908,16.0,16.0,15.033296378372908,15.132745950421556,15.132745950421556,16.278820596099706,17.46424919657298,18.110770276274835,18.0,0.0,3.0890095919788516,3.0828368308740703,2.930499320367047,2.999695598985629,2.999695598985629,2.999695598985629,2.9147938055359073,2.896613990462929,2.9441970937399127,3.0419240010986313,2.9441970937399127,2.922923707715851,2.782821983319221,2.7367008673047097,2.7367008673047097,2.677945044588987,2.677945044588987,2.677945044588987,2.677945044588987,2.62244653934327,2.62244653934327,2.677945044588987,2.819842099193151,2.677945044588987,2.677945044588987,2.2455372690184494,0.0,0.0,0.0,0.0,0.0,0.0,0.0,0.0,0.0,0.0,0.0,2.723368324010564,2.782821983319221,2.782821983319221,2.896613990462929,3.017237659043032,3.0309354324158977,3.0419240010986313,3.0419240010986313,3.050932766389048,3.141592653589793,-3.070285188804503,-3.070285188804503,-3.064820762320015,3.141592653589793,3.070285188804503,3.064820762320015,3.0750244898139694,3.141592653589793,3.141592653589793,3.0750244898139694,3.0090411212931194,3.0090411212931194,2.9562447035940984,2.9105019863938963,3.0309354324158977,3.141592653589793
13.61322852000012,router,ba:bd:de:13:68:55,-83,100.16465591699938,64,1.033322093793912,12.189310948110192,0,0,-15,-10,-16,-10,-16,-9,-15,-8,-13,-8,-13,-7,-13,-7,-12,-6,-13,-5,-13,-4,-12,-4,-9,-3,-9,-3,-11,-3,-11,-3,-10,-3,-9,-2,-9,-2,-9,-1,-8,-1,-9,-1,-9,-1,-8,-2,-7,-2,-7,-1,-9,0,0,0,0,0,0,0,0,0,0,0,0,0,0,0,0,0,0,0,0,0,0,0,-9,-1,-9,-3,-9,-3,-10,-3,-10,-4,-11,-5,-12,-6,-11,-6,-12,-7,-13,-7,-14,-6,-14,-6,-13,-6,-13,-6,-14,-6,-15,-7,-15,-7,-14,-7,-16,-8,-17,-9,-16,-9,-16,-9,-16,-10,-16,-11,-16,-10,-15,-10,0.0,18.027756377319946,18.867962264113206,18.35755975068582,17.0,15.264337522473747,14.7648230602334,14.7648230602334,13.416407864998739,13.92838827718412,13.601470508735444,12.649110640673518,9.486832980505138,9.486832980505138,11.40175425099138,11.40175425099138,10.44030650891055,9.219544457292887,9.219544457292887,9.055385138137417,8.06225774829855,9.055385138137417,9.055385138137417,8.246211251235321,7.280109889280518,7.0710678118654755,9.0,0.0,0.0,0.0,0.0,0.0,0.0,0.0,0.0,0.0,0.0,0.0,9.055385138137417,9.486832980505138,9.486832980505138,10.44030650891055,10.770329614269007,12.083045973594572,13.416407864998739,12.529964086141668,13.892443989449804,14.7648230602334,15.231546211727817,15.231546211727817,14.317821063276353,14.317821063276353,15.231546211727817,16.55294535724685,16.55294535724685,15.652475842498529,17.88854381999832,19.235384061671343,18.35755975068582,18.35755975068582,18.867962264113206,19.4164878389476,18.867962264113206,18.027756377319946,0.0,-2.5535900500422257,-2.5829933382462307,-2.6292031932790554,-2.651635327336065,-2.5899376710612465,-2.647651284670212,-2.647651284670212,-2.677945044588987,-2.774418819771574,-2.843093722003614,-2.819842099193151,-2.819842099193151,-2.819842099193151,-2.875340604438868,-2.875340604438868,-2.8501358591119264,-2.922923707715851,-2.922923707715851,-3.0309354324158977,-3.017237659043032,-3.0309354324158977,-3.0309354324158977,-2.896613990462929,-2.8632929945846817,-2.999695598985629,3.141592653589793,0.0,0.0,0.0,0.0,0.0,0.0,0.0,0.0,0.0,0.0,0.0,-3.0309354324158977,-2.819842099193151,-2.819842099193151,-2.8501358591119264,-2.761086276477428,-2.714965160462917,-2.677945044588987,-2.642245931909663,-2.6135182051634334,-2.647651284670212,-2.7367008673047097,-2.7367008673047097,-2.7091848780192556,-2.7091848780192556,-2.7367008673047097,-2.704965493776252,-2.704965493776252,-2.677945044588987,-2.677945044588987,-2.654693421778524,-2.6292031932790554,-2.6292031932790554,-2.5829933382462307,-2.539305307454829,-2.5829933382462307,-2.5535900500422257
13.713491745998908,router,ba:bd:de:13:68:55,-83,97.94592053123169,64,1.0315559849504772,12.300246475212846,0,0,-6,12,-8,13,-10,13,-10,11,-8,11,-7,11,-7,11,-6,10,-4,10,-4,11,-4,10,-3,9,-2,8,-1,7,-2,8,-2,8,-1,8,-1,8,-3,8,-2,8,-2,8,-2,7,-3,7,-2,6,-1,6,-1,7,0,0,0,0,0,0,0,0,0,0,0,0,0,0,0,0,0,0,0,0,0,0,-4,7,-3,7,-3,7,-3,7,-3,8,-4,8,-4,9,-4,9,-6,8,-6,10,-4,11,-5,10,-8,10,-8,11,-7,12,-7,12,-8,12,-10,13,-10,14,-9,14,-8,12,-9,12,-9,14,-10,15,-12,15,-12,15,0.0,13.416407864998739,15.264337522473747,16.401219466856727,14.866068747318506,13.601470508735444,13.038404810405298,13.038404810405298,11.661903789690601,10.770329614269007,11.704699910719626,10.770329614269007,9.486832980505138,8.246211251235321,7.0710678118654755,8.246211251235321,8.246211251235321,8.06225774829855,8.06225774829855,8.54400374531753,8.246211251235321,8.246211251235321,7.280109889280518,7.615773105863909,6.324555320336759,6.082762530298219,7.0710678118654755,0.0,0.0,0.0,0.0,0.0,0.0,0.0,0.0,0.0,0.0,0.0,8.06225774829855,7.615773105863909,7.615773105863909,7.615773105863909,8.54400374531753,8.94427190999916,9.848857801796104,9.848857801796104,10.0,11.661903789690601,11.704699910719626,11.180339887498949,12.806248474865697,13.601470508735444,13.892443989449804,13.892443989449804,14.422205101855956,16.401219466856727,17.204650534085253,16.64331697709324,14.422205101855956,15.0,16.64331697709324,18.027756377319946,19.209372712298546,19.209372712298546,0.0,2.0344439357957027,2.1224513093234436,2.2264919530364327,2.3086113869153615,2.1995926132103296,2.137525544318403,2.137525544318403,2.1112158270654806,1.9513027039072615,1.9195673303788037,1.9513027039072615,1.892546881191539,1.8157749899217608,1.7126933813990606,1.8157749899217608,1.8157749899217608,1.695151321341658,1.695151321341658,1.9295669970654687,1.8157749899217608,1.8157749899217608,1.849095985800008,1.97568811307998,1.892546881191539,1.7359450042095235,1.7126933813990606,0.0,0.0,0.0,0.0,0.0,0.0,0.0,0.0,0.0,0.0,0.0,2.0899424410414196,1.97568811307998,1.97568811307998,1.97568811307998,1.9295669970654687,2.0344439357957027,1.9890206563741257,1.9890206563741257,2.214297435588181,2.1112158270654806,1.9195673303788037,2.0344439357957027,2.2455372690184494,2.1995926132103296,2.0988707752212563,2.0988707752212563,2.158798930342464,2.2264919530364327,2.191045812777718,2.1421338066285234,2.158798930342464,2.214297435588181,2.1421338066285234,2.158798930342464,2.2455372690184494,2.2455372690184494
13.814483797999856,router,ba:bd:de:13:68:55,-84,97.94592053123169,64,1.0295883597686788,12.377683326824616,0,0,12,-16,12,-15,10,-14,8,-14,7,-14,6,-14,7,-12,7,-11,6,-10,5,-11,4,-12,3,-12,2,-11,2,-10,2,-10,2,-11,1,-11,0,-10,0,-9,1,-9,1,-8,0,-8,0,-8,0,-9,0,-8,2,-8,0,0,0,0,0,0,0,0,0,0,0,0,0,0,0,0,0,0,0,0,0,0,4,-6,6,-7,5,-9,5,-9,6,-8,7,-6,6,-7,8,-9,9,-9,8,-8,8,-9,7,-13,9,-15,10,-13,10,-11,10,-11,10,-12,11,-12,11,-13,10,-14,9,-16,9,-17,11,-17,12,-14,10,-12,10,-13,0.0,20.0,19.209372712298546,17.204650534085253,16.1245154965971,15.652475842498529,15.231546211727817,13.892443989449804,13.038404810405298,11.661903789690601,12.083045973594572,12.649110640673518,12.36931687685298,11.180339887498949,10.198039027185569,10.198039027185569,11.180339887498949,11.045361017187261,10.0,9.0,9.055385138137417,8.06225774829855,8.0,8.0,9.0,8.0,8.246211251235321,0.0,0.0,0.0,0.0,0.0,0.0,0.0,0.0,0.0,0.0,0.0,7.211102550927978,9.219544457292887,10.295630140987,10.295630140987,10.0,9.219544457292887,9.219544457292887,12.041594578792296,12.727922061357855,11.313708498984761,12.041594578792296,14.7648230602334,17.4928556845359,16.401219466856727,14.866068747318506,14.866068747318506,15.620499351813308,16.278820596099706,17.029386365926403,17.204650534085253,18.35755975068582,19.235384061671343,20.248456731316587,18.439088914585774,15.620499351813308,16.401219466856727,0.0,-0.9272952180016122,-0.8960553845713439,-0.9505468408120752,-1.0516502125483738,-1.1071487177940904,-1.1659045405098132,-1.042721878368537,-1.0040671092713902,-1.0303768265243125,-1.1441688336680205,-1.2490457723982544,-1.3258176636680326,-1.3909428270024184,-1.373400766945016,-1.373400766945016,-1.3909428270024184,-1.4801364395941514,-1.5707963267948966,-1.5707963267948966,-1.460139105621001,-1.446441332248135,-1.5707963267948966,-1.5707963267948966,-1.5707963267948966,-1.5707963267948966,-1.3258176636680326,0.0,0.0,0.0,0.0,0.0,0.0,0.0,0.0,0.0,0.0,0.0,-0.982793723247329,-0.8621700546672264,-1.0636978224025597,-1.0636978224025597,-0.9272952180016122,-0.7086262721276703,-0.8621700546672264,-0.844153986113171,-0.7853981633974483,-0.7853981633974483,-0.844153986113171,-1.0768549578753155,-1.0303768265243125,-0.9151007005533605,-0.8329812666744317,-0.8329812666744317,-0.8760580505981934,-0.8288490587889792,-0.8685393952858895,-0.9505468408120752,-1.0584068664841588,-1.0838970949836275,-0.9964914966201949,-0.8621700546672264,-0.8760580505981934,-0.9151007005533605
13.922116241003096,router,ba:bd:de:13:68:55,-83,97.94592053123169,64,1.0279151923684706,12.43007193144646,0,0,10,13,10,12,10,12,10,12,8,10,8,9,7,8,7,8,7,8,8,7,8,6,8,6,7,7,6,7,6,6,6,4,6,4,6,4,7,4,7,4,6,4,4,5,3,5,3,5,4,5,6,3,0,0,0,0,0,0,0,0,0,0,0,0,0,0,0,0,0,0,0,0,0,0,7,1,7,2,7,1,8,1,8,3,9,4,9,4,9,5,10,6,10,6,10,6,10,7,11,7,11,8,12,9,12,9,12,9,12,9,12,10,12,10,13,10,13,11,13,11,12,11,13,12,13,12,0.0,16.401219466856727,15.620499351813308,15.620499351813308,15.620499351813308,12.806248474865697,12.041594578792296,10.63014581273465,10.63014581273465,10.63014581273465,10.63014581273465,10.0,10.0,9.899494936611665,9.219544457292887,8.48528137423857,7.211102550927978,7.211102550927978,7.211102550927978,8.06225774829855,8.06225774829855,7.211102550927978,6.4031242374328485,5.830951894845301,5.830951894845301,6.4031242374328485,6.708203932499369,0.0,0.0,0.0,0.0,0.0,0.0,0.0,0.0,0.0,0.0,0.0,7.0710678118654755,7.280109889280518,7.0710678118654755,8.06225774829855,8.54400374531753,9.848857801796104,9.848857801796104,10.295630140987,11.661903789690601,11.661903789690601,11.661903789690601,12.206555615733702,13.038404810405298,13.601470508735444,15.0,15.0,15.0,15.0,15.620499351813308,15.620499351813308,16.401219466856727,17.029386365926403,17.029386365926403,16.278820596099706,17.69180601295413,17.69180601295413,0.0,0.9151007005533605,0.8760580505981934,0.8760580505981934,0.8760580505981934,0.8960553845713439,0.844153986113171,0.8519663271732721,0.8519663271732721,0.8519663271732721,0.7188299996216245,0.6435011087932844,0.6435011087932844,0.7853981633974483,0.8621700546672264,0.7853981633974483,0.5880026035475675,0.5880026035475675,0.5880026035475675,0.5191461142465229,0.5191461142465229,0.5880026035475675,0.8960553845713439,1.0303768265243125,1.0303768265243125,0.8960553845713439,0.4636476090008061,0.0,0.0,0.0,0.0,0.0,0.0,0.0,0.0,0.0,0.0,0.0,0.14189705460416394,0.27829965900511133,0.14189705460416394,0.12435499454676144,0.35877067027057225,0.4182243295792291,0.4182243295792291,0.507098504392337,0.5404195002705842,0.5404195002705842,0.5404195002705842,0.6107259643892086,0.5667292175235064,0.628796286415433,0.6435011087932844,0.6435011087932844,0.6435011087932844,0.6435011087932844,0.6947382761967031,0.6947382761967031,0.6556956262415362,0.702256931509007,0.702256931509007,0.7419472680059175,0.7454194762741583,0.7454194762741583
14.033128109003883,router,ba:bd:de:13:68:55,-84,97.94592053123169,64,1.0267555980940561,12.462417452442374,0,0,15,10,15,10,14,9,13,8,12,8,11,7,11,6,11,5,10,4,9,3,8,3,8,4,9,3,9,3,8,1,8,0,8,1,8,1,8,1,8,0,9,-1,8,-1,7,0,7,1,6,2,4,2,0,0,0,0,0,0,0,0,0,0,0,0,0,0,0,0,0,0,0,0,0,0,5,3,6,3,7,2,8,3,9,5,9,6,8,5,8,5,8,6,10,6,11,6,12,7,12,8,12,8,12,8,11,8,12,8,13,8,14,9,13,10,14,10,16,11,16,11,15,9,14,9,14,11,0.0,18.027756377319946,18.027756377319946,16.64331697709324,15.264337522473747,14.422205101855956,13.038404810405298,12.529964086141668,12.083045973594572,10.770329614269007,9.486832980505138,8.54400374531753,8.94427190999916,9.486832980505138,9.486832980505138,8.06225774829855,8.0,8.06225774829855,8.06225774829855,8.06225774829855,8.0,9.055385138137417,8.06225774829855,7.0,7.0710678118654755,6.324555320336759,4.47213595499958,0.0,0.0,0.0,0.0,0.0,0.0,0.0,0.0,0.0,0.0,0.0,5.830951894845301,6.708203932499369,7.280109889280518,8.54400374531753,10.295630140987,10.816653826391969,9.433981132056603,9.433981132056603,10.0,11.661903789690601,12.529964086141668,13.892443989449804,14.422205101855956,14.422205101855956,14.422205101855956,13.601470508735444,14.422205101855956,15.264337522473747,16.64331697709324,16.401219466856727,17.204650534085253,19.4164878389476,19.4164878389476,17.4928556845359,16.64331697709324,17.804493814764857,0.0,0.5880026035475675,0.5880026035475675,0.5713374798336268,0.5516549825285468,0.5880026035475675,0.5667292175235064,0.4993467216801301,0.4266274931268761,0.3805063771123649,0.3217505543966422,0.35877067027057225,0.4636476090008061,0.3217505543966422,0.3217505543966422,0.12435499454676144,0.0,0.12435499454676144,0.12435499454676144,0.12435499454676144,0.0,-0.11065722117389565,-0.12435499454676144,0.0,0.14189705460416394,0.3217505543966422,0.4636476090008061,0.0,0.0,0.0,0.0,0.0,0.0,0.0,0.0,0.0,0.0,0.0,0.5404195002705842,0.4636476090008061,0.27829965900511133,0.35877067027057225,0.507098504392337,0.5880026035475675,0.5585993153435624,0.5585993153435624,0.6435011087932844,0.5404195002705842,0.4993467216801301,0.5280744484263596,0.5880026035475675,0.5880026035475675,0.5880026035475675,0.628796286415433,0.5880026035475675,0.5516549825285468,0.5713374798336268,0.6556956262415362,0.6202494859828215,0.6022873461349642,0.6022873461349642,0.5404195002705842,0.5713374798336268,0.6659692373791098
14.134030366003572,router,ba:bd:de:13:68:55,-84,97.94592053123169,64,1.025054640406562,12.477627317854528,0,0,-2,-19,-1,-18,-1,-17,-1,-16,-1,-15,-1,-13,-1,-12,0,-12,-1,-11,-3,-10,-4,-10,-4,-9,-4,-9,-5,-9,-5,-8,-4,-7,-4,-9,-4,-9,-4,-8,-4,-8,-4,-8,-3,-6,-3,-7,-3,-8,-3,-8,-3,-8,0,0,0,0,0,0,0,0,0,0,0,0,0,0,0,0,0,0,0,0,0,0,-2,-6,-1,-8,0,-9,0,-10,-1,-11,0,-12,2,-11,2,-11,1,-12,1,-12,0,-12,0,-13,1,-13,1,-13,2,-15,1,-15,1,-15,1,-16,1,-16,0,-16,0,-17,0,-17,0,-18,-1,-18,-1,-18,-1,-19,0.0,19.1049731745428,18.027756377319946,17.029386365926403,16.0312195418814,15.033296378372908,13.038404810405298,12.041594578792296,12.0,11.045361017187261,10.44030650891055,10.770329614269007,9.848857801796104,9.848857801796104,10.295630140987,9.433981132056603,8.06225774829855,9.848857801796104,9.848857801796104,8.94427190999916,8.94427190999916,8.94427190999916,6.708203932499369,7.615773105863909,8.54400374531753,8.54400374531753,8.54400374531753,0.0,0.0,0.0,0.0,0.0,0.0,0.0,0.0,0.0,0.0,0.0,6.324555320336759,8.06225774829855,9.0,10.0,11.045361017187261,12.0,11.180339887498949,11.180339887498949,12.041594578792296,12.041594578792296,12.0,13.0,13.038404810405298,13.038404810405298,15.132745950421556,15.033296378372908,15.033296378372908,16.0312195418814,16.0312195418814,16.0,17.0,17.0,18.0,18.027756377319946,18.027756377319946,19.026297590440446,0.0,-1.6756732655251305,-1.6262948320406134,-1.6295521495106193,-1.633215136790854,-1.6373644905707205,-1.6475682180646747,-1.6539375586833378,-1.5707963267948966,-1.6614562139956417,-1.8622531212727638,-1.9513027039072615,-1.9890206563741257,-1.9890206563741257,-2.0778948311872334,-2.129395642138459,-2.0899424410414196,-1.9890206563741257,-1.9890206563741257,-2.0344439357957027,-2.0344439357957027,-2.0344439357957027,-2.0344439357957027,-1.97568811307998,-1.9295669970654687,-1.9295669970654687,-1.9295669970654687,0.0,0.0,0.0,0.0,0.0,0.0,0.0,0.0,0.0,0.0,0.0,-1.892546881191539,-1.695151321341658,-1.5707963267948966,-1.5707963267948966,-1.6614562139956417,-1.5707963267948966,-1.3909428270024184,-1.3909428270024184,-1.4876550949064553,-1.4876550949064553,-1.5707963267948966,-1.5707963267948966,-1.4940244355251187,-1.4940244355251187,-1.4382447944982226,-1.5042281630190728,-1.5042281630190728,-1.5083775167989393,-1.5083775167989393,-1.5707963267948966,-1.5707963267948966,-1.5707963267948966,-1.5707963267948966,-1.6262948320406134,-1.6262948320406134,-1.6233793884058383
14.23577392000152,router,ba:bd:de:13:68:55,-83,97.94592053123169,64,1.0217047560055406,12.477384864600406,0,0,18,-4,19,-4,17,-4,15,-2,16,-2,15,-3,13,-4,12,-3,11,-3,11,-3,10,-3,10,-3,10,-3,10,-4,9,-4,9,-5,9,-5,8,-4,8,-4,8,-4,9,-4,7,-4,6,-4,6,-4,7,-4,9,-4,0,0,0,0,0,0,0,0,0,0,0,0,0,0,0,0,0,0,0,0,0,0,8,-5,8,-6,8,-6,8,-5,10,-5,9,-6,9,-7,11,-6,13,-5,12,-5,12,-6,12,-5,12,-5,13,-5,14,-4,14,-5,15,-5,16,-4,17,-4,17,-4,17,-5,17,-5,18,-5,19,-4,19,-4,18,-5,0.0,18.439088914585774,19.4164878389476,17.46424919657298,15.132745950421556,16.1245154965971,15.297058540778355,13.601470508735444,12.36931687685298,11.40175425099138,11.40175425099138,10.44030650891055,10.44030650891055,10.44030650891055,10.770329614269007,9.848857801796104,10.295630140987,10.295630140987,8.94427190999916,8.94427190999916,8.94427190999916,9.848857801796104,8.06225774829855,7.211102550927978,7.211102550927978,8.06225774829855,9.848857801796104,0.0,0.0,0.0,0.0,0.0,0.0,0.0,0.0,0.0,0.0,0.0,9.433981132056603,10.0,10.0,9.433981132056603,11.180339887498949,10.816653826391969,11.40175425099138,12.529964086141668,13.92838827718412,13.0,13.416407864998739,13.0,13.0,13.92838827718412,14.560219778561036,14.866068747318506,15.811388300841896,16.492422502470642,17.46424919657298,17.46424919657298,17.72004514666935,17.72004514666935,18.681541692269406,19.4164878389476,19.4164878389476,18.681541692269406,0.0,-0.21866894587394195,-0.20749622643520266,-0.23109066719589708,-0.13255153229667402,-0.12435499454676144,-0.19739555984988075,-0.2984989315861793,-0.24497866312686414,-0.2662520491509254,-0.2662520491509254,-0.2914567944778671,-0.2914567944778671,-0.2914567944778671,-0.3805063771123649,-0.4182243295792291,-0.507098504392337,-0.507098504392337,-0.4636476090008061,-0.4636476090008061,-0.4636476090008061,-0.4182243295792291,-0.5191461142465229,-0.5880026035475675,-0.5880026035475675,-0.5191461142465229,-0.4182243295792291,0.0,0.0,0.0,0.0,0.0,0.0,0.0,0.0,0.0,0.0,0.0,-0.5585993153435624,-0.6435011087932844,-0.6435011087932844,-0.5585993153435624,-0.4636476090008061,-0.5880026035475675,-0.6610431688506869,-0.4993467216801301,-0.3671738338182192,-0.3947911196997615,-0.4636476090008061,-0.3947911196997615,-0.3947911196997615,-0.3671738338182192,-0.27829965900511133,-0.3430239404207034,-0.3217505543966422,-0.24497866312686414,-0.23109066719589708,-0.23109066719589708,-0.2860514417173182,-0.2860514417173182,-0.27094685033842053,-0.20749622643520266,-0.20749622643520266,-0.27094685033842053
14.34145930500381,router,ba:bd:de:13:68:55,-83,97.94592053123169,64,1.0178540805466518,12.462676782467852,0,0,14,-12,14,-11,13,-10,13,-9,12,-9,10,-8,10,-8,9,-8,9,-8,9,-7,9,-7,8,-7,7,-8,6,-9,6,-8,6,-7,6,-7,5,-7,5,-8,5,-8,6,-8,6,-7,4,-7,3,-6,2,-6,1,-4,0,0,0,0,0,0,0,0,0,0,0,0,0,0,0,0,0,0,0,0,0,0,7,-4,6,-5,6,-5,5,-4,6,-4,7,-6,8,-7,10,-6,10,-7,9,-9,9,-9,10,-9,10,-11,10,-11,12,-9,12,-9,13,-9,14,-10,14,-11,13,-11,13,-11,14,-11,15,-12,14,-12,14,-11,16,-9,0.0,18.439088914585774,17.804493814764857,16.401219466856727,15.811388300841896,15.0,12.806248474865697,12.806248474865697,12.041594578792296,12.041594578792296,11.40175425099138,11.40175425099138,10.63014581273465,10.63014581273465,10.816653826391969,10.0,9.219544457292887,9.219544457292887,8.602325267042627,9.433981132056603,9.433981132056603,10.0,9.219544457292887,8.06225774829855,6.708203932499369,6.324555320336759,4.123105625617661,0.0,0.0,0.0,0.0,0.0,0.0,0.0,0.0,0.0,0.0,0.0,8.06225774829855,7.810249675906654,7.810249675906654,6.4031242374328485,7.211102550927978,9.219544457292887,10.63014581273465,11.661903789690601,12.206555615733702,12.727922061357855,12.727922061357855,13.45362404707371,14.866068747318506,14.866068747318506,15.0,15.0,15.811388300841896,17.204650534085253,17.804493814764857,17.029386365926403,17.029386365926403,17.804493814764857,19.209372712298546,18.439088914585774,17.804493814764857,18.35755975068582,0.0,-0.7086262721276703,-0.6659692373791098,-0.6556956262415362,-0.6055446636049701,-0.6435011087932844,-0.6747409422235526,-0.6747409422235526,-0.7266423406817256,-0.7266423406817256,-0.6610431688506869,-0.6610431688506869,-0.7188299996216245,-0.8519663271732721,-0.982793723247329,-0.9272952180016122,-0.8621700546672264,-0.8621700546672264,-0.9505468408120752,-1.0121970114513341,-1.0121970114513341,-0.9272952180016122,-0.8621700546672264,-1.0516502125483738,-1.1071487177940904,-1.2490457723982544,-1.3258176636680326,0.0,0.0,0.0,0.0,0.0,0.0,0.0,0.0,0.0,0.0,0.0,-0.5191461142465229,-0.6947382761967031,-0.6947382761967031,-0.6747409422235526,-0.5880026035475675,-0.7086262721276703,-0.7188299996216245,-0.5404195002705842,-0.6107259643892086,-0.7853981633974483,-0.7853981633974483,-0.7328151017865066,-0.8329812666744317,-0.8329812666744317,-0.6435011087932844,-0.6435011087932844,-0.6055446636049701,-0.6202494859828215,-0.6659692373791098,-0.702256931509007,-0.702256931509007,-0.6659692373791098,-0.6747409422235526,-0.7086262721276703,-0.6659692373791098,-0.5123894603107377
14.442001675000938,router,ba:bd:de:13:68:55,-84,97.94592053123169,64,1.0149197838347437,12.43404775928015,0,0,13,11,12,11,11,12,11,10,11,9,11,8,10,7,9,6,8,5,8,4,9,3,8,4,8,4,9,3,9,2,9,3,8,3,9,2,8,2,7,1,6,0,7,0,8,1,8,2,7,1,7,0,0,0,0,0,0,0,0,0,0,0,0,0,0,0,0,0,0,0,0,0,0,0,7,4,7,5,7,5,8,5,8,5,9,5,8,6,8,8,9,8,9,8,10,7,11,7,10,8,11,8,11,8,12,9,12,9,12,10,12,10,13,10,13,10,12,10,12,10,13,11,14,13,13,13,0.0,17.029386365926403,16.278820596099706,16.278820596099706,14.866068747318506,14.212670403551895,13.601470508735444,12.206555615733702,10.816653826391969,9.433981132056603,8.94427190999916,9.486832980505138,8.94427190999916,8.94427190999916,9.486832980505138,9.219544457292887,9.486832980505138,8.54400374531753,9.219544457292887,8.246211251235321,7.0710678118654755,6.0,7.0,8.06225774829855,8.246211251235321,7.0710678118654755,7.0,0.0,0.0,0.0,0.0,0.0,0.0,0.0,0.0,0.0,0.0,0.0,8.06225774829855,8.602325267042627,8.602325267042627,9.433981132056603,9.433981132056603,10.295630140987,10.0,11.313708498984761,12.041594578792296,12.041594578792296,12.206555615733702,13.038404810405298,12.806248474865697,13.601470508735444,13.601470508735444,15.0,15.0,15.620499351813308,15.620499351813308,16.401219466856727,16.401219466856727,15.620499351813308,15.620499351813308,17.029386365926403,19.1049731745428,18.384776310850235,0.0,0.702256931509007,0.7419472680059175,0.8288490587889792,0.7378150601204649,0.6857295109062863,0.628796286415433,0.6107259643892086,0.5880026035475675,0.5585993153435624,0.4636476090008061,0.3217505543966422,0.4636476090008061,0.4636476090008061,0.3217505543966422,0.21866894587394195,0.3217505543966422,0.35877067027057225,0.21866894587394195,0.24497866312686414,0.14189705460416394,0.0,0.0,0.12435499454676144,0.24497866312686414,0.14189705460416394,0.0,0.0,0.0,0.0,0.0,0.0,0.0,0.0,0.0,0.0,0.0,0.0,0.5191461142465229,0.6202494859828215,0.6202494859828215,0.5585993153435624,0.5585993153435624,0.507098504392337,0.6435011087932844,0.7853981633974483,0.7266423406817256,0.7266423406817256,0.6107259643892086,0.5667292175235064,0.6747409422235526,0.628796286415433,0.628796286415433,0.6435011087932844,0.6435011087932844,0.6947382761967031,0.6947382761967031,0.6556956262415362,0.6556956262415362,0.6947382761967031,0.6947382761967031,0.702256931509007,0.7483780475235183,0.7853981633974483
14.543018340002163,router,ba:bd:de:13:68:55,-85,97.94592053123169,64,1.0119410219936467,12.391828907954386,0,0,-19,2,-18,2,-17,2,-16,2,-15,2,-14,1,-14,1,-13,1,-12,1,-12,1,-11,1,-10,1,-10,1,-10,1,-9,1,-9,1,-8,1,-8,1,-8,1,-8,0,-9,-1,-9,1,-10,1,-11,2,-11,4,-12,5,0,0,0,0,0,0,0,0,0,0,0,0,0,0,0,0,0,0,0,0,0,0,-4,7,-5,7,-5,7,-6,8,-7,8,-8,8,-8,8,-9,8,-9,9,-10,9,-11,9,-11,8,-12,8,-13,7,-13,7,-14,7,-14,7,-15,7,-15,7,-16,6,-17,6,-17,6,-17,6,-18,6,-18,6,-19,6,0.0,19.1049731745428,18.110770276274835,17.11724276862369,16.1245154965971,15.132745950421556,14.035668847618199,14.035668847618199,13.038404810405298,12.041594578792296,12.041594578792296,11.045361017187261,10.04987562112089,10.04987562112089,10.04987562112089,9.055385138137417,9.055385138137417,8.06225774829855,8.06225774829855,8.06225774829855,8.0,9.055385138137417,9.055385138137417,10.04987562112089,11.180339887498949,11.704699910719626,13.0,0.0,0.0,0.0,0.0,0.0,0.0,0.0,0.0,0.0,0.0,0.0,8.06225774829855,8.602325267042627,8.602325267042627,10.0,10.63014581273465,11.313708498984761,11.313708498984761,12.041594578792296,12.727922061357855,13.45362404707371,14.212670403551895,13.601470508735444,14.422205101855956,14.7648230602334,14.7648230602334,15.652475842498529,15.652475842498529,16.55294535724685,16.55294535724685,17.08800749063506,18.027756377319946,18.027756377319946,18.027756377319946,18.973665961010276,18.973665961010276,19.924858845171276,0.0,3.036715714859559,3.0309354324158977,3.024483909022929,3.017237659043032,3.0090411212931194,3.070285188804503,3.070285188804503,3.064820762320015,3.058451421701352,3.058451421701352,3.050932766389048,3.0419240010986313,3.0419240010986313,3.0419240010986313,3.0309354324158977,3.0309354324158977,3.017237659043032,3.017237659043032,3.017237659043032,3.141592653589793,-3.0309354324158977,3.0309354324158977,3.0419240010986313,2.961739153797315,2.7928216500058864,2.746801533890032,0.0,0.0,0.0,0.0,0.0,0.0,0.0,0.0,0.0,0.0,0.0,2.0899424410414196,2.191045812777718,2.191045812777718,2.214297435588181,2.289626326416521,2.356194490192345,2.356194490192345,2.4149503129080676,2.356194490192345,2.408777551803287,2.455863142683507,2.5127963671743605,2.5535900500422257,2.647651284670212,2.647651284670212,2.677945044588987,2.677945044588987,2.704965493776252,2.704965493776252,2.782821983319221,2.8023000391357487,2.8023000391357487,2.8023000391357487,2.819842099193151,2.819842099193151,2.835713782184941
14.645800227001018,router,ba:bd:de:13:68:55,-83,97.94592053123169,64,1.0091132744356222,12.336274556632272,0,0,-19,1,-18,1,-17,0,-16,1,-16,2,-16,2,-15,2,-14,2,-14,2,-13,1,-12,1,-11,2,-10,2,-10,2,-10,2,-10,2,-9,3,-8,3,-7,3,-7,1,-8,1,-8,2,-8,3,-7,2,-8,2,-9,3,0,0,0,0,0,0,0,0,0,0,0,0,0,0,0,0,0,0,0,0,0,0,-8,3,-8,3,-9,3,-10,4,-10,3,-11,2,-11,0,-12,1,-13,2,-13,2,-14,2,-14,1,-14,0,-14,0,-14,1,-15,2,-16,3,-17,3,-17,2,-18,3,-19,3,-19,2,-19,2,-19,1,-19,1,-18,1,0.0,19.026297590440446,18.027756377319946,17.0,16.0312195418814,16.1245154965971,16.1245154965971,15.132745950421556,14.142135623730951,14.142135623730951,13.038404810405298,12.041594578792296,11.180339887498949,10.198039027185569,10.198039027185569,10.198039027185569,10.198039027185569,9.486832980505138,8.54400374531753,7.615773105863909,7.0710678118654755,8.06225774829855,8.246211251235321,8.54400374531753,7.280109889280518,8.246211251235321,9.486832980505138,0.0,0.0,0.0,0.0,0.0,0.0,0.0,0.0,0.0,0.0,0.0,8.54400374531753,8.54400374531753,9.486832980505138,10.770329614269007,10.44030650891055,11.180339887498949,11.0,12.041594578792296,13.152946437965905,13.152946437965905,14.142135623730951,14.035668847618199,14.0,14.0,14.035668847618199,15.132745950421556,16.278820596099706,17.26267650163207,17.11724276862369,18.24828759089466,19.235384061671343,19.1049731745428,19.1049731745428,19.026297590440446,19.026297590440446,18.027756377319946,0.0,3.0890095919788516,3.0860941483440762,3.141592653589793,3.079173843593836,3.017237659043032,3.017237659043032,3.0090411212931194,2.999695598985629,2.999695598985629,3.064820762320015,3.058451421701352,2.961739153797315,2.9441970937399127,2.9441970937399127,2.9441970937399127,2.9441970937399127,2.819842099193151,2.782821983319221,2.7367008673047097,2.999695598985629,3.017237659043032,2.896613990462929,2.782821983319221,2.8632929945846817,2.896613990462929,2.819842099193151,0.0,0.0,0.0,0.0,0.0,0.0,0.0,0.0,0.0,0.0,0.0,2.782821983319221,2.782821983319221,2.819842099193151,2.761086276477428,2.8501358591119264,2.961739153797315,3.141592653589793,3.058451421701352,2.988943325194528,2.988943325194528,2.999695598985629,3.070285188804503,3.141592653589793,3.141592653589793,3.070285188804503,3.0090411212931194,2.9562447035940984,2.9669204545815537,3.024483909022929,2.976443976175166,2.984990776607778,3.036715714859559,3.036715714859559,3.0890095919788516,3.0890095919788516,3.0860941483440762
14.746010588998615,router,ba:bd:de:13:68:55,-84,99.99588067019656,64,1.0075818873388527,12.267601802947528,0,0,3,18,2,18,2,17,2,16,1,14,1,13,1,12,1,13,1,12,1,11,1,10,3,9,3,9,3,10,3,9,4,8,3,7,3,8,2,8,3,7,3,7,4,7,4,6,3,6,2,6,4,5,0,0,0,0,0,0,0,0,0,0,0,0,0,0,0,0,0,0,0,0,0,0,2,7,1,8,1,8,2,8,2,8,2,8,2,8,1,10,1,11,1,10,1,11,1,13,1,14,1,14,1,14,2,13,1,14,0,16,0,17,0,18,1,18,1,17,1,16,0,17,0,19,0,21,0.0,18.24828759089466,18.110770276274835,17.11724276862369,16.1245154965971,14.035668847618199,13.038404810405298,12.041594578792296,13.038404810405298,12.041594578792296,11.045361017187261,10.04987562112089,9.486832980505138,9.486832980505138,10.44030650891055,9.486832980505138,8.94427190999916,7.615773105863909,8.54400374531753,8.246211251235321,7.615773105863909,7.615773105863909,8.06225774829855,7.211102550927978,6.708203932499369,6.324555320336759,6.4031242374328485,0.0,0.0,0.0,0.0,0.0,0.0,0.0,0.0,0.0,0.0,0.0,7.280109889280518,8.06225774829855,8.06225774829855,8.246211251235321,8.246211251235321,8.246211251235321,8.246211251235321,10.04987562112089,11.045361017187261,10.04987562112089,11.045361017187261,13.038404810405298,14.035668847618199,14.035668847618199,14.035668847618199,13.152946437965905,14.035668847618199,16.0,17.0,18.0,18.027756377319946,17.029386365926403,16.0312195418814,17.0,19.0,21.0,0.0,1.4056476493802699,1.460139105621001,1.4536875822280324,1.446441332248135,1.4994888620096063,1.4940244355251187,1.4876550949064553,1.4940244355251187,1.4876550949064553,1.4801364395941514,1.4711276743037347,1.2490457723982544,1.2490457723982544,1.2793395323170296,1.2490457723982544,1.1071487177940904,1.1659045405098132,1.2120256565243244,1.3258176636680326,1.1659045405098132,1.1659045405098132,1.0516502125483738,0.982793723247329,1.1071487177940904,1.2490457723982544,0.8960553845713439,0.0,0.0,0.0,0.0,0.0,0.0,0.0,0.0,0.0,0.0,0.0,1.2924966677897853,1.446441332248135,1.446441332248135,1.3258176636680326,1.3258176636680326,1.3258176636680326,1.3258176636680326,1.4711276743037347,1.4801364395941514,1.4711276743037347,1.4801364395941514,1.4940244355251187,1.4994888620096063,1.4994888620096063,1.4994888620096063,1.4181469983996315,1.4994888620096063,1.5707963267948966,1.5707963267948966,1.5707963267948966,1.5152978215491797,1.512040504079174,1.5083775167989393,1.5707963267948966,1.5707963267948966,1.5707963267948966
14.852909385001112,router,ba:bd:de:13:68:55,-85,99.99588067019656,64,1.0061353727042746,12.186065547202675,0,0,-5,-17,-5,-17,-4,-16,-4,-15,-3,-14,-3,-13,-4,-13,-4,-12,-3,-11,-3,-9,-4,-9,-5,-10,-4,-9,-4,-7,-4,-8,-4,-8,-5,-7,-5,-7,-5,-9,-4,-8,-5,-7,-4,-7,-4,-6,-4,-6,-5,-6,-5,-6,0,0,0,0,0,0,0,0,0,0,0,0,0,0,0,0,0,0,0,0,0,0,-4,-10,-3,-10,-3,-9,-4,-9,-4,-9,-4,-9,-3,-9,-2,-9,-2,-9,-2,-11,-3,-12,-3,-12,-3,-13,-3,-14,-3,-14,-4,-14,-4,-14,-4,-15,-5,-16,-5,-16,-4,-16,-4,-17,-5,-17,-5,-17,-5,-17,-5,-18,0.0,17.72004514666935,17.72004514666935,16.492422502470642,15.524174696260024,14.317821063276353,13.341664064126334,13.601470508735444,12.649110640673518,11.40175425099138,9.486832980505138,9.848857801796104,11.180339887498949,9.848857801796104,8.06225774829855,8.94427190999916,8.94427190999916,8.602325267042627,8.602325267042627,10.295630140987,8.94427190999916,8.602325267042627,8.06225774829855,7.211102550927978,7.211102550927978,7.810249675906654,7.810249675906654,0.0,0.0,0.0,0.0,0.0,0.0,0.0,0.0,0.0,0.0,0.0,10.770329614269007,10.44030650891055,9.486832980505138,9.848857801796104,9.848857801796104,9.848857801796104,9.486832980505138,9.219544457292887,9.219544457292887,11.180339887498949,12.36931687685298,12.36931687685298,13.341664064126334,14.317821063276353,14.317821063276353,14.560219778561036,14.560219778561036,15.524174696260024,16.76305461424021,16.76305461424021,16.492422502470642,17.46424919657298,17.72004514666935,17.72004514666935,17.72004514666935,18.681541692269406,0.0,-1.856847768512215,-1.856847768512215,-1.8157749899217608,-1.8313987185422376,-1.7818896600176433,-1.7975951748487824,-1.8692952583810758,-1.892546881191539,-1.837048375945822,-1.892546881191539,-1.9890206563741257,-2.0344439357957027,-1.9890206563741257,-2.0899424410414196,-2.0344439357957027,-2.0344439357957027,-2.191045812777718,-2.191045812777718,-2.0778948311872334,-2.0344439357957027,-2.191045812777718,-2.0899424410414196,-2.158798930342464,-2.158798930342464,-2.2655346029916,-2.2655346029916,0.0,0.0,0.0,0.0,0.0,0.0,0.0,0.0,0.0,0.0,0.0,-1.9513027039072615,-1.8622531212727638,-1.892546881191539,-1.9890206563741257,-1.9890206563741257,-1.9890206563741257,-1.892546881191539,-1.7894652726688385,-1.7894652726688385,-1.750649826587375,-1.8157749899217608,-1.8157749899217608,-1.7975951748487824,-1.7818896600176433,-1.7818896600176433,-1.849095985800008,-1.849095985800008,-1.8313987185422376,-1.873681195169868,-1.873681195169868,-1.8157749899217608,-1.8018869939907938,-1.856847768512215,-1.856847768512215,-1.856847768512215,-1.8417431771333173
14.962237662002735,router,ba:bd:de:13:68:55,-84,99.99588067019656,64,1.0051174122792532,12.091996088242608,0,0,-7,16,-7,17,-6,16,-6,14,-6,12,-7,12,-7,13,-5,12,-3,11,-3,11,-4,10,-4,9,-3,9,-3,9,-2,9,-2,9,-3,9,-3,7,-2,8,-1,9,0,8,-1,6,-2,6,-3,6,-2,5,0,4,0,0,0,0,0,0,0,0,0,0,0,0,0,0,0,0,0,0,0,0,0,0,1,8,2,8,1,7,-1,9,-1,9,-1,10,-1,10,0,11,0,11,-1,11,-2,12,-3,13,-3,13,-3,13,-2,13,-3,14,-4,15,-5,15,-5,14,-5,15,-5,15,-6,15,-6,15,-6,15,-7,16,-6,19,0.0,17.46424919657298,18.384776310850235,17.08800749063506,15.231546211727817,13.416407864998739,13.892443989449804,14.7648230602334,13.0,11.40175425099138,11.40175425099138,10.770329614269007,9.848857801796104,9.486832980505138,9.486832980505138,9.219544457292887,9.219544457292887,9.486832980505138,7.615773105863909,8.246211251235321,9.055385138137417,8.0,6.082762530298219,6.324555320336759,6.708203932499369,5.385164807134504,4.0,0.0,0.0,0.0,0.0,0.0,0.0,0.0,0.0,0.0,0.0,0.0,8.06225774829855,8.246211251235321,7.0710678118654755,9.055385138137417,9.055385138137417,10.04987562112089,10.04987562112089,11.0,11.0,11.045361017187261,12.165525060596439,13.341664064126334,13.341664064126334,13.341664064126334,13.152946437965905,14.317821063276353,15.524174696260024,15.811388300841896,14.866068747318506,15.811388300841896,15.811388300841896,16.15549442140351,16.15549442140351,16.15549442140351,17.46424919657298,19.924858845171276,0.0,1.9832067683922838,1.9614033704925835,1.9295669970654687,1.97568811307998,2.0344439357957027,2.0988707752212563,2.0647376957144776,1.965587446494658,1.837048375945822,1.837048375945822,1.9513027039072615,1.9890206563741257,1.892546881191539,1.892546881191539,1.7894652726688385,1.7894652726688385,1.892546881191539,1.97568811307998,1.8157749899217608,1.6814535479687922,1.5707963267948966,1.7359450042095235,1.892546881191539,2.0344439357957027,1.9513027039072615,1.5707963267948966,0.0,0.0,0.0,0.0,0.0,0.0,0.0,0.0,0.0,0.0,0.0,1.446441332248135,1.3258176636680326,1.4288992721907328,1.6814535479687922,1.6814535479687922,1.6704649792860586,1.6704649792860586,1.5707963267948966,1.5707963267948966,1.6614562139956417,1.7359450042095235,1.7975951748487824,1.7975951748487824,1.7975951748487824,1.7234456551901618,1.7818896600176433,1.8313987185422376,1.892546881191539,1.9138202672156,1.892546881191539,1.892546881191539,1.9513027039072615,1.9513027039072615,1.9513027039072615,1.9832067683922838,1.8766751981997487
15.063328661002743,router,ba:bd:de:13:68:55,-84,99.99588067019656,64,1.0055321903120908,11.98583387384814,0,0,-4,-18,-4,-19,-4,-19,-4,-17,-4,-16,-4,-15,-4,-14,-4,-13,-3,-12,-3,-12,-4,-11,-4,-11,-4,-10,-4,-10,-4,-11,-5,-10,-5,-9,-4,-8,-4,-6,-4,-7,-4,-7,-3,-8,-4,-8,-5,-8,-5,-7,-6,-9,0,0,0,0,0,0,0,0,0,0,0,0,0,0,0,0,0,0,0,0,0,0,-2,-9,-2,-8,-2,-9,-3,-10,-3,-12,-2,-12,-3,-12,-3,-11,-2,-11,-1,-13,-2,-14,-2,-15,-2,-16,-2,-17,-2,-16,-3,-15,-5,-16,-5,-18,-4,-19,-3,-19,-3,-19,-3,-19,-2,-19,-1,-19,-2,-20,-3,-20,0.0,18.439088914585774,19.4164878389476,19.4164878389476,17.46424919657298,16.492422502470642,15.524174696260024,14.560219778561036,13.601470508735444,12.36931687685298,12.36931687685298,11.704699910719626,11.704699910719626,10.770329614269007,10.770329614269007,11.704699910719626,11.180339887498949,10.295630140987,8.94427190999916,7.211102550927978,8.06225774829855,8.06225774829855,8.54400374531753,8.94427190999916,9.433981132056603,8.602325267042627,10.816653826391969,0.0,0.0,0.0,0.0,0.0,0.0,0.0,0.0,0.0,0.0,0.0,9.219544457292887,8.246211251235321,9.219544457292887,10.44030650891055,12.36931687685298,12.165525060596439,12.36931687685298,11.40175425099138,11.180339887498949,13.038404810405298,14.142135623730951,15.132745950421556,16.1245154965971,17.11724276862369,16.1245154965971,15.297058540778355,16.76305461424021,18.681541692269406,19.4164878389476,19.235384061671343,19.235384061671343,19.235384061671343,19.1049731745428,19.026297590440446,20.09975124224178,20.223748416156685,0.0,-1.7894652726688385,-1.7782925532300993,-1.7782925532300993,-1.8018869939907938,-1.8157749899217608,-1.8313987185422376,-1.849095985800008,-1.8692952583810758,-1.8157749899217608,-1.8157749899217608,-1.9195673303788037,-1.9195673303788037,-1.9513027039072615,-1.9513027039072615,-1.9195673303788037,-2.0344439357957027,-2.0778948311872334,-2.0344439357957027,-2.158798930342464,-2.0899424410414196,-2.0899424410414196,-1.9295669970654687,-2.0344439357957027,-2.129395642138459,-2.191045812777718,-2.158798930342464,0.0,0.0,0.0,0.0,0.0,0.0,0.0,0.0,0.0,0.0,0.0,-1.7894652726688385,-1.8157749899217608,-1.7894652726688385,-1.8622531212727638,-1.8157749899217608,-1.7359450042095235,-1.8157749899217608,-1.837048375945822,-1.750649826587375,-1.6475682180646747,-1.7126933813990606,-1.7033478590915707,-1.695151321341658,-1.687905071361761,-1.695151321341658,-1.7681918866447774,-1.873681195169868,-1.8417431771333173,-1.7782925532300993,-1.727398203776912,-1.727398203776912,-1.727398203776912,-1.6756732655251305,-1.6233793884058383,-1.6704649792860586,-1.719686274404394
15.172485732000496,router,ba:bd:de:13:68:55,-83,99.99588067019656,64,1.0055976942940557,11.868035120510305,0,0,-15,5,-16,6,-15,6,-15,5,-15,4,-14,4,-13,3,-12,4,-11,5,-10,5,-9,4,-10,4,-9,4,-8,5,-7,5,-7,5,-7,5,-7,4,-7,4,-8,4,-8,4,-6,3,-6,3,-7,4,-7,5,-7,4,0,0,0,0,0,0,0,0,0,0,0,0,0,0,0,0,0,0,0,0,0,0,-8,5,-6,5,-6,5,-7,6,-8,5,-9,4,-10,3,-11,4,-11,6,-12,7,-11,7,-10,6,-11,6,-12,8,-12,7,-13,6,-15,5,-15,5,-16,5,-16,5,-17,5,-17,5,-17,6,-16,7,-17,6,-19,6,0.0,15.811388300841896,17.08800749063506,16.15549442140351,15.811388300841896,15.524174696260024,14.560219778561036,13.341664064126334,12.649110640673518,12.083045973594572,11.180339887498949,9.848857801796104,10.770329614269007,9.848857801796104,9.433981132056603,8.602325267042627,8.602325267042627,8.602325267042627,8.06225774829855,8.06225774829855,8.94427190999916,8.94427190999916,6.708203932499369,6.708203932499369,8.06225774829855,8.602325267042627,8.06225774829855,0.0,0.0,0.0,0.0,0.0,0.0,0.0,0.0,0.0,0.0,0.0,9.433981132056603,7.810249675906654,7.810249675906654,9.219544457292887,9.433981132056603,9.848857801796104,10.44030650891055,11.704699910719626,12.529964086141668,13.892443989449804,13.038404810405298,11.661903789690601,12.529964086141668,14.422205101855956,13.892443989449804,14.317821063276353,15.811388300841896,15.811388300841896,16.76305461424021,16.76305461424021,17.72004514666935,17.72004514666935,18.027756377319946,17.46424919657298,18.027756377319946,19.924858845171276,0.0,2.819842099193151,2.782821983319221,2.761086276477428,2.819842099193151,2.8809902618424523,2.8632929945846817,2.9147938055359073,2.819842099193151,2.714965160462917,2.677945044588987,2.723368324010564,2.761086276477428,2.723368324010564,2.5829933382462307,2.5213431676069717,2.5213431676069717,2.5213431676069717,2.62244653934327,2.62244653934327,2.677945044588987,2.677945044588987,2.677945044588987,2.677945044588987,2.62244653934327,2.5213431676069717,2.62244653934327,0.0,0.0,0.0,0.0,0.0,0.0,0.0,0.0,0.0,0.0,0.0,2.5829933382462307,2.44685437739309,2.44685437739309,2.432966381462123,2.5829933382462307,2.723368324010564,2.8501358591119264,2.7928216500058864,2.642245931909663,2.6135182051634334,2.5748634360662868,2.601173153319209,2.642245931909663,2.5535900500422257,2.6135182051634334,2.7091848780192556,2.819842099193151,2.819842099193151,2.838707785214822,2.838707785214822,2.8555412118724752,2.8555412118724752,2.8023000391357487,2.729182211992406,2.8023000391357487,2.835713782184941
15.272454398000264,router,ba:bd:de:13:68:55,-84,99.99588067019656,64,1.0049585466618143,11.739033453229212,0,0,13,10,13,12,11,13,10,12,9,10,10,9,10,8,9,7,9,6,8,6,8,6,8,6,8,5,8,3,7,1,8,1,8,2,8,2,7,2,7,2,8,3,8,2,8,1,7,1,8,2,8,5,0,0,0,0,0,0,0,0,0,0,0,0,0,0,0,0,0,0,0,0,0,0,5,5,4,5,5,5,6,6,6,7,6,8,6,9,6,10,6,9,8,9,9,10,9,10,8,11,8,12,8,12,8,12,9,12,9,12,10,12,10,13,11,14,12,14,13,15,14,14,13,13,13,13,0.0,16.401219466856727,17.69180601295413,17.029386365926403,15.620499351813308,13.45362404707371,13.45362404707371,12.806248474865697,11.40175425099138,10.816653826391969,10.0,10.0,10.0,9.433981132056603,8.54400374531753,7.0710678118654755,8.06225774829855,8.246211251235321,8.246211251235321,7.280109889280518,7.280109889280518,8.54400374531753,8.246211251235321,8.06225774829855,7.0710678118654755,8.246211251235321,9.433981132056603,0.0,0.0,0.0,0.0,0.0,0.0,0.0,0.0,0.0,0.0,0.0,7.0710678118654755,6.4031242374328485,7.0710678118654755,8.48528137423857,9.219544457292887,10.0,10.816653826391969,11.661903789690601,10.816653826391969,12.041594578792296,13.45362404707371,13.45362404707371,13.601470508735444,14.422205101855956,14.422205101855956,14.422205101855956,15.0,15.0,15.620499351813308,16.401219466856727,17.804493814764857,18.439088914585774,19.849433241279208,19.79898987322333,18.384776310850235,18.384776310850235,0.0,0.6556956262415362,0.7454194762741583,0.8685393952858895,0.8760580505981934,0.83798122500839,0.7328151017865066,0.6747409422235526,0.6610431688506869,0.5880026035475675,0.6435011087932844,0.6435011087932844,0.6435011087932844,0.5585993153435624,0.35877067027057225,0.14189705460416394,0.12435499454676144,0.24497866312686414,0.24497866312686414,0.27829965900511133,0.27829965900511133,0.35877067027057225,0.24497866312686414,0.12435499454676144,0.14189705460416394,0.24497866312686414,0.5585993153435624,0.0,0.0,0.0,0.0,0.0,0.0,0.0,0.0,0.0,0.0,0.0,0.7853981633974483,0.8960553845713439,0.7853981633974483,0.7853981633974483,0.8621700546672264,0.9272952180016122,0.982793723247329,1.0303768265243125,0.982793723247329,0.844153986113171,0.83798122500839,0.83798122500839,0.9420000403794636,0.982793723247329,0.982793723247329,0.982793723247329,0.9272952180016122,0.9272952180016122,0.8760580505981934,0.9151007005533605,0.9048270894157867,0.8621700546672264,0.8567056281827387,0.7853981633974483,0.7853981633974483,0.7853981633974483
15.385641958004271,router,ba:bd:de:13:68:55,-83,99.99588067019656,64,1.0042825833483895,11.599296267442266,0,0,2,-19,1,-19,2,-18,2,-17,2,-16,2,-15,1,-14,1,-12,1,-11,1,-11,-1,-10,-1,-10,0,-10,0,-10,0,-9,0,-9,-1,-10,-2,-9,-2,-9,0,-8,0,-8,0,-8,1,-8,1,-8,-1,-9,-3,-9,0,0,0,0,0,0,0,0,0,0,0,0,0,0,0,0,0,0,0,0,0,0,-5,-9,-3,-8,-2,-8,-2,-10,-2,-12,-3,-11,-2,-10,0,-11,0,-12,-1,-12,-1,-12,-1,-12,-1,-13,0,-15,0,-16,0,-16,-1,-17,-1,-18,-1,-19,1,-19,1,-18,0,-18,0,-19,1,-19,2,-19,1,-19,0.0,19.1049731745428,19.026297590440446,18.110770276274835,17.11724276862369,16.1245154965971,15.132745950421556,14.035668847618199,12.041594578792296,11.045361017187261,11.045361017187261,10.04987562112089,10.04987562112089,10.0,10.0,9.0,9.0,10.04987562112089,9.219544457292887,9.219544457292887,8.0,8.0,8.0,8.06225774829855,8.06225774829855,9.055385138137417,9.486832980505138,0.0,0.0,0.0,0.0,0.0,0.0,0.0,0.0,0.0,0.0,0.0,10.295630140987,8.54400374531753,8.246211251235321,10.198039027185569,12.165525060596439,11.40175425099138,10.198039027185569,11.0,12.0,12.041594578792296,12.041594578792296,12.041594578792296,13.038404810405298,15.0,16.0,16.0,17.029386365926403,18.027756377319946,19.026297590440446,19.026297590440446,18.027756377319946,18.0,19.0,19.026297590440446,19.1049731745428,19.026297590440446,0.0,-1.4659193880646628,-1.5182132651839548,-1.460139105621001,-1.4536875822280324,-1.446441332248135,-1.4382447944982226,-1.4994888620096063,-1.4876550949064553,-1.4801364395941514,-1.4801364395941514,-1.6704649792860586,-1.6704649792860586,-1.5707963267948966,-1.5707963267948966,-1.5707963267948966,-1.5707963267948966,-1.6704649792860586,-1.7894652726688385,-1.7894652726688385,-1.5707963267948966,-1.5707963267948966,-1.5707963267948966,-1.446441332248135,-1.446441332248135,-1.6814535479687922,-1.892546881191539,0.0,0.0,0.0,0.0,0.0,0.0,0.0,0.0,0.0,0.0,0.0,-2.0778948311872334,-1.9295669970654687,-1.8157749899217608,-1.7681918866447774,-1.7359450042095235,-1.837048375945822,-1.7681918866447774,-1.5707963267948966,-1.5707963267948966,-1.6539375586833378,-1.6539375586833378,-1.6539375586833378,-1.6475682180646747,-1.5707963267948966,-1.5707963267948966,-1.5707963267948966,-1.6295521495106193,-1.6262948320406134,-1.6233793884058383,-1.5182132651839548,-1.5152978215491797,-1.5707963267948966,-1.5707963267948966,-1.5182132651839548,-1.4659193880646628,-1.5182132651839548
15.492462820999208,router,ba:bd:de:13:68:55,-83,99.99588067019656,64,1.004097657091126,11.469049710904489,0,0,7,-15,6,-15,6,-15,7,-13,7,-12,6,-12,5,-12,5,-12,4,-12,3,-11,2,-11,1,-11,1,-11,1,-10,1,-9,1,-9,2,-9,2,-9,1,-8,0,-8,0,-7,0,-7,1,-8,1,-7,1,-6,-1,-4,0,0,0,0,0,0,0,0,0,0,0,0,0,0,0,0,0,0,0,0,0,0,-1,-7,1,-6,1,-8,0,-11,1,-11,2,-11,2,-13,3,-13,3,-13,3,-12,2,-12,3,-12,4,-13,5,-14,5,-14,4,-14,5,-14,5,-15,4,-15,3,-14,4,-14,5,-15,5,-16,5,-18,5,-19,6,-19,0.0,16.55294535724685,16.15549442140351,16.15549442140351,14.7648230602334,13.892443989449804,13.416407864998739,13.0,13.0,12.649110640673518,11.40175425099138,11.180339887498949,11.045361017187261,11.045361017187261,10.04987562112089,9.055385138137417,9.055385138137417,9.219544457292887,9.219544457292887,8.06225774829855,8.0,7.0,7.0,8.06225774829855,7.0710678118654755,6.082762530298219,4.123105625617661,0.0,0.0,0.0,0.0,0.0,0.0,0.0,0.0,0.0,0.0,0.0,7.0710678118654755,6.082762530298219,8.06225774829855,11.0,11.045361017187261,11.180339887498949,13.152946437965905,13.341664064126334,13.341664064126334,12.36931687685298,12.165525060596439,12.36931687685298,13.601470508735444,14.866068747318506,14.866068747318506,14.560219778561036,14.866068747318506,15.811388300841896,15.524174696260024,14.317821063276353,14.560219778561036,15.811388300841896,16.76305461424021,18.681541692269406,19.6468827043885,19.924858845171276,0.0,-1.1341691669813554,-1.1902899496825317,-1.1902899496825317,-1.0768549578753155,-1.042721878368537,-1.1071487177940904,-1.176005207095135,-1.176005207095135,-1.2490457723982544,-1.3045442776439713,-1.3909428270024184,-1.4801364395941514,-1.4801364395941514,-1.4711276743037347,-1.460139105621001,-1.460139105621001,-1.3521273809209546,-1.3521273809209546,-1.446441332248135,-1.5707963267948966,-1.5707963267948966,-1.5707963267948966,-1.446441332248135,-1.4288992721907328,-1.4056476493802699,-1.8157749899217608,0.0,0.0,0.0,0.0,0.0,0.0,0.0,0.0,0.0,0.0,0.0,-1.7126933813990606,-1.4056476493802699,-1.446441332248135,-1.5707963267948966,-1.4801364395941514,-1.3909428270024184,-1.4181469983996315,-1.3439974787410107,-1.3439974787410107,-1.3258176636680326,-1.4056476493802699,-1.3258176636680326,-1.2722973952087173,-1.2277723863741932,-1.2277723863741932,-1.2924966677897853,-1.2277723863741932,-1.2490457723982544,-1.3101939350475555,-1.35970299357215,-1.2924966677897853,-1.2490457723982544,-1.2679114584199251,-1.299849476456476,-1.313472611823808,-1.2649174553900444
15.593420712000807,router,ba:bd:de:13:68:55,-84,99.99588067019656,64,1.0036765989469425,11.354357829764414,0,0,-3,-19,-3,-18,-2,-16,-2,-16,-3,-15,-3,-14,-2,-13,-1,-12,-2,-11,-2,-11,-2,-10,-3,-9,-3,-9,-3,-9,-3,-8,-4,-8,-4,-8,-4,-9,-4,-9,-4,-8,-2,-7,-1,-7,-2,-6,-3,-6,-3,-6,-2,-4,0,0,0,0,0,0,0,0,0,0,0,0,0,0,0,0,0,0,0,0,0,0,0,-7,-2,-8,-5,-8,-7,-7,-7,-7,-5,-9,-4,-10,-4,-10,-4,-11,-5,-12,-5,-11,-5,-12,-5,-13,-4,-14,-5,-13,-5,-14,-4,-15,-3,-16,-4,-16,-5,-16,-5,-16,-5,-16,-4,-17,-3,-19,-3,-18,-3,-17,0.0,19.235384061671343,18.24828759089466,16.1245154965971,16.1245154965971,15.297058540778355,14.317821063276353,13.152946437965905,12.041594578792296,11.180339887498949,11.180339887498949,10.198039027185569,9.486832980505138,9.486832980505138,9.486832980505138,8.54400374531753,8.94427190999916,8.94427190999916,9.848857801796104,9.848857801796104,8.94427190999916,7.280109889280518,7.0710678118654755,6.324555320336759,6.708203932499369,6.708203932499369,4.47213595499958,0.0,0.0,0.0,0.0,0.0,0.0,0.0,0.0,0.0,0.0,0.0,7.0,8.246211251235321,9.433981132056603,9.899494936611665,9.899494936611665,10.295630140987,10.770329614269007,10.770329614269007,11.704699910719626,13.0,12.083045973594572,13.0,13.92838827718412,14.560219778561036,13.92838827718412,14.866068747318506,15.524174696260024,16.278820596099706,16.492422502470642,16.76305461424021,16.76305461424021,16.76305461424021,17.46424919657298,19.235384061671343,18.24828759089466,17.26267650163207,0.0,-1.727398203776912,-1.7359450042095235,-1.695151321341658,-1.695151321341658,-1.7681918866447774,-1.7818896600176433,-1.7234456551901618,-1.6539375586833378,-1.750649826587375,-1.750649826587375,-1.7681918866447774,-1.892546881191539,-1.892546881191539,-1.892546881191539,-1.9295669970654687,-2.0344439357957027,-2.0344439357957027,-1.9890206563741257,-1.9890206563741257,-2.0344439357957027,-1.849095985800008,-1.7126933813990606,-1.892546881191539,-2.0344439357957027,-2.0344439357957027,-2.0344439357957027,0.0,0.0,0.0,0.0,0.0,0.0,0.0,0.0,0.0,0.0,0.0,-1.5707963267948966,-1.8157749899217608,-2.129395642138459,-2.356194490192345,-2.356194490192345,-2.0778948311872334,-1.9513027039072615,-1.9513027039072615,-1.9195673303788037,-1.965587446494658,-1.9974238199217726,-1.965587446494658,-1.9379701606131159,-1.849095985800008,-1.9379701606131159,-1.9138202672156,-1.8313987185422376,-1.7561442767905915,-1.8157749899217608,-1.873681195169868,-1.873681195169868,-1.873681195169868,-1.8018869939907938,-1.727398203776912,-1.7359450042095235,-1.7454685258031364
15.703315527003724,router,ba:bd:de:13:68:55,-84,96.93071683137048,64,1.00315179623811,11.247530242772026,0,0,-2,-19,-2,-18,-2,-16,-2,-15,-1,-14,-1,-14,-1,-14,-1,-13,-1,-13,-1,-13,-3,-12,-3,-10,-3,-9,-3,-9,-4,-9,-5,-9,-4,-8,-2,-8,-2,-9,-2,-8,-2,-7,-3,-8,-4,-9,-4,-8,-4,-7,-4,-9,0,0,0,0,0,0,0,0,0,0,0,0,0,0,0,0,0,0,0,0,0,0,-3,-6,-3,-7,-4,-8,-4,-9,-4,-10,-2,-10,-3,-10,-3,-10,-4,-11,-4,-13,-4,-13,-3,-13,-3,-13,-3,-14,-3,-15,-3,-15,-3,-15,-3,-16,-3,-17,-3,-17,-4,-17,-4,-18,-3,-19,-2,-18,-3,-18,-3,-19,0.0,19.1049731745428,18.110770276274835,16.1245154965971,15.132745950421556,14.035668847618199,14.035668847618199,14.035668847618199,13.038404810405298,13.038404810405298,13.038404810405298,12.36931687685298,10.44030650891055,9.486832980505138,9.486832980505138,9.848857801796104,10.295630140987,8.94427190999916,8.246211251235321,9.219544457292887,8.246211251235321,7.280109889280518,8.54400374531753,9.848857801796104,8.94427190999916,8.06225774829855,9.848857801796104,0.0,0.0,0.0,0.0,0.0,0.0,0.0,0.0,0.0,0.0,0.0,6.708203932499369,7.615773105863909,8.94427190999916,9.848857801796104,10.770329614269007,10.198039027185569,10.44030650891055,10.44030650891055,11.704699910719626,13.601470508735444,13.601470508735444,13.341664064126334,13.341664064126334,14.317821063276353,15.297058540778355,15.297058540778355,15.297058540778355,16.278820596099706,17.26267650163207,17.26267650163207,17.46424919657298,18.439088914585774,19.235384061671343,18.110770276274835,18.24828759089466,19.235384061671343,0.0,-1.6756732655251305,-1.6814535479687922,-1.695151321341658,-1.7033478590915707,-1.642103791580187,-1.642103791580187,-1.642103791580187,-1.6475682180646747,-1.6475682180646747,-1.6475682180646747,-1.8157749899217608,-1.8622531212727638,-1.892546881191539,-1.892546881191539,-1.9890206563741257,-2.0778948311872334,-2.0344439357957027,-1.8157749899217608,-1.7894652726688385,-1.8157749899217608,-1.849095985800008,-1.9295669970654687,-1.9890206563741257,-2.0344439357957027,-2.0899424410414196,-1.9890206563741257,0.0,0.0,0.0,0.0,0.0,0.0,0.0,0.0,0.0,0.0,0.0,-2.0344439357957027,-1.97568811307998,-2.0344439357957027,-1.9890206563741257,-1.9513027039072615,-1.7681918866447774,-1.8622531212727638,-1.8622531212727638,-1.9195673303788037,-1.8692952583810758,-1.8692952583810758,-1.7975951748487824,-1.7975951748487824,-1.7818896600176433,-1.7681918866447774,-1.7681918866447774,-1.7681918866447774,-1.7561442767905915,-1.7454685258031364,-1.7454685258031364,-1.8018869939907938,-1.7894652726688385,-1.727398203776912,-1.6814535479687922,-1.7359450042095235,-1.727398203776912
15.812974888998724,router,ba:bd:de:13:68:55,-84,96.93071683137048,64,1.0018600020642476,11.14321356709879,0,0,-2,-18,-1,-18,-1,-17,-1,-15,0,-14,0,-14,-1,-14,-2,-13,-3,-12,-4,-11,-3,-10,-3,-10,-3,-10,-4,-10,-4,-9,-4,-8,-3,-8,-3,-8,-3,-8,-3,-8,-3,-7,-3,-6,-3,-6,-3,-6,-4,-7,-6,-7,0,0,0,0,0,0,0,0,0,0,0,0,0,0,0,0,0,0,0,0,0,0,-4,-7,-5,-7,-4,-8,-3,-9,-4,-10,-5,-10,-5,-10,-4,-12,-3,-13,-3,-13,-4,-12,-3,-12,-3,-13,-3,-13,-4,-14,-4,-14,-3,-15,-3,-16,-3,-17,-4,-16,-3,-17,-2,-18,-3,-19,-5,-19,-4,-18,-3,-18,0.0,18.110770276274835,18.027756377319946,17.029386365926403,15.033296378372908,14.0,14.0,14.035668847618199,13.152946437965905,12.36931687685298,11.704699910719626,10.44030650891055,10.44030650891055,10.44030650891055,10.770329614269007,9.848857801796104,8.94427190999916,8.54400374531753,8.54400374531753,8.54400374531753,8.54400374531753,7.615773105863909,6.708203932499369,6.708203932499369,6.708203932499369,8.06225774829855,9.219544457292887,0.0,0.0,0.0,0.0,0.0,0.0,0.0,0.0,0.0,0.0,0.0,8.06225774829855,8.602325267042627,8.94427190999916,9.486832980505138,10.770329614269007,11.180339887498949,11.180339887498949,12.649110640673518,13.341664064126334,13.341664064126334,12.649110640673518,12.36931687685298,13.341664064126334,13.341664064126334,14.560219778561036,14.560219778561036,15.297058540778355,16.278820596099706,17.26267650163207,16.492422502470642,17.26267650163207,18.110770276274835,19.235384061671343,19.6468827043885,18.439088914585774,18.24828759089466,0.0,-1.6814535479687922,-1.6262948320406134,-1.6295521495106193,-1.6373644905707205,-1.5707963267948966,-1.5707963267948966,-1.642103791580187,-1.7234456551901618,-1.8157749899217608,-1.9195673303788037,-1.8622531212727638,-1.8622531212727638,-1.8622531212727638,-1.9513027039072615,-1.9890206563741257,-2.0344439357957027,-1.9295669970654687,-1.9295669970654687,-1.9295669970654687,-1.9295669970654687,-1.97568811307998,-2.0344439357957027,-2.0344439357957027,-2.0344439357957027,-2.0899424410414196,-2.279422598922567,0.0,0.0,0.0,0.0,0.0,0.0,0.0,0.0,0.0,0.0,0.0,-2.0899424410414196,-2.191045812777718,-2.0344439357957027,-1.892546881191539,-1.9513027039072615,-2.0344439357957027,-2.0344439357957027,-1.892546881191539,-1.7975951748487824,-1.7975951748487824,-1.892546881191539,-1.8157749899217608,-1.7975951748487824,-1.7975951748487824,-1.849095985800008,-1.849095985800008,-1.7681918866447774,-1.7561442767905915,-1.7454685258031364,-1.8157749899217608,-1.7454685258031364,-1.6814535479687922,-1.727398203776912,-1.8281200417659853,-1.7894652726688385,-1.7359450042095235
15.955012764999992,router,ba:bd:de:13:68:55,-84,96.93071683137048,64,1.0016697859450954,11.037737096797656,0,0,4,-17,5,-18,5,-18,6,-18,6,-17,6,-14,5,-13,5,-13,4,-14,4,-13,3,-12,3,-11,3,-9,2,-9,0,-10,0,-10,1,-10,1,-10,1,-9,1,-10,1,-11,1,-10,1,-7,0,-7,0,-8,-1,-7,0,0,0,0,0,0,0,0,0,0,0,0,0,0,0,0,0,0,0,0,0,0,2,-10,2,-9,0,-9,0,-10,1,-12,2,-14,3,-13,4,-12,4,-12,3,-13,3,-13,3,-14,4,-15,4,-17,3,-17,3,-17,5,-16,5,-18,4,-18,4,-17,5,-17,5,-18,6,-18,6,-19,5,-20,5,-20,0.0,17.46424919657298,18.681541692269406,18.681541692269406,18.973665961010276,18.027756377319946,15.231546211727817,13.92838827718412,13.92838827718412,14.560219778561036,13.601470508735444,12.36931687685298,11.40175425099138,9.486832980505138,9.219544457292887,10.0,10.0,10.04987562112089,10.04987562112089,9.055385138137417,10.04987562112089,11.045361017187261,10.04987562112089,7.0710678118654755,7.0,8.0,7.0710678118654755,0.0,0.0,0.0,0.0,0.0,0.0,0.0,0.0,0.0,0.0,0.0,10.198039027185569,9.219544457292887,9.0,10.0,12.041594578792296,14.142135623730951,13.341664064126334,12.649110640673518,12.649110640673518,13.341664064126334,13.341664064126334,14.317821063276353,15.524174696260024,17.46424919657298,17.26267650163207,17.26267650163207,16.76305461424021,18.681541692269406,18.439088914585774,17.46424919657298,17.72004514666935,18.681541692269406,18.973665961010276,19.924858845171276,20.615528128088304,20.615528128088304,0.0,-1.3397056595989996,-1.299849476456476,-1.299849476456476,-1.2490457723982544,-1.2315037123408519,-1.1659045405098132,-1.2036224929766774,-1.2036224929766774,-1.2924966677897853,-1.2722973952087173,-1.3258176636680326,-1.3045442776439713,-1.2490457723982544,-1.3521273809209546,-1.5707963267948966,-1.5707963267948966,-1.4711276743037347,-1.4711276743037347,-1.460139105621001,-1.4711276743037347,-1.4801364395941514,-1.4711276743037347,-1.4288992721907328,-1.5707963267948966,-1.5707963267948966,-1.7126933813990606,0.0,0.0,0.0,0.0,0.0,0.0,0.0,0.0,0.0,0.0,0.0,-1.373400766945016,-1.3521273809209546,-1.5707963267948966,-1.5707963267948966,-1.4876550949064553,-1.4288992721907328,-1.3439974787410107,-1.2490457723982544,-1.2490457723982544,-1.3439974787410107,-1.3439974787410107,-1.35970299357215,-1.3101939350475555,-1.3397056595989996,-1.396124127786657,-1.396124127786657,-1.2679114584199251,-1.299849476456476,-1.3521273809209546,-1.3397056595989996,-1.2847448850775784,-1.299849476456476,-1.2490457723982544,-1.2649174553900444,-1.3258176636680326,-1.3258176636680326
16.062238295999123,router,ba:bd:de:13:68:55,-83,96.93071683137048,64,1.0040757925291204,10.928613560036483,0,0,15,9,13,8,11,7,11,7,10,7,10,7,10,7,10,6,9,6,8,5,7,4,7,2,7,2,7,3,8,3,7,1,7,1,7,2,6,2,6,0,6,0,5,1,5,1,6,1,6,1,7,3,0,0,0,0,0,0,0,0,0,0,0,0,0,0,0,0,0,0,0,0,0,0,5,4,6,2,7,1,7,2,7,3,8,4,9,5,9,5,8,5,9,6,9,7,8,8,8,8,11,6,11,6,10,8,11,9,12,8,13,9,13,9,14,8,15,7,14,8,13,10,12,10,13,10,0.0,17.4928556845359,15.264337522473747,13.038404810405298,13.038404810405298,12.206555615733702,12.206555615733702,12.206555615733702,11.661903789690601,10.816653826391969,9.433981132056603,8.06225774829855,7.280109889280518,7.280109889280518,7.615773105863909,8.54400374531753,7.0710678118654755,7.0710678118654755,7.280109889280518,6.324555320336759,6.0,6.0,5.0990195135927845,5.0990195135927845,6.082762530298219,6.082762530298219,7.615773105863909,0.0,0.0,0.0,0.0,0.0,0.0,0.0,0.0,0.0,0.0,0.0,6.4031242374328485,6.324555320336759,7.0710678118654755,7.280109889280518,7.615773105863909,8.94427190999916,10.295630140987,10.295630140987,9.433981132056603,10.816653826391969,11.40175425099138,11.313708498984761,11.313708498984761,12.529964086141668,12.529964086141668,12.806248474865697,14.212670403551895,14.422205101855956,15.811388300841896,15.811388300841896,16.1245154965971,16.55294535724685,16.1245154965971,16.401219466856727,15.620499351813308,16.401219466856727,0.0,0.5404195002705842,0.5516549825285468,0.5667292175235064,0.5667292175235064,0.6107259643892086,0.6107259643892086,0.6107259643892086,0.5404195002705842,0.5880026035475675,0.5585993153435624,0.5191461142465229,0.27829965900511133,0.27829965900511133,0.40489178628508343,0.35877067027057225,0.14189705460416394,0.14189705460416394,0.27829965900511133,0.3217505543966422,0.0,0.0,0.19739555984988075,0.19739555984988075,0.16514867741462683,0.16514867741462683,0.40489178628508343,0.0,0.0,0.0,0.0,0.0,0.0,0.0,0.0,0.0,0.0,0.0,0.6747409422235526,0.3217505543966422,0.14189705460416394,0.27829965900511133,0.40489178628508343,0.4636476090008061,0.507098504392337,0.507098504392337,0.5585993153435624,0.5880026035475675,0.6610431688506869,0.7853981633974483,0.7853981633974483,0.4993467216801301,0.4993467216801301,0.6747409422235526,0.6857295109062863,0.5880026035475675,0.6055446636049701,0.6055446636049701,0.5191461142465229,0.43662715981354133,0.5191461142465229,0.6556956262415362,0.6947382761967031,0.6556956262415362
16.163844814000186,router,ba:bd:de:13:68:55,-84,96.93071683137048,64,1.006472248801146,10.81424688064956,0,0,12,-17,12,-15,11,-14,10,-13,10,-13,9,-13,7,-13,7,-12,7,-11,6,-10,6,-11,5,-12,4,-11,4,-12,2,-11,2,-10,3,-10,3,-9,4,-9,4,-9,3,-8,3,-8,3,-8,3,-8,4,-8,4,-8,0,0,0,0,0,0,0,0,0,0,0,0,0,0,0,0,0,0,0,0,0,0,6,-9,6,-7,6,-8,6,-9,5,-10,5,-11,8,-11,9,-10,9,-11,8,-11,9,-11,10,-14,8,-15,7,-13,8,-13,9,-13,9,-14,9,-15,9,-16,9,-17,9,-17,9,-17,9,-18,11,-18,13,-15,12,-15,0.0,20.808652046684813,19.209372712298546,17.804493814764857,16.401219466856727,16.401219466856727,15.811388300841896,14.7648230602334,13.892443989449804,13.038404810405298,11.661903789690601,12.529964086141668,13.0,11.704699910719626,12.649110640673518,11.180339887498949,10.198039027185569,10.44030650891055,9.486832980505138,9.848857801796104,9.848857801796104,8.54400374531753,8.54400374531753,8.54400374531753,8.54400374531753,8.94427190999916,8.94427190999916,0.0,0.0,0.0,0.0,0.0,0.0,0.0,0.0,0.0,0.0,0.0,10.816653826391969,9.219544457292887,10.0,10.816653826391969,11.180339887498949,12.083045973594572,13.601470508735444,13.45362404707371,14.212670403551895,13.601470508735444,14.212670403551895,17.204650534085253,17.0,14.7648230602334,15.264337522473747,15.811388300841896,16.64331697709324,17.4928556845359,18.35755975068582,19.235384061671343,19.235384061671343,19.235384061671343,20.12461179749811,21.095023109728988,19.849433241279208,19.209372712298546,0.0,-0.9561333748727311,-0.8960553845713439,-0.9048270894157867,-0.9151007005533605,-0.9151007005533605,-0.9652516631899266,-1.0768549578753155,-1.042721878368537,-1.0040671092713902,-1.0303768265243125,-1.0714496051147666,-1.176005207095135,-1.2220253232109897,-1.2490457723982544,-1.3909428270024184,-1.373400766945016,-1.2793395323170296,-1.2490457723982544,-1.1525719972156676,-1.1525719972156676,-1.2120256565243244,-1.2120256565243244,-1.2120256565243244,-1.2120256565243244,-1.1071487177940904,-1.1071487177940904,0.0,0.0,0.0,0.0,0.0,0.0,0.0,0.0,0.0,0.0,0.0,-0.982793723247329,-0.8621700546672264,-0.9272952180016122,-0.982793723247329,-1.1071487177940904,-1.1441688336680205,-0.9420000403794636,-0.83798122500839,-0.8850668158886104,-0.9420000403794636,-0.8850668158886104,-0.9505468408120752,-1.0808390005411683,-1.0768549578753155,-1.0191413442663497,-0.9652516631899266,-0.9994588469612699,-1.0303768265243125,-1.0584068664841588,-1.0838970949836275,-1.0838970949836275,-1.0838970949836275,-1.1071487177940904,-1.0222469243443686,-0.8567056281827387,-0.8960553845713439
16.2724049440003,router,ba:bd:de:13:68:55,-84,96.93071683137048,64,1.0068192852318165,10.69364947251068,0,0,17,-7,18,-7,17,-5,16,-4,16,-4,14,-4,13,-4,12,-4,12,-5,10,-5,9,-5,10,-5,10,-5,10,-5,9,-4,8,-4,8,-4,8,-5,7,-5,7,-4,7,-3,6,-4,6,-4,6,-4,5,-4,4,-5,0,0,0,0,0,0,0,0,0,0,0,0,0,0,0,0,0,0,0,0,0,0,5,-4,6,-5,5,-6,6,-6,7,-5,10,-5,11,-6,12,-7,13,-7,13,-6,12,-6,12,-7,13,-7,13,-7,13,-7,13,-7,15,-8,16,-7,17,-7,17,-7,17,-7,16,-8,18,-7,18,-8,18,-8,18,-8,0.0,18.384776310850235,19.313207915827967,17.72004514666935,16.492422502470642,16.492422502470642,14.560219778561036,13.601470508735444,12.649110640673518,13.0,11.180339887498949,10.295630140987,11.180339887498949,11.180339887498949,11.180339887498949,9.848857801796104,8.94427190999916,8.94427190999916,9.433981132056603,8.602325267042627,8.06225774829855,7.615773105863909,7.211102550927978,7.211102550927978,7.211102550927978,6.4031242374328485,6.4031242374328485,0.0,0.0,0.0,0.0,0.0,0.0,0.0,0.0,0.0,0.0,0.0,6.4031242374328485,7.810249675906654,7.810249675906654,8.48528137423857,8.602325267042627,11.180339887498949,12.529964086141668,13.892443989449804,14.7648230602334,14.317821063276353,13.416407864998739,13.892443989449804,14.7648230602334,14.7648230602334,14.7648230602334,14.7648230602334,17.0,17.46424919657298,18.384776310850235,18.384776310850235,18.384776310850235,17.88854381999832,19.313207915827967,19.697715603592208,19.697715603592208,19.697715603592208,0.0,-0.3906070436976868,-0.37089128881266237,-0.2860514417173182,-0.24497866312686414,-0.24497866312686414,-0.27829965900511133,-0.2984989315861793,-0.3217505543966422,-0.3947911196997615,-0.4636476090008061,-0.507098504392337,-0.4636476090008061,-0.4636476090008061,-0.4636476090008061,-0.4182243295792291,-0.4636476090008061,-0.4636476090008061,-0.5585993153435624,-0.6202494859828215,-0.5191461142465229,-0.40489178628508343,-0.5880026035475675,-0.5880026035475675,-0.5880026035475675,-0.6747409422235526,-0.8960553845713439,0.0,0.0,0.0,0.0,0.0,0.0,0.0,0.0,0.0,0.0,0.0,-0.6747409422235526,-0.6947382761967031,-0.8760580505981934,-0.7853981633974483,-0.6202494859828215,-0.4636476090008061,-0.4993467216801301,-0.5280744484263596,-0.49394136891958124,-0.43240777557053783,-0.4636476090008061,-0.5280744484263596,-0.49394136891958124,-0.49394136891958124,-0.49394136891958124,-0.49394136891958124,-0.4899573262537283,-0.4124104415973873,-0.3906070436976868,-0.3906070436976868,-0.3906070436976868,-0.4636476090008061,-0.37089128881266237,-0.4182243295792291,-0.4182243295792291,-0.4182243295792291
16.373995000998548,router,ba:bd:de:13:68:55,-83,96.93071683137048,64,1.00763988702952,10.566222457566516,0,0,2,19,0,19,0,17,-1,15,-2,15,-1,14,0,13,0,12,1,12,1,11,0,10,0,8,1,8,2,9,3,8,3,7,3,8,2,7,1,6,1,7,1,7,1,6,1,6,2,6,2,5,0,4,0,0,0,0,0,0,0,0,0,0,0,0,0,0,0,0,0,0,0,0,0,0,1,6,2,7,2,9,2,10,1,10,0,10,0,11,0,11,1,11,3,12,2,15,1,18,2,17,1,14,1,14,2,14,1,14,1,16,1,17,1,17,1,18,0,18,0,18,2,18,3,18,3,17,0.0,19.1049731745428,19.0,17.0,15.033296378372908,15.132745950421556,14.035668847618199,13.0,12.0,12.041594578792296,11.045361017187261,10.0,8.0,8.06225774829855,9.219544457292887,8.54400374531753,7.615773105863909,8.54400374531753,7.280109889280518,6.082762530298219,7.0710678118654755,7.0710678118654755,6.082762530298219,6.082762530298219,6.324555320336759,5.385164807134504,4.0,0.0,0.0,0.0,0.0,0.0,0.0,0.0,0.0,0.0,0.0,0.0,6.082762530298219,7.280109889280518,9.219544457292887,10.198039027185569,10.04987562112089,10.0,11.0,11.0,11.045361017187261,12.36931687685298,15.132745950421556,18.027756377319946,17.11724276862369,14.035668847618199,14.035668847618199,14.142135623730951,14.035668847618199,16.0312195418814,17.029386365926403,17.029386365926403,18.027756377319946,18.0,18.0,18.110770276274835,18.24828759089466,17.26267650163207,0.0,1.4659193880646628,1.5707963267948966,1.5707963267948966,1.6373644905707205,1.7033478590915707,1.642103791580187,1.5707963267948966,1.5707963267948966,1.4876550949064553,1.4801364395941514,1.5707963267948966,1.5707963267948966,1.446441332248135,1.3521273809209546,1.2120256565243244,1.1659045405098132,1.2120256565243244,1.2924966677897853,1.4056476493802699,1.4288992721907328,1.4288992721907328,1.4056476493802699,1.4056476493802699,1.2490457723982544,1.1902899496825317,1.5707963267948966,0.0,0.0,0.0,0.0,0.0,0.0,0.0,0.0,0.0,0.0,0.0,1.4056476493802699,1.2924966677897853,1.3521273809209546,1.373400766945016,1.4711276743037347,1.5707963267948966,1.5707963267948966,1.5707963267948966,1.4801364395941514,1.3258176636680326,1.4382447944982226,1.5152978215491797,1.4536875822280324,1.4994888620096063,1.4994888620096063,1.4288992721907328,1.4994888620096063,1.5083775167989393,1.512040504079174,1.512040504079174,1.5152978215491797,1.5707963267948966,1.5707963267948966,1.460139105621001,1.4056476493802699,1.396124127786657
16.48848690700106,router,ba:bd:de:13:68:55,-84,96.93071683137048,64,1.009323133494669,10.431642605457583,0,0,-22,4,-20,4,-17,2,-15,1,-15,2,-16,2,-16,2,-15,2,-13,2,-12,2,-11,3,-11,3,-11,2,-10,2,-9,3,-9,3,-9,4,-8,4,-8,3,-8,2,-9,2,-9,2,-9,3,-7,2,-6,0,-8,0,0,0,0,0,0,0,0,0,0,0,0,0,0,0,0,0,0,0,0,0,0,0,-8,5,-7,5,-7,5,-8,5,-9,6,-11,7,-12,6,-12,6,-12,7,-11,6,-13,6,-14,6,-14,6,-14,6,-14,5,-15,5,-16,6,-16,6,-16,6,-17,6,-17,6,-18,4,-18,3,-18,4,-19,6,-20,7,0.0,22.360679774997898,20.396078054371138,17.11724276862369,15.033296378372908,15.132745950421556,16.1245154965971,16.1245154965971,15.132745950421556,13.152946437965905,12.165525060596439,11.40175425099138,11.40175425099138,11.180339887498949,10.198039027185569,9.486832980505138,9.486832980505138,9.848857801796104,8.94427190999916,8.54400374531753,8.246211251235321,9.219544457292887,9.219544457292887,9.486832980505138,7.280109889280518,6.0,8.0,0.0,0.0,0.0,0.0,0.0,0.0,0.0,0.0,0.0,0.0,0.0,9.433981132056603,8.602325267042627,8.602325267042627,9.433981132056603,10.816653826391969,13.038404810405298,13.416407864998739,13.416407864998739,13.892443989449804,12.529964086141668,14.317821063276353,15.231546211727817,15.231546211727817,15.231546211727817,14.866068747318506,15.811388300841896,17.08800749063506,17.08800749063506,17.08800749063506,18.027756377319946,18.027756377319946,18.439088914585774,18.24828759089466,18.439088914585774,19.924858845171276,21.18962010041709,0.0,2.961739153797315,2.9441970937399127,3.024483909022929,3.0750244898139694,3.0090411212931194,3.017237659043032,3.017237659043032,3.0090411212931194,2.988943325194528,2.976443976175166,2.875340604438868,2.875340604438868,2.961739153797315,2.9441970937399127,2.819842099193151,2.819842099193151,2.723368324010564,2.677945044588987,2.782821983319221,2.896613990462929,2.922923707715851,2.922923707715851,2.819842099193151,2.8632929945846817,3.141592653589793,3.141592653589793,0.0,0.0,0.0,0.0,0.0,0.0,0.0,0.0,0.0,0.0,0.0,2.5829933382462307,2.5213431676069717,2.5213431676069717,2.5829933382462307,2.5535900500422257,2.5748634360662868,2.677945044588987,2.677945044588987,2.6135182051634334,2.642245931909663,2.7091848780192556,2.7367008673047097,2.7367008673047097,2.7367008673047097,2.79856871316909,2.819842099193151,2.782821983319221,2.782821983319221,2.782821983319221,2.8023000391357487,2.8023000391357487,2.922923707715851,2.976443976175166,2.922923707715851,2.835713782184941,2.804917834203066
16.59214306800277,router,ba:bd:de:13:68:55,-84,96.93071683137048,64,1.0103983734313147,10.289815577724681,0,0,18,4,17,3,16,3,14,2,15,2,15,2,13,3,13,2,13,2,12,1,9,1,8,1,9,1,9,0,8,-1,8,-1,9,0,8,-1,8,-1,8,-2,7,-2,6,-2,6,-1,6,-1,5,-2,4,-3,0,0,0,0,0,0,0,0,0,0,0,0,0,0,0,0,0,0,0,0,0,0,8,0,8,-1,8,-1,9,0,10,0,11,0,11,1,12,2,12,2,14,1,14,1,12,2,12,3,13,3,14,3,15,3,15,2,14,2,15,1,16,2,17,3,17,3,18,3,19,3,19,4,19,6,0.0,18.439088914585774,17.26267650163207,16.278820596099706,14.142135623730951,15.132745950421556,15.132745950421556,13.341664064126334,13.152946437965905,13.152946437965905,12.041594578792296,9.055385138137417,8.06225774829855,9.055385138137417,9.0,8.06225774829855,8.06225774829855,9.0,8.06225774829855,8.06225774829855,8.246211251235321,7.280109889280518,6.324555320336759,6.082762530298219,6.082762530298219,5.385164807134504,5.0,0.0,0.0,0.0,0.0,0.0,0.0,0.0,0.0,0.0,0.0,0.0,8.0,8.06225774829855,8.06225774829855,9.0,10.0,11.0,11.045361017187261,12.165525060596439,12.165525060596439,14.035668847618199,14.035668847618199,12.165525060596439,12.36931687685298,13.341664064126334,14.317821063276353,15.297058540778355,15.132745950421556,14.142135623730951,15.033296378372908,16.1245154965971,17.26267650163207,17.26267650163207,18.24828759089466,19.235384061671343,19.4164878389476,19.924858845171276,0.0,0.21866894587394195,0.1746721990082397,0.18534794999569476,0.14189705460416394,0.13255153229667402,0.13255153229667402,0.22679884805388587,0.15264932839526515,0.15264932839526515,0.08314123188844123,0.11065722117389565,0.12435499454676144,0.11065722117389565,0.0,-0.12435499454676144,-0.12435499454676144,0.0,-0.12435499454676144,-0.12435499454676144,-0.24497866312686414,-0.27829965900511133,-0.3217505543966422,-0.16514867741462683,-0.16514867741462683,-0.3805063771123649,-0.6435011087932844,0.0,0.0,0.0,0.0,0.0,0.0,0.0,0.0,0.0,0.0,0.0,0.0,-0.12435499454676144,-0.12435499454676144,0.0,0.0,0.0,0.09065988720074511,0.16514867741462683,0.16514867741462683,0.07130746478529032,0.07130746478529032,0.16514867741462683,0.24497866312686414,0.22679884805388587,0.21109333322274654,0.19739555984988075,0.13255153229667402,0.14189705460416394,0.06656816377582381,0.12435499454676144,0.1746721990082397,0.1746721990082397,0.16514867741462683,0.15660187698201536,0.20749622643520266,0.30587887140485215
16.69361249999929,router,ba:bd:de:13:68:55,-84,96.93071683137048,64,1.0102869409307287,10.1408453792482,0,0,-4,-18,-4,-18,-3,-17,-3,-16,-3,-15,-2,-15,-2,-13,-2,-12,-3,-12,-3,-11,-3,-9,-2,-9,-3,-10,-3,-10,-2,-9,-2,-8,-4,-8,-5,-8,-5,-9,-5,-7,-4,-6,-3,-7,-3,-6,-3,-6,-4,-6,-6,-6,0,0,0,0,0,0,0,0,0,0,0,0,0,0,0,0,0,0,0,0,0,0,-3,-9,-3,-8,-3,-10,-3,-11,-2,-11,0,-11,1,-11,-1,-12,-2,-12,-3,-12,-4,-13,-2,-15,-2,-15,-2,-16,-2,-16,-2,-16,-2,-17,-2,-18,-3,-17,-3,-17,-3,-18,-3,-20,-4,-20,-4,-19,-4,-20,-2,-20,0.0,18.439088914585774,18.439088914585774,17.26267650163207,16.278820596099706,15.297058540778355,15.132745950421556,13.152946437965905,12.165525060596439,12.36931687685298,11.40175425099138,9.486832980505138,9.219544457292887,10.44030650891055,10.44030650891055,9.219544457292887,8.246211251235321,8.94427190999916,9.433981132056603,10.295630140987,8.602325267042627,7.211102550927978,7.615773105863909,6.708203932499369,6.708203932499369,7.211102550927978,8.48528137423857,0.0,0.0,0.0,0.0,0.0,0.0,0.0,0.0,0.0,0.0,0.0,9.486832980505138,8.54400374531753,10.44030650891055,11.40175425099138,11.180339887498949,11.0,11.045361017187261,12.041594578792296,12.165525060596439,12.36931687685298,13.601470508735444,15.132745950421556,15.132745950421556,16.1245154965971,16.1245154965971,16.1245154965971,17.11724276862369,18.110770276274835,17.26267650163207,17.26267650163207,18.24828759089466,20.223748416156685,20.396078054371138,19.4164878389476,20.396078054371138,20.09975124224178,0.0,-1.7894652726688385,-1.7894652726688385,-1.7454685258031364,-1.7561442767905915,-1.7681918866447774,-1.7033478590915707,-1.7234456551901618,-1.7359450042095235,-1.8157749899217608,-1.837048375945822,-1.892546881191539,-1.7894652726688385,-1.8622531212727638,-1.8622531212727638,-1.7894652726688385,-1.8157749899217608,-2.0344439357957027,-2.129395642138459,-2.0778948311872334,-2.191045812777718,-2.158798930342464,-1.97568811307998,-2.0344439357957027,-2.0344439357957027,-2.158798930342464,-2.356194490192345,0.0,0.0,0.0,0.0,0.0,0.0,0.0,0.0,0.0,0.0,0.0,-1.892546881191539,-1.9295669970654687,-1.8622531212727638,-1.837048375945822,-1.750649826587375,-1.5707963267948966,-1.4801364395941514,-1.6539375586833378,-1.7359450042095235,-1.8157749899217608,-1.8692952583810758,-1.7033478590915707,-1.7033478590915707,-1.695151321341658,-1.695151321341658,-1.695151321341658,-1.687905071361761,-1.6814535479687922,-1.7454685258031364,-1.7454685258031364,-1.7359450042095235,-1.719686274404394,-1.7681918866447774,-1.7782925532300993,-1.7681918866447774,-1.6704649792860586
16.794616037004744,router,ba:bd:de:13:68:55,-84,97.46784888603497,64,1.0086660600293786,9.985085602923052,0,0,-18,-1,-18,-2,-16,-2,-14,-2,-14,-2,-14,-1,-13,-1,-12,-1,-11,-1,-10,-1,-10,0,-10,0,-10,1,-8,1,-8,1,-8,2,-8,2,-8,2,-7,2,-7,2,-7,2,-7,2,-6,2,-6,1,-6,0,-5,0,0,0,0,0,0,0,0,0,0,0,0,0,0,0,0,0,0,0,0,0,0,0,-9,2,-9,1,-9,0,-9,0,-9,1,-10,1,-10,0,-12,0,-14,0,-15,-2,-14,-2,-14,-1,-14,-1,-15,-1,-16,-2,-15,-2,-14,-2,-15,-2,-17,-2,-17,-1,-17,-1,-17,-1,-17,-1,-18,-1,-19,-1,-19,-1,0.0,18.027756377319946,18.110770276274835,16.1245154965971,14.142135623730951,14.142135623730951,14.035668847618199,13.038404810405298,12.041594578792296,11.045361017187261,10.04987562112089,10.0,10.0,10.04987562112089,8.06225774829855,8.06225774829855,8.246211251235321,8.246211251235321,8.246211251235321,7.280109889280518,7.280109889280518,7.280109889280518,7.280109889280518,6.324555320336759,6.082762530298219,6.0,5.0,0.0,0.0,0.0,0.0,0.0,0.0,0.0,0.0,0.0,0.0,0.0,9.219544457292887,9.055385138137417,9.0,9.0,9.055385138137417,10.04987562112089,10.0,12.0,14.0,15.132745950421556,14.142135623730951,14.035668847618199,14.035668847618199,15.033296378372908,16.1245154965971,15.132745950421556,14.142135623730951,15.132745950421556,17.11724276862369,17.029386365926403,17.029386365926403,17.029386365926403,17.029386365926403,18.027756377319946,19.026297590440446,19.026297590440446,0.0,-3.0860941483440762,-3.0309354324158977,-3.017237659043032,-2.999695598985629,-2.999695598985629,-3.070285188804503,-3.064820762320015,-3.058451421701352,-3.050932766389048,-3.0419240010986313,3.141592653589793,3.141592653589793,3.0419240010986313,3.017237659043032,3.017237659043032,2.896613990462929,2.896613990462929,2.896613990462929,2.8632929945846817,2.8632929945846817,2.8632929945846817,2.8632929945846817,2.819842099193151,2.976443976175166,3.141592653589793,3.141592653589793,0.0,0.0,0.0,0.0,0.0,0.0,0.0,0.0,0.0,0.0,0.0,2.922923707715851,3.0309354324158977,3.141592653589793,3.141592653589793,3.0309354324158977,3.0419240010986313,3.141592653589793,3.141592653589793,3.141592653589793,-3.0090411212931194,-2.999695598985629,-3.070285188804503,-3.070285188804503,-3.0750244898139694,-3.017237659043032,-3.0090411212931194,-2.999695598985629,-3.0090411212931194,-3.024483909022929,-3.0828368308740703,-3.0828368308740703,-3.0828368308740703,-3.0828368308740703,-3.0860941483440762,-3.0890095919788516,-3.0890095919788516
16.902097463003884,router,ba:bd:de:13:68:55,-83,97.46784888603497,64,1.0072006376199303,9.823076107780198,0,0,6,17,6,16,7,16,6,16,5,14,5,12,3,11,3,12,4,11,4,9,4,7,3,7,3,9,4,9,5,8,6,7,6,7,4,7,3,6,4,6,5,7,5,7,4,7,3,6,4,6,5,9,0,0,0,0,0,0,0,0,0,0,0,0,0,0,0,0,0,0,0,0,0,0,4,6,5,6,6,5,7,6,7,6,6,7,5,8,6,9,6,10,7,10,7,10,7,11,7,12,7,12,7,13,8,13,9,12,8,13,8,14,8,15,7,15,7,15,8,15,8,16,9,16,8,16,0.0,18.027756377319946,17.08800749063506,17.46424919657298,17.08800749063506,14.866068747318506,13.0,11.40175425099138,12.36931687685298,11.704699910719626,9.848857801796104,8.06225774829855,7.615773105863909,9.486832980505138,9.848857801796104,9.433981132056603,9.219544457292887,9.219544457292887,8.06225774829855,6.708203932499369,7.211102550927978,8.602325267042627,8.602325267042627,8.06225774829855,6.708203932499369,7.211102550927978,10.295630140987,0.0,0.0,0.0,0.0,0.0,0.0,0.0,0.0,0.0,0.0,0.0,7.211102550927978,7.810249675906654,7.810249675906654,9.219544457292887,9.219544457292887,9.219544457292887,9.433981132056603,10.816653826391969,11.661903789690601,12.206555615733702,12.206555615733702,13.038404810405298,13.892443989449804,13.892443989449804,14.7648230602334,15.264337522473747,15.0,15.264337522473747,16.1245154965971,17.0,16.55294535724685,16.55294535724685,17.0,17.88854381999832,18.35755975068582,17.88854381999832,0.0,1.2315037123408519,1.2120256565243244,1.1583858851975093,1.2120256565243244,1.2277723863741932,1.176005207095135,1.3045442776439713,1.3258176636680326,1.2220253232109897,1.1525719972156676,1.0516502125483738,1.1659045405098132,1.2490457723982544,1.1525719972156676,1.0121970114513341,0.8621700546672264,0.8621700546672264,1.0516502125483738,1.1071487177940904,0.982793723247329,0.9505468408120752,0.9505468408120752,1.0516502125483738,1.1071487177940904,0.982793723247329,1.0636978224025597,0.0,0.0,0.0,0.0,0.0,0.0,0.0,0.0,0.0,0.0,0.0,0.982793723247329,0.8760580505981934,0.6947382761967031,0.7086262721276703,0.7086262721276703,0.8621700546672264,1.0121970114513341,0.982793723247329,1.0303768265243125,0.960070362405688,0.960070362405688,1.0040671092713902,1.042721878368537,1.042721878368537,1.0768549578753155,1.0191413442663497,0.9272952180016122,1.0191413442663497,1.0516502125483738,1.0808390005411683,1.1341691669813554,1.1341691669813554,1.0808390005411683,1.1071487177940904,1.0584068664841588,1.1071487177940904
17.002942293998785,router,ba:bd:de:13:68:55,-83,97.46784888603497,64,1.0059269342947665,9.655383244019864,0,0,-13,-13,-13,-14,-11,-14,-10,-13,-10,-12,-10,-11,-9,-10,-8,-9,-8,-9,-8,-7,-8,-7,-7,-7,-7,-6,-8,-4,-7,-3,-7,-4,-7,-4,-6,-4,-6,-5,-6,-5,-7,-5,-8,-4,-7,-4,-6,-4,-6,-3,-7,-3,0,0,0,0,0,0,0,0,0,0,0,0,0,0,0,0,0,0,0,0,0,0,-6,-6,-7,-5,-8,-5,-8,-5,-8,-5,-9,-7,-9,-8,-10,-9,-10,-9,-9,-9,-9,-9,-10,-9,-9,-10,-10,-11,-10,-11,-11,-11,-11,-11,-12,-11,-12,-12,-12,-11,-12,-12,-11,-13,-11,-13,-12,-13,-12,-14,-12,-14,0.0,18.384776310850235,19.1049731745428,17.804493814764857,16.401219466856727,15.620499351813308,14.866068747318506,13.45362404707371,12.041594578792296,12.041594578792296,10.63014581273465,10.63014581273465,9.899494936611665,9.219544457292887,8.94427190999916,7.615773105863909,8.06225774829855,8.06225774829855,7.211102550927978,7.810249675906654,7.810249675906654,8.602325267042627,8.94427190999916,8.06225774829855,7.211102550927978,6.708203932499369,7.615773105863909,0.0,0.0,0.0,0.0,0.0,0.0,0.0,0.0,0.0,0.0,0.0,8.48528137423857,8.602325267042627,9.433981132056603,9.433981132056603,9.433981132056603,11.40175425099138,12.041594578792296,13.45362404707371,13.45362404707371,12.727922061357855,12.727922061357855,13.45362404707371,13.45362404707371,14.866068747318506,14.866068747318506,15.556349186104045,15.556349186104045,16.278820596099706,16.97056274847714,16.278820596099706,16.97056274847714,17.029386365926403,17.029386365926403,17.69180601295413,18.439088914585774,18.439088914585774,0.0,-2.356194490192345,-2.3191743743184148,-2.2367655641740063,-2.2264919530364327,-2.2655346029916,-2.3086113869153615,-2.3036114285814033,-2.297438667476622,-2.297438667476622,-2.4227626539681686,-2.4227626539681686,-2.356194490192345,-2.432966381462123,-2.677945044588987,-2.7367008673047097,-2.62244653934327,-2.62244653934327,-2.5535900500422257,-2.44685437739309,-2.44685437739309,-2.5213431676069717,-2.677945044588987,-2.62244653934327,-2.5535900500422257,-2.677945044588987,-2.7367008673047097,0.0,0.0,0.0,0.0,0.0,0.0,0.0,0.0,0.0,0.0,0.0,-2.356194490192345,-2.5213431676069717,-2.5829933382462307,-2.5829933382462307,-2.5829933382462307,-2.4805494847391065,-2.4149503129080676,-2.408777551803287,-2.408777551803287,-2.356194490192345,-2.356194490192345,-2.408777551803287,-2.3036114285814033,-2.3086113869153615,-2.3086113869153615,-2.356194490192345,-2.356194490192345,-2.399645385583876,-2.356194490192345,-2.399645385583876,-2.356194490192345,-2.2730532583039036,-2.2730532583039036,-2.316215803069055,-2.279422598922567,-2.279422598922567
17.111726410999836,router,ba:bd:de:13:68:55,-83,97.46784888603497,64,1.0044103872666819,9.482567277513857,0,0,2,20,1,18,0,16,0,16,1,15,1,13,1,11,1,11,0,11,0,11,1,10,1,9,1,9,1,8,2,7,3,7,3,8,1,8,0,8,0,8,2,7,3,6,2,6,1,6,1,5,3,4,0,0,0,0,0,0,0,0,0,0,0,0,0,0,0,0,0,0,0,0,0,0,2,11,3,10,4,9,4,9,3,9,2,9,3,10,2,12,1,12,2,12,3,12,3,11,2,13,1,14,1,13,1,13,1,15,1,16,3,16,3,17,3,17,2,17,2,17,2,17,2,18,1,18,0.0,20.09975124224178,18.027756377319946,16.0,16.0,15.033296378372908,13.038404810405298,11.045361017187261,11.045361017187261,11.0,11.0,10.04987562112089,9.055385138137417,9.055385138137417,8.06225774829855,7.280109889280518,7.615773105863909,8.54400374531753,8.06225774829855,8.0,8.0,7.280109889280518,6.708203932499369,6.324555320336759,6.082762530298219,5.0990195135927845,5.0,0.0,0.0,0.0,0.0,0.0,0.0,0.0,0.0,0.0,0.0,0.0,11.180339887498949,10.44030650891055,9.848857801796104,9.848857801796104,9.486832980505138,9.219544457292887,10.44030650891055,12.165525060596439,12.041594578792296,12.165525060596439,12.36931687685298,11.40175425099138,13.152946437965905,14.035668847618199,13.038404810405298,13.038404810405298,15.033296378372908,16.0312195418814,16.278820596099706,17.26267650163207,17.26267650163207,17.11724276862369,17.11724276862369,17.11724276862369,18.110770276274835,18.027756377319946,0.0,1.4711276743037347,1.5152978215491797,1.5707963267948966,1.5707963267948966,1.5042281630190728,1.4940244355251187,1.4801364395941514,1.4801364395941514,1.5707963267948966,1.5707963267948966,1.4711276743037347,1.460139105621001,1.460139105621001,1.446441332248135,1.2924966677897853,1.1659045405098132,1.2120256565243244,1.446441332248135,1.5707963267948966,1.5707963267948966,1.2924966677897853,1.1071487177940904,1.2490457723982544,1.4056476493802699,1.373400766945016,0.9272952180016122,0.0,0.0,0.0,0.0,0.0,0.0,0.0,0.0,0.0,0.0,0.0,1.3909428270024184,1.2793395323170296,1.1525719972156676,1.1525719972156676,1.2490457723982544,1.3521273809209546,1.2793395323170296,1.4056476493802699,1.4876550949064553,1.4056476493802699,1.3258176636680326,1.3045442776439713,1.4181469983996315,1.4994888620096063,1.4940244355251187,1.4940244355251187,1.5042281630190728,1.5083775167989393,1.3854483767992019,1.396124127786657,1.396124127786657,1.4536875822280324,1.4536875822280324,1.4536875822280324,1.460139105621001,1.5152978215491797
17.237410551999346,router,ba:bd:de:13:68:55,-84,97.46784888603497,64,1.0071184881849133,9.305153203053752,0,0,-17,-12,-17,-13,-16,-13,-16,-11,-16,-9,-15,-8,-14,-8,-13,-8,-11,-8,-11,-7,-11,-6,-10,-5,-9,-4,-8,-4,-7,-3,-8,-3,-10,-3,-10,-3,-10,-2,-9,-3,-10,-4,-11,-3,-10,-2,-8,-3,-7,-3,-8,-1,0,0,0,0,0,0,0,0,0,0,0,0,0,0,0,0,0,0,0,0,0,0,-9,-2,-10,-2,-10,-3,-10,-3,-12,-4,-14,-4,-14,-3,-13,-3,-12,-5,-13,-6,-15,-6,-14,-6,-14,-7,-15,-8,-16,-7,-16,-7,-16,-8,-17,-9,-18,-8,-20,-8,-20,-9,-18,-10,-18,-10,-19,-11,-19,-13,-20,-14,0.0,20.808652046684813,21.400934559032695,20.615528128088304,19.4164878389476,18.35755975068582,17.0,16.1245154965971,15.264337522473747,13.601470508735444,13.038404810405298,12.529964086141668,11.180339887498949,9.848857801796104,8.94427190999916,7.615773105863909,8.54400374531753,10.44030650891055,10.44030650891055,10.198039027185569,9.486832980505138,10.770329614269007,11.40175425099138,10.198039027185569,8.54400374531753,7.615773105863909,8.06225774829855,0.0,0.0,0.0,0.0,0.0,0.0,0.0,0.0,0.0,0.0,0.0,9.219544457292887,10.198039027185569,10.44030650891055,10.44030650891055,12.649110640673518,14.560219778561036,14.317821063276353,13.341664064126334,13.0,14.317821063276353,16.15549442140351,15.231546211727817,15.652475842498529,17.0,17.46424919657298,17.46424919657298,17.88854381999832,19.235384061671343,19.697715603592208,21.540659228538015,21.93171219946131,20.591260281974,20.591260281974,21.95449840010015,23.021728866442675,24.413111231467404,0.0,-2.5269297016676275,-2.488746022489019,-2.459276098715045,-2.539305307454829,-2.6292031932790554,-2.651635327336065,-2.62244653934327,-2.5899376710612465,-2.5127963671743605,-2.5748634360662868,-2.642245931909663,-2.677945044588987,-2.723368324010564,-2.677945044588987,-2.7367008673047097,-2.782821983319221,-2.8501358591119264,-2.8501358591119264,-2.9441970937399127,-2.819842099193151,-2.761086276477428,-2.875340604438868,-2.9441970937399127,-2.782821983319221,-2.7367008673047097,-3.017237659043032,0.0,0.0,0.0,0.0,0.0,0.0,0.0,0.0,0.0,0.0,0.0,-2.922923707715851,-2.9441970937399127,-2.8501358591119264,-2.8501358591119264,-2.819842099193151,-2.8632929945846817,-2.930499320367047,-2.9147938055359073,-2.746801533890032,-2.7091848780192556,-2.761086276477428,-2.7367008673047097,-2.677945044588987,-2.651635327336065,-2.729182211992406,-2.729182211992406,-2.677945044588987,-2.654693421778524,-2.723368324010564,-2.761086276477428,-2.7187387274568526,-2.6344941491974563,-2.6344941491974563,-2.616796881939686,-2.5415424401880395,-2.5308666892005847
17.34371267499955,router,ba:bd:de:13:68:55,-84,97.46784888603497,64,1.0091902905529866,9.123688065887437,0,0,-18,-7,-17,-7,-16,-8,-15,-7,-15,-6,-15,-7,-14,-7,-14,-7,-12,-5,-10,-5,-10,-4,-11,-4,-11,-3,-11,-3,-11,-3,-10,-2,-10,-1,-10,-1,-9,0,-9,0,-8,-1,-7,-2,-7,-1,-7,-1,-7,-1,-6,0,0,0,0,0,0,0,0,0,0,0,0,0,0,0,0,0,0,0,0,0,0,0,-8,0,-9,-2,-10,-4,-10,-4,-10,-3,-11,-3,-12,-3,-12,-5,-12,-5,-11,-6,-11,-6,-12,-7,-13,-7,-15,-7,-15,-7,-15,-6,-15,-7,-15,-8,-15,-8,-15,-8,-16,-8,-18,-7,-19,-8,-19,-9,-19,-9,-18,-8,0.0,19.313207915827967,18.384776310850235,17.88854381999832,16.55294535724685,16.15549442140351,16.55294535724685,15.652475842498529,15.652475842498529,13.0,11.180339887498949,10.770329614269007,11.704699910719626,11.40175425099138,11.40175425099138,11.40175425099138,10.198039027185569,10.04987562112089,10.04987562112089,9.0,9.0,8.06225774829855,7.280109889280518,7.0710678118654755,7.0710678118654755,7.0710678118654755,6.0,0.0,0.0,0.0,0.0,0.0,0.0,0.0,0.0,0.0,0.0,0.0,8.0,9.219544457292887,10.770329614269007,10.770329614269007,10.44030650891055,11.40175425099138,12.36931687685298,13.0,13.0,12.529964086141668,12.529964086141668,13.892443989449804,14.7648230602334,16.55294535724685,16.55294535724685,16.15549442140351,16.55294535724685,17.0,17.0,17.0,17.88854381999832,19.313207915827967,20.615528128088304,21.02379604162864,21.02379604162864,19.697715603592208,0.0,-2.770701364777131,-2.7509856098921066,-2.677945044588987,-2.704965493776252,-2.761086276477428,-2.704965493776252,-2.677945044588987,-2.677945044588987,-2.746801533890032,-2.677945044588987,-2.761086276477428,-2.7928216500058864,-2.875340604438868,-2.875340604438868,-2.875340604438868,-2.9441970937399127,-3.0419240010986313,-3.0419240010986313,3.141592653589793,3.141592653589793,-3.017237659043032,-2.8632929945846817,-2.999695598985629,-2.999695598985629,-2.999695598985629,3.141592653589793,0.0,0.0,0.0,0.0,0.0,0.0,0.0,0.0,0.0,0.0,0.0,3.141592653589793,-2.922923707715851,-2.761086276477428,-2.761086276477428,-2.8501358591119264,-2.875340604438868,-2.896613990462929,-2.746801533890032,-2.746801533890032,-2.642245931909663,-2.642245931909663,-2.6135182051634334,-2.647651284670212,-2.704965493776252,-2.704965493776252,-2.761086276477428,-2.704965493776252,-2.651635327336065,-2.651635327336065,-2.651635327336065,-2.677945044588987,-2.770701364777131,-2.743070207923373,-2.6992184306130484,-2.6992184306130484,-2.723368324010564
17.44538844699855,router,ba:bd:de:13:68:55,-83,97.46784888603497,64,1.0107737685917109,8.972415533480833,0,0,18,7,18,8,17,9,15,7,14,6,14,6,14,5,13,4,12,4,11,4,11,3,11,2,9,1,9,1,9,1,9,2,9,1,10,0,9,0,9,-1,9,0,7,0,6,0,6,0,6,2,6,2,0,0,0,0,0,0,0,0,0,0,0,0,0,0,0,0,0,0,0,0,0,0,8,2,8,0,9,-1,10,-1,11,0,11,2,11,4,11,4,11,4,13,5,14,6,13,5,14,5,15,5,15,6,16,5,16,5,15,7,15,8,15,9,16,10,18,10,18,8,19,7,20,7,20,9,0.0,19.313207915827967,19.697715603592208,19.235384061671343,16.55294535724685,15.231546211727817,15.231546211727817,14.866068747318506,13.601470508735444,12.649110640673518,11.704699910719626,11.40175425099138,11.180339887498949,9.055385138137417,9.055385138137417,9.055385138137417,9.219544457292887,9.055385138137417,10.0,9.0,9.055385138137417,9.0,7.0,6.0,6.0,6.324555320336759,6.324555320336759,0.0,0.0,0.0,0.0,0.0,0.0,0.0,0.0,0.0,0.0,0.0,8.246211251235321,8.0,9.055385138137417,10.04987562112089,11.0,11.180339887498949,11.704699910719626,11.704699910719626,11.704699910719626,13.92838827718412,15.231546211727817,13.92838827718412,14.866068747318506,15.811388300841896,16.15549442140351,16.76305461424021,16.76305461424021,16.55294535724685,17.0,17.4928556845359,18.867962264113206,20.591260281974,19.697715603592208,20.248456731316587,21.18962010041709,21.93171219946131,0.0,0.37089128881266237,0.4182243295792291,0.48689923181126904,0.43662715981354133,0.40489178628508343,0.40489178628508343,0.3430239404207034,0.2984989315861793,0.3217505543966422,0.348771003583907,0.2662520491509254,0.17985349979247828,0.11065722117389565,0.11065722117389565,0.11065722117389565,0.21866894587394195,0.11065722117389565,0.0,0.0,-0.11065722117389565,0.0,0.0,0.0,0.0,0.3217505543966422,0.3217505543966422,0.0,0.0,0.0,0.0,0.0,0.0,0.0,0.0,0.0,0.0,0.0,0.24497866312686414,0.0,-0.11065722117389565,-0.09966865249116202,0.0,0.17985349979247828,0.348771003583907,0.348771003583907,0.348771003583907,0.3671738338182192,0.40489178628508343,0.3671738338182192,0.3430239404207034,0.3217505543966422,0.3805063771123649,0.3028848683749714,0.3028848683749714,0.43662715981354133,0.4899573262537283,0.5404195002705842,0.5585993153435624,0.507098504392337,0.4182243295792291,0.35299038782691045,0.33667481938672716,0.4228539261329407
17.5454041960038,router,ba:bd:de:13:68:55,-83,97.46784888603497,64,1.0118439727996589,8.876259951624782,0,0,-9,-18,-9,-16,-9,-15,-7,-14,-6,-12,-7,-11,-8,-12,-7,-11,-6,-10,-6,-9,-6,-8,-7,-8,-6,-9,-5,-9,-6,-7,-8,-6,-9,-6,-7,-5,-5,-5,-5,-5,-6,-4,-6,-5,-5,-6,-4,-5,-4,-4,-4,-2,0,0,0,0,0,0,0,0,0,0,0,0,0,0,0,0,0,0,0,0,0,0,-5,-7,-6,-7,-6,-7,-6,-8,-6,-9,-6,-10,-7,-10,-7,-10,-7,-10,-7,-10,-8,-11,-9,-12,-9,-12,-8,-13,-8,-13,-9,-13,-9,-13,-9,-14,-9,-14,-9,-14,-9,-15,-9,-16,-9,-16,-9,-16,-8,-16,-7,-16,0.0,20.12461179749811,18.35755975068582,17.4928556845359,15.652475842498529,13.416407864998739,13.038404810405298,14.422205101855956,13.038404810405298,11.661903789690601,10.816653826391969,10.0,10.63014581273465,10.816653826391969,10.295630140987,9.219544457292887,10.0,10.816653826391969,8.602325267042627,7.0710678118654755,7.0710678118654755,7.211102550927978,7.810249675906654,7.810249675906654,6.4031242374328485,5.656854249492381,4.47213595499958,0.0,0.0,0.0,0.0,0.0,0.0,0.0,0.0,0.0,0.0,0.0,8.602325267042627,9.219544457292887,9.219544457292887,10.0,10.816653826391969,11.661903789690601,12.206555615733702,12.206555615733702,12.206555615733702,12.206555615733702,13.601470508735444,15.0,15.0,15.264337522473747,15.264337522473747,15.811388300841896,15.811388300841896,16.64331697709324,16.64331697709324,16.64331697709324,17.4928556845359,18.35755975068582,18.35755975068582,18.35755975068582,17.88854381999832,17.46424919657298,0.0,-2.0344439357957027,-2.0831857871056343,-2.1112158270654806,-2.0344439357957027,-2.0344439357957027,-2.137525544318403,-2.158798930342464,-2.137525544318403,-2.1112158270654806,-2.158798930342464,-2.214297435588181,-2.289626326416521,-2.158798930342464,-2.0778948311872334,-2.279422598922567,-2.498091544796509,-2.5535900500422257,-2.5213431676069717,-2.356194490192345,-2.356194490192345,-2.5535900500422257,-2.44685437739309,-2.2655346029916,-2.2455372690184494,-2.356194490192345,-2.677945044588987,0.0,0.0,0.0,0.0,0.0,0.0,0.0,0.0,0.0,0.0,0.0,-2.191045812777718,-2.279422598922567,-2.279422598922567,-2.214297435588181,-2.158798930342464,-2.1112158270654806,-2.1815222911841055,-2.1815222911841055,-2.1815222911841055,-2.1815222911841055,-2.1995926132103296,-2.214297435588181,-2.214297435588181,-2.1224513093234436,-2.1224513093234436,-2.1763409903998667,-2.1763409903998667,-2.1421338066285234,-2.1421338066285234,-2.1421338066285234,-2.1112158270654806,-2.0831857871056343,-2.0831857871056343,-2.0831857871056343,-2.0344439357957027,-1.9832067683922838
17.655564371001674,router,ba:bd:de:13:68:55,-83,97.46784888603497,64,1.0120916499477983,8.815130728010502,0,0,-20,-3,-19,-3,-19,-2,-18,-2,-17,-2,-15,-3,-15,-3,-14,-2,-13,-1,-12,0,-11,0,-10,1,-10,1,-10,1,-10,1,-10,2,-9,2,-9,2,-8,3,-7,3,-7,3,-7,3,-8,2,-8,2,-8,0,-8,-3,0,0,0,0,0,0,0,0,0,0,0,0,0,0,0,0,0,0,0,0,0,0,-7,1,-9,1,-10,0,-11,-1,-13,-2,-13,-3,-12,-3,-12,-3,-13,-2,-14,-2,-15,-2,-16,-1,-15,-1,-15,-2,-16,-3,-16,-2,-16,-1,-16,-2,-18,-3,-19,-3,-20,-4,-18,-4,-18,-3,-19,-2,-20,-2,-21,-2,0.0,20.223748416156685,19.235384061671343,19.1049731745428,18.110770276274835,17.11724276862369,15.297058540778355,15.297058540778355,14.142135623730951,13.038404810405298,12.0,11.0,10.04987562112089,10.04987562112089,10.04987562112089,10.04987562112089,10.198039027185569,9.219544457292887,9.219544457292887,8.54400374531753,7.615773105863909,7.615773105863909,7.615773105863909,8.246211251235321,8.246211251235321,8.0,8.54400374531753,0.0,0.0,0.0,0.0,0.0,0.0,0.0,0.0,0.0,0.0,0.0,7.0710678118654755,9.055385138137417,10.0,11.045361017187261,13.152946437965905,13.341664064126334,12.36931687685298,12.36931687685298,13.152946437965905,14.142135623730951,15.132745950421556,16.0312195418814,15.033296378372908,15.132745950421556,16.278820596099706,16.1245154965971,16.0312195418814,16.1245154965971,18.24828759089466,19.235384061671343,20.396078054371138,18.439088914585774,18.24828759089466,19.1049731745428,20.09975124224178,21.095023109728988,0.0,-2.992702705980296,-2.984990776607778,-3.036715714859559,-3.0309354324158977,-3.024483909022929,-2.9441970937399127,-2.9441970937399127,-2.999695598985629,-3.064820762320015,3.141592653589793,3.141592653589793,3.0419240010986313,3.0419240010986313,3.0419240010986313,3.0419240010986313,2.9441970937399127,2.922923707715851,2.922923707715851,2.782821983319221,2.7367008673047097,2.7367008673047097,2.7367008673047097,2.896613990462929,2.896613990462929,3.141592653589793,-2.782821983319221,0.0,0.0,0.0,0.0,0.0,0.0,0.0,0.0,0.0,0.0,0.0,2.999695598985629,3.0309354324158977,3.141592653589793,-3.050932766389048,-2.988943325194528,-2.9147938055359073,-2.896613990462929,-2.896613990462929,-2.988943325194528,-2.999695598985629,-3.0090411212931194,-3.079173843593836,-3.0750244898139694,-3.0090411212931194,-2.9562447035940984,-3.017237659043032,-3.079173843593836,-3.017237659043032,-2.976443976175166,-2.984990776607778,-2.9441970937399127,-2.922923707715851,-2.976443976175166,-3.036715714859559,-3.0419240010986313,-3.046640947247037
17.762172139999166,router,ba:bd:de:13:68:55,-84,100.59365835540206,64,1.0124069306897772,8.781740358872552,0,0,15,12,15,11,14,12,13,11,11,10,10,9,11,7,10,6,8,6,8,6,9,6,9,5,9,5,8,5,8,4,8,4,8,3,8,3,7,2,8,2,8,3,7,2,7,2,7,2,6,2,5,3,0,0,0,0,0,0,0,0,0,0,0,0,0,0,0,0,0,0,0,0,0,0,9,3,6,3,5,3,6,3,8,5,8,6,9,7,9,7,10,7,11,8,10,8,10,8,10,8,10,7,11,8,11,8,12,9,12,9,13,10,13,9,13,10,13,10,14,10,15,11,16,12,16,12,0.0,19.209372712298546,18.601075237738275,18.439088914585774,17.029386365926403,14.866068747318506,13.45362404707371,13.038404810405298,11.661903789690601,10.0,10.0,10.816653826391969,10.295630140987,10.295630140987,9.433981132056603,8.94427190999916,8.94427190999916,8.54400374531753,8.54400374531753,7.280109889280518,8.246211251235321,8.54400374531753,7.280109889280518,7.280109889280518,7.280109889280518,6.324555320336759,5.830951894845301,0.0,0.0,0.0,0.0,0.0,0.0,0.0,0.0,0.0,0.0,0.0,9.486832980505138,6.708203932499369,5.830951894845301,6.708203932499369,9.433981132056603,10.0,11.40175425099138,11.40175425099138,12.206555615733702,13.601470508735444,12.806248474865697,12.806248474865697,12.806248474865697,12.206555615733702,13.601470508735444,13.601470508735444,15.0,15.0,16.401219466856727,15.811388300841896,16.401219466856727,16.401219466856727,17.204650534085253,18.601075237738275,20.0,20.0,0.0,0.6747409422235526,0.6327488350021832,0.7086262721276703,0.702256931509007,0.7378150601204649,0.7328151017865066,0.5667292175235064,0.5404195002705842,0.6435011087932844,0.6435011087932844,0.5880026035475675,0.507098504392337,0.507098504392337,0.5585993153435624,0.4636476090008061,0.4636476090008061,0.35877067027057225,0.35877067027057225,0.27829965900511133,0.24497866312686414,0.35877067027057225,0.27829965900511133,0.27829965900511133,0.27829965900511133,0.3217505543966422,0.5404195002705842,0.0,0.0,0.0,0.0,0.0,0.0,0.0,0.0,0.0,0.0,0.0,0.3217505543966422,0.4636476090008061,0.5404195002705842,0.4636476090008061,0.5585993153435624,0.6435011087932844,0.6610431688506869,0.6610431688506869,0.6107259643892086,0.628796286415433,0.6747409422235526,0.6747409422235526,0.6747409422235526,0.6107259643892086,0.628796286415433,0.628796286415433,0.6435011087932844,0.6435011087932844,0.6556956262415362,0.6055446636049701,0.6556956262415362,0.6556956262415362,0.6202494859828215,0.6327488350021832,0.6435011087932844,0.6435011087932844
17.863452167002833,router,ba:bd:de:13:68:55,-84,100.59365835540206,64,1.011097122982478,8.756045811559336,0,0,13,-12,13,-11,13,-10,12,-9,11,-9,10,-8,11,-7,10,-7,10,-7,9,-7,9,-8,8,-8,6,-8,4,-8,4,-8,5,-7,5,-7,4,-6,4,-7,3,-8,4,-8,5,-7,6,-7,5,-7,4,-6,3,-4,0,0,0,0,0,0,0,0,0,0,0,0,0,0,0,0,0,0,0,0,0,0,6,-6,6,-7,6,-7,6,-7,7,-7,8,-7,9,-7,10,-6,10,-6,10,-7,10,-7,9,-8,10,-7,11,-7,12,-8,12,-9,12,-9,13,-8,14,-9,15,-10,15,-11,15,-11,15,-11,15,-11,14,-11,14,-10,0.0,17.69180601295413,17.029386365926403,16.401219466856727,15.0,14.212670403551895,12.806248474865697,13.038404810405298,12.206555615733702,12.206555615733702,11.40175425099138,12.041594578792296,11.313708498984761,10.0,8.94427190999916,8.94427190999916,8.602325267042627,8.602325267042627,7.211102550927978,8.06225774829855,8.54400374531753,8.94427190999916,8.602325267042627,9.219544457292887,8.602325267042627,7.211102550927978,5.0,0.0,0.0,0.0,0.0,0.0,0.0,0.0,0.0,0.0,0.0,0.0,8.48528137423857,9.219544457292887,9.219544457292887,9.219544457292887,9.899494936611665,10.63014581273465,11.40175425099138,11.661903789690601,11.661903789690601,12.206555615733702,12.206555615733702,12.041594578792296,12.206555615733702,13.038404810405298,14.422205101855956,15.0,15.0,15.264337522473747,16.64331697709324,18.027756377319946,18.601075237738275,18.601075237738275,18.601075237738275,18.601075237738275,17.804493814764857,17.204650534085253,0.0,-0.7454194762741583,-0.702256931509007,-0.6556956262415362,-0.6435011087932844,-0.6857295109062863,-0.6747409422235526,-0.5667292175235064,-0.6107259643892086,-0.6107259643892086,-0.6610431688506869,-0.7266423406817256,-0.7853981633974483,-0.9272952180016122,-1.1071487177940904,-1.1071487177940904,-0.9505468408120752,-0.9505468408120752,-0.982793723247329,-1.0516502125483738,-1.2120256565243244,-1.1071487177940904,-0.9505468408120752,-0.8621700546672264,-0.9505468408120752,-0.982793723247329,-0.9272952180016122,0.0,0.0,0.0,0.0,0.0,0.0,0.0,0.0,0.0,0.0,0.0,-0.7853981633974483,-0.8621700546672264,-0.8621700546672264,-0.8621700546672264,-0.7853981633974483,-0.7188299996216245,-0.6610431688506869,-0.5404195002705842,-0.5404195002705842,-0.6107259643892086,-0.6107259643892086,-0.7266423406817256,-0.6107259643892086,-0.5667292175235064,-0.5880026035475675,-0.6435011087932844,-0.6435011087932844,-0.5516549825285468,-0.5713374798336268,-0.5880026035475675,-0.6327488350021832,-0.6327488350021832,-0.6327488350021832,-0.6327488350021832,-0.6659692373791098,-0.6202494859828215
17.976000932001625,router,ba:bd:de:13:68:55,-83,100.59365835540206,64,1.0092221725272488,8.733334573938372,0,0,-8,-18,-9,-16,-8,-16,-7,-16,-7,-15,-7,-13,-6,-11,-6,-11,-6,-11,-6,-11,-7,-10,-6,-9,-6,-10,-7,-9,-7,-8,-6,-8,-6,-8,-6,-8,-6,-7,-6,-7,-6,-7,-7,-6,-7,-5,-6,-4,-7,-5,-8,-8,0,0,0,0,0,0,0,0,0,0,0,0,0,0,0,0,0,0,0,0,0,0,-6,-7,-6,-6,-6,-7,-6,-8,-7,-9,-8,-9,-8,-10,-8,-11,-8,-11,-8,-12,-8,-13,-8,-12,-8,-11,-9,-13,-7,-14,-7,-14,-9,-13,-10,-14,-10,-15,-10,-17,-10,-17,-9,-17,-9,-17,-10,-18,-11,-18,-10,-17,0.0,19.697715603592208,18.35755975068582,17.88854381999832,17.46424919657298,16.55294535724685,14.7648230602334,12.529964086141668,12.529964086141668,12.529964086141668,12.529964086141668,12.206555615733702,10.816653826391969,11.661903789690601,11.40175425099138,10.63014581273465,10.0,10.0,10.0,9.219544457292887,9.219544457292887,9.219544457292887,9.219544457292887,8.602325267042627,7.211102550927978,8.602325267042627,11.313708498984761,0.0,0.0,0.0,0.0,0.0,0.0,0.0,0.0,0.0,0.0,0.0,9.219544457292887,8.48528137423857,9.219544457292887,10.0,11.40175425099138,12.041594578792296,12.806248474865697,13.601470508735444,13.601470508735444,14.422205101855956,15.264337522473747,14.422205101855956,13.601470508735444,15.811388300841896,15.652475842498529,15.652475842498529,15.811388300841896,17.204650534085253,18.027756377319946,19.72308292331602,19.72308292331602,19.235384061671343,19.235384061671343,20.591260281974,21.095023109728988,19.72308292331602,0.0,-1.9890206563741257,-2.0831857871056343,-2.0344439357957027,-1.9832067683922838,-2.007423486608438,-2.0647376957144776,-2.0701430484750265,-2.0701430484750265,-2.0701430484750265,-2.0701430484750265,-2.1815222911841055,-2.158798930342464,-2.1112158270654806,-2.2318394956455836,-2.289626326416521,-2.214297435588181,-2.214297435588181,-2.214297435588181,-2.279422598922567,-2.279422598922567,-2.279422598922567,-2.432966381462123,-2.5213431676069717,-2.5535900500422257,-2.5213431676069717,-2.356194490192345,0.0,0.0,0.0,0.0,0.0,0.0,0.0,0.0,0.0,0.0,0.0,-2.279422598922567,-2.356194490192345,-2.279422598922567,-2.214297435588181,-2.2318394956455836,-2.297438667476622,-2.2455372690184494,-2.1995926132103296,-2.1995926132103296,-2.158798930342464,-2.1224513093234436,-2.158798930342464,-2.1995926132103296,-2.1763409903998667,-2.0344439357957027,-2.0344439357957027,-2.1763409903998667,-2.191045812777718,-2.158798930342464,-2.1025203940537023,-2.1025203940537023,-2.0576955586061656,-2.0576955586061656,-2.0778948311872334,-2.1193457292454245,-2.1025203940537023
18.08347480899829,router,ba:bd:de:13:68:55,-84,100.59365835540206,64,1.0085109511813666,8.710269497091572,0,0,0,-18,-1,-18,0,-18,1,-17,1,-16,-1,-15,-2,-13,-3,-13,-3,-12,-3,-11,-1,-12,-1,-11,-2,-11,-2,-11,-3,-10,-3,-9,-2,-10,-3,-11,-2,-10,-1,-9,-1,-9,-2,-8,-2,-8,-2,-8,-2,-9,-3,-12,0,0,0,0,0,0,0,0,0,0,0,0,0,0,0,0,0,0,0,0,0,0,-5,-8,-3,-9,-3,-10,-4,-10,-5,-10,-3,-11,-2,-12,-3,-12,-4,-12,-4,-12,-4,-13,-3,-13,-3,-14,-2,-15,-1,-15,-2,-16,-3,-15,-3,-16,-3,-17,-3,-17,-3,-18,-2,-18,-2,-19,-2,-20,-2,-21,-2,-21,0.0,18.0,18.027756377319946,18.0,17.029386365926403,16.0312195418814,15.033296378372908,13.152946437965905,13.341664064126334,12.36931687685298,11.40175425099138,12.041594578792296,11.045361017187261,11.180339887498949,11.180339887498949,10.44030650891055,9.486832980505138,10.198039027185569,11.40175425099138,10.198039027185569,9.055385138137417,9.055385138137417,8.246211251235321,8.246211251235321,8.246211251235321,9.219544457292887,12.36931687685298,0.0,0.0,0.0,0.0,0.0,0.0,0.0,0.0,0.0,0.0,0.0,9.433981132056603,9.486832980505138,10.44030650891055,10.770329614269007,11.180339887498949,11.40175425099138,12.165525060596439,12.36931687685298,12.649110640673518,12.649110640673518,13.601470508735444,13.341664064126334,14.317821063276353,15.132745950421556,15.033296378372908,16.1245154965971,15.297058540778355,16.278820596099706,17.26267650163207,17.26267650163207,18.24828759089466,18.110770276274835,19.1049731745428,20.09975124224178,21.095023109728988,21.095023109728988,0.0,-1.5707963267948966,-1.6262948320406134,-1.5707963267948966,-1.512040504079174,-1.5083775167989393,-1.6373644905707205,-1.7234456551901618,-1.7975951748487824,-1.8157749899217608,-1.837048375945822,-1.6539375586833378,-1.6614562139956417,-1.750649826587375,-1.750649826587375,-1.8622531212727638,-1.892546881191539,-1.7681918866447774,-1.837048375945822,-1.7681918866447774,-1.6814535479687922,-1.6814535479687922,-1.8157749899217608,-1.8157749899217608,-1.8157749899217608,-1.7894652726688385,-1.8157749899217608,0.0,0.0,0.0,0.0,0.0,0.0,0.0,0.0,0.0,0.0,0.0,-2.129395642138459,-1.892546881191539,-1.8622531212727638,-1.9513027039072615,-2.0344439357957027,-1.837048375945822,-1.7359450042095235,-1.8157749899217608,-1.892546881191539,-1.892546881191539,-1.8692952583810758,-1.7975951748487824,-1.7818896600176433,-1.7033478590915707,-1.6373644905707205,-1.695151321341658,-1.7681918866447774,-1.7561442767905915,-1.7454685258031364,-1.7454685258031364,-1.7359450042095235,-1.6814535479687922,-1.6756732655251305,-1.6704649792860586,-1.6657480331376529,-1.6657480331376529
18.1844902849989,router,ba:bd:de:13:68:55,-83,100.59365835540206,64,1.007069173242728,8.684503501066196,0,0,3,14,3,14,3,15,3,15,3,14,2,14,2,13,3,12,3,11,3,9,3,8,3,8,3,7,4,7,5,7,4,6,4,5,4,5,4,5,4,6,4,5,5,5,5,6,5,5,5,5,2,7,0,0,0,0,0,0,0,0,0,0,0,0,0,0,0,0,0,0,0,0,0,0,2,5,2,6,3,6,4,8,3,9,3,9,3,9,2,11,2,11,3,12,3,12,4,12,4,12,3,12,3,12,3,13,3,14,3,14,4,15,4,15,4,15,4,16,4,16,3,16,3,17,5,18,0.0,14.317821063276353,14.317821063276353,15.297058540778355,15.297058540778355,14.317821063276353,14.142135623730951,13.152946437965905,12.36931687685298,11.40175425099138,9.486832980505138,8.54400374531753,8.54400374531753,7.615773105863909,8.06225774829855,8.602325267042627,7.211102550927978,6.4031242374328485,6.4031242374328485,6.4031242374328485,7.211102550927978,6.4031242374328485,7.0710678118654755,7.810249675906654,7.0710678118654755,7.0710678118654755,7.280109889280518,0.0,0.0,0.0,0.0,0.0,0.0,0.0,0.0,0.0,0.0,0.0,5.385164807134504,6.324555320336759,6.708203932499369,8.94427190999916,9.486832980505138,9.486832980505138,9.486832980505138,11.180339887498949,11.180339887498949,12.36931687685298,12.36931687685298,12.649110640673518,12.649110640673518,12.36931687685298,12.36931687685298,13.341664064126334,14.317821063276353,14.317821063276353,15.524174696260024,15.524174696260024,15.524174696260024,16.492422502470642,16.492422502470642,16.278820596099706,17.26267650163207,18.681541692269406,0.0,1.35970299357215,1.35970299357215,1.373400766945016,1.373400766945016,1.35970299357215,1.4288992721907328,1.4181469983996315,1.3258176636680326,1.3045442776439713,1.2490457723982544,1.2120256565243244,1.2120256565243244,1.1659045405098132,1.0516502125483738,0.9505468408120752,0.982793723247329,0.8960553845713439,0.8960553845713439,0.8960553845713439,0.982793723247329,0.8960553845713439,0.7853981633974483,0.8760580505981934,0.7853981633974483,0.7853981633974483,1.2924966677897853,0.0,0.0,0.0,0.0,0.0,0.0,0.0,0.0,0.0,0.0,0.0,1.1902899496825317,1.2490457723982544,1.1071487177940904,1.1071487177940904,1.2490457723982544,1.2490457723982544,1.2490457723982544,1.3909428270024184,1.3909428270024184,1.3258176636680326,1.3258176636680326,1.2490457723982544,1.2490457723982544,1.3258176636680326,1.3258176636680326,1.3439974787410107,1.35970299357215,1.35970299357215,1.3101939350475555,1.3101939350475555,1.3101939350475555,1.3258176636680326,1.3258176636680326,1.3854483767992019,1.396124127786657,1.299849476456476
18.293687308003427,router,ba:bd:de:13:68:55,-84,100.59365835540206,64,1.0044426997008482,8.654569217624008,0,0,9,-17,8,-16,7,-16,7,-15,7,-13,6,-12,5,-11,5,-11,6,-12,5,-11,4,-10,2,-11,2,-10,2,-10,2,-11,3,-10,2,-9,1,-9,1,-8,2,-7,2,-8,1,-8,0,-7,0,-6,0,-7,-1,-8,0,0,0,0,0,0,0,0,0,0,0,0,0,0,0,0,0,0,0,0,0,0,2,-7,3,-8,3,-10,4,-11,4,-10,4,-9,4,-10,5,-11,6,-11,6,-12,5,-13,6,-14,8,-13,9,-13,8,-13,7,-15,7,-16,8,-16,9,-15,9,-14,8,-16,8,-17,9,-18,9,-17,9,-17,10,-17,0.0,19.235384061671343,17.88854381999832,17.46424919657298,16.55294535724685,14.7648230602334,13.416407864998739,12.083045973594572,12.083045973594572,13.416407864998739,12.083045973594572,10.770329614269007,11.180339887498949,10.198039027185569,10.198039027185569,11.180339887498949,10.44030650891055,9.219544457292887,9.055385138137417,8.06225774829855,7.280109889280518,8.246211251235321,8.06225774829855,7.0,6.0,7.0,8.06225774829855,0.0,0.0,0.0,0.0,0.0,0.0,0.0,0.0,0.0,0.0,0.0,7.280109889280518,8.54400374531753,10.44030650891055,11.704699910719626,10.770329614269007,9.848857801796104,10.770329614269007,12.083045973594572,12.529964086141668,13.416407864998739,13.92838827718412,15.231546211727817,15.264337522473747,15.811388300841896,15.264337522473747,16.55294535724685,17.46424919657298,17.88854381999832,17.4928556845359,16.64331697709324,17.88854381999832,18.788294228055936,20.12461179749811,19.235384061671343,19.235384061671343,19.72308292331602,0.0,-1.0838970949836275,-1.1071487177940904,-1.1583858851975093,-1.1341691669813554,-1.0768549578753155,-1.1071487177940904,-1.1441688336680205,-1.1441688336680205,-1.1071487177940904,-1.1441688336680205,-1.1902899496825317,-1.3909428270024184,-1.373400766945016,-1.373400766945016,-1.3909428270024184,-1.2793395323170296,-1.3521273809209546,-1.460139105621001,-1.446441332248135,-1.2924966677897853,-1.3258176636680326,-1.446441332248135,-1.5707963267948966,-1.5707963267948966,-1.5707963267948966,-1.695151321341658,0.0,0.0,0.0,0.0,0.0,0.0,0.0,0.0,0.0,0.0,0.0,-1.2924966677897853,-1.2120256565243244,-1.2793395323170296,-1.2220253232109897,-1.1902899496825317,-1.1525719972156676,-1.1902899496825317,-1.1441688336680205,-1.0714496051147666,-1.1071487177940904,-1.2036224929766774,-1.1659045405098132,-1.0191413442663497,-0.9652516631899266,-1.0191413442663497,-1.1341691669813554,-1.1583858851975093,-1.1071487177940904,-1.0303768265243125,-0.9994588469612699,-1.1071487177940904,-1.1309537439791604,-1.1071487177940904,-1.0838970949836275,-1.0838970949836275,-1.039072259536091
18.40253391599981,router,ba:bd:de:13:68:55,-84,100.59365835540206,64,1.002807014748632,8.619653503361777,0,0,18,-8,18,-9,18,-8,16,-8,14,-7,13,-6,13,-6,12,-7,11,-7,11,-7,11,-7,10,-6,8,-5,7,-6,7,-7,7,-7,7,-7,7,-6,6,-6,6,-5,6,-5,6,-5,6,-5,6,-4,6,-3,3,-3,0,0,0,0,0,0,0,0,0,0,0,0,0,0,0,0,0,0,0,0,0,0,6,-7,6,-6,6,-7,8,-7,9,-6,8,-6,8,-6,9,-7,11,-8,11,-7,11,-8,11,-8,10,-7,12,-6,13,-8,14,-9,15,-7,15,-6,16,-6,16,-7,16,-9,16,-10,16,-8,17,-8,17,-9,17,-9,0.0,19.697715603592208,20.12461179749811,19.697715603592208,17.88854381999832,15.652475842498529,14.317821063276353,14.317821063276353,13.892443989449804,13.038404810405298,13.038404810405298,13.038404810405298,11.661903789690601,9.433981132056603,9.219544457292887,9.899494936611665,9.899494936611665,9.899494936611665,9.219544457292887,8.48528137423857,7.810249675906654,7.810249675906654,7.810249675906654,7.810249675906654,7.211102550927978,6.708203932499369,4.242640687119285,0.0,0.0,0.0,0.0,0.0,0.0,0.0,0.0,0.0,0.0,0.0,9.219544457292887,8.48528137423857,9.219544457292887,10.63014581273465,10.816653826391969,10.0,10.0,11.40175425099138,13.601470508735444,13.038404810405298,13.601470508735444,13.601470508735444,12.206555615733702,13.416407864998739,15.264337522473747,16.64331697709324,16.55294535724685,16.15549442140351,17.08800749063506,17.46424919657298,18.35755975068582,18.867962264113206,17.88854381999832,18.788294228055936,19.235384061671343,19.235384061671343,0.0,-0.4182243295792291,-0.4636476090008061,-0.4182243295792291,-0.4636476090008061,-0.4636476090008061,-0.43240777557053783,-0.43240777557053783,-0.5280744484263596,-0.5667292175235064,-0.5667292175235064,-0.5667292175235064,-0.5404195002705842,-0.5585993153435624,-0.7086262721276703,-0.7853981633974483,-0.7853981633974483,-0.7853981633974483,-0.7086262721276703,-0.7853981633974483,-0.6947382761967031,-0.6947382761967031,-0.6947382761967031,-0.6947382761967031,-0.5880026035475675,-0.4636476090008061,-0.7853981633974483,0.0,0.0,0.0,0.0,0.0,0.0,0.0,0.0,0.0,0.0,0.0,-0.8621700546672264,-0.7853981633974483,-0.8621700546672264,-0.7188299996216245,-0.5880026035475675,-0.6435011087932844,-0.6435011087932844,-0.6610431688506869,-0.628796286415433,-0.5667292175235064,-0.628796286415433,-0.628796286415433,-0.6107259643892086,-0.4636476090008061,-0.5516549825285468,-0.5713374798336268,-0.43662715981354133,-0.3805063771123649,-0.35877067027057225,-0.4124104415973873,-0.5123894603107377,-0.5585993153435624,-0.4636476090008061,-0.4398425828157362,-0.48689923181126904,-0.48689923181126904
18.521695606999856,router,ba:bd:de:13:68:55,-84,100.59365835540206,64,1.0015957310752326,8.579275451034077,0,0,12,-12,12,-11,11,-10,10,-9,10,-10,10,-10,9,-9,8,-9,8,-9,7,-9,6,-10,5,-9,5,-8,4,-9,3,-9,2,-9,2,-8,2,-7,1,-7,2,-7,2,-7,1,-7,2,-6,2,-6,2,-6,3,-6,0,0,0,0,0,0,0,0,0,0,0,0,0,0,0,0,0,0,0,0,0,0,7,-5,7,-5,8,-5,7,-6,6,-7,7,-8,7,-9,7,-10,8,-9,8,-9,8,-8,8,-9,9,-10,10,-10,11,-10,11,-11,11,-12,10,-13,10,-13,10,-12,12,-12,13,-11,12,-11,12,-12,13,-12,14,-11,0.0,16.97056274847714,16.278820596099706,14.866068747318506,13.45362404707371,14.142135623730951,14.142135623730951,12.727922061357855,12.041594578792296,12.041594578792296,11.40175425099138,11.661903789690601,10.295630140987,9.433981132056603,9.848857801796104,9.486832980505138,9.219544457292887,8.246211251235321,7.280109889280518,7.0710678118654755,7.280109889280518,7.280109889280518,7.0710678118654755,6.324555320336759,6.324555320336759,6.324555320336759,6.708203932499369,0.0,0.0,0.0,0.0,0.0,0.0,0.0,0.0,0.0,0.0,0.0,8.602325267042627,8.602325267042627,9.433981132056603,9.219544457292887,9.219544457292887,10.63014581273465,11.40175425099138,12.206555615733702,12.041594578792296,12.041594578792296,11.313708498984761,12.041594578792296,13.45362404707371,14.142135623730951,14.866068747318506,15.556349186104045,16.278820596099706,16.401219466856727,16.401219466856727,15.620499351813308,16.97056274847714,17.029386365926403,16.278820596099706,16.97056274847714,17.69180601295413,17.804493814764857,0.0,-0.7853981633974483,-0.7419472680059175,-0.7378150601204649,-0.7328151017865066,-0.7853981633974483,-0.7853981633974483,-0.7853981633974483,-0.844153986113171,-0.844153986113171,-0.9097531579442097,-1.0303768265243125,-1.0636978224025597,-1.0121970114513341,-1.1525719972156676,-1.2490457723982544,-1.3521273809209546,-1.3258176636680326,-1.2924966677897853,-1.4288992721907328,-1.2924966677897853,-1.2924966677897853,-1.4288992721907328,-1.2490457723982544,-1.2490457723982544,-1.2490457723982544,-1.1071487177940904,0.0,0.0,0.0,0.0,0.0,0.0,0.0,0.0,0.0,0.0,0.0,-0.6202494859828215,-0.6202494859828215,-0.5585993153435624,-0.7086262721276703,-0.8621700546672264,-0.8519663271732721,-0.9097531579442097,-0.960070362405688,-0.844153986113171,-0.844153986113171,-0.7853981633974483,-0.844153986113171,-0.83798122500839,-0.7853981633974483,-0.7378150601204649,-0.7853981633974483,-0.8288490587889792,-0.9151007005533605,-0.9151007005533605,-0.8760580505981934,-0.7853981633974483,-0.702256931509007,-0.7419472680059175,-0.7853981633974483,-0.7454194762741583,-0.6659692373791098
18.62300362300448,router,ba:bd:de:13:68:55,-83,100.59365835540206,64,1.0026187626987078,8.53316663445483,0,0,-12,-16,-11,-15,-11,-13,-11,-14,-10,-14,-9,-13,-9,-11,-8,-10,-7,-10,-8,-10,-9,-7,-8,-6,-8,-7,-9,-7,-9,-6,-9,-6,-8,-6,-8,-7,-8,-7,-8,-6,-7,-4,-6,-4,-5,-3,-5,-3,-6,-3,-6,-5,0,0,0,0,0,0,0,0,0,0,0,0,0,0,0,0,0,0,0,0,0,0,-5,-7,-8,-8,-7,-8,-5,-9,-4,-9,-5,-10,-7,-12,-7,-12,-8,-12,-9,-12,-10,-13,-11,-14,-10,-14,-8,-13,-7,-12,-9,-14,-9,-15,-9,-16,-9,-15,-9,-15,-9,-17,-8,-18,-9,-18,-11,-18,-10,-18,-9,-19,0.0,20.0,18.601075237738275,17.029386365926403,17.804493814764857,17.204650534085253,15.811388300841896,14.212670403551895,12.806248474865697,12.206555615733702,12.806248474865697,11.40175425099138,10.0,10.63014581273465,11.40175425099138,10.816653826391969,10.816653826391969,10.0,10.63014581273465,10.63014581273465,10.0,8.06225774829855,7.211102550927978,5.830951894845301,5.830951894845301,6.708203932499369,7.810249675906654,0.0,0.0,0.0,0.0,0.0,0.0,0.0,0.0,0.0,0.0,0.0,8.602325267042627,11.313708498984761,10.63014581273465,10.295630140987,9.848857801796104,11.180339887498949,13.892443989449804,13.892443989449804,14.422205101855956,15.0,16.401219466856727,17.804493814764857,17.204650534085253,15.264337522473747,13.892443989449804,16.64331697709324,17.4928556845359,18.35755975068582,17.4928556845359,17.4928556845359,19.235384061671343,19.697715603592208,20.12461179749811,21.095023109728988,20.591260281974,21.02379604162864,0.0,-2.214297435588181,-2.20354516179708,-2.2730532583039036,-2.2367655641740063,-2.191045812777718,-2.1763409903998667,-2.256525837701183,-2.2455372690184494,-2.1815222911841055,-2.2455372690184494,-2.4805494847391065,-2.498091544796509,-2.4227626539681686,-2.4805494847391065,-2.5535900500422257,-2.5535900500422257,-2.498091544796509,-2.4227626539681686,-2.4227626539681686,-2.498091544796509,-2.62244653934327,-2.5535900500422257,-2.601173153319209,-2.601173153319209,-2.677945044588987,-2.44685437739309,0.0,0.0,0.0,0.0,0.0,0.0,0.0,0.0,0.0,0.0,0.0,-2.191045812777718,-2.356194490192345,-2.289626326416521,-2.0778948311872334,-1.9890206563741257,-2.0344439357957027,-2.0988707752212563,-2.0988707752212563,-2.158798930342464,-2.214297435588181,-2.2264919530364327,-2.2367655641740063,-2.191045812777718,-2.1224513093234436,-2.0988707752212563,-2.1421338066285234,-2.1112158270654806,-2.0831857871056343,-2.1112158270654806,-2.1112158270654806,-2.0576955586061656,-1.9890206563741257,-2.0344439357957027,-2.1193457292454245,-2.0778948311872334,-2.0131705497716417
18.73288226099976,router,ba:bd:de:13:68:55,-83,99.02618403227652,64,1.0026439835556908,8.43528092776692,0,0,-1,-18,0,-18,-1,-18,-2,-15,-2,-13,-2,-13,-2,-12,-1,-12,-2,-11,-3,-10,-3,-10,-3,-10,-3,-9,-3,-9,-3,-8,-4,-8,-4,-9,-4,-9,-4,-9,-4,-7,-3,-6,-2,-6,-3,-7,-3,-6,-3,-5,-1,-4,0,0,0,0,0,0,0,0,0,0,0,0,0,0,0,0,0,0,0,0,0,0,-3,-9,-3,-8,-2,-8,-3,-10,-3,-10,-2,-11,-2,-11,-2,-12,-2,-13,-2,-13,-1,-13,-1,-14,-1,-14,-1,-14,-1,-15,-1,-16,-2,-16,-2,-17,-2,-17,-1,-17,-1,-16,-2,-17,-3,-17,-2,-17,0,-17,1,-17,0.0,18.027756377319946,18.0,18.027756377319946,15.132745950421556,13.152946437965905,13.152946437965905,12.165525060596439,12.041594578792296,11.180339887498949,10.44030650891055,10.44030650891055,10.44030650891055,9.486832980505138,9.486832980505138,8.54400374531753,8.94427190999916,9.848857801796104,9.848857801796104,9.848857801796104,8.06225774829855,6.708203932499369,6.324555320336759,7.615773105863909,6.708203932499369,5.830951894845301,4.123105625617661,0.0,0.0,0.0,0.0,0.0,0.0,0.0,0.0,0.0,0.0,0.0,9.486832980505138,8.54400374531753,8.246211251235321,10.44030650891055,10.44030650891055,11.180339887498949,11.180339887498949,12.165525060596439,13.152946437965905,13.152946437965905,13.038404810405298,14.035668847618199,14.035668847618199,14.035668847618199,15.033296378372908,16.0312195418814,16.1245154965971,17.11724276862369,17.11724276862369,17.029386365926403,16.0312195418814,17.11724276862369,17.26267650163207,17.11724276862369,17.0,17.029386365926403,0.0,-1.6262948320406134,-1.5707963267948966,-1.6262948320406134,-1.7033478590915707,-1.7234456551901618,-1.7234456551901618,-1.7359450042095235,-1.6539375586833378,-1.750649826587375,-1.8622531212727638,-1.8622531212727638,-1.8622531212727638,-1.892546881191539,-1.892546881191539,-1.9295669970654687,-2.0344439357957027,-1.9890206563741257,-1.9890206563741257,-1.9890206563741257,-2.0899424410414196,-2.0344439357957027,-1.892546881191539,-1.97568811307998,-2.0344439357957027,-2.1112158270654806,-1.8157749899217608,0.0,0.0,0.0,0.0,0.0,0.0,0.0,0.0,0.0,0.0,0.0,-1.892546881191539,-1.9295669970654687,-1.8157749899217608,-1.8622531212727638,-1.8622531212727638,-1.750649826587375,-1.750649826587375,-1.7359450042095235,-1.7234456551901618,-1.7234456551901618,-1.6475682180646747,-1.642103791580187,-1.642103791580187,-1.642103791580187,-1.6373644905707205,-1.633215136790854,-1.695151321341658,-1.687905071361761,-1.687905071361761,-1.6295521495106193,-1.633215136790854,-1.687905071361761,-1.7454685258031364,-1.687905071361761,-1.5707963267948966,-1.512040504079174
18.834921145004046,router,ba:bd:de:13:68:55,-84,99.02618403227652,64,1.0016421662718051,8.359083887038842,0,0,11,-15,11,-14,10,-13,9,-13,9,-12,9,-10,9,-10,8,-10,6,-10,5,-10,4,-10,3,-11,4,-10,3,-9,2,-8,1,-9,1,-10,1,-9,1,-7,1,-8,0,-8,0,-8,0,-8,0,-8,1,-8,3,-8,0,0,0,0,0,0,0,0,0,0,0,0,0,0,0,0,0,0,0,0,0,0,6,-6,6,-6,6,-7,7,-7,8,-7,8,-7,7,-7,8,-7,8,-7,10,-7,10,-8,11,-8,11,-8,11,-9,11,-9,11,-10,11,-11,12,-11,12,-12,12,-13,13,-13,13,-13,13,-13,13,-13,13,-13,14,-14,0.0,18.601075237738275,17.804493814764857,16.401219466856727,15.811388300841896,15.0,13.45362404707371,13.45362404707371,12.806248474865697,11.661903789690601,11.180339887498949,10.770329614269007,11.40175425099138,10.770329614269007,9.486832980505138,8.246211251235321,9.055385138137417,10.04987562112089,9.055385138137417,7.0710678118654755,8.06225774829855,8.0,8.0,8.0,8.0,8.06225774829855,8.54400374531753,0.0,0.0,0.0,0.0,0.0,0.0,0.0,0.0,0.0,0.0,0.0,8.48528137423857,8.48528137423857,9.219544457292887,9.899494936611665,10.63014581273465,10.63014581273465,9.899494936611665,10.63014581273465,10.63014581273465,12.206555615733702,12.806248474865697,13.601470508735444,13.601470508735444,14.212670403551895,14.212670403551895,14.866068747318506,15.556349186104045,16.278820596099706,16.97056274847714,17.69180601295413,18.384776310850235,18.384776310850235,18.384776310850235,18.384776310850235,18.384776310850235,19.79898987322333,0.0,-0.9380474917927135,-0.9048270894157867,-0.9151007005533605,-0.9652516631899266,-0.9272952180016122,-0.83798122500839,-0.83798122500839,-0.8960553845713439,-1.0303768265243125,-1.1071487177940904,-1.1902899496825317,-1.3045442776439713,-1.1902899496825317,-1.2490457723982544,-1.3258176636680326,-1.460139105621001,-1.4711276743037347,-1.460139105621001,-1.4288992721907328,-1.446441332248135,-1.5707963267948966,-1.5707963267948966,-1.5707963267948966,-1.5707963267948966,-1.446441332248135,-1.2120256565243244,0.0,0.0,0.0,0.0,0.0,0.0,0.0,0.0,0.0,0.0,0.0,-0.7853981633974483,-0.7853981633974483,-0.8621700546672264,-0.7853981633974483,-0.7188299996216245,-0.7188299996216245,-0.7853981633974483,-0.7188299996216245,-0.7188299996216245,-0.6107259643892086,-0.6747409422235526,-0.628796286415433,-0.628796286415433,-0.6857295109062863,-0.6857295109062863,-0.7378150601204649,-0.7853981633974483,-0.7419472680059175,-0.7853981633974483,-0.8253768505207384,-0.7853981633974483,-0.7853981633974483,-0.7853981633974483,-0.7853981633974483,-0.7853981633974483,-0.7853981633974483
18.949963211998693,router,ba:bd:de:13:68:55,-84,99.02618403227652,64,1.0013261845573778,8.292310100206759,0,0,16,-1,17,-1,17,-2,15,-2,13,-2,13,-2,13,-2,12,-1,10,-1,8,-1,9,-1,10,-2,8,-2,8,-3,8,-3,7,-2,6,-3,7,-4,7,-4,7,-3,6,-3,5,-3,5,-2,6,-1,5,-1,3,0,0,0,0,0,0,0,0,0,0,0,0,0,0,0,0,0,0,0,0,0,0,0,6,-4,6,-3,7,-3,7,-4,8,-3,10,-2,11,-2,11,-3,11,-3,12,-2,13,-2,13,-2,14,-2,14,-3,13,-3,12,-3,13,-2,14,-2,15,-2,14,-3,15,-3,16,-2,17,0,17,0,17,-1,18,-1,0.0,16.0312195418814,17.029386365926403,17.11724276862369,15.132745950421556,13.152946437965905,13.152946437965905,13.152946437965905,12.041594578792296,10.04987562112089,8.06225774829855,9.055385138137417,10.198039027185569,8.246211251235321,8.54400374531753,8.54400374531753,7.280109889280518,6.708203932499369,8.06225774829855,8.06225774829855,7.615773105863909,6.708203932499369,5.830951894845301,5.385164807134504,6.082762530298219,5.0990195135927845,3.0,0.0,0.0,0.0,0.0,0.0,0.0,0.0,0.0,0.0,0.0,0.0,7.211102550927978,6.708203932499369,7.615773105863909,8.06225774829855,8.54400374531753,10.198039027185569,11.180339887498949,11.40175425099138,11.40175425099138,12.165525060596439,13.152946437965905,13.152946437965905,14.142135623730951,14.317821063276353,13.341664064126334,12.36931687685298,13.152946437965905,14.142135623730951,15.132745950421556,14.317821063276353,15.297058540778355,16.1245154965971,17.0,17.0,17.029386365926403,18.027756377319946,0.0,-0.06241880999595735,-0.058755822715722696,-0.11710874456686428,-0.13255153229667402,-0.15264932839526515,-0.15264932839526515,-0.15264932839526515,-0.08314123188844123,-0.09966865249116202,-0.12435499454676144,-0.11065722117389565,-0.19739555984988075,-0.24497866312686414,-0.35877067027057225,-0.35877067027057225,-0.27829965900511133,-0.4636476090008061,-0.5191461142465229,-0.5191461142465229,-0.40489178628508343,-0.4636476090008061,-0.5404195002705842,-0.3805063771123649,-0.16514867741462683,-0.19739555984988075,0.0,0.0,0.0,0.0,0.0,0.0,0.0,0.0,0.0,0.0,0.0,0.0,-0.5880026035475675,-0.4636476090008061,-0.40489178628508343,-0.5191461142465229,-0.35877067027057225,-0.19739555984988075,-0.17985349979247828,-0.2662520491509254,-0.2662520491509254,-0.16514867741462683,-0.15264932839526515,-0.15264932839526515,-0.14189705460416394,-0.21109333322274654,-0.22679884805388587,-0.24497866312686414,-0.15264932839526515,-0.14189705460416394,-0.13255153229667402,-0.21109333322274654,-0.19739555984988075,-0.12435499454676144,0.0,0.0,-0.058755822715722696,-0.05549850524571683
19.052251649998652,router,ba:bd:de:13:68:55,-84,99.02618403227652,64,1.0020645844544465,8.2277549813318,0,0,12,-7,12,-6,13,-6,13,-6,12,-6,11,-7,10,-7,9,-6,8,-7,9,-7,9,-7,9,-6,7,-7,5,-7,4,-5,4,-6,3,-7,4,-8,4,-8,4,-8,4,-7,3,-6,3,-5,4,-6,5,-7,6,-6,0,0,0,0,0,0,0,0,0,0,0,0,0,0,0,0,0,0,0,0,0,0,6,-3,7,-4,7,-4,8,-4,9,-4,10,-3,10,-3,9,-3,10,-4,11,-5,11,-5,11,-4,12,-5,13,-5,12,-5,12,-6,13,-6,14,-6,14,-7,15,-7,15,-7,16,-7,14,-8,14,-8,14,-9,15,-8,0.0,13.892443989449804,13.416407864998739,14.317821063276353,14.317821063276353,13.416407864998739,13.038404810405298,12.206555615733702,10.816653826391969,10.63014581273465,11.40175425099138,11.40175425099138,10.816653826391969,9.899494936611665,8.602325267042627,6.4031242374328485,7.211102550927978,7.615773105863909,8.94427190999916,8.94427190999916,8.94427190999916,8.06225774829855,6.708203932499369,5.830951894845301,7.211102550927978,8.602325267042627,8.48528137423857,0.0,0.0,0.0,0.0,0.0,0.0,0.0,0.0,0.0,0.0,0.0,6.708203932499369,8.06225774829855,8.06225774829855,8.94427190999916,9.848857801796104,10.44030650891055,10.44030650891055,9.486832980505138,10.770329614269007,12.083045973594572,12.083045973594572,11.704699910719626,13.0,13.92838827718412,13.0,13.416407864998739,14.317821063276353,15.231546211727817,15.652475842498529,16.55294535724685,16.55294535724685,17.46424919657298,16.1245154965971,16.1245154965971,16.64331697709324,17.0,0.0,-0.5280744484263596,-0.4636476090008061,-0.43240777557053783,-0.43240777557053783,-0.4636476090008061,-0.5667292175235064,-0.6107259643892086,-0.5880026035475675,-0.7188299996216245,-0.6610431688506869,-0.6610431688506869,-0.5880026035475675,-0.7853981633974483,-0.9505468408120752,-0.8960553845713439,-0.982793723247329,-1.1659045405098132,-1.1071487177940904,-1.1071487177940904,-1.1071487177940904,-1.0516502125483738,-1.1071487177940904,-1.0303768265243125,-0.982793723247329,-0.9505468408120752,-0.7853981633974483,0.0,0.0,0.0,0.0,0.0,0.0,0.0,0.0,0.0,0.0,0.0,-0.4636476090008061,-0.5191461142465229,-0.5191461142465229,-0.4636476090008061,-0.4182243295792291,-0.2914567944778671,-0.2914567944778671,-0.3217505543966422,-0.3805063771123649,-0.4266274931268761,-0.4266274931268761,-0.348771003583907,-0.3947911196997615,-0.3671738338182192,-0.3947911196997615,-0.4636476090008061,-0.43240777557053783,-0.40489178628508343,-0.4636476090008061,-0.43662715981354133,-0.43662715981354133,-0.4124104415973873,-0.5191461142465229,-0.5191461142465229,-0.5713374798336268,-0.4899573262537283
19.16170797200175,router,ba:bd:de:13:68:55,-83,99.02618403227652,64,1.002880941959604,8.161312490001864,0,0,14,11,13,11,12,10,11,9,10,8,9,7,9,7,9,6,8,7,8,6,7,6,8,6,9,6,9,4,8,4,8,5,7,4,7,2,7,2,7,3,5,3,5,3,6,3,7,3,7,2,6,1,0,0,0,0,0,0,0,0,0,0,0,0,0,0,0,0,0,0,0,0,0,0,7,4,8,4,7,4,8,3,9,2,9,3,9,5,11,6,11,7,11,7,10,7,11,7,11,7,10,8,10,8,11,8,13,9,13,9,13,8,13,9,12,10,13,11,13,12,14,12,15,11,14,11,0.0,17.804493814764857,17.029386365926403,15.620499351813308,14.212670403551895,12.806248474865697,11.40175425099138,11.40175425099138,10.816653826391969,10.63014581273465,10.0,9.219544457292887,10.0,10.816653826391969,9.848857801796104,8.94427190999916,9.433981132056603,8.06225774829855,7.280109889280518,7.280109889280518,7.615773105863909,5.830951894845301,5.830951894845301,6.708203932499369,7.615773105863909,7.280109889280518,6.082762530298219,0.0,0.0,0.0,0.0,0.0,0.0,0.0,0.0,0.0,0.0,0.0,8.06225774829855,8.94427190999916,8.06225774829855,8.54400374531753,9.219544457292887,9.486832980505138,10.295630140987,12.529964086141668,13.038404810405298,13.038404810405298,12.206555615733702,13.038404810405298,13.038404810405298,12.806248474865697,12.806248474865697,13.601470508735444,15.811388300841896,15.811388300841896,15.264337522473747,15.811388300841896,15.620499351813308,17.029386365926403,17.69180601295413,18.439088914585774,18.601075237738275,17.804493814764857,0.0,0.6659692373791098,0.702256931509007,0.6947382761967031,0.6857295109062863,0.6747409422235526,0.6610431688506869,0.6610431688506869,0.5880026035475675,0.7188299996216245,0.6435011087932844,0.7086262721276703,0.6435011087932844,0.5880026035475675,0.4182243295792291,0.4636476090008061,0.5585993153435624,0.5191461142465229,0.27829965900511133,0.27829965900511133,0.40489178628508343,0.5404195002705842,0.5404195002705842,0.4636476090008061,0.40489178628508343,0.27829965900511133,0.16514867741462683,0.0,0.0,0.0,0.0,0.0,0.0,0.0,0.0,0.0,0.0,0.0,0.5191461142465229,0.4636476090008061,0.5191461142465229,0.35877067027057225,0.21866894587394195,0.3217505543966422,0.507098504392337,0.4993467216801301,0.5667292175235064,0.5667292175235064,0.6107259643892086,0.5667292175235064,0.5667292175235064,0.6747409422235526,0.6747409422235526,0.628796286415433,0.6055446636049701,0.6055446636049701,0.5516549825285468,0.6055446636049701,0.6947382761967031,0.702256931509007,0.7454194762741583,0.7086262721276703,0.6327488350021832,0.6659692373791098
19.26295814700279,router,ba:bd:de:13:68:55,-84,99.02618403227652,64,1.0033536511586796,8.09075102887447,0,0,-4,-18,-3,-18,-2,-18,-1,-17,-1,-16,-2,-16,-2,-15,-2,-13,-3,-12,-4,-11,-3,-11,-3,-10,-4,-9,-5,-8,-5,-8,-6,-8,-6,-8,-6,-8,-6,-8,-5,-7,-5,-7,-4,-7,-4,-6,-3,-7,-3,-8,-2,-9,0,0,0,0,0,0,0,0,0,0,0,0,0,0,0,0,0,0,0,0,0,0,-4,-8,-4,-7,-2,-7,0,-9,0,-10,-1,-11,-1,-11,-1,-12,0,-12,0,-14,-1,-15,-1,-14,0,-13,0,-14,-1,-15,-2,-16,-2,-17,0,-17,0,-17,-1,-18,-2,-18,-1,-17,-1,-17,-1,-18,-1,-18,-1,-19,0.0,18.439088914585774,18.24828759089466,18.110770276274835,17.029386365926403,16.0312195418814,16.1245154965971,15.132745950421556,13.152946437965905,12.36931687685298,11.704699910719626,11.40175425099138,10.44030650891055,9.848857801796104,9.433981132056603,9.433981132056603,10.0,10.0,10.0,10.0,8.602325267042627,8.602325267042627,8.06225774829855,7.211102550927978,7.615773105863909,8.54400374531753,9.219544457292887,0.0,0.0,0.0,0.0,0.0,0.0,0.0,0.0,0.0,0.0,0.0,8.94427190999916,8.06225774829855,7.280109889280518,9.0,10.0,11.045361017187261,11.045361017187261,12.041594578792296,12.0,14.0,15.033296378372908,14.035668847618199,13.0,14.0,15.033296378372908,16.1245154965971,17.11724276862369,17.0,17.0,18.027756377319946,18.110770276274835,17.029386365926403,17.029386365926403,18.027756377319946,18.027756377319946,19.026297590440446,0.0,-1.7894652726688385,-1.7359450042095235,-1.6814535479687922,-1.6295521495106193,-1.633215136790854,-1.695151321341658,-1.7033478590915707,-1.7234456551901618,-1.8157749899217608,-1.9195673303788037,-1.837048375945822,-1.8622531212727638,-1.9890206563741257,-2.129395642138459,-2.129395642138459,-2.214297435588181,-2.214297435588181,-2.214297435588181,-2.214297435588181,-2.191045812777718,-2.191045812777718,-2.0899424410414196,-2.158798930342464,-1.97568811307998,-1.9295669970654687,-1.7894652726688385,0.0,0.0,0.0,0.0,0.0,0.0,0.0,0.0,0.0,0.0,0.0,-2.0344439357957027,-2.0899424410414196,-1.849095985800008,-1.5707963267948966,-1.5707963267948966,-1.6614562139956417,-1.6614562139956417,-1.6539375586833378,-1.5707963267948966,-1.5707963267948966,-1.6373644905707205,-1.642103791580187,-1.5707963267948966,-1.5707963267948966,-1.6373644905707205,-1.695151321341658,-1.687905071361761,-1.5707963267948966,-1.5707963267948966,-1.6262948320406134,-1.6814535479687922,-1.6295521495106193,-1.6295521495106193,-1.6262948320406134,-1.6262948320406134,-1.6233793884058383
19.372187323002436,router,ba:bd:de:13:68:55,-83,99.02618403227652,64,1.003522792513041,8.014986070424856,0,0,-6,18,-6,17,-5,16,-6,14,-6,13,-5,13,-4,12,-4,11,-5,11,-4,10,-3,9,-2,9,-1,9,-1,9,-1,8,-2,8,-2,8,-1,8,0,8,1,8,1,7,0,7,-2,7,-2,7,-2,7,-3,8,0,0,0,0,0,0,0,0,0,0,0,0,0,0,0,0,0,0,0,0,0,0,-2,8,-1,8,0,8,-1,9,-2,9,-1,10,-1,10,-3,11,-4,12,-4,12,-5,12,-5,12,-5,13,-5,14,-4,15,-4,16,-4,15,-4,14,-4,14,-4,15,-3,16,-4,17,-5,17,-5,17,-6,17,-6,18,0.0,18.973665961010276,18.027756377319946,16.76305461424021,15.231546211727817,14.317821063276353,13.92838827718412,12.649110640673518,11.704699910719626,12.083045973594572,10.770329614269007,9.486832980505138,9.219544457292887,9.055385138137417,9.055385138137417,8.06225774829855,8.246211251235321,8.246211251235321,8.06225774829855,8.0,8.06225774829855,7.0710678118654755,7.0,7.280109889280518,7.280109889280518,7.280109889280518,8.54400374531753,0.0,0.0,0.0,0.0,0.0,0.0,0.0,0.0,0.0,0.0,0.0,8.246211251235321,8.06225774829855,8.0,9.055385138137417,9.219544457292887,10.04987562112089,10.04987562112089,11.40175425099138,12.649110640673518,12.649110640673518,13.0,13.0,13.92838827718412,14.866068747318506,15.524174696260024,16.492422502470642,15.524174696260024,14.560219778561036,14.560219778561036,15.524174696260024,16.278820596099706,17.46424919657298,17.72004514666935,17.72004514666935,18.027756377319946,18.973665961010276,0.0,1.892546881191539,1.9100889412489412,1.873681195169868,1.97568811307998,2.0032041023654346,1.9379701606131159,1.892546881191539,1.9195673303788037,1.9974238199217726,1.9513027039072615,1.892546881191539,1.7894652726688385,1.6814535479687922,1.6814535479687922,1.695151321341658,1.8157749899217608,1.8157749899217608,1.695151321341658,1.5707963267948966,1.446441332248135,1.4288992721907328,1.5707963267948966,1.849095985800008,1.849095985800008,1.849095985800008,1.9295669970654687,0.0,0.0,0.0,0.0,0.0,0.0,0.0,0.0,0.0,0.0,0.0,1.8157749899217608,1.695151321341658,1.5707963267948966,1.6814535479687922,1.7894652726688385,1.6704649792860586,1.6704649792860586,1.837048375945822,1.892546881191539,1.892546881191539,1.965587446494658,1.965587446494658,1.9379701606131159,1.9138202672156,1.8313987185422376,1.8157749899217608,1.8313987185422376,1.849095985800008,1.849095985800008,1.8313987185422376,1.7561442767905915,1.8018869939907938,1.856847768512215,1.856847768512215,1.9100889412489412,1.892546881191539
19.473241956002312,router,ba:bd:de:13:68:55,-84,99.02618403227652,64,1.002548924424656,7.933633974350361,0,0,-12,-13,-13,-12,-13,-12,-12,-11,-12,-10,-11,-9,-9,-8,-9,-7,-10,-7,-10,-6,-10,-6,-10,-6,-8,-5,-7,-5,-8,-5,-9,-4,-9,-3,-8,-3,-7,-4,-7,-5,-6,-4,-5,-4,-6,-4,-6,-5,-5,-4,-6,-2,0,0,0,0,0,0,0,0,0,0,0,0,0,0,0,0,0,0,0,0,0,0,-8,-4,-7,-4,-8,-3,-9,-3,-9,-4,-9,-5,-9,-6,-8,-7,-9,-8,-11,-8,-11,-7,-11,-7,-11,-8,-11,-9,-12,-10,-13,-10,-12,-10,-11,-10,-12,-10,-13,-10,-14,-11,-15,-11,-14,-11,-16,-12,-15,-13,-13,-12,0.0,17.69180601295413,17.69180601295413,17.69180601295413,16.278820596099706,15.620499351813308,14.212670403551895,12.041594578792296,11.40175425099138,12.206555615733702,11.661903789690601,11.661903789690601,11.661903789690601,9.433981132056603,8.602325267042627,9.433981132056603,9.848857801796104,9.486832980505138,8.54400374531753,8.06225774829855,8.602325267042627,7.211102550927978,6.4031242374328485,7.211102550927978,7.810249675906654,6.4031242374328485,6.324555320336759,0.0,0.0,0.0,0.0,0.0,0.0,0.0,0.0,0.0,0.0,0.0,8.94427190999916,8.06225774829855,8.54400374531753,9.486832980505138,9.848857801796104,10.295630140987,10.816653826391969,10.63014581273465,12.041594578792296,13.601470508735444,13.038404810405298,13.038404810405298,13.601470508735444,14.212670403551895,15.620499351813308,16.401219466856727,15.620499351813308,14.866068747318506,15.620499351813308,16.401219466856727,17.804493814764857,18.601075237738275,17.804493814764857,20.0,19.849433241279208,17.69180601295413,0.0,-2.316215803069055,-2.396173177315635,-2.396173177315635,-2.399645385583876,-2.44685437739309,-2.455863142683507,-2.4149503129080676,-2.4805494847391065,-2.5308666892005847,-2.601173153319209,-2.601173153319209,-2.601173153319209,-2.5829933382462307,-2.5213431676069717,-2.5829933382462307,-2.723368324010564,-2.819842099193151,-2.782821983319221,-2.62244653934327,-2.5213431676069717,-2.5535900500422257,-2.4668517113662407,-2.5535900500422257,-2.44685437739309,-2.4668517113662407,-2.819842099193151,0.0,0.0,0.0,0.0,0.0,0.0,0.0,0.0,0.0,0.0,0.0,-2.677945044588987,-2.62244653934327,-2.782821983319221,-2.819842099193151,-2.723368324010564,-2.6344941491974563,-2.5535900500422257,-2.4227626539681686,-2.4149503129080676,-2.5127963671743605,-2.5748634360662868,-2.5748634360662868,-2.5127963671743605,-2.455863142683507,-2.44685437739309,-2.485897027348257,-2.44685437739309,-2.403777593469328,-2.44685437739309,-2.485897027348257,-2.4756234162106834,-2.5088438185876103,-2.4756234162106834,-2.498091544796509,-2.427501954977635,-2.396173177315635
19.583435175001796,router,ba:bd:de:13:68:55,-84,99.02618403227652,64,1.0025497853128962,7.846710732024174,0,0,-14,-11,-15,-12,-15,-11,-15,-10,-14,-9,-13,-9,-11,-9,-11,-9,-11,-8,-11,-6,-10,-5,-10,-5,-10,-4,-10,-3,-9,-2,-9,-2,-9,-2,-9,-2,-8,-1,-8,-1,-9,-1,-8,-1,-7,-1,-7,0,-7,-2,-7,-4,0,0,0,0,0,0,0,0,0,0,0,0,0,0,0,0,0,0,0,0,0,0,-10,-6,-9,-5,-8,-4,-8,-5,-8,-8,-8,-8,-9,-7,-11,-7,-11,-7,-9,-9,-10,-11,-10,-11,-10,-10,-10,-10,-10,-10,-11,-10,-12,-10,-13,-10,-13,-10,-13,-10,-13,-9,-15,-10,-15,-12,-16,-13,-17,-14,-16,-15,0.0,17.804493814764857,19.209372712298546,18.601075237738275,18.027756377319946,16.64331697709324,15.811388300841896,14.212670403551895,14.212670403551895,13.601470508735444,12.529964086141668,11.180339887498949,11.180339887498949,10.770329614269007,10.44030650891055,9.219544457292887,9.219544457292887,9.219544457292887,9.219544457292887,8.06225774829855,8.06225774829855,9.055385138137417,8.06225774829855,7.0710678118654755,7.0,7.280109889280518,8.06225774829855,0.0,0.0,0.0,0.0,0.0,0.0,0.0,0.0,0.0,0.0,0.0,11.661903789690601,10.295630140987,8.94427190999916,9.433981132056603,11.313708498984761,11.313708498984761,11.40175425099138,13.038404810405298,13.038404810405298,12.727922061357855,14.866068747318506,14.866068747318506,14.142135623730951,14.142135623730951,14.142135623730951,14.866068747318506,15.620499351813308,16.401219466856727,16.401219466856727,16.401219466856727,15.811388300841896,18.027756377319946,19.209372712298546,20.615528128088304,22.02271554554524,21.93171219946131,0.0,-2.4756234162106834,-2.4668517113662407,-2.5088438185876103,-2.5535900500422257,-2.5702551737561663,-2.5360479899848234,-2.455863142683507,-2.455863142683507,-2.5127963671743605,-2.642245931909663,-2.677945044588987,-2.677945044588987,-2.761086276477428,-2.8501358591119264,-2.922923707715851,-2.922923707715851,-2.922923707715851,-2.922923707715851,-3.017237659043032,-3.017237659043032,-3.0309354324158977,-3.017237659043032,-2.999695598985629,3.141592653589793,-2.8632929945846817,-2.62244653934327,0.0,0.0,0.0,0.0,0.0,0.0,0.0,0.0,0.0,0.0,0.0,-2.601173153319209,-2.6344941491974563,-2.677945044588987,-2.5829933382462307,-2.356194490192345,-2.356194490192345,-2.4805494847391065,-2.5748634360662868,-2.5748634360662868,-2.356194490192345,-2.3086113869153615,-2.3086113869153615,-2.356194490192345,-2.356194490192345,-2.356194490192345,-2.403777593469328,-2.44685437739309,-2.485897027348257,-2.485897027348257,-2.485897027348257,-2.5360479899848234,-2.5535900500422257,-2.4668517113662407,-2.459276098715045,-2.452668265374932,-2.388441372627599
19.683713696002087,router,ba:bd:de:13:68:55,-83,99.02618403227652,64,1.0029530053891933,7.754442504410476,0,0,-3,-19,-3,-19,-3,-18,-3,-16,-2,-15,-2,-15,-3,-13,-4,-12,-3,-12,-2,-13,-3,-12,-4,-11,-4,-11,-3,-11,-3,-10,-5,-10,-5,-10,-4,-9,-3,-8,-3,-9,-4,-9,-4,-8,-3,-7,-3,-7,-3,-7,-4,-8,0,0,0,0,0,0,0,0,0,0,0,0,0,0,0,0,0,0,0,0,0,0,-3,-8,-4,-7,-6,-7,-6,-8,-6,-9,-6,-10,-7,-11,-6,-11,-5,-12,-6,-12,-6,-13,-5,-13,-4,-13,-4,-13,-5,-15,-5,-16,-5,-16,-5,-16,-5,-17,-5,-18,-5,-18,-5,-18,-4,-18,-4,-18,-4,-19,-3,-20,0.0,19.235384061671343,19.235384061671343,18.24828759089466,16.278820596099706,15.132745950421556,15.132745950421556,13.341664064126334,12.649110640673518,12.36931687685298,13.152946437965905,12.36931687685298,11.704699910719626,11.704699910719626,11.40175425099138,10.44030650891055,11.180339887498949,11.180339887498949,9.848857801796104,8.54400374531753,9.486832980505138,9.848857801796104,8.94427190999916,7.615773105863909,7.615773105863909,7.615773105863909,8.94427190999916,0.0,0.0,0.0,0.0,0.0,0.0,0.0,0.0,0.0,0.0,0.0,8.54400374531753,8.06225774829855,9.219544457292887,10.0,10.816653826391969,11.661903789690601,13.038404810405298,12.529964086141668,13.0,13.416407864998739,14.317821063276353,13.92838827718412,13.601470508735444,13.601470508735444,15.811388300841896,16.76305461424021,16.76305461424021,16.76305461424021,17.72004514666935,18.681541692269406,18.681541692269406,18.681541692269406,18.439088914585774,18.439088914585774,19.4164878389476,20.223748416156685,0.0,-1.727398203776912,-1.727398203776912,-1.7359450042095235,-1.7561442767905915,-1.7033478590915707,-1.7033478590915707,-1.7975951748487824,-1.892546881191539,-1.8157749899217608,-1.7234456551901618,-1.8157749899217608,-1.9195673303788037,-1.9195673303788037,-1.837048375945822,-1.8622531212727638,-2.0344439357957027,-2.0344439357957027,-1.9890206563741257,-1.9295669970654687,-1.892546881191539,-1.9890206563741257,-2.0344439357957027,-1.97568811307998,-1.97568811307998,-1.97568811307998,-2.0344439357957027,0.0,0.0,0.0,0.0,0.0,0.0,0.0,0.0,0.0,0.0,0.0,-1.9295669970654687,-2.0899424410414196,-2.279422598922567,-2.214297435588181,-2.158798930342464,-2.1112158270654806,-2.137525544318403,-2.0701430484750265,-1.965587446494658,-2.0344439357957027,-2.0032041023654346,-1.9379701606131159,-1.8692952583810758,-1.8692952583810758,-1.892546881191539,-1.873681195169868,-1.873681195169868,-1.873681195169868,-1.856847768512215,-1.8417431771333173,-1.8417431771333173,-1.8417431771333173,-1.7894652726688385,-1.7894652726688385,-1.7782925532300993,-1.719686274404394
19.799613374001638,router,ba:bd:de:13:68:55,-83,98.88463238654086,64,1.0050168541958666,7.657126194361265,0,0,15,6,14,5,13,4,12,4,12,5,11,4,10,3,10,2,10,1,10,1,9,1,9,1,8,0,8,-2,8,-1,8,1,7,1,8,0,8,0,7,0,7,0,6,-1,5,-1,6,-1,7,0,8,1,0,0,0,0,0,0,0,0,0,0,0,0,0,0,0,0,0,0,0,0,0,0,7,-3,8,-1,8,0,9,1,9,1,9,0,10,-1,10,-1,9,1,11,2,12,3,12,1,12,1,12,3,12,4,13,4,13,3,14,4,15,4,16,3,16,3,17,4,17,4,17,4,17,5,16,5,0.0,16.15549442140351,14.866068747318506,13.601470508735444,12.649110640673518,13.0,11.704699910719626,10.44030650891055,10.198039027185569,10.04987562112089,10.04987562112089,9.055385138137417,9.055385138137417,8.0,8.246211251235321,8.06225774829855,8.06225774829855,7.0710678118654755,8.0,8.0,7.0,7.0,6.082762530298219,5.0990195135927845,6.082762530298219,7.0,8.06225774829855,0.0,0.0,0.0,0.0,0.0,0.0,0.0,0.0,0.0,0.0,0.0,7.615773105863909,8.06225774829855,8.0,9.055385138137417,9.055385138137417,9.0,10.04987562112089,10.04987562112089,9.055385138137417,11.180339887498949,12.36931687685298,12.041594578792296,12.041594578792296,12.36931687685298,12.649110640673518,13.601470508735444,13.341664064126334,14.560219778561036,15.524174696260024,16.278820596099706,16.278820596099706,17.46424919657298,17.46424919657298,17.46424919657298,17.72004514666935,16.76305461424021,0.0,0.3805063771123649,0.3430239404207034,0.2984989315861793,0.3217505543966422,0.3947911196997615,0.348771003583907,0.2914567944778671,0.19739555984988075,0.09966865249116202,0.09966865249116202,0.11065722117389565,0.11065722117389565,0.0,-0.24497866312686414,-0.12435499454676144,0.12435499454676144,0.14189705460416394,0.0,0.0,0.0,0.0,-0.16514867741462683,-0.19739555984988075,-0.16514867741462683,0.0,0.12435499454676144,0.0,0.0,0.0,0.0,0.0,0.0,0.0,0.0,0.0,0.0,0.0,-0.40489178628508343,-0.12435499454676144,0.0,0.11065722117389565,0.11065722117389565,0.0,-0.09966865249116202,-0.09966865249116202,0.11065722117389565,0.17985349979247828,0.24497866312686414,0.08314123188844123,0.08314123188844123,0.24497866312686414,0.3217505543966422,0.2984989315861793,0.22679884805388587,0.27829965900511133,0.260602391747341,0.18534794999569476,0.18534794999569476,0.23109066719589708,0.23109066719589708,0.23109066719589708,0.2860514417173182,0.3028848683749714
19.90239144500083,router,ba:bd:de:13:68:55,-84,98.88463238654086,64,1.006590258630466,7.555152501926058,0,0,16,-6,17,-6,17,-6,15,-5,13,-5,12,-5,11,-4,10,-5,10,-5,9,-5,9,-6,9,-5,8,-5,7,-5,7,-5,7,-5,7,-6,7,-6,7,-6,6,-5,6,-4,6,-4,5,-4,5,-4,5,-4,5,-5,0,0,0,0,0,0,0,0,0,0,0,0,0,0,0,0,0,0,0,0,0,0,6,-6,6,-6,6,-5,7,-5,9,-7,9,-7,9,-7,10,-6,11,-6,12,-6,12,-6,12,-6,12,-6,13,-5,13,-6,13,-6,14,-6,15,-5,15,-5,15,-6,15,-8,16,-8,16,-7,15,-6,17,-5,18,-5,0.0,17.08800749063506,18.027756377319946,18.027756377319946,15.811388300841896,13.92838827718412,13.0,11.704699910719626,11.180339887498949,11.180339887498949,10.295630140987,10.816653826391969,10.295630140987,9.433981132056603,8.602325267042627,8.602325267042627,8.602325267042627,9.219544457292887,9.219544457292887,9.219544457292887,7.810249675906654,7.211102550927978,7.211102550927978,6.4031242374328485,6.4031242374328485,6.4031242374328485,7.0710678118654755,0.0,0.0,0.0,0.0,0.0,0.0,0.0,0.0,0.0,0.0,0.0,8.48528137423857,8.48528137423857,7.810249675906654,8.602325267042627,11.40175425099138,11.40175425099138,11.40175425099138,11.661903789690601,12.529964086141668,13.416407864998739,13.416407864998739,13.416407864998739,13.416407864998739,13.92838827718412,14.317821063276353,14.317821063276353,15.231546211727817,15.811388300841896,15.811388300841896,16.15549442140351,17.0,17.88854381999832,17.46424919657298,16.15549442140351,17.72004514666935,18.681541692269406,0.0,-0.35877067027057225,-0.3392926144540447,-0.3392926144540447,-0.3217505543966422,-0.3671738338182192,-0.3947911196997615,-0.348771003583907,-0.4636476090008061,-0.4636476090008061,-0.507098504392337,-0.5880026035475675,-0.507098504392337,-0.5585993153435624,-0.6202494859828215,-0.6202494859828215,-0.6202494859828215,-0.7086262721276703,-0.7086262721276703,-0.7086262721276703,-0.6947382761967031,-0.5880026035475675,-0.5880026035475675,-0.6747409422235526,-0.6747409422235526,-0.6747409422235526,-0.7853981633974483,0.0,0.0,0.0,0.0,0.0,0.0,0.0,0.0,0.0,0.0,0.0,-0.7853981633974483,-0.7853981633974483,-0.6947382761967031,-0.6202494859828215,-0.6610431688506869,-0.6610431688506869,-0.6610431688506869,-0.5404195002705842,-0.4993467216801301,-0.4636476090008061,-0.4636476090008061,-0.4636476090008061,-0.4636476090008061,-0.3671738338182192,-0.43240777557053783,-0.43240777557053783,-0.40489178628508343,-0.3217505543966422,-0.3217505543966422,-0.3805063771123649,-0.4899573262537283,-0.4636476090008061,-0.4124104415973873,-0.3805063771123649,-0.2860514417173182,-0.27094685033842053
20.01230942300026,router,ba:bd:de:13:68:55,-84,98.88463238654086,64,1.0078449568019767,7.449035867405605,0,0,-14,9,-14,10,-13,9,-13,7,-12,8,-11,8,-11,7,-9,6,-8,6,-7,7,-8,8,-8,8,-7,7,-7,7,-6,7,-4,7,-4,6,-5,5,-5,4,-5,5,-5,6,-5,6,-4,6,-4,5,-4,5,-5,6,0,0,0,0,0,0,0,0,0,0,0,0,0,0,0,0,0,0,0,0,0,0,-6,6,-6,5,-6,5,-6,6,-7,7,-8,7,-9,8,-10,8,-11,7,-10,7,-10,8,-11,7,-11,7,-11,8,-11,8,-11,9,-11,9,-12,8,-13,8,-13,8,-13,9,-13,10,-15,11,-16,11,-15,10,-14,11,0.0,16.64331697709324,17.204650534085253,15.811388300841896,14.7648230602334,14.422205101855956,13.601470508735444,13.038404810405298,10.816653826391969,10.0,9.899494936611665,11.313708498984761,11.313708498984761,9.899494936611665,9.899494936611665,9.219544457292887,8.06225774829855,7.211102550927978,7.0710678118654755,6.4031242374328485,7.0710678118654755,7.810249675906654,7.810249675906654,7.211102550927978,6.4031242374328485,6.4031242374328485,7.810249675906654,0.0,0.0,0.0,0.0,0.0,0.0,0.0,0.0,0.0,0.0,0.0,8.48528137423857,7.810249675906654,7.810249675906654,8.48528137423857,9.899494936611665,10.63014581273465,12.041594578792296,12.806248474865697,13.038404810405298,12.206555615733702,12.806248474865697,13.038404810405298,13.038404810405298,13.601470508735444,13.601470508735444,14.212670403551895,14.212670403551895,14.422205101855956,15.264337522473747,15.264337522473747,15.811388300841896,16.401219466856727,18.601075237738275,19.4164878389476,18.027756377319946,17.804493814764857,0.0,2.5702551737561663,2.5213431676069717,2.5360479899848234,2.647651284670212,2.5535900500422257,2.5127963671743605,2.5748634360662868,2.5535900500422257,2.498091544796509,2.356194490192345,2.356194490192345,2.356194490192345,2.356194490192345,2.356194490192345,2.279422598922567,2.0899424410414196,2.158798930342464,2.356194490192345,2.4668517113662407,2.356194490192345,2.2655346029916,2.2655346029916,2.158798930342464,2.2455372690184494,2.2455372690184494,2.2655346029916,0.0,0.0,0.0,0.0,0.0,0.0,0.0,0.0,0.0,0.0,0.0,2.356194490192345,2.44685437739309,2.44685437739309,2.356194490192345,2.356194490192345,2.4227626539681686,2.4149503129080676,2.4668517113662407,2.5748634360662868,2.5308666892005847,2.4668517113662407,2.5748634360662868,2.5748634360662868,2.5127963671743605,2.5127963671743605,2.455863142683507,2.455863142683507,2.5535900500422257,2.5899376710612465,2.5899376710612465,2.5360479899848234,2.485897027348257,2.5088438185876103,2.539305307454829,2.5535900500422257,2.4756234162106834
20.115086923004128,router,ba:bd:de:13:68:55,-84,98.88463238654086,64,1.0067388042416692,7.381025804455584,0,0,-9,16,-10,15,-11,12,-11,11,-10,11,-8,10,-8,9,-8,8,-7,9,-5,10,-5,10,-6,8,-6,8,-6,8,-5,8,-4,8,-4,8,-5,8,-4,7,-4,7,-4,7,-4,6,-5,6,-4,5,-3,5,-2,6,0,0,0,0,0,0,0,0,0,0,0,0,0,0,0,0,0,0,0,0,0,0,0,7,0,7,-2,7,-4,8,-5,9,-5,9,-5,9,-5,10,-5,10,-6,10,-6,11,-6,12,-7,12,-7,12,-7,12,-6,12,-7,13,-8,13,-9,13,-9,14,-9,14,-10,15,-10,16,-10,17,-10,18,-8,18,0.0,18.35755975068582,18.027756377319946,16.278820596099706,15.556349186104045,14.866068747318506,12.806248474865697,12.041594578792296,11.313708498984761,11.40175425099138,11.180339887498949,11.180339887498949,10.0,10.0,10.0,9.433981132056603,8.94427190999916,8.94427190999916,9.433981132056603,8.06225774829855,8.06225774829855,8.06225774829855,7.211102550927978,7.810249675906654,6.4031242374328485,5.830951894845301,6.324555320336759,0.0,0.0,0.0,0.0,0.0,0.0,0.0,0.0,0.0,0.0,0.0,7.0,7.0,7.280109889280518,8.94427190999916,10.295630140987,10.295630140987,10.295630140987,11.180339887498949,11.180339887498949,11.661903789690601,12.529964086141668,13.416407864998739,13.892443989449804,13.892443989449804,13.892443989449804,13.416407864998739,14.7648230602334,15.264337522473747,15.811388300841896,16.64331697709324,16.64331697709324,18.027756377319946,18.867962264113206,19.72308292331602,20.591260281974,19.697715603592208,0.0,2.0831857871056343,2.158798930342464,2.312743594800814,2.356194490192345,2.3086113869153615,2.2455372690184494,2.297438667476622,2.356194490192345,2.2318394956455836,2.0344439357957027,2.0344439357957027,2.214297435588181,2.214297435588181,2.214297435588181,2.129395642138459,2.0344439357957027,2.0344439357957027,2.129395642138459,2.0899424410414196,2.0899424410414196,2.0899424410414196,2.158798930342464,2.2655346029916,2.2455372690184494,2.1112158270654806,1.892546881191539,0.0,0.0,0.0,0.0,0.0,0.0,0.0,0.0,0.0,0.0,0.0,1.5707963267948966,1.5707963267948966,1.849095985800008,2.0344439357957027,2.0778948311872334,2.0778948311872334,2.0778948311872334,2.0344439357957027,2.0344439357957027,2.1112158270654806,2.0701430484750265,2.0344439357957027,2.0988707752212563,2.0988707752212563,2.0988707752212563,2.0344439357957027,2.0647376957144776,2.1224513093234436,2.1763409903998667,2.1421338066285234,2.1421338066285234,2.158798930342464,2.129395642138459,2.1025203940537023,2.0778948311872334,1.9890206563741257
20.222650333002093,router,ba:bd:de:13:68:55,-84,98.88463238654086,64,1.007193735959586,7.349986048861636,0,0,-22,-2,-21,-2,-19,-3,-17,-4,-17,-3,-16,-2,-15,-1,-14,-1,-13,-1,-13,-1,-12,0,-11,-1,-11,-1,-11,0,-11,0,-10,1,-10,1,-11,0,-11,0,-9,0,-8,-1,-8,-1,-9,-1,-9,-2,-7,-3,-5,-2,0,0,0,0,0,0,0,0,0,0,0,0,0,0,0,0,0,0,0,0,0,0,-8,1,-10,2,-11,2,-9,3,-8,3,-9,2,-12,1,-13,0,-13,0,-14,0,-14,1,-14,2,-15,0,-15,-1,-15,0,-15,1,-16,-1,-17,-1,-18,-1,-19,-1,-20,-1,-21,-1,-21,-1,-20,-1,-21,0,-24,1,0.0,22.090722034374522,21.095023109728988,19.235384061671343,17.46424919657298,17.26267650163207,16.1245154965971,15.033296378372908,14.035668847618199,13.038404810405298,13.038404810405298,12.0,11.045361017187261,11.045361017187261,11.0,11.0,10.04987562112089,10.04987562112089,11.0,11.0,9.0,8.06225774829855,8.06225774829855,9.055385138137417,9.219544457292887,7.615773105863909,5.385164807134504,0.0,0.0,0.0,0.0,0.0,0.0,0.0,0.0,0.0,0.0,0.0,8.06225774829855,10.198039027185569,11.180339887498949,9.486832980505138,8.54400374531753,9.219544457292887,12.041594578792296,13.0,13.0,14.0,14.035668847618199,14.142135623730951,15.0,15.033296378372908,15.0,15.033296378372908,16.0312195418814,17.029386365926403,18.027756377319946,19.026297590440446,20.024984394500787,21.02379604162864,21.02379604162864,20.024984394500787,21.0,24.020824298928627,0.0,-3.050932766389048,-3.046640947247037,-2.984990776607778,-2.9105019863938963,-2.9669204545815537,-3.017237659043032,-3.0750244898139694,-3.070285188804503,-3.064820762320015,-3.064820762320015,3.141592653589793,-3.050932766389048,-3.050932766389048,3.141592653589793,3.141592653589793,3.0419240010986313,3.0419240010986313,3.141592653589793,3.141592653589793,3.141592653589793,-3.017237659043032,-3.017237659043032,-3.0309354324158977,-2.922923707715851,-2.7367008673047097,-2.761086276477428,0.0,0.0,0.0,0.0,0.0,0.0,0.0,0.0,0.0,0.0,0.0,3.017237659043032,2.9441970937399127,2.961739153797315,2.819842099193151,2.782821983319221,2.922923707715851,3.058451421701352,3.141592653589793,3.141592653589793,3.141592653589793,3.070285188804503,2.999695598985629,3.141592653589793,-3.0750244898139694,3.141592653589793,3.0750244898139694,-3.079173843593836,-3.0828368308740703,-3.0860941483440762,-3.0890095919788516,-3.0916342578678506,-3.0940095503128098,-3.0940095503128098,-3.0916342578678506,3.141592653589793,3.099950074491205
20.323512599003152,router,ba:bd:de:13:68:55,-83,98.88463238654086,64,1.0076350333350097,7.3445903828206855,0,0,-5,16,-6,16,-6,16,-5,15,-5,13,-4,12,-3,12,-2,12,-2,12,-2,11,-2,10,-1,9,0,8,0,8,1,9,2,9,1,9,0,9,1,8,1,7,1,7,1,7,1,6,2,6,1,6,-1,6,0,0,0,0,0,0,0,0,0,0,0,0,0,0,0,0,0,0,0,0,0,0,-2,6,-3,7,-3,7,-2,8,-3,10,-4,10,-5,10,-5,10,-4,11,-4,11,-4,11,-4,10,-4,11,-4,12,-5,13,-6,13,-5,13,-5,14,-5,14,-5,14,-5,15,-5,16,-5,17,-4,18,-5,18,-5,17,0.0,16.76305461424021,17.08800749063506,17.08800749063506,15.811388300841896,13.92838827718412,12.649110640673518,12.36931687685298,12.165525060596439,12.165525060596439,11.180339887498949,10.198039027185569,9.055385138137417,8.0,8.0,9.055385138137417,9.219544457292887,9.055385138137417,9.0,8.06225774829855,7.0710678118654755,7.0710678118654755,7.0710678118654755,6.082762530298219,6.324555320336759,6.082762530298219,6.082762530298219,0.0,0.0,0.0,0.0,0.0,0.0,0.0,0.0,0.0,0.0,0.0,6.324555320336759,7.615773105863909,7.615773105863909,8.246211251235321,10.44030650891055,10.770329614269007,11.180339887498949,11.180339887498949,11.704699910719626,11.704699910719626,11.704699910719626,10.770329614269007,11.704699910719626,12.649110640673518,13.92838827718412,14.317821063276353,13.92838827718412,14.866068747318506,14.866068747318506,14.866068747318506,15.811388300841896,16.76305461424021,17.72004514666935,18.439088914585774,18.681541692269406,17.72004514666935,0.0,1.873681195169868,1.9295669970654687,1.9295669970654687,1.892546881191539,1.9379701606131159,1.892546881191539,1.8157749899217608,1.7359450042095235,1.7359450042095235,1.750649826587375,1.7681918866447774,1.6814535479687922,1.5707963267948966,1.5707963267948966,1.460139105621001,1.3521273809209546,1.460139105621001,1.5707963267948966,1.446441332248135,1.4288992721907328,1.4288992721907328,1.4288992721907328,1.4056476493802699,1.2490457723982544,1.4056476493802699,1.7359450042095235,0.0,0.0,0.0,0.0,0.0,0.0,0.0,0.0,0.0,0.0,0.0,1.892546881191539,1.97568811307998,1.97568811307998,1.8157749899217608,1.8622531212727638,1.9513027039072615,2.0344439357957027,2.0344439357957027,1.9195673303788037,1.9195673303788037,1.9195673303788037,1.9513027039072615,1.9195673303788037,1.892546881191539,1.9379701606131159,2.0032041023654346,1.9379701606131159,1.9138202672156,1.9138202672156,1.9138202672156,1.892546881191539,1.873681195169868,1.856847768512215,1.7894652726688385,1.8417431771333173,1.856847768512215
20.432982783000625,router,ba:bd:de:13:68:55,-83,98.88463238654086,64,1.0081910265922582,7.3570600844289125,0,0,-6,16,-7,16,-7,15,-6,14,-5,14,-5,13,-4,12,-3,10,-4,10,-5,10,-5,11,-3,10,-2,9,-3,9,-2,9,-2,9,-1,7,-1,5,-1,6,-1,6,0,7,1,7,0,7,-1,6,-1,7,1,9,0,0,0,0,0,0,0,0,0,0,0,0,0,0,0,0,0,0,0,0,0,0,-1,6,-1,8,-1,8,-3,9,-4,10,-4,10,-6,10,-7,11,-7,12,-7,12,-6,12,-7,12,-8,11,-8,12,-7,12,-6,12,-7,13,-8,13,-8,13,-8,13,-6,15,-6,16,-7,16,-7,17,-7,17,-8,17,0.0,17.08800749063506,17.46424919657298,16.55294535724685,15.231546211727817,14.866068747318506,13.92838827718412,12.649110640673518,10.44030650891055,10.770329614269007,11.180339887498949,12.083045973594572,10.44030650891055,9.219544457292887,9.486832980505138,9.219544457292887,9.219544457292887,7.0710678118654755,5.0990195135927845,6.082762530298219,6.082762530298219,7.0,7.0710678118654755,7.0,6.082762530298219,7.0710678118654755,9.055385138137417,0.0,0.0,0.0,0.0,0.0,0.0,0.0,0.0,0.0,0.0,0.0,6.082762530298219,8.06225774829855,8.06225774829855,9.486832980505138,10.770329614269007,10.770329614269007,11.661903789690601,13.038404810405298,13.892443989449804,13.892443989449804,13.416407864998739,13.892443989449804,13.601470508735444,14.422205101855956,13.892443989449804,13.416407864998739,14.7648230602334,15.264337522473747,15.264337522473747,15.264337522473747,16.15549442140351,17.08800749063506,17.46424919657298,18.384776310850235,18.384776310850235,18.788294228055936,0.0,1.9295669970654687,1.9832067683922838,2.007423486608438,1.97568811307998,1.9138202672156,1.9379701606131159,1.892546881191539,1.8622531212727638,1.9513027039072615,2.0344439357957027,1.9974238199217726,1.8622531212727638,1.7894652726688385,1.892546881191539,1.7894652726688385,1.7894652726688385,1.7126933813990606,1.7681918866447774,1.7359450042095235,1.7359450042095235,1.5707963267948966,1.4288992721907328,1.5707963267948966,1.7359450042095235,1.7126933813990606,1.460139105621001,0.0,0.0,0.0,0.0,0.0,0.0,0.0,0.0,0.0,0.0,0.0,1.7359450042095235,1.695151321341658,1.695151321341658,1.892546881191539,1.9513027039072615,1.9513027039072615,2.1112158270654806,2.137525544318403,2.0988707752212563,2.0988707752212563,2.0344439357957027,2.0988707752212563,2.1995926132103296,2.158798930342464,2.0988707752212563,2.0344439357957027,2.0647376957144776,2.1224513093234436,2.1224513093234436,2.1224513093234436,1.9513027039072615,1.9295669970654687,1.9832067683922838,1.9614033704925835,1.9614033704925835,2.0106389096106327
20.535263732999738,router,ba:bd:de:13:68:55,-83,98.88463238654086,64,1.0083693644809748,7.382072120474268,0,0,-14,-13,-12,-13,-10,-13,-9,-12,-9,-10,-9,-9,-8,-9,-8,-9,-8,-10,-8,-10,-9,-9,-9,-8,-7,-7,-7,-7,-8,-6,-9,-5,-9,-5,-8,-4,-8,-4,-8,-4,-7,-4,-6,-3,-6,-3,-7,-4,-6,-4,-7,-2,0,0,0,0,0,0,0,0,0,0,0,0,0,0,0,0,0,0,0,0,0,0,-6,-6,-6,-7,-7,-7,-7,-8,-7,-8,-8,-8,-8,-8,-7,-10,-7,-10,-6,-9,-7,-10,-8,-11,-8,-11,-8,-11,-9,-12,-9,-12,-9,-12,-10,-13,-11,-13,-11,-13,-11,-13,-12,-14,-12,-15,-12,-15,-12,-15,-12,-14,0.0,19.1049731745428,17.69180601295413,16.401219466856727,15.0,13.45362404707371,12.727922061357855,12.041594578792296,12.041594578792296,12.806248474865697,12.806248474865697,12.727922061357855,12.041594578792296,9.899494936611665,9.899494936611665,10.0,10.295630140987,10.295630140987,8.94427190999916,8.94427190999916,8.94427190999916,8.06225774829855,6.708203932499369,6.708203932499369,8.06225774829855,7.211102550927978,7.280109889280518,0.0,0.0,0.0,0.0,0.0,0.0,0.0,0.0,0.0,0.0,0.0,8.48528137423857,9.219544457292887,9.899494936611665,10.63014581273465,10.63014581273465,11.313708498984761,11.313708498984761,12.206555615733702,12.206555615733702,10.816653826391969,12.206555615733702,13.601470508735444,13.601470508735444,13.601470508735444,15.0,15.0,15.0,16.401219466856727,17.029386365926403,17.029386365926403,17.029386365926403,18.439088914585774,19.209372712298546,19.209372712298546,19.209372712298546,18.439088914585774,0.0,-2.393214606066275,-2.316215803069055,-2.2264919530364327,-2.214297435588181,-2.3036114285814033,-2.356194490192345,-2.297438667476622,-2.297438667476622,-2.2455372690184494,-2.2455372690184494,-2.356194490192345,-2.4149503129080676,-2.356194490192345,-2.356194490192345,-2.498091544796509,-2.6344941491974563,-2.6344941491974563,-2.677945044588987,-2.677945044588987,-2.677945044588987,-2.62244653934327,-2.677945044588987,-2.677945044588987,-2.62244653934327,-2.5535900500422257,-2.8632929945846817,0.0,0.0,0.0,0.0,0.0,0.0,0.0,0.0,0.0,0.0,0.0,-2.356194490192345,-2.279422598922567,-2.356194490192345,-2.289626326416521,-2.289626326416521,-2.356194490192345,-2.356194490192345,-2.1815222911841055,-2.1815222911841055,-2.158798930342464,-2.1815222911841055,-2.1995926132103296,-2.1995926132103296,-2.1995926132103296,-2.214297435588181,-2.214297435588181,-2.214297435588181,-2.2264919530364327,-2.2730532583039036,-2.2730532583039036,-2.2730532583039036,-2.279422598922567,-2.2455372690184494,-2.2455372690184494,-2.2455372690184494,-2.279422598922567
20.642199583999172,router,ba:bd:de:13:68:55,-83,98.88463238654086,64,1.003954043684961,7.416010409533348,0,0,5,-18,7,-17,7,-16,5,-16,5,-15,5,-13,4,-14,3,-14,2,-13,2,-12,2,-11,2,-10,1,-10,0,-10,0,-10,0,-10,0,-9,0,-9,1,-9,2,-9,1,-8,0,-8,-1,-8,-1,-7,0,-8,2,-9,0,0,0,0,0,0,0,0,0,0,0,0,0,0,0,0,0,0,0,0,0,0,4,-7,4,-8,4,-9,4,-10,4,-10,4,-10,4,-11,5,-13,5,-14,5,-14,5,-13,5,-13,6,-13,7,-13,7,-14,7,-15,6,-15,5,-16,6,-16,7,-16,8,-16,8,-16,8,-17,7,-17,8,-17,8,-17,0.0,18.681541692269406,18.384776310850235,17.46424919657298,16.76305461424021,15.811388300841896,13.92838827718412,14.560219778561036,14.317821063276353,13.152946437965905,12.165525060596439,11.180339887498949,10.198039027185569,10.04987562112089,10.0,10.0,10.0,9.0,9.0,9.055385138137417,9.219544457292887,8.06225774829855,8.0,8.06225774829855,7.0710678118654755,8.0,9.219544457292887,0.0,0.0,0.0,0.0,0.0,0.0,0.0,0.0,0.0,0.0,0.0,8.06225774829855,8.94427190999916,9.848857801796104,10.770329614269007,10.770329614269007,10.770329614269007,11.704699910719626,13.92838827718412,14.866068747318506,14.866068747318506,13.92838827718412,13.92838827718412,14.317821063276353,14.7648230602334,15.652475842498529,16.55294535724685,16.15549442140351,16.76305461424021,17.08800749063506,17.46424919657298,17.88854381999832,17.88854381999832,18.788294228055936,18.384776310850235,18.788294228055936,18.788294228055936,0.0,-1.299849476456476,-1.1801892830972098,-1.1583858851975093,-1.2679114584199251,-1.2490457723982544,-1.2036224929766774,-1.2924966677897853,-1.35970299357215,-1.4181469983996315,-1.4056476493802699,-1.3909428270024184,-1.373400766945016,-1.4711276743037347,-1.5707963267948966,-1.5707963267948966,-1.5707963267948966,-1.5707963267948966,-1.5707963267948966,-1.460139105621001,-1.3521273809209546,-1.446441332248135,-1.5707963267948966,-1.695151321341658,-1.7126933813990606,-1.5707963267948966,-1.3521273809209546,0.0,0.0,0.0,0.0,0.0,0.0,0.0,0.0,0.0,0.0,0.0,-1.0516502125483738,-1.1071487177940904,-1.1525719972156676,-1.1902899496825317,-1.1902899496825317,-1.1902899496825317,-1.2220253232109897,-1.2036224929766774,-1.2277723863741932,-1.2277723863741932,-1.2036224929766774,-1.2036224929766774,-1.1383885512243588,-1.0768549578753155,-1.1071487177940904,-1.1341691669813554,-1.1902899496825317,-1.2679114584199251,-1.2120256565243244,-1.1583858851975093,-1.1071487177940904,-1.1071487177940904,-1.1309537439791604,-1.1801892830972098,-1.1309537439791604,-1.1309537439791604
20.74774926900136,router,ba:bd:de:13:68:55,-84,98.65006618106398,64,1.0023076350380908,7.456002736049889,0,0,6,-18,6,-16,6,-15,5,-15,5,-16,5,-15,4,-14,3,-13,3,-13,2,-12,0,-11,0,-11,0,-10,1,-10,0,-10,0,-11,0,-10,0,-10,0,-10,0,-10,-1,-10,-1,-10,-1,-9,0,-7,-1,-6,-3,-6,0,0,0,0,0,0,0,0,0,0,0,0,0,0,0,0,0,0,0,0,0,0,0,-9,1,-9,1,-9,3,-9,4,-10,4,-12,4,-13,4,-13,6,-13,6,-14,5,-14,5,-14,5,-15,6,-16,7,-16,5,-16,6,-17,7,-17,8,-17,8,-17,8,-18,7,-20,6,-19,5,-19,6,-19,8,-18,0.0,18.973665961010276,17.08800749063506,16.15549442140351,15.811388300841896,16.76305461424021,15.811388300841896,14.560219778561036,13.341664064126334,13.341664064126334,12.165525060596439,11.0,11.0,10.0,10.04987562112089,10.0,11.0,10.0,10.0,10.0,10.0,10.04987562112089,10.04987562112089,9.055385138137417,7.0,6.082762530298219,6.708203932499369,0.0,0.0,0.0,0.0,0.0,0.0,0.0,0.0,0.0,0.0,0.0,9.0,9.055385138137417,9.055385138137417,9.486832980505138,10.770329614269007,12.649110640673518,13.601470508735444,13.601470508735444,14.317821063276353,15.231546211727817,14.866068747318506,14.866068747318506,15.811388300841896,17.08800749063506,17.46424919657298,16.76305461424021,18.027756377319946,18.384776310850235,18.788294228055936,18.788294228055936,19.697715603592208,21.18962010041709,19.924858845171276,19.6468827043885,19.924858845171276,19.697715603592208,0.0,-1.2490457723982544,-1.2120256565243244,-1.1902899496825317,-1.2490457723982544,-1.2679114584199251,-1.2490457723982544,-1.2924966677897853,-1.3439974787410107,-1.3439974787410107,-1.4056476493802699,-1.5707963267948966,-1.5707963267948966,-1.5707963267948966,-1.4711276743037347,-1.5707963267948966,-1.5707963267948966,-1.5707963267948966,-1.5707963267948966,-1.5707963267948966,-1.5707963267948966,-1.6704649792860586,-1.6704649792860586,-1.6814535479687922,-1.5707963267948966,-1.7359450042095235,-2.0344439357957027,0.0,0.0,0.0,0.0,0.0,0.0,0.0,0.0,0.0,0.0,0.0,-1.5707963267948966,-1.460139105621001,-1.460139105621001,-1.2490457723982544,-1.1902899496825317,-1.2490457723982544,-1.2722973952087173,-1.2722973952087173,-1.1383885512243588,-1.1659045405098132,-1.2277723863741932,-1.2277723863741932,-1.2490457723982544,-1.2120256565243244,-1.1583858851975093,-1.2679114584199251,-1.2315037123408519,-1.1801892830972098,-1.1309537439791604,-1.1309537439791604,-1.1525719972156676,-1.2341215074081695,-1.2649174553900444,-1.313472611823808,-1.2649174553900444,-1.1525719972156676
20.85215096599859,router,ba:bd:de:13:68:55,-84,98.65006618106398,64,1.0012439301036746,7.4997913243892755,0,0,19,-7,18,-6,16,-5,15,-5,14,-6,13,-6,12,-4,12,-4,11,-5,10,-6,9,-7,9,-6,8,-5,8,-4,9,-6,8,-6,7,-5,5,-4,6,-4,7,-4,7,-4,6,-5,6,-5,6,-4,5,-3,4,-3,0,0,0,0,0,0,0,0,0,0,0,0,0,0,0,0,0,0,0,0,0,0,6,-4,6,-5,6,-6,7,-6,9,-6,10,-7,11,-6,10,-6,9,-6,10,-6,12,-7,13,-7,14,-7,15,-7,15,-7,15,-6,14,-5,15,-5,15,-6,15,-7,15,-7,16,-7,17,-7,18,-9,19,-9,19,-9,0.0,20.248456731316587,18.973665961010276,16.76305461424021,15.811388300841896,15.231546211727817,14.317821063276353,12.649110640673518,12.649110640673518,12.083045973594572,11.661903789690601,11.40175425099138,10.816653826391969,9.433981132056603,8.94427190999916,10.816653826391969,10.0,8.602325267042627,6.4031242374328485,7.211102550927978,8.06225774829855,8.06225774829855,7.810249675906654,7.810249675906654,7.211102550927978,5.830951894845301,5.0,0.0,0.0,0.0,0.0,0.0,0.0,0.0,0.0,0.0,0.0,0.0,7.211102550927978,7.810249675906654,8.48528137423857,9.219544457292887,10.816653826391969,12.206555615733702,12.529964086141668,11.661903789690601,10.816653826391969,11.661903789690601,13.892443989449804,14.7648230602334,15.652475842498529,16.55294535724685,16.55294535724685,16.15549442140351,14.866068747318506,15.811388300841896,16.15549442140351,16.55294535724685,16.55294535724685,17.46424919657298,18.384776310850235,20.12461179749811,21.02379604162864,21.02379604162864,0.0,-0.35299038782691045,-0.3217505543966422,-0.3028848683749714,-0.3217505543966422,-0.40489178628508343,-0.43240777557053783,-0.3217505543966422,-0.3217505543966422,-0.4266274931268761,-0.5404195002705842,-0.6610431688506869,-0.5880026035475675,-0.5585993153435624,-0.4636476090008061,-0.5880026035475675,-0.6435011087932844,-0.6202494859828215,-0.6747409422235526,-0.5880026035475675,-0.5191461142465229,-0.5191461142465229,-0.6947382761967031,-0.6947382761967031,-0.5880026035475675,-0.5404195002705842,-0.6435011087932844,0.0,0.0,0.0,0.0,0.0,0.0,0.0,0.0,0.0,0.0,0.0,-0.5880026035475675,-0.6947382761967031,-0.7853981633974483,-0.7086262721276703,-0.5880026035475675,-0.6107259643892086,-0.4993467216801301,-0.5404195002705842,-0.5880026035475675,-0.5404195002705842,-0.5280744484263596,-0.49394136891958124,-0.4636476090008061,-0.43662715981354133,-0.43662715981354133,-0.3805063771123649,-0.3430239404207034,-0.3217505543966422,-0.3805063771123649,-0.43662715981354133,-0.43662715981354133,-0.4124104415973873,-0.3906070436976868,-0.4636476090008061,-0.4423742229767449,-0.4423742229767449
20.962423930002842,router,ba:bd:de:13:68:55,-84,98.65006618106398,64,1.000465344120668,7.545710176031569,0,0,-16,12,-15,10,-15,9,-15,10,-14,10,-12,10,-10,9,-11,8,-9,5,-9,4,-9,6,-8,7,-7,7,-7,6,-7,7,-7,8,-7,8,-6,7,-7,6,-7,5,-6,5,-6,5,-6,4,-6,4,-6,4,-3,3,0,0,0,0,0,0,0,0,0,0,0,0,0,0,0,0,0,0,0,0,0,0,-4,6,-5,7,-5,7,-6,7,-7,7,-6,7,-6,8,-7,8,-8,9,-8,10,-9,11,-9,10,-10,10,-11,11,-11,11,-11,12,-10,11,-11,11,-11,12,-13,12,-13,12,-14,12,-14,12,-13,13,-14,14,-14,15,0.0,20.0,18.027756377319946,17.4928556845359,18.027756377319946,17.204650534085253,15.620499351813308,13.45362404707371,13.601470508735444,10.295630140987,9.848857801796104,10.816653826391969,10.63014581273465,9.899494936611665,9.219544457292887,9.899494936611665,10.63014581273465,10.63014581273465,9.219544457292887,9.219544457292887,8.602325267042627,7.810249675906654,7.810249675906654,7.211102550927978,7.211102550927978,7.211102550927978,4.242640687119285,0.0,0.0,0.0,0.0,0.0,0.0,0.0,0.0,0.0,0.0,0.0,7.211102550927978,8.602325267042627,8.602325267042627,9.219544457292887,9.899494936611665,9.219544457292887,10.0,10.63014581273465,12.041594578792296,12.806248474865697,14.212670403551895,13.45362404707371,14.142135623730951,15.556349186104045,15.556349186104045,16.278820596099706,14.866068747318506,15.556349186104045,16.278820596099706,17.69180601295413,17.69180601295413,18.439088914585774,18.439088914585774,18.384776310850235,19.79898987322333,20.518284528683193,0.0,2.498091544796509,2.5535900500422257,2.601173153319209,2.5535900500422257,2.5213431676069717,2.44685437739309,2.408777551803287,2.5127963671743605,2.6344941491974563,2.723368324010564,2.5535900500422257,2.4227626539681686,2.356194490192345,2.432966381462123,2.356194490192345,2.289626326416521,2.289626326416521,2.279422598922567,2.432966381462123,2.5213431676069717,2.44685437739309,2.44685437739309,2.5535900500422257,2.5535900500422257,2.5535900500422257,2.356194490192345,0.0,0.0,0.0,0.0,0.0,0.0,0.0,0.0,0.0,0.0,0.0,2.158798930342464,2.191045812777718,2.191045812777718,2.279422598922567,2.356194490192345,2.279422598922567,2.214297435588181,2.289626326416521,2.297438667476622,2.2455372690184494,2.256525837701183,2.3036114285814033,2.356194490192345,2.356194490192345,2.356194490192345,2.312743594800814,2.3086113869153615,2.356194490192345,2.312743594800814,2.396173177315635,2.396173177315635,2.432966381462123,2.432966381462123,2.356194490192345,2.356194490192345,2.321725389192837
21.080998632001865,router,ba:bd:de:13:68:55,-84,98.65006618106398,64,0.9980096534001077,7.592532401810069,0,0,-9,-17,-6,-18,-5,-18,-5,-17,-5,-15,-5,-14,-6,-13,-7,-11,-7,-11,-6,-10,-6,-8,-6,-7,-5,-7,-5,-8,-6,-7,-6,-7,-7,-6,-7,-5,-7,-6,-6,-6,-5,-6,-5,-5,-5,-5,-6,-5,-5,-5,-3,-6,0,0,0,0,0,0,0,0,0,0,0,0,0,0,0,0,0,0,0,0,0,0,-5,-7,-6,-8,-5,-8,-5,-9,-4,-9,-4,-10,-5,-11,-5,-11,-5,-10,-5,-11,-5,-12,-6,-12,-6,-13,-7,-13,-7,-13,-8,-14,-7,-15,-7,-15,-8,-15,-8,-15,-7,-15,-7,-15,-8,-16,-9,-16,-8,-16,-8,-16,0.0,19.235384061671343,18.973665961010276,18.681541692269406,17.72004514666935,15.811388300841896,14.866068747318506,14.317821063276353,13.038404810405298,13.038404810405298,11.661903789690601,10.0,9.219544457292887,8.602325267042627,9.433981132056603,9.219544457292887,9.219544457292887,9.219544457292887,8.602325267042627,9.219544457292887,8.48528137423857,7.810249675906654,7.0710678118654755,7.0710678118654755,7.810249675906654,7.0710678118654755,6.708203932499369,0.0,0.0,0.0,0.0,0.0,0.0,0.0,0.0,0.0,0.0,0.0,8.602325267042627,10.0,9.433981132056603,10.295630140987,9.848857801796104,10.770329614269007,12.083045973594572,12.083045973594572,11.180339887498949,12.083045973594572,13.0,13.416407864998739,14.317821063276353,14.7648230602334,14.7648230602334,16.1245154965971,16.55294535724685,16.55294535724685,17.0,17.0,16.55294535724685,16.55294535724685,17.88854381999832,18.35755975068582,17.88854381999832,17.88854381999832,0.0,-2.0576955586061656,-1.892546881191539,-1.8417431771333173,-1.856847768512215,-1.892546881191539,-1.9138202672156,-2.0032041023654346,-2.137525544318403,-2.137525544318403,-2.1112158270654806,-2.214297435588181,-2.279422598922567,-2.191045812777718,-2.129395642138459,-2.279422598922567,-2.279422598922567,-2.432966381462123,-2.5213431676069717,-2.432966381462123,-2.356194490192345,-2.2655346029916,-2.356194490192345,-2.356194490192345,-2.44685437739309,-2.356194490192345,-2.0344439357957027,0.0,0.0,0.0,0.0,0.0,0.0,0.0,0.0,0.0,0.0,0.0,-2.191045812777718,-2.214297435588181,-2.129395642138459,-2.0778948311872334,-1.9890206563741257,-1.9513027039072615,-1.9974238199217726,-1.9974238199217726,-2.0344439357957027,-1.9974238199217726,-1.965587446494658,-2.0344439357957027,-2.0032041023654346,-2.0647376957144776,-2.0647376957144776,-2.0899424410414196,-2.007423486608438,-2.007423486608438,-2.060753653048625,-2.060753653048625,-2.007423486608438,-2.007423486608438,-2.0344439357957027,-2.0831857871056343,-2.0344439357957027,-2.0344439357957027
21.182847674004734,router,ba:bd:de:13:68:55,-84,98.65006618106398,64,0.9968366603627872,7.6392480283555955,0,0,-3,-18,-2,-17,-3,-16,-4,-16,-4,-16,-4,-14,-4,-13,-4,-11,-4,-11,-4,-11,-5,-10,-4,-11,-3,-11,-4,-10,-5,-9,-6,-10,-6,-10,-4,-9,-3,-8,-3,-7,-3,-6,-4,-5,-3,-6,-2,-7,-2,-7,-1,-8,0,0,0,0,0,0,0,0,0,0,0,0,0,0,0,0,0,0,0,0,0,0,-1,-8,-2,-9,-4,-10,-5,-11,-2,-12,-1,-12,-3,-11,-4,-12,-4,-14,-4,-14,-4,-13,-3,-14,-1,-17,0,-17,0,-15,0,-14,-2,-15,-3,-17,-3,-17,-2,-17,-3,-17,-3,-16,-4,-16,-3,-18,-2,-20,-4,-19,0.0,18.24828759089466,17.11724276862369,16.278820596099706,16.492422502470642,16.492422502470642,14.560219778561036,13.601470508735444,11.704699910719626,11.704699910719626,11.704699910719626,11.180339887498949,11.704699910719626,11.40175425099138,10.770329614269007,10.295630140987,11.661903789690601,11.661903789690601,9.848857801796104,8.54400374531753,7.615773105863909,6.708203932499369,6.4031242374328485,6.708203932499369,7.280109889280518,7.280109889280518,8.06225774829855,0.0,0.0,0.0,0.0,0.0,0.0,0.0,0.0,0.0,0.0,0.0,8.06225774829855,9.219544457292887,10.770329614269007,12.083045973594572,12.165525060596439,12.041594578792296,11.40175425099138,12.649110640673518,14.560219778561036,14.560219778561036,13.601470508735444,14.317821063276353,17.029386365926403,17.0,15.0,14.0,15.132745950421556,17.26267650163207,17.26267650163207,17.11724276862369,17.26267650163207,16.278820596099706,16.492422502470642,18.24828759089466,20.09975124224178,19.4164878389476,0.0,-1.7359450042095235,-1.687905071361761,-1.7561442767905915,-1.8157749899217608,-1.8157749899217608,-1.849095985800008,-1.8692952583810758,-1.9195673303788037,-1.9195673303788037,-1.9195673303788037,-2.0344439357957027,-1.9195673303788037,-1.837048375945822,-1.9513027039072615,-2.0778948311872334,-2.1112158270654806,-2.1112158270654806,-1.9890206563741257,-1.9295669970654687,-1.97568811307998,-2.0344439357957027,-2.2455372690184494,-2.0344439357957027,-1.849095985800008,-1.849095985800008,-1.695151321341658,0.0,0.0,0.0,0.0,0.0,0.0,0.0,0.0,0.0,0.0,0.0,-1.695151321341658,-1.7894652726688385,-1.9513027039072615,-1.9974238199217726,-1.7359450042095235,-1.6539375586833378,-1.837048375945822,-1.892546881191539,-1.849095985800008,-1.849095985800008,-1.8692952583810758,-1.7818896600176433,-1.6295521495106193,-1.5707963267948966,-1.5707963267948966,-1.5707963267948966,-1.7033478590915707,-1.7454685258031364,-1.7454685258031364,-1.687905071361761,-1.7454685258031364,-1.7561442767905915,-1.8157749899217608,-1.7359450042095235,-1.6704649792860586,-1.7782925532300993
21.29406120099884,router,ba:bd:de:13:68:55,-84,98.65006618106398,64,0.9961651430927266,7.685004958329285,0,0,13,-14,12,-13,11,-11,11,-10,10,-10,9,-11,8,-9,8,-8,8,-9,7,-9,7,-8,7,-6,7,-7,6,-7,5,-8,4,-8,4,-8,4,-8,4,-8,4,-7,4,-7,3,-7,3,-6,4,-6,3,-7,4,-9,0,0,0,0,0,0,0,0,0,0,0,0,0,0,0,0,0,0,0,0,0,0,3,-7,4,-8,3,-8,3,-9,4,-9,7,-9,7,-11,7,-11,6,-10,5,-10,6,-11,7,-11,8,-10,8,-10,9,-11,9,-11,8,-11,9,-11,10,-12,10,-13,11,-13,11,-14,11,-15,11,-15,11,-14,11,-14,0.0,19.1049731745428,17.69180601295413,15.556349186104045,14.866068747318506,14.142135623730951,14.212670403551895,12.041594578792296,11.313708498984761,12.041594578792296,11.40175425099138,10.63014581273465,9.219544457292887,9.899494936611665,9.219544457292887,9.433981132056603,8.94427190999916,8.94427190999916,8.94427190999916,8.94427190999916,8.06225774829855,8.06225774829855,7.615773105863909,6.708203932499369,7.211102550927978,7.615773105863909,9.848857801796104,0.0,0.0,0.0,0.0,0.0,0.0,0.0,0.0,0.0,0.0,0.0,7.615773105863909,8.94427190999916,8.54400374531753,9.486832980505138,9.848857801796104,11.40175425099138,13.038404810405298,13.038404810405298,11.661903789690601,11.180339887498949,12.529964086141668,13.038404810405298,12.806248474865697,12.806248474865697,14.212670403551895,14.212670403551895,13.601470508735444,14.212670403551895,15.620499351813308,16.401219466856727,17.029386365926403,17.804493814764857,18.601075237738275,18.601075237738275,17.804493814764857,17.804493814764857,0.0,-0.8224182792713783,-0.8253768505207384,-0.7853981633974483,-0.7378150601204649,-0.7853981633974483,-0.8850668158886104,-0.844153986113171,-0.7853981633974483,-0.844153986113171,-0.9097531579442097,-0.8519663271732721,-0.7086262721276703,-0.7853981633974483,-0.8621700546672264,-1.0121970114513341,-1.1071487177940904,-1.1071487177940904,-1.1071487177940904,-1.1071487177940904,-1.0516502125483738,-1.0516502125483738,-1.1659045405098132,-1.1071487177940904,-0.982793723247329,-1.1659045405098132,-1.1525719972156676,0.0,0.0,0.0,0.0,0.0,0.0,0.0,0.0,0.0,0.0,0.0,-1.1659045405098132,-1.1071487177940904,-1.2120256565243244,-1.2490457723982544,-1.1525719972156676,-0.9097531579442097,-1.0040671092713902,-1.0040671092713902,-1.0303768265243125,-1.1071487177940904,-1.0714496051147666,-1.0040671092713902,-0.8960553845713439,-0.8960553845713439,-0.8850668158886104,-0.8850668158886104,-0.9420000403794636,-0.8850668158886104,-0.8760580505981934,-0.9151007005533605,-0.8685393952858895,-0.9048270894157867,-0.9380474917927135,-0.9380474917927135,-0.9048270894157867,-0.9048270894157867
21.401700678005,router,ba:bd:de:13:68:55,-84,98.65006618106398,64,0.9962302711091224,7.7290461575922,0,0,10,14,10,14,9,13,8,11,8,11,7,11,6,10,7,9,7,9,6,8,6,7,6,7,6,7,6,6,7,5,6,5,6,5,7,5,5,5,4,5,4,5,6,3,7,3,6,3,5,3,6,4,0,0,0,0,0,0,0,0,0,0,0,0,0,0,0,0,0,0,0,0,0,0,6,6,4,7,4,6,6,6,7,7,7,8,6,8,7,9,7,10,7,10,8,10,7,10,6,10,6,11,7,12,7,12,7,12,8,12,9,13,10,14,10,15,9,15,10,15,11,16,11,15,10,14,0.0,17.204650534085253,17.204650534085253,15.811388300841896,13.601470508735444,13.601470508735444,13.038404810405298,11.661903789690601,11.40175425099138,11.40175425099138,10.0,9.219544457292887,9.219544457292887,9.219544457292887,8.48528137423857,8.602325267042627,7.810249675906654,7.810249675906654,8.602325267042627,7.0710678118654755,6.4031242374328485,6.4031242374328485,6.708203932499369,7.615773105863909,6.708203932499369,5.830951894845301,7.211102550927978,0.0,0.0,0.0,0.0,0.0,0.0,0.0,0.0,0.0,0.0,0.0,8.48528137423857,8.06225774829855,7.211102550927978,8.48528137423857,9.899494936611665,10.63014581273465,10.0,11.40175425099138,12.206555615733702,12.206555615733702,12.806248474865697,12.206555615733702,11.661903789690601,12.529964086141668,13.892443989449804,13.892443989449804,13.892443989449804,14.422205101855956,15.811388300841896,17.204650534085253,18.027756377319946,17.4928556845359,18.027756377319946,19.4164878389476,18.601075237738275,17.204650534085253,0.0,0.9505468408120752,0.9505468408120752,0.9652516631899266,0.9420000403794636,0.9420000403794636,1.0040671092713902,1.0303768265243125,0.9097531579442097,0.9097531579442097,0.9272952180016122,0.8621700546672264,0.8621700546672264,0.8621700546672264,0.7853981633974483,0.6202494859828215,0.6947382761967031,0.6947382761967031,0.6202494859828215,0.7853981633974483,0.8960553845713439,0.8960553845713439,0.4636476090008061,0.40489178628508343,0.4636476090008061,0.5404195002705842,0.5880026035475675,0.0,0.0,0.0,0.0,0.0,0.0,0.0,0.0,0.0,0.0,0.0,0.7853981633974483,1.0516502125483738,0.982793723247329,0.7853981633974483,0.7853981633974483,0.8519663271732721,0.9272952180016122,0.9097531579442097,0.960070362405688,0.960070362405688,0.8960553845713439,0.960070362405688,1.0303768265243125,1.0714496051147666,1.042721878368537,1.042721878368537,1.042721878368537,0.982793723247329,0.9652516631899266,0.9505468408120752,0.982793723247329,1.0303768265243125,0.982793723247329,0.9685089806599324,0.9380474917927135,0.9505468408120752
21.503499543003272,router,ba:bd:de:13:68:55,-84,98.65006618106398,64,0.9944565183457978,7.770738944969871,0,0,8,-14,9,-14,9,-14,8,-13,7,-12,6,-11,6,-11,6,-11,5,-10,4,-10,3,-9,3,-9,2,-9,3,-9,2,-9,1,-9,1,-10,1,-9,1,-9,2,-9,1,-8,0,-6,0,-5,0,-6,-1,-7,-2,-7,0,0,0,0,0,0,0,0,0,0,0,0,0,0,0,0,0,0,0,0,0,0,3,-6,4,-7,4,-8,3,-9,4,-9,5,-8,6,-9,7,-9,7,-9,7,-10,7,-11,8,-12,9,-12,9,-11,9,-11,7,-11,7,-12,8,-12,9,-13,9,-13,8,-13,8,-13,9,-12,10,-13,10,-14,12,-14,0.0,16.1245154965971,16.64331697709324,16.64331697709324,15.264337522473747,13.892443989449804,12.529964086141668,12.529964086141668,12.529964086141668,11.180339887498949,10.770329614269007,9.486832980505138,9.486832980505138,9.219544457292887,9.486832980505138,9.219544457292887,9.055385138137417,10.04987562112089,9.055385138137417,9.055385138137417,9.219544457292887,8.06225774829855,6.0,5.0,6.0,7.0710678118654755,7.280109889280518,0.0,0.0,0.0,0.0,0.0,0.0,0.0,0.0,0.0,0.0,0.0,6.708203932499369,8.06225774829855,8.94427190999916,9.486832980505138,9.848857801796104,9.433981132056603,10.816653826391969,11.40175425099138,11.40175425099138,12.206555615733702,13.038404810405298,14.422205101855956,15.0,14.212670403551895,14.212670403551895,13.038404810405298,13.892443989449804,14.422205101855956,15.811388300841896,15.811388300841896,15.264337522473747,15.264337522473747,15.0,16.401219466856727,17.204650534085253,18.439088914585774,0.0,-1.0516502125483738,-0.9994588469612699,-0.9994588469612699,-1.0191413442663497,-1.042721878368537,-1.0714496051147666,-1.0714496051147666,-1.0714496051147666,-1.1071487177940904,-1.1902899496825317,-1.2490457723982544,-1.2490457723982544,-1.3521273809209546,-1.2490457723982544,-1.3521273809209546,-1.460139105621001,-1.4711276743037347,-1.460139105621001,-1.460139105621001,-1.3521273809209546,-1.446441332248135,-1.5707963267948966,-1.5707963267948966,-1.5707963267948966,-1.7126933813990606,-1.849095985800008,0.0,0.0,0.0,0.0,0.0,0.0,0.0,0.0,0.0,0.0,0.0,-1.1071487177940904,-1.0516502125483738,-1.1071487177940904,-1.2490457723982544,-1.1525719972156676,-1.0121970114513341,-0.982793723247329,-0.9097531579442097,-0.9097531579442097,-0.960070362405688,-1.0040671092713902,-0.982793723247329,-0.9272952180016122,-0.8850668158886104,-0.8850668158886104,-1.0040671092713902,-1.042721878368537,-0.982793723247329,-0.9652516631899266,-0.9652516631899266,-1.0191413442663497,-1.0191413442663497,-0.9272952180016122,-0.9151007005533605,-0.9505468408120752,-0.8621700546672264
21.61226875000284,router,ba:bd:de:13:68:55,-84,98.65006618106398,64,0.993328527666735,7.809547690786969,0,0,15,-13,15,-10,14,-11,15,-11,15,-10,13,-9,11,-8,10,-7,9,-7,7,-8,7,-9,7,-8,7,-8,7,-8,6,-7,6,-7,5,-7,5,-9,6,-10,6,-8,5,-6,4,-6,4,-7,4,-7,4,-8,4,-9,0,0,0,0,0,0,0,0,0,0,0,0,0,0,0,0,0,0,0,0,0,0,6,-8,6,-9,6,-9,6,-8,7,-7,7,-8,9,-9,10,-9,9,-9,9,-10,11,-10,12,-10,12,-10,12,-10,12,-10,12,-10,12,-10,13,-9,14,-10,15,-11,15,-11,15,-11,16,-11,16,-12,15,-13,15,-13,0.0,19.849433241279208,18.027756377319946,17.804493814764857,18.601075237738275,18.027756377319946,15.811388300841896,13.601470508735444,12.206555615733702,11.40175425099138,10.63014581273465,11.40175425099138,10.63014581273465,10.63014581273465,10.63014581273465,9.219544457292887,9.219544457292887,8.602325267042627,10.295630140987,11.661903789690601,10.0,7.810249675906654,7.211102550927978,8.06225774829855,8.06225774829855,8.94427190999916,9.848857801796104,0.0,0.0,0.0,0.0,0.0,0.0,0.0,0.0,0.0,0.0,0.0,10.0,10.816653826391969,10.816653826391969,10.0,9.899494936611665,10.63014581273465,12.727922061357855,13.45362404707371,12.727922061357855,13.45362404707371,14.866068747318506,15.620499351813308,15.620499351813308,15.620499351813308,15.620499351813308,15.620499351813308,15.620499351813308,15.811388300841896,17.204650534085253,18.601075237738275,18.601075237738275,18.601075237738275,19.4164878389476,20.0,19.849433241279208,19.849433241279208,0.0,-0.714090698612158,-0.5880026035475675,-0.6659692373791098,-0.6327488350021832,-0.5880026035475675,-0.6055446636049701,-0.628796286415433,-0.6107259643892086,-0.6610431688506869,-0.8519663271732721,-0.9097531579442097,-0.8519663271732721,-0.8519663271732721,-0.8519663271732721,-0.8621700546672264,-0.8621700546672264,-0.9505468408120752,-1.0636978224025597,-1.0303768265243125,-0.9272952180016122,-0.8760580505981934,-0.982793723247329,-1.0516502125483738,-1.0516502125483738,-1.1071487177940904,-1.1525719972156676,0.0,0.0,0.0,0.0,0.0,0.0,0.0,0.0,0.0,0.0,0.0,-0.9272952180016122,-0.982793723247329,-0.982793723247329,-0.9272952180016122,-0.7853981633974483,-0.8519663271732721,-0.7853981633974483,-0.7328151017865066,-0.7853981633974483,-0.83798122500839,-0.7378150601204649,-0.6947382761967031,-0.6947382761967031,-0.6947382761967031,-0.6947382761967031,-0.6947382761967031,-0.6947382761967031,-0.6055446636049701,-0.6202494859828215,-0.6327488350021832,-0.6327488350021832,-0.6327488350021832,-0.6022873461349642,-0.6435011087932844,-0.714090698612158,-0.714090698612158
21.712988897998002,router,ba:bd:de:13:68:55,-84,98.65006618106398,64,0.992957394560501,7.845006415473177,0,0,-19,0,-18,0,-17,1,-16,2,-16,2,-16,1,-14,0,-13,0,-12,1,-11,1,-11,1,-10,1,-10,2,-9,3,-9,4,-8,4,-8,3,-9,3,-9,3,-9,2,-8,2,-8,2,-7,2,-7,1,-8,1,-8,3,0,0,0,0,0,0,0,0,0,0,0,0,0,0,0,0,0,0,0,0,0,0,-9,2,-9,2,-11,2,-11,2,-11,2,-12,2,-12,1,-11,0,-12,0,-14,0,-14,1,-15,1,-16,-1,-16,0,-16,1,-17,1,-17,0,-17,-1,-17,-1,-18,0,-19,0,-19,1,-20,1,-20,1,-19,1,-19,-1,0.0,19.0,18.0,17.029386365926403,16.1245154965971,16.1245154965971,16.0312195418814,14.0,13.0,12.041594578792296,11.045361017187261,11.045361017187261,10.04987562112089,10.198039027185569,9.486832980505138,9.848857801796104,8.94427190999916,8.54400374531753,9.486832980505138,9.486832980505138,9.219544457292887,8.246211251235321,8.246211251235321,7.280109889280518,7.0710678118654755,8.06225774829855,8.54400374531753,0.0,0.0,0.0,0.0,0.0,0.0,0.0,0.0,0.0,0.0,0.0,9.219544457292887,9.219544457292887,11.180339887498949,11.180339887498949,11.180339887498949,12.165525060596439,12.041594578792296,11.0,12.0,14.0,14.035668847618199,15.033296378372908,16.0312195418814,16.0,16.0312195418814,17.029386365926403,17.0,17.029386365926403,17.029386365926403,18.0,19.0,19.026297590440446,20.024984394500787,20.024984394500787,19.026297590440446,19.026297590440446,0.0,3.141592653589793,3.141592653589793,3.0828368308740703,3.017237659043032,3.017237659043032,3.079173843593836,3.141592653589793,3.141592653589793,3.058451421701352,3.050932766389048,3.050932766389048,3.0419240010986313,2.9441970937399127,2.819842099193151,2.723368324010564,2.677945044588987,2.782821983319221,2.819842099193151,2.819842099193151,2.922923707715851,2.896613990462929,2.896613990462929,2.8632929945846817,2.999695598985629,3.017237659043032,2.782821983319221,0.0,0.0,0.0,0.0,0.0,0.0,0.0,0.0,0.0,0.0,0.0,2.922923707715851,2.922923707715851,2.961739153797315,2.961739153797315,2.961739153797315,2.976443976175166,3.058451421701352,3.141592653589793,3.141592653589793,3.141592653589793,3.070285188804503,3.0750244898139694,-3.079173843593836,3.141592653589793,3.079173843593836,3.0828368308740703,3.141592653589793,-3.0828368308740703,-3.0828368308740703,3.141592653589793,3.141592653589793,3.0890095919788516,3.0916342578678506,3.0916342578678506,3.0890095919788516,-3.0890095919788516
21.82340099800058,router,ba:bd:de:13:68:55,-84,101.41874866482692,64,0.9934100676260664,7.892743051788378,0,0,-19,-2,-18,-2,-17,-2,-15,-1,-14,-1,-14,-1,-14,-2,-14,-2,-13,-1,-12,-1,-13,0,-12,0,-10,0,-10,2,-10,2,-10,3,-10,2,-10,1,-8,1,-7,2,-7,3,-8,1,-8,0,-7,0,-6,0,-6,-2,0,0,0,0,0,0,0,0,0,0,0,0,0,0,0,0,0,0,0,0,0,0,-2,0,-4,0,-7,1,-9,1,-10,0,-11,-1,-12,-1,-13,-1,-14,-1,-14,0,-13,0,-13,-1,-15,-2,-15,-2,-15,-1,-15,-1,-17,-3,-18,-4,-17,-3,-18,-1,-18,-1,-18,-2,-18,-2,-18,-3,-17,-3,-17,-2,0.0,19.1049731745428,18.110770276274835,17.11724276862369,15.033296378372908,14.035668847618199,14.035668847618199,14.142135623730951,14.142135623730951,13.038404810405298,12.041594578792296,13.0,12.0,10.0,10.198039027185569,10.198039027185569,10.44030650891055,10.198039027185569,10.04987562112089,8.06225774829855,7.280109889280518,7.615773105863909,8.06225774829855,8.0,7.0,6.0,6.324555320336759,0.0,0.0,0.0,0.0,0.0,0.0,0.0,0.0,0.0,0.0,0.0,2.0,4.0,7.0710678118654755,9.055385138137417,10.0,11.045361017187261,12.041594578792296,13.038404810405298,14.035668847618199,14.0,13.0,13.038404810405298,15.132745950421556,15.132745950421556,15.033296378372908,15.033296378372908,17.26267650163207,18.439088914585774,17.26267650163207,18.027756377319946,18.027756377319946,18.110770276274835,18.110770276274835,18.24828759089466,17.26267650163207,17.11724276862369,0.0,-3.036715714859559,-3.0309354324158977,-3.024483909022929,-3.0750244898139694,-3.070285188804503,-3.070285188804503,-2.999695598985629,-2.999695598985629,-3.064820762320015,-3.058451421701352,3.141592653589793,3.141592653589793,3.141592653589793,2.9441970937399127,2.9441970937399127,2.8501358591119264,2.9441970937399127,3.0419240010986313,3.017237659043032,2.8632929945846817,2.7367008673047097,3.017237659043032,3.141592653589793,3.141592653589793,3.141592653589793,-2.819842099193151,0.0,0.0,0.0,0.0,0.0,0.0,0.0,0.0,0.0,0.0,0.0,3.141592653589793,3.141592653589793,2.999695598985629,3.0309354324158977,3.141592653589793,-3.050932766389048,-3.058451421701352,-3.064820762320015,-3.070285188804503,3.141592653589793,3.141592653589793,-3.064820762320015,-3.0090411212931194,-3.0090411212931194,-3.0750244898139694,-3.0750244898139694,-2.9669204545815537,-2.922923707715851,-2.9669204545815537,-3.0860941483440762,-3.0860941483440762,-3.0309354324158977,-3.0309354324158977,-2.976443976175166,-2.9669204545815537,-3.024483909022929
21.932787065998127,router,ba:bd:de:13:68:55,-84,101.41874866482692,64,0.9930040119168749,7.926820914109985,0,0,8,-17,10,-16,10,-14,10,-11,9,-10,8,-10,8,-12,6,-12,5,-11,6,-9,7,-9,5,-9,4,-9,3,-8,3,-8,3,-9,3,-9,2,-9,1,-9,1,-8,1,-7,2,-8,2,-7,2,-7,2,-6,1,-5,0,0,0,0,0,0,0,0,0,0,0,0,0,0,0,0,0,0,0,0,0,0,4,-7,3,-7,4,-9,5,-11,5,-12,6,-12,7,-11,7,-10,6,-10,6,-10,7,-11,8,-12,10,-12,10,-13,8,-13,7,-13,8,-13,8,-14,7,-15,8,-15,9,-15,9,-15,11,-14,13,-15,12,-16,12,-16,0.0,18.788294228055936,18.867962264113206,17.204650534085253,14.866068747318506,13.45362404707371,12.806248474865697,14.422205101855956,13.416407864998739,12.083045973594572,10.816653826391969,11.40175425099138,10.295630140987,9.848857801796104,8.54400374531753,8.54400374531753,9.486832980505138,9.486832980505138,9.219544457292887,9.055385138137417,8.06225774829855,7.0710678118654755,8.246211251235321,7.280109889280518,7.280109889280518,6.324555320336759,5.0990195135927845,0.0,0.0,0.0,0.0,0.0,0.0,0.0,0.0,0.0,0.0,0.0,8.06225774829855,7.615773105863909,9.848857801796104,12.083045973594572,13.0,13.416407864998739,13.038404810405298,12.206555615733702,11.661903789690601,11.661903789690601,13.038404810405298,14.422205101855956,15.620499351813308,16.401219466856727,15.264337522473747,14.7648230602334,15.264337522473747,16.1245154965971,16.55294535724685,17.0,17.4928556845359,17.4928556845359,17.804493814764857,19.849433241279208,20.0,20.0,0.0,-1.1309537439791604,-1.0121970114513341,-0.9505468408120752,-0.8329812666744317,-0.83798122500839,-0.8960553845713439,-0.982793723247329,-1.1071487177940904,-1.1441688336680205,-0.982793723247329,-0.9097531579442097,-1.0636978224025597,-1.1525719972156676,-1.2120256565243244,-1.2120256565243244,-1.2490457723982544,-1.2490457723982544,-1.3521273809209546,-1.460139105621001,-1.446441332248135,-1.4288992721907328,-1.3258176636680326,-1.2924966677897853,-1.2924966677897853,-1.2490457723982544,-1.373400766945016,0.0,0.0,0.0,0.0,0.0,0.0,0.0,0.0,0.0,0.0,0.0,-1.0516502125483738,-1.1659045405098132,-1.1525719972156676,-1.1441688336680205,-1.176005207095135,-1.1071487177940904,-1.0040671092713902,-0.960070362405688,-1.0303768265243125,-1.0303768265243125,-1.0040671092713902,-0.982793723247329,-0.8760580505981934,-0.9151007005533605,-1.0191413442663497,-1.0768549578753155,-1.0191413442663497,-1.0516502125483738,-1.1341691669813554,-1.0808390005411683,-1.0303768265243125,-1.0303768265243125,-0.9048270894157867,-0.8567056281827387,-0.9272952180016122,-0.9272952180016122
22.03336989499803,router,ba:bd:de:13:68:55,-83,101.41874866482692,64,0.9944693063352816,7.95149444818129,0,0,11,13,10,13,9,13,9,12,8,11,7,10,7,8,6,8,5,7,6,7,7,7,8,7,7,5,5,4,4,4,6,4,6,5,7,5,7,5,6,5,5,4,5,4,6,4,5,4,5,3,5,1,0,0,0,0,0,0,0,0,0,0,0,0,0,0,0,0,0,0,0,0,0,0,6,4,6,4,5,4,7,4,8,5,8,6,8,7,8,9,8,9,8,9,9,8,8,7,8,9,8,10,8,10,8,10,9,11,8,12,9,13,10,13,11,13,11,12,10,13,10,14,11,14,12,15,0.0,17.029386365926403,16.401219466856727,15.811388300841896,15.0,13.601470508735444,12.206555615733702,10.63014581273465,10.0,8.602325267042627,9.219544457292887,9.899494936611665,10.63014581273465,8.602325267042627,6.4031242374328485,5.656854249492381,7.211102550927978,7.810249675906654,8.602325267042627,8.602325267042627,7.810249675906654,6.4031242374328485,6.4031242374328485,7.211102550927978,6.4031242374328485,5.830951894845301,5.0990195135927845,0.0,0.0,0.0,0.0,0.0,0.0,0.0,0.0,0.0,0.0,0.0,7.211102550927978,7.211102550927978,6.4031242374328485,8.06225774829855,9.433981132056603,10.0,10.63014581273465,12.041594578792296,12.041594578792296,12.041594578792296,12.041594578792296,10.63014581273465,12.041594578792296,12.806248474865697,12.806248474865697,12.806248474865697,14.212670403551895,14.422205101855956,15.811388300841896,16.401219466856727,17.029386365926403,16.278820596099706,16.401219466856727,17.204650534085253,17.804493814764857,19.209372712298546,0.0,0.8685393952858895,0.9151007005533605,0.9652516631899266,0.9272952180016122,0.9420000403794636,0.960070362405688,0.8519663271732721,0.9272952180016122,0.9505468408120752,0.8621700546672264,0.7853981633974483,0.7188299996216245,0.6202494859828215,0.6747409422235526,0.7853981633974483,0.5880026035475675,0.6947382761967031,0.6202494859828215,0.6202494859828215,0.6947382761967031,0.6747409422235526,0.6747409422235526,0.5880026035475675,0.6747409422235526,0.5404195002705842,0.19739555984988075,0.0,0.0,0.0,0.0,0.0,0.0,0.0,0.0,0.0,0.0,0.0,0.5880026035475675,0.5880026035475675,0.6747409422235526,0.5191461142465229,0.5585993153435624,0.6435011087932844,0.7188299996216245,0.844153986113171,0.844153986113171,0.844153986113171,0.7266423406817256,0.7188299996216245,0.844153986113171,0.8960553845713439,0.8960553845713439,0.8960553845713439,0.8850668158886104,0.982793723247329,0.9652516631899266,0.9151007005533605,0.8685393952858895,0.8288490587889792,0.9151007005533605,0.9505468408120752,0.9048270894157867,0.8960553845713439
22.142483201001596,router,ba:bd:de:13:68:55,-83,101.41874866482692,64,0.9952096253889817,7.9697962184759525,0,0,-9,15,-10,14,-11,13,-10,13,-10,12,-9,10,-8,10,-8,9,-6,9,-5,9,-4,8,-4,7,-5,7,-4,7,-4,7,-4,8,-4,8,-4,8,-4,7,-4,8,-3,8,-3,8,-2,6,-2,5,-4,5,-3,6,0,0,0,0,0,0,0,0,0,0,0,0,0,0,0,0,0,0,0,0,0,0,-2,8,-2,9,-2,9,-4,9,-4,9,-4,10,-5,10,-6,11,-6,12,-6,11,-6,11,-5,12,-7,12,-9,13,-9,13,-8,13,-8,12,-9,13,-10,14,-9,15,-8,15,-9,14,-10,13,-11,14,-11,16,-9,17,0.0,17.4928556845359,17.204650534085253,17.029386365926403,16.401219466856727,15.620499351813308,13.45362404707371,12.806248474865697,12.041594578792296,10.816653826391969,10.295630140987,8.94427190999916,8.06225774829855,8.602325267042627,8.06225774829855,8.06225774829855,8.94427190999916,8.94427190999916,8.94427190999916,8.06225774829855,8.94427190999916,8.54400374531753,8.54400374531753,6.324555320336759,5.385164807134504,6.4031242374328485,6.708203932499369,0.0,0.0,0.0,0.0,0.0,0.0,0.0,0.0,0.0,0.0,0.0,8.246211251235321,9.219544457292887,9.219544457292887,9.848857801796104,9.848857801796104,10.770329614269007,11.180339887498949,12.529964086141668,13.416407864998739,12.529964086141668,12.529964086141668,13.0,13.892443989449804,15.811388300841896,15.811388300841896,15.264337522473747,14.422205101855956,15.811388300841896,17.204650534085253,17.4928556845359,17.0,16.64331697709324,16.401219466856727,17.804493814764857,19.4164878389476,19.235384061671343,0.0,2.1112158270654806,2.191045812777718,2.2730532583039036,2.2264919530364327,2.2655346029916,2.3036114285814033,2.2455372690184494,2.297438667476622,2.158798930342464,2.0778948311872334,2.0344439357957027,2.0899424410414196,2.191045812777718,2.0899424410414196,2.0899424410414196,2.0344439357957027,2.0344439357957027,2.0344439357957027,2.0899424410414196,2.0344439357957027,1.9295669970654687,1.9295669970654687,1.892546881191539,1.9513027039072615,2.2455372690184494,2.0344439357957027,0.0,0.0,0.0,0.0,0.0,0.0,0.0,0.0,0.0,0.0,0.0,1.8157749899217608,1.7894652726688385,1.7894652726688385,1.9890206563741257,1.9890206563741257,1.9513027039072615,2.0344439357957027,2.0701430484750265,2.0344439357957027,2.0701430484750265,2.0701430484750265,1.965587446494658,2.0988707752212563,2.1763409903998667,2.1763409903998667,2.1224513093234436,2.158798930342464,2.1763409903998667,2.191045812777718,2.1112158270654806,2.060753653048625,2.1421338066285234,2.2264919530364327,2.2367655641740063,2.173083672929861,2.0576955586061656
22.251993229001528,router,ba:bd:de:13:68:55,-84,101.41874866482692,64,0.9953230139792573,7.983802903509833,0,0,17,6,16,6,14,5,13,5,13,6,14,6,13,5,12,3,10,2,10,2,10,1,9,1,8,2,9,2,8,2,8,0,8,-1,8,-2,8,-2,7,-2,7,-1,7,-1,6,0,6,1,6,2,6,2,0,0,0,0,0,0,0,0,0,0,0,0,0,0,0,0,0,0,0,0,0,0,9,2,8,0,8,0,9,1,10,2,10,1,9,2,9,4,10,3,11,3,12,4,11,4,12,4,12,4,12,4,14,4,15,4,15,5,15,6,15,6,15,6,15,6,15,7,16,7,15,7,13,8,0.0,18.027756377319946,17.08800749063506,14.866068747318506,13.92838827718412,14.317821063276353,15.231546211727817,13.92838827718412,12.36931687685298,10.198039027185569,10.198039027185569,10.04987562112089,9.055385138137417,8.246211251235321,9.219544457292887,8.246211251235321,8.0,8.06225774829855,8.246211251235321,8.246211251235321,7.280109889280518,7.0710678118654755,7.0710678118654755,6.0,6.082762530298219,6.324555320336759,6.324555320336759,0.0,0.0,0.0,0.0,0.0,0.0,0.0,0.0,0.0,0.0,0.0,9.219544457292887,8.0,8.0,9.055385138137417,10.198039027185569,10.04987562112089,9.219544457292887,9.848857801796104,10.44030650891055,11.40175425099138,12.649110640673518,11.704699910719626,12.649110640673518,12.649110640673518,12.649110640673518,14.560219778561036,15.524174696260024,15.811388300841896,16.15549442140351,16.15549442140351,16.15549442140351,16.15549442140351,16.55294535724685,17.46424919657298,16.55294535724685,15.264337522473747,0.0,0.3392926144540447,0.35877067027057225,0.3430239404207034,0.3671738338182192,0.43240777557053783,0.40489178628508343,0.3671738338182192,0.24497866312686414,0.19739555984988075,0.19739555984988075,0.09966865249116202,0.11065722117389565,0.24497866312686414,0.21866894587394195,0.24497866312686414,0.0,-0.12435499454676144,-0.24497866312686414,-0.24497866312686414,-0.27829965900511133,-0.14189705460416394,-0.14189705460416394,0.0,0.16514867741462683,0.3217505543966422,0.3217505543966422,0.0,0.0,0.0,0.0,0.0,0.0,0.0,0.0,0.0,0.0,0.0,0.21866894587394195,0.0,0.0,0.11065722117389565,0.19739555984988075,0.09966865249116202,0.21866894587394195,0.4182243295792291,0.2914567944778671,0.2662520491509254,0.3217505543966422,0.348771003583907,0.3217505543966422,0.3217505543966422,0.3217505543966422,0.27829965900511133,0.260602391747341,0.3217505543966422,0.3805063771123649,0.3805063771123649,0.3805063771123649,0.3805063771123649,0.43662715981354133,0.4124104415973873,0.43662715981354133,0.5516549825285468
22.35972042100184,router,ba:bd:de:13:68:55,-84,101.41874866482692,64,0.9950474939769931,7.994319483359955,0,0,11,15,11,16,10,15,8,14,8,12,8,12,8,11,7,10,6,9,7,8,7,8,7,7,7,7,6,7,5,6,5,6,6,6,6,4,4,3,4,5,5,6,5,5,5,4,5,4,6,5,6,6,0,0,0,0,0,0,0,0,0,0,0,0,0,0,0,0,0,0,0,0,0,0,6,4,7,4,6,4,6,4,6,6,7,7,8,7,8,7,8,8,8,8,9,9,9,10,8,11,8,12,9,12,9,12,10,12,11,11,11,13,11,13,12,12,12,13,10,14,10,15,12,14,12,14,0.0,18.601075237738275,19.4164878389476,18.027756377319946,16.1245154965971,14.422205101855956,14.422205101855956,13.601470508735444,12.206555615733702,10.816653826391969,10.63014581273465,10.63014581273465,9.899494936611665,9.899494936611665,9.219544457292887,7.810249675906654,7.810249675906654,8.48528137423857,7.211102550927978,5.0,6.4031242374328485,7.810249675906654,7.0710678118654755,6.4031242374328485,6.4031242374328485,7.810249675906654,8.48528137423857,0.0,0.0,0.0,0.0,0.0,0.0,0.0,0.0,0.0,0.0,0.0,7.211102550927978,8.06225774829855,7.211102550927978,7.211102550927978,8.48528137423857,9.899494936611665,10.63014581273465,10.63014581273465,11.313708498984761,11.313708498984761,12.727922061357855,13.45362404707371,13.601470508735444,14.422205101855956,15.0,15.0,15.620499351813308,15.556349186104045,17.029386365926403,17.029386365926403,16.97056274847714,17.69180601295413,17.204650534085253,18.027756377319946,18.439088914585774,18.439088914585774,0.0,0.9380474917927135,0.9685089806599324,0.982793723247329,1.0516502125483738,0.982793723247329,0.982793723247329,0.9420000403794636,0.960070362405688,0.982793723247329,0.8519663271732721,0.8519663271732721,0.7853981633974483,0.7853981633974483,0.8621700546672264,0.8760580505981934,0.8760580505981934,0.7853981633974483,0.5880026035475675,0.6435011087932844,0.8960553845713439,0.8760580505981934,0.7853981633974483,0.6747409422235526,0.6747409422235526,0.6947382761967031,0.7853981633974483,0.0,0.0,0.0,0.0,0.0,0.0,0.0,0.0,0.0,0.0,0.0,0.5880026035475675,0.5191461142465229,0.5880026035475675,0.5880026035475675,0.7853981633974483,0.7853981633974483,0.7188299996216245,0.7188299996216245,0.7853981633974483,0.7853981633974483,0.7853981633974483,0.83798122500839,0.9420000403794636,0.982793723247329,0.9272952180016122,0.9272952180016122,0.8760580505981934,0.7853981633974483,0.8685393952858895,0.8685393952858895,0.7853981633974483,0.8253768505207384,0.9505468408120752,0.982793723247329,0.8621700546672264,0.8621700546672264
22.46224919299857,router,ba:bd:de:13:68:55,-84,101.41874866482692,64,0.9937834987460075,8.001267230958707,0,0,9,-16,8,-15,8,-14,8,-13,7,-12,6,-11,6,-11,6,-10,5,-11,4,-11,3,-10,3,-8,2,-8,1,-9,1,-9,2,-8,2,-8,2,-9,2,-8,2,-7,2,-7,2,-8,1,-8,2,-8,2,-7,2,-5,0,0,0,0,0,0,0,0,0,0,0,0,0,0,0,0,0,0,0,0,0,0,3,-9,2,-9,2,-9,2,-11,2,-11,2,-10,2,-11,3,-11,4,-11,4,-11,5,-12,5,-13,7,-13,8,-14,8,-14,7,-14,7,-14,6,-14,6,-15,7,-16,9,-16,9,-16,8,-16,8,-16,7,-16,7,-16,0.0,18.35755975068582,17.0,16.1245154965971,15.264337522473747,13.892443989449804,12.529964086141668,12.529964086141668,11.661903789690601,12.083045973594572,11.704699910719626,10.44030650891055,8.54400374531753,8.246211251235321,9.055385138137417,9.055385138137417,8.246211251235321,8.246211251235321,9.219544457292887,8.246211251235321,7.280109889280518,7.280109889280518,8.246211251235321,8.06225774829855,8.246211251235321,7.280109889280518,5.385164807134504,0.0,0.0,0.0,0.0,0.0,0.0,0.0,0.0,0.0,0.0,0.0,9.486832980505138,9.219544457292887,9.219544457292887,11.180339887498949,11.180339887498949,10.198039027185569,11.180339887498949,11.40175425099138,11.704699910719626,11.704699910719626,13.0,13.92838827718412,14.7648230602334,16.1245154965971,16.1245154965971,15.652475842498529,15.652475842498529,15.231546211727817,16.15549442140351,17.46424919657298,18.35755975068582,18.35755975068582,17.88854381999832,17.88854381999832,17.46424919657298,17.46424919657298,0.0,-1.0584068664841588,-1.0808390005411683,-1.0516502125483738,-1.0191413442663497,-1.042721878368537,-1.0714496051147666,-1.0714496051147666,-1.0303768265243125,-1.1441688336680205,-1.2220253232109897,-1.2793395323170296,-1.2120256565243244,-1.3258176636680326,-1.460139105621001,-1.460139105621001,-1.3258176636680326,-1.3258176636680326,-1.3521273809209546,-1.3258176636680326,-1.2924966677897853,-1.2924966677897853,-1.3258176636680326,-1.446441332248135,-1.3258176636680326,-1.2924966677897853,-1.1902899496825317,0.0,0.0,0.0,0.0,0.0,0.0,0.0,0.0,0.0,0.0,0.0,-1.2490457723982544,-1.3521273809209546,-1.3521273809209546,-1.3909428270024184,-1.3909428270024184,-1.373400766945016,-1.3909428270024184,-1.3045442776439713,-1.2220253232109897,-1.2220253232109897,-1.176005207095135,-1.2036224929766774,-1.0768549578753155,-1.0516502125483738,-1.0516502125483738,-1.1071487177940904,-1.1071487177940904,-1.1659045405098132,-1.1902899496825317,-1.1583858851975093,-1.0584068664841588,-1.0584068664841588,-1.1071487177940904,-1.1071487177940904,-1.1583858851975093,-1.1583858851975093
22.562282835002407,router,ba:bd:de:13:68:55,-84,101.41874866482692,64,0.9933320576541571,8.004257444002983,0,0,21,-5,18,-5,16,-5,16,-5,15,-5,15,-4,14,-4,12,-4,10,-4,10,-5,11,-6,10,-6,8,-5,7,-5,7,-5,7,-5,7,-6,6,-6,6,-7,7,-6,7,-5,7,-5,7,-5,6,-4,6,-3,8,-2,0,0,0,0,0,0,0,0,0,0,0,0,0,0,0,0,0,0,0,0,0,0,7,-3,7,-5,8,-6,10,-5,11,-3,11,-3,12,-5,12,-4,14,-3,14,-2,14,-3,14,-3,14,-2,15,-3,17,-3,17,-4,17,-5,17,-6,16,-6,16,-6,16,-6,18,-6,19,-6,20,-7,19,-6,19,-4,0.0,21.587033144922902,18.681541692269406,16.76305461424021,16.76305461424021,15.811388300841896,15.524174696260024,14.560219778561036,12.649110640673518,10.770329614269007,11.180339887498949,12.529964086141668,11.661903789690601,9.433981132056603,8.602325267042627,8.602325267042627,8.602325267042627,9.219544457292887,8.48528137423857,9.219544457292887,9.219544457292887,8.602325267042627,8.602325267042627,8.602325267042627,7.211102550927978,6.708203932499369,8.246211251235321,0.0,0.0,0.0,0.0,0.0,0.0,0.0,0.0,0.0,0.0,0.0,7.615773105863909,8.602325267042627,10.0,11.180339887498949,11.40175425099138,11.40175425099138,13.0,12.649110640673518,14.317821063276353,14.142135623730951,14.317821063276353,14.317821063276353,14.142135623730951,15.297058540778355,17.26267650163207,17.46424919657298,17.72004514666935,18.027756377319946,17.08800749063506,17.08800749063506,17.08800749063506,18.973665961010276,19.924858845171276,21.18962010041709,19.924858845171276,19.4164878389476,0.0,-0.23374318086890142,-0.27094685033842053,-0.3028848683749714,-0.3028848683749714,-0.3217505543966422,-0.260602391747341,-0.27829965900511133,-0.3217505543966422,-0.3805063771123649,-0.4636476090008061,-0.4993467216801301,-0.5404195002705842,-0.5585993153435624,-0.6202494859828215,-0.6202494859828215,-0.6202494859828215,-0.7086262721276703,-0.7853981633974483,-0.8621700546672264,-0.7086262721276703,-0.6202494859828215,-0.6202494859828215,-0.6202494859828215,-0.5880026035475675,-0.4636476090008061,-0.24497866312686414,0.0,0.0,0.0,0.0,0.0,0.0,0.0,0.0,0.0,0.0,0.0,-0.40489178628508343,-0.6202494859828215,-0.6435011087932844,-0.4636476090008061,-0.2662520491509254,-0.2662520491509254,-0.3947911196997615,-0.3217505543966422,-0.21109333322274654,-0.14189705460416394,-0.21109333322274654,-0.21109333322274654,-0.14189705460416394,-0.19739555984988075,-0.1746721990082397,-0.23109066719589708,-0.2860514417173182,-0.3392926144540447,-0.35877067027057225,-0.35877067027057225,-0.35877067027057225,-0.3217505543966422,-0.30587887140485215,-0.33667481938672716,-0.30587887140485215,-0.20749622643520266
22.66293357199902,router,ba:bd:de:13:68:55,-84,101.41874866482692,64,0.9930966224486693,8.00266408778138,0,0,-11,-17,-10,-16,-10,-14,-9,-14,-8,-14,-8,-13,-8,-12,-7,-11,-8,-11,-9,-10,-8,-10,-8,-9,-8,-8,-9,-7,-8,-7,-7,-7,-7,-7,-8,-6,-8,-5,-7,-6,-7,-6,-7,-7,-7,-7,-5,-7,-4,-6,-3,-4,0,0,0,0,0,0,0,0,0,0,0,0,0,0,0,0,0,0,0,0,0,0,-7,-6,-6,-6,-6,-7,-6,-8,-7,-9,-9,-10,-9,-10,-8,-9,-7,-8,-7,-8,-7,-9,-8,-11,-8,-12,-8,-13,-8,-13,-8,-13,-9,-13,-10,-13,-11,-14,-11,-15,-11,-15,-11,-16,-11,-17,-11,-17,-11,-16,-11,-15,0.0,20.248456731316587,18.867962264113206,17.204650534085253,16.64331697709324,16.1245154965971,15.264337522473747,14.422205101855956,13.038404810405298,13.601470508735444,13.45362404707371,12.806248474865697,12.041594578792296,11.313708498984761,11.40175425099138,10.63014581273465,9.899494936611665,9.899494936611665,10.0,9.433981132056603,9.219544457292887,9.219544457292887,9.899494936611665,9.899494936611665,8.602325267042627,7.211102550927978,5.0,0.0,0.0,0.0,0.0,0.0,0.0,0.0,0.0,0.0,0.0,0.0,9.219544457292887,8.48528137423857,9.219544457292887,10.0,11.40175425099138,13.45362404707371,13.45362404707371,12.041594578792296,10.63014581273465,10.63014581273465,11.40175425099138,13.601470508735444,14.422205101855956,15.264337522473747,15.264337522473747,15.264337522473747,15.811388300841896,16.401219466856727,17.804493814764857,18.601075237738275,18.601075237738275,19.4164878389476,20.248456731316587,20.248456731316587,19.4164878389476,18.601075237738275,0.0,-2.1451011569695986,-2.129395642138459,-2.191045812777718,-2.1421338066285234,-2.0899424410414196,-2.1224513093234436,-2.158798930342464,-2.137525544318403,-2.1995926132103296,-2.3036114285814033,-2.2455372690184494,-2.297438667476622,-2.356194490192345,-2.4805494847391065,-2.4227626539681686,-2.356194490192345,-2.356194490192345,-2.498091544796509,-2.5829933382462307,-2.432966381462123,-2.432966381462123,-2.356194490192345,-2.356194490192345,-2.191045812777718,-2.158798930342464,-2.214297435588181,0.0,0.0,0.0,0.0,0.0,0.0,0.0,0.0,0.0,0.0,0.0,-2.432966381462123,-2.356194490192345,-2.279422598922567,-2.214297435588181,-2.2318394956455836,-2.3036114285814033,-2.3036114285814033,-2.297438667476622,-2.289626326416521,-2.289626326416521,-2.2318394956455836,-2.1995926132103296,-2.158798930342464,-2.1224513093234436,-2.1224513093234436,-2.1224513093234436,-2.1763409903998667,-2.2264919530364327,-2.2367655641740063,-2.20354516179708,-2.20354516179708,-2.173083672929861,-2.1451011569695986,-2.1451011569695986,-2.173083672929861,-2.20354516179708
22.772953842999414,router,ba:bd:de:13:68:55,-84,98.11652991843614,64,0.9910369980683471,7.983247436492267,0,0,-6,-20,-7,-18,-5,-16,-3,-15,-3,-15,-4,-14,-5,-13,-6,-12,-4,-11,-4,-11,-4,-11,-4,-11,-5,-10,-5,-10,-5,-8,-5,-8,-5,-9,-6,-9,-6,-8,-5,-6,-5,-6,-5,-7,-4,-7,-4,-6,-4,-6,-4,-8,0,0,0,0,0,0,0,0,0,0,0,0,0,0,0,0,0,0,0,0,0,0,-6,-9,-5,-9,-5,-8,-5,-9,-6,-9,-6,-9,-6,-9,-5,-10,-5,-11,-5,-12,-5,-12,-5,-12,-4,-14,-5,-14,-4,-15,-4,-15,-5,-16,-5,-16,-5,-16,-6,-16,-6,-17,-7,-18,-6,-18,-4,-18,-4,-18,-5,-19,0.0,20.8806130178211,19.313207915827967,16.76305461424021,15.297058540778355,15.297058540778355,14.560219778561036,13.92838827718412,13.416407864998739,11.704699910719626,11.704699910719626,11.704699910719626,11.704699910719626,11.180339887498949,11.180339887498949,9.433981132056603,9.433981132056603,10.295630140987,10.816653826391969,10.0,7.810249675906654,7.810249675906654,8.602325267042627,8.06225774829855,7.211102550927978,7.211102550927978,8.94427190999916,0.0,0.0,0.0,0.0,0.0,0.0,0.0,0.0,0.0,0.0,0.0,10.816653826391969,10.295630140987,9.433981132056603,10.295630140987,10.816653826391969,10.816653826391969,10.816653826391969,11.180339887498949,12.083045973594572,13.0,13.0,13.0,14.560219778561036,14.866068747318506,15.524174696260024,15.524174696260024,16.76305461424021,16.76305461424021,16.76305461424021,17.08800749063506,18.027756377319946,19.313207915827967,18.973665961010276,18.439088914585774,18.439088914585774,19.6468827043885,0.0,-1.8622531212727638,-1.941687615607559,-1.873681195169868,-1.7681918866447774,-1.7681918866447774,-1.849095985800008,-1.9379701606131159,-2.0344439357957027,-1.9195673303788037,-1.9195673303788037,-1.9195673303788037,-1.9195673303788037,-2.0344439357957027,-2.0344439357957027,-2.129395642138459,-2.129395642138459,-2.0778948311872334,-2.158798930342464,-2.214297435588181,-2.2655346029916,-2.2655346029916,-2.191045812777718,-2.0899424410414196,-2.158798930342464,-2.158798930342464,-2.0344439357957027,0.0,0.0,0.0,0.0,0.0,0.0,0.0,0.0,0.0,0.0,0.0,-2.158798930342464,-2.0778948311872334,-2.129395642138459,-2.0778948311872334,-2.158798930342464,-2.158798930342464,-2.158798930342464,-2.0344439357957027,-1.9974238199217726,-1.965587446494658,-1.965587446494658,-1.965587446494658,-1.849095985800008,-1.9138202672156,-1.8313987185422376,-1.8313987185422376,-1.873681195169868,-1.873681195169868,-1.873681195169868,-1.9295669970654687,-1.9100889412489412,-1.941687615607559,-1.892546881191539,-1.7894652726688385,-1.7894652726688385,-1.8281200417659853
22.882266075997904,router,ba:bd:de:13:68:55,-84,98.11652991843614,64,0.9880562273507696,7.966420029551254,0,0,17,7,17,5,16,4,15,5,13,5,13,4,12,3,11,2,10,1,9,1,9,1,10,1,10,1,10,0,9,1,8,0,8,-1,7,0,7,0,7,-1,7,-1,6,0,6,0,6,0,7,1,8,2,0,0,0,0,0,0,0,0,0,0,0,0,0,0,0,0,0,0,0,0,0,0,7,-4,7,-3,8,-2,9,-2,10,-2,10,-1,11,0,11,1,12,1,12,1,12,0,13,1,14,2,14,3,15,2,16,2,17,1,18,2,17,4,17,3,17,4,18,4,19,3,17,3,18,4,20,5,0.0,18.384776310850235,17.72004514666935,16.492422502470642,15.811388300841896,13.92838827718412,13.601470508735444,12.36931687685298,11.180339887498949,10.04987562112089,9.055385138137417,9.055385138137417,10.04987562112089,10.04987562112089,10.0,9.055385138137417,8.0,8.06225774829855,7.0,7.0,7.0710678118654755,7.0710678118654755,6.0,6.0,6.0,7.0710678118654755,8.246211251235321,0.0,0.0,0.0,0.0,0.0,0.0,0.0,0.0,0.0,0.0,0.0,8.06225774829855,7.615773105863909,8.246211251235321,9.219544457292887,10.198039027185569,10.04987562112089,11.0,11.045361017187261,12.041594578792296,12.041594578792296,12.0,13.038404810405298,14.142135623730951,14.317821063276353,15.132745950421556,16.1245154965971,17.029386365926403,18.110770276274835,17.46424919657298,17.26267650163207,17.46424919657298,18.439088914585774,19.235384061671343,17.26267650163207,18.439088914585774,20.615528128088304,0.0,0.3906070436976868,0.2860514417173182,0.24497866312686414,0.3217505543966422,0.3671738338182192,0.2984989315861793,0.24497866312686414,0.17985349979247828,0.09966865249116202,0.11065722117389565,0.11065722117389565,0.09966865249116202,0.09966865249116202,0.0,0.11065722117389565,0.0,-0.12435499454676144,0.0,0.0,-0.14189705460416394,-0.14189705460416394,0.0,0.0,0.0,0.14189705460416394,0.24497866312686414,0.0,0.0,0.0,0.0,0.0,0.0,0.0,0.0,0.0,0.0,0.0,-0.5191461142465229,-0.40489178628508343,-0.24497866312686414,-0.21866894587394195,-0.19739555984988075,-0.09966865249116202,0.0,0.09065988720074511,0.08314123188844123,0.08314123188844123,0.0,0.07677189126977804,0.14189705460416394,0.21109333322274654,0.13255153229667402,0.12435499454676144,0.058755822715722696,0.11065722117389565,0.23109066719589708,0.1746721990082397,0.23109066719589708,0.21866894587394195,0.15660187698201536,0.1746721990082397,0.21866894587394195,0.24497866312686414
22.982281223004975,router,ba:bd:de:13:68:55,-84,98.11652991843614,64,0.9848756505540774,7.9489212448357645,0,0,-12,14,-13,12,-13,11,-12,10,-10,11,-9,10,-8,9,-9,8,-10,9,-8,9,-7,9,-6,8,-5,9,-5,10,-4,9,-4,8,-4,8,-3,8,-4,8,-4,8,-4,7,-4,6,-5,6,-5,7,-4,8,-2,10,0,0,0,0,0,0,0,0,0,0,0,0,0,0,0,0,0,0,0,0,0,0,-5,7,-4,8,-5,7,-6,7,-6,8,-6,9,-7,8,-8,8,-9,9,-8,10,-9,10,-10,10,-10,10,-10,9,-11,10,-11,10,-11,11,-11,12,-11,12,-10,12,-10,13,-12,13,-13,13,-12,13,-13,11,-16,11,0.0,18.439088914585774,17.69180601295413,17.029386365926403,15.620499351813308,14.866068747318506,13.45362404707371,12.041594578792296,12.041594578792296,13.45362404707371,12.041594578792296,11.40175425099138,10.0,10.295630140987,11.180339887498949,9.848857801796104,8.94427190999916,8.94427190999916,8.54400374531753,8.94427190999916,8.94427190999916,8.06225774829855,7.211102550927978,7.810249675906654,8.602325267042627,8.94427190999916,10.198039027185569,0.0,0.0,0.0,0.0,0.0,0.0,0.0,0.0,0.0,0.0,0.0,8.602325267042627,8.94427190999916,8.602325267042627,9.219544457292887,10.0,10.816653826391969,10.63014581273465,11.313708498984761,12.727922061357855,12.806248474865697,13.45362404707371,14.142135623730951,14.142135623730951,13.45362404707371,14.866068747318506,14.866068747318506,15.556349186104045,16.278820596099706,16.278820596099706,15.620499351813308,16.401219466856727,17.69180601295413,18.384776310850235,17.69180601295413,17.029386365926403,19.4164878389476,0.0,2.279422598922567,2.396173177315635,2.439335722080786,2.44685437739309,2.3086113869153615,2.3036114285814033,2.297438667476622,2.4149503129080676,2.408777551803287,2.297438667476622,2.2318394956455836,2.214297435588181,2.0778948311872334,2.0344439357957027,1.9890206563741257,2.0344439357957027,2.0344439357957027,1.9295669970654687,2.0344439357957027,2.0344439357957027,2.0899424410414196,2.158798930342464,2.2655346029916,2.191045812777718,2.0344439357957027,1.7681918866447774,0.0,0.0,0.0,0.0,0.0,0.0,0.0,0.0,0.0,0.0,0.0,2.191045812777718,2.0344439357957027,2.191045812777718,2.279422598922567,2.214297435588181,2.158798930342464,2.289626326416521,2.356194490192345,2.356194490192345,2.2455372690184494,2.3036114285814033,2.356194490192345,2.356194490192345,2.408777551803287,2.403777593469328,2.403777593469328,2.356194490192345,2.312743594800814,2.312743594800814,2.2655346029916,2.2264919530364327,2.316215803069055,2.356194490192345,2.316215803069055,2.439335722080786,2.539305307454829
23.094701376001467,router,ba:bd:de:13:68:55,-84,98.11652991843614,64,0.984571854218268,7.928814698460233,0,0,-10,12,-10,12,-9,12,-8,12,-7,10,-7,9,-7,8,-7,8,-6,8,-5,9,-5,8,-5,7,-4,8,-3,9,-3,9,-2,7,-1,7,-2,6,-3,6,-2,6,-1,7,-2,7,-2,6,-2,6,-2,5,-4,4,0,0,0,0,0,0,0,0,0,0,0,0,0,0,0,0,0,0,0,0,0,0,-7,7,-6,6,-5,6,-4,8,-4,8,-5,7,-7,7,-7,7,-7,8,-7,9,-7,9,-7,10,-7,10,-7,10,-8,10,-9,10,-9,11,-8,11,-8,11,-9,12,-10,13,-10,14,-10,14,-10,13,-11,13,-11,12,0.0,15.620499351813308,15.620499351813308,15.0,14.422205101855956,12.206555615733702,11.40175425099138,10.63014581273465,10.63014581273465,10.0,10.295630140987,9.433981132056603,8.602325267042627,8.94427190999916,9.486832980505138,9.486832980505138,7.280109889280518,7.0710678118654755,6.324555320336759,6.708203932499369,6.324555320336759,7.0710678118654755,7.280109889280518,6.324555320336759,6.324555320336759,5.385164807134504,5.656854249492381,0.0,0.0,0.0,0.0,0.0,0.0,0.0,0.0,0.0,0.0,0.0,9.899494936611665,8.48528137423857,7.810249675906654,8.94427190999916,8.94427190999916,8.602325267042627,9.899494936611665,9.899494936611665,10.63014581273465,11.40175425099138,11.40175425099138,12.206555615733702,12.206555615733702,12.206555615733702,12.806248474865697,13.45362404707371,14.212670403551895,13.601470508735444,13.601470508735444,15.0,16.401219466856727,17.204650534085253,17.204650534085253,16.401219466856727,17.029386365926403,16.278820596099706,0.0,2.2655346029916,2.2655346029916,2.214297435588181,2.158798930342464,2.1815222911841055,2.2318394956455836,2.289626326416521,2.289626326416521,2.214297435588181,2.0778948311872334,2.129395642138459,2.191045812777718,2.0344439357957027,1.892546881191539,1.892546881191539,1.849095985800008,1.7126933813990606,1.892546881191539,2.0344439357957027,1.892546881191539,1.7126933813990606,1.849095985800008,1.892546881191539,1.892546881191539,1.9513027039072615,2.356194490192345,0.0,0.0,0.0,0.0,0.0,0.0,0.0,0.0,0.0,0.0,0.0,2.356194490192345,2.356194490192345,2.2655346029916,2.0344439357957027,2.0344439357957027,2.191045812777718,2.356194490192345,2.356194490192345,2.289626326416521,2.2318394956455836,2.2318394956455836,2.1815222911841055,2.1815222911841055,2.1815222911841055,2.2455372690184494,2.3036114285814033,2.256525837701183,2.1995926132103296,2.1995926132103296,2.214297435588181,2.2264919530364327,2.191045812777718,2.191045812777718,2.2264919530364327,2.2730532583039036,2.312743594800814
23.202168982999865,router,ba:bd:de:13:68:55,-84,98.11652991843614,64,0.9858414570104048,7.904757691924901,0,0,7,-20,7,-19,7,-18,6,-16,6,-15,5,-15,5,-15,3,-13,2,-12,1,-12,1,-12,1,-12,1,-12,1,-11,2,-10,1,-9,0,-9,0,-9,-1,-10,-1,-10,0,-9,0,-9,0,-8,0,-8,1,-7,-1,-6,0,0,0,0,0,0,0,0,0,0,0,0,0,0,0,0,0,0,0,0,0,0,1,-9,1,-10,1,-11,1,-12,1,-13,2,-13,3,-13,3,-14,4,-15,4,-15,4,-14,4,-14,4,-14,3,-15,4,-16,4,-15,6,-15,7,-16,6,-15,5,-16,6,-18,6,-19,6,-19,6,-19,6,-19,7,-20,0.0,21.18962010041709,20.248456731316587,19.313207915827967,17.08800749063506,16.15549442140351,15.811388300841896,15.811388300841896,13.341664064126334,12.165525060596439,12.041594578792296,12.041594578792296,12.041594578792296,12.041594578792296,11.045361017187261,10.198039027185569,9.055385138137417,9.0,9.0,10.04987562112089,10.04987562112089,9.0,9.0,8.0,8.0,7.0710678118654755,6.082762530298219,0.0,0.0,0.0,0.0,0.0,0.0,0.0,0.0,0.0,0.0,0.0,9.055385138137417,10.04987562112089,11.045361017187261,12.041594578792296,13.038404810405298,13.152946437965905,13.341664064126334,14.317821063276353,15.524174696260024,15.524174696260024,14.560219778561036,14.560219778561036,14.560219778561036,15.297058540778355,16.492422502470642,15.524174696260024,16.15549442140351,17.46424919657298,16.15549442140351,16.76305461424021,18.973665961010276,19.924858845171276,19.924858845171276,19.924858845171276,19.924858845171276,21.18962010041709,0.0,-1.2341215074081695,-1.217805938967986,-1.1999050379822342,-1.2120256565243244,-1.1902899496825317,-1.2490457723982544,-1.2490457723982544,-1.3439974787410107,-1.4056476493802699,-1.4876550949064553,-1.4876550949064553,-1.4876550949064553,-1.4876550949064553,-1.4801364395941514,-1.373400766945016,-1.460139105621001,-1.5707963267948966,-1.5707963267948966,-1.6704649792860586,-1.6704649792860586,-1.5707963267948966,-1.5707963267948966,-1.5707963267948966,-1.5707963267948966,-1.4288992721907328,-1.7359450042095235,0.0,0.0,0.0,0.0,0.0,0.0,0.0,0.0,0.0,0.0,0.0,-1.460139105621001,-1.4711276743037347,-1.4801364395941514,-1.4876550949064553,-1.4940244355251187,-1.4181469983996315,-1.3439974787410107,-1.35970299357215,-1.3101939350475555,-1.3101939350475555,-1.2924966677897853,-1.2924966677897853,-1.2924966677897853,-1.373400766945016,-1.3258176636680326,-1.3101939350475555,-1.1902899496825317,-1.1583858851975093,-1.1902899496825317,-1.2679114584199251,-1.2490457723982544,-1.2649174553900444,-1.2649174553900444,-1.2649174553900444,-1.2649174553900444,-1.2341215074081695
23.307907031005016,router,ba:bd:de:13:68:55,-83,98.11652991843614,64,0.9863228765852923,7.876130470022296,0,0,-19,-3,-19,-2,-18,-1,-17,-1,-16,-1,-15,-1,-14,-2,-14,-2,-14,-1,-13,0,-11,0,-11,1,-11,1,-10,1,-9,1,-9,3,-8,2,-8,1,-8,0,-9,0,-8,-1,-8,-1,-8,0,-7,0,-6,-2,-6,-3,0,0,0,0,0,0,0,0,0,0,0,0,0,0,0,0,0,0,0,0,0,0,-5,2,-6,2,-6,1,-7,1,-8,1,-9,0,-11,0,-14,2,-15,2,-16,2,-15,1,-14,1,-15,2,-14,0,-15,1,-17,2,-17,1,-16,-1,-17,-2,-19,-2,-21,-2,-20,-2,-20,-1,-20,1,-19,1,-20,-1,0.0,19.235384061671343,19.1049731745428,18.027756377319946,17.029386365926403,16.0312195418814,15.033296378372908,14.142135623730951,14.142135623730951,14.035668847618199,13.0,11.0,11.045361017187261,11.045361017187261,10.04987562112089,9.055385138137417,9.486832980505138,8.246211251235321,8.06225774829855,8.0,9.0,8.06225774829855,8.06225774829855,8.0,7.0,6.324555320336759,6.708203932499369,0.0,0.0,0.0,0.0,0.0,0.0,0.0,0.0,0.0,0.0,0.0,5.385164807134504,6.324555320336759,6.082762530298219,7.0710678118654755,8.06225774829855,9.0,11.0,14.142135623730951,15.132745950421556,16.1245154965971,15.033296378372908,14.035668847618199,15.132745950421556,14.0,15.033296378372908,17.11724276862369,17.029386365926403,16.0312195418814,17.11724276862369,19.1049731745428,21.095023109728988,20.09975124224178,20.024984394500787,20.024984394500787,19.026297590440446,20.024984394500787,0.0,-2.984990776607778,-3.036715714859559,-3.0860941483440762,-3.0828368308740703,-3.079173843593836,-3.0750244898139694,-2.999695598985629,-2.999695598985629,-3.070285188804503,3.141592653589793,3.141592653589793,3.050932766389048,3.050932766389048,3.0419240010986313,3.0309354324158977,2.819842099193151,2.896613990462929,3.017237659043032,3.141592653589793,3.141592653589793,-3.017237659043032,-3.017237659043032,3.141592653589793,3.141592653589793,-2.819842099193151,-2.677945044588987,0.0,0.0,0.0,0.0,0.0,0.0,0.0,0.0,0.0,0.0,0.0,2.761086276477428,2.819842099193151,2.976443976175166,2.999695598985629,3.017237659043032,3.141592653589793,3.141592653589793,2.999695598985629,3.0090411212931194,3.017237659043032,3.0750244898139694,3.070285188804503,3.0090411212931194,3.141592653589793,3.0750244898139694,3.024483909022929,3.0828368308740703,-3.079173843593836,-3.024483909022929,-3.036715714859559,-3.046640947247037,-3.0419240010986313,-3.0916342578678506,3.0916342578678506,3.0890095919788516,-3.0916342578678506
23.411823460999585,router,ba:bd:de:13:68:55,-83,98.11652991843614,64,0.9850036956279846,7.842667306794755,0,0,4,17,4,17,3,16,3,15,3,14,4,12,4,12,4,12,4,10,4,8,4,8,3,8,3,9,4,8,4,7,4,7,4,7,5,6,4,6,3,5,4,5,4,6,4,5,3,5,3,6,4,7,0,0,0,0,0,0,0,0,0,0,0,0,0,0,0,0,0,0,0,0,0,0,3,6,4,8,5,9,6,10,5,10,5,10,4,10,3,12,4,12,6,11,5,12,4,13,4,13,4,14,4,14,4,15,5,15,5,16,4,16,4,17,5,17,5,17,5,18,5,18,5,18,5,17,0.0,17.46424919657298,17.46424919657298,16.278820596099706,15.297058540778355,14.317821063276353,12.649110640673518,12.649110640673518,12.649110640673518,10.770329614269007,8.94427190999916,8.94427190999916,8.54400374531753,9.486832980505138,8.94427190999916,8.06225774829855,8.06225774829855,8.06225774829855,7.810249675906654,7.211102550927978,5.830951894845301,6.4031242374328485,7.211102550927978,6.4031242374328485,5.830951894845301,6.708203932499369,8.06225774829855,0.0,0.0,0.0,0.0,0.0,0.0,0.0,0.0,0.0,0.0,0.0,6.708203932499369,8.94427190999916,10.295630140987,11.661903789690601,11.180339887498949,11.180339887498949,10.770329614269007,12.36931687685298,12.649110640673518,12.529964086141668,13.0,13.601470508735444,13.601470508735444,14.560219778561036,14.560219778561036,15.524174696260024,15.811388300841896,16.76305461424021,16.492422502470642,17.46424919657298,17.72004514666935,17.72004514666935,18.681541692269406,18.681541692269406,18.681541692269406,17.72004514666935,0.0,1.3397056595989996,1.3397056595989996,1.3854483767992019,1.373400766945016,1.35970299357215,1.2490457723982544,1.2490457723982544,1.2490457723982544,1.1902899496825317,1.1071487177940904,1.1071487177940904,1.2120256565243244,1.2490457723982544,1.1071487177940904,1.0516502125483738,1.0516502125483738,1.0516502125483738,0.8760580505981934,0.982793723247329,1.0303768265243125,0.8960553845713439,0.982793723247329,0.8960553845713439,1.0303768265243125,1.1071487177940904,1.0516502125483738,0.0,0.0,0.0,0.0,0.0,0.0,0.0,0.0,0.0,0.0,0.0,1.1071487177940904,1.1071487177940904,1.0636978224025597,1.0303768265243125,1.1071487177940904,1.1071487177940904,1.1902899496825317,1.3258176636680326,1.2490457723982544,1.0714496051147666,1.176005207095135,1.2722973952087173,1.2722973952087173,1.2924966677897853,1.2924966677897853,1.3101939350475555,1.2490457723982544,1.2679114584199251,1.3258176636680326,1.3397056595989996,1.2847448850775784,1.2847448850775784,1.299849476456476,1.299849476456476,1.299849476456476,1.2847448850775784
23.512347868003417,router,ba:bd:de:13:68:55,-84,98.11652991843614,64,0.9838512083079973,7.8041638291364634,0,0,10,-14,10,-14,11,-12,10,-10,10,-10,9,-10,8,-10,7,-9,7,-9,5,-9,4,-9,4,-8,4,-7,5,-8,5,-9,4,-8,2,-7,1,-8,2,-8,2,-7,2,-7,3,-8,2,-8,1,-7,2,-7,4,-9,0,0,0,0,0,0,0,0,0,0,0,0,0,0,0,0,0,0,0,0,0,0,4,-7,3,-7,4,-8,4,-9,5,-9,7,-10,7,-10,6,-9,7,-9,7,-10,8,-11,8,-11,9,-10,9,-10,9,-10,9,-12,9,-12,9,-12,9,-12,10,-13,11,-13,12,-14,11,-15,11,-14,11,-14,11,-13,0.0,17.204650534085253,17.204650534085253,16.278820596099706,14.142135623730951,14.142135623730951,13.45362404707371,12.806248474865697,11.40175425099138,11.40175425099138,10.295630140987,9.848857801796104,8.94427190999916,8.06225774829855,9.433981132056603,10.295630140987,8.94427190999916,7.280109889280518,8.06225774829855,8.246211251235321,7.280109889280518,7.280109889280518,8.54400374531753,8.246211251235321,7.0710678118654755,7.280109889280518,9.848857801796104,0.0,0.0,0.0,0.0,0.0,0.0,0.0,0.0,0.0,0.0,0.0,8.06225774829855,7.615773105863909,8.94427190999916,9.848857801796104,10.295630140987,12.206555615733702,12.206555615733702,10.816653826391969,11.40175425099138,12.206555615733702,13.601470508735444,13.601470508735444,13.45362404707371,13.45362404707371,13.45362404707371,15.0,15.0,15.0,15.0,16.401219466856727,17.029386365926403,18.439088914585774,18.601075237738275,17.804493814764857,17.804493814764857,17.029386365926403,0.0,-0.9505468408120752,-0.9505468408120752,-0.8288490587889792,-0.7853981633974483,-0.7853981633974483,-0.83798122500839,-0.8960553845713439,-0.9097531579442097,-0.9097531579442097,-1.0636978224025597,-1.1525719972156676,-1.1071487177940904,-1.0516502125483738,-1.0121970114513341,-1.0636978224025597,-1.1071487177940904,-1.2924966677897853,-1.446441332248135,-1.3258176636680326,-1.2924966677897853,-1.2924966677897853,-1.2120256565243244,-1.3258176636680326,-1.4288992721907328,-1.2924966677897853,-1.1525719972156676,0.0,0.0,0.0,0.0,0.0,0.0,0.0,0.0,0.0,0.0,0.0,-1.0516502125483738,-1.1659045405098132,-1.1071487177940904,-1.1525719972156676,-1.0636978224025597,-0.960070362405688,-0.960070362405688,-0.982793723247329,-0.9097531579442097,-0.960070362405688,-0.9420000403794636,-0.9420000403794636,-0.83798122500839,-0.83798122500839,-0.83798122500839,-0.9272952180016122,-0.9272952180016122,-0.9272952180016122,-0.9272952180016122,-0.9151007005533605,-0.8685393952858895,-0.8621700546672264,-0.9380474917927135,-0.9048270894157867,-0.9048270894157867,-0.8685393952858895
23.613295461000234,router,ba:bd:de:13:68:55,-84,98.11652991843614,64,0.9834831692904821,7.760480917427247,0,0,-9,15,-9,14,-9,14,-9,13,-8,13,-8,13,-7,12,-5,12,-4,11,-4,10,-5,10,-5,10,-4,10,-2,9,-2,8,-2,7,-1,8,-1,9,-1,9,-2,8,-1,8,-1,8,-2,6,-2,6,-2,8,-4,10,0,0,0,0,0,0,0,0,0,0,0,0,0,0,0,0,0,0,0,0,0,0,-2,6,-4,7,-6,10,-7,10,-6,10,-5,10,-5,10,-6,10,-7,11,-8,12,-8,13,-8,13,-8,12,-8,11,-7,11,-8,12,-8,13,-9,14,-9,14,-9,15,-9,15,-10,16,-10,16,-11,15,-11,15,-9,14,0.0,17.4928556845359,16.64331697709324,16.64331697709324,15.811388300841896,15.264337522473747,15.264337522473747,13.892443989449804,13.0,11.704699910719626,10.770329614269007,11.180339887498949,11.180339887498949,10.770329614269007,9.219544457292887,8.246211251235321,7.280109889280518,8.06225774829855,9.055385138137417,9.055385138137417,8.246211251235321,8.06225774829855,8.06225774829855,6.324555320336759,6.324555320336759,8.246211251235321,10.770329614269007,0.0,0.0,0.0,0.0,0.0,0.0,0.0,0.0,0.0,0.0,0.0,6.324555320336759,8.06225774829855,11.661903789690601,12.206555615733702,11.661903789690601,11.180339887498949,11.180339887498949,11.661903789690601,13.038404810405298,14.422205101855956,15.264337522473747,15.264337522473747,14.422205101855956,13.601470508735444,13.038404810405298,14.422205101855956,15.264337522473747,16.64331697709324,16.64331697709324,17.4928556845359,17.4928556845359,18.867962264113206,18.867962264113206,18.601075237738275,18.601075237738275,16.64331697709324,0.0,2.1112158270654806,2.1421338066285234,2.1421338066285234,2.1763409903998667,2.1224513093234436,2.1224513093234436,2.0988707752212563,1.965587446494658,1.9195673303788037,1.9513027039072615,2.0344439357957027,2.0344439357957027,1.9513027039072615,1.7894652726688385,1.8157749899217608,1.849095985800008,1.695151321341658,1.6814535479687922,1.6814535479687922,1.8157749899217608,1.695151321341658,1.695151321341658,1.892546881191539,1.892546881191539,1.8157749899217608,1.9513027039072615,0.0,0.0,0.0,0.0,0.0,0.0,0.0,0.0,0.0,0.0,0.0,1.892546881191539,2.0899424410414196,2.1112158270654806,2.1815222911841055,2.1112158270654806,2.0344439357957027,2.0344439357957027,2.1112158270654806,2.137525544318403,2.158798930342464,2.1224513093234436,2.1224513093234436,2.158798930342464,2.1995926132103296,2.137525544318403,2.158798930342464,2.1224513093234436,2.1421338066285234,2.1421338066285234,2.1112158270654806,2.1112158270654806,2.129395642138459,2.129395642138459,2.20354516179708,2.20354516179708,2.1421338066285234
23.71695410800021,router,ba:bd:de:13:68:55,-84,98.11652991843614,64,0.9829059657147937,7.711662992420344,0,0,-10,14,-9,14,-9,15,-10,14,-9,13,-8,12,-7,11,-6,10,-5,9,-4,10,-2,10,-2,9,-2,8,-2,8,-1,8,-1,8,-1,9,-1,9,-1,8,-2,9,-1,8,-1,7,-1,7,1,7,0,7,-3,6,0,0,0,0,0,0,0,0,0,0,0,0,0,0,0,0,0,0,0,0,0,0,-4,7,-4,6,-4,7,-5,7,-6,7,-6,8,-8,8,-9,8,-8,9,-7,10,-8,10,-9,10,-9,11,-10,12,-10,11,-11,11,-10,12,-10,12,-9,13,-10,15,-11,15,-12,15,-11,14,-10,14,-10,14,-12,15,0.0,17.204650534085253,16.64331697709324,17.4928556845359,17.204650534085253,15.811388300841896,14.422205101855956,13.038404810405298,11.661903789690601,10.295630140987,10.770329614269007,10.198039027185569,9.219544457292887,8.246211251235321,8.246211251235321,8.06225774829855,8.06225774829855,9.055385138137417,9.055385138137417,8.06225774829855,9.219544457292887,8.06225774829855,7.0710678118654755,7.0710678118654755,7.0710678118654755,7.0,6.708203932499369,0.0,0.0,0.0,0.0,0.0,0.0,0.0,0.0,0.0,0.0,0.0,8.06225774829855,7.211102550927978,8.06225774829855,8.602325267042627,9.219544457292887,10.0,11.313708498984761,12.041594578792296,12.041594578792296,12.206555615733702,12.806248474865697,13.45362404707371,14.212670403551895,15.620499351813308,14.866068747318506,15.556349186104045,15.620499351813308,15.620499351813308,15.811388300841896,18.027756377319946,18.601075237738275,19.209372712298546,17.804493814764857,17.204650534085253,17.204650534085253,19.209372712298546,0.0,2.191045812777718,2.1421338066285234,2.1112158270654806,2.191045812777718,2.1763409903998667,2.158798930342464,2.137525544318403,2.1112158270654806,2.0778948311872334,1.9513027039072615,1.7681918866447774,1.7894652726688385,1.8157749899217608,1.8157749899217608,1.695151321341658,1.695151321341658,1.6814535479687922,1.6814535479687922,1.695151321341658,1.7894652726688385,1.695151321341658,1.7126933813990606,1.7126933813990606,1.4288992721907328,1.5707963267948966,2.0344439357957027,0.0,0.0,0.0,0.0,0.0,0.0,0.0,0.0,0.0,0.0,0.0,2.0899424410414196,2.158798930342464,2.0899424410414196,2.191045812777718,2.279422598922567,2.214297435588181,2.356194490192345,2.4149503129080676,2.297438667476622,2.1815222911841055,2.2455372690184494,2.3036114285814033,2.256525837701183,2.2655346029916,2.3086113869153615,2.356194490192345,2.2655346029916,2.2655346029916,2.1763409903998667,2.158798930342464,2.20354516179708,2.2455372690184494,2.2367655641740063,2.191045812777718,2.191045812777718,2.2455372690184494
23.821765591004805,router,ba:bd:de:13:68:55,-83,97.84310681689618,64,0.9827460042321671,7.68486504561074,0,0,6,20,5,19,4,17,4,15,3,15,3,14,3,13,3,11,3,10,3,10,3,10,3,9,4,9,6,9,6,8,5,7,5,7,6,7,6,7,5,8,3,7,2,7,3,7,4,6,4,6,5,8,0,0,0,0,0,0,0,0,0,0,0,0,0,0,0,0,0,0,0,0,0,0,4,6,4,7,4,7,4,8,3,10,3,11,4,12,4,13,3,14,4,15,4,14,4,13,2,12,2,12,4,12,4,13,3,15,3,16,3,17,3,17,4,18,4,18,4,18,4,18,4,18,5,17,0.0,20.8806130178211,19.6468827043885,17.46424919657298,15.524174696260024,15.297058540778355,14.317821063276353,13.341664064126334,11.40175425099138,10.44030650891055,10.44030650891055,10.44030650891055,9.486832980505138,9.848857801796104,10.816653826391969,10.0,8.602325267042627,8.602325267042627,9.219544457292887,9.219544457292887,9.433981132056603,7.615773105863909,7.280109889280518,7.615773105863909,7.211102550927978,7.211102550927978,9.433981132056603,0.0,0.0,0.0,0.0,0.0,0.0,0.0,0.0,0.0,0.0,0.0,7.211102550927978,8.06225774829855,8.06225774829855,8.94427190999916,10.44030650891055,11.40175425099138,12.649110640673518,13.601470508735444,14.317821063276353,15.524174696260024,14.560219778561036,13.601470508735444,12.165525060596439,12.165525060596439,12.649110640673518,13.601470508735444,15.297058540778355,16.278820596099706,17.26267650163207,17.26267650163207,18.439088914585774,18.439088914585774,18.439088914585774,18.439088914585774,18.439088914585774,17.72004514666935,0.0,1.2793395323170296,1.313472611823808,1.3397056595989996,1.3101939350475555,1.373400766945016,1.35970299357215,1.3439974787410107,1.3045442776439713,1.2793395323170296,1.2793395323170296,1.2793395323170296,1.2490457723982544,1.1525719972156676,0.982793723247329,0.9272952180016122,0.9505468408120752,0.9505468408120752,0.8621700546672264,0.8621700546672264,1.0121970114513341,1.1659045405098132,1.2924966677897853,1.1659045405098132,0.982793723247329,0.982793723247329,1.0121970114513341,0.0,0.0,0.0,0.0,0.0,0.0,0.0,0.0,0.0,0.0,0.0,0.982793723247329,1.0516502125483738,1.0516502125483738,1.1071487177940904,1.2793395323170296,1.3045442776439713,1.2490457723982544,1.2722973952087173,1.35970299357215,1.3101939350475555,1.2924966677897853,1.2722973952087173,1.4056476493802699,1.4056476493802699,1.2490457723982544,1.2722973952087173,1.373400766945016,1.3854483767992019,1.396124127786657,1.396124127786657,1.3521273809209546,1.3521273809209546,1.3521273809209546,1.3521273809209546,1.3521273809209546,1.2847448850775784
23.924426354999014,router,ba:bd:de:13:68:55,-84,97.84310681689618,64,0.9834022873817674,7.683162909400522,0,0,16,-1,16,0,16,0,15,0,13,0,13,-1,13,-1,12,-2,11,-2,10,-2,9,-3,8,-3,8,-3,8,-3,8,-4,8,-3,8,-2,7,-4,7,-4,8,-3,8,-3,7,-3,6,-2,5,-2,4,-2,2,-3,0,0,0,0,0,0,0,0,0,0,0,0,0,0,0,0,0,0,0,0,0,0,7,-5,8,-5,9,-3,8,-3,7,-3,8,-2,9,-2,10,-2,11,-2,12,-2,12,-2,12,-3,13,-4,14,-2,14,-1,14,-2,14,-2,14,-1,15,-2,16,-2,17,-2,17,-2,17,-2,18,-2,18,-2,19,-2,0.0,16.0312195418814,16.0,16.0,15.0,13.0,13.038404810405298,13.038404810405298,12.165525060596439,11.180339887498949,10.198039027185569,9.486832980505138,8.54400374531753,8.54400374531753,8.54400374531753,8.94427190999916,8.54400374531753,8.246211251235321,8.06225774829855,8.06225774829855,8.54400374531753,8.54400374531753,7.615773105863909,6.324555320336759,5.385164807134504,4.47213595499958,3.605551275463989,0.0,0.0,0.0,0.0,0.0,0.0,0.0,0.0,0.0,0.0,0.0,8.602325267042627,9.433981132056603,9.486832980505138,8.54400374531753,7.615773105863909,8.246211251235321,9.219544457292887,10.198039027185569,11.180339887498949,12.165525060596439,12.165525060596439,12.36931687685298,13.601470508735444,14.142135623730951,14.035668847618199,14.142135623730951,14.142135623730951,14.035668847618199,15.132745950421556,16.1245154965971,17.11724276862369,17.11724276862369,17.11724276862369,18.110770276274835,18.110770276274835,19.1049731745428,0.0,-0.06241880999595735,0.0,0.0,0.0,0.0,-0.07677189126977804,-0.07677189126977804,-0.16514867741462683,-0.17985349979247828,-0.19739555984988075,-0.3217505543966422,-0.35877067027057225,-0.35877067027057225,-0.35877067027057225,-0.4636476090008061,-0.35877067027057225,-0.24497866312686414,-0.5191461142465229,-0.5191461142465229,-0.35877067027057225,-0.35877067027057225,-0.40489178628508343,-0.3217505543966422,-0.3805063771123649,-0.4636476090008061,-0.982793723247329,0.0,0.0,0.0,0.0,0.0,0.0,0.0,0.0,0.0,0.0,0.0,-0.6202494859828215,-0.5585993153435624,-0.3217505543966422,-0.35877067027057225,-0.40489178628508343,-0.24497866312686414,-0.21866894587394195,-0.19739555984988075,-0.17985349979247828,-0.16514867741462683,-0.16514867741462683,-0.24497866312686414,-0.2984989315861793,-0.14189705460416394,-0.07130746478529032,-0.14189705460416394,-0.14189705460416394,-0.07130746478529032,-0.13255153229667402,-0.12435499454676144,-0.11710874456686428,-0.11710874456686428,-0.11710874456686428,-0.11065722117389565,-0.11065722117389565,-0.10487693873023389
24.03325120900263,router,ba:bd:de:13:68:55,-83,97.84310681689618,64,0.9841428704982156,7.699433401529362,0,0,-12,-13,-11,-13,-11,-12,-12,-12,-12,-11,-11,-11,-10,-9,-10,-9,-10,-9,-10,-7,-10,-5,-10,-7,-9,-7,-9,-5,-9,-5,-7,-6,-6,-5,-7,-4,-8,-4,-8,-4,-8,-4,-9,-3,-9,-4,-8,-4,-6,-5,-5,-6,0,0,0,0,0,0,0,0,0,0,0,0,0,0,0,0,0,0,0,0,0,0,-7,-5,-8,-6,-10,-6,-10,-7,-9,-7,-9,-7,-10,-7,-11,-8,-12,-10,-11,-9,-10,-8,-10,-9,-10,-10,-11,-12,-10,-11,-11,-10,-12,-11,-12,-12,-12,-12,-12,-12,-13,-13,-14,-14,-14,-13,-14,-13,-15,-14,-15,-14,0.0,17.69180601295413,17.029386365926403,16.278820596099706,16.97056274847714,16.278820596099706,15.556349186104045,13.45362404707371,13.45362404707371,13.45362404707371,12.206555615733702,11.180339887498949,12.206555615733702,11.40175425099138,10.295630140987,10.295630140987,9.219544457292887,7.810249675906654,8.06225774829855,8.94427190999916,8.94427190999916,8.94427190999916,9.486832980505138,9.848857801796104,8.94427190999916,7.810249675906654,7.810249675906654,0.0,0.0,0.0,0.0,0.0,0.0,0.0,0.0,0.0,0.0,0.0,8.602325267042627,10.0,11.661903789690601,12.206555615733702,11.40175425099138,11.40175425099138,12.206555615733702,13.601470508735444,15.620499351813308,14.212670403551895,12.806248474865697,13.45362404707371,14.142135623730951,16.278820596099706,14.866068747318506,14.866068747318506,16.278820596099706,16.97056274847714,16.97056274847714,16.97056274847714,18.384776310850235,19.79898987322333,19.1049731745428,19.1049731745428,20.518284528683193,20.518284528683193,0.0,-2.316215803069055,-2.2730532583039036,-2.312743594800814,-2.356194490192345,-2.399645385583876,-2.356194490192345,-2.408777551803287,-2.408777551803287,-2.408777551803287,-2.5308666892005847,-2.677945044588987,-2.5308666892005847,-2.4805494847391065,-2.6344941491974563,-2.6344941491974563,-2.432966381462123,-2.44685437739309,-2.62244653934327,-2.677945044588987,-2.677945044588987,-2.677945044588987,-2.819842099193151,-2.723368324010564,-2.677945044588987,-2.44685437739309,-2.2655346029916,0.0,0.0,0.0,0.0,0.0,0.0,0.0,0.0,0.0,0.0,0.0,-2.5213431676069717,-2.498091544796509,-2.601173153319209,-2.5308666892005847,-2.4805494847391065,-2.4805494847391065,-2.5308666892005847,-2.5127963671743605,-2.44685437739309,-2.455863142683507,-2.4668517113662407,-2.408777551803287,-2.356194490192345,-2.312743594800814,-2.3086113869153615,-2.403777593469328,-2.399645385583876,-2.356194490192345,-2.356194490192345,-2.356194490192345,-2.356194490192345,-2.356194490192345,-2.393214606066275,-2.393214606066275,-2.390663591191853,-2.390663591191853
24.142376526004227,router,ba:bd:de:13:68:55,-84,97.84310681689618,64,0.9847348963764913,7.753076413619245,0,0,7,18,6,18,6,16,7,14,6,12,6,12,6,11,6,11,5,9,5,9,5,9,6,8,7,7,7,7,6,7,5,6,5,5,6,6,5,7,5,6,5,5,5,4,4,4,3,3,4,3,6,4,0,0,0,0,0,0,0,0,0,0,0,0,0,0,0,0,0,0,0,0,0,0,5,7,5,7,5,7,4,8,5,8,6,8,5,10,5,10,5,10,6,9,6,11,5,13,5,13,4,13,5,12,6,12,6,12,5,13,6,16,6,17,6,17,8,18,8,18,6,18,6,19,6,19,0.0,19.313207915827967,18.973665961010276,17.08800749063506,15.652475842498529,13.416407864998739,13.416407864998739,12.529964086141668,12.529964086141668,10.295630140987,10.295630140987,10.295630140987,10.0,9.899494936611665,9.899494936611665,9.219544457292887,7.810249675906654,7.0710678118654755,8.48528137423857,8.602325267042627,7.810249675906654,7.0710678118654755,6.4031242374328485,5.656854249492381,4.242640687119285,5.0,7.211102550927978,0.0,0.0,0.0,0.0,0.0,0.0,0.0,0.0,0.0,0.0,0.0,8.602325267042627,8.602325267042627,8.602325267042627,8.94427190999916,9.433981132056603,10.0,11.180339887498949,11.180339887498949,11.180339887498949,10.816653826391969,12.529964086141668,13.92838827718412,13.92838827718412,13.601470508735444,13.0,13.416407864998739,13.416407864998739,13.92838827718412,17.08800749063506,18.027756377319946,18.027756377319946,19.697715603592208,19.697715603592208,18.973665961010276,19.924858845171276,19.924858845171276,0.0,1.1999050379822342,1.2490457723982544,1.2120256565243244,1.1071487177940904,1.1071487177940904,1.1071487177940904,1.0714496051147666,1.0714496051147666,1.0636978224025597,1.0636978224025597,1.0636978224025597,0.9272952180016122,0.7853981633974483,0.7853981633974483,0.8621700546672264,0.8760580505981934,0.7853981633974483,0.7853981633974483,0.9505468408120752,0.8760580505981934,0.7853981633974483,0.6747409422235526,0.7853981633974483,0.7853981633974483,0.6435011087932844,0.5880026035475675,0.0,0.0,0.0,0.0,0.0,0.0,0.0,0.0,0.0,0.0,0.0,0.9505468408120752,0.9505468408120752,0.9505468408120752,1.1071487177940904,1.0121970114513341,0.9272952180016122,1.1071487177940904,1.1071487177940904,1.1071487177940904,0.982793723247329,1.0714496051147666,1.2036224929766774,1.2036224929766774,1.2722973952087173,1.176005207095135,1.1071487177940904,1.1071487177940904,1.2036224929766774,1.2120256565243244,1.2315037123408519,1.2315037123408519,1.1525719972156676,1.1525719972156676,1.2490457723982544,1.2649174553900444,1.2649174553900444
24.24305553799786,router,ba:bd:de:13:68:55,-84,97.84310681689618,64,0.9848915542049532,7.831067783904119,0,0,17,-7,16,-7,16,-7,14,-7,13,-7,12,-6,11,-6,10,-6,10,-6,11,-5,10,-5,9,-6,7,-6,7,-6,7,-7,7,-7,6,-8,6,-8,7,-7,7,-6,7,-5,7,-5,5,-6,3,-5,4,-5,6,-5,0,0,0,0,0,0,0,0,0,0,0,0,0,0,0,0,0,0,0,0,0,0,7,-7,8,-6,8,-5,7,-5,7,-5,9,-5,9,-5,10,-5,11,-4,12,-4,13,-6,14,-7,14,-7,13,-6,14,-5,14,-5,14,-6,14,-6,16,-6,16,-6,15,-7,16,-7,18,-7,19,-7,19,-7,19,-7,0.0,18.384776310850235,17.46424919657298,17.46424919657298,15.652475842498529,14.7648230602334,13.416407864998739,12.529964086141668,11.661903789690601,11.661903789690601,12.083045973594572,11.180339887498949,10.816653826391969,9.219544457292887,9.219544457292887,9.899494936611665,9.899494936611665,10.0,10.0,9.899494936611665,9.219544457292887,8.602325267042627,8.602325267042627,7.810249675906654,5.830951894845301,6.4031242374328485,7.810249675906654,0.0,0.0,0.0,0.0,0.0,0.0,0.0,0.0,0.0,0.0,0.0,9.899494936611665,10.0,9.433981132056603,8.602325267042627,8.602325267042627,10.295630140987,10.295630140987,11.180339887498949,11.704699910719626,12.649110640673518,14.317821063276353,15.652475842498529,15.652475842498529,14.317821063276353,14.866068747318506,14.866068747318506,15.231546211727817,15.231546211727817,17.08800749063506,17.08800749063506,16.55294535724685,17.46424919657298,19.313207915827967,20.248456731316587,20.248456731316587,20.248456731316587,0.0,-0.3906070436976868,-0.4124104415973873,-0.4124104415973873,-0.4636476090008061,-0.49394136891958124,-0.4636476090008061,-0.4993467216801301,-0.5404195002705842,-0.5404195002705842,-0.4266274931268761,-0.4636476090008061,-0.5880026035475675,-0.7086262721276703,-0.7086262721276703,-0.7853981633974483,-0.7853981633974483,-0.9272952180016122,-0.9272952180016122,-0.7853981633974483,-0.7086262721276703,-0.6202494859828215,-0.6202494859828215,-0.8760580505981934,-1.0303768265243125,-0.8960553845713439,-0.6947382761967031,0.0,0.0,0.0,0.0,0.0,0.0,0.0,0.0,0.0,0.0,0.0,-0.7853981633974483,-0.6435011087932844,-0.5585993153435624,-0.6202494859828215,-0.6202494859828215,-0.507098504392337,-0.507098504392337,-0.4636476090008061,-0.348771003583907,-0.3217505543966422,-0.43240777557053783,-0.4636476090008061,-0.4636476090008061,-0.43240777557053783,-0.3430239404207034,-0.3430239404207034,-0.40489178628508343,-0.40489178628508343,-0.35877067027057225,-0.35877067027057225,-0.43662715981354133,-0.4124104415973873,-0.37089128881266237,-0.35299038782691045,-0.35299038782691045,-0.35299038782691045
24.352527515002294,router,ba:bd:de:13:68:55,-84,97.84310681689618,64,0.9849830293077555,7.924047495467434,0,0,1,-18,0,-17,1,-15,1,-14,0,-14,0,-14,1,-13,2,-13,1,-12,0,-10,-1,-10,-1,-10,-2,-10,-3,-10,-3,-9,-1,-9,0,-8,-2,-8,-3,-8,-2,-8,-2,-8,-2,-8,-2,-8,-2,-7,-2,-6,0,-7,0,0,0,0,0,0,0,0,0,0,0,0,0,0,0,0,0,0,0,0,0,0,-3,-8,-3,-8,-3,-8,-3,-8,-4,-9,-4,-11,-5,-12,-4,-12,-4,-13,-4,-13,-4,-12,-3,-11,-3,-11,-3,-12,-2,-14,-1,-14,-1,-14,-1,-15,-2,-15,-2,-15,-2,-16,-1,-17,-2,-17,-3,-16,-4,-16,-3,-17,0.0,18.027756377319946,17.0,15.033296378372908,14.035668847618199,14.0,14.0,13.038404810405298,13.152946437965905,12.041594578792296,10.0,10.04987562112089,10.04987562112089,10.198039027185569,10.44030650891055,9.486832980505138,9.055385138137417,8.0,8.246211251235321,8.54400374531753,8.246211251235321,8.246211251235321,8.246211251235321,8.246211251235321,7.280109889280518,6.324555320336759,7.0,0.0,0.0,0.0,0.0,0.0,0.0,0.0,0.0,0.0,0.0,0.0,8.54400374531753,8.54400374531753,8.54400374531753,8.54400374531753,9.848857801796104,11.704699910719626,13.0,12.649110640673518,13.601470508735444,13.601470508735444,12.649110640673518,11.40175425099138,11.40175425099138,12.36931687685298,14.142135623730951,14.035668847618199,14.035668847618199,15.033296378372908,15.132745950421556,15.132745950421556,16.1245154965971,17.029386365926403,17.11724276862369,16.278820596099706,16.492422502470642,17.26267650163207,0.0,-1.5152978215491797,-1.5707963267948966,-1.5042281630190728,-1.4994888620096063,-1.5707963267948966,-1.5707963267948966,-1.4940244355251187,-1.4181469983996315,-1.4876550949064553,-1.5707963267948966,-1.6704649792860586,-1.6704649792860586,-1.7681918866447774,-1.8622531212727638,-1.892546881191539,-1.6814535479687922,-1.5707963267948966,-1.8157749899217608,-1.9295669970654687,-1.8157749899217608,-1.8157749899217608,-1.8157749899217608,-1.8157749899217608,-1.849095985800008,-1.892546881191539,-1.5707963267948966,0.0,0.0,0.0,0.0,0.0,0.0,0.0,0.0,0.0,0.0,0.0,-1.9295669970654687,-1.9295669970654687,-1.9295669970654687,-1.9295669970654687,-1.9890206563741257,-1.9195673303788037,-1.965587446494658,-1.892546881191539,-1.8692952583810758,-1.8692952583810758,-1.892546881191539,-1.837048375945822,-1.837048375945822,-1.8157749899217608,-1.7126933813990606,-1.642103791580187,-1.642103791580187,-1.6373644905707205,-1.7033478590915707,-1.7033478590915707,-1.695151321341658,-1.6295521495106193,-1.687905071361761,-1.7561442767905915,-1.8157749899217608,-1.7454685258031364
24.462711854997906,router,ba:bd:de:13:68:55,-83,97.84310681689618,64,0.9878002421451437,8.02543032526324,0,0,12,-17,10,-18,10,-17,10,-16,9,-16,7,-15,6,-14,7,-14,7,-13,7,-12,7,-12,6,-12,5,-12,5,-11,4,-10,4,-10,5,-10,5,-8,5,-7,3,-8,2,-9,2,-9,3,-8,4,-7,5,-6,3,-4,0,0,0,0,0,0,0,0,0,0,0,0,0,0,0,0,0,0,0,0,0,0,-1,-10,-1,-10,-1,-11,-1,-11,-1,-12,0,-12,1,-12,3,-13,3,-16,3,-16,4,-16,4,-16,4,-17,4,-19,3,-18,2,-16,3,-17,5,-18,5,-17,5,-15,6,-16,6,-19,7,-20,8,-21,8,-23,10,-24,0.0,20.808652046684813,20.591260281974,19.72308292331602,18.867962264113206,18.35755975068582,16.55294535724685,15.231546211727817,15.652475842498529,14.7648230602334,13.892443989449804,13.892443989449804,13.416407864998739,13.0,12.083045973594572,10.770329614269007,10.770329614269007,11.180339887498949,9.433981132056603,8.602325267042627,8.54400374531753,9.219544457292887,9.219544457292887,8.54400374531753,8.06225774829855,7.810249675906654,5.0,0.0,0.0,0.0,0.0,0.0,0.0,0.0,0.0,0.0,0.0,0.0,10.04987562112089,10.04987562112089,11.045361017187261,11.045361017187261,12.041594578792296,12.0,12.041594578792296,13.341664064126334,16.278820596099706,16.278820596099706,16.492422502470642,16.492422502470642,17.46424919657298,19.4164878389476,18.24828759089466,16.1245154965971,17.26267650163207,18.681541692269406,17.72004514666935,15.811388300841896,17.08800749063506,19.924858845171276,21.18962010041709,22.47220505424423,24.351591323771842,26.0,0.0,-0.9561333748727311,-1.0636978224025597,-1.039072259536091,-1.0121970114513341,-1.0584068664841588,-1.1341691669813554,-1.1659045405098132,-1.1071487177940904,-1.0768549578753155,-1.042721878368537,-1.042721878368537,-1.1071487177940904,-1.176005207095135,-1.1441688336680205,-1.1902899496825317,-1.1902899496825317,-1.1071487177940904,-1.0121970114513341,-0.9505468408120752,-1.2120256565243244,-1.3521273809209546,-1.3521273809209546,-1.2120256565243244,-1.0516502125483738,-0.8760580505981934,-0.9272952180016122,0.0,0.0,0.0,0.0,0.0,0.0,0.0,0.0,0.0,0.0,0.0,-1.6704649792860586,-1.6704649792860586,-1.6614562139956417,-1.6614562139956417,-1.6539375586833378,-1.5707963267948966,-1.4876550949064553,-1.3439974787410107,-1.3854483767992019,-1.3854483767992019,-1.3258176636680326,-1.3258176636680326,-1.3397056595989996,-1.3633001003596938,-1.4056476493802699,-1.446441332248135,-1.396124127786657,-1.299849476456476,-1.2847448850775784,-1.2490457723982544,-1.2120256565243244,-1.2649174553900444,-1.2341215074081695,-1.2068173702852525,-1.2360594894780819,-1.176005207095135
24.562803920001897,router,ba:bd:de:13:68:55,-83,97.84310681689618,64,0.9899601709321121,8.130745371921826,0,0,-16,-2,-16,-2,-15,-2,-15,-3,-15,-3,-14,-3,-13,-2,-13,-2,-12,-1,-12,-1,-11,-1,-10,0,-9,0,-10,0,-11,1,-10,2,-9,2,-9,1,-9,1,-8,1,-7,1,-7,1,-7,2,-8,1,-8,0,-8,0,0,0,0,0,0,0,0,0,0,0,0,0,0,0,0,0,0,0,0,0,0,0,-10,-1,-11,-1,-10,-1,-10,-2,-11,-2,-11,-2,-12,-2,-12,-2,-12,-2,-13,-4,-12,-6,-14,-7,-16,-6,-15,-6,-14,-6,-15,-4,-16,-3,-17,-3,-16,-2,-17,-2,-17,-2,-16,-3,-17,-4,-18,-6,-19,-6,-19,-6,0.0,16.1245154965971,16.1245154965971,15.132745950421556,15.297058540778355,15.297058540778355,14.317821063276353,13.152946437965905,13.152946437965905,12.041594578792296,12.041594578792296,11.045361017187261,10.0,9.0,10.0,11.045361017187261,10.198039027185569,9.219544457292887,9.055385138137417,9.055385138137417,8.06225774829855,7.0710678118654755,7.0710678118654755,7.280109889280518,8.06225774829855,8.0,8.0,0.0,0.0,0.0,0.0,0.0,0.0,0.0,0.0,0.0,0.0,0.0,10.04987562112089,11.045361017187261,10.04987562112089,10.198039027185569,11.180339887498949,11.180339887498949,12.165525060596439,12.165525060596439,12.165525060596439,13.601470508735444,13.416407864998739,15.652475842498529,17.08800749063506,16.15549442140351,15.231546211727817,15.524174696260024,16.278820596099706,17.26267650163207,16.1245154965971,17.11724276862369,17.11724276862369,16.278820596099706,17.46424919657298,18.973665961010276,19.924858845171276,19.924858845171276,0.0,-3.017237659043032,-3.017237659043032,-3.0090411212931194,-2.9441970937399127,-2.9441970937399127,-2.930499320367047,-2.988943325194528,-2.988943325194528,-3.058451421701352,-3.058451421701352,-3.050932766389048,3.141592653589793,3.141592653589793,3.141592653589793,3.050932766389048,2.9441970937399127,2.922923707715851,3.0309354324158977,3.0309354324158977,3.017237659043032,2.999695598985629,2.999695598985629,2.8632929945846817,3.017237659043032,3.141592653589793,3.141592653589793,0.0,0.0,0.0,0.0,0.0,0.0,0.0,0.0,0.0,0.0,0.0,-3.0419240010986313,-3.050932766389048,-3.0419240010986313,-2.9441970937399127,-2.961739153797315,-2.961739153797315,-2.976443976175166,-2.976443976175166,-2.976443976175166,-2.843093722003614,-2.677945044588987,-2.677945044588987,-2.782821983319221,-2.761086276477428,-2.7367008673047097,-2.8809902618424523,-2.9562447035940984,-2.9669204545815537,-3.017237659043032,-3.024483909022929,-3.024483909022929,-2.9562447035940984,-2.9105019863938963,-2.819842099193151,-2.835713782184941,-2.835713782184941
24.672442240000237,router,ba:bd:de:13:68:55,-84,97.84310681689618,64,0.9914463897578403,8.23690058761566,0,0,0,17,0,17,0,16,0,15,0,14,1,13,1,13,0,12,0,11,1,10,1,10,2,9,2,9,2,8,2,8,2,8,2,7,2,6,3,6,3,7,3,7,2,6,2,6,2,6,2,6,1,4,0,0,0,0,0,0,0,0,0,0,0,0,0,0,0,0,0,0,0,0,0,0,2,7,0,7,0,8,1,8,2,8,2,9,1,10,0,11,0,11,0,11,0,13,0,13,0,13,0,14,0,14,-1,15,-1,16,-1,17,0,16,0,15,1,16,2,18,1,18,0,18,0,18,-1,17,0.0,17.0,17.0,16.0,15.0,14.0,13.038404810405298,13.038404810405298,12.0,11.0,10.04987562112089,10.04987562112089,9.219544457292887,9.219544457292887,8.246211251235321,8.246211251235321,8.246211251235321,7.280109889280518,6.324555320336759,6.708203932499369,7.615773105863909,7.615773105863909,6.324555320336759,6.324555320336759,6.324555320336759,6.324555320336759,4.123105625617661,0.0,0.0,0.0,0.0,0.0,0.0,0.0,0.0,0.0,0.0,0.0,7.280109889280518,7.0,8.0,8.06225774829855,8.246211251235321,9.219544457292887,10.04987562112089,11.0,11.0,11.0,13.0,13.0,13.0,14.0,14.0,15.033296378372908,16.0312195418814,17.029386365926403,16.0,15.0,16.0312195418814,18.110770276274835,18.027756377319946,18.0,18.0,17.029386365926403,0.0,1.5707963267948966,1.5707963267948966,1.5707963267948966,1.5707963267948966,1.5707963267948966,1.4940244355251187,1.4940244355251187,1.5707963267948966,1.5707963267948966,1.4711276743037347,1.4711276743037347,1.3521273809209546,1.3521273809209546,1.3258176636680326,1.3258176636680326,1.3258176636680326,1.2924966677897853,1.2490457723982544,1.1071487177940904,1.1659045405098132,1.1659045405098132,1.2490457723982544,1.2490457723982544,1.2490457723982544,1.2490457723982544,1.3258176636680326,0.0,0.0,0.0,0.0,0.0,0.0,0.0,0.0,0.0,0.0,0.0,1.2924966677897853,1.5707963267948966,1.5707963267948966,1.446441332248135,1.3258176636680326,1.3521273809209546,1.4711276743037347,1.5707963267948966,1.5707963267948966,1.5707963267948966,1.5707963267948966,1.5707963267948966,1.5707963267948966,1.5707963267948966,1.5707963267948966,1.6373644905707205,1.633215136790854,1.6295521495106193,1.5707963267948966,1.5707963267948966,1.5083775167989393,1.460139105621001,1.5152978215491797,1.5707963267948966,1.5707963267948966,1.6295521495106193
24.77353227000276,router,ba:bd:de:13:68:55,-84,99.0689375435544,64,0.992637608252241,8.341594060044253,0,0,14,9,15,9,14,8,12,7,11,7,10,6,10,6,10,5,10,4,9,3,8,3,7,3,8,3,8,2,8,0,8,-1,8,0,8,1,7,1,8,1,7,0,6,0,6,-1,7,-1,8,1,8,1,0,0,0,0,0,0,0,0,0,0,0,0,0,0,0,0,0,0,0,0,0,0,6,3,7,5,7,5,7,5,9,6,10,6,10,7,9,8,8,8,8,7,9,8,10,8,12,8,13,8,14,8,13,8,13,8,13,8,12,9,12,8,13,8,14,8,15,9,16,10,16,11,16,11,0.0,16.64331697709324,17.4928556845359,16.1245154965971,13.892443989449804,13.038404810405298,11.661903789690601,11.661903789690601,11.180339887498949,10.770329614269007,9.486832980505138,8.54400374531753,7.615773105863909,8.54400374531753,8.246211251235321,8.0,8.06225774829855,8.0,8.06225774829855,7.0710678118654755,8.06225774829855,7.0,6.0,6.082762530298219,7.0710678118654755,8.06225774829855,8.06225774829855,0.0,0.0,0.0,0.0,0.0,0.0,0.0,0.0,0.0,0.0,0.0,6.708203932499369,8.602325267042627,8.602325267042627,8.602325267042627,10.816653826391969,11.661903789690601,12.206555615733702,12.041594578792296,11.313708498984761,10.63014581273465,12.041594578792296,12.806248474865697,14.422205101855956,15.264337522473747,16.1245154965971,15.264337522473747,15.264337522473747,15.264337522473747,15.0,14.422205101855956,15.264337522473747,16.1245154965971,17.4928556845359,18.867962264113206,19.4164878389476,19.4164878389476,0.0,0.5713374798336268,0.5404195002705842,0.5191461142465229,0.5280744484263596,0.5667292175235064,0.5404195002705842,0.5404195002705842,0.4636476090008061,0.3805063771123649,0.3217505543966422,0.35877067027057225,0.40489178628508343,0.35877067027057225,0.24497866312686414,0.0,-0.12435499454676144,0.0,0.12435499454676144,0.14189705460416394,0.12435499454676144,0.0,0.0,-0.16514867741462683,-0.14189705460416394,0.12435499454676144,0.12435499454676144,0.0,0.0,0.0,0.0,0.0,0.0,0.0,0.0,0.0,0.0,0.0,0.4636476090008061,0.6202494859828215,0.6202494859828215,0.6202494859828215,0.5880026035475675,0.5404195002705842,0.6107259643892086,0.7266423406817256,0.7853981633974483,0.7188299996216245,0.7266423406817256,0.6747409422235526,0.5880026035475675,0.5516549825285468,0.5191461142465229,0.5516549825285468,0.5516549825285468,0.5516549825285468,0.6435011087932844,0.5880026035475675,0.5516549825285468,0.5191461142465229,0.5404195002705842,0.5585993153435624,0.6022873461349642,0.6022873461349642
24.884397426998476,router,ba:bd:de:13:68:55,-84,99.0689375435544,64,0.9933611687636292,8.442965440119032,0,0,-3,-18,-4,-17,-4,-16,-4,-16,-3,-15,-3,-13,-3,-12,-3,-12,-3,-12,-3,-11,-3,-11,-2,-10,-2,-10,-3,-9,-4,-9,-5,-9,-4,-8,-3,-8,-3,-8,-4,-9,-3,-8,-3,-7,-3,-7,-3,-8,-4,-8,-4,-9,0,0,0,0,0,0,0,0,0,0,0,0,0,0,0,0,0,0,0,0,0,0,-4,-8,-3,-9,-4,-8,-5,-7,-4,-8,-4,-9,-4,-11,-4,-13,-4,-13,-4,-13,-4,-14,-4,-14,-4,-14,-4,-14,-5,-15,-5,-16,-5,-16,-4,-16,-4,-17,-4,-16,-5,-17,-5,-19,-4,-20,-5,-18,-5,-18,-4,-19,0.0,18.24828759089466,17.46424919657298,16.492422502470642,16.492422502470642,15.297058540778355,13.341664064126334,12.36931687685298,12.36931687685298,12.36931687685298,11.40175425099138,11.40175425099138,10.198039027185569,10.198039027185569,9.486832980505138,9.848857801796104,10.295630140987,8.94427190999916,8.54400374531753,8.54400374531753,9.848857801796104,8.54400374531753,7.615773105863909,7.615773105863909,8.54400374531753,8.94427190999916,9.848857801796104,0.0,0.0,0.0,0.0,0.0,0.0,0.0,0.0,0.0,0.0,0.0,8.94427190999916,9.486832980505138,8.94427190999916,8.602325267042627,8.94427190999916,9.848857801796104,11.704699910719626,13.601470508735444,13.601470508735444,13.601470508735444,14.560219778561036,14.560219778561036,14.560219778561036,14.560219778561036,15.811388300841896,16.76305461424021,16.76305461424021,16.492422502470642,17.46424919657298,16.492422502470642,17.72004514666935,19.6468827043885,20.396078054371138,18.681541692269406,18.681541692269406,19.4164878389476,0.0,-1.7359450042095235,-1.8018869939907938,-1.8157749899217608,-1.8157749899217608,-1.7681918866447774,-1.7975951748487824,-1.8157749899217608,-1.8157749899217608,-1.8157749899217608,-1.837048375945822,-1.837048375945822,-1.7681918866447774,-1.7681918866447774,-1.892546881191539,-1.9890206563741257,-2.0778948311872334,-2.0344439357957027,-1.9295669970654687,-1.9295669970654687,-1.9890206563741257,-1.9295669970654687,-1.97568811307998,-1.97568811307998,-1.9295669970654687,-2.0344439357957027,-1.9890206563741257,0.0,0.0,0.0,0.0,0.0,0.0,0.0,0.0,0.0,0.0,0.0,-2.0344439357957027,-1.892546881191539,-2.0344439357957027,-2.191045812777718,-2.0344439357957027,-1.9890206563741257,-1.9195673303788037,-1.8692952583810758,-1.8692952583810758,-1.8692952583810758,-1.849095985800008,-1.849095985800008,-1.849095985800008,-1.849095985800008,-1.892546881191539,-1.873681195169868,-1.873681195169868,-1.8157749899217608,-1.8018869939907938,-1.8157749899217608,-1.856847768512215,-1.8281200417659853,-1.7681918866447774,-1.8417431771333173,-1.8417431771333173,-1.7782925532300993
24.991584390001663,router,ba:bd:de:13:68:55,-84,99.0689375435544,64,0.9958230630190315,8.539439549224864,0,0,6,16,6,16,5,14,5,12,5,12,4,11,4,10,5,10,5,10,5,9,4,8,4,7,5,7,6,8,6,9,5,7,4,4,4,4,4,5,4,5,5,5,5,4,5,4,4,2,3,3,3,6,0,0,0,0,0,0,0,0,0,0,0,0,0,0,0,0,0,0,0,0,0,0,3,7,3,7,3,7,4,7,4,8,3,9,4,10,3,10,3,10,4,10,5,10,7,10,6,11,4,12,4,13,4,13,3,14,3,14,4,13,5,14,6,15,6,15,6,15,6,16,7,15,6,15,0.0,17.08800749063506,17.08800749063506,14.866068747318506,13.0,13.0,11.704699910719626,10.770329614269007,11.180339887498949,11.180339887498949,10.295630140987,8.94427190999916,8.06225774829855,8.602325267042627,10.0,10.816653826391969,8.602325267042627,5.656854249492381,5.656854249492381,6.4031242374328485,6.4031242374328485,7.0710678118654755,6.4031242374328485,6.4031242374328485,4.47213595499958,4.242640687119285,6.708203932499369,0.0,0.0,0.0,0.0,0.0,0.0,0.0,0.0,0.0,0.0,0.0,7.615773105863909,7.615773105863909,7.615773105863909,8.06225774829855,8.94427190999916,9.486832980505138,10.770329614269007,10.44030650891055,10.44030650891055,10.770329614269007,11.180339887498949,12.206555615733702,12.529964086141668,12.649110640673518,13.601470508735444,13.601470508735444,14.317821063276353,14.317821063276353,13.601470508735444,14.866068747318506,16.15549442140351,16.15549442140351,16.15549442140351,17.08800749063506,16.55294535724685,16.15549442140351,0.0,1.2120256565243244,1.2120256565243244,1.2277723863741932,1.176005207095135,1.176005207095135,1.2220253232109897,1.1902899496825317,1.1071487177940904,1.1071487177940904,1.0636978224025597,1.1071487177940904,1.0516502125483738,0.9505468408120752,0.9272952180016122,0.982793723247329,0.9505468408120752,0.7853981633974483,0.7853981633974483,0.8960553845713439,0.8960553845713439,0.7853981633974483,0.6747409422235526,0.6747409422235526,0.4636476090008061,0.7853981633974483,1.1071487177940904,0.0,0.0,0.0,0.0,0.0,0.0,0.0,0.0,0.0,0.0,0.0,1.1659045405098132,1.1659045405098132,1.1659045405098132,1.0516502125483738,1.1071487177940904,1.2490457723982544,1.1902899496825317,1.2793395323170296,1.2793395323170296,1.1902899496825317,1.1071487177940904,0.960070362405688,1.0714496051147666,1.2490457723982544,1.2722973952087173,1.2722973952087173,1.35970299357215,1.35970299357215,1.2722973952087173,1.2277723863741932,1.1902899496825317,1.1902899496825317,1.1902899496825317,1.2120256565243244,1.1341691669813554,1.1902899496825317
25.09159678099968,router,ba:bd:de:13:68:55,-84,99.0689375435544,64,0.998031475438853,8.629624135401572,0,0,0,15,-1,16,0,16,0,15,-1,14,1,13,2,12,1,11,1,10,1,10,2,9,3,8,3,7,2,8,2,8,2,7,3,7,3,7,3,7,3,6,1,5,2,6,2,6,1,6,2,7,3,8,0,0,0,0,0,0,0,0,0,0,0,0,0,0,0,0,0,0,0,0,0,0,1,6,2,7,2,8,2,9,1,10,1,11,1,10,1,10,1,12,0,12,-1,13,0,13,0,12,-1,12,-1,12,-1,13,0,14,-1,15,0,15,1,16,1,16,0,16,1,17,1,17,1,18,0,19,0.0,15.0,16.0312195418814,16.0,15.0,14.035668847618199,13.038404810405298,12.165525060596439,11.045361017187261,10.04987562112089,10.04987562112089,9.219544457292887,8.54400374531753,7.615773105863909,8.246211251235321,8.246211251235321,7.280109889280518,7.615773105863909,7.615773105863909,7.615773105863909,6.708203932499369,5.0990195135927845,6.324555320336759,6.324555320336759,6.082762530298219,7.280109889280518,8.54400374531753,0.0,0.0,0.0,0.0,0.0,0.0,0.0,0.0,0.0,0.0,0.0,6.082762530298219,7.280109889280518,8.246211251235321,9.219544457292887,10.04987562112089,11.045361017187261,10.04987562112089,10.04987562112089,12.041594578792296,12.0,13.038404810405298,13.0,12.0,12.041594578792296,12.041594578792296,13.038404810405298,14.0,15.033296378372908,15.0,16.0312195418814,16.0312195418814,16.0,17.029386365926403,17.029386365926403,18.027756377319946,19.0,0.0,1.5707963267948966,1.633215136790854,1.5707963267948966,1.5707963267948966,1.642103791580187,1.4940244355251187,1.4056476493802699,1.4801364395941514,1.4711276743037347,1.4711276743037347,1.3521273809209546,1.2120256565243244,1.1659045405098132,1.3258176636680326,1.3258176636680326,1.2924966677897853,1.1659045405098132,1.1659045405098132,1.1659045405098132,1.1071487177940904,1.373400766945016,1.2490457723982544,1.2490457723982544,1.4056476493802699,1.2924966677897853,1.2120256565243244,0.0,0.0,0.0,0.0,0.0,0.0,0.0,0.0,0.0,0.0,0.0,1.4056476493802699,1.2924966677897853,1.3258176636680326,1.3521273809209546,1.4711276743037347,1.4801364395941514,1.4711276743037347,1.4711276743037347,1.4876550949064553,1.5707963267948966,1.6475682180646747,1.5707963267948966,1.5707963267948966,1.6539375586833378,1.6539375586833378,1.6475682180646747,1.5707963267948966,1.6373644905707205,1.5707963267948966,1.5083775167989393,1.5083775167989393,1.5707963267948966,1.512040504079174,1.512040504079174,1.5152978215491797,1.5707963267948966
25.195855245998246,router,ba:bd:de:13:68:55,-84,99.0689375435544,64,0.9977188257435221,8.712226833522996,0,0,-1,15,0,15,1,15,0,15,-1,15,-1,14,0,13,1,12,0,11,0,9,2,8,2,9,2,9,3,8,2,6,1,6,1,5,2,6,2,7,2,7,3,7,2,6,2,6,2,4,2,5,1,7,0,0,0,0,0,0,0,0,0,0,0,0,0,0,0,0,0,0,0,0,0,0,2,7,3,8,2,9,0,9,0,10,2,11,2,12,-1,13,-1,14,0,13,0,13,0,13,0,14,-1,15,0,15,0,15,0,15,0,16,-1,16,0,16,0,16,-1,16,-1,17,-1,18,-1,18,-2,18,0.0,15.033296378372908,15.0,15.033296378372908,15.0,15.033296378372908,14.035668847618199,13.0,12.041594578792296,11.0,9.0,8.246211251235321,9.219544457292887,9.219544457292887,8.54400374531753,6.324555320336759,6.082762530298219,5.0990195135927845,6.324555320336759,7.280109889280518,7.280109889280518,7.615773105863909,6.324555320336759,6.324555320336759,4.47213595499958,5.385164807134504,7.0710678118654755,0.0,0.0,0.0,0.0,0.0,0.0,0.0,0.0,0.0,0.0,0.0,7.280109889280518,8.54400374531753,9.219544457292887,9.0,10.0,11.180339887498949,12.165525060596439,13.038404810405298,14.035668847618199,13.0,13.0,13.0,14.0,15.033296378372908,15.0,15.0,15.0,16.0,16.0312195418814,16.0,16.0,16.0312195418814,17.029386365926403,18.027756377319946,18.027756377319946,18.110770276274835,0.0,1.6373644905707205,1.5707963267948966,1.5042281630190728,1.5707963267948966,1.6373644905707205,1.642103791580187,1.5707963267948966,1.4876550949064553,1.5707963267948966,1.5707963267948966,1.3258176636680326,1.3521273809209546,1.3521273809209546,1.2120256565243244,1.2490457723982544,1.4056476493802699,1.373400766945016,1.2490457723982544,1.2924966677897853,1.2924966677897853,1.1659045405098132,1.2490457723982544,1.2490457723982544,1.1071487177940904,1.1902899496825317,1.4288992721907328,0.0,0.0,0.0,0.0,0.0,0.0,0.0,0.0,0.0,0.0,0.0,1.2924966677897853,1.2120256565243244,1.3521273809209546,1.5707963267948966,1.5707963267948966,1.3909428270024184,1.4056476493802699,1.6475682180646747,1.642103791580187,1.5707963267948966,1.5707963267948966,1.5707963267948966,1.5707963267948966,1.6373644905707205,1.5707963267948966,1.5707963267948966,1.5707963267948966,1.5707963267948966,1.633215136790854,1.5707963267948966,1.5707963267948966,1.633215136790854,1.6295521495106193,1.6262948320406134,1.6262948320406134,1.6814535479687922
25.301928956003394,router,ba:bd:de:13:68:55,-84,99.0689375435544,64,0.9963795407256961,8.78611521972365,0,0,4,18,4,17,5,16,5,14,3,14,2,14,2,12,2,10,3,8,4,9,5,10,4,9,4,8,4,6,4,7,5,7,6,6,4,6,5,6,6,5,5,6,4,6,4,6,6,6,6,5,4,7,0,0,0,0,0,0,0,0,0,0,0,0,0,0,0,0,0,0,0,0,0,0,2,7,3,9,3,10,3,9,3,9,4,10,4,11,3,13,3,13,3,12,4,12,3,14,2,15,2,15,3,14,4,15,4,16,4,16,3,15,3,16,4,18,4,19,4,18,5,18,5,18,4,18,0.0,18.439088914585774,17.46424919657298,16.76305461424021,14.866068747318506,14.317821063276353,14.142135623730951,12.165525060596439,10.198039027185569,8.54400374531753,9.848857801796104,11.180339887498949,9.848857801796104,8.94427190999916,7.211102550927978,8.06225774829855,8.602325267042627,8.48528137423857,7.211102550927978,7.810249675906654,7.810249675906654,7.810249675906654,7.211102550927978,7.211102550927978,8.48528137423857,7.810249675906654,8.06225774829855,0.0,0.0,0.0,0.0,0.0,0.0,0.0,0.0,0.0,0.0,0.0,7.280109889280518,9.486832980505138,10.44030650891055,9.486832980505138,9.486832980505138,10.770329614269007,11.704699910719626,13.341664064126334,13.341664064126334,12.36931687685298,12.649110640673518,14.317821063276353,15.132745950421556,15.132745950421556,14.317821063276353,15.524174696260024,16.492422502470642,16.492422502470642,15.297058540778355,16.278820596099706,18.439088914585774,19.4164878389476,18.439088914585774,18.681541692269406,18.681541692269406,18.439088914585774,0.0,1.3521273809209546,1.3397056595989996,1.2679114584199251,1.2277723863741932,1.35970299357215,1.4288992721907328,1.4056476493802699,1.373400766945016,1.2120256565243244,1.1525719972156676,1.1071487177940904,1.1525719972156676,1.1071487177940904,0.982793723247329,1.0516502125483738,0.9505468408120752,0.7853981633974483,0.982793723247329,0.8760580505981934,0.6947382761967031,0.8760580505981934,0.982793723247329,0.982793723247329,0.7853981633974483,0.6947382761967031,1.0516502125483738,0.0,0.0,0.0,0.0,0.0,0.0,0.0,0.0,0.0,0.0,0.0,1.2924966677897853,1.2490457723982544,1.2793395323170296,1.2490457723982544,1.2490457723982544,1.1902899496825317,1.2220253232109897,1.3439974787410107,1.3439974787410107,1.3258176636680326,1.2490457723982544,1.35970299357215,1.4382447944982226,1.4382447944982226,1.35970299357215,1.3101939350475555,1.3258176636680326,1.3258176636680326,1.373400766945016,1.3854483767992019,1.3521273809209546,1.3633001003596938,1.3521273809209546,1.299849476456476,1.299849476456476,1.3521273809209546
25.411962202000723,router,ba:bd:de:13:68:55,-84,99.0689375435544,64,0.9956759298393165,8.850398470761858,0,0,-5,18,-4,18,-4,17,-4,15,-4,14,-3,13,-3,13,-3,11,-2,11,0,11,1,10,0,10,-1,10,-1,9,0,9,0,9,0,9,1,9,0,8,0,8,0,8,0,7,0,7,0,8,0,6,0,5,0,0,0,0,0,0,0,0,0,0,0,0,0,0,0,0,0,0,0,0,0,0,2,7,2,7,1,7,0,9,0,10,0,12,1,12,0,12,0,11,0,11,-1,11,-2,13,-3,15,-3,14,-3,13,-2,13,-1,14,-2,15,-2,16,-2,16,-3,17,-3,18,-3,18,-3,18,-4,18,-4,20,0.0,18.681541692269406,18.439088914585774,17.46424919657298,15.524174696260024,14.560219778561036,13.341664064126334,13.341664064126334,11.40175425099138,11.180339887498949,11.0,10.04987562112089,10.0,10.04987562112089,9.055385138137417,9.0,9.0,9.0,9.055385138137417,8.0,8.0,8.0,7.0,7.0,8.0,6.0,5.0,0.0,0.0,0.0,0.0,0.0,0.0,0.0,0.0,0.0,0.0,0.0,7.280109889280518,7.280109889280518,7.0710678118654755,9.0,10.0,12.0,12.041594578792296,12.0,11.0,11.0,11.045361017187261,13.152946437965905,15.297058540778355,14.317821063276353,13.341664064126334,13.152946437965905,14.035668847618199,15.132745950421556,16.1245154965971,16.1245154965971,17.26267650163207,18.24828759089466,18.24828759089466,18.24828759089466,18.439088914585774,20.396078054371138,0.0,1.8417431771333173,1.7894652726688385,1.8018869939907938,1.8313987185422376,1.849095985800008,1.7975951748487824,1.7975951748487824,1.837048375945822,1.750649826587375,1.5707963267948966,1.4711276743037347,1.5707963267948966,1.6704649792860586,1.6814535479687922,1.5707963267948966,1.5707963267948966,1.5707963267948966,1.460139105621001,1.5707963267948966,1.5707963267948966,1.5707963267948966,1.5707963267948966,1.5707963267948966,1.5707963267948966,1.5707963267948966,1.5707963267948966,0.0,0.0,0.0,0.0,0.0,0.0,0.0,0.0,0.0,0.0,0.0,1.2924966677897853,1.2924966677897853,1.4288992721907328,1.5707963267948966,1.5707963267948966,1.5707963267948966,1.4876550949064553,1.5707963267948966,1.5707963267948966,1.5707963267948966,1.6614562139956417,1.7234456551901618,1.7681918866447774,1.7818896600176433,1.7975951748487824,1.7234456551901618,1.642103791580187,1.7033478590915707,1.695151321341658,1.695151321341658,1.7454685258031364,1.7359450042095235,1.7359450042095235,1.7359450042095235,1.7894652726688385,1.7681918866447774
25.51228085400362,router,ba:bd:de:13:68:55,-84,99.0689375435544,64,0.995042997517618,8.904401826667241,0,0,15,-9,13,-9,13,-9,13,-9,11,-9,11,-9,11,-9,10,-9,9,-8,8,-7,7,-7,7,-7,6,-7,4,-8,4,-8,4,-7,5,-6,6,-6,5,-7,5,-7,6,-7,6,-5,5,-5,4,-6,4,-6,6,-5,0,0,0,0,0,0,0,0,0,0,0,0,0,0,0,0,0,0,0,0,0,0,3,-8,3,-7,5,-7,6,-10,7,-11,8,-9,9,-8,8,-8,8,-9,10,-10,10,-10,10,-9,10,-9,10,-9,11,-8,11,-9,11,-9,12,-10,13,-12,12,-12,13,-11,15,-12,15,-12,14,-12,15,-12,16,-13,0.0,17.4928556845359,15.811388300841896,15.811388300841896,15.811388300841896,14.212670403551895,14.212670403551895,14.212670403551895,13.45362404707371,12.041594578792296,10.63014581273465,9.899494936611665,9.899494936611665,9.219544457292887,8.94427190999916,8.94427190999916,8.06225774829855,7.810249675906654,8.48528137423857,8.602325267042627,8.602325267042627,9.219544457292887,7.810249675906654,7.0710678118654755,7.211102550927978,7.211102550927978,7.810249675906654,0.0,0.0,0.0,0.0,0.0,0.0,0.0,0.0,0.0,0.0,0.0,8.54400374531753,7.615773105863909,8.602325267042627,11.661903789690601,13.038404810405298,12.041594578792296,12.041594578792296,11.313708498984761,12.041594578792296,14.142135623730951,14.142135623730951,13.45362404707371,13.45362404707371,13.45362404707371,13.601470508735444,14.212670403551895,14.212670403551895,15.620499351813308,17.69180601295413,16.97056274847714,17.029386365926403,19.209372712298546,19.209372712298546,18.439088914585774,19.209372712298546,20.615528128088304,0.0,-0.5404195002705842,-0.6055446636049701,-0.6055446636049701,-0.6055446636049701,-0.6857295109062863,-0.6857295109062863,-0.6857295109062863,-0.7328151017865066,-0.7266423406817256,-0.7188299996216245,-0.7853981633974483,-0.7853981633974483,-0.8621700546672264,-1.1071487177940904,-1.1071487177940904,-1.0516502125483738,-0.8760580505981934,-0.7853981633974483,-0.9505468408120752,-0.9505468408120752,-0.8621700546672264,-0.6947382761967031,-0.7853981633974483,-0.982793723247329,-0.982793723247329,-0.6947382761967031,0.0,0.0,0.0,0.0,0.0,0.0,0.0,0.0,0.0,0.0,0.0,-1.2120256565243244,-1.1659045405098132,-0.9505468408120752,-1.0303768265243125,-1.0040671092713902,-0.844153986113171,-0.7266423406817256,-0.7853981633974483,-0.844153986113171,-0.7853981633974483,-0.7853981633974483,-0.7328151017865066,-0.7328151017865066,-0.7328151017865066,-0.628796286415433,-0.6857295109062863,-0.6857295109062863,-0.6947382761967031,-0.7454194762741583,-0.7853981633974483,-0.702256931509007,-0.6747409422235526,-0.6747409422235526,-0.7086262721276703,-0.6747409422235526,-0.6823165548747481
25.612748438004928,router,ba:bd:de:13:68:55,-84,99.0689375435544,64,0.9947920268206822,8.947631387607865,0,0,4,-15,4,-17,4,-16,4,-14,4,-12,3,-12,3,-11,3,-11,2,-12,2,-12,2,-12,1,-11,1,-9,0,-8,-1,-9,-1,-9,-1,-8,0,-8,0,-8,-1,-8,-2,-9,-1,-9,0,-8,0,-6,-1,-7,-1,-10,0,0,0,0,0,0,0,0,0,0,0,0,0,0,0,0,0,0,0,0,0,0,1,-9,2,-10,1,-11,1,-11,1,-11,2,-11,3,-11,3,-12,4,-12,4,-12,5,-13,5,-14,4,-15,4,-14,4,-14,5,-14,4,-15,4,-16,5,-16,4,-16,4,-16,5,-17,6,-17,6,-17,6,-18,7,-18,0.0,15.524174696260024,17.46424919657298,16.492422502470642,14.560219778561036,12.649110640673518,12.36931687685298,11.40175425099138,11.40175425099138,12.165525060596439,12.165525060596439,12.165525060596439,11.045361017187261,9.055385138137417,8.0,9.055385138137417,9.055385138137417,8.06225774829855,8.0,8.0,8.06225774829855,9.219544457292887,9.055385138137417,8.0,6.0,7.0710678118654755,10.04987562112089,0.0,0.0,0.0,0.0,0.0,0.0,0.0,0.0,0.0,0.0,0.0,9.055385138137417,10.198039027185569,11.045361017187261,11.045361017187261,11.045361017187261,11.180339887498949,11.40175425099138,12.36931687685298,12.649110640673518,12.649110640673518,13.92838827718412,14.866068747318506,15.524174696260024,14.560219778561036,14.560219778561036,14.866068747318506,15.524174696260024,16.492422502470642,16.76305461424021,16.492422502470642,16.492422502470642,17.72004514666935,18.027756377319946,18.027756377319946,18.973665961010276,19.313207915827967,0.0,-1.3101939350475555,-1.3397056595989996,-1.3258176636680326,-1.2924966677897853,-1.2490457723982544,-1.3258176636680326,-1.3045442776439713,-1.3045442776439713,-1.4056476493802699,-1.4056476493802699,-1.4056476493802699,-1.4801364395941514,-1.460139105621001,-1.5707963267948966,-1.6814535479687922,-1.6814535479687922,-1.695151321341658,-1.5707963267948966,-1.5707963267948966,-1.695151321341658,-1.7894652726688385,-1.6814535479687922,-1.5707963267948966,-1.5707963267948966,-1.7126933813990606,-1.6704649792860586,0.0,0.0,0.0,0.0,0.0,0.0,0.0,0.0,0.0,0.0,0.0,-1.460139105621001,-1.373400766945016,-1.4801364395941514,-1.4801364395941514,-1.4801364395941514,-1.3909428270024184,-1.3045442776439713,-1.3258176636680326,-1.2490457723982544,-1.2490457723982544,-1.2036224929766774,-1.2277723863741932,-1.3101939350475555,-1.2924966677897853,-1.2924966677897853,-1.2277723863741932,-1.3101939350475555,-1.3258176636680326,-1.2679114584199251,-1.3258176636680326,-1.3258176636680326,-1.2847448850775784,-1.2315037123408519,-1.2315037123408519,-1.2490457723982544,-1.1999050379822342
25.72335223400296,router,ba:bd:de:13:68:55,-84,99.0689375435544,64,0.9945928154190699,8.979733361145858,0,0,-18,4,-19,3,-18,2,-17,2,-16,2,-15,2,-15,2,-14,0,-13,0,-12,2,-11,2,-11,2,-9,2,-9,2,-9,2,-9,2,-8,3,-8,4,-8,5,-7,5,-7,3,-7,3,-6,4,-6,2,-6,1,-5,3,0,0,0,0,0,0,0,0,0,0,0,0,0,0,0,0,0,0,0,0,0,0,-9,3,-10,2,-10,2,-10,2,-9,2,-9,2,-10,1,-11,1,-12,0,-12,0,-13,1,-14,1,-16,1,-17,1,-16,0,-15,0,-16,1,-17,2,-18,2,-19,2,-18,2,-18,1,-18,1,-19,2,-20,2,-19,2,0.0,18.439088914585774,19.235384061671343,18.110770276274835,17.11724276862369,16.1245154965971,15.132745950421556,15.132745950421556,14.0,13.0,12.165525060596439,11.180339887498949,11.180339887498949,9.219544457292887,9.219544457292887,9.219544457292887,9.219544457292887,8.54400374531753,8.94427190999916,9.433981132056603,8.602325267042627,7.615773105863909,7.615773105863909,7.211102550927978,6.324555320336759,6.082762530298219,5.830951894845301,0.0,0.0,0.0,0.0,0.0,0.0,0.0,0.0,0.0,0.0,0.0,9.486832980505138,10.198039027185569,10.198039027185569,10.198039027185569,9.219544457292887,9.219544457292887,10.04987562112089,11.045361017187261,12.0,12.0,13.038404810405298,14.035668847618199,16.0312195418814,17.029386365926403,16.0,15.0,16.0312195418814,17.11724276862369,18.110770276274835,19.1049731745428,18.110770276274835,18.027756377319946,18.027756377319946,19.1049731745428,20.09975124224178,19.1049731745428,0.0,2.922923707715851,2.984990776607778,3.0309354324158977,3.024483909022929,3.017237659043032,3.0090411212931194,3.0090411212931194,3.141592653589793,3.141592653589793,2.976443976175166,2.961739153797315,2.961739153797315,2.922923707715851,2.922923707715851,2.922923707715851,2.922923707715851,2.782821983319221,2.677945044588987,2.5829933382462307,2.5213431676069717,2.7367008673047097,2.7367008673047097,2.5535900500422257,2.819842099193151,2.976443976175166,2.601173153319209,0.0,0.0,0.0,0.0,0.0,0.0,0.0,0.0,0.0,0.0,0.0,2.819842099193151,2.9441970937399127,2.9441970937399127,2.9441970937399127,2.922923707715851,2.922923707715851,3.0419240010986313,3.050932766389048,3.141592653589793,3.141592653589793,3.064820762320015,3.070285188804503,3.079173843593836,3.0828368308740703,3.141592653589793,3.141592653589793,3.079173843593836,3.024483909022929,3.0309354324158977,3.036715714859559,3.0309354324158977,3.0860941483440762,3.0860941483440762,3.036715714859559,3.0419240010986313,3.036715714859559
25.833100648000254,router,ba:bd:de:13:68:55,-83,99.11808838344685,64,0.9929516343732896,9.000541398139935,0,0,-16,-8,-16,-8,-15,-8,-15,-8,-14,-8,-13,-7,-12,-6,-11,-6,-11,-5,-10,-5,-9,-5,-10,-4,-11,-2,-10,-2,-9,-1,-8,-1,-8,-1,-8,0,-9,0,-9,1,-8,1,-7,0,-6,-1,-7,0,-7,0,-5,1,0,0,0,0,0,0,0,0,0,0,0,0,0,0,0,0,0,0,0,0,0,0,-12,-3,-13,-3,-10,-4,-9,-4,-10,-4,-10,-3,-11,-3,-12,-4,-13,-5,-13,-5,-12,-5,-12,-6,-12,-5,-12,-5,-12,-6,-13,-7,-14,-7,-14,-7,-15,-6,-15,-7,-15,-8,-16,-8,-16,-8,-16,-8,-16,-8,-16,-9,0.0,17.88854381999832,17.88854381999832,17.0,17.0,16.1245154965971,14.7648230602334,13.416407864998739,12.529964086141668,12.083045973594572,11.180339887498949,10.295630140987,10.770329614269007,11.180339887498949,10.198039027185569,9.055385138137417,8.06225774829855,8.06225774829855,8.0,9.0,9.055385138137417,8.06225774829855,7.0,6.082762530298219,7.0,7.0,5.0990195135927845,0.0,0.0,0.0,0.0,0.0,0.0,0.0,0.0,0.0,0.0,0.0,12.36931687685298,13.341664064126334,10.770329614269007,9.848857801796104,10.770329614269007,10.44030650891055,11.40175425099138,12.649110640673518,13.92838827718412,13.92838827718412,13.0,13.416407864998739,13.0,13.0,13.416407864998739,14.7648230602334,15.652475842498529,15.652475842498529,16.15549442140351,16.55294535724685,17.0,17.88854381999832,17.88854381999832,17.88854381999832,17.88854381999832,18.35755975068582,0.0,-2.677945044588987,-2.677945044588987,-2.651635327336065,-2.651635327336065,-2.62244653934327,-2.647651284670212,-2.677945044588987,-2.642245931909663,-2.714965160462917,-2.677945044588987,-2.6344941491974563,-2.761086276477428,-2.961739153797315,-2.9441970937399127,-3.0309354324158977,-3.017237659043032,-3.017237659043032,3.141592653589793,3.141592653589793,3.0309354324158977,3.017237659043032,3.141592653589793,-2.976443976175166,3.141592653589793,3.141592653589793,2.9441970937399127,0.0,0.0,0.0,0.0,0.0,0.0,0.0,0.0,0.0,0.0,0.0,-2.896613990462929,-2.9147938055359073,-2.761086276477428,-2.723368324010564,-2.761086276477428,-2.8501358591119264,-2.875340604438868,-2.819842099193151,-2.774418819771574,-2.774418819771574,-2.746801533890032,-2.677945044588987,-2.746801533890032,-2.746801533890032,-2.677945044588987,-2.647651284670212,-2.677945044588987,-2.677945044588987,-2.761086276477428,-2.704965493776252,-2.651635327336065,-2.677945044588987,-2.677945044588987,-2.677945044588987,-2.677945044588987,-2.6292031932790554
25.942797743999108,router,ba:bd:de:13:68:55,-84,99.11808838344685,64,0.991400905442452,9.010109141426367,0,0,-18,-1,-18,-1,-18,0,-17,-1,-16,-2,-15,-2,-15,-2,-15,0,-14,1,-12,0,-11,-1,-11,-1,-10,-1,-10,0,-9,0,-8,0,-9,0,-9,1,-9,1,-8,1,-7,1,-7,1,-8,1,-9,0,-8,-1,-6,-2,0,0,0,0,0,0,0,0,0,0,0,0,0,0,0,0,0,0,0,0,0,0,-8,2,-9,3,-9,4,-10,4,-11,4,-12,4,-12,4,-12,4,-12,4,-13,4,-14,3,-15,3,-16,1,-15,1,-15,1,-15,2,-16,2,-17,2,-17,2,-17,1,-18,0,-18,-1,-18,0,-20,2,-19,2,-19,2,0.0,18.027756377319946,18.027756377319946,18.0,17.029386365926403,16.1245154965971,15.132745950421556,15.132745950421556,15.0,14.035668847618199,12.0,11.045361017187261,11.045361017187261,10.04987562112089,10.0,9.0,8.0,9.0,9.055385138137417,9.055385138137417,8.06225774829855,7.0710678118654755,7.0710678118654755,8.06225774829855,9.0,8.06225774829855,6.324555320336759,0.0,0.0,0.0,0.0,0.0,0.0,0.0,0.0,0.0,0.0,0.0,8.246211251235321,9.486832980505138,9.848857801796104,10.770329614269007,11.704699910719626,12.649110640673518,12.649110640673518,12.649110640673518,12.649110640673518,13.601470508735444,14.317821063276353,15.297058540778355,16.0312195418814,15.033296378372908,15.033296378372908,15.132745950421556,16.1245154965971,17.11724276862369,17.11724276862369,17.029386365926403,18.0,18.027756377319946,18.0,20.09975124224178,19.1049731745428,19.1049731745428,0.0,-3.0860941483440762,-3.0860941483440762,3.141592653589793,-3.0828368308740703,-3.017237659043032,-3.0090411212931194,-3.0090411212931194,3.141592653589793,3.070285188804503,3.141592653589793,-3.050932766389048,-3.050932766389048,-3.0419240010986313,3.141592653589793,3.141592653589793,3.141592653589793,3.141592653589793,3.0309354324158977,3.0309354324158977,3.017237659043032,2.999695598985629,2.999695598985629,3.017237659043032,3.141592653589793,-3.017237659043032,-2.819842099193151,0.0,0.0,0.0,0.0,0.0,0.0,0.0,0.0,0.0,0.0,0.0,2.896613990462929,2.819842099193151,2.723368324010564,2.761086276477428,2.7928216500058864,2.819842099193151,2.819842099193151,2.819842099193151,2.819842099193151,2.843093722003614,2.930499320367047,2.9441970937399127,3.079173843593836,3.0750244898139694,3.0750244898139694,3.0090411212931194,3.017237659043032,3.024483909022929,3.024483909022929,3.0828368308740703,3.141592653589793,-3.0860941483440762,3.141592653589793,3.0419240010986313,3.036715714859559,3.036715714859559
26.042932955999277,router,ba:bd:de:13:68:55,-83,99.11808838344685,64,0.9897947247768946,9.00862465345297,0,0,-2,-19,-1,-19,-1,-18,-2,-16,-3,-15,-2,-14,-1,-14,-1,-14,-2,-12,-3,-10,-4,-10,-3,-11,-3,-10,-3,-9,-3,-9,-3,-9,-3,-9,-4,-9,-5,-10,-4,-8,-3,-7,-3,-7,-4,-7,-4,-8,-4,-8,-5,-9,0,0,0,0,0,0,0,0,0,0,0,0,0,0,0,0,0,0,0,0,0,0,-4,-8,-4,-9,-2,-10,-2,-11,-3,-11,-3,-11,-2,-12,-1,-12,0,-12,-2,-13,-3,-13,-2,-14,-1,-15,-2,-16,-3,-16,-3,-16,-2,-17,-1,-17,-2,-17,-2,-18,-2,-18,-2,-19,-4,-19,-3,-19,-1,-19,-1,-19,0.0,19.1049731745428,19.026297590440446,18.027756377319946,16.1245154965971,15.297058540778355,14.142135623730951,14.035668847618199,14.035668847618199,12.165525060596439,10.44030650891055,10.770329614269007,11.40175425099138,10.44030650891055,9.486832980505138,9.486832980505138,9.486832980505138,9.486832980505138,9.848857801796104,11.180339887498949,8.94427190999916,7.615773105863909,7.615773105863909,8.06225774829855,8.94427190999916,8.94427190999916,10.295630140987,0.0,0.0,0.0,0.0,0.0,0.0,0.0,0.0,0.0,0.0,0.0,8.94427190999916,9.848857801796104,10.198039027185569,11.180339887498949,11.40175425099138,11.40175425099138,12.165525060596439,12.041594578792296,12.0,13.152946437965905,13.341664064126334,14.142135623730951,15.033296378372908,16.1245154965971,16.278820596099706,16.278820596099706,17.11724276862369,17.029386365926403,17.11724276862369,18.110770276274835,18.110770276274835,19.1049731745428,19.4164878389476,19.235384061671343,19.026297590440446,19.026297590440446,0.0,-1.6756732655251305,-1.6233793884058383,-1.6262948320406134,-1.695151321341658,-1.7681918866447774,-1.7126933813990606,-1.642103791580187,-1.642103791580187,-1.7359450042095235,-1.8622531212727638,-1.9513027039072615,-1.837048375945822,-1.8622531212727638,-1.892546881191539,-1.892546881191539,-1.892546881191539,-1.892546881191539,-1.9890206563741257,-2.0344439357957027,-2.0344439357957027,-1.97568811307998,-1.97568811307998,-2.0899424410414196,-2.0344439357957027,-2.0344439357957027,-2.0778948311872334,0.0,0.0,0.0,0.0,0.0,0.0,0.0,0.0,0.0,0.0,0.0,-2.0344439357957027,-1.9890206563741257,-1.7681918866447774,-1.750649826587375,-1.837048375945822,-1.837048375945822,-1.7359450042095235,-1.6539375586833378,-1.5707963267948966,-1.7234456551901618,-1.7975951748487824,-1.7126933813990606,-1.6373644905707205,-1.695151321341658,-1.7561442767905915,-1.7561442767905915,-1.687905071361761,-1.6295521495106193,-1.687905071361761,-1.6814535479687922,-1.6814535479687922,-1.6756732655251305,-1.7782925532300993,-1.727398203776912,-1.6233793884058383,-1.6233793884058383
26.152364123001462,router,ba:bd:de:13:68:55,-84,99.11808838344685,64,0.9884246900838469,8.996350668634916,0,0,9,-15,9,-15,9,-14,8,-13,7,-13,7,-12,5,-11,4,-10,2,-10,2,-10,3,-10,3,-10,2,-9,2,-9,2,-8,2,-9,1,-9,0,-9,-1,-8,-1,-7,-1,-8,0,-8,-1,-8,-1,-8,0,-8,1,-6,0,0,0,0,0,0,0,0,0,0,0,0,0,0,0,0,0,0,0,0,0,0,4,-5,4,-6,4,-7,4,-7,5,-8,6,-9,7,-9,8,-9,7,-9,6,-10,6,-10,7,-11,9,-12,9,-10,9,-10,8,-11,8,-13,9,-14,9,-14,10,-14,10,-14,10,-14,10,-14,10,-15,11,-15,12,-15,0.0,17.4928556845359,17.4928556845359,16.64331697709324,15.264337522473747,14.7648230602334,13.892443989449804,12.083045973594572,10.770329614269007,10.198039027185569,10.198039027185569,10.44030650891055,10.44030650891055,9.219544457292887,9.219544457292887,8.246211251235321,9.219544457292887,9.055385138137417,9.0,8.06225774829855,7.0710678118654755,8.06225774829855,8.0,8.06225774829855,8.06225774829855,8.0,6.082762530298219,0.0,0.0,0.0,0.0,0.0,0.0,0.0,0.0,0.0,0.0,0.0,6.4031242374328485,7.211102550927978,8.06225774829855,8.06225774829855,9.433981132056603,10.816653826391969,11.40175425099138,12.041594578792296,11.40175425099138,11.661903789690601,11.661903789690601,13.038404810405298,15.0,13.45362404707371,13.45362404707371,13.601470508735444,15.264337522473747,16.64331697709324,16.64331697709324,17.204650534085253,17.204650534085253,17.204650534085253,17.204650534085253,18.027756377319946,18.601075237738275,19.209372712298546,0.0,-1.0303768265243125,-1.0303768265243125,-0.9994588469612699,-1.0191413442663497,-1.0768549578753155,-1.042721878368537,-1.1441688336680205,-1.1902899496825317,-1.373400766945016,-1.373400766945016,-1.2793395323170296,-1.2793395323170296,-1.3521273809209546,-1.3521273809209546,-1.3258176636680326,-1.3521273809209546,-1.460139105621001,-1.5707963267948966,-1.695151321341658,-1.7126933813990606,-1.695151321341658,-1.5707963267948966,-1.695151321341658,-1.695151321341658,-1.5707963267948966,-1.4056476493802699,0.0,0.0,0.0,0.0,0.0,0.0,0.0,0.0,0.0,0.0,0.0,-0.8960553845713439,-0.982793723247329,-1.0516502125483738,-1.0516502125483738,-1.0121970114513341,-0.982793723247329,-0.9097531579442097,-0.844153986113171,-0.9097531579442097,-1.0303768265243125,-1.0303768265243125,-1.0040671092713902,-0.9272952180016122,-0.83798122500839,-0.83798122500839,-0.9420000403794636,-1.0191413442663497,-0.9994588469612699,-0.9994588469612699,-0.9505468408120752,-0.9505468408120752,-0.9505468408120752,-0.9505468408120752,-0.982793723247329,-0.9380474917927135,-0.8960553845713439
26.25286699699791,router,ba:bd:de:13:68:55,-84,99.11808838344685,64,0.9874454240613478,8.973580945877888,0,0,15,-5,15,-6,15,-5,14,-5,13,-6,12,-6,11,-5,10,-4,9,-5,9,-5,8,-5,8,-5,6,-4,5,-5,5,-6,6,-6,6,-5,5,-5,4,-6,4,-6,4,-5,4,-5,3,-5,4,-5,4,-4,5,-5,0,0,0,0,0,0,0,0,0,0,0,0,0,0,0,0,0,0,0,0,0,0,6,-3,6,-3,6,-3,7,-3,8,-4,11,-5,11,-5,11,-5,11,-4,11,-5,12,-5,13,-4,13,-4,13,-5,14,-4,15,-3,15,-3,15,-5,15,-5,15,-5,15,-6,15,-5,16,-5,17,-6,17,-6,18,-5,0.0,15.811388300841896,16.15549442140351,15.811388300841896,14.866068747318506,14.317821063276353,13.416407864998739,12.083045973594572,10.770329614269007,10.295630140987,10.295630140987,9.433981132056603,9.433981132056603,7.211102550927978,7.0710678118654755,7.810249675906654,8.48528137423857,7.810249675906654,7.0710678118654755,7.211102550927978,7.211102550927978,6.4031242374328485,6.4031242374328485,5.830951894845301,6.4031242374328485,5.656854249492381,7.0710678118654755,0.0,0.0,0.0,0.0,0.0,0.0,0.0,0.0,0.0,0.0,0.0,6.708203932499369,6.708203932499369,6.708203932499369,7.615773105863909,8.94427190999916,12.083045973594572,12.083045973594572,12.083045973594572,11.704699910719626,12.083045973594572,13.0,13.601470508735444,13.601470508735444,13.92838827718412,14.560219778561036,15.297058540778355,15.297058540778355,15.811388300841896,15.811388300841896,15.811388300841896,16.15549442140351,15.811388300841896,16.76305461424021,18.027756377319946,18.027756377319946,18.681541692269406,0.0,-0.3217505543966422,-0.3805063771123649,-0.3217505543966422,-0.3430239404207034,-0.43240777557053783,-0.4636476090008061,-0.4266274931268761,-0.3805063771123649,-0.507098504392337,-0.507098504392337,-0.5585993153435624,-0.5585993153435624,-0.5880026035475675,-0.7853981633974483,-0.8760580505981934,-0.7853981633974483,-0.6947382761967031,-0.7853981633974483,-0.982793723247329,-0.982793723247329,-0.8960553845713439,-0.8960553845713439,-1.0303768265243125,-0.8960553845713439,-0.7853981633974483,-0.7853981633974483,0.0,0.0,0.0,0.0,0.0,0.0,0.0,0.0,0.0,0.0,0.0,-0.4636476090008061,-0.4636476090008061,-0.4636476090008061,-0.40489178628508343,-0.4636476090008061,-0.4266274931268761,-0.4266274931268761,-0.4266274931268761,-0.348771003583907,-0.4266274931268761,-0.3947911196997615,-0.2984989315861793,-0.2984989315861793,-0.3671738338182192,-0.27829965900511133,-0.19739555984988075,-0.19739555984988075,-0.3217505543966422,-0.3217505543966422,-0.3217505543966422,-0.3805063771123649,-0.3217505543966422,-0.3028848683749714,-0.3392926144540447,-0.3392926144540447,-0.27094685033842053
26.36216487800266,router,ba:bd:de:13:68:55,-84,99.11808838344685,64,0.987224585853945,8.940652198098256,0,0,14,12,12,10,10,9,10,8,11,8,10,7,10,7,9,6,9,5,8,5,8,4,8,4,8,4,7,4,7,3,7,2,7,2,7,2,7,2,7,2,7,1,6,1,6,1,6,4,7,4,7,1,0,0,0,0,0,0,0,0,0,0,0,0,0,0,0,0,0,0,0,0,0,0,6,0,7,1,8,3,9,3,10,2,9,3,9,4,9,4,9,5,10,6,11,7,11,7,10,7,11,8,12,8,13,8,12,9,11,8,12,9,14,9,13,9,13,9,15,10,15,10,14,11,14,12,0.0,18.439088914585774,15.620499351813308,13.45362404707371,12.806248474865697,13.601470508735444,12.206555615733702,12.206555615733702,10.816653826391969,10.295630140987,9.433981132056603,8.94427190999916,8.94427190999916,8.94427190999916,8.06225774829855,7.615773105863909,7.280109889280518,7.280109889280518,7.280109889280518,7.280109889280518,7.280109889280518,7.0710678118654755,6.082762530298219,6.082762530298219,7.211102550927978,8.06225774829855,7.0710678118654755,0.0,0.0,0.0,0.0,0.0,0.0,0.0,0.0,0.0,0.0,0.0,6.0,7.0710678118654755,8.54400374531753,9.486832980505138,10.198039027185569,9.486832980505138,9.848857801796104,9.848857801796104,10.295630140987,11.661903789690601,13.038404810405298,13.038404810405298,12.206555615733702,13.601470508735444,14.422205101855956,15.264337522473747,15.0,13.601470508735444,15.0,16.64331697709324,15.811388300841896,15.811388300841896,18.027756377319946,18.027756377319946,17.804493814764857,18.439088914585774,0.0,0.7086262721276703,0.6947382761967031,0.7328151017865066,0.6747409422235526,0.628796286415433,0.6107259643892086,0.6107259643892086,0.5880026035475675,0.507098504392337,0.5585993153435624,0.4636476090008061,0.4636476090008061,0.4636476090008061,0.5191461142465229,0.40489178628508343,0.27829965900511133,0.27829965900511133,0.27829965900511133,0.27829965900511133,0.27829965900511133,0.14189705460416394,0.16514867741462683,0.16514867741462683,0.5880026035475675,0.5191461142465229,0.14189705460416394,0.0,0.0,0.0,0.0,0.0,0.0,0.0,0.0,0.0,0.0,0.0,0.0,0.14189705460416394,0.35877067027057225,0.3217505543966422,0.19739555984988075,0.3217505543966422,0.4182243295792291,0.4182243295792291,0.507098504392337,0.5404195002705842,0.5667292175235064,0.5667292175235064,0.6107259643892086,0.628796286415433,0.5880026035475675,0.5516549825285468,0.6435011087932844,0.628796286415433,0.6435011087932844,0.5713374798336268,0.6055446636049701,0.6055446636049701,0.5880026035475675,0.5880026035475675,0.6659692373791098,0.7086262721276703
26.462485406002088,router,ba:bd:de:13:68:55,-84,99.11808838344685,64,0.9878720332483961,8.89799300121918,0,0,-4,-19,-4,-18,-4,-17,-4,-15,-5,-13,-6,-13,-6,-13,-6,-12,-5,-12,-5,-12,-6,-11,-6,-10,-6,-11,-7,-9,-7,-6,-8,-6,-8,-6,-8,-6,-8,-5,-8,-5,-9,-6,-8,-7,-7,-6,-9,-5,-9,-7,-3,-12,0,0,0,0,0,0,0,0,0,0,0,0,0,0,0,0,0,0,0,0,0,0,0,-9,1,-9,1,-9,0,-10,0,-10,2,-10,1,-12,1,-13,2,-13,1,-14,0,-15,0,-15,0,-15,1,-15,1,-17,1,-18,1,-18,0,-17,0,-18,-1,-18,-2,-17,-5,-16,-5,-19,-3,-20,-2,-20,-2,-21,0.0,19.4164878389476,18.439088914585774,17.46424919657298,15.524174696260024,13.92838827718412,14.317821063276353,14.317821063276353,13.416407864998739,13.0,13.0,12.529964086141668,11.661903789690601,12.529964086141668,11.40175425099138,9.219544457292887,10.0,10.0,10.0,9.433981132056603,9.433981132056603,10.816653826391969,10.63014581273465,9.219544457292887,10.295630140987,11.40175425099138,12.36931687685298,0.0,0.0,0.0,0.0,0.0,0.0,0.0,0.0,0.0,0.0,0.0,9.0,9.055385138137417,9.055385138137417,10.0,10.0,10.198039027185569,12.041594578792296,13.038404810405298,13.152946437965905,14.035668847618199,15.0,15.0,15.0,15.033296378372908,17.029386365926403,18.027756377319946,18.027756377319946,17.0,18.0,18.027756377319946,17.11724276862369,16.76305461424021,19.6468827043885,20.223748416156685,20.09975124224178,21.095023109728988,0.0,-1.7782925532300993,-1.7894652726688385,-1.8018869939907938,-1.8313987185422376,-1.9379701606131159,-2.0032041023654346,-2.0032041023654346,-2.0344439357957027,-1.965587446494658,-1.965587446494658,-2.0701430484750265,-2.1112158270654806,-2.0701430484750265,-2.2318394956455836,-2.432966381462123,-2.498091544796509,-2.498091544796509,-2.498091544796509,-2.5829933382462307,-2.5829933382462307,-2.5535900500422257,-2.4227626539681686,-2.432966381462123,-2.6344941491974563,-2.4805494847391065,-1.8157749899217608,0.0,0.0,0.0,0.0,0.0,0.0,0.0,0.0,0.0,0.0,0.0,-1.5707963267948966,-1.460139105621001,-1.460139105621001,-1.5707963267948966,-1.5707963267948966,-1.373400766945016,-1.4876550949064553,-1.4940244355251187,-1.4181469983996315,-1.4994888620096063,-1.5707963267948966,-1.5707963267948966,-1.5707963267948966,-1.5042281630190728,-1.512040504079174,-1.5152978215491797,-1.5152978215491797,-1.5707963267948966,-1.5707963267948966,-1.6262948320406134,-1.687905071361761,-1.873681195169868,-1.8281200417659853,-1.719686274404394,-1.6704649792860586,-1.6657480331376529
26.57225136300258,router,ba:bd:de:13:68:55,-84,99.11808838344685,64,0.988208767027692,8.846020206580748,0,0,-2,17,-1,17,-2,17,-2,15,-2,14,-2,14,-2,13,0,11,0,10,0,10,1,10,1,9,1,9,1,9,1,8,2,6,3,7,2,8,2,8,2,7,1,7,0,6,0,6,0,6,1,6,3,9,0,0,0,0,0,0,0,0,0,0,0,0,0,0,0,0,0,0,0,0,0,0,2,4,1,7,2,8,2,9,1,10,0,12,-1,13,-1,13,1,12,0,10,1,11,1,13,0,14,-1,14,-1,14,-1,14,-1,14,-2,15,-1,17,0,17,-1,16,-2,16,-1,16,-1,18,0,20,0,19,0.0,17.11724276862369,17.029386365926403,17.11724276862369,15.132745950421556,14.142135623730951,14.142135623730951,13.152946437965905,11.0,10.0,10.0,10.04987562112089,9.055385138137417,9.055385138137417,9.055385138137417,8.06225774829855,6.324555320336759,7.615773105863909,8.246211251235321,8.246211251235321,7.280109889280518,7.0710678118654755,6.0,6.0,6.0,6.082762530298219,9.486832980505138,0.0,0.0,0.0,0.0,0.0,0.0,0.0,0.0,0.0,0.0,0.0,4.47213595499958,7.0710678118654755,8.246211251235321,9.219544457292887,10.04987562112089,12.0,13.038404810405298,13.038404810405298,12.041594578792296,10.0,11.045361017187261,13.038404810405298,14.0,14.035668847618199,14.035668847618199,14.035668847618199,14.035668847618199,15.132745950421556,17.029386365926403,17.0,16.0312195418814,16.1245154965971,16.0312195418814,18.027756377319946,20.0,19.0,0.0,1.687905071361761,1.6295521495106193,1.687905071361761,1.7033478590915707,1.7126933813990606,1.7126933813990606,1.7234456551901618,1.5707963267948966,1.5707963267948966,1.5707963267948966,1.4711276743037347,1.460139105621001,1.460139105621001,1.460139105621001,1.446441332248135,1.2490457723982544,1.1659045405098132,1.3258176636680326,1.3258176636680326,1.2924966677897853,1.4288992721907328,1.5707963267948966,1.5707963267948966,1.5707963267948966,1.4056476493802699,1.2490457723982544,0.0,0.0,0.0,0.0,0.0,0.0,0.0,0.0,0.0,0.0,0.0,1.1071487177940904,1.4288992721907328,1.3258176636680326,1.3521273809209546,1.4711276743037347,1.5707963267948966,1.6475682180646747,1.6475682180646747,1.4876550949064553,1.5707963267948966,1.4801364395941514,1.4940244355251187,1.5707963267948966,1.642103791580187,1.642103791580187,1.642103791580187,1.642103791580187,1.7033478590915707,1.6295521495106193,1.5707963267948966,1.633215136790854,1.695151321341658,1.633215136790854,1.6262948320406134,1.5707963267948966,1.5707963267948966
26.682548321005015,router,ba:bd:de:13:68:55,-84,99.11808838344685,64,0.9874435875572017,8.785130060171202,0,0,-18,-4,-17,-4,-16,-4,-15,-4,-15,-5,-13,-5,-13,-3,-13,-2,-12,-1,-11,-1,-11,-1,-11,0,-10,1,-9,2,-9,1,-10,-1,-10,-1,-9,0,-8,0,-7,0,-7,0,-7,1,-7,1,-8,0,-7,0,-5,0,0,0,0,0,0,0,0,0,0,0,0,0,0,0,0,0,0,0,0,0,0,0,-8,-1,-8,-1,-8,-1,-9,-2,-11,-2,-11,-2,-10,-2,-11,-2,-12,-2,-12,-3,-13,-2,-14,-2,-14,-4,-15,-5,-15,-5,-14,-5,-14,-4,-16,-3,-16,-4,-17,-5,-17,-5,-18,-6,-18,-7,-18,-6,-18,-5,-18,-5,0.0,18.439088914585774,17.46424919657298,16.492422502470642,15.524174696260024,15.811388300841896,13.92838827718412,13.341664064126334,13.152946437965905,12.041594578792296,11.045361017187261,11.045361017187261,11.0,10.04987562112089,9.219544457292887,9.055385138137417,10.04987562112089,10.04987562112089,9.0,8.0,7.0,7.0,7.0710678118654755,7.0710678118654755,8.0,7.0,5.0,0.0,0.0,0.0,0.0,0.0,0.0,0.0,0.0,0.0,0.0,0.0,8.06225774829855,8.06225774829855,8.06225774829855,9.219544457292887,11.180339887498949,11.180339887498949,10.198039027185569,11.180339887498949,12.165525060596439,12.36931687685298,13.152946437965905,14.142135623730951,14.560219778561036,15.811388300841896,15.811388300841896,14.866068747318506,14.560219778561036,16.278820596099706,16.492422502470642,17.72004514666935,17.72004514666935,18.973665961010276,19.313207915827967,18.973665961010276,18.681541692269406,18.681541692269406,0.0,-2.922923707715851,-2.9105019863938963,-2.896613990462929,-2.8809902618424523,-2.819842099193151,-2.774418819771574,-2.9147938055359073,-2.988943325194528,-3.058451421701352,-3.050932766389048,-3.050932766389048,3.141592653589793,3.0419240010986313,2.922923707715851,3.0309354324158977,-3.0419240010986313,-3.0419240010986313,3.141592653589793,3.141592653589793,3.141592653589793,3.141592653589793,2.999695598985629,2.999695598985629,3.141592653589793,3.141592653589793,3.141592653589793,0.0,0.0,0.0,0.0,0.0,0.0,0.0,0.0,0.0,0.0,0.0,-3.017237659043032,-3.017237659043032,-3.017237659043032,-2.922923707715851,-2.961739153797315,-2.961739153797315,-2.9441970937399127,-2.961739153797315,-2.976443976175166,-2.896613990462929,-2.988943325194528,-2.999695598985629,-2.8632929945846817,-2.819842099193151,-2.819842099193151,-2.79856871316909,-2.8632929945846817,-2.9562447035940984,-2.896613990462929,-2.8555412118724752,-2.8555412118724752,-2.819842099193151,-2.770701364777131,-2.819842099193151,-2.8706458032513726,-2.8706458032513726
26.784034634998534,router,ba:bd:de:13:68:55,-84,99.83598166212047,64,0.987382855974642,8.715739515953022,0,0,-19,-6,-18,-8,-18,-8,-16,-8,-15,-7,-14,-7,-13,-6,-12,-4,-12,-3,-13,-3,-12,-3,-11,-1,-10,0,-10,0,-10,0,-9,0,-8,0,-8,0,-8,0,-9,1,-9,1,-9,1,-9,-1,-9,-2,-8,0,-7,3,0,0,0,0,0,0,0,0,0,0,0,0,0,0,0,0,0,0,0,0,0,0,-8,-3,-9,-4,-10,-4,-11,-4,-11,-4,-10,-4,-10,-4,-10,-5,-11,-6,-12,-6,-12,-6,-12,-6,-12,-6,-12,-7,-13,-8,-15,-7,-16,-7,-15,-8,-16,-9,-17,-8,-18,-9,-18,-9,-18,-8,-19,-8,-19,-8,-18,-10,0.0,19.924858845171276,19.697715603592208,19.697715603592208,17.88854381999832,16.55294535724685,15.652475842498529,14.317821063276353,12.649110640673518,12.36931687685298,13.341664064126334,12.36931687685298,11.045361017187261,10.0,10.0,10.0,9.0,8.0,8.0,8.0,9.055385138137417,9.055385138137417,9.055385138137417,9.055385138137417,9.219544457292887,8.0,7.615773105863909,0.0,0.0,0.0,0.0,0.0,0.0,0.0,0.0,0.0,0.0,0.0,8.54400374531753,9.848857801796104,10.770329614269007,11.704699910719626,11.704699910719626,10.770329614269007,10.770329614269007,11.180339887498949,12.529964086141668,13.416407864998739,13.416407864998739,13.416407864998739,13.416407864998739,13.892443989449804,15.264337522473747,16.55294535724685,17.46424919657298,17.0,18.35755975068582,18.788294228055936,20.12461179749811,20.12461179749811,19.697715603592208,20.615528128088304,20.615528128088304,20.591260281974,0.0,-2.835713782184941,-2.723368324010564,-2.723368324010564,-2.677945044588987,-2.704965493776252,-2.677945044588987,-2.7091848780192556,-2.819842099193151,-2.896613990462929,-2.9147938055359073,-2.896613990462929,-3.050932766389048,3.141592653589793,3.141592653589793,3.141592653589793,3.141592653589793,3.141592653589793,3.141592653589793,3.141592653589793,3.0309354324158977,3.0309354324158977,3.0309354324158977,-3.0309354324158977,-2.922923707715851,3.141592653589793,2.7367008673047097,0.0,0.0,0.0,0.0,0.0,0.0,0.0,0.0,0.0,0.0,0.0,-2.782821983319221,-2.723368324010564,-2.761086276477428,-2.7928216500058864,-2.7928216500058864,-2.761086276477428,-2.761086276477428,-2.677945044588987,-2.642245931909663,-2.677945044588987,-2.677945044588987,-2.677945044588987,-2.677945044588987,-2.6135182051634334,-2.5899376710612465,-2.704965493776252,-2.729182211992406,-2.651635327336065,-2.6292031932790554,-2.701750070774057,-2.677945044588987,-2.677945044588987,-2.723368324010564,-2.743070207923373,-2.743070207923373,-2.6344941491974563
26.89298136000434,router,ba:bd:de:13:68:55,-84,99.83598166212047,64,0.9879167148213637,8.638332977452585,0,0,-5,-20,-5,-19,-4,-18,-4,-17,-3,-16,-3,-15,-4,-13,-4,-12,-4,-12,-4,-12,-3,-11,-3,-11,-2,-11,-2,-9,-4,-8,-4,-9,-5,-8,-6,-7,-6,-7,-5,-8,-4,-8,-4,-7,-4,-7,-4,-7,-4,-7,-5,-6,0,0,0,0,0,0,0,0,0,0,0,0,0,0,0,0,0,0,0,0,0,0,-3,-5,-2,-7,-3,-10,-3,-11,-2,-11,-2,-12,-3,-13,-3,-12,-4,-13,-4,-13,-3,-12,-3,-13,-2,-14,-2,-15,-3,-16,-4,-16,-4,-16,-4,-18,-3,-18,-2,-18,-3,-18,-4,-18,-5,-18,-3,-18,-2,-18,-3,-19,0.0,20.615528128088304,19.6468827043885,18.439088914585774,17.46424919657298,16.278820596099706,15.297058540778355,13.601470508735444,12.649110640673518,12.649110640673518,12.649110640673518,11.40175425099138,11.40175425099138,11.180339887498949,9.219544457292887,8.94427190999916,9.848857801796104,9.433981132056603,9.219544457292887,9.219544457292887,9.433981132056603,8.94427190999916,8.06225774829855,8.06225774829855,8.06225774829855,8.06225774829855,7.810249675906654,0.0,0.0,0.0,0.0,0.0,0.0,0.0,0.0,0.0,0.0,0.0,5.830951894845301,7.280109889280518,10.44030650891055,11.40175425099138,11.180339887498949,12.165525060596439,13.341664064126334,12.36931687685298,13.601470508735444,13.601470508735444,12.36931687685298,13.341664064126334,14.142135623730951,15.132745950421556,16.278820596099706,16.492422502470642,16.492422502470642,18.439088914585774,18.24828759089466,18.110770276274835,18.24828759089466,18.439088914585774,18.681541692269406,18.24828759089466,18.110770276274835,19.235384061671343,0.0,-1.8157749899217608,-1.8281200417659853,-1.7894652726688385,-1.8018869939907938,-1.7561442767905915,-1.7681918866447774,-1.8692952583810758,-1.892546881191539,-1.892546881191539,-1.892546881191539,-1.837048375945822,-1.837048375945822,-1.750649826587375,-1.7894652726688385,-2.0344439357957027,-1.9890206563741257,-2.129395642138459,-2.279422598922567,-2.279422598922567,-2.129395642138459,-2.0344439357957027,-2.0899424410414196,-2.0899424410414196,-2.0899424410414196,-2.0899424410414196,-2.2655346029916,0.0,0.0,0.0,0.0,0.0,0.0,0.0,0.0,0.0,0.0,0.0,-2.1112158270654806,-1.849095985800008,-1.8622531212727638,-1.837048375945822,-1.750649826587375,-1.7359450042095235,-1.7975951748487824,-1.8157749899217608,-1.8692952583810758,-1.8692952583810758,-1.8157749899217608,-1.7975951748487824,-1.7126933813990606,-1.7033478590915707,-1.7561442767905915,-1.8157749899217608,-1.8157749899217608,-1.7894652726688385,-1.7359450042095235,-1.6814535479687922,-1.7359450042095235,-1.7894652726688385,-1.8417431771333173,-1.7359450042095235,-1.6814535479687922,-1.727398203776912
27.00172162400122,router,ba:bd:de:13:68:55,-84,99.83598166212047,64,0.9887830841659244,8.55348089817318,0,0,1,18,1,17,0,16,0,15,0,14,0,12,0,11,0,12,0,12,0,11,1,10,2,10,2,9,2,8,1,8,2,9,3,8,3,6,2,6,3,7,3,6,1,6,1,6,2,6,3,6,4,7,0,0,0,0,0,0,0,0,0,0,0,0,0,0,0,0,0,0,0,0,0,0,2,9,2,8,2,8,2,8,1,8,0,9,0,10,1,11,2,11,1,11,1,12,2,13,2,14,1,14,0,14,0,15,0,15,0,15,1,15,2,15,2,17,1,19,0,19,0,18,0,18,0,18,0.0,18.027756377319946,17.029386365926403,16.0,15.0,14.0,12.0,11.0,12.0,12.0,11.0,10.04987562112089,10.198039027185569,9.219544457292887,8.246211251235321,8.06225774829855,9.219544457292887,8.54400374531753,6.708203932499369,6.324555320336759,7.615773105863909,6.708203932499369,6.082762530298219,6.082762530298219,6.324555320336759,6.708203932499369,8.06225774829855,0.0,0.0,0.0,0.0,0.0,0.0,0.0,0.0,0.0,0.0,0.0,9.219544457292887,8.246211251235321,8.246211251235321,8.246211251235321,8.06225774829855,9.0,10.0,11.045361017187261,11.180339887498949,11.045361017187261,12.041594578792296,13.152946437965905,14.142135623730951,14.035668847618199,14.0,15.0,15.0,15.0,15.033296378372908,15.132745950421556,17.11724276862369,19.026297590440446,19.0,18.0,18.0,18.0,0.0,1.5152978215491797,1.512040504079174,1.5707963267948966,1.5707963267948966,1.5707963267948966,1.5707963267948966,1.5707963267948966,1.5707963267948966,1.5707963267948966,1.5707963267948966,1.4711276743037347,1.373400766945016,1.3521273809209546,1.3258176636680326,1.446441332248135,1.3521273809209546,1.2120256565243244,1.1071487177940904,1.2490457723982544,1.1659045405098132,1.1071487177940904,1.4056476493802699,1.4056476493802699,1.2490457723982544,1.1071487177940904,1.0516502125483738,0.0,0.0,0.0,0.0,0.0,0.0,0.0,0.0,0.0,0.0,0.0,1.3521273809209546,1.3258176636680326,1.3258176636680326,1.3258176636680326,1.446441332248135,1.5707963267948966,1.5707963267948966,1.4801364395941514,1.3909428270024184,1.4801364395941514,1.4876550949064553,1.4181469983996315,1.4288992721907328,1.4994888620096063,1.5707963267948966,1.5707963267948966,1.5707963267948966,1.5707963267948966,1.5042281630190728,1.4382447944982226,1.4536875822280324,1.5182132651839548,1.5707963267948966,1.5707963267948966,1.5707963267948966,1.5707963267948966
27.103725442000723,router,ba:bd:de:13:68:55,-84,99.83598166212047,64,0.9890586654030398,8.461760218266337,0,0,-6,-18,-6,-16,-5,-15,-5,-14,-6,-14,-6,-13,-5,-11,-6,-10,-5,-11,-6,-11,-7,-9,-7,-8,-6,-9,-5,-9,-5,-9,-5,-8,-5,-8,-4,-8,-4,-6,-4,-6,-5,-6,-5,-6,-5,-6,-5,-6,-5,-5,-6,-7,0,0,0,0,0,0,0,0,0,0,0,0,0,0,0,0,0,0,0,0,0,0,-6,-7,-6,-7,-6,-8,-6,-9,-7,-10,-6,-10,-6,-10,-6,-11,-6,-11,-5,-11,-5,-12,-5,-13,-5,-12,-7,-13,-8,-15,-8,-14,-7,-14,-7,-15,-6,-16,-6,-16,-6,-17,-7,-17,-7,-16,-7,-16,-7,-17,-8,-18,0.0,18.973665961010276,17.08800749063506,15.811388300841896,14.866068747318506,15.231546211727817,14.317821063276353,12.083045973594572,11.661903789690601,12.083045973594572,12.529964086141668,11.40175425099138,10.63014581273465,10.816653826391969,10.295630140987,10.295630140987,9.433981132056603,9.433981132056603,8.94427190999916,7.211102550927978,7.211102550927978,7.810249675906654,7.810249675906654,7.810249675906654,7.810249675906654,7.0710678118654755,9.219544457292887,0.0,0.0,0.0,0.0,0.0,0.0,0.0,0.0,0.0,0.0,0.0,9.219544457292887,9.219544457292887,10.0,10.816653826391969,12.206555615733702,11.661903789690601,11.661903789690601,12.529964086141668,12.529964086141668,12.083045973594572,13.0,13.92838827718412,13.0,14.7648230602334,17.0,16.1245154965971,15.652475842498529,16.55294535724685,17.08800749063506,17.08800749063506,18.027756377319946,18.384776310850235,17.46424919657298,17.46424919657298,18.384776310850235,19.697715603592208,0.0,-1.892546881191539,-1.9295669970654687,-1.892546881191539,-1.9138202672156,-1.97568811307998,-2.0032041023654346,-1.9974238199217726,-2.1112158270654806,-1.9974238199217726,-2.0701430484750265,-2.2318394956455836,-2.289626326416521,-2.158798930342464,-2.0778948311872334,-2.0778948311872334,-2.129395642138459,-2.129395642138459,-2.0344439357957027,-2.158798930342464,-2.158798930342464,-2.2655346029916,-2.2655346029916,-2.2655346029916,-2.2655346029916,-2.356194490192345,-2.279422598922567,0.0,0.0,0.0,0.0,0.0,0.0,0.0,0.0,0.0,0.0,0.0,-2.279422598922567,-2.279422598922567,-2.214297435588181,-2.158798930342464,-2.1815222911841055,-2.1112158270654806,-2.1112158270654806,-2.0701430484750265,-2.0701430484750265,-1.9974238199217726,-1.965587446494658,-1.9379701606131159,-1.965587446494658,-2.0647376957144776,-2.060753653048625,-2.0899424410414196,-2.0344439357957027,-2.007423486608438,-1.9295669970654687,-1.9295669970654687,-1.9100889412489412,-1.9614033704925835,-1.9832067683922838,-1.9832067683922838,-1.9614033704925835,-1.9890206563741257
27.22329268899921,router,ba:bd:de:13:68:55,-85,99.83598166212047,64,0.9896485213218311,8.363730269306629,0,0,15,5,16,5,16,5,14,5,12,5,12,5,12,5,11,3,11,3,11,3,11,2,10,2,9,2,9,1,8,1,7,0,7,0,7,0,7,1,7,1,7,0,7,-1,7,-2,6,0,6,0,5,-1,0,0,0,0,0,0,0,0,0,0,0,0,0,0,0,0,0,0,0,0,0,0,8,-1,7,-2,6,-3,7,-2,10,0,12,2,12,2,11,3,10,3,10,3,12,3,13,3,13,3,12,3,13,4,13,5,13,5,13,4,14,4,15,5,16,5,16,5,17,5,18,5,18,5,18,6,0.0,15.811388300841896,16.76305461424021,16.76305461424021,14.866068747318506,13.0,13.0,13.0,11.40175425099138,11.40175425099138,11.40175425099138,11.180339887498949,10.198039027185569,9.219544457292887,9.055385138137417,8.06225774829855,7.0,7.0,7.0,7.0710678118654755,7.0710678118654755,7.0,7.0710678118654755,7.280109889280518,6.0,6.0,5.0990195135927845,0.0,0.0,0.0,0.0,0.0,0.0,0.0,0.0,0.0,0.0,0.0,8.06225774829855,7.280109889280518,6.708203932499369,7.280109889280518,10.0,12.165525060596439,12.165525060596439,11.40175425099138,10.44030650891055,10.44030650891055,12.36931687685298,13.341664064126334,13.341664064126334,12.36931687685298,13.601470508735444,13.92838827718412,13.92838827718412,13.601470508735444,14.560219778561036,15.811388300841896,16.76305461424021,16.76305461424021,17.72004514666935,18.681541692269406,18.681541692269406,18.973665961010276,0.0,0.3217505543966422,0.3028848683749714,0.3028848683749714,0.3430239404207034,0.3947911196997615,0.3947911196997615,0.3947911196997615,0.2662520491509254,0.2662520491509254,0.2662520491509254,0.17985349979247828,0.19739555984988075,0.21866894587394195,0.11065722117389565,0.12435499454676144,0.0,0.0,0.0,0.14189705460416394,0.14189705460416394,0.0,-0.14189705460416394,-0.27829965900511133,0.0,0.0,-0.19739555984988075,0.0,0.0,0.0,0.0,0.0,0.0,0.0,0.0,0.0,0.0,0.0,-0.12435499454676144,-0.27829965900511133,-0.4636476090008061,-0.27829965900511133,0.0,0.16514867741462683,0.16514867741462683,0.2662520491509254,0.2914567944778671,0.2914567944778671,0.24497866312686414,0.22679884805388587,0.22679884805388587,0.24497866312686414,0.2984989315861793,0.3671738338182192,0.3671738338182192,0.2984989315861793,0.27829965900511133,0.3217505543966422,0.3028848683749714,0.3028848683749714,0.2860514417173182,0.27094685033842053,0.27094685033842053,0.3217505543966422
27.323793903000478,router,ba:bd:de:13:68:55,-84,99.83598166212047,64,0.9899556699042247,8.25998447343836,0,0,-2,-18,-2,-18,-2,-17,-2,-15,-1,-15,-1,-15,-2,-14,-2,-13,-2,-11,-2,-11,-2,-11,-2,-10,-3,-10,-2,-10,-2,-10,-2,-10,-3,-9,-4,-9,-4,-8,-3,-7,-3,-8,-4,-8,-4,-7,-2,-6,-1,-7,-1,-9,0,0,0,0,0,0,0,0,0,0,0,0,0,0,0,0,0,0,0,0,0,0,-3,-10,-4,-9,-5,-9,-5,-9,-4,-10,-4,-12,-5,-13,-5,-13,-5,-12,-5,-13,-5,-14,-5,-14,-4,-14,-3,-15,-4,-15,-4,-15,-3,-16,-2,-17,-2,-18,-3,-20,-4,-19,-3,-19,-3,-19,-4,-20,-4,-20,-3,-21,0.0,18.110770276274835,18.110770276274835,17.11724276862369,15.132745950421556,15.033296378372908,15.033296378372908,14.142135623730951,13.152946437965905,11.180339887498949,11.180339887498949,11.180339887498949,10.198039027185569,10.44030650891055,10.198039027185569,10.198039027185569,10.198039027185569,9.486832980505138,9.848857801796104,8.94427190999916,7.615773105863909,8.54400374531753,8.94427190999916,8.06225774829855,6.324555320336759,7.0710678118654755,9.055385138137417,0.0,0.0,0.0,0.0,0.0,0.0,0.0,0.0,0.0,0.0,0.0,10.44030650891055,9.848857801796104,10.295630140987,10.295630140987,10.770329614269007,12.649110640673518,13.92838827718412,13.92838827718412,13.0,13.92838827718412,14.866068747318506,14.866068747318506,14.560219778561036,15.297058540778355,15.524174696260024,15.524174696260024,16.278820596099706,17.11724276862369,18.110770276274835,20.223748416156685,19.4164878389476,19.235384061671343,19.235384061671343,20.396078054371138,20.396078054371138,21.213203435596427,0.0,-1.6814535479687922,-1.6814535479687922,-1.687905071361761,-1.7033478590915707,-1.6373644905707205,-1.6373644905707205,-1.7126933813990606,-1.7234456551901618,-1.750649826587375,-1.750649826587375,-1.750649826587375,-1.7681918866447774,-1.8622531212727638,-1.7681918866447774,-1.7681918866447774,-1.7681918866447774,-1.892546881191539,-1.9890206563741257,-2.0344439357957027,-1.97568811307998,-1.9295669970654687,-2.0344439357957027,-2.0899424410414196,-1.892546881191539,-1.7126933813990606,-1.6814535479687922,0.0,0.0,0.0,0.0,0.0,0.0,0.0,0.0,0.0,0.0,0.0,-1.8622531212727638,-1.9890206563741257,-2.0778948311872334,-2.0778948311872334,-1.9513027039072615,-1.892546881191539,-1.9379701606131159,-1.9379701606131159,-1.965587446494658,-1.9379701606131159,-1.9138202672156,-1.9138202672156,-1.849095985800008,-1.7681918866447774,-1.8313987185422376,-1.8313987185422376,-1.7561442767905915,-1.687905071361761,-1.6814535479687922,-1.719686274404394,-1.7782925532300993,-1.727398203776912,-1.727398203776912,-1.7681918866447774,-1.7681918866447774,-1.7126933813990606
27.438323185000627,router,ba:bd:de:13:68:55,-83,99.83598166212047,64,0.990008686368794,8.151174764941315,0,0,18,-7,18,-6,17,-6,16,-5,15,-5,14,-5,12,-5,11,-4,11,-5,10,-6,9,-6,8,-5,8,-6,8,-7,7,-7,7,-8,6,-7,6,-7,6,-7,7,-7,5,-6,5,-6,6,-5,5,-4,5,-4,8,-4,0,0,0,0,0,0,0,0,0,0,0,0,0,0,0,0,0,0,0,0,0,0,10,-2,9,-2,8,-3,9,-4,10,-3,11,-2,11,-1,12,-1,12,-1,13,-2,14,-2,14,-2,14,-2,14,-2,14,-2,14,-3,15,-3,16,-4,15,-4,16,-4,18,-4,20,-3,19,-3,17,-4,16,-5,17,-6,0.0,19.313207915827967,18.973665961010276,18.027756377319946,16.76305461424021,15.811388300841896,14.866068747318506,13.0,11.704699910719626,12.083045973594572,11.661903789690601,10.816653826391969,9.433981132056603,10.0,10.63014581273465,9.899494936611665,10.63014581273465,9.219544457292887,9.219544457292887,9.219544457292887,9.899494936611665,7.810249675906654,7.810249675906654,7.810249675906654,6.4031242374328485,6.4031242374328485,8.94427190999916,0.0,0.0,0.0,0.0,0.0,0.0,0.0,0.0,0.0,0.0,0.0,10.198039027185569,9.219544457292887,8.54400374531753,9.848857801796104,10.44030650891055,11.180339887498949,11.045361017187261,12.041594578792296,12.041594578792296,13.152946437965905,14.142135623730951,14.142135623730951,14.142135623730951,14.142135623730951,14.142135623730951,14.317821063276353,15.297058540778355,16.492422502470642,15.524174696260024,16.492422502470642,18.439088914585774,20.223748416156685,19.235384061671343,17.46424919657298,16.76305461424021,18.027756377319946,0.0,-0.37089128881266237,-0.3217505543966422,-0.3392926144540447,-0.3028848683749714,-0.3217505543966422,-0.3430239404207034,-0.3947911196997615,-0.348771003583907,-0.4266274931268761,-0.5404195002705842,-0.5880026035475675,-0.5585993153435624,-0.6435011087932844,-0.7188299996216245,-0.7853981633974483,-0.8519663271732721,-0.8621700546672264,-0.8621700546672264,-0.8621700546672264,-0.7853981633974483,-0.8760580505981934,-0.8760580505981934,-0.6947382761967031,-0.6747409422235526,-0.6747409422235526,-0.4636476090008061,0.0,0.0,0.0,0.0,0.0,0.0,0.0,0.0,0.0,0.0,0.0,-0.19739555984988075,-0.21866894587394195,-0.35877067027057225,-0.4182243295792291,-0.2914567944778671,-0.17985349979247828,-0.09065988720074511,-0.08314123188844123,-0.08314123188844123,-0.15264932839526515,-0.14189705460416394,-0.14189705460416394,-0.14189705460416394,-0.14189705460416394,-0.14189705460416394,-0.21109333322274654,-0.19739555984988075,-0.24497866312686414,-0.260602391747341,-0.24497866312686414,-0.21866894587394195,-0.14888994760949725,-0.15660187698201536,-0.23109066719589708,-0.3028848683749714,-0.3392926144540447
27.542579344000842,router,ba:bd:de:13:68:55,-84,99.83598166212047,64,0.9897845686173354,8.037964865781202,0,0,-4,19,-5,18,-5,16,-4,14,-3,15,-2,14,-3,11,-2,11,-1,11,-1,11,-1,10,0,9,1,8,3,8,3,8,2,8,2,8,3,7,3,7,2,7,1,7,2,7,2,6,1,5,2,5,3,7,0,0,0,0,0,0,0,0,0,0,0,0,0,0,0,0,0,0,0,0,0,0,-1,8,-2,8,-2,8,-2,8,-1,10,-2,11,-3,11,-3,11,-3,11,-3,11,-4,11,-4,12,-4,12,-3,13,-2,14,-2,14,-2,14,-4,15,-3,14,-3,15,-4,17,-5,18,-4,18,-4,17,-4,17,-4,18,0.0,19.4164878389476,18.681541692269406,16.76305461424021,14.560219778561036,15.297058540778355,14.142135623730951,11.40175425099138,11.180339887498949,11.045361017187261,11.045361017187261,10.04987562112089,9.0,8.06225774829855,8.54400374531753,8.54400374531753,8.246211251235321,8.246211251235321,7.615773105863909,7.615773105863909,7.280109889280518,7.0710678118654755,7.280109889280518,6.324555320336759,5.0990195135927845,5.385164807134504,7.615773105863909,0.0,0.0,0.0,0.0,0.0,0.0,0.0,0.0,0.0,0.0,0.0,8.06225774829855,8.246211251235321,8.246211251235321,8.246211251235321,10.04987562112089,11.180339887498949,11.40175425099138,11.40175425099138,11.40175425099138,11.40175425099138,11.704699910719626,12.649110640673518,12.649110640673518,13.341664064126334,14.142135623730951,14.142135623730951,14.142135623730951,15.524174696260024,14.317821063276353,15.297058540778355,17.46424919657298,18.681541692269406,18.439088914585774,17.46424919657298,17.46424919657298,18.439088914585774,0.0,1.7782925532300993,1.8417431771333173,1.873681195169868,1.849095985800008,1.7681918866447774,1.7126933813990606,1.837048375945822,1.750649826587375,1.6614562139956417,1.6614562139956417,1.6704649792860586,1.5707963267948966,1.446441332248135,1.2120256565243244,1.2120256565243244,1.3258176636680326,1.3258176636680326,1.1659045405098132,1.1659045405098132,1.2924966677897853,1.4288992721907328,1.2924966677897853,1.2490457723982544,1.373400766945016,1.1902899496825317,1.1659045405098132,0.0,0.0,0.0,0.0,0.0,0.0,0.0,0.0,0.0,0.0,0.0,1.695151321341658,1.8157749899217608,1.8157749899217608,1.8157749899217608,1.6704649792860586,1.750649826587375,1.837048375945822,1.837048375945822,1.837048375945822,1.837048375945822,1.9195673303788037,1.892546881191539,1.892546881191539,1.7975951748487824,1.7126933813990606,1.7126933813990606,1.7126933813990606,1.8313987185422376,1.7818896600176433,1.7681918866447774,1.8018869939907938,1.8417431771333173,1.7894652726688385,1.8018869939907938,1.8018869939907938,1.7894652726688385
27.652777970004536,router,ba:bd:de:13:68:55,-84,99.83598166212047,64,0.9896119684464871,7.921020598124196,0,0,-1,-19,0,-19,0,-18,1,-17,1,-16,0,-16,0,-15,-1,-12,-2,-11,-2,-11,-3,-11,-3,-11,-3,-10,-2,-10,-3,-9,-4,-8,-4,-9,-5,-8,-4,-8,-4,-8,-3,-7,-2,-7,-1,-8,-3,-8,-3,-9,-3,-10,0,0,0,0,0,0,0,0,0,0,0,0,0,0,0,0,0,0,0,0,0,0,-2,-10,-2,-9,-2,-8,-2,-9,-1,-10,1,-11,0,-12,-1,-14,0,-14,0,-13,0,-13,-1,-14,-1,-15,0,-15,1,-16,1,-17,0,-17,0,-16,0,-17,0,-17,1,-17,1,-18,-1,-20,-1,-19,0,-19,1,-20,0.0,19.026297590440446,19.0,18.0,17.029386365926403,16.0312195418814,16.0,15.0,12.041594578792296,11.180339887498949,11.180339887498949,11.40175425099138,11.40175425099138,10.44030650891055,10.198039027185569,9.486832980505138,8.94427190999916,9.848857801796104,9.433981132056603,8.94427190999916,8.94427190999916,7.615773105863909,7.280109889280518,8.06225774829855,8.54400374531753,9.486832980505138,10.44030650891055,0.0,0.0,0.0,0.0,0.0,0.0,0.0,0.0,0.0,0.0,0.0,10.198039027185569,9.219544457292887,8.246211251235321,9.219544457292887,10.04987562112089,11.045361017187261,12.0,14.035668847618199,14.0,13.0,13.0,14.035668847618199,15.033296378372908,15.0,16.0312195418814,17.029386365926403,17.0,16.0,17.0,17.0,17.029386365926403,18.027756377319946,20.024984394500787,19.026297590440446,19.0,20.024984394500787,0.0,-1.6233793884058383,-1.5707963267948966,-1.5707963267948966,-1.512040504079174,-1.5083775167989393,-1.5707963267948966,-1.5707963267948966,-1.6539375586833378,-1.750649826587375,-1.750649826587375,-1.837048375945822,-1.837048375945822,-1.8622531212727638,-1.7681918866447774,-1.892546881191539,-2.0344439357957027,-1.9890206563741257,-2.129395642138459,-2.0344439357957027,-2.0344439357957027,-1.97568811307998,-1.849095985800008,-1.695151321341658,-1.9295669970654687,-1.892546881191539,-1.8622531212727638,0.0,0.0,0.0,0.0,0.0,0.0,0.0,0.0,0.0,0.0,0.0,-1.7681918866447774,-1.7894652726688385,-1.8157749899217608,-1.7894652726688385,-1.6704649792860586,-1.4801364395941514,-1.5707963267948966,-1.642103791580187,-1.5707963267948966,-1.5707963267948966,-1.5707963267948966,-1.642103791580187,-1.6373644905707205,-1.5707963267948966,-1.5083775167989393,-1.512040504079174,-1.5707963267948966,-1.5707963267948966,-1.5707963267948966,-1.5707963267948966,-1.512040504079174,-1.5152978215491797,-1.6207547225168393,-1.6233793884058383,-1.5707963267948966,-1.5208379310729538
27.762650454998948,router,ba:bd:de:13:68:55,-84,99.83598166212047,64,0.990412201021214,7.801037289790337,0,0,-9,-18,-9,-17,-8,-16,-9,-15,-7,-14,-6,-14,-7,-13,-8,-12,-7,-11,-7,-9,-8,-9,-7,-9,-7,-8,-7,-7,-7,-8,-7,-9,-7,-8,-8,-8,-7,-7,-7,-7,-7,-6,-7,-5,-7,-6,-6,-7,-6,-7,-7,-8,0,0,0,0,0,0,0,0,0,0,0,0,0,0,0,0,0,0,0,0,0,0,-7,-6,-6,-7,-6,-8,-6,-8,-6,-9,-6,-10,-5,-10,-6,-9,-7,-10,-8,-11,-8,-12,-7,-14,-7,-15,-7,-14,-7,-13,-8,-15,-8,-16,-8,-16,-9,-16,-10,-16,-10,-16,-10,-18,-10,-18,-10,-18,-9,-17,-8,-17,0.0,20.12461179749811,19.235384061671343,17.88854381999832,17.4928556845359,15.652475842498529,15.231546211727817,14.7648230602334,14.422205101855956,13.038404810405298,11.40175425099138,12.041594578792296,11.40175425099138,10.63014581273465,9.899494936611665,10.63014581273465,11.40175425099138,10.63014581273465,11.313708498984761,9.899494936611665,9.899494936611665,9.219544457292887,8.602325267042627,9.219544457292887,9.219544457292887,9.219544457292887,10.63014581273465,0.0,0.0,0.0,0.0,0.0,0.0,0.0,0.0,0.0,0.0,0.0,9.219544457292887,9.219544457292887,10.0,10.0,10.816653826391969,11.661903789690601,11.180339887498949,10.816653826391969,12.206555615733702,13.601470508735444,14.422205101855956,15.652475842498529,16.55294535724685,15.652475842498529,14.7648230602334,17.0,17.88854381999832,17.88854381999832,18.35755975068582,18.867962264113206,18.867962264113206,20.591260281974,20.591260281974,20.591260281974,19.235384061671343,18.788294228055936,0.0,-2.0344439357957027,-2.0576955586061656,-2.0344439357957027,-2.1112158270654806,-2.0344439357957027,-1.97568811307998,-2.0647376957144776,-2.158798930342464,-2.137525544318403,-2.2318394956455836,-2.297438667476622,-2.2318394956455836,-2.289626326416521,-2.356194490192345,-2.289626326416521,-2.2318394956455836,-2.289626326416521,-2.356194490192345,-2.356194490192345,-2.356194490192345,-2.432966381462123,-2.5213431676069717,-2.432966381462123,-2.279422598922567,-2.279422598922567,-2.289626326416521,0.0,0.0,0.0,0.0,0.0,0.0,0.0,0.0,0.0,0.0,0.0,-2.432966381462123,-2.279422598922567,-2.214297435588181,-2.214297435588181,-2.158798930342464,-2.1112158270654806,-2.0344439357957027,-2.158798930342464,-2.1815222911841055,-2.1995926132103296,-2.158798930342464,-2.0344439357957027,-2.007423486608438,-2.0344439357957027,-2.0647376957144776,-2.060753653048625,-2.0344439357957027,-2.0344439357957027,-2.0831857871056343,-2.129395642138459,-2.129395642138459,-2.0778948311872334,-2.0778948311872334,-2.0778948311872334,-2.0576955586061656,-2.0106389096106327
27.871974300003785,router,ba:bd:de:13:68:55,-84,98.20003209657315,64,0.9898174940286772,7.678716937063186,0,0,-17,6,-16,6,-15,5,-15,4,-15,4,-14,5,-12,5,-12,5,-12,5,-12,4,-10,5,-9,6,-9,5,-9,5,-8,5,-7,5,-7,5,-8,4,-8,4,-7,5,-7,6,-8,5,-8,3,-7,3,-6,4,-6,6,0,0,0,0,0,0,0,0,0,0,0,0,0,0,0,0,0,0,0,0,0,0,-7,4,-8,4,-7,5,-6,5,-7,4,-9,4,-11,5,-11,5,-10,4,-10,5,-11,5,-12,5,-13,5,-13,5,-13,5,-14,5,-14,6,-14,6,-15,7,-15,7,-14,6,-16,6,-17,6,-17,7,-17,7,-18,6,0.0,18.027756377319946,17.08800749063506,15.811388300841896,15.524174696260024,15.524174696260024,14.866068747318506,13.0,13.0,13.0,12.649110640673518,11.180339887498949,10.816653826391969,10.295630140987,10.295630140987,9.433981132056603,8.602325267042627,8.602325267042627,8.94427190999916,8.94427190999916,8.602325267042627,9.219544457292887,9.433981132056603,8.54400374531753,7.615773105863909,7.211102550927978,8.48528137423857,0.0,0.0,0.0,0.0,0.0,0.0,0.0,0.0,0.0,0.0,0.0,8.06225774829855,8.94427190999916,8.602325267042627,7.810249675906654,8.06225774829855,9.848857801796104,12.083045973594572,12.083045973594572,10.770329614269007,11.180339887498949,12.083045973594572,13.0,13.92838827718412,13.92838827718412,13.92838827718412,14.866068747318506,15.231546211727817,15.231546211727817,16.55294535724685,16.55294535724685,15.231546211727817,17.08800749063506,18.027756377319946,18.384776310850235,18.384776310850235,18.973665961010276,0.0,2.8023000391357487,2.782821983319221,2.819842099193151,2.8809902618424523,2.8809902618424523,2.79856871316909,2.746801533890032,2.746801533890032,2.746801533890032,2.819842099193151,2.677945044588987,2.5535900500422257,2.6344941491974563,2.6344941491974563,2.5829933382462307,2.5213431676069717,2.5213431676069717,2.677945044588987,2.677945044588987,2.5213431676069717,2.432966381462123,2.5829933382462307,2.782821983319221,2.7367008673047097,2.5535900500422257,2.356194490192345,0.0,0.0,0.0,0.0,0.0,0.0,0.0,0.0,0.0,0.0,0.0,2.62244653934327,2.677945044588987,2.5213431676069717,2.44685437739309,2.62244653934327,2.723368324010564,2.714965160462917,2.714965160462917,2.761086276477428,2.677945044588987,2.714965160462917,2.746801533890032,2.774418819771574,2.774418819771574,2.774418819771574,2.79856871316909,2.7367008673047097,2.7367008673047097,2.704965493776252,2.704965493776252,2.7367008673047097,2.782821983319221,2.8023000391357487,2.7509856098921066,2.7509856098921066,2.819842099193151
27.97196872600034,router,ba:bd:de:13:68:55,-84,98.20003209657315,64,0.9891932921724604,7.554776031025649,0,0,-12,13,-13,12,-13,12,-11,11,-10,10,-9,9,-9,9,-8,10,-8,10,-7,9,-5,8,-5,8,-6,8,-5,8,-5,7,-5,7,-5,7,-5,7,-5,7,-5,6,-5,6,-4,7,-3,7,-3,6,-3,6,-2,7,0,0,0,0,0,0,0,0,0,0,0,0,0,0,0,0,0,0,0,0,0,0,-6,6,-6,7,-5,8,-5,8,-7,8,-8,8,-9,8,-9,8,-9,9,-9,9,-9,10,-10,10,-12,11,-11,9,-10,10,-10,12,-11,11,-11,10,-11,10,-12,11,-13,11,-13,13,-12,14,-12,14,-14,13,-14,12,0.0,17.69180601295413,17.69180601295413,17.69180601295413,15.556349186104045,14.142135623730951,12.727922061357855,12.727922061357855,12.806248474865697,12.806248474865697,11.40175425099138,9.433981132056603,9.433981132056603,10.0,9.433981132056603,8.602325267042627,8.602325267042627,8.602325267042627,8.602325267042627,8.602325267042627,7.810249675906654,7.810249675906654,8.06225774829855,7.615773105863909,6.708203932499369,6.708203932499369,7.280109889280518,0.0,0.0,0.0,0.0,0.0,0.0,0.0,0.0,0.0,0.0,0.0,8.48528137423857,9.219544457292887,9.433981132056603,9.433981132056603,10.63014581273465,11.313708498984761,12.041594578792296,12.041594578792296,12.727922061357855,12.727922061357855,13.45362404707371,14.142135623730951,16.278820596099706,14.212670403551895,14.142135623730951,15.620499351813308,15.556349186104045,14.866068747318506,14.866068747318506,16.278820596099706,17.029386365926403,18.384776310850235,18.439088914585774,18.439088914585774,19.1049731745428,18.439088914585774,0.0,2.316215803069055,2.396173177315635,2.396173177315635,2.356194490192345,2.356194490192345,2.356194490192345,2.356194490192345,2.2455372690184494,2.2455372690184494,2.2318394956455836,2.129395642138459,2.129395642138459,2.214297435588181,2.129395642138459,2.191045812777718,2.191045812777718,2.191045812777718,2.191045812777718,2.191045812777718,2.2655346029916,2.2655346029916,2.0899424410414196,1.97568811307998,2.0344439357957027,2.0344439357957027,1.849095985800008,0.0,0.0,0.0,0.0,0.0,0.0,0.0,0.0,0.0,0.0,0.0,2.356194490192345,2.279422598922567,2.129395642138459,2.129395642138459,2.289626326416521,2.356194490192345,2.4149503129080676,2.4149503129080676,2.356194490192345,2.356194490192345,2.3036114285814033,2.356194490192345,2.399645385583876,2.455863142683507,2.356194490192345,2.2655346029916,2.356194490192345,2.403777593469328,2.403777593469328,2.399645385583876,2.439335722080786,2.356194490192345,2.279422598922567,2.279422598922567,2.393214606066275,2.432966381462123
28.084630379002192,router,ba:bd:de:13:68:55,-83,98.20003209657315,64,0.9897026163321694,7.4300074799597216,0,0,-5,14,-5,14,-5,14,-5,13,-5,13,-5,13,-4,12,-3,11,-2,11,-2,10,-1,8,-1,8,-1,8,-1,9,-2,8,-2,8,-2,7,-1,8,0,8,0,8,-1,7,-1,7,-1,6,0,7,-1,7,-3,7,0,0,0,0,0,0,0,0,0,0,0,0,0,0,0,0,0,0,0,0,0,0,1,7,0,7,0,7,-1,7,0,9,0,9,-1,10,-2,11,-2,12,-1,12,-2,11,-2,12,-3,12,-4,12,-4,12,-4,13,-4,14,-4,15,-3,15,-2,15,-3,16,-4,17,-5,19,-4,18,-3,17,-4,17,0.0,14.866068747318506,14.866068747318506,14.866068747318506,13.92838827718412,13.92838827718412,13.92838827718412,12.649110640673518,11.40175425099138,11.180339887498949,10.198039027185569,8.06225774829855,8.06225774829855,8.06225774829855,9.055385138137417,8.246211251235321,8.246211251235321,7.280109889280518,8.06225774829855,8.0,8.0,7.0710678118654755,7.0710678118654755,6.082762530298219,7.0,7.0710678118654755,7.615773105863909,0.0,0.0,0.0,0.0,0.0,0.0,0.0,0.0,0.0,0.0,0.0,7.0710678118654755,7.0,7.0,7.0710678118654755,9.0,9.0,10.04987562112089,11.180339887498949,12.165525060596439,12.041594578792296,11.180339887498949,12.165525060596439,12.36931687685298,12.649110640673518,12.649110640673518,13.601470508735444,14.560219778561036,15.524174696260024,15.297058540778355,15.132745950421556,16.278820596099706,17.46424919657298,19.6468827043885,18.439088914585774,17.26267650163207,17.46424919657298,0.0,1.9138202672156,1.9138202672156,1.9138202672156,1.9379701606131159,1.9379701606131159,1.9379701606131159,1.892546881191539,1.837048375945822,1.750649826587375,1.7681918866447774,1.695151321341658,1.695151321341658,1.695151321341658,1.6814535479687922,1.8157749899217608,1.8157749899217608,1.849095985800008,1.695151321341658,1.5707963267948966,1.5707963267948966,1.7126933813990606,1.7126933813990606,1.7359450042095235,1.5707963267948966,1.7126933813990606,1.97568811307998,0.0,0.0,0.0,0.0,0.0,0.0,0.0,0.0,0.0,0.0,0.0,1.4288992721907328,1.5707963267948966,1.5707963267948966,1.7126933813990606,1.5707963267948966,1.5707963267948966,1.6704649792860586,1.750649826587375,1.7359450042095235,1.6539375586833378,1.750649826587375,1.7359450042095235,1.8157749899217608,1.892546881191539,1.892546881191539,1.8692952583810758,1.849095985800008,1.8313987185422376,1.7681918866447774,1.7033478590915707,1.7561442767905915,1.8018869939907938,1.8281200417659853,1.7894652726688385,1.7454685258031364,1.8018869939907938
28.191996979003306,router,ba:bd:de:13:68:55,-84,98.20003209657315,64,0.9904240488397451,7.305229285391695,0,0,3,-18,2,-19,1,-17,2,-16,2,-15,1,-14,0,-13,1,-13,1,-13,0,-13,0,-12,0,-11,0,-11,0,-11,0,-10,-1,-9,-2,-8,-2,-9,-2,-9,-3,-9,-3,-8,-3,-10,-3,-10,-2,-8,-2,-7,-4,-7,0,0,0,0,0,0,0,0,0,0,0,0,0,0,0,0,0,0,0,0,0,0,-1,-10,-2,-10,-1,-10,1,-10,1,-9,0,-10,1,-10,1,-11,1,-12,1,-13,2,-14,2,-15,1,-15,1,-15,2,-16,2,-17,2,-18,3,-18,2,-18,2,-17,3,-18,5,-19,5,-19,5,-18,5,-19,5,-19,0.0,18.24828759089466,19.1049731745428,17.029386365926403,16.1245154965971,15.132745950421556,14.035668847618199,13.0,13.038404810405298,13.038404810405298,13.0,12.0,11.0,11.0,11.0,10.0,9.055385138137417,8.246211251235321,9.219544457292887,9.219544457292887,9.486832980505138,8.54400374531753,10.44030650891055,10.44030650891055,8.246211251235321,7.280109889280518,8.06225774829855,0.0,0.0,0.0,0.0,0.0,0.0,0.0,0.0,0.0,0.0,0.0,10.04987562112089,10.198039027185569,10.04987562112089,10.04987562112089,9.055385138137417,10.0,10.04987562112089,11.045361017187261,12.041594578792296,13.038404810405298,14.142135623730951,15.132745950421556,15.033296378372908,15.033296378372908,16.1245154965971,17.11724276862369,18.110770276274835,18.24828759089466,18.110770276274835,17.11724276862369,18.24828759089466,19.6468827043885,19.6468827043885,18.681541692269406,19.6468827043885,19.6468827043885,0.0,-1.4056476493802699,-1.4659193880646628,-1.512040504079174,-1.446441332248135,-1.4382447944982226,-1.4994888620096063,-1.5707963267948966,-1.4940244355251187,-1.4940244355251187,-1.5707963267948966,-1.5707963267948966,-1.5707963267948966,-1.5707963267948966,-1.5707963267948966,-1.5707963267948966,-1.6814535479687922,-1.8157749899217608,-1.7894652726688385,-1.7894652726688385,-1.892546881191539,-1.9295669970654687,-1.8622531212727638,-1.8622531212727638,-1.8157749899217608,-1.849095985800008,-2.0899424410414196,0.0,0.0,0.0,0.0,0.0,0.0,0.0,0.0,0.0,0.0,0.0,-1.6704649792860586,-1.7681918866447774,-1.6704649792860586,-1.4711276743037347,-1.460139105621001,-1.5707963267948966,-1.4711276743037347,-1.4801364395941514,-1.4876550949064553,-1.4940244355251187,-1.4288992721907328,-1.4382447944982226,-1.5042281630190728,-1.5042281630190728,-1.446441332248135,-1.4536875822280324,-1.460139105621001,-1.4056476493802699,-1.460139105621001,-1.4536875822280324,-1.4056476493802699,-1.313472611823808,-1.313472611823808,-1.299849476456476,-1.313472611823808,-1.313472611823808
28.29253372400126,router,ba:bd:de:13:68:55,-84,98.20003209657315,64,0.9945645534566203,7.181264316159547,0,0,-20,-8,-19,-9,-19,-8,-18,-8,-16,-7,-15,-6,-14,-5,-14,-4,-14,-4,-13,-5,-13,-4,-12,-2,-11,-1,-10,-2,-11,-1,-11,0,-11,0,-10,0,-11,0,-10,-1,-8,-3,-8,-2,-9,-1,-8,-2,-7,-2,-7,-2,0,0,0,0,0,0,0,0,0,0,0,0,0,0,0,0,0,0,0,0,0,0,-8,-2,-9,-3,-10,-4,-11,-4,-11,-5,-11,-4,-12,-4,-13,-6,-12,-7,-12,-8,-13,-8,-14,-7,-15,-7,-16,-8,-16,-7,-16,-7,-17,-7,-17,-8,-18,-8,-18,-8,-19,-8,-19,-9,-20,-8,-22,-9,-22,-9,-20,-9,0.0,21.540659228538015,21.02379604162864,20.615528128088304,19.697715603592208,17.46424919657298,16.15549442140351,14.866068747318506,14.560219778561036,14.560219778561036,13.92838827718412,13.601470508735444,12.165525060596439,11.045361017187261,10.198039027185569,11.045361017187261,11.0,11.0,10.0,11.0,10.04987562112089,8.54400374531753,8.246211251235321,9.055385138137417,8.246211251235321,7.280109889280518,7.280109889280518,0.0,0.0,0.0,0.0,0.0,0.0,0.0,0.0,0.0,0.0,0.0,8.246211251235321,9.486832980505138,10.770329614269007,11.704699910719626,12.083045973594572,11.704699910719626,12.649110640673518,14.317821063276353,13.892443989449804,14.422205101855956,15.264337522473747,15.652475842498529,16.55294535724685,17.88854381999832,17.46424919657298,17.46424919657298,18.384776310850235,18.788294228055936,19.697715603592208,19.697715603592208,20.615528128088304,21.02379604162864,21.540659228538015,23.769728648009426,23.769728648009426,21.93171219946131,0.0,-2.761086276477428,-2.6992184306130484,-2.743070207923373,-2.723368324010564,-2.729182211992406,-2.761086276477428,-2.79856871316909,-2.8632929945846817,-2.8632929945846817,-2.774418819771574,-2.843093722003614,-2.976443976175166,-3.050932766389048,-2.9441970937399127,-3.050932766389048,3.141592653589793,3.141592653589793,3.141592653589793,3.141592653589793,-3.0419240010986313,-2.782821983319221,-2.896613990462929,-3.0309354324158977,-2.896613990462929,-2.8632929945846817,-2.8632929945846817,0.0,0.0,0.0,0.0,0.0,0.0,0.0,0.0,0.0,0.0,0.0,-2.896613990462929,-2.819842099193151,-2.761086276477428,-2.7928216500058864,-2.714965160462917,-2.7928216500058864,-2.819842099193151,-2.7091848780192556,-2.6135182051634334,-2.5535900500422257,-2.5899376710612465,-2.677945044588987,-2.704965493776252,-2.677945044588987,-2.729182211992406,-2.729182211992406,-2.7509856098921066,-2.701750070774057,-2.723368324010564,-2.723368324010564,-2.743070207923373,-2.6992184306130484,-2.761086276477428,-2.7532739354173272,-2.7532739354173272,-2.7187387274568526
28.4022000699988,router,ba:bd:de:13:68:55,-84,98.20003209657315,64,0.9980154417455008,7.058955572599244,0,0,2,18,2,16,2,16,1,15,0,14,1,13,2,11,3,10,3,9,2,9,2,9,2,9,2,8,3,8,3,7,3,8,4,9,3,9,2,8,2,8,3,8,3,7,2,7,2,7,1,7,2,5,0,0,0,0,0,0,0,0,0,0,0,0,0,0,0,0,0,0,0,0,0,0,5,8,5,8,5,8,5,8,6,8,6,9,5,11,5,12,5,12,4,11,3,12,4,12,4,13,3,13,3,14,4,13,4,13,3,15,3,16,4,16,4,16,4,16,4,16,4,17,5,18,5,18,0.0,18.110770276274835,16.1245154965971,16.1245154965971,15.033296378372908,14.0,13.038404810405298,11.180339887498949,10.44030650891055,9.486832980505138,9.219544457292887,9.219544457292887,9.219544457292887,8.246211251235321,8.54400374531753,7.615773105863909,8.54400374531753,9.848857801796104,9.486832980505138,8.246211251235321,8.246211251235321,8.54400374531753,7.615773105863909,7.280109889280518,7.280109889280518,7.0710678118654755,5.385164807134504,0.0,0.0,0.0,0.0,0.0,0.0,0.0,0.0,0.0,0.0,0.0,9.433981132056603,9.433981132056603,9.433981132056603,9.433981132056603,10.0,10.816653826391969,12.083045973594572,13.0,13.0,11.704699910719626,12.36931687685298,12.649110640673518,13.601470508735444,13.341664064126334,14.317821063276353,13.601470508735444,13.601470508735444,15.297058540778355,16.278820596099706,16.492422502470642,16.492422502470642,16.492422502470642,16.492422502470642,17.46424919657298,18.681541692269406,18.681541692269406,0.0,1.460139105621001,1.446441332248135,1.446441332248135,1.5042281630190728,1.5707963267948966,1.4940244355251187,1.3909428270024184,1.2793395323170296,1.2490457723982544,1.3521273809209546,1.3521273809209546,1.3521273809209546,1.3258176636680326,1.2120256565243244,1.1659045405098132,1.2120256565243244,1.1525719972156676,1.2490457723982544,1.3258176636680326,1.3258176636680326,1.2120256565243244,1.1659045405098132,1.2924966677897853,1.2924966677897853,1.4288992721907328,1.1902899496825317,0.0,0.0,0.0,0.0,0.0,0.0,0.0,0.0,0.0,0.0,0.0,1.0121970114513341,1.0121970114513341,1.0121970114513341,1.0121970114513341,0.9272952180016122,0.982793723247329,1.1441688336680205,1.176005207095135,1.176005207095135,1.2220253232109897,1.3258176636680326,1.2490457723982544,1.2722973952087173,1.3439974787410107,1.35970299357215,1.2722973952087173,1.2722973952087173,1.373400766945016,1.3854483767992019,1.3258176636680326,1.3258176636680326,1.3258176636680326,1.3258176636680326,1.3397056595989996,1.299849476456476,1.299849476456476
28.511785278999014,router,ba:bd:de:13:68:55,-84,98.20003209657315,64,1.0004946855455505,6.939170554555769,0,0,-2,18,-3,17,-2,17,-1,17,-1,15,-1,14,1,14,1,12,1,11,1,11,2,10,3,9,2,9,1,9,2,10,3,9,4,7,3,6,3,6,3,6,4,6,3,6,2,6,3,6,4,7,3,10,0,0,0,0,0,0,0,0,0,0,0,0,0,0,0,0,0,0,0,0,0,0,-2,8,-2,9,-2,10,-2,9,-3,9,-3,10,-3,10,-4,12,-3,14,-2,14,-3,14,-4,13,-3,13,-3,13,-3,13,-2,14,-2,15,-3,16,-3,15,-2,16,-1,17,-1,17,-1,17,-2,18,-4,18,-5,18,0.0,18.110770276274835,17.26267650163207,17.11724276862369,17.029386365926403,15.033296378372908,14.035668847618199,14.035668847618199,12.041594578792296,11.045361017187261,11.045361017187261,10.198039027185569,9.486832980505138,9.219544457292887,9.055385138137417,10.198039027185569,9.486832980505138,8.06225774829855,6.708203932499369,6.708203932499369,6.708203932499369,7.211102550927978,6.708203932499369,6.324555320336759,6.708203932499369,8.06225774829855,10.44030650891055,0.0,0.0,0.0,0.0,0.0,0.0,0.0,0.0,0.0,0.0,0.0,8.246211251235321,9.219544457292887,10.198039027185569,9.219544457292887,9.486832980505138,10.44030650891055,10.44030650891055,12.649110640673518,14.317821063276353,14.142135623730951,14.317821063276353,13.601470508735444,13.341664064126334,13.341664064126334,13.341664064126334,14.142135623730951,15.132745950421556,16.278820596099706,15.297058540778355,16.1245154965971,17.029386365926403,17.029386365926403,17.029386365926403,18.110770276274835,18.439088914585774,18.681541692269406,0.0,1.6814535479687922,1.7454685258031364,1.687905071361761,1.6295521495106193,1.6373644905707205,1.642103791580187,1.4994888620096063,1.4876550949064553,1.4801364395941514,1.4801364395941514,1.373400766945016,1.2490457723982544,1.3521273809209546,1.460139105621001,1.373400766945016,1.2490457723982544,1.0516502125483738,1.1071487177940904,1.1071487177940904,1.1071487177940904,0.982793723247329,1.1071487177940904,1.2490457723982544,1.1071487177940904,1.0516502125483738,1.2793395323170296,0.0,0.0,0.0,0.0,0.0,0.0,0.0,0.0,0.0,0.0,0.0,1.8157749899217608,1.7894652726688385,1.7681918866447774,1.7894652726688385,1.892546881191539,1.8622531212727638,1.8622531212727638,1.892546881191539,1.7818896600176433,1.7126933813990606,1.7818896600176433,1.8692952583810758,1.7975951748487824,1.7975951748487824,1.7975951748487824,1.7126933813990606,1.7033478590915707,1.7561442767905915,1.7681918866447774,1.695151321341658,1.6295521495106193,1.6295521495106193,1.6295521495106193,1.6814535479687922,1.7894652726688385,1.8417431771333173
28.61206547600159,router,ba:bd:de:13:68:55,-84,98.20003209657315,64,1.002663565419605,6.8228295283804,0,0,11,-16,8,-15,7,-15,7,-13,7,-11,7,-10,6,-11,5,-11,4,-10,5,-10,6,-10,4,-9,3,-8,3,-8,2,-9,2,-9,2,-8,3,-7,3,-7,2,-8,2,-8,2,-8,3,-7,3,-7,2,-6,0,-6,0,0,0,0,0,0,0,0,0,0,0,0,0,0,0,0,0,0,0,0,0,0,-2,-8,-1,-8,-1,-9,-1,-10,-1,-10,0,-9,2,-9,3,-10,3,-11,2,-11,2,-11,3,-12,3,-13,4,-13,5,-14,5,-15,4,-16,4,-16,4,-16,4,-17,6,-16,6,-17,6,-17,7,-16,7,-17,8,-18,0.0,19.4164878389476,17.0,16.55294535724685,14.7648230602334,13.038404810405298,12.206555615733702,12.529964086141668,12.083045973594572,10.770329614269007,11.180339887498949,11.661903789690601,9.848857801796104,8.54400374531753,8.54400374531753,9.219544457292887,9.219544457292887,8.246211251235321,7.615773105863909,7.615773105863909,8.246211251235321,8.246211251235321,8.246211251235321,7.615773105863909,7.615773105863909,6.324555320336759,6.0,0.0,0.0,0.0,0.0,0.0,0.0,0.0,0.0,0.0,0.0,0.0,8.246211251235321,8.06225774829855,9.055385138137417,10.04987562112089,10.04987562112089,9.0,9.219544457292887,10.44030650891055,11.40175425099138,11.180339887498949,11.180339887498949,12.36931687685298,13.341664064126334,13.601470508735444,14.866068747318506,15.811388300841896,16.492422502470642,16.492422502470642,16.492422502470642,17.46424919657298,17.08800749063506,18.027756377319946,18.027756377319946,17.46424919657298,18.384776310850235,19.697715603592208,0.0,-0.9685089806599324,-1.0808390005411683,-1.1341691669813554,-1.0768549578753155,-1.0040671092713902,-0.960070362405688,-1.0714496051147666,-1.1441688336680205,-1.1902899496825317,-1.1071487177940904,-1.0303768265243125,-1.1525719972156676,-1.2120256565243244,-1.2120256565243244,-1.3521273809209546,-1.3521273809209546,-1.3258176636680326,-1.1659045405098132,-1.1659045405098132,-1.3258176636680326,-1.3258176636680326,-1.3258176636680326,-1.1659045405098132,-1.1659045405098132,-1.2490457723982544,-1.5707963267948966,0.0,0.0,0.0,0.0,0.0,0.0,0.0,0.0,0.0,0.0,0.0,-1.8157749899217608,-1.695151321341658,-1.6814535479687922,-1.6704649792860586,-1.6704649792860586,-1.5707963267948966,-1.3521273809209546,-1.2793395323170296,-1.3045442776439713,-1.3909428270024184,-1.3909428270024184,-1.3258176636680326,-1.3439974787410107,-1.2722973952087173,-1.2277723863741932,-1.2490457723982544,-1.3258176636680326,-1.3258176636680326,-1.3258176636680326,-1.3397056595989996,-1.2120256565243244,-1.2315037123408519,-1.2315037123408519,-1.1583858851975093,-1.1801892830972098,-1.1525719972156676
28.72231653700146,router,ba:bd:de:13:68:55,-84,98.20003209657315,64,1.0025693803228373,6.757664931456342,0,0,-17,8,-16,9,-14,8,-14,6,-14,6,-13,6,-12,7,-12,6,-10,6,-8,6,-7,6,-8,7,-7,7,-7,7,-8,6,-8,6,-6,7,-6,6,-5,7,-5,7,-6,6,-6,5,-5,5,-5,6,-6,6,-6,3,0,0,0,0,0,0,0,0,0,0,0,0,0,0,0,0,0,0,0,0,0,0,-8,5,-9,4,-9,4,-10,4,-10,5,-11,5,-11,4,-11,4,-11,4,-12,3,-13,4,-13,5,-13,5,-13,5,-13,5,-14,6,-16,6,-16,6,-17,6,-18,5,-18,6,-18,7,-17,7,-16,8,-17,9,-18,9,0.0,18.788294228055936,18.35755975068582,16.1245154965971,15.231546211727817,15.231546211727817,14.317821063276353,13.892443989449804,13.416407864998739,11.661903789690601,10.0,9.219544457292887,10.63014581273465,9.899494936611665,9.899494936611665,10.0,10.0,9.219544457292887,8.48528137423857,8.602325267042627,8.602325267042627,8.48528137423857,7.810249675906654,7.0710678118654755,7.810249675906654,8.48528137423857,6.708203932499369,0.0,0.0,0.0,0.0,0.0,0.0,0.0,0.0,0.0,0.0,0.0,9.433981132056603,9.848857801796104,9.848857801796104,10.770329614269007,11.180339887498949,12.083045973594572,11.704699910719626,11.704699910719626,11.704699910719626,12.36931687685298,13.601470508735444,13.92838827718412,13.92838827718412,13.92838827718412,13.92838827718412,15.231546211727817,17.08800749063506,17.08800749063506,18.027756377319946,18.681541692269406,18.973665961010276,19.313207915827967,18.384776310850235,17.88854381999832,19.235384061671343,20.12461179749811,0.0,2.701750070774057,2.6292031932790554,2.62244653934327,2.7367008673047097,2.7367008673047097,2.7091848780192556,2.6135182051634334,2.677945044588987,2.601173153319209,2.498091544796509,2.432966381462123,2.4227626539681686,2.356194490192345,2.356194490192345,2.498091544796509,2.498091544796509,2.279422598922567,2.356194490192345,2.191045812777718,2.191045812777718,2.356194490192345,2.44685437739309,2.356194490192345,2.2655346029916,2.356194490192345,2.677945044588987,0.0,0.0,0.0,0.0,0.0,0.0,0.0,0.0,0.0,0.0,0.0,2.5829933382462307,2.723368324010564,2.723368324010564,2.761086276477428,2.677945044588987,2.714965160462917,2.7928216500058864,2.7928216500058864,2.7928216500058864,2.896613990462929,2.843093722003614,2.774418819771574,2.774418819771574,2.774418819771574,2.774418819771574,2.7367008673047097,2.782821983319221,2.782821983319221,2.8023000391357487,2.8706458032513726,2.819842099193151,2.770701364777131,2.7509856098921066,2.677945044588987,2.654693421778524,2.677945044588987
28.822752095002215,router,ba:bd:de:13:68:55,-84,98.76580356335877,64,0.9999755760469241,6.744842633752154,0,0,11,-14,11,-13,10,-12,10,-11,10,-10,8,-10,8,-9,7,-9,7,-10,6,-10,5,-9,5,-8,5,-8,5,-7,3,-7,2,-7,2,-8,2,-8,2,-8,3,-8,2,-7,1,-7,3,-7,4,-7,3,-6,0,-6,0,0,0,0,0,0,0,0,0,0,0,0,0,0,0,0,0,0,0,0,0,0,4,-5,4,-6,4,-6,4,-8,4,-9,4,-9,5,-9,6,-10,7,-11,8,-11,8,-9,8,-9,8,-10,9,-10,9,-11,9,-11,9,-11,9,-11,9,-11,9,-12,10,-13,11,-14,11,-13,11,-12,12,-13,12,-14,0.0,17.804493814764857,17.029386365926403,15.620499351813308,14.866068747318506,14.142135623730951,12.806248474865697,12.041594578792296,11.40175425099138,12.206555615733702,11.661903789690601,10.295630140987,9.433981132056603,9.433981132056603,8.602325267042627,7.615773105863909,7.280109889280518,8.246211251235321,8.246211251235321,8.246211251235321,8.54400374531753,7.280109889280518,7.0710678118654755,7.615773105863909,8.06225774829855,6.708203932499369,6.0,0.0,0.0,0.0,0.0,0.0,0.0,0.0,0.0,0.0,0.0,0.0,6.4031242374328485,7.211102550927978,7.211102550927978,8.94427190999916,9.848857801796104,9.848857801796104,10.295630140987,11.661903789690601,13.038404810405298,13.601470508735444,12.041594578792296,12.041594578792296,12.806248474865697,13.45362404707371,14.212670403551895,14.212670403551895,14.212670403551895,14.212670403551895,14.212670403551895,15.0,16.401219466856727,17.804493814764857,17.029386365926403,16.278820596099706,17.69180601295413,18.439088914585774,0.0,-0.9048270894157867,-0.8685393952858895,-0.8760580505981934,-0.8329812666744317,-0.7853981633974483,-0.8960553845713439,-0.844153986113171,-0.9097531579442097,-0.960070362405688,-1.0303768265243125,-1.0636978224025597,-1.0121970114513341,-1.0121970114513341,-0.9505468408120752,-1.1659045405098132,-1.2924966677897853,-1.3258176636680326,-1.3258176636680326,-1.3258176636680326,-1.2120256565243244,-1.2924966677897853,-1.4288992721907328,-1.1659045405098132,-1.0516502125483738,-1.1071487177940904,-1.5707963267948966,0.0,0.0,0.0,0.0,0.0,0.0,0.0,0.0,0.0,0.0,0.0,-0.8960553845713439,-0.982793723247329,-0.982793723247329,-1.1071487177940904,-1.1525719972156676,-1.1525719972156676,-1.0636978224025597,-1.0303768265243125,-1.0040671092713902,-0.9420000403794636,-0.844153986113171,-0.844153986113171,-0.8960553845713439,-0.83798122500839,-0.8850668158886104,-0.8850668158886104,-0.8850668158886104,-0.8850668158886104,-0.8850668158886104,-0.9272952180016122,-0.9151007005533605,-0.9048270894157867,-0.8685393952858895,-0.8288490587889792,-0.8253768505207384,-0.8621700546672264
28.932503502001055,router,ba:bd:de:13:68:55,-84,98.76580356335877,64,0.997630230417524,6.767938555692474,0,0,-5,-20,-3,-19,-3,-19,-2,-18,-2,-16,-2,-15,-2,-14,-1,-13,-2,-12,-3,-11,-4,-11,-3,-10,-3,-10,-3,-10,-4,-9,-5,-8,-4,-8,-4,-8,-4,-8,-5,-8,-5,-8,-4,-8,-4,-8,-3,-8,-4,-9,-6,-10,0,0,0,0,0,0,0,0,0,0,0,0,0,0,0,0,0,0,0,0,0,0,-3,-9,-4,-8,-5,-6,-5,-6,-3,-9,-2,-12,-2,-13,-2,-13,-3,-13,-3,-14,-4,-15,-4,-15,-4,-16,-3,-16,-3,-16,-3,-16,-2,-16,-2,-17,-2,-18,-2,-18,-1,-17,-2,-19,-3,-19,-4,-20,-3,-21,-3,-20,0.0,20.615528128088304,19.235384061671343,19.235384061671343,18.110770276274835,16.1245154965971,15.132745950421556,14.142135623730951,13.038404810405298,12.165525060596439,11.40175425099138,11.704699910719626,10.44030650891055,10.44030650891055,10.44030650891055,9.848857801796104,9.433981132056603,8.94427190999916,8.94427190999916,8.94427190999916,9.433981132056603,9.433981132056603,8.94427190999916,8.94427190999916,8.54400374531753,9.848857801796104,11.661903789690601,0.0,0.0,0.0,0.0,0.0,0.0,0.0,0.0,0.0,0.0,0.0,9.486832980505138,8.94427190999916,7.810249675906654,7.810249675906654,9.486832980505138,12.165525060596439,13.152946437965905,13.152946437965905,13.341664064126334,14.317821063276353,15.524174696260024,15.524174696260024,16.492422502470642,16.278820596099706,16.278820596099706,16.278820596099706,16.1245154965971,17.11724276862369,18.110770276274835,18.110770276274835,17.029386365926403,19.1049731745428,19.235384061671343,20.396078054371138,21.213203435596427,20.223748416156685,0.0,-1.8157749899217608,-1.727398203776912,-1.727398203776912,-1.6814535479687922,-1.695151321341658,-1.7033478590915707,-1.7126933813990606,-1.6475682180646747,-1.7359450042095235,-1.837048375945822,-1.9195673303788037,-1.8622531212727638,-1.8622531212727638,-1.8622531212727638,-1.9890206563741257,-2.129395642138459,-2.0344439357957027,-2.0344439357957027,-2.0344439357957027,-2.129395642138459,-2.129395642138459,-2.0344439357957027,-2.0344439357957027,-1.9295669970654687,-1.9890206563741257,-2.1112158270654806,0.0,0.0,0.0,0.0,0.0,0.0,0.0,0.0,0.0,0.0,0.0,-1.892546881191539,-2.0344439357957027,-2.2655346029916,-2.2655346029916,-1.892546881191539,-1.7359450042095235,-1.7234456551901618,-1.7234456551901618,-1.7975951748487824,-1.7818896600176433,-1.8313987185422376,-1.8313987185422376,-1.8157749899217608,-1.7561442767905915,-1.7561442767905915,-1.7561442767905915,-1.695151321341658,-1.687905071361761,-1.6814535479687922,-1.6814535479687922,-1.6295521495106193,-1.6756732655251305,-1.727398203776912,-1.7681918866447774,-1.7126933813990606,-1.719686274404394
29.03477654100425,router,ba:bd:de:13:68:55,-83,98.76580356335877,64,0.9956661942417144,6.81530399745459,0,0,19,-4,18,-4,17,-4,15,-5,15,-5,15,-5,14,-4,12,-4,11,-4,10,-4,10,-5,9,-5,9,-5,9,-5,8,-5,6,-5,7,-5,8,-5,7,-6,7,-6,6,-6,6,-5,6,-4,7,-5,7,-5,7,-3,0,0,0,0,0,0,0,0,0,0,0,0,0,0,0,0,0,0,0,0,0,0,8,-4,8,-5,7,-5,8,-5,9,-5,10,-5,10,-4,10,-4,11,-4,12,-5,12,-5,12,-4,12,-4,13,-4,14,-4,15,-5,15,-5,16,-4,17,-5,17,-5,17,-4,17,-4,17,-5,17,-5,17,-6,18,-5,0.0,19.4164878389476,18.439088914585774,17.46424919657298,15.811388300841896,15.811388300841896,15.811388300841896,14.560219778561036,12.649110640673518,11.704699910719626,10.770329614269007,11.180339887498949,10.295630140987,10.295630140987,10.295630140987,9.433981132056603,7.810249675906654,8.602325267042627,9.433981132056603,9.219544457292887,9.219544457292887,8.48528137423857,7.810249675906654,7.211102550927978,8.602325267042627,8.602325267042627,7.615773105863909,0.0,0.0,0.0,0.0,0.0,0.0,0.0,0.0,0.0,0.0,0.0,8.94427190999916,9.433981132056603,8.602325267042627,9.433981132056603,10.295630140987,11.180339887498949,10.770329614269007,10.770329614269007,11.704699910719626,13.0,13.0,12.649110640673518,12.649110640673518,13.601470508735444,14.560219778561036,15.811388300841896,15.811388300841896,16.492422502470642,17.72004514666935,17.72004514666935,17.46424919657298,17.46424919657298,17.72004514666935,17.72004514666935,18.027756377319946,18.681541692269406,0.0,-0.20749622643520266,-0.21866894587394195,-0.23109066719589708,-0.3217505543966422,-0.3217505543966422,-0.3217505543966422,-0.27829965900511133,-0.3217505543966422,-0.348771003583907,-0.3805063771123649,-0.4636476090008061,-0.507098504392337,-0.507098504392337,-0.507098504392337,-0.5585993153435624,-0.6947382761967031,-0.6202494859828215,-0.5585993153435624,-0.7086262721276703,-0.7086262721276703,-0.7853981633974483,-0.6947382761967031,-0.5880026035475675,-0.6202494859828215,-0.6202494859828215,-0.40489178628508343,0.0,0.0,0.0,0.0,0.0,0.0,0.0,0.0,0.0,0.0,0.0,-0.4636476090008061,-0.5585993153435624,-0.6202494859828215,-0.5585993153435624,-0.507098504392337,-0.4636476090008061,-0.3805063771123649,-0.3805063771123649,-0.348771003583907,-0.3947911196997615,-0.3947911196997615,-0.3217505543966422,-0.3217505543966422,-0.2984989315861793,-0.27829965900511133,-0.3217505543966422,-0.3217505543966422,-0.24497866312686414,-0.2860514417173182,-0.2860514417173182,-0.23109066719589708,-0.23109066719589708,-0.2860514417173182,-0.2860514417173182,-0.3392926144540447,-0.27094685033842053
29.14263394400041,router,ba:bd:de:13:68:55,-84,98.76580356335877,64,0.9943064786960982,6.878695482232942,0,0,-5,-16,-5,-18,-5,-20,-5,-18,-5,-15,-7,-13,-7,-13,-7,-13,-6,-12,-5,-11,-6,-10,-6,-10,-5,-9,-6,-8,-7,-8,-7,-8,-6,-7,-6,-7,-6,-7,-6,-7,-6,-7,-5,-6,-6,-4,-6,-4,-4,-6,-1,-5,0,0,0,0,0,0,0,0,0,0,0,0,0,0,0,0,0,0,0,0,0,0,-4,-7,-4,-7,-3,-8,-4,-10,-5,-11,-4,-11,-3,-12,-3,-13,-3,-13,-4,-13,-5,-13,-4,-14,-4,-14,-5,-14,-6,-15,-5,-15,-6,-16,-6,-17,-6,-18,-5,-19,-6,-19,-6,-17,-6,-17,-6,-17,-6,-18,-5,-18,0.0,16.76305461424021,18.681541692269406,20.615528128088304,18.681541692269406,15.811388300841896,14.7648230602334,14.7648230602334,14.7648230602334,13.416407864998739,12.083045973594572,11.661903789690601,11.661903789690601,10.295630140987,10.0,10.63014581273465,10.63014581273465,9.219544457292887,9.219544457292887,9.219544457292887,9.219544457292887,9.219544457292887,7.810249675906654,7.211102550927978,7.211102550927978,7.211102550927978,5.0990195135927845,0.0,0.0,0.0,0.0,0.0,0.0,0.0,0.0,0.0,0.0,0.0,8.06225774829855,8.06225774829855,8.54400374531753,10.770329614269007,12.083045973594572,11.704699910719626,12.36931687685298,13.341664064126334,13.341664064126334,13.601470508735444,13.92838827718412,14.560219778561036,14.560219778561036,14.866068747318506,16.15549442140351,15.811388300841896,17.08800749063506,18.027756377319946,18.973665961010276,19.6468827043885,19.924858845171276,18.027756377319946,18.027756377319946,18.027756377319946,18.973665961010276,18.681541692269406,0.0,-1.873681195169868,-1.8417431771333173,-1.8157749899217608,-1.8417431771333173,-1.892546881191539,-2.0647376957144776,-2.0647376957144776,-2.0647376957144776,-2.0344439357957027,-1.9974238199217726,-2.1112158270654806,-2.1112158270654806,-2.0778948311872334,-2.214297435588181,-2.289626326416521,-2.289626326416521,-2.279422598922567,-2.279422598922567,-2.279422598922567,-2.279422598922567,-2.279422598922567,-2.2655346029916,-2.5535900500422257,-2.5535900500422257,-2.158798930342464,-1.7681918866447774,0.0,0.0,0.0,0.0,0.0,0.0,0.0,0.0,0.0,0.0,0.0,-2.0899424410414196,-2.0899424410414196,-1.9295669970654687,-1.9513027039072615,-1.9974238199217726,-1.9195673303788037,-1.8157749899217608,-1.7975951748487824,-1.7975951748487824,-1.8692952583810758,-1.9379701606131159,-1.849095985800008,-1.849095985800008,-1.9138202672156,-1.9513027039072615,-1.892546881191539,-1.9295669970654687,-1.9100889412489412,-1.892546881191539,-1.8281200417659853,-1.8766751981997487,-1.9100889412489412,-1.9100889412489412,-1.9100889412489412,-1.892546881191539,-1.8417431771333173
29.24332343500282,router,ba:bd:de:13:68:55,-84,98.76580356335877,64,0.9923823770462683,6.952289400245455,0,0,-12,-13,-11,-14,-10,-14,-10,-13,-9,-11,-9,-10,-9,-8,-9,-6,-10,-6,-10,-6,-9,-5,-8,-5,-8,-4,-8,-4,-7,-4,-7,-5,-8,-5,-9,-4,-8,-3,-7,-4,-7,-4,-7,-4,-6,-3,-7,-3,-7,-4,-8,-6,0,0,0,0,0,0,0,0,0,0,0,0,0,0,0,0,0,0,0,0,0,0,-7,-6,-6,-6,-7,-6,-8,-7,-7,-7,-7,-7,-8,-8,-10,-9,-9,-9,-9,-9,-9,-10,-9,-11,-8,-10,-9,-10,-10,-11,-11,-11,-11,-12,-10,-12,-11,-12,-12,-12,-12,-12,-12,-13,-12,-13,-13,-13,-12,-13,-12,-14,0.0,17.69180601295413,17.804493814764857,17.204650534085253,16.401219466856727,14.212670403551895,13.45362404707371,12.041594578792296,10.816653826391969,11.661903789690601,11.661903789690601,10.295630140987,9.433981132056603,8.94427190999916,8.94427190999916,8.06225774829855,8.602325267042627,9.433981132056603,9.848857801796104,8.54400374531753,8.06225774829855,8.06225774829855,8.06225774829855,6.708203932499369,7.615773105863909,8.06225774829855,10.0,0.0,0.0,0.0,0.0,0.0,0.0,0.0,0.0,0.0,0.0,0.0,9.219544457292887,8.48528137423857,9.219544457292887,10.63014581273465,9.899494936611665,9.899494936611665,11.313708498984761,13.45362404707371,12.727922061357855,12.727922061357855,13.45362404707371,14.212670403551895,12.806248474865697,13.45362404707371,14.866068747318506,15.556349186104045,16.278820596099706,15.620499351813308,16.278820596099706,16.97056274847714,16.97056274847714,17.69180601295413,17.69180601295413,18.384776310850235,17.69180601295413,18.439088914585774,0.0,-2.316215803069055,-2.2367655641740063,-2.191045812777718,-2.2264919530364327,-2.256525837701183,-2.3036114285814033,-2.4149503129080676,-2.5535900500422257,-2.601173153319209,-2.601173153319209,-2.6344941491974563,-2.5829933382462307,-2.677945044588987,-2.677945044588987,-2.62244653934327,-2.5213431676069717,-2.5829933382462307,-2.723368324010564,-2.782821983319221,-2.62244653934327,-2.62244653934327,-2.62244653934327,-2.677945044588987,-2.7367008673047097,-2.62244653934327,-2.498091544796509,0.0,0.0,0.0,0.0,0.0,0.0,0.0,0.0,0.0,0.0,0.0,-2.432966381462123,-2.356194490192345,-2.432966381462123,-2.4227626539681686,-2.356194490192345,-2.356194490192345,-2.356194490192345,-2.408777551803287,-2.356194490192345,-2.356194490192345,-2.3036114285814033,-2.256525837701183,-2.2455372690184494,-2.3036114285814033,-2.3086113869153615,-2.356194490192345,-2.312743594800814,-2.2655346029916,-2.312743594800814,-2.356194490192345,-2.356194490192345,-2.316215803069055,-2.316215803069055,-2.356194490192345,-2.316215803069055,-2.279422598922567
29.351862654002616,router,ba:bd:de:13:68:55,-84,98.76580356335877,64,0.9913809565311121,7.031940927589292,0,0,16,7,15,8,14,8,12,7,11,7,11,5,12,5,11,5,10,3,10,2,10,1,10,1,9,2,8,3,8,1,8,-1,8,-1,7,0,7,0,8,0,9,0,8,1,8,2,9,1,6,1,4,2,0,0,0,0,0,0,0,0,0,0,0,0,0,0,0,0,0,0,0,0,0,0,7,5,7,5,8,5,9,6,8,7,8,6,9,5,8,6,8,7,8,7,9,7,10,7,10,7,12,7,13,8,12,9,12,8,14,7,14,8,15,8,16,8,17,9,18,9,17,8,16,7,17,9,0.0,17.46424919657298,17.0,16.1245154965971,13.892443989449804,13.038404810405298,12.083045973594572,13.0,12.083045973594572,10.44030650891055,10.198039027185569,10.04987562112089,10.04987562112089,9.219544457292887,8.54400374531753,8.06225774829855,8.06225774829855,8.06225774829855,7.0,7.0,8.0,9.0,8.06225774829855,8.246211251235321,9.055385138137417,6.082762530298219,4.47213595499958,0.0,0.0,0.0,0.0,0.0,0.0,0.0,0.0,0.0,0.0,0.0,8.602325267042627,8.602325267042627,9.433981132056603,10.816653826391969,10.63014581273465,10.0,10.295630140987,10.0,10.63014581273465,10.63014581273465,11.40175425099138,12.206555615733702,12.206555615733702,13.892443989449804,15.264337522473747,15.0,14.422205101855956,15.652475842498529,16.1245154965971,17.0,17.88854381999832,19.235384061671343,20.12461179749811,18.788294228055936,17.46424919657298,19.235384061671343,0.0,0.4124104415973873,0.4899573262537283,0.5191461142465229,0.5280744484263596,0.5667292175235064,0.4266274931268761,0.3947911196997615,0.4266274931268761,0.2914567944778671,0.19739555984988075,0.09966865249116202,0.09966865249116202,0.21866894587394195,0.35877067027057225,0.12435499454676144,-0.12435499454676144,-0.12435499454676144,0.0,0.0,0.0,0.0,0.12435499454676144,0.24497866312686414,0.11065722117389565,0.16514867741462683,0.4636476090008061,0.0,0.0,0.0,0.0,0.0,0.0,0.0,0.0,0.0,0.0,0.0,0.6202494859828215,0.6202494859828215,0.5585993153435624,0.5880026035475675,0.7188299996216245,0.6435011087932844,0.507098504392337,0.6435011087932844,0.7188299996216245,0.7188299996216245,0.6610431688506869,0.6107259643892086,0.6107259643892086,0.5280744484263596,0.5516549825285468,0.6435011087932844,0.5880026035475675,0.4636476090008061,0.5191461142465229,0.4899573262537283,0.4636476090008061,0.48689923181126904,0.4636476090008061,0.4398425828157362,0.4124104415973873,0.48689923181126904
29.45187782800349,router,ba:bd:de:13:68:55,-84,98.76580356335877,64,0.9905766792420361,7.1146560053521135,0,0,-7,18,-7,17,-7,16,-7,14,-6,12,-5,12,-4,11,-4,11,-4,10,-3,9,-2,9,-3,10,-2,10,-1,10,-1,9,-1,8,-1,7,-1,8,-1,8,-1,9,-2,8,-2,7,-1,8,-1,8,0,7,-1,6,0,0,0,0,0,0,0,0,0,0,0,0,0,0,0,0,0,0,0,0,0,0,1,6,-2,7,-3,8,-3,8,-3,9,-4,9,-5,10,-5,12,-6,12,-5,11,-5,12,-5,12,-5,12,-6,13,-6,13,-5,13,-5,14,-4,15,-4,15,-6,15,-7,17,-7,16,-6,16,-6,17,-5,18,-5,18,0.0,19.313207915827967,18.384776310850235,17.46424919657298,15.652475842498529,13.416407864998739,13.0,11.704699910719626,11.704699910719626,10.770329614269007,9.486832980505138,9.219544457292887,10.44030650891055,10.198039027185569,10.04987562112089,9.055385138137417,8.06225774829855,7.0710678118654755,8.06225774829855,8.06225774829855,9.055385138137417,8.246211251235321,7.280109889280518,8.06225774829855,8.06225774829855,7.0,6.082762530298219,0.0,0.0,0.0,0.0,0.0,0.0,0.0,0.0,0.0,0.0,0.0,6.082762530298219,7.280109889280518,8.54400374531753,8.54400374531753,9.486832980505138,9.848857801796104,11.180339887498949,13.0,13.416407864998739,12.083045973594572,13.0,13.0,13.0,14.317821063276353,14.317821063276353,13.92838827718412,14.866068747318506,15.524174696260024,15.524174696260024,16.15549442140351,18.384776310850235,17.46424919657298,17.08800749063506,18.027756377319946,18.681541692269406,18.681541692269406,0.0,1.941687615607559,1.9614033704925835,1.9832067683922838,2.0344439357957027,2.0344439357957027,1.965587446494658,1.9195673303788037,1.9195673303788037,1.9513027039072615,1.892546881191539,1.7894652726688385,1.8622531212727638,1.7681918866447774,1.6704649792860586,1.6814535479687922,1.695151321341658,1.7126933813990606,1.695151321341658,1.695151321341658,1.6814535479687922,1.8157749899217608,1.849095985800008,1.695151321341658,1.695151321341658,1.5707963267948966,1.7359450042095235,0.0,0.0,0.0,0.0,0.0,0.0,0.0,0.0,0.0,0.0,0.0,1.4056476493802699,1.849095985800008,1.9295669970654687,1.9295669970654687,1.892546881191539,1.9890206563741257,2.0344439357957027,1.965587446494658,2.0344439357957027,1.9974238199217726,1.965587446494658,1.965587446494658,1.965587446494658,2.0032041023654346,2.0032041023654346,1.9379701606131159,1.9138202672156,1.8313987185422376,1.8313987185422376,1.9513027039072615,1.9614033704925835,1.9832067683922838,1.9295669970654687,1.9100889412489412,1.8417431771333173,1.8417431771333173
29.562071437001578,router,ba:bd:de:13:68:55,-84,98.76580356335877,64,0.9896234594908027,7.198215494905976,0,0,-5,17,-6,16,-6,16,-5,15,-5,13,-6,12,-4,12,-3,12,-3,11,-3,10,-2,10,-1,10,-2,10,-2,10,-1,9,0,9,0,8,-1,7,0,7,1,7,1,8,1,8,1,7,0,7,1,7,2,7,0,0,0,0,0,0,0,0,0,0,0,0,0,0,0,0,0,0,0,0,0,0,-3,7,-2,7,-3,8,-2,10,-1,10,-2,9,-5,10,-7,11,-7,11,-5,12,-6,12,-7,11,-7,12,-6,13,-7,13,-7,14,-6,15,-6,15,-6,15,-7,15,-7,15,-7,16,-8,17,-8,17,-8,17,-8,18,0.0,17.72004514666935,17.08800749063506,17.08800749063506,15.811388300841896,13.92838827718412,13.416407864998739,12.649110640673518,12.36931687685298,11.40175425099138,10.44030650891055,10.198039027185569,10.04987562112089,10.198039027185569,10.198039027185569,9.055385138137417,9.0,8.0,7.0710678118654755,7.0,7.0710678118654755,8.06225774829855,8.06225774829855,7.0710678118654755,7.0,7.0710678118654755,7.280109889280518,0.0,0.0,0.0,0.0,0.0,0.0,0.0,0.0,0.0,0.0,0.0,7.615773105863909,7.280109889280518,8.54400374531753,10.198039027185569,10.04987562112089,9.219544457292887,11.180339887498949,13.038404810405298,13.038404810405298,13.0,13.416407864998739,13.038404810405298,13.892443989449804,14.317821063276353,14.7648230602334,15.652475842498529,16.15549442140351,16.15549442140351,16.15549442140351,16.55294535724685,16.55294535724685,17.46424919657298,18.788294228055936,18.788294228055936,18.788294228055936,19.697715603592208,0.0,1.856847768512215,1.9295669970654687,1.9295669970654687,1.892546881191539,1.9379701606131159,2.0344439357957027,1.892546881191539,1.8157749899217608,1.837048375945822,1.8622531212727638,1.7681918866447774,1.6704649792860586,1.7681918866447774,1.7681918866447774,1.6814535479687922,1.5707963267948966,1.5707963267948966,1.7126933813990606,1.5707963267948966,1.4288992721907328,1.446441332248135,1.446441332248135,1.4288992721907328,1.5707963267948966,1.4288992721907328,1.2924966677897853,0.0,0.0,0.0,0.0,0.0,0.0,0.0,0.0,0.0,0.0,0.0,1.97568811307998,1.849095985800008,1.9295669970654687,1.7681918866447774,1.6704649792860586,1.7894652726688385,2.0344439357957027,2.137525544318403,2.137525544318403,1.965587446494658,2.0344439357957027,2.137525544318403,2.0988707752212563,2.0032041023654346,2.0647376957144776,2.0344439357957027,1.9513027039072615,1.9513027039072615,1.9513027039072615,2.007423486608438,2.007423486608438,1.9832067683922838,2.0106389096106327,2.0106389096106327,2.0106389096106327,1.9890206563741257
29.664290289001656,router,ba:bd:de:13:68:55,-83,98.76580356335877,64,0.9890912638295359,7.280943193020011,0,0,-18,-9,-17,-8,-15,-7,-14,-7,-13,-6,-12,-7,-12,-7,-12,-5,-13,-5,-12,-5,-9,-4,-9,-4,-10,-3,-10,-2,-10,-2,-11,-2,-10,-3,-9,-2,-8,-1,-7,-2,-8,-2,-9,-2,-8,-2,-7,-3,-7,-2,-9,0,0,0,0,0,0,0,0,0,0,0,0,0,0,0,0,0,0,0,0,0,0,0,-9,-3,-9,-2,-11,-2,-12,-3,-12,-3,-12,-2,-12,-3,-12,-5,-13,-6,-14,-5,-13,-4,-13,-4,-13,-5,-14,-5,-14,-5,-14,-6,-14,-8,-15,-8,-16,-9,-16,-7,-16,-7,-17,-7,-17,-7,-16,-6,-17,-8,-16,-10,0.0,20.12461179749811,18.788294228055936,16.55294535724685,15.652475842498529,14.317821063276353,13.892443989449804,13.892443989449804,13.0,13.92838827718412,13.0,9.848857801796104,9.848857801796104,10.44030650891055,10.198039027185569,10.198039027185569,11.180339887498949,10.44030650891055,9.219544457292887,8.06225774829855,7.280109889280518,8.246211251235321,9.219544457292887,8.246211251235321,7.615773105863909,7.280109889280518,9.0,0.0,0.0,0.0,0.0,0.0,0.0,0.0,0.0,0.0,0.0,0.0,9.486832980505138,9.219544457292887,11.180339887498949,12.36931687685298,12.36931687685298,12.165525060596439,12.36931687685298,13.0,14.317821063276353,14.866068747318506,13.601470508735444,13.601470508735444,13.92838827718412,14.866068747318506,14.866068747318506,15.231546211727817,16.1245154965971,17.0,18.35755975068582,17.46424919657298,17.46424919657298,18.384776310850235,18.384776310850235,17.08800749063506,18.788294228055936,18.867962264113206,0.0,-2.677945044588987,-2.701750070774057,-2.704965493776252,-2.677945044588987,-2.7091848780192556,-2.6135182051634334,-2.6135182051634334,-2.746801533890032,-2.774418819771574,-2.746801533890032,-2.723368324010564,-2.723368324010564,-2.8501358591119264,-2.9441970937399127,-2.9441970937399127,-2.961739153797315,-2.8501358591119264,-2.922923707715851,-3.017237659043032,-2.8632929945846817,-2.896613990462929,-2.922923707715851,-2.896613990462929,-2.7367008673047097,-2.8632929945846817,3.141592653589793,0.0,0.0,0.0,0.0,0.0,0.0,0.0,0.0,0.0,0.0,0.0,-2.819842099193151,-2.922923707715851,-2.961739153797315,-2.896613990462929,-2.896613990462929,-2.976443976175166,-2.896613990462929,-2.746801533890032,-2.7091848780192556,-2.79856871316909,-2.843093722003614,-2.843093722003614,-2.774418819771574,-2.79856871316909,-2.79856871316909,-2.7367008673047097,-2.62244653934327,-2.651635327336065,-2.6292031932790554,-2.729182211992406,-2.729182211992406,-2.7509856098921066,-2.7509856098921066,-2.782821983319221,-2.701750070774057,-2.5829933382462307
29.772776992002036,router,ba:bd:de:13:68:55,-85,98.76580356335877,64,0.9895629968575703,7.361521969827893,0,0,-18,-8,-17,-9,-15,-8,-15,-7,-15,-6,-14,-5,-12,-3,-12,-3,-12,-4,-12,-4,-12,-3,-11,-2,-10,-1,-10,0,-9,0,-8,1,-9,2,-9,3,-9,3,-8,1,-6,2,-7,2,-8,1,-8,0,-7,0,-8,-1,0,0,0,0,0,0,0,0,0,0,0,0,0,0,0,0,0,0,0,0,0,0,-8,-5,-8,-3,-8,-2,-10,-2,-12,-3,-11,-5,-12,-6,-12,-6,-13,-6,-13,-7,-13,-8,-12,-8,-13,-7,-14,-7,-14,-7,-15,-7,-16,-8,-16,-9,-16,-8,-17,-7,-18,-8,-18,-8,-18,-9,-18,-9,-17,-10,-17,-10,0.0,19.697715603592208,19.235384061671343,17.0,16.55294535724685,16.15549442140351,14.866068747318506,12.36931687685298,12.36931687685298,12.649110640673518,12.649110640673518,12.36931687685298,11.180339887498949,10.04987562112089,10.0,9.0,8.06225774829855,9.219544457292887,9.486832980505138,9.486832980505138,8.06225774829855,6.324555320336759,7.280109889280518,8.06225774829855,8.0,7.0,8.06225774829855,0.0,0.0,0.0,0.0,0.0,0.0,0.0,0.0,0.0,0.0,0.0,9.433981132056603,8.54400374531753,8.246211251235321,10.198039027185569,12.36931687685298,12.083045973594572,13.416407864998739,13.416407864998739,14.317821063276353,14.7648230602334,15.264337522473747,14.422205101855956,14.7648230602334,15.652475842498529,15.652475842498529,16.55294535724685,17.88854381999832,18.35755975068582,17.88854381999832,18.384776310850235,19.697715603592208,19.697715603592208,20.12461179749811,20.12461179749811,19.72308292331602,19.72308292331602,0.0,-2.723368324010564,-2.654693421778524,-2.651635327336065,-2.704965493776252,-2.761086276477428,-2.79856871316909,-2.896613990462929,-2.896613990462929,-2.819842099193151,-2.819842099193151,-2.896613990462929,-2.961739153797315,-3.0419240010986313,3.141592653589793,3.141592653589793,3.017237659043032,2.922923707715851,2.819842099193151,2.819842099193151,3.017237659043032,2.819842099193151,2.8632929945846817,3.017237659043032,3.141592653589793,3.141592653589793,-3.017237659043032,0.0,0.0,0.0,0.0,0.0,0.0,0.0,0.0,0.0,0.0,0.0,-2.5829933382462307,-2.782821983319221,-2.896613990462929,-2.9441970937399127,-2.896613990462929,-2.714965160462917,-2.677945044588987,-2.677945044588987,-2.7091848780192556,-2.647651284670212,-2.5899376710612465,-2.5535900500422257,-2.647651284670212,-2.677945044588987,-2.677945044588987,-2.704965493776252,-2.677945044588987,-2.6292031932790554,-2.677945044588987,-2.7509856098921066,-2.723368324010564,-2.723368324010564,-2.677945044588987,-2.677945044588987,-2.609868586330988,-2.609868586330988
29.873941798003216,router,ba:bd:de:13:68:55,-83,97.27747495913408,64,0.9909845650625673,7.4388403882489715,0,0,-18,-9,-19,-9,-18,-9,-16,-8,-14,-8,-13,-7,-13,-8,-13,-8,-13,-6,-13,-5,-11,-4,-11,-3,-11,-2,-9,-2,-9,-3,-10,-3,-10,-2,-10,-2,-9,-2,-8,-2,-8,-2,-8,-3,-7,-2,-6,-1,-6,0,-6,1,0,0,0,0,0,0,0,0,0,0,0,0,0,0,0,0,0,0,0,0,0,0,-8,-4,-10,-3,-10,-3,-10,-3,-10,-4,-11,-5,-13,-7,-14,-6,-14,-6,-13,-6,-13,-6,-13,-6,-14,-6,-14,-7,-14,-7,-14,-7,-14,-8,-15,-8,-17,-7,-18,-6,-19,-7,-19,-9,-18,-10,-17,-10,-17,-10,-16,-11,0.0,20.12461179749811,21.02379604162864,20.12461179749811,17.88854381999832,16.1245154965971,14.7648230602334,15.264337522473747,15.264337522473747,14.317821063276353,13.92838827718412,11.704699910719626,11.40175425099138,11.180339887498949,9.219544457292887,9.486832980505138,10.44030650891055,10.198039027185569,10.198039027185569,9.219544457292887,8.246211251235321,8.246211251235321,8.54400374531753,7.280109889280518,6.082762530298219,6.0,6.082762530298219,0.0,0.0,0.0,0.0,0.0,0.0,0.0,0.0,0.0,0.0,0.0,8.94427190999916,10.44030650891055,10.44030650891055,10.44030650891055,10.770329614269007,12.083045973594572,14.7648230602334,15.231546211727817,15.231546211727817,14.317821063276353,14.317821063276353,14.317821063276353,15.231546211727817,15.652475842498529,15.652475842498529,15.652475842498529,16.1245154965971,17.0,18.384776310850235,18.973665961010276,20.248456731316587,21.02379604162864,20.591260281974,19.72308292331602,19.72308292331602,19.4164878389476,0.0,-2.677945044588987,-2.6992184306130484,-2.677945044588987,-2.677945044588987,-2.62244653934327,-2.647651284670212,-2.5899376710612465,-2.5899376710612465,-2.7091848780192556,-2.774418819771574,-2.7928216500058864,-2.875340604438868,-2.961739153797315,-2.922923707715851,-2.819842099193151,-2.8501358591119264,-2.9441970937399127,-2.9441970937399127,-2.922923707715851,-2.896613990462929,-2.896613990462929,-2.782821983319221,-2.8632929945846817,-2.976443976175166,3.141592653589793,2.976443976175166,0.0,0.0,0.0,0.0,0.0,0.0,0.0,0.0,0.0,0.0,0.0,-2.677945044588987,-2.8501358591119264,-2.8501358591119264,-2.8501358591119264,-2.761086276477428,-2.714965160462917,-2.647651284670212,-2.7367008673047097,-2.7367008673047097,-2.7091848780192556,-2.7091848780192556,-2.7091848780192556,-2.7367008673047097,-2.677945044588987,-2.677945044588987,-2.677945044588987,-2.62244653934327,-2.651635327336065,-2.7509856098921066,-2.819842099193151,-2.788602265762883,-2.6992184306130484,-2.6344941491974563,-2.609868586330988,-2.609868586330988,-2.539305307454829
29.982379255001433,router,ba:bd:de:13:68:55,-84,97.27747495913408,64,0.9874134522977185,7.5119257964444515,0,0,-17,-5,-17,-4,-16,-3,-15,-3,-15,-3,-16,-3,-15,-3,-14,-3,-13,-2,-12,-2,-11,-1,-12,0,-10,1,-8,1,-8,0,-9,-1,-9,-1,-9,-1,-9,-1,-8,-1,-8,0,-8,0,-8,0,-8,-2,-7,-1,-7,1,0,0,0,0,0,0,0,0,0,0,0,0,0,0,0,0,0,0,0,0,0,0,-8,3,-8,2,-8,1,-10,2,-11,2,-12,1,-12,-1,-13,0,-13,1,-13,1,-13,1,-14,0,-15,0,-14,0,-15,0,-15,-1,-15,-1,-15,-1,-16,-1,-16,-2,-16,-3,-18,-2,-18,-2,-17,-2,-17,-2,-16,-2,0.0,17.72004514666935,17.46424919657298,16.278820596099706,15.297058540778355,15.297058540778355,16.278820596099706,15.297058540778355,14.317821063276353,13.152946437965905,12.165525060596439,11.045361017187261,12.0,10.04987562112089,8.06225774829855,8.0,9.055385138137417,9.055385138137417,9.055385138137417,9.055385138137417,8.06225774829855,8.0,8.0,8.0,8.246211251235321,7.0710678118654755,7.0710678118654755,0.0,0.0,0.0,0.0,0.0,0.0,0.0,0.0,0.0,0.0,0.0,8.54400374531753,8.246211251235321,8.06225774829855,10.198039027185569,11.180339887498949,12.041594578792296,12.041594578792296,13.0,13.038404810405298,13.038404810405298,13.038404810405298,14.0,15.0,14.0,15.0,15.033296378372908,15.033296378372908,15.033296378372908,16.0312195418814,16.1245154965971,16.278820596099706,18.110770276274835,18.110770276274835,17.11724276862369,17.11724276862369,16.1245154965971,0.0,-2.8555412118724752,-2.9105019863938963,-2.9562447035940984,-2.9441970937399127,-2.9441970937399127,-2.9562447035940984,-2.9441970937399127,-2.930499320367047,-2.988943325194528,-2.976443976175166,-3.050932766389048,3.141592653589793,3.0419240010986313,3.017237659043032,3.141592653589793,-3.0309354324158977,-3.0309354324158977,-3.0309354324158977,-3.0309354324158977,-3.017237659043032,3.141592653589793,3.141592653589793,3.141592653589793,-2.896613990462929,-2.999695598985629,2.999695598985629,0.0,0.0,0.0,0.0,0.0,0.0,0.0,0.0,0.0,0.0,0.0,2.782821983319221,2.896613990462929,3.017237659043032,2.9441970937399127,2.961739153797315,3.058451421701352,-3.058451421701352,3.141592653589793,3.064820762320015,3.064820762320015,3.064820762320015,3.141592653589793,3.141592653589793,3.141592653589793,3.141592653589793,-3.0750244898139694,-3.0750244898139694,-3.0750244898139694,-3.079173843593836,-3.017237659043032,-2.9562447035940984,-3.0309354324158977,-3.0309354324158977,-3.024483909022929,-3.024483909022929,-3.017237659043032
30.082709212001646,router,ba:bd:de:13:68:55,-84,97.27747495913408,64,0.9849406206222273,7.580011085061551,0,0,-14,-13,-13,-13,-13,-13,-12,-12,-12,-11,-11,-10,-10,-9,-10,-8,-10,-8,-9,-8,-8,-6,-9,-5,-9,-5,-9,-5,-8,-4,-8,-4,-9,-4,-9,-4,-9,-4,-9,-4,-9,-4,-9,-4,-8,-4,-7,-5,-7,-4,-7,-2,0,0,0,0,0,0,0,0,0,0,0,0,0,0,0,0,0,0,0,0,0,0,-6,-7,-8,-7,-9,-7,-10,-7,-10,-7,-9,-7,-9,-8,-9,-9,-9,-10,-10,-10,-10,-11,-10,-12,-11,-11,-12,-11,-13,-11,-12,-11,-11,-11,-11,-11,-11,-12,-11,-12,-13,-12,-14,-13,-14,-15,-14,-15,-14,-14,-13,-14,0.0,19.1049731745428,18.384776310850235,18.384776310850235,16.97056274847714,16.278820596099706,14.866068747318506,13.45362404707371,12.806248474865697,12.806248474865697,12.041594578792296,10.0,10.295630140987,10.295630140987,10.295630140987,8.94427190999916,8.94427190999916,9.848857801796104,9.848857801796104,9.848857801796104,9.848857801796104,9.848857801796104,9.848857801796104,8.94427190999916,8.602325267042627,8.06225774829855,7.280109889280518,0.0,0.0,0.0,0.0,0.0,0.0,0.0,0.0,0.0,0.0,0.0,9.219544457292887,10.63014581273465,11.40175425099138,12.206555615733702,12.206555615733702,11.40175425099138,12.041594578792296,12.727922061357855,13.45362404707371,14.142135623730951,14.866068747318506,15.620499351813308,15.556349186104045,16.278820596099706,17.029386365926403,16.278820596099706,15.556349186104045,15.556349186104045,16.278820596099706,16.278820596099706,17.69180601295413,19.1049731745428,20.518284528683193,20.518284528683193,19.79898987322333,19.1049731745428,0.0,-2.393214606066275,-2.356194490192345,-2.356194490192345,-2.356194490192345,-2.399645385583876,-2.403777593469328,-2.408777551803287,-2.4668517113662407,-2.4668517113662407,-2.4149503129080676,-2.498091544796509,-2.6344941491974563,-2.6344941491974563,-2.6344941491974563,-2.677945044588987,-2.677945044588987,-2.723368324010564,-2.723368324010564,-2.723368324010564,-2.723368324010564,-2.723368324010564,-2.723368324010564,-2.677945044588987,-2.5213431676069717,-2.62244653934327,-2.8632929945846817,0.0,0.0,0.0,0.0,0.0,0.0,0.0,0.0,0.0,0.0,0.0,-2.279422598922567,-2.4227626539681686,-2.4805494847391065,-2.5308666892005847,-2.5308666892005847,-2.4805494847391065,-2.4149503129080676,-2.356194490192345,-2.3036114285814033,-2.356194490192345,-2.3086113869153615,-2.2655346029916,-2.356194490192345,-2.399645385583876,-2.439335722080786,-2.399645385583876,-2.356194490192345,-2.356194490192345,-2.312743594800814,-2.312743594800814,-2.396173177315635,-2.393214606066275,-2.321725389192837,-2.321725389192837,-2.356194490192345,-2.3191743743184148
30.19130585699895,router,ba:bd:de:13:68:55,-84,97.27747495913408,64,0.9831952975718505,7.642476078397399,0,0,16,5,16,7,16,6,14,5,13,5,12,5,11,4,11,2,10,1,9,1,8,1,9,0,9,0,9,-1,9,-2,9,-2,8,-1,7,-1,6,-2,6,-2,7,-1,7,0,6,-1,6,-1,7,-2,8,-3,0,0,0,0,0,0,0,0,0,0,0,0,0,0,0,0,0,0,0,0,0,0,7,2,8,2,8,2,8,2,9,1,10,2,11,4,11,4,11,3,11,3,12,3,13,3,13,4,15,5,14,4,14,4,15,5,14,5,14,5,16,4,17,5,18,6,19,6,19,5,18,5,16,7,0.0,16.76305461424021,17.46424919657298,17.08800749063506,14.866068747318506,13.92838827718412,13.0,11.704699910719626,11.180339887498949,10.04987562112089,9.055385138137417,8.06225774829855,9.0,9.0,9.055385138137417,9.219544457292887,9.219544457292887,8.06225774829855,7.0710678118654755,6.324555320336759,6.324555320336759,7.0710678118654755,7.0,6.082762530298219,6.082762530298219,7.280109889280518,8.54400374531753,0.0,0.0,0.0,0.0,0.0,0.0,0.0,0.0,0.0,0.0,0.0,7.280109889280518,8.246211251235321,8.246211251235321,8.246211251235321,9.055385138137417,10.198039027185569,11.704699910719626,11.704699910719626,11.40175425099138,11.40175425099138,12.36931687685298,13.341664064126334,13.601470508735444,15.811388300841896,14.560219778561036,14.560219778561036,15.811388300841896,14.866068747318506,14.866068747318506,16.492422502470642,17.72004514666935,18.973665961010276,19.924858845171276,19.6468827043885,18.681541692269406,17.46424919657298,0.0,0.3028848683749714,0.4124104415973873,0.35877067027057225,0.3430239404207034,0.3671738338182192,0.3947911196997615,0.348771003583907,0.17985349979247828,0.09966865249116202,0.11065722117389565,0.12435499454676144,0.0,0.0,-0.11065722117389565,-0.21866894587394195,-0.21866894587394195,-0.12435499454676144,-0.14189705460416394,-0.3217505543966422,-0.3217505543966422,-0.14189705460416394,0.0,-0.16514867741462683,-0.16514867741462683,-0.27829965900511133,-0.35877067027057225,0.0,0.0,0.0,0.0,0.0,0.0,0.0,0.0,0.0,0.0,0.0,0.27829965900511133,0.24497866312686414,0.24497866312686414,0.24497866312686414,0.11065722117389565,0.19739555984988075,0.348771003583907,0.348771003583907,0.2662520491509254,0.2662520491509254,0.24497866312686414,0.22679884805388587,0.2984989315861793,0.3217505543966422,0.27829965900511133,0.27829965900511133,0.3217505543966422,0.3430239404207034,0.3430239404207034,0.24497866312686414,0.2860514417173182,0.3217505543966422,0.30587887140485215,0.25732371497108864,0.27094685033842053,0.4124104415973873
30.29282954500377,router,ba:bd:de:13:68:55,-84,97.27747495913408,64,0.9843223818709284,7.698792562136926,0,0,-21,-6,-19,-5,-17,-6,-17,-7,-17,-5,-16,-4,-16,-4,-14,-4,-12,-3,-12,-2,-11,-3,-11,-2,-11,-2,-10,-2,-10,-2,-11,-1,-10,-1,-9,-1,-9,-1,-10,-1,-10,0,-8,0,-8,0,-10,-1,-10,-2,-11,-2,0,0,0,0,0,0,0,0,0,0,0,0,0,0,0,0,0,0,0,0,0,0,-8,-1,-10,0,-11,1,-11,0,-11,-2,-12,-3,-13,-3,-13,-3,-13,-4,-13,-3,-14,-3,-15,-3,-16,-4,-16,-4,-15,-4,-15,-4,-17,-5,-19,-5,-19,-5,-18,-6,-19,-6,-20,-5,-19,-4,-20,-5,-20,-5,-20,-6,0.0,21.840329667841555,19.6468827043885,18.027756377319946,18.384776310850235,17.72004514666935,16.492422502470642,16.492422502470642,14.560219778561036,12.36931687685298,12.165525060596439,11.40175425099138,11.180339887498949,11.180339887498949,10.198039027185569,10.198039027185569,11.045361017187261,10.04987562112089,9.055385138137417,9.055385138137417,10.04987562112089,10.0,8.0,8.0,10.04987562112089,10.198039027185569,11.180339887498949,0.0,0.0,0.0,0.0,0.0,0.0,0.0,0.0,0.0,0.0,0.0,8.06225774829855,10.0,11.045361017187261,11.0,11.180339887498949,12.36931687685298,13.341664064126334,13.341664064126334,13.601470508735444,13.341664064126334,14.317821063276353,15.297058540778355,16.492422502470642,16.492422502470642,15.524174696260024,15.524174696260024,17.72004514666935,19.6468827043885,19.6468827043885,18.973665961010276,19.924858845171276,20.615528128088304,19.4164878389476,20.615528128088304,20.615528128088304,20.8806130178211,0.0,-2.8632929945846817,-2.8842689386187046,-2.8023000391357487,-2.7509856098921066,-2.8555412118724752,-2.896613990462929,-2.896613990462929,-2.8632929945846817,-2.896613990462929,-2.976443976175166,-2.875340604438868,-2.961739153797315,-2.961739153797315,-2.9441970937399127,-2.9441970937399127,-3.050932766389048,-3.0419240010986313,-3.0309354324158977,-3.0309354324158977,-3.0419240010986313,3.141592653589793,3.141592653589793,3.141592653589793,-3.0419240010986313,-2.9441970937399127,-2.961739153797315,0.0,0.0,0.0,0.0,0.0,0.0,0.0,0.0,0.0,0.0,0.0,-3.017237659043032,3.141592653589793,3.050932766389048,3.141592653589793,-2.961739153797315,-2.896613990462929,-2.9147938055359073,-2.9147938055359073,-2.843093722003614,-2.9147938055359073,-2.930499320367047,-2.9441970937399127,-2.896613990462929,-2.896613990462929,-2.8809902618424523,-2.8809902618424523,-2.8555412118724752,-2.8842689386187046,-2.8842689386187046,-2.819842099193151,-2.835713782184941,-2.896613990462929,-2.9340964271545906,-2.896613990462929,-2.896613990462929,-2.8501358591119264
30.402262025003438,router,ba:bd:de:13:68:55,-84,97.27747495913408,64,0.9842289656399568,7.748494377417636,0,0,12,15,12,15,12,13,10,12,9,12,8,11,9,11,8,10,8,10,8,8,10,7,10,6,9,7,8,6,8,4,8,4,8,4,7,4,7,4,6,3,6,4,6,5,5,5,5,5,7,2,10,-1,0,0,0,0,0,0,0,0,0,0,0,0,0,0,0,0,0,0,0,0,0,0,8,5,7,3,7,3,8,5,9,6,9,5,10,6,11,6,11,7,11,9,10,10,11,10,11,10,11,9,10,8,11,10,12,11,12,11,13,10,13,10,14,12,14,13,14,13,15,13,14,13,11,14,0.0,19.209372712298546,19.209372712298546,17.69180601295413,15.620499351813308,15.0,13.601470508735444,14.212670403551895,12.806248474865697,12.806248474865697,11.313708498984761,12.206555615733702,11.661903789690601,11.40175425099138,10.0,8.94427190999916,8.94427190999916,8.94427190999916,8.06225774829855,8.06225774829855,6.708203932499369,7.211102550927978,7.810249675906654,7.0710678118654755,7.0710678118654755,7.280109889280518,10.04987562112089,0.0,0.0,0.0,0.0,0.0,0.0,0.0,0.0,0.0,0.0,0.0,9.433981132056603,7.615773105863909,7.615773105863909,9.433981132056603,10.816653826391969,10.295630140987,11.661903789690601,12.529964086141668,13.038404810405298,14.212670403551895,14.142135623730951,14.866068747318506,14.866068747318506,14.212670403551895,12.806248474865697,14.866068747318506,16.278820596099706,16.278820596099706,16.401219466856727,16.401219466856727,18.439088914585774,19.1049731745428,19.1049731745428,19.849433241279208,19.1049731745428,17.804493814764857,0.0,0.8960553845713439,0.8960553845713439,0.8253768505207384,0.8760580505981934,0.9272952180016122,0.9420000403794636,0.8850668158886104,0.8960553845713439,0.8960553845713439,0.7853981633974483,0.6107259643892086,0.5404195002705842,0.6610431688506869,0.6435011087932844,0.4636476090008061,0.4636476090008061,0.4636476090008061,0.5191461142465229,0.5191461142465229,0.4636476090008061,0.5880026035475675,0.6947382761967031,0.7853981633974483,0.7853981633974483,0.27829965900511133,-0.09966865249116202,0.0,0.0,0.0,0.0,0.0,0.0,0.0,0.0,0.0,0.0,0.0,0.5585993153435624,0.40489178628508343,0.40489178628508343,0.5585993153435624,0.5880026035475675,0.507098504392337,0.5404195002705842,0.4993467216801301,0.5667292175235064,0.6857295109062863,0.7853981633974483,0.7378150601204649,0.7378150601204649,0.6857295109062863,0.6747409422235526,0.7378150601204649,0.7419472680059175,0.7419472680059175,0.6556956262415362,0.6556956262415362,0.7086262721276703,0.7483780475235183,0.7483780475235183,0.714090698612158,0.7483780475235183,0.9048270894157867
30.511402654999983,router,ba:bd:de:13:68:55,-84,97.27747495913408,64,0.9844621041416343,7.791163250122564,0,0,16,1,16,1,16,-1,14,0,13,1,13,0,11,-1,10,-1,11,0,12,-1,10,-3,8,-3,8,-2,8,-2,8,-2,9,-3,8,-3,7,-3,7,-2,8,-1,7,-2,6,-3,7,-3,7,-2,7,-1,8,0,0,0,0,0,0,0,0,0,0,0,0,0,0,0,0,0,0,0,0,0,0,0,7,-2,7,-1,7,-1,8,-2,10,-1,10,0,11,-1,12,-1,12,0,13,1,13,-1,14,-2,14,-1,14,0,13,1,13,0,15,0,15,1,16,1,16,-1,16,-2,16,-1,16,-1,17,-2,17,-1,17,0,0.0,16.0312195418814,16.0312195418814,16.0312195418814,14.0,13.038404810405298,13.0,11.045361017187261,10.04987562112089,11.0,12.041594578792296,10.44030650891055,8.54400374531753,8.246211251235321,8.246211251235321,8.246211251235321,9.486832980505138,8.54400374531753,7.615773105863909,7.280109889280518,8.06225774829855,7.280109889280518,6.708203932499369,7.615773105863909,7.280109889280518,7.0710678118654755,8.0,0.0,0.0,0.0,0.0,0.0,0.0,0.0,0.0,0.0,0.0,0.0,7.280109889280518,7.0710678118654755,7.0710678118654755,8.246211251235321,10.04987562112089,10.0,11.045361017187261,12.041594578792296,12.0,13.038404810405298,13.038404810405298,14.142135623730951,14.035668847618199,14.0,13.038404810405298,13.0,15.0,15.033296378372908,16.0312195418814,16.0312195418814,16.1245154965971,16.0312195418814,16.0312195418814,17.11724276862369,17.029386365926403,17.0,0.0,0.06241880999595735,0.06241880999595735,-0.06241880999595735,0.0,0.07677189126977804,0.0,-0.09065988720074511,-0.09966865249116202,0.0,-0.08314123188844123,-0.2914567944778671,-0.35877067027057225,-0.24497866312686414,-0.24497866312686414,-0.24497866312686414,-0.3217505543966422,-0.35877067027057225,-0.40489178628508343,-0.27829965900511133,-0.12435499454676144,-0.27829965900511133,-0.4636476090008061,-0.40489178628508343,-0.27829965900511133,-0.14189705460416394,0.0,0.0,0.0,0.0,0.0,0.0,0.0,0.0,0.0,0.0,0.0,0.0,-0.27829965900511133,-0.14189705460416394,-0.14189705460416394,-0.24497866312686414,-0.09966865249116202,0.0,-0.09065988720074511,-0.08314123188844123,0.0,0.07677189126977804,-0.07677189126977804,-0.14189705460416394,-0.07130746478529032,0.0,0.07677189126977804,0.0,0.0,0.06656816377582381,0.06241880999595735,-0.06241880999595735,-0.12435499454676144,-0.06241880999595735,-0.06241880999595735,-0.11710874456686428,-0.058755822715722696,0.0
30.611485225999786,router,ba:bd:de:13:68:55,-84,97.27747495913408,64,0.9857166025340012,7.826408958081218,0,0,8,16,8,16,8,15,6,14,5,13,5,13,6,13,5,12,6,10,6,9,5,8,3,7,4,7,4,7,5,6,5,6,5,5,5,5,6,5,5,6,5,7,5,7,5,6,4,4,3,3,3,2,0,0,0,0,0,0,0,0,0,0,0,0,0,0,0,0,0,0,0,0,0,0,6,5,6,5,6,6,6,6,6,6,7,7,6,8,6,9,5,9,6,9,7,9,7,9,6,10,7,11,9,12,9,11,8,11,8,11,9,12,8,13,7,15,8,16,9,15,9,15,8,16,8,16,0.0,17.88854381999832,17.88854381999832,17.0,15.231546211727817,13.92838827718412,13.92838827718412,14.317821063276353,13.0,11.661903789690601,10.816653826391969,9.433981132056603,7.615773105863909,8.06225774829855,8.06225774829855,7.810249675906654,7.810249675906654,7.0710678118654755,7.0710678118654755,7.810249675906654,7.810249675906654,8.602325267042627,8.602325267042627,7.810249675906654,5.656854249492381,4.242640687119285,3.605551275463989,0.0,0.0,0.0,0.0,0.0,0.0,0.0,0.0,0.0,0.0,0.0,7.810249675906654,7.810249675906654,8.48528137423857,8.48528137423857,8.48528137423857,9.899494936611665,10.0,10.816653826391969,10.295630140987,10.816653826391969,11.40175425099138,11.40175425099138,11.661903789690601,13.038404810405298,15.0,14.212670403551895,13.601470508735444,13.601470508735444,15.0,15.264337522473747,16.55294535724685,17.88854381999832,17.4928556845359,17.4928556845359,17.88854381999832,17.88854381999832,0.0,1.1071487177940904,1.1071487177940904,1.0808390005411683,1.1659045405098132,1.2036224929766774,1.2036224929766774,1.1383885512243588,1.176005207095135,1.0303768265243125,0.982793723247329,1.0121970114513341,1.1659045405098132,1.0516502125483738,1.0516502125483738,0.8760580505981934,0.8760580505981934,0.7853981633974483,0.7853981633974483,0.6947382761967031,0.8760580505981934,0.9505468408120752,0.9505468408120752,0.8760580505981934,0.7853981633974483,0.7853981633974483,0.5880026035475675,0.0,0.0,0.0,0.0,0.0,0.0,0.0,0.0,0.0,0.0,0.0,0.6947382761967031,0.6947382761967031,0.7853981633974483,0.7853981633974483,0.7853981633974483,0.7853981633974483,0.9272952180016122,0.982793723247329,1.0636978224025597,0.982793723247329,0.9097531579442097,0.9097531579442097,1.0303768265243125,1.0040671092713902,0.9272952180016122,0.8850668158886104,0.9420000403794636,0.9420000403794636,0.9272952180016122,1.0191413442663497,1.1341691669813554,1.1071487177940904,1.0303768265243125,1.0303768265243125,1.1071487177940904,1.1071487177940904
30.711996755002474,router,ba:bd:de:13:68:55,-84,97.27747495913408,64,0.986247888138852,7.853788136165267,0,0,-17,8,-17,8,-16,7,-15,6,-14,5,-14,6,-12,6,-12,6,-12,6,-11,7,-10,8,-9,7,-8,6,-7,6,-7,5,-7,5,-7,5,-6,5,-6,6,-6,6,-5,7,-5,6,-5,5,-6,6,-6,5,-3,1,0,0,0,0,0,0,0,0,0,0,0,0,0,0,0,0,0,0,0,0,0,0,-7,6,-8,5,-9,6,-9,7,-9,7,-10,7,-11,6,-11,5,-11,5,-12,6,-13,7,-13,6,-14,7,-14,8,-15,8,-15,8,-15,7,-15,7,-16,8,-16,9,-16,9,-16,8,-17,9,-18,10,-18,10,-18,9,0.0,18.788294228055936,18.788294228055936,17.46424919657298,16.15549442140351,14.866068747318506,15.231546211727817,13.416407864998739,13.416407864998739,13.416407864998739,13.038404810405298,12.806248474865697,11.40175425099138,10.0,9.219544457292887,8.602325267042627,8.602325267042627,8.602325267042627,7.810249675906654,8.48528137423857,8.48528137423857,8.602325267042627,7.810249675906654,7.0710678118654755,8.48528137423857,7.810249675906654,3.1622776601683795,0.0,0.0,0.0,0.0,0.0,0.0,0.0,0.0,0.0,0.0,0.0,9.219544457292887,9.433981132056603,10.816653826391969,11.40175425099138,11.40175425099138,12.206555615733702,12.529964086141668,12.083045973594572,12.083045973594572,13.416407864998739,14.7648230602334,14.317821063276353,15.652475842498529,16.1245154965971,17.0,17.0,16.55294535724685,16.55294535724685,17.88854381999832,18.35755975068582,18.35755975068582,17.88854381999832,19.235384061671343,20.591260281974,20.591260281974,20.12461179749811,0.0,2.701750070774057,2.701750070774057,2.729182211992406,2.761086276477428,2.79856871316909,2.7367008673047097,2.677945044588987,2.677945044588987,2.677945044588987,2.5748634360662868,2.4668517113662407,2.4805494847391065,2.498091544796509,2.432966381462123,2.5213431676069717,2.5213431676069717,2.5213431676069717,2.44685437739309,2.356194490192345,2.356194490192345,2.191045812777718,2.2655346029916,2.356194490192345,2.356194490192345,2.44685437739309,2.819842099193151,0.0,0.0,0.0,0.0,0.0,0.0,0.0,0.0,0.0,0.0,0.0,2.432966381462123,2.5829933382462307,2.5535900500422257,2.4805494847391065,2.4805494847391065,2.5308666892005847,2.642245931909663,2.714965160462917,2.714965160462917,2.677945044588987,2.647651284670212,2.7091848780192556,2.677945044588987,2.62244653934327,2.651635327336065,2.651635327336065,2.704965493776252,2.704965493776252,2.677945044588987,2.6292031932790554,2.6292031932790554,2.677945044588987,2.654693421778524,2.6344941491974563,2.6344941491974563,2.677945044588987
30.81300416400336,router,ba:bd:de:13:68:55,-84,97.98284408641808,64,0.9860739764091104,7.872810539588869,0,0,-15,-11,-15,-11,-14,-11,-13,-10,-12,-9,-11,-7,-11,-7,-10,-6,-10,-6,-10,-5,-10,-4,-10,-4,-10,-5,-9,-5,-10,-3,-10,-2,-10,-2,-10,-1,-10,-1,-9,-1,-9,-2,-8,-1,-7,-1,-7,-1,-7,-3,-7,-5,0,0,0,0,0,0,0,0,0,0,0,0,0,0,0,0,0,0,0,0,0,0,-8,-5,-8,-6,-8,-7,-8,-7,-7,-8,-8,-8,-9,-9,-10,-9,-10,-9,-10,-9,-11,-9,-12,-9,-12,-10,-11,-10,-11,-10,-11,-10,-12,-11,-12,-11,-13,-12,-13,-11,-14,-12,-14,-12,-15,-11,-15,-10,-15,-11,-15,-13,0.0,18.601075237738275,18.601075237738275,17.804493814764857,16.401219466856727,15.0,13.038404810405298,13.038404810405298,11.661903789690601,11.661903789690601,11.180339887498949,10.770329614269007,10.770329614269007,11.180339887498949,10.295630140987,10.44030650891055,10.198039027185569,10.198039027185569,10.04987562112089,10.04987562112089,9.055385138137417,9.219544457292887,8.06225774829855,7.0710678118654755,7.0710678118654755,7.615773105863909,8.602325267042627,0.0,0.0,0.0,0.0,0.0,0.0,0.0,0.0,0.0,0.0,0.0,9.433981132056603,10.0,10.63014581273465,10.63014581273465,10.63014581273465,11.313708498984761,12.727922061357855,13.45362404707371,13.45362404707371,13.45362404707371,14.212670403551895,15.0,15.620499351813308,14.866068747318506,14.866068747318506,14.866068747318506,16.278820596099706,16.278820596099706,17.69180601295413,17.029386365926403,18.439088914585774,18.439088914585774,18.601075237738275,18.027756377319946,18.601075237738275,19.849433241279208,0.0,-2.5088438185876103,-2.5088438185876103,-2.4756234162106834,-2.485897027348257,-2.498091544796509,-2.5748634360662868,-2.5748634360662868,-2.601173153319209,-2.601173153319209,-2.677945044588987,-2.761086276477428,-2.761086276477428,-2.677945044588987,-2.6344941491974563,-2.8501358591119264,-2.9441970937399127,-2.9441970937399127,-3.0419240010986313,-3.0419240010986313,-3.0309354324158977,-2.922923707715851,-3.017237659043032,-2.999695598985629,-2.999695598985629,-2.7367008673047097,-2.5213431676069717,0.0,0.0,0.0,0.0,0.0,0.0,0.0,0.0,0.0,0.0,0.0,-2.5829933382462307,-2.498091544796509,-2.4227626539681686,-2.4227626539681686,-2.289626326416521,-2.356194490192345,-2.356194490192345,-2.408777551803287,-2.408777551803287,-2.408777551803287,-2.455863142683507,-2.498091544796509,-2.44685437739309,-2.403777593469328,-2.403777593469328,-2.403777593469328,-2.399645385583876,-2.399645385583876,-2.396173177315635,-2.439335722080786,-2.432966381462123,-2.432966381462123,-2.5088438185876103,-2.5535900500422257,-2.5088438185876103,-2.427501954977635
30.914179475999845,router,ba:bd:de:13:68:55,-84,97.98284408641808,64,0.9847176710329166,7.883051757619883,0,0,-10,15,-9,15,-9,14,-9,12,-8,11,-7,11,-6,10,-5,11,-5,10,-5,8,-4,9,-4,10,-5,10,-4,9,-4,8,-3,7,-2,6,-1,7,-2,8,-3,7,-2,7,-1,8,-2,8,-2,7,-2,6,0,4,0,0,0,0,0,0,0,0,0,0,0,0,0,0,0,0,0,0,0,0,0,0,-2,7,-3,7,-3,7,-4,7,-4,8,-5,10,-7,10,-8,9,-8,9,-9,9,-9,10,-10,11,-10,11,-10,11,-10,12,-8,12,-8,12,-9,13,-9,14,-9,13,-10,14,-11,15,-11,14,-10,13,-9,14,-9,14,0.0,18.027756377319946,17.4928556845359,16.64331697709324,15.0,13.601470508735444,13.038404810405298,11.661903789690601,12.083045973594572,11.180339887498949,9.433981132056603,9.848857801796104,10.770329614269007,11.180339887498949,9.848857801796104,8.94427190999916,7.615773105863909,6.324555320336759,7.0710678118654755,8.246211251235321,7.615773105863909,7.280109889280518,8.06225774829855,8.246211251235321,7.280109889280518,6.324555320336759,4.0,0.0,0.0,0.0,0.0,0.0,0.0,0.0,0.0,0.0,0.0,0.0,7.280109889280518,7.615773105863909,7.615773105863909,8.06225774829855,8.94427190999916,11.180339887498949,12.206555615733702,12.041594578792296,12.041594578792296,12.727922061357855,13.45362404707371,14.866068747318506,14.866068747318506,14.866068747318506,15.620499351813308,14.422205101855956,14.422205101855956,15.811388300841896,16.64331697709324,15.811388300841896,17.204650534085253,18.601075237738275,17.804493814764857,16.401219466856727,16.64331697709324,16.64331697709324,0.0,2.158798930342464,2.1112158270654806,2.1421338066285234,2.214297435588181,2.1995926132103296,2.137525544318403,2.1112158270654806,1.9974238199217726,2.0344439357957027,2.129395642138459,1.9890206563741257,1.9513027039072615,2.0344439357957027,1.9890206563741257,2.0344439357957027,1.97568811307998,1.892546881191539,1.7126933813990606,1.8157749899217608,1.97568811307998,1.849095985800008,1.695151321341658,1.8157749899217608,1.849095985800008,1.892546881191539,1.5707963267948966,0.0,0.0,0.0,0.0,0.0,0.0,0.0,0.0,0.0,0.0,0.0,1.849095985800008,1.97568811307998,1.97568811307998,2.0899424410414196,2.0344439357957027,2.0344439357957027,2.1815222911841055,2.297438667476622,2.297438667476622,2.356194490192345,2.3036114285814033,2.3086113869153615,2.3086113869153615,2.3086113869153615,2.2655346029916,2.158798930342464,2.158798930342464,2.1763409903998667,2.1421338066285234,2.1763409903998667,2.191045812777718,2.20354516179708,2.2367655641740063,2.2264919530364327,2.1421338066285234,2.1421338066285234
31.018986504001077,router,ba:bd:de:13:68:55,-84,97.98284408641808,64,0.9849762169215279,7.884194725650989,0,0,-7,14,-8,14,-6,14,-5,12,-6,11,-7,11,-6,11,-5,11,-4,10,-3,9,-3,9,-3,10,-3,9,-3,8,-2,8,-2,7,-2,6,-1,7,1,8,1,8,0,7,0,6,0,7,-1,8,-2,6,-3,5,0,0,0,0,0,0,0,0,0,0,0,0,0,0,0,0,0,0,0,0,0,0,-2,6,-4,7,-5,7,-5,7,-4,8,-5,8,-5,8,-4,9,-6,9,-8,10,-7,11,-7,11,-8,11,-7,11,-7,12,-7,13,-7,13,-8,13,-8,13,-7,14,-7,14,-8,15,-8,14,-7,14,-7,13,-8,13,0.0,15.652475842498529,16.1245154965971,15.231546211727817,13.0,12.529964086141668,13.038404810405298,12.529964086141668,12.083045973594572,10.770329614269007,9.486832980505138,9.486832980505138,10.44030650891055,9.486832980505138,8.54400374531753,8.246211251235321,7.280109889280518,6.324555320336759,7.0710678118654755,8.06225774829855,8.06225774829855,7.0,6.0,7.0,8.06225774829855,6.324555320336759,5.830951894845301,0.0,0.0,0.0,0.0,0.0,0.0,0.0,0.0,0.0,0.0,0.0,6.324555320336759,8.06225774829855,8.602325267042627,8.602325267042627,8.94427190999916,9.433981132056603,9.433981132056603,9.848857801796104,10.816653826391969,12.806248474865697,13.038404810405298,13.038404810405298,13.601470508735444,13.038404810405298,13.892443989449804,14.7648230602334,14.7648230602334,15.264337522473747,15.264337522473747,15.652475842498529,15.652475842498529,17.0,16.1245154965971,15.652475842498529,14.7648230602334,15.264337522473747,0.0,2.0344439357957027,2.0899424410414196,1.97568811307998,1.965587446494658,2.0701430484750265,2.137525544318403,2.0701430484750265,1.9974238199217726,1.9513027039072615,1.892546881191539,1.892546881191539,1.8622531212727638,1.892546881191539,1.9295669970654687,1.8157749899217608,1.849095985800008,1.892546881191539,1.7126933813990606,1.446441332248135,1.446441332248135,1.5707963267948966,1.5707963267948966,1.5707963267948966,1.695151321341658,1.892546881191539,2.1112158270654806,0.0,0.0,0.0,0.0,0.0,0.0,0.0,0.0,0.0,0.0,0.0,1.892546881191539,2.0899424410414196,2.191045812777718,2.191045812777718,2.0344439357957027,2.129395642138459,2.129395642138459,1.9890206563741257,2.158798930342464,2.2455372690184494,2.137525544318403,2.137525544318403,2.1995926132103296,2.137525544318403,2.0988707752212563,2.0647376957144776,2.0647376957144776,2.1224513093234436,2.1224513093234436,2.0344439357957027,2.0344439357957027,2.060753653048625,2.0899424410414196,2.0344439357957027,2.0647376957144776,2.1224513093234436
31.125869866998983,router,ba:bd:de:13:68:55,-84,97.98284408641808,64,0.9861316634600596,7.8760075538861924,0,0,-19,1,-18,-1,-18,-3,-17,-3,-16,-2,-15,-1,-14,-1,-12,0,-11,1,-11,2,-11,2,-11,1,-12,1,-12,3,-11,4,-9,3,-8,3,-10,3,-11,4,-10,5,-8,4,-8,3,-8,3,-7,3,-6,2,-6,0,0,0,0,0,0,0,0,0,0,0,0,0,0,0,0,0,0,0,0,0,0,0,-8,1,-10,0,-10,0,-11,0,-12,-1,-13,-1,-13,-2,-14,-3,-14,-4,-14,-4,-15,-4,-15,-3,-16,-3,-17,-3,-16,-2,-16,-2,-16,-1,-17,-2,-17,-3,-17,-3,-19,-2,-19,-3,-18,-3,-19,-3,-20,-3,-20,-2,0.0,19.026297590440446,18.027756377319946,18.24828759089466,17.26267650163207,16.1245154965971,15.033296378372908,14.035668847618199,12.0,11.045361017187261,11.180339887498949,11.180339887498949,11.045361017187261,12.041594578792296,12.36931687685298,11.704699910719626,9.486832980505138,8.54400374531753,10.44030650891055,11.704699910719626,11.180339887498949,8.94427190999916,8.54400374531753,8.54400374531753,7.615773105863909,6.324555320336759,6.0,0.0,0.0,0.0,0.0,0.0,0.0,0.0,0.0,0.0,0.0,0.0,8.06225774829855,10.0,10.0,11.0,12.041594578792296,13.038404810405298,13.152946437965905,14.317821063276353,14.560219778561036,14.560219778561036,15.524174696260024,15.297058540778355,16.278820596099706,17.26267650163207,16.1245154965971,16.1245154965971,16.0312195418814,17.11724276862369,17.26267650163207,17.26267650163207,19.1049731745428,19.235384061671343,18.24828759089466,19.235384061671343,20.223748416156685,20.09975124224178,0.0,3.0890095919788516,-3.0860941483440762,-2.976443976175166,-2.9669204545815537,-3.017237659043032,-3.0750244898139694,-3.070285188804503,3.141592653589793,3.050932766389048,2.961739153797315,2.961739153797315,3.050932766389048,3.058451421701352,2.896613990462929,2.7928216500058864,2.819842099193151,2.782821983319221,2.8501358591119264,2.7928216500058864,2.677945044588987,2.677945044588987,2.782821983319221,2.782821983319221,2.7367008673047097,2.819842099193151,3.141592653589793,0.0,0.0,0.0,0.0,0.0,0.0,0.0,0.0,0.0,0.0,0.0,3.017237659043032,3.141592653589793,3.141592653589793,3.141592653589793,-3.058451421701352,-3.064820762320015,-2.988943325194528,-2.930499320367047,-2.8632929945846817,-2.8632929945846817,-2.8809902618424523,-2.9441970937399127,-2.9562447035940984,-2.9669204545815537,-3.017237659043032,-3.017237659043032,-3.079173843593836,-3.024483909022929,-2.9669204545815537,-2.9669204545815537,-3.036715714859559,-2.984990776607778,-2.976443976175166,-2.984990776607778,-2.992702705980296,-3.0419240010986313
31.2338075650041,router,ba:bd:de:13:68:55,-83,97.98284408641808,64,0.9868458119401996,7.858320651777026,0,0,11,-15,9,-15,9,-14,9,-13,9,-11,9,-11,8,-11,7,-9,8,-9,7,-9,7,-9,6,-9,5,-9,5,-8,4,-7,3,-7,3,-7,4,-8,4,-9,3,-8,2,-7,2,-6,4,-6,4,-7,4,-6,4,-3,0,0,0,0,0,0,0,0,0,0,0,0,0,0,0,0,0,0,0,0,0,0,0,-11,0,-10,0,-10,-1,-10,1,-11,2,-11,1,-13,1,-13,2,-12,3,-12,1,-14,1,-14,4,-14,6,-14,7,-14,7,-14,6,-15,7,-15,7,-15,8,-15,8,-15,10,-16,9,-16,9,-17,10,-18,9,-19,0.0,18.601075237738275,17.4928556845359,16.64331697709324,15.811388300841896,14.212670403551895,14.212670403551895,13.601470508735444,11.40175425099138,12.041594578792296,11.40175425099138,11.40175425099138,10.816653826391969,10.295630140987,9.433981132056603,8.06225774829855,7.615773105863909,7.615773105863909,8.94427190999916,9.848857801796104,8.54400374531753,7.280109889280518,6.324555320336759,7.211102550927978,8.06225774829855,7.211102550927978,5.0,0.0,0.0,0.0,0.0,0.0,0.0,0.0,0.0,0.0,0.0,0.0,11.0,10.0,10.0,10.04987562112089,11.045361017187261,11.180339887498949,13.038404810405298,13.038404810405298,12.165525060596439,12.36931687685298,14.035668847618199,14.035668847618199,14.560219778561036,15.231546211727817,15.652475842498529,15.652475842498529,16.15549442140351,16.55294535724685,16.55294535724685,17.0,17.0,18.867962264113206,18.35755975068582,19.235384061671343,20.591260281974,21.02379604162864,0.0,-0.9380474917927135,-1.0303768265243125,-0.9994588469612699,-0.9652516631899266,-0.8850668158886104,-0.8850668158886104,-0.9420000403794636,-0.9097531579442097,-0.844153986113171,-0.9097531579442097,-0.9097531579442097,-0.982793723247329,-1.0636978224025597,-1.0121970114513341,-1.0516502125483738,-1.1659045405098132,-1.1659045405098132,-1.1071487177940904,-1.1525719972156676,-1.2120256565243244,-1.2924966677897853,-1.2490457723982544,-0.982793723247329,-1.0516502125483738,-0.982793723247329,-0.6435011087932844,0.0,0.0,0.0,0.0,0.0,0.0,0.0,0.0,0.0,0.0,0.0,-1.5707963267948966,-1.5707963267948966,-1.5707963267948966,-1.6704649792860586,-1.4801364395941514,-1.3909428270024184,-1.4940244355251187,-1.4940244355251187,-1.4056476493802699,-1.3258176636680326,-1.4994888620096063,-1.4994888620096063,-1.2924966677897853,-1.1659045405098132,-1.1071487177940904,-1.1071487177940904,-1.1902899496825317,-1.1341691669813554,-1.1341691669813554,-1.0808390005411683,-1.0808390005411683,-1.0121970114513341,-1.0584068664841588,-1.0838970949836275,-1.0636978224025597,-1.1284221038181517
31.335451338003622,router,ba:bd:de:13:68:55,-84,97.98284408641808,64,0.9873144234377905,7.839284234570714,0,0,-9,-16,-8,-17,-9,-18,-8,-16,-6,-13,-7,-13,-7,-13,-7,-13,-6,-12,-6,-11,-6,-11,-6,-10,-7,-8,-6,-7,-7,-7,-7,-6,-9,-7,-9,-7,-8,-7,-7,-6,-6,-5,-7,-5,-8,-5,-8,-5,-7,-6,-7,-7,0,0,0,0,0,0,0,0,0,0,0,0,0,0,0,0,0,0,0,0,0,0,-3,-9,-4,-10,-4,-9,-4,-9,-4,-10,-4,-11,-5,-13,-5,-13,-4,-13,-6,-13,-6,-14,-4,-15,-3,-16,-4,-17,-4,-16,-6,-16,-6,-16,-5,-18,-6,-18,-7,-18,-7,-18,-6,-18,-7,-17,-7,-18,-6,-18,-6,-18,0.0,18.35755975068582,18.788294228055936,20.12461179749811,17.88854381999832,14.317821063276353,14.7648230602334,14.7648230602334,14.7648230602334,13.416407864998739,12.529964086141668,12.529964086141668,11.661903789690601,10.63014581273465,9.219544457292887,9.899494936611665,9.219544457292887,11.40175425099138,11.40175425099138,10.63014581273465,9.219544457292887,7.810249675906654,8.602325267042627,9.433981132056603,9.433981132056603,9.219544457292887,9.899494936611665,0.0,0.0,0.0,0.0,0.0,0.0,0.0,0.0,0.0,0.0,0.0,9.486832980505138,10.770329614269007,9.848857801796104,9.848857801796104,10.770329614269007,11.704699910719626,13.92838827718412,13.92838827718412,13.601470508735444,14.317821063276353,15.231546211727817,15.524174696260024,16.278820596099706,17.46424919657298,16.492422502470642,17.08800749063506,17.08800749063506,18.681541692269406,18.973665961010276,19.313207915827967,19.313207915827967,18.973665961010276,18.384776310850235,19.313207915827967,18.973665961010276,18.973665961010276,0.0,-2.0831857871056343,-2.0106389096106327,-2.0344439357957027,-2.0344439357957027,-2.0032041023654346,-2.0647376957144776,-2.0647376957144776,-2.0647376957144776,-2.0344439357957027,-2.0701430484750265,-2.0701430484750265,-2.1112158270654806,-2.289626326416521,-2.279422598922567,-2.356194490192345,-2.432966381462123,-2.4805494847391065,-2.4805494847391065,-2.4227626539681686,-2.432966381462123,-2.44685437739309,-2.5213431676069717,-2.5829933382462307,-2.5829933382462307,-2.432966381462123,-2.356194490192345,0.0,0.0,0.0,0.0,0.0,0.0,0.0,0.0,0.0,0.0,0.0,-1.892546881191539,-1.9513027039072615,-1.9890206563741257,-1.9890206563741257,-1.9513027039072615,-1.9195673303788037,-1.9379701606131159,-1.9379701606131159,-1.8692952583810758,-2.0032041023654346,-1.97568811307998,-1.8313987185422376,-1.7561442767905915,-1.8018869939907938,-1.8157749899217608,-1.9295669970654687,-1.9295669970654687,-1.8417431771333173,-1.892546881191539,-1.941687615607559,-1.941687615607559,-1.892546881191539,-1.9614033704925835,-1.941687615607559,-1.892546881191539,-1.892546881191539
31.441943276004167,router,ba:bd:de:13:68:55,-84,97.98284408641808,64,0.9877382242293293,7.838347672344646,0,0,16,-10,16,-9,15,-9,14,-8,13,-8,12,-8,10,-9,9,-9,9,-8,8,-7,8,-8,7,-8,6,-8,6,-9,6,-9,6,-9,5,-9,4,-7,5,-7,5,-8,5,-7,5,-7,5,-6,5,-5,4,-5,4,-7,0,0,0,0,0,0,0,0,0,0,0,0,0,0,0,0,0,0,0,0,0,0,6,-6,6,-7,7,-7,7,-7,7,-7,8,-7,10,-7,11,-7,11,-6,11,-6,11,-7,11,-7,12,-8,13,-8,14,-8,14,-9,15,-9,15,-9,15,-9,15,-10,15,-10,16,-9,17,-10,17,-10,18,-10,20,-10,0.0,18.867962264113206,18.35755975068582,17.4928556845359,16.1245154965971,15.264337522473747,14.422205101855956,13.45362404707371,12.727922061357855,12.041594578792296,10.63014581273465,11.313708498984761,10.63014581273465,10.0,10.816653826391969,10.816653826391969,10.816653826391969,10.295630140987,8.06225774829855,8.602325267042627,9.433981132056603,8.602325267042627,8.602325267042627,7.810249675906654,7.0710678118654755,6.4031242374328485,8.06225774829855,0.0,0.0,0.0,0.0,0.0,0.0,0.0,0.0,0.0,0.0,0.0,8.48528137423857,9.219544457292887,9.899494936611665,9.899494936611665,9.899494936611665,10.63014581273465,12.206555615733702,13.038404810405298,12.529964086141668,12.529964086141668,13.038404810405298,13.038404810405298,14.422205101855956,15.264337522473747,16.1245154965971,16.64331697709324,17.4928556845359,17.4928556845359,17.4928556845359,18.027756377319946,18.027756377319946,18.35755975068582,19.72308292331602,19.72308292331602,20.591260281974,22.360679774997898,0.0,-0.5585993153435624,-0.5123894603107377,-0.5404195002705842,-0.5191461142465229,-0.5516549825285468,-0.5880026035475675,-0.7328151017865066,-0.7853981633974483,-0.7266423406817256,-0.7188299996216245,-0.7853981633974483,-0.8519663271732721,-0.9272952180016122,-0.982793723247329,-0.982793723247329,-0.982793723247329,-1.0636978224025597,-1.0516502125483738,-0.9505468408120752,-1.0121970114513341,-0.9505468408120752,-0.9505468408120752,-0.8760580505981934,-0.7853981633974483,-0.8960553845713439,-1.0516502125483738,0.0,0.0,0.0,0.0,0.0,0.0,0.0,0.0,0.0,0.0,0.0,-0.7853981633974483,-0.8621700546672264,-0.7853981633974483,-0.7853981633974483,-0.7853981633974483,-0.7188299996216245,-0.6107259643892086,-0.5667292175235064,-0.4993467216801301,-0.4993467216801301,-0.5667292175235064,-0.5667292175235064,-0.5880026035475675,-0.5516549825285468,-0.5191461142465229,-0.5713374798336268,-0.5404195002705842,-0.5404195002705842,-0.5404195002705842,-0.5880026035475675,-0.5880026035475675,-0.5123894603107377,-0.5317240672588056,-0.5317240672588056,-0.507098504392337,-0.4636476090008061
31.542479720999836,router,ba:bd:de:13:68:55,-83,97.98284408641808,64,0.9885931955305531,7.848325578912355,0,0,-13,10,-13,10,-13,9,-12,9,-12,9,-12,9,-12,8,-10,7,-10,8,-9,9,-8,8,-7,8,-5,7,-4,7,-5,7,-6,7,-6,7,-4,6,-4,6,-4,6,-4,6,-4,6,-4,6,-4,6,-4,5,-3,5,0,0,0,0,0,0,0,0,0,0,0,0,0,0,0,0,0,0,0,0,0,0,-5,5,-6,6,-6,5,-6,5,-7,5,-7,6,-7,6,-8,6,-10,7,-11,9,-12,9,-12,8,-11,8,-11,8,-12,8,-12,8,-12,9,-13,9,-14,9,-14,10,-14,11,-14,11,-15,10,-16,11,-16,12,-16,12,0.0,16.401219466856727,16.401219466856727,15.811388300841896,15.0,15.0,15.0,14.422205101855956,12.206555615733702,12.806248474865697,12.727922061357855,11.313708498984761,10.63014581273465,8.602325267042627,8.06225774829855,8.602325267042627,9.219544457292887,9.219544457292887,7.211102550927978,7.211102550927978,7.211102550927978,7.211102550927978,7.211102550927978,7.211102550927978,7.211102550927978,6.4031242374328485,5.830951894845301,0.0,0.0,0.0,0.0,0.0,0.0,0.0,0.0,0.0,0.0,0.0,7.0710678118654755,8.48528137423857,7.810249675906654,7.810249675906654,8.602325267042627,9.219544457292887,9.219544457292887,10.0,12.206555615733702,14.212670403551895,15.0,14.422205101855956,13.601470508735444,13.601470508735444,14.422205101855956,14.422205101855956,15.0,15.811388300841896,16.64331697709324,17.204650534085253,17.804493814764857,17.804493814764857,18.027756377319946,19.4164878389476,20.0,20.0,0.0,2.485897027348257,2.485897027348257,2.5360479899848234,2.498091544796509,2.498091544796509,2.498091544796509,2.5535900500422257,2.5308666892005847,2.4668517113662407,2.356194490192345,2.356194490192345,2.289626326416521,2.191045812777718,2.0899424410414196,2.191045812777718,2.279422598922567,2.279422598922567,2.158798930342464,2.158798930342464,2.158798930342464,2.158798930342464,2.158798930342464,2.158798930342464,2.158798930342464,2.2455372690184494,2.1112158270654806,0.0,0.0,0.0,0.0,0.0,0.0,0.0,0.0,0.0,0.0,0.0,2.356194490192345,2.356194490192345,2.44685437739309,2.44685437739309,2.5213431676069717,2.432966381462123,2.432966381462123,2.498091544796509,2.5308666892005847,2.455863142683507,2.498091544796509,2.5535900500422257,2.5127963671743605,2.5127963671743605,2.5535900500422257,2.5535900500422257,2.498091544796509,2.5360479899848234,2.5702551737561663,2.5213431676069717,2.4756234162106834,2.4756234162106834,2.5535900500422257,2.539305307454829,2.498091544796509,2.498091544796509
31.642519638000522,router,ba:bd:de:13:68:55,-84,97.98284408641808,64,0.9877943518330112,7.864268241884837,0,0,6,-16,5,-16,5,-17,5,-16,4,-15,3,-15,2,-14,2,-12,2,-11,2,-10,1,-9,1,-9,0,-10,0,-10,0,-10,0,-10,0,-10,1,-10,1,-9,0,-9,0,-8,0,-7,0,-7,0,-8,0,-8,-1,-6,0,0,0,0,0,0,0,0,0,0,0,0,0,0,0,0,0,0,0,0,0,0,-2,-7,-1,-8,-1,-9,-1,-10,-1,-11,0,-11,0,-12,1,-12,3,-11,3,-11,2,-12,1,-12,1,-13,2,-14,2,-14,2,-14,2,-15,2,-15,3,-16,3,-16,4,-17,4,-17,5,-17,5,-17,5,-18,5,-20,0.0,17.08800749063506,16.76305461424021,17.72004514666935,16.76305461424021,15.524174696260024,15.297058540778355,14.142135623730951,12.165525060596439,11.180339887498949,10.198039027185569,9.055385138137417,9.055385138137417,10.0,10.0,10.0,10.0,10.0,10.04987562112089,9.055385138137417,9.0,8.0,7.0,7.0,8.0,8.0,6.082762530298219,0.0,0.0,0.0,0.0,0.0,0.0,0.0,0.0,0.0,0.0,0.0,7.280109889280518,8.06225774829855,9.055385138137417,10.04987562112089,11.045361017187261,11.0,12.0,12.041594578792296,11.40175425099138,11.40175425099138,12.165525060596439,12.041594578792296,13.038404810405298,14.142135623730951,14.142135623730951,14.142135623730951,15.132745950421556,15.132745950421556,16.278820596099706,16.278820596099706,17.46424919657298,17.46424919657298,17.72004514666935,17.72004514666935,18.681541692269406,20.615528128088304,0.0,-1.2120256565243244,-1.2679114584199251,-1.2847448850775784,-1.2679114584199251,-1.3101939350475555,-1.373400766945016,-1.4288992721907328,-1.4056476493802699,-1.3909428270024184,-1.373400766945016,-1.460139105621001,-1.460139105621001,-1.5707963267948966,-1.5707963267948966,-1.5707963267948966,-1.5707963267948966,-1.5707963267948966,-1.4711276743037347,-1.460139105621001,-1.5707963267948966,-1.5707963267948966,-1.5707963267948966,-1.5707963267948966,-1.5707963267948966,-1.5707963267948966,-1.7359450042095235,0.0,0.0,0.0,0.0,0.0,0.0,0.0,0.0,0.0,0.0,0.0,-1.849095985800008,-1.695151321341658,-1.6814535479687922,-1.6704649792860586,-1.6614562139956417,-1.5707963267948966,-1.5707963267948966,-1.4876550949064553,-1.3045442776439713,-1.3045442776439713,-1.4056476493802699,-1.4876550949064553,-1.4940244355251187,-1.4288992721907328,-1.4288992721907328,-1.4288992721907328,-1.4382447944982226,-1.4382447944982226,-1.3854483767992019,-1.3854483767992019,-1.3397056595989996,-1.3397056595989996,-1.2847448850775784,-1.2847448850775784,-1.299849476456476,-1.3258176636680326
31.744274907003273,router,ba:bd:de:13:68:55,-84,97.98284408641808,64,0.9857759501336633,7.882773175120887,0,0,-17,-11,-17,-9,-16,-8,-14,-7,-13,-7,-12,-7,-12,-6,-12,-6,-11,-6,-10,-6,-10,-5,-10,-3,-10,-3,-10,-4,-9,-4,-9,-4,-9,-4,-9,-4,-8,-3,-8,-4,-8,-5,-7,-4,-7,-3,-7,-3,-7,-4,-6,-6,0,0,0,0,0,0,0,0,0,0,0,0,0,0,0,0,0,0,0,0,0,0,-10,-2,-10,-1,-10,0,-10,0,-10,0,-11,-1,-12,-1,-12,-2,-13,-2,-14,-2,-15,-2,-14,-4,-14,-5,-15,-4,-15,-3,-15,-4,-16,-5,-16,-5,-16,-5,-16,-4,-17,-5,-17,-7,-17,-7,-18,-7,-18,-7,-17,-7,0.0,20.248456731316587,19.235384061671343,17.88854381999832,15.652475842498529,14.7648230602334,13.892443989449804,13.416407864998739,13.416407864998739,12.529964086141668,11.661903789690601,11.180339887498949,10.44030650891055,10.44030650891055,10.770329614269007,9.848857801796104,9.848857801796104,9.848857801796104,9.848857801796104,8.54400374531753,8.94427190999916,9.433981132056603,8.06225774829855,7.615773105863909,7.615773105863909,8.06225774829855,8.48528137423857,0.0,0.0,0.0,0.0,0.0,0.0,0.0,0.0,0.0,0.0,0.0,10.198039027185569,10.04987562112089,10.0,10.0,10.0,11.045361017187261,12.041594578792296,12.165525060596439,13.152946437965905,14.142135623730951,15.132745950421556,14.560219778561036,14.866068747318506,15.524174696260024,15.297058540778355,15.524174696260024,16.76305461424021,16.76305461424021,16.76305461424021,16.492422502470642,17.72004514666935,18.384776310850235,18.384776310850235,19.313207915827967,19.313207915827967,18.384776310850235,0.0,-2.5672878234150915,-2.654693421778524,-2.677945044588987,-2.677945044588987,-2.647651284670212,-2.6135182051634334,-2.677945044588987,-2.677945044588987,-2.642245931909663,-2.601173153319209,-2.677945044588987,-2.8501358591119264,-2.8501358591119264,-2.761086276477428,-2.723368324010564,-2.723368324010564,-2.723368324010564,-2.723368324010564,-2.782821983319221,-2.677945044588987,-2.5829933382462307,-2.62244653934327,-2.7367008673047097,-2.7367008673047097,-2.62244653934327,-2.356194490192345,0.0,0.0,0.0,0.0,0.0,0.0,0.0,0.0,0.0,0.0,0.0,-2.9441970937399127,-3.0419240010986313,3.141592653589793,3.141592653589793,3.141592653589793,-3.050932766389048,-3.058451421701352,-2.976443976175166,-2.988943325194528,-2.999695598985629,-3.0090411212931194,-2.8632929945846817,-2.79856871316909,-2.8809902618424523,-2.9441970937399127,-2.8809902618424523,-2.838707785214822,-2.838707785214822,-2.838707785214822,-2.896613990462929,-2.8555412118724752,-2.7509856098921066,-2.7509856098921066,-2.770701364777131,-2.770701364777131,-2.7509856098921066
31.853002310999727,router,ba:bd:de:13:68:55,-84,98.95878574380241,64,0.9853316146193973,7.901482778007257,0,0,-15,-10,-15,-11,-15,-11,-13,-11,-14,-10,-14,-9,-13,-8,-12,-8,-12,-8,-13,-6,-13,-5,-12,-4,-10,-3,-10,-3,-10,-4,-9,-4,-9,-4,-9,-4,-9,-4,-9,-4,-8,-3,-7,-2,-8,-1,-7,-1,-5,-1,-6,-1,0,0,0,0,0,0,0,0,0,0,0,0,0,0,0,0,0,0,0,0,0,0,-9,-6,-8,-5,-9,-5,-11,-6,-10,-7,-10,-9,-10,-9,-10,-9,-10,-9,-11,-9,-13,-8,-13,-9,-12,-9,-12,-9,-13,-9,-14,-9,-14,-10,-14,-10,-13,-10,-13,-9,-14,-10,-14,-12,-15,-12,-16,-12,-16,-13,-16,-13,0.0,18.027756377319946,18.601075237738275,18.601075237738275,17.029386365926403,17.204650534085253,16.64331697709324,15.264337522473747,14.422205101855956,14.422205101855956,14.317821063276353,13.92838827718412,12.649110640673518,10.44030650891055,10.44030650891055,10.770329614269007,9.848857801796104,9.848857801796104,9.848857801796104,9.848857801796104,9.848857801796104,8.54400374531753,7.280109889280518,8.06225774829855,7.0710678118654755,5.0990195135927845,6.082762530298219,0.0,0.0,0.0,0.0,0.0,0.0,0.0,0.0,0.0,0.0,0.0,10.816653826391969,9.433981132056603,10.295630140987,12.529964086141668,12.206555615733702,13.45362404707371,13.45362404707371,13.45362404707371,13.45362404707371,14.212670403551895,15.264337522473747,15.811388300841896,15.0,15.0,15.811388300841896,16.64331697709324,17.204650534085253,17.204650534085253,16.401219466856727,15.811388300841896,17.204650534085253,18.439088914585774,19.209372712298546,20.0,20.615528128088304,20.615528128088304,0.0,-2.5535900500422257,-2.5088438185876103,-2.5088438185876103,-2.439335722080786,-2.5213431676069717,-2.5702551737561663,-2.5899376710612465,-2.5535900500422257,-2.5535900500422257,-2.7091848780192556,-2.774418819771574,-2.819842099193151,-2.8501358591119264,-2.8501358591119264,-2.761086276477428,-2.723368324010564,-2.723368324010564,-2.723368324010564,-2.723368324010564,-2.723368324010564,-2.782821983319221,-2.8632929945846817,-3.017237659043032,-2.999695598985629,-2.9441970937399127,-2.976443976175166,0.0,0.0,0.0,0.0,0.0,0.0,0.0,0.0,0.0,0.0,0.0,-2.5535900500422257,-2.5829933382462307,-2.6344941491974563,-2.642245931909663,-2.5308666892005847,-2.408777551803287,-2.408777551803287,-2.408777551803287,-2.408777551803287,-2.455863142683507,-2.5899376710612465,-2.5360479899848234,-2.498091544796509,-2.498091544796509,-2.5360479899848234,-2.5702551737561663,-2.5213431676069717,-2.5213431676069717,-2.485897027348257,-2.5360479899848234,-2.5213431676069717,-2.432966381462123,-2.4668517113662407,-2.498091544796509,-2.459276098715045,-2.459276098715045
31.963222727004904,router,ba:bd:de:13:68:55,-84,98.95878574380241,64,0.9848666209619563,7.9187097904057495,0,0,-18,4,-17,4,-16,4,-15,4,-15,4,-14,4,-13,4,-11,3,-9,3,-9,4,-8,5,-8,6,-8,6,-7,6,-7,5,-7,5,-7,4,-6,4,-6,4,-7,3,-6,3,-6,4,-5,5,-5,4,-4,4,-3,6,0,0,0,0,0,0,0,0,0,0,0,0,0,0,0,0,0,0,0,0,0,0,-7,4,-7,2,-8,0,-9,3,-9,5,-10,5,-11,4,-12,3,-13,2,-13,2,-13,3,-13,4,-15,3,-16,4,-15,3,-14,3,-14,4,-15,4,-15,5,-16,5,-17,4,-18,4,-18,5,-19,6,-19,6,-19,4,0.0,18.439088914585774,17.46424919657298,16.492422502470642,15.524174696260024,15.524174696260024,14.560219778561036,13.601470508735444,11.40175425099138,9.486832980505138,9.848857801796104,9.433981132056603,10.0,10.0,9.219544457292887,8.602325267042627,8.602325267042627,8.06225774829855,7.211102550927978,7.211102550927978,7.615773105863909,6.708203932499369,7.211102550927978,7.0710678118654755,6.4031242374328485,5.656854249492381,6.708203932499369,0.0,0.0,0.0,0.0,0.0,0.0,0.0,0.0,0.0,0.0,0.0,8.06225774829855,7.280109889280518,8.0,9.486832980505138,10.295630140987,11.180339887498949,11.704699910719626,12.36931687685298,13.152946437965905,13.152946437965905,13.341664064126334,13.601470508735444,15.297058540778355,16.492422502470642,15.297058540778355,14.317821063276353,14.560219778561036,15.524174696260024,15.811388300841896,16.76305461424021,17.46424919657298,18.439088914585774,18.681541692269406,19.924858845171276,19.924858845171276,19.4164878389476,0.0,2.922923707715851,2.9105019863938963,2.896613990462929,2.8809902618424523,2.8809902618424523,2.8632929945846817,2.843093722003614,2.875340604438868,2.819842099193151,2.723368324010564,2.5829933382462307,2.498091544796509,2.498091544796509,2.432966381462123,2.5213431676069717,2.5213431676069717,2.62244653934327,2.5535900500422257,2.5535900500422257,2.7367008673047097,2.677945044588987,2.5535900500422257,2.356194490192345,2.4668517113662407,2.356194490192345,2.0344439357957027,0.0,0.0,0.0,0.0,0.0,0.0,0.0,0.0,0.0,0.0,0.0,2.62244653934327,2.8632929945846817,3.141592653589793,2.819842099193151,2.6344941491974563,2.677945044588987,2.7928216500058864,2.896613990462929,2.988943325194528,2.988943325194528,2.9147938055359073,2.843093722003614,2.9441970937399127,2.896613990462929,2.9441970937399127,2.930499320367047,2.8632929945846817,2.8809902618424523,2.819842099193151,2.838707785214822,2.9105019863938963,2.922923707715851,2.8706458032513726,2.835713782184941,2.835713782184941,2.9340964271545906
32.07306822099781,router,ba:bd:de:13:68:55,-83,98.95878574380241,64,0.9845268560497884,7.933204148628928,0,0,-9,-15,-8,-15,-8,-14,-7,-13,-7,-12,-7,-10,-7,-11,-7,-11,-8,-10,-8,-8,-8,-7,-8,-8,-7,-8,-6,-8,-6,-7,-7,-6,-7,-5,-6,-5,-6,-5,-6,-5,-6,-4,-6,-5,-6,-6,-7,-6,-6,-5,-3,-6,0,0,0,0,0,0,0,0,0,0,0,0,0,0,0,0,0,0,0,0,0,0,-6,-7,-7,-7,-6,-6,-7,-6,-8,-8,-9,-8,-8,-8,-7,-9,-7,-10,-7,-11,-7,-12,-7,-12,-7,-12,-8,-12,-8,-12,-8,-12,-8,-13,-9,-15,-8,-16,-8,-15,-8,-15,-9,-16,-10,-15,-10,-14,-10,-15,-10,-17,0.0,17.4928556845359,17.0,16.1245154965971,14.7648230602334,13.892443989449804,12.206555615733702,13.038404810405298,13.038404810405298,12.806248474865697,11.313708498984761,10.63014581273465,11.313708498984761,10.63014581273465,10.0,9.219544457292887,9.219544457292887,8.602325267042627,7.810249675906654,7.810249675906654,7.810249675906654,7.211102550927978,7.810249675906654,8.48528137423857,9.219544457292887,7.810249675906654,6.708203932499369,0.0,0.0,0.0,0.0,0.0,0.0,0.0,0.0,0.0,0.0,0.0,9.219544457292887,9.899494936611665,8.48528137423857,9.219544457292887,11.313708498984761,12.041594578792296,11.313708498984761,11.40175425099138,12.206555615733702,13.038404810405298,13.892443989449804,13.892443989449804,13.892443989449804,14.422205101855956,14.422205101855956,14.422205101855956,15.264337522473747,17.4928556845359,17.88854381999832,17.0,17.0,18.35755975068582,18.027756377319946,17.204650534085253,18.027756377319946,19.72308292331602,0.0,-2.1112158270654806,-2.060753653048625,-2.0899424410414196,-2.0647376957144776,-2.0988707752212563,-2.1815222911841055,-2.137525544318403,-2.137525544318403,-2.2455372690184494,-2.356194490192345,-2.4227626539681686,-2.356194490192345,-2.289626326416521,-2.214297435588181,-2.279422598922567,-2.432966381462123,-2.5213431676069717,-2.44685437739309,-2.44685437739309,-2.44685437739309,-2.5535900500422257,-2.44685437739309,-2.356194490192345,-2.432966381462123,-2.44685437739309,-2.0344439357957027,0.0,0.0,0.0,0.0,0.0,0.0,0.0,0.0,0.0,0.0,0.0,-2.279422598922567,-2.356194490192345,-2.356194490192345,-2.432966381462123,-2.356194490192345,-2.4149503129080676,-2.356194490192345,-2.2318394956455836,-2.1815222911841055,-2.137525544318403,-2.0988707752212563,-2.0988707752212563,-2.0988707752212563,-2.158798930342464,-2.158798930342464,-2.158798930342464,-2.1224513093234436,-2.1112158270654806,-2.0344439357957027,-2.060753653048625,-2.060753653048625,-2.0831857871056343,-2.158798930342464,-2.191045812777718,-2.158798930342464,-2.1025203940537023
32.18285714599915,router,ba:bd:de:13:68:55,-84,98.95878574380241,64,0.9847858908905831,7.944011245068268,0,0,-18,-5,-17,-6,-16,-6,-16,-5,-15,-4,-14,-4,-13,-3,-12,-2,-11,-2,-11,-3,-10,-2,-10,-2,-10,-3,-9,-1,-8,0,-8,0,-8,-1,-9,-1,-9,-1,-9,0,-9,0,-7,0,-7,-1,-7,-1,-6,-2,-4,-4,0,0,0,0,0,0,0,0,0,0,0,0,0,0,0,0,0,0,0,0,0,0,-5,1,-8,2,-11,3,-10,1,-10,0,-12,0,-12,-1,-12,-2,-12,-1,-12,-2,-13,-2,-13,-2,-15,-4,-16,-3,-16,-2,-16,-2,-16,-2,-16,-2,-17,-3,-15,-2,-14,-1,-15,-2,-17,-4,-18,-4,-18,-4,-19,-3,0.0,18.681541692269406,18.027756377319946,17.08800749063506,16.76305461424021,15.524174696260024,14.560219778561036,13.341664064126334,12.165525060596439,11.180339887498949,11.40175425099138,10.198039027185569,10.198039027185569,10.44030650891055,9.055385138137417,8.0,8.0,8.06225774829855,9.055385138137417,9.055385138137417,9.0,9.0,7.0,7.0710678118654755,7.0710678118654755,6.324555320336759,5.656854249492381,0.0,0.0,0.0,0.0,0.0,0.0,0.0,0.0,0.0,0.0,0.0,5.0990195135927845,8.246211251235321,11.40175425099138,10.04987562112089,10.0,12.0,12.041594578792296,12.165525060596439,12.041594578792296,12.165525060596439,13.152946437965905,13.152946437965905,15.524174696260024,16.278820596099706,16.1245154965971,16.1245154965971,16.1245154965971,16.1245154965971,17.26267650163207,15.132745950421556,14.035668847618199,15.132745950421556,17.46424919657298,18.439088914585774,18.439088914585774,19.235384061671343,0.0,-2.8706458032513726,-2.8023000391357487,-2.782821983319221,-2.838707785214822,-2.8809902618424523,-2.8632929945846817,-2.9147938055359073,-2.976443976175166,-2.961739153797315,-2.875340604438868,-2.9441970937399127,-2.9441970937399127,-2.8501358591119264,-3.0309354324158977,3.141592653589793,3.141592653589793,-3.017237659043032,-3.0309354324158977,-3.0309354324158977,3.141592653589793,3.141592653589793,3.141592653589793,-2.999695598985629,-2.999695598985629,-2.819842099193151,-2.356194490192345,0.0,0.0,0.0,0.0,0.0,0.0,0.0,0.0,0.0,0.0,0.0,2.9441970937399127,2.896613990462929,2.875340604438868,3.0419240010986313,3.141592653589793,3.141592653589793,-3.058451421701352,-2.976443976175166,-3.058451421701352,-2.976443976175166,-2.988943325194528,-2.988943325194528,-2.8809902618424523,-2.9562447035940984,-3.017237659043032,-3.017237659043032,-3.017237659043032,-3.017237659043032,-2.9669204545815537,-3.0090411212931194,-3.070285188804503,-3.0090411212931194,-2.9105019863938963,-2.922923707715851,-2.922923707715851,-2.984990776607778
32.28787439400185,router,ba:bd:de:13:68:55,-84,98.95878574380241,64,0.9854017689023387,7.950428549469957,0,0,-1,-20,-2,-20,-3,-18,-2,-17,-1,-17,-1,-16,0,-15,-2,-14,-3,-13,-2,-12,-3,-11,-4,-10,-4,-8,-4,-8,-4,-9,-4,-9,-4,-9,-4,-8,-3,-7,-2,-8,-2,-7,-3,-6,-4,-6,-4,-7,-4,-7,-3,-8,0,0,0,0,0,0,0,0,0,0,0,0,0,0,0,0,0,0,0,0,0,0,-3,-9,-4,-10,-6,-10,-6,-9,-6,-9,-6,-10,-4,-13,-3,-14,-3,-14,-3,-13,-3,-13,-3,-14,-2,-14,-3,-15,-4,-17,-3,-17,-2,-18,-1,-19,-1,-18,-1,-17,-1,-17,-2,-19,-3,-19,-3,-19,-3,-20,-3,-21,0.0,20.024984394500787,20.09975124224178,18.24828759089466,17.11724276862369,17.029386365926403,16.0312195418814,15.0,14.142135623730951,13.341664064126334,12.165525060596439,11.40175425099138,10.770329614269007,8.94427190999916,8.94427190999916,9.848857801796104,9.848857801796104,9.848857801796104,8.94427190999916,7.615773105863909,8.246211251235321,7.280109889280518,6.708203932499369,7.211102550927978,8.06225774829855,8.06225774829855,8.54400374531753,0.0,0.0,0.0,0.0,0.0,0.0,0.0,0.0,0.0,0.0,0.0,9.486832980505138,10.770329614269007,11.661903789690601,10.816653826391969,10.816653826391969,11.661903789690601,13.601470508735444,14.317821063276353,14.317821063276353,13.341664064126334,13.341664064126334,14.317821063276353,14.142135623730951,15.297058540778355,17.46424919657298,17.26267650163207,18.110770276274835,19.026297590440446,18.027756377319946,17.029386365926403,17.029386365926403,19.1049731745428,19.235384061671343,19.235384061671343,20.223748416156685,21.213203435596427,0.0,-1.6207547225168393,-1.6704649792860586,-1.7359450042095235,-1.687905071361761,-1.6295521495106193,-1.633215136790854,-1.5707963267948966,-1.7126933813990606,-1.7975951748487824,-1.7359450042095235,-1.837048375945822,-1.9513027039072615,-2.0344439357957027,-2.0344439357957027,-1.9890206563741257,-1.9890206563741257,-1.9890206563741257,-2.0344439357957027,-1.97568811307998,-1.8157749899217608,-1.849095985800008,-2.0344439357957027,-2.158798930342464,-2.0899424410414196,-2.0899424410414196,-1.9295669970654687,0.0,0.0,0.0,0.0,0.0,0.0,0.0,0.0,0.0,0.0,0.0,-1.892546881191539,-1.9513027039072615,-2.1112158270654806,-2.158798930342464,-2.158798930342464,-2.1112158270654806,-1.8692952583810758,-1.7818896600176433,-1.7818896600176433,-1.7975951748487824,-1.7975951748487824,-1.7818896600176433,-1.7126933813990606,-1.7681918866447774,-1.8018869939907938,-1.7454685258031364,-1.6814535479687922,-1.6233793884058383,-1.6262948320406134,-1.6295521495106193,-1.6295521495106193,-1.6756732655251305,-1.727398203776912,-1.727398203776912,-1.719686274404394,-1.7126933813990606
32.39150173700182,router,ba:bd:de:13:68:55,-84,98.95878574380241,64,0.9858154670333643,7.951937818871148,0,0,6,16,5,16,4,16,4,15,4,14,4,13,5,12,4,10,5,10,5,9,5,8,5,8,4,8,4,8,5,7,5,6,5,5,6,5,6,6,5,6,3,5,3,5,4,4,4,4,4,6,4,8,0,0,0,0,0,0,0,0,0,0,0,0,0,0,0,0,0,0,0,0,0,0,2,7,4,7,4,7,4,7,4,9,4,10,4,9,4,9,3,11,3,12,3,13,4,13,4,12,4,12,5,13,5,14,5,15,5,15,5,15,6,14,6,15,5,16,4,17,6,18,6,18,5,17,0.0,17.08800749063506,16.76305461424021,16.492422502470642,15.524174696260024,14.560219778561036,13.601470508735444,13.0,10.770329614269007,11.180339887498949,10.295630140987,9.433981132056603,9.433981132056603,8.94427190999916,8.94427190999916,8.602325267042627,7.810249675906654,7.0710678118654755,7.810249675906654,8.48528137423857,7.810249675906654,5.830951894845301,5.830951894845301,5.656854249492381,5.656854249492381,7.211102550927978,8.94427190999916,0.0,0.0,0.0,0.0,0.0,0.0,0.0,0.0,0.0,0.0,0.0,7.280109889280518,8.06225774829855,8.06225774829855,8.06225774829855,9.848857801796104,10.770329614269007,9.848857801796104,9.848857801796104,11.40175425099138,12.36931687685298,13.341664064126334,13.601470508735444,12.649110640673518,12.649110640673518,13.92838827718412,14.866068747318506,15.811388300841896,15.811388300841896,15.811388300841896,15.231546211727817,16.15549442140351,16.76305461424021,17.46424919657298,18.973665961010276,18.973665961010276,17.72004514666935,0.0,1.2120256565243244,1.2679114584199251,1.3258176636680326,1.3101939350475555,1.2924966677897853,1.2722973952087173,1.176005207095135,1.1902899496825317,1.1071487177940904,1.0636978224025597,1.0121970114513341,1.0121970114513341,1.1071487177940904,1.1071487177940904,0.9505468408120752,0.8760580505981934,0.7853981633974483,0.6947382761967031,0.7853981633974483,0.8760580505981934,1.0303768265243125,1.0303768265243125,0.7853981633974483,0.7853981633974483,0.982793723247329,1.1071487177940904,0.0,0.0,0.0,0.0,0.0,0.0,0.0,0.0,0.0,0.0,0.0,1.2924966677897853,1.0516502125483738,1.0516502125483738,1.0516502125483738,1.1525719972156676,1.1902899496825317,1.1525719972156676,1.1525719972156676,1.3045442776439713,1.3258176636680326,1.3439974787410107,1.2722973952087173,1.2490457723982544,1.2490457723982544,1.2036224929766774,1.2277723863741932,1.2490457723982544,1.2490457723982544,1.2490457723982544,1.1659045405098132,1.1902899496825317,1.2679114584199251,1.3397056595989996,1.2490457723982544,1.2490457723982544,1.2847448850775784
32.49215568200452,router,ba:bd:de:13:68:55,-84,98.95878574380241,64,0.9842767368907774,7.948152382757893,0,0,1,-18,1,-17,1,-16,1,-16,0,-16,-1,-15,0,-16,0,-15,0,-13,-1,-12,-1,-10,0,-10,-1,-10,0,-10,0,-9,0,-8,-1,-8,-1,-8,-2,-8,-2,-8,-1,-7,0,-8,-1,-7,0,-6,0,-6,-2,-6,0,0,0,0,0,0,0,0,0,0,0,0,0,0,0,0,0,0,0,0,0,0,-3,-8,-4,-7,-4,-7,-3,-9,-2,-11,-3,-10,-3,-11,-3,-13,-3,-13,-2,-12,-3,-13,-2,-13,-2,-13,-1,-14,-1,-15,-1,-15,-1,-15,-1,-16,-2,-17,-2,-17,-1,-16,-1,-17,-1,-17,0,-17,1,-17,0,-19,0.0,18.027756377319946,17.029386365926403,16.0312195418814,16.0312195418814,16.0,15.033296378372908,16.0,15.0,13.0,12.041594578792296,10.04987562112089,10.0,10.04987562112089,10.0,9.0,8.0,8.06225774829855,8.06225774829855,8.246211251235321,8.246211251235321,7.0710678118654755,8.0,7.0710678118654755,6.0,6.0,6.324555320336759,0.0,0.0,0.0,0.0,0.0,0.0,0.0,0.0,0.0,0.0,0.0,8.54400374531753,8.06225774829855,8.06225774829855,9.486832980505138,11.180339887498949,10.44030650891055,11.40175425099138,13.341664064126334,13.341664064126334,12.165525060596439,13.341664064126334,13.152946437965905,13.152946437965905,14.035668847618199,15.033296378372908,15.033296378372908,15.033296378372908,16.0312195418814,17.11724276862369,17.11724276862369,16.0312195418814,17.029386365926403,17.029386365926403,17.0,17.029386365926403,19.0,0.0,-1.5152978215491797,-1.512040504079174,-1.5083775167989393,-1.5083775167989393,-1.5707963267948966,-1.6373644905707205,-1.5707963267948966,-1.5707963267948966,-1.5707963267948966,-1.6539375586833378,-1.6704649792860586,-1.5707963267948966,-1.6704649792860586,-1.5707963267948966,-1.5707963267948966,-1.5707963267948966,-1.695151321341658,-1.695151321341658,-1.8157749899217608,-1.8157749899217608,-1.7126933813990606,-1.5707963267948966,-1.7126933813990606,-1.5707963267948966,-1.5707963267948966,-1.892546881191539,0.0,0.0,0.0,0.0,0.0,0.0,0.0,0.0,0.0,0.0,0.0,-1.9295669970654687,-2.0899424410414196,-2.0899424410414196,-1.892546881191539,-1.750649826587375,-1.8622531212727638,-1.837048375945822,-1.7975951748487824,-1.7975951748487824,-1.7359450042095235,-1.7975951748487824,-1.7234456551901618,-1.7234456551901618,-1.642103791580187,-1.6373644905707205,-1.6373644905707205,-1.6373644905707205,-1.633215136790854,-1.687905071361761,-1.687905071361761,-1.633215136790854,-1.6295521495106193,-1.6295521495106193,-1.5707963267948966,-1.512040504079174,-1.5707963267948966
32.61041002300044,router,ba:bd:de:13:68:55,-84,98.95878574380241,64,0.9833764906534086,7.938813703807083,0,0,4,-17,6,-17,7,-16,7,-14,8,-14,6,-14,5,-12,5,-11,3,-11,3,-11,2,-10,2,-10,1,-11,1,-11,0,-10,-1,-10,-1,-9,-1,-8,-1,-8,-1,-9,-1,-9,-1,-8,-1,-8,-2,-8,-3,-8,-3,-6,0,0,0,0,0,0,0,0,0,0,0,0,0,0,0,0,0,0,0,0,0,0,2,-6,3,-7,3,-8,4,-9,5,-10,5,-11,6,-10,6,-11,6,-12,6,-11,6,-11,5,-11,6,-11,7,-12,7,-12,7,-13,7,-14,8,-14,8,-16,7,-17,7,-17,8,-17,8,-17,8,-17,9,-15,9,-14,0.0,17.46424919657298,18.027756377319946,17.46424919657298,15.652475842498529,16.1245154965971,15.231546211727817,13.0,12.083045973594572,11.40175425099138,11.40175425099138,10.198039027185569,10.198039027185569,11.045361017187261,11.045361017187261,10.0,10.04987562112089,9.055385138137417,8.06225774829855,8.06225774829855,9.055385138137417,9.055385138137417,8.06225774829855,8.06225774829855,8.246211251235321,8.54400374531753,6.708203932499369,0.0,0.0,0.0,0.0,0.0,0.0,0.0,0.0,0.0,0.0,0.0,6.324555320336759,7.615773105863909,8.54400374531753,9.848857801796104,11.180339887498949,12.083045973594572,11.661903789690601,12.529964086141668,13.416407864998739,12.529964086141668,12.529964086141668,12.083045973594572,12.529964086141668,13.892443989449804,13.892443989449804,14.7648230602334,15.652475842498529,16.1245154965971,17.88854381999832,18.384776310850235,18.384776310850235,18.788294228055936,18.788294228055936,18.788294228055936,17.4928556845359,16.64331697709324,0.0,-1.3397056595989996,-1.2315037123408519,-1.1583858851975093,-1.1071487177940904,-1.0516502125483738,-1.1659045405098132,-1.176005207095135,-1.1441688336680205,-1.3045442776439713,-1.3045442776439713,-1.373400766945016,-1.373400766945016,-1.4801364395941514,-1.4801364395941514,-1.5707963267948966,-1.6704649792860586,-1.6814535479687922,-1.695151321341658,-1.695151321341658,-1.6814535479687922,-1.6814535479687922,-1.695151321341658,-1.695151321341658,-1.8157749899217608,-1.9295669970654687,-2.0344439357957027,0.0,0.0,0.0,0.0,0.0,0.0,0.0,0.0,0.0,0.0,0.0,-1.2490457723982544,-1.1659045405098132,-1.2120256565243244,-1.1525719972156676,-1.1071487177940904,-1.1441688336680205,-1.0303768265243125,-1.0714496051147666,-1.1071487177940904,-1.0714496051147666,-1.0714496051147666,-1.1441688336680205,-1.0714496051147666,-1.042721878368537,-1.042721878368537,-1.0768549578753155,-1.1071487177940904,-1.0516502125483738,-1.1071487177940904,-1.1801892830972098,-1.1801892830972098,-1.1309537439791604,-1.1309537439791604,-1.1309537439791604,-1.0303768265243125,-0.9994588469612699
32.7125572310033,router,ba:bd:de:13:68:55,-83,98.95878574380241,64,0.9827616605228155,7.923793358246122,0,0,-8,-16,-7,-16,-7,-17,-6,-16,-6,-14,-6,-12,-6,-10,-6,-11,-6,-11,-6,-11,-5,-10,-6,-10,-5,-9,-4,-9,-3,-9,-4,-9,-5,-8,-7,-9,-7,-8,-6,-7,-6,-6,-6,-6,-6,-7,-5,-7,-5,-7,-6,-7,0,0,0,0,0,0,0,0,0,0,0,0,0,0,0,0,0,0,0,0,0,0,-5,-7,-6,-7,-6,-7,-7,-8,-8,-8,-7,-9,-7,-10,-6,-11,-6,-11,-6,-13,-7,-13,-6,-13,-6,-13,-7,-13,-7,-13,-8,-13,-7,-13,-8,-13,-9,-14,-9,-15,-9,-16,-8,-18,-8,-18,-8,-16,-8,-15,-8,-15,0.0,17.88854381999832,17.46424919657298,18.384776310850235,17.08800749063506,15.231546211727817,13.416407864998739,11.661903789690601,12.529964086141668,12.529964086141668,12.529964086141668,11.180339887498949,11.661903789690601,10.295630140987,9.848857801796104,9.486832980505138,9.848857801796104,9.433981132056603,11.40175425099138,10.63014581273465,9.219544457292887,8.48528137423857,8.48528137423857,9.219544457292887,8.602325267042627,8.602325267042627,9.219544457292887,0.0,0.0,0.0,0.0,0.0,0.0,0.0,0.0,0.0,0.0,0.0,8.602325267042627,9.219544457292887,9.219544457292887,10.63014581273465,11.313708498984761,11.40175425099138,12.206555615733702,12.529964086141668,12.529964086141668,14.317821063276353,14.7648230602334,14.317821063276353,14.317821063276353,14.7648230602334,14.7648230602334,15.264337522473747,14.7648230602334,15.264337522473747,16.64331697709324,17.4928556845359,18.35755975068582,19.697715603592208,19.697715603592208,17.88854381999832,17.0,17.0,0.0,-2.0344439357957027,-1.9832067683922838,-1.9614033704925835,-1.9295669970654687,-1.97568811307998,-2.0344439357957027,-2.1112158270654806,-2.0701430484750265,-2.0701430484750265,-2.0701430484750265,-2.0344439357957027,-2.1112158270654806,-2.0778948311872334,-1.9890206563741257,-1.892546881191539,-1.9890206563741257,-2.129395642138459,-2.2318394956455836,-2.289626326416521,-2.279422598922567,-2.356194490192345,-2.356194490192345,-2.279422598922567,-2.191045812777718,-2.191045812777718,-2.279422598922567,0.0,0.0,0.0,0.0,0.0,0.0,0.0,0.0,0.0,0.0,0.0,-2.191045812777718,-2.279422598922567,-2.279422598922567,-2.289626326416521,-2.356194490192345,-2.2318394956455836,-2.1815222911841055,-2.0701430484750265,-2.0701430484750265,-2.0032041023654346,-2.0647376957144776,-2.0032041023654346,-2.0032041023654346,-2.0647376957144776,-2.0647376957144776,-2.1224513093234436,-2.0647376957144776,-2.1224513093234436,-2.1421338066285234,-2.1112158270654806,-2.0831857871056343,-1.9890206563741257,-1.9890206563741257,-2.0344439357957027,-2.060753653048625,-2.060753653048625
32.81365235300473,router,ba:bd:de:13:68:55,-84,98.90280785452529,64,0.9821694170580484,7.9031057083209895,0,0,-17,-9,-16,-9,-15,-9,-14,-8,-13,-8,-12,-7,-12,-6,-11,-6,-11,-5,-11,-3,-11,-4,-10,-4,-10,-3,-10,-4,-9,-4,-9,-2,-8,-2,-8,-3,-8,-4,-8,-4,-9,-3,-8,-2,-8,-2,-8,-2,-7,-1,-5,0,0,0,0,0,0,0,0,0,0,0,0,0,0,0,0,0,0,0,0,0,0,0,-8,-2,-8,-4,-8,-4,-9,-3,-9,-3,-10,-5,-11,-5,-10,-5,-11,-6,-13,-6,-13,-7,-13,-7,-13,-7,-13,-7,-13,-7,-13,-7,-14,-7,-14,-8,-15,-9,-16,-9,-16,-9,-15,-8,-16,-8,-16,-8,-17,-9,-16,-11,0.0,19.235384061671343,18.35755975068582,17.4928556845359,16.1245154965971,15.264337522473747,13.892443989449804,13.416407864998739,12.529964086141668,12.083045973594572,11.40175425099138,11.704699910719626,10.770329614269007,10.44030650891055,10.770329614269007,9.848857801796104,9.219544457292887,8.246211251235321,8.54400374531753,8.94427190999916,8.94427190999916,9.486832980505138,8.246211251235321,8.246211251235321,8.246211251235321,7.0710678118654755,5.0,0.0,0.0,0.0,0.0,0.0,0.0,0.0,0.0,0.0,0.0,0.0,8.246211251235321,8.94427190999916,8.94427190999916,9.486832980505138,9.486832980505138,11.180339887498949,12.083045973594572,11.180339887498949,12.529964086141668,14.317821063276353,14.7648230602334,14.7648230602334,14.7648230602334,14.7648230602334,14.7648230602334,14.7648230602334,15.652475842498529,16.1245154965971,17.4928556845359,18.35755975068582,18.35755975068582,17.0,17.88854381999832,17.88854381999832,19.235384061671343,19.4164878389476,0.0,-2.654693421778524,-2.6292031932790554,-2.601173153319209,-2.62244653934327,-2.5899376710612465,-2.6135182051634334,-2.677945044588987,-2.642245931909663,-2.714965160462917,-2.875340604438868,-2.7928216500058864,-2.761086276477428,-2.8501358591119264,-2.761086276477428,-2.723368324010564,-2.922923707715851,-2.896613990462929,-2.782821983319221,-2.677945044588987,-2.677945044588987,-2.819842099193151,-2.896613990462929,-2.896613990462929,-2.896613990462929,-2.999695598985629,3.141592653589793,0.0,0.0,0.0,0.0,0.0,0.0,0.0,0.0,0.0,0.0,0.0,-2.896613990462929,-2.677945044588987,-2.677945044588987,-2.819842099193151,-2.819842099193151,-2.677945044588987,-2.714965160462917,-2.677945044588987,-2.642245931909663,-2.7091848780192556,-2.647651284670212,-2.647651284670212,-2.647651284670212,-2.647651284670212,-2.647651284670212,-2.647651284670212,-2.677945044588987,-2.62244653934327,-2.601173153319209,-2.6292031932790554,-2.6292031932790554,-2.651635327336065,-2.677945044588987,-2.677945044588987,-2.654693421778524,-2.539305307454829
32.96376182200038,router,ba:bd:de:13:68:55,-84,98.90280785452529,64,0.980880965054266,7.876844549069853,0,0,11,-13,11,-13,10,-12,10,-12,9,-11,7,-10,6,-9,7,-8,7,-8,5,-10,5,-10,5,-8,4,-8,3,-8,3,-8,3,-8,4,-8,4,-8,3,-7,2,-7,3,-7,3,-7,3,-6,3,-5,3,-6,4,-8,0,0,0,0,0,0,0,0,0,0,0,0,0,0,0,0,0,0,0,0,0,0,4,-8,4,-9,2,-9,1,-7,3,-8,4,-9,5,-10,5,-10,5,-9,6,-10,6,-11,5,-10,6,-9,7,-10,7,-11,7,-12,7,-12,8,-13,9,-13,9,-13,9,-13,10,-14,12,-14,11,-13,10,-13,10,-13,0.0,17.029386365926403,17.029386365926403,15.620499351813308,15.620499351813308,14.212670403551895,12.206555615733702,10.816653826391969,10.63014581273465,10.63014581273465,11.180339887498949,11.180339887498949,9.433981132056603,8.94427190999916,8.54400374531753,8.54400374531753,8.54400374531753,8.94427190999916,8.94427190999916,7.615773105863909,7.280109889280518,7.615773105863909,7.615773105863909,6.708203932499369,5.830951894845301,6.708203932499369,8.94427190999916,0.0,0.0,0.0,0.0,0.0,0.0,0.0,0.0,0.0,0.0,0.0,8.94427190999916,9.848857801796104,9.219544457292887,7.0710678118654755,8.54400374531753,9.848857801796104,11.180339887498949,11.180339887498949,10.295630140987,11.661903789690601,12.529964086141668,11.180339887498949,10.816653826391969,12.206555615733702,13.038404810405298,13.892443989449804,13.892443989449804,15.264337522473747,15.811388300841896,15.811388300841896,15.811388300841896,17.204650534085253,18.439088914585774,17.029386365926403,16.401219466856727,16.401219466856727,0.0,-0.8685393952858895,-0.8685393952858895,-0.8760580505981934,-0.8760580505981934,-0.8850668158886104,-0.960070362405688,-0.982793723247329,-0.8519663271732721,-0.8519663271732721,-1.1071487177940904,-1.1071487177940904,-1.0121970114513341,-1.1071487177940904,-1.2120256565243244,-1.2120256565243244,-1.2120256565243244,-1.1071487177940904,-1.1071487177940904,-1.1659045405098132,-1.2924966677897853,-1.1659045405098132,-1.1659045405098132,-1.1071487177940904,-1.0303768265243125,-1.1071487177940904,-1.1071487177940904,0.0,0.0,0.0,0.0,0.0,0.0,0.0,0.0,0.0,0.0,0.0,-1.1071487177940904,-1.1525719972156676,-1.3521273809209546,-1.4288992721907328,-1.2120256565243244,-1.1525719972156676,-1.1071487177940904,-1.1071487177940904,-1.0636978224025597,-1.0303768265243125,-1.0714496051147666,-1.1071487177940904,-0.982793723247329,-0.960070362405688,-1.0040671092713902,-1.042721878368537,-1.042721878368537,-1.0191413442663497,-0.9652516631899266,-0.9652516631899266,-0.9652516631899266,-0.9505468408120752,-0.8621700546672264,-0.8685393952858895,-0.9151007005533605,-0.9151007005533605
